idCsfd;sTitle;iYear;iRating;iRuntime;urlPoster;urlCsfd;sCountry;sGenre;sTitle_EN;sStory;sCopyright;sTags;sSeries;sEpisodes;sDirector;sActor;sAuthor;sPlatforms;sNominated;sWinner
287677;Millennium;2010;87.3882945248584;;https://image.pmgstatic.com/cache/resized/w420/files/images/film/posters/000/313/313441_fb7a14.jpg;https://www.csfd.cz/film/287677-millennium/;Švédsko / Německo / Norsko / Dánsko;Akční / Krimi / Mysteriózní;Stieg Larsson: Millennium;Seriál dle knižního bestselleru předčasně zesnulého švédského novináře, aktivisty a autora Stiega Larssona - Millenium (vydány 3 díly, plánováno bylo 10). Sledujeme Lisbeth Salander (Noomi Rapace), mladou inteligentní dívku s fotografickou pamětí, umnou hackerku, asociálního člověka, který si prošel mnohým, a Mikaela Blomkvista (Michael Nyqvist), investigativního novináře magazínu Millennium, jak pronikají do problémů moderní švédské společnosti - násilí na ženách, propojenosti prostituce, politiky, tajné policie, podzemních organizací a současně rozplétáme jejich příběh. Hlas jedince ve společnosti nabývá na síle skrze jednoduché nástroje - pero, mobilní telefon, počítač.Tento seriál se od tří filmových zpracování Muži, kteří nenávidí ženy, Dívka, která si hrála s ohněm a Dívka, která kopla do vosího hnízda liší komplexností postav a dějových linií. Vysíláno ve švédské TV, vydáno na DVD, blu-ray a nakonec jako kolekce s bonusovým diskem. (Misabarry);V TV od 20.03.2010 SVT;podle knihy, rodina, násilí, vyšetřování, vrah, ostrov, novináři, sníh, automobilová honička, hacker, počítač;0.0;6.0;Daniel Alfredson, Niels Arden Oplev;Noomi Rapace, Michael Nyqvist, Lena Endre, Sofia Ledarp, Jacob Ericksson, Peter Andersson, Per Oscarsson, Micke Spreitz, Johan Kylén, Michalis Koutsogiannakis;Stieg Larsson;https://apps.apple.com/cz/app/id6755365206<br>https://play.google.com/store/apps/details?id=cz.csfd.csfdroid<br>;;
1133235;Legenda jménem Vox Machina;2022;87.49654218533887;;https://image.pmgstatic.com/cache/resized/w420/files/images/film/posters/169/365/169365491_mif3o8.png;https://www.csfd.cz/film/1133235-legenda-jmenem-vox-machina/;USA;Animovaný / Akční / Dobrodružný / Fantasy / Komedie;The Legend of Vox Machina;Je to drsná parta ztracených existencí, z nichž se stali nájemní žoldnéři. Vox Machina se zajímá spíš o snadný výdělek a levné pivo než o ochranu země. Když však království ohrožuje zlo, naše divoká parta si uvědomí, že jedině oni jsou schopni znovu nastolit spravedlnost. Co začalo jako jednoduchá fuška, je nyní příběhem o původu nejnovějších hrdinů Exandrie. (Prime Video);Na VOD od 28.01.2022 Prime Video (Série 1);láska, přátelství, zrada, gore, monstra, magie, draci;4.0;48.0;Sung Jin Ahn, Alicia Chan, Young Heller;Matthew Mercer, Ashley Johnson, Laura Bailey, Marisha Ray, Travis Willingham, Liam O'Brien, Taliesin Jaffe, Grey Griffin, Esme Creed-Miles, Khary Payton;;https://www.amazon.com/amazonprime/<br>https://www.amazon.com/amazonprime/<br>https://youtube.com/playlist?list=PL1tiwbzkOjQz7D0l_eLJGAISVtcL7oRu_<br>https://apps.apple.com/cz/app/id6755365206<br>https://play.google.com/store/apps/details?id=cz.csfd.csfdroid<br>;;
1644096;Země gangů;2025;86.91895113230035;;https://image.pmgstatic.com/cache/resized/w420/files/images/film/posters/170/410/170410515_x8vh6i.png;https://www.csfd.cz/film/1644096-zeme-gangu/;USA;Krimi / Drama;MobLand;Harriganovi a Stevensonovi, dva znepřátelené londýnské zločinecké klany, se střetávají v mocenském boji na život a na smrt. Budou padat hlavy i impéria. Harry Da Souza, mazaný „muž na špinavou práci“, se ocitá přímo uprostřed konfliktu. Je stejně nebezpečný jako pohledný, a když se ostatní přetahují o moc, ví, komu zůstat věrný. Když spolu soupeří impéria, někdo občas překročí hranice. V boji na život a na smrt je jedinou jistotou rodina. (SkyShowtime);Na VOD od 30.03.2025 Paramount+ (Série 1);muž, láska, žena, rodina, smrt, přátelství, přátelé, vražda, násilí, dívka, otec, děti, matka, rodiče, policie, mládež, manželé, město, dcera, touha, syn, útěk, chlapec, vyšetřování, vrah, ženy, zvířata, pátrání, cestování, pomsta, sourozenci, peníze, manipulace, venkov, lež, intriky, sex, pronásledování, putování, sny, rivalita, drogy, kolegové, únos, zrada, vězení, souboje, vášeň, podvod, kamarádi, krev, mrtvola, vztahy, bratři, dům, bolest, detektiv, mezilidské vztahy, smutek, gangsteři, trauma, mafie, nenávist, gang, dilema, tragédie, naděje, žárlivost, milostný trojúhelník, zranění, stáří, rvačka, střelné zbraně, psychopat, šílenství, zoufalství, manželství, pocit viny, přepadení, chamtivost, právníci, znásilnění, koně, vydírání, výslech, přestřelka, střelba, hotel, romance, posedlost, hádka, konspirace, milenka, rozvod, Londýn, babička, rukojmí, bar, letadla, nájemný vrah, sledování, mučení, děda, závist, pochyby, dluhy, zakázaná láska, iluze, pohřeb, bohatství, hospoda, sexuální obtěžování, vnoučata, výbuch, podezření, spiknutí, milenec, sociopat, zajatci, motorky, pokus o vraždu, sečné zbraně, odpuštění, sexuální zneužívání, noční klub, vyhrožování, loajalita, domácí násilí, bomba, lítost, atentát, moc, Velká Británie, past, nůž, chata, auta, technologie, řidič, obchod (transakční), samopal, revolver, strýc, vyjednávání, puška, podezření z vraždy, Anglie, trest, sexuální násilí, stalking, inspektor, pohřešování, posttraumatická stresová porucha, brokovnice, slib, šperky, diamanty, macecha (nevlastní matka), večeře, teta, pokoj, bydlení, otčím (nevlastní otec), nevlastní sourozenci, sekera, odposlech, podezření z nevěry, válka gangů, drahokam, pokus o únos, podsvětí (mýtické sídlo mrtvých), motorová pila, videohovor;2.0;20.0;Guy Ritchie, Anthony Byrne, Lawrence Gough;Tom Hardy, Helen Mirren, Pierce Brosnan, Paddy Considine, Joanne Froggatt, Lara Pulver, Mandeep Dhillon, Daniel Betts, Anson Boon, Jasmine Jobson;;https://www.skyshowtime.com/cz/stream/tv/mobland/12e9e904-d7dc-3f84-b362-7287cf837b90<br>https://www.skyshowtime.com<br>https://www.skyshowtime.com<br>https://www.skyshowtime.com/cz/stream/tv/mobland/12e9e904-d7dc-3f84-b362-7287cf837b90<br>https://apps.apple.com/cz/app/id6755365206<br>https://play.google.com/store/apps/details?id=cz.csfd.csfdroid<br>;Golden Globes (1x)<br>The Saturn Awards (1x)<br>;
74232;Taková normální rodinka;1971;86.54679458669547;;https://image.pmgstatic.com/cache/resized/w420/files/images/film/posters/170/193/170193143_1qkic2.jpg;https://www.csfd.cz/film/74232-takova-normalni-rodinka/;Československo;Komedie / Rodinný;Taká normálna rodinka;Čtyři generace pod jednou střechou, to nevěstí nic dobrého. Obzvlášť když Hanákovi nejsou tak docela normální. Babička píše detektivky, které nikdy nikdo nevydá, maminka Cilka miluje operní árie a tatínka Oldřicha zajímají jen želvy Poldinky. Jejich dcera Pavla vášnivě cvičí jógu, její manžel Petr nejraději čte noviny, jí nebo spí. Nejmladší členové rodiny, kterým nikdo neřekne jinak než raubíři, s rozkoší vymýšlejí lumpárny. A Káča, mladší dcera Cilky a Oldřicha, se chystá jim představit svého nastávajícího Zdeňka… V téhle rodině není nouze o překvapení. Jak to dopadne, když se konečně dostaví toužebně očekávaný malíř? Co způsobí větší rozruch – nečekaná návštěva tetičky, nebo zpráva o miminku? (Česká televize);V TV od 13.03.1971 Československá televize;černobílý film, rodina, sitcom;0.0;8.0;Jaroslav Dudek;Marie Rosůlková, Dana Medřická, Zdeněk Řehoř, Jana Štěpánková, Eduard Cupák, Daniela Kolářová, Jaromír Hanzlík, Jiřina Šejbalová, Jiřina Bohdalová, Oldřich Nový;;https://www.ceskatelevize.cz/porady/899654-takova-normalni-rodinka?utm_source=csfd&utm_medium=section_vod&utm_campaign=link<br>http://www.ceskatelevize.cz<br>http://www.ceskatelevize.cz<br>https://www.ceskatelevize.cz/porady/899654-takova-normalni-rodinka?utm_source=csfd&utm_medium=section_vod&utm_campaign=link<br>https://apps.apple.com/cz/app/id6755365206<br>https://play.google.com/store/apps/details?id=cz.csfd.csfdroid<br>;;
343181;Jedna noc;2016;86.68021129622105;;https://image.pmgstatic.com/cache/resized/w420/files/images/film/posters/161/158/161158372_fe51e4.jpg;https://www.csfd.cz/film/343181-jedna-noc/;USA;Krimi / Drama;The Night Of;Osmidílná minisérie Jedna noc od tvůrců Stevena Zailliana a Richarda Price podrobně zkoumá složité okolnosti fiktivního případu jedné newyorské vraždy. Příběh sleduje studenta Naze Khana, roztomilého podivína, který dostane od basketbalového hráče, jemuž pomáhá s učením, pozvánku na večírek v newyorském Lower East Side. Když jeho odvoz na poslední chvíli krachne, Naz si bez dovolení vezme otcův taxík a vyrazí ze svého domova v queenském Jackson Heights na Manhattan. Když cestou do taxíku nastoupí nádherná mladá žena a požádá ho o svezení, Nazovy plány rázem vezmou za své a rozjíždí se osudová noc. Naz je později obviněn ze zločinu, který podle svých slov nespáchal, a na vlastní kůži zakouší dezorganizaci a manipulaci v právním systému. Tíživá situace, do které se dostal, je ještě umocněná jeho vzhledem a statusem potomka pákistánských přistěhovalců. (HBO Europe);V TV od 10.07.2016 Home Box Office;muž, láska, žena, rodina, smrt, přátelství, přátelé, vražda, násilí, dívka, tajemství, otec, matka, rodiče, policie, strach, město, záhady, touha, syn, vyšetřování, vrah, ženy, zvířata, oběť (autonehody/zločinu), pátrání, peníze, politika, manipulace, intriky, drogy, zločin, kolegové, vězení, vášeň, kamarádi, vztahy, bolest, detektiv, mezilidské vztahy, smutek, trauma, nenávist, tragédie, naděje, soud, New York, zranění, nespravedlnost, párty, rvačka, krutost, diskriminace, paranoia, panika, pocit viny, právníci, výslech, rasismus, hádka, křivé obvinění, předsudky, přistěhovalci, cizinec (někdo ze zahraničí), deprese, imigrace, závislost, oslava, dluhy, iluze, spravedlnost, cizinec (neznámý člověk), oběť (někomu/něčemu), podezření, pašování, kočky, soudce, emigrace, lítost, noc, zatčení, řidič, taxi, kouření, závislost na drogách, Manhattan;0.0;8.0;Steven Zaillian, James Marsh;Riz Ahmed, John Turturro, Bill Camp, Michael Kenneth Williams, Jeannie Berlin, Payman Maadi, Amara Karan, Poorna Jagannathan, Paul Sparks, Afton Williamson;;https://www.hbomax.com/cz/en/shows/night-of/64c9bde2-1bef-4c8b-91fa-3f3c4e2ec9c3<br>http://www.hbo.eu<br>http://www.hbo.eu<br>https://www.hbomax.com/cz/en/shows/night-of/64c9bde2-1bef-4c8b-91fa-3f3c4e2ec9c3<br>https://apps.apple.com/cz/app/id6755365206<br>https://play.google.com/store/apps/details?id=cz.csfd.csfdroid<br>;Golden Globes (3x)<br>;
774962;Lakers: Vzestup dynastie;2022;87.92698826597132;;https://image.pmgstatic.com/cache/resized/w420/files/images/film/posters/166/112/166112742_6c7beb.jpg;https://www.csfd.cz/film/774962-lakers-vzestup-dynastie/;USA;Komedie / Drama / Sportovní;Winning Time: The Rise of the Lakers Dynasty;"Drama ze sportovního prostředí se vrací do osmdesátých let minulého století a zachycuje profesní i osobní život legendárního basketbalového týmu Los Angeles Lakers, který se stal symbolem své doby na hřišti i mimo něj. Producentem seriálu, natočeného podle knižní předlohy Jeffa Pearlmana s názvem ""Showtime: Magic, Kareem, Riley and the Los Angeles Lakers"", je Adam McKay (Boj o moc, Q: V oku bouře). (HBO Europe)";Na VOD od 06.03.2022 HBO Max (Série 1);podle knihy, basketbal;2.0;17.0;Adam McKay, Tanya Hamilton, Payman Benz;John C. Reilly, Quincy Isaiah, Jason Clarke, DeVaughn Nixon, Solomon Hughes, Gaby Hoffmann, Brett Cullen, Adrien Brody, Sally Field, Hadley Robinson;Jeff Pearlman;https://www.hbomax.com/cz/en/shows/winning-time-the-rise-of-the-lakers-dynasty/0b56e11a-a2ce-4225-9f05-2579b252dddb<br>http://www.hbo.eu<br>http://www.hbo.eu<br>/novinky/8654-hbo-zrusilo-serial-o-lakers/<br>/novinky/8654-hbo-zrusilo-serial-o-lakers/<br>/novinky/8654-hbo-zrusilo-serial-o-lakers/<br>https://www.hbomax.com/cz/en/shows/winning-time-the-rise-of-the-lakers-dynasty/0b56e11a-a2ce-4225-9f05-2579b252dddb<br>https://www.csfd.cz/vod/hbo-max/<br>https://www.csfd.cz/vod/hbo-max/<br>https://www.csfd.cz/vod/hbo-max/<br>https://apps.apple.com/cz/app/id6755365206<br>https://play.google.com/store/apps/details?id=cz.csfd.csfdroid<br>;Critics Choice Awards (1x)<br>;
71596;Bylo nás pět;1994;86.39475759306089;;https://image.pmgstatic.com/cache/resized/w420/files/images/film/posters/170/229/170229986_infh2m.jpg;https://www.csfd.cz/film/71596-bylo-nas-pet/;Česko;Komedie;There Were Five of Us;Ihned od své premiéry v roce 1994 uchvátil malé i starší diváky seriál na motivy Poláčkovy prózy, v němž režisér K. Smyczek spolu se scenáristou O. Vogeltanzem vytvořili prvorepublikovou atmosféru jednoho malého městečka s jejími dobrosrdečnými, zábavnými, ale i závistivými, pomlouvačnými a mnohdy komickými obyvateli. Svět viděný očima Péti, žáka čtvrté třídy (A. Novák) líčí rodinu – maminku s její vždy láskyplně otevřenou náručí (D. Veškrnová), přísného, leč spravedlivě trestajícího tatínka (O. Navrátil), i chytrého bratra Láďu (J. Strach). Především je to ale svět plný dobrodružství a rošťáren Péti a jeho čtyř kamarádů... (Česká televize);Na DVD od 15.07.2010 dvdcom;podle knihy, 20. století, děti, škola, Vánoce, sny, nemoc, psi, sníh, chudoba, koně, období 1930-1940, vlak, obchod (prodejní místo), prázdniny, kostel, naschvály, cirkus, kino, žhářství;0.0;6.0;Karel Smyczek;Adam Novák, Jaroslav Pauer, Jan Müller, Štěpán Benyovszký, Jan Brynych, Sandra Nováková, Dagmar Havlová, Oldřich Navrátil, Jakub Hladík, Jiří Strach;Karel Poláček;http://www.ceskatelevize.cz<br>http://www.ceskatelevize.cz<br>https://apps.apple.com/cz/app/id6755365206<br>https://play.google.com/store/apps/details?id=cz.csfd.csfdroid<br>;;
147506;Mach a Šebestová;1976;86.45622895622895;;https://image.pmgstatic.com/cache/resized/w420/files/images/film/posters/000/421/421810_66af8b.jpg;https://www.csfd.cz/film/147506-mach-a-sebestova/;Československo;Animovaný / Komedie / Rodinný;Mach a Šebestová;Kdo by neznal těchto původních 13. úsměvných kreslených příběhů (Večerníčků), jedné povedené dvojice školáků, a všech jejich přátel. (Karlos80);V TV od 06.10.1982 Československá televize;podle knihy, přátelství, zvířata, škola, psi, večerníček;0.0;13.0;Adolf Born, Jaroslav Doubrava, Miloš Macourek;Petr Nárožný;Miloš Macourek;https://www.ceskatelevize.cz/porady/871835-mach-a-sebestova?utm_source=csfd&utm_medium=section_vod&utm_campaign=link<br>https://www.youtube.com/watch?v=aFXTuDuFOP0<br>https://www.ceskatelevize.cz/porady/871835-mach-a-sebestova?utm_source=csfd&utm_medium=section_vod&utm_campaign=link<br>https://www.youtube.com/watch?v=aFXTuDuFOP0<br>https://apps.apple.com/cz/app/id6755365206<br>https://play.google.com/store/apps/details?id=cz.csfd.csfdroid<br>;;Zlín Film Festival (5x)<br>
960128;Šógun;2024;86.53717930134802;;https://image.pmgstatic.com/cache/resized/w420/files/images/film/posters/167/846/167846646_oripf5.jpg;https://www.csfd.cz/film/960128-sogun/;USA;Drama / Dobrodružný / Historický / Válečný;Shōgun;Seriál Šógun produkční společnosti FX je originální adaptací románu Jamese Clavella a odehrává se v Japonsku v roce 1600 na prahu občanské války, která rozhoduje o osudu celého století. Lord Joši Toranaga bojuje o život, protože se proti němu spojili jeho nepřátelé v Radě regentů. Když je v nedaleké rybářské vesnici nalezena záhadná opuštěná evropská loď, připlouvá její anglický lodivod John Blackthorne s tajemstvím, které by mohlo Toranagovi pomoct vychýlit misky mocenských vah a zničit obrovský vliv Blackthornových vlastních nepřátel – jezuitských kněží a portugalských obchodníků. Toranagovy a Blackthornovy osudy jsou neoddělitelně spjaty s jejich překladatelkou Todou Mariko, tajemnou křesťankou a poslední šlechtičnou ze zneuctěného rodu. Zatímco Mariko slouží svému pánovi v této napjaté politické situaci, musí skloubit své nové přátelství s Blackthornem, oddanost víře, která ji zachránila, a povinnost vůči zesnulému otci. (Disney+);Na VOD od 27.02.2024 Hulu (Série 1);podle knihy, láska, přátelství, nenávist, Japonsko, dobrodruh, výcvik, vyjednávání, samurajové, trosečníci, panství;2.0;20.0;Frederick E.O. Toye, Jonathan van Tulleken, Charlotte Brändström;Cosmo Jarvis, Hirojuki Sanada, Júka Kóri, Tadanobu Asano, Anna Sawai, Júki Kedóin, Tommy Bastow, Hiroto Kanai, Emi Kamito, Toši Toda;James Clavell;https://srv.tunefindforfans.com/showads/track/srvclk.php?aid=100006796&lp=https://www.disneyplus.com/en-cz/play/c4e20a99-66d8-4e47-ba33-e105cbe0fbf6<br>http://disneyplus.com<br>http://disneyplus.com<br>https://srv.tunefindforfans.com/showads/track/srvclk.php?aid=100006796&lp=https://www.disneyplus.com/en-cz/play/c4e20a99-66d8-4e47-ba33-e105cbe0fbf6<br>https://www.csfd.cz/vod/disney-plus/<br>https://apps.apple.com/cz/app/id6755365206<br>https://play.google.com/store/apps/details?id=cz.csfd.csfdroid<br>;Independent Spirit Awards (4x)<br>Critics Choice Awards (2x)<br>The Saturn Awards (1x)<br>;Independent Spirit Awards (1x)<br>Golden Globes (4x)<br>Critics Choice Awards (4x)<br>
82781;Pýcha a předsudek;1995;86.64137308039747;;https://image.pmgstatic.com/cache/resized/w420/files/images/film/posters/158/584/158584268_999b94.jpg;https://www.csfd.cz/film/82781-pycha-a-predsudek/;Velká Británie;Romantický / Drama;Pride and Prejudice;"Láska a nenávist k sobě mohou mít nečekaně blízko... Anglie, počátek 19. století. Ctihodný venkovský gentleman pan Bennet žije s rodinou v malebném Hertfordshiru a společně s prostomyslnou a přímočarou paní Bennetovou vychovává pět dcer. V rodině chybí mužský dědic, a proto by paní Bennetová ráda viděla své dcery co nejdříve pod čepcem. Když se na nedaleké panské sídlo Netherfield přistěhuje bohatý, mladý a svobodný pan Bingley, činorodá paní Bennetová neváhá a kuje železo, dokud je žhavé. A skutečně, zdá se, že nejstarší z dcer, půvabná Jane, mladíka zaujala a že zásnuby na sebe nedají dlouho čekat. Pana Bingleyho doprovází jeho přítel, bohatý a rovněž svobodný pan Darcy, který je ovšem považován za pyšného a nepříjemného člověka. Mezi druhorozenou dcerou Bennetových – bystrou a temperamentní Elizabeth – a panem Darcym vzniká zvláštní a rozporuplný vztah... Patrně nejznámější román anglické spisovatelky Jane Austenové (1775–1817) ""Pýcha a předsudek"" (1813) byl na filmové plátno poprvé převeden Robertem Z. Leonardem v roce 1940 s Laurencem Olivierem a Greer Garsonovou v hlavních rolích. Dočkal se i několika televizních zpracování a inspiroval nejen proslavený Deník Bridget Jonesové (2001), ale zejména romantický muzikál Moje velká indická svatba (2004). V roce 1995 se látky chopila britská veřejnoprávní BBC, v jejíž produkci podle scénáře Andrewa Daviese natočil režisér Simon Langton šestidílnou adaptaci v hlavních rolích s Colinem Firthem a Jennifer Ehleovou, která za své ztvárnění Elizabeth Bennetové získala prestižní cenu BAFTA. Tvůrci k románové předloze přistupovali s pokorou a úctou a vznikla tak velmi pietní adaptace, kterou lze již dnes směle označit slovem klasická. (Česká televize)";16.09.2005 United International Pictures UK;podle knihy, 18. století;0.0;6.0;Simon Langton;Jennifer Ehle, Colin Firth, Susannah Harker, Julia Sawalha, Alison Steadman, Benjamin Whitrow, Crispin Bonham-Carter, Polly Maberly, Lucy Briers, Anna Chancellor;Jane Austen;http://www.ceskatelevize.cz<br>http://www.ceskatelevize.cz<br>https://apps.apple.com/cz/app/id6755365206<br>https://play.google.com/store/apps/details?id=cz.csfd.csfdroid<br>;;
72708;Já, Claudius;1976;86.6916588566073;;https://image.pmgstatic.com/cache/resized/w420/files/images/film/posters/169/439/169439936_swn08x.jpg;https://www.csfd.cz/film/72708-ja-claudius/;Velká Británie;Drama / Historický;I, Claudius;VÁLKA, INTRIKY, LÁSKA, NENÁVIST. NEJSLAVNĚJŠÍ SERIÁL O STAROVĚKÉM ŘÍMU. Dvanáctidílný seriál britské stanice BBC je dodnes vysoce ceněn pro svou věrnost slavné předloze Roberta Gravese i pro strhující ztvárnění osudů tehdejších vládců Středomoří. Na začátku bylo Sibylino proroctví, které vnuklo římskému vládci Claudiovi myšlenku vyprávět svůj příběh. Kulhavý, koktající a nahluchlý mladík po léta záměrně zveličoval své tělesné nedostatky, předstíral hlupáka a díky tomu - všemi odstrkovaný a opovrhovaný - neuvázl v záludné síti vzájemných vztahů římské nobility, nestal se obětí intrik své kruté babičky Livie a přežil krutou vládu strýce Tiberia i šíleného synovce Caliguly. Až ho nakonec osud vyvedl z ústraní a v roce 41 n. l. byl prohlášen císařem. Vládcem se ovšem stal z donucení a proti svému republikánskému přesvědčení. V rámci dobového pojetí spravedlnosti se snažil panovat moudře a spravedlivě a leccos se mu i podařilo. Jeho bystrost a důvtip se osvědčily ve vojenské strategii, například při tažení proti Británii. Daleko méně se však Claudiovi dařilo v osobním životě. Nakonec ho totiž zradili i ti, kterým věřil nejvíce...;Na DVD od 01.06.2008 Řitka video;podle knihy, muž, rodina, tajemství, záhady, vzpomínky, politika, manipulace, intriky, podle skutečného příběhu, vztahy, mezilidské vztahy, politik, šlechta, starověký Řím, císař;0.0;12.0;Herbert Wise;Derek Jacobi, Siân Phillips, Brian Blessed, George Baker, John Hurt, Ian Ogilvy, Patrick Stewart, John Rhys-Davies, Guy Siner, Stuart Wilson;Robert Graves;https://apps.apple.com/cz/app/id6755365206<br>https://play.google.com/store/apps/details?id=cz.csfd.csfdroid<br>;;
151982;The Bugs Bunny/Road Runner Hour;1968;86.88661357603337;;//static.pmgstatic.com/assets/images/050b5bad23b8eb0b4f88f971b8f6a168/empty-image.svg;https://www.csfd.cz/film/151982-the-bugs-bunny-road-runner-hour/;USA;Animovaný / Rodinný / Komedie;;;;;;;Maurice Noble, Friz Freleng, Rudy Larriva;Mel Blanc, Daws Butler, June Foray, Jim Backus, Bea Benaderet, Hal Smith;;https://apps.apple.com/cz/app/id6755365206<br>https://play.google.com/store/apps/details?id=cz.csfd.csfdroid<br>;;
90815;A Bit of Fry and Laurie;1987;87.15135492399207;;https://image.pmgstatic.com/cache/resized/w420/files/images/film/posters/168/898/168898986_pgta7w.jpg;https://www.csfd.cz/film/90815-a-bit-of-fry-and-laurie/;Velká Británie;Komedie;;"Stephen Fry a Hugh Laurie společně napsali a uplatnili svůj břitký intelektuálský humor v komediální britské ""sketch show"" A Bit of Fry & Laurie. (Pawlinkaaa)";;satira;4.0;26.0;Bob Spiers, Peter Orton, Roger Ordish;Stephen Fry, Hugh Laurie, Kevin McNally, Morwenna Banks, Benjamin Whitrow, Camille Coduri, Rowan Atkinson, Maria Aitken, Clive Mantle, Selina Cadell;;http://www.youtube.com/watch?v=hBFbGwqofYA<br>https://apps.apple.com/cz/app/id6755365206<br>https://play.google.com/store/apps/details?id=cz.csfd.csfdroid<br>;;
214772;Černé zrcadlo;2011;86.37547496956506;;https://image.pmgstatic.com/cache/resized/w420/files/images/film/posters/170/033/170033310_c4exg9.jpg;https://www.csfd.cz/film/214772-cerne-zrcadlo/;Velká Británie;Drama / Komedie / Horor / Sci-Fi / Thriller;Black Mirror;Projekt britského Channel 4 Černé zrcadlo je antologií samostatných televizních povídek, zasazených do blízké budoucnosti. Tak blízké, že se v mnoha ohledech prolíná s dobou, kterou právě prožíváme. Mrazivě černohumorná série se prostřednictvím technologicko-paranoidního podobenství zamýšlí nad nečekanými a často nezamýšlenými důsledky prudkého rozvoje technologií a velmi trefně zachycuje těkavý neklid současného moderního světa. Jejím duchovním otcem a autorem je proslulý enfant terrible britské televizní tvorby Charlie Brooker (*1971), pro jehož tvorbu je charakteristický vždy přítomný prvek kontroverze. Brooker však rozhodně není žádný bezduchý prvoplánový provokatér a jeho promyšlené a inteligentní scénáře prozrazují bystrého pozorovatele, který vždy přesně ví, co chce k současnému světu říci. A že to zpravidla nebývá nic lichotivého, již patří k Brookerově naturelu. (Česká televize);V TV od 04.12.2011 Channel 4;rodina, smrt, sex, únos, vydírání, budoucnost, roboti, internet, antologie, antiutopie;8.0;34.0;Otto Bathurst, Euros Lyn, Brian Welsh;Rory Kinnear, Daniel Kaluuya, Julia Davis, Isabella Laughland, Colin Michael Carmichael, Jessica Brown Findlay, Lindsay Duncan, Rupert Everett, Donald Sumpter, Allen Leech;;https://www.netflix.com/title/70264888<br>http://www.ceskatelevize.cz<br>http://www.ceskatelevize.cz<br>/novinky/7433-netflix-chysta-dalsi-interaktivni-serial/<br>/novinky/7433-netflix-chysta-dalsi-interaktivni-serial/<br>/novinky/7433-netflix-chysta-dalsi-interaktivni-serial/<br>/novinky/5508-netflix-nabidne-interaktivni-zazitek/<br>/novinky/5508-netflix-nabidne-interaktivni-zazitek/<br>/novinky/5508-netflix-nabidne-interaktivni-zazitek/<br>https://www.netflix.com/title/70264888<br>https://www.csfd.cz/vod/netflix/<br>https://www.csfd.cz/vod/netflix/<br>https://www.csfd.cz/vod/netflix/<br>https://apps.apple.com/cz/app/id6755365206<br>https://play.google.com/store/apps/details?id=cz.csfd.csfdroid<br>;Golden Globes (3x)<br>The Saturn Awards (5x)<br>;
108849;Dobrodružství kriminalistiky;1989;86.33434778045965;;https://image.pmgstatic.com/cache/resized/w420/files/images/film/posters/166/190/166190281_17d698.png;https://www.csfd.cz/film/108849-dobrodruzstvi-kriminalistiky/;Československo / Západní Německo / Francie;Krimi / Drama / Dobrodružný / Historický;Täter unbekannt - Sternstunden der Kriminalistik;Oblíbený detektivní seriál v režii A. Moskalyka o boji práva se zločinem, ve kterém se rodila vědecká kriminalistika. Každá epizoda je věnována jedné kriminalistické disciplíně, jenž se uplatnila u soudu a později byla uznána jako nezvratný a usvědčující důkaz. (Česká televize);V TV od 11.11.1989 Československá televize;vražda, 20. století, vrah, období 1940-1950, detektiv, 19. století, zloděj, New York, období 1910-1920, Paříž, období 1930-1940, 18. století, Praha, období 1920-1930, 17. století, období 1900-1910, období 1880-1890, období 1870-1880, Scotland Yard, období 1850-1860, Amsterdam, období 1840-1850;4.0;26.0;Antonín Moskalyk;Boris Rösner, Petr Kostka, Ladislav Mrkvička, Ondřej Havelka, Vlasta Fabianová, Nelly Gaierová, Ladislav Frej st., Daniela Kolářová, Luděk Munzar, Ivan Trojan;;https://www.ceskatelevize.cz/porady/898901-dobrodruzstvi-kriminalistiky?utm_source=csfd&utm_medium=section_vod&utm_campaign=link<br>http://www.ceskatelevize.cz<br>https://www.ceskatelevize.cz/porady/898901-dobrodruzstvi-kriminalistiky?utm_source=csfd&utm_medium=section_vod&utm_campaign=link<br>http://www.ceskatelevize.cz/porady/898901-dobrodruzstvi-kriminalistiky/<br>https://apps.apple.com/cz/app/id6755365206<br>https://play.google.com/store/apps/details?id=cz.csfd.csfdroid<br>;;
298847;Kravaťáci;2011;86.39886984828942;;https://image.pmgstatic.com/cache/resized/w420/files/images/film/posters/168/750/168750998_l420ex.jpg;https://www.csfd.cz/film/298847-kravataci/;USA;Drama / Komedie;Suits;Kravaťáci se odehrávají v prostředí špičkové manhattanské advokátní kanceláře, kde zkušený profesionál Harvey Specter (Gabriel Macht) podnikne riskantní krok a vybere si za koncipienta Mikea Rosse (Patrick J. Adams), brilantního, ale lhostejného absolventa právnické fakulty. Mike se ocitá v, pro něj dosud neznámém, světě a při hledání spravedlnosti spoléhá především na špičkovou konzultantku firmy Rachel (Meghan Markle) a Harveyho nekompromisní asistentku Donnu (Sarah Rafferty). Mike má navíc fotografickou paměť a díky své minulosti pouličního podvodníka se dokonale vyzná v lidech i v nečekaných situacích. Nakonec se ukáže jako právní génius, a to i přesto, že práva nikdy nestudoval. (SkyShowtime);V TV od 23.06.2011 USA Network;intriky, drogy, nevěra, zrada, podvod, soud, právníci, marihuana;9.0;134.0;Kevin Bray, Terry McDonough, Nicole Kassell;Gabriel Macht, Patrick J. Adams, Rick Hoffman, Meghan, vévodkyně ze Sussexu, Sarah Rafferty, Gina Torres, Andrea Parker, David Costabile, Susan Saint James, Vanessa Ray;;https://www.netflix.com/title/70195800<br>https://www.skyshowtime.com/cz/stream/tv/kravataci/30fcf558-fc69-3631-ba5e-55bcf3e5a113<br>https://www.skyshowtime.com<br>https://www.skyshowtime.com<br>https://www.netflix.com/title/70195800<br>https://www.skyshowtime.com/cz/stream/tv/kravataci/30fcf558-fc69-3631-ba5e-55bcf3e5a113<br>https://apps.apple.com/cz/app/id6755365206<br>https://play.google.com/store/apps/details?id=cz.csfd.csfdroid<br>;;
90520;Kovboj Bebop: Lovec odměn;1998;86.5338838960408;;https://image.pmgstatic.com/cache/resized/w420/files/images/film/posters/165/639/165639043_0f9167.jpg;https://www.csfd.cz/film/90520-kovboj-bebop-lovec-odmen/;Japonsko;Animovaný / Akční / Dobrodružný / Drama / Komedie / Sci-Fi;Cowboy Bebop;Bývalý nájemný vrah, bývalý polda, podvodnice, hacker a datový pes tvoří nesourodou partu lovců odměn, která pročesává vesmír a má věčně hluboko do kapsy. (Netflix);;anime, gangsteři, vesmír, teroristé, bojová umění, vesmírná loď, tajná organizace, lovci lidí;0.0;26.0;Šin'ičiró Watanabe, Ikuró Sató, Hirokazu Jamada;Kóiči Jamadera, Unšó Išizuka, Megumi Hajašibara, Norio Wakamoto, Akio Ócuka, Acuko Tanaka, Iššin Čiba, Maaja Sakamoto, Mika Doi, Šigeru Čiba;;https://www.netflix.com/title/80001305<br>https://www.netflix.com/<br>/novinky/5617-kovboj-bebop-miri-na-netflix/<br>/novinky/5617-kovboj-bebop-miri-na-netflix/<br>/novinky/5617-kovboj-bebop-miri-na-netflix/<br>https://www.netflix.com/title/80001305<br>https://apps.apple.com/cz/app/id6755365206<br>https://play.google.com/store/apps/details?id=cz.csfd.csfdroid<br>;;
217896;Fullmetal Alchemist;2003;86.61448140900195;;https://image.pmgstatic.com/cache/resized/w420/files/images/film/posters/161/804/161804917_b8df3c.jpg;https://www.csfd.cz/film/217896-fullmetal-alchemist/;Japonsko;Animovaný / Dobrodružný / Drama / Fantasy;Fullmetal Alchemist - hledání kamene mudrců;Bratři Edward a Alphonse použijí alchymii, aby oživili svou matku, ale spustí tím chemickou reakci, která roztrhá jejich těla. (Netflix);V TV od 04.10.2003 MBS;anime, bratři, magie, steampunk, alchymie;0.0;51.0;Seidži Mizušima, Šingo Kaneko, Tomoki Kjóda;Rie Kugimija, Romi Paku, Hóko Kuwašima, Džun'iči Suwabe, Nana Mizuki, Fumiko Orikasa, Hidejuki Tanaka, Kazuko Sugijama, Kotono Micuiši, Takehito Kojasu;Hiromu Arakawa;https://www.netflix.com/<br>https://apps.apple.com/cz/app/id6755365206<br>https://play.google.com/store/apps/details?id=cz.csfd.csfdroid<br>;;
452323;Potvora;2016;86.57652785289346;;https://image.pmgstatic.com/cache/resized/w420/files/images/film/posters/167/395/167395806_0bc477.jpg;https://www.csfd.cz/film/452323-potvora/;Velká Británie;Komedie / Drama;Fleabag;Ta holka je fakt na zabití. Komediální seriál Potvora byl po svém premiérovém uvedení na kanálu BBC Three často srovnáván s Mirandou, která rozčeřila britské televizní vody v roce 2009. A je zcela nepochybné, že v jeho autorce získala britská komedie nový a výrazný ženský hlas. Potvora je autorským projektem herečky, stand-up komičky a scenáristky Phoebe Waller-Bridgeové (1985), jehož televizní podobě předcházela stejnojmenná divadelní hra, uvedená v roce 2013 na proslulém festivalu Fringe ve skotském Edinburghu, kde získala prestižní cenu Fringe First Award. Hrdinkou seriálu, který britský Guardian charakterizoval jako syrovější Mirandu pro dospělé, je bezejmenná, sotva třicetiletá majitelka krachující stylové kavárny v centru Londýna, potýkající se s komplikovanými osobními i rodinnými vztahy, jež neváhá často přímo do kamery břitce komentovat. S postupujícím časem však její cynický nadhled a zdánlivá suverenita získávají první trhliny a komedie se stále častěji láme do překvapivě naléhavého dramatu. Vedle řady dalších cen získala Phoebe Waller-Bridgeová za první sérii cenu BAFTA v kategorii nejlepší ženský herecký výkon v komediálním programu. V roli hrdinčiny pomyslné protihráčky a skutečné potvory v seriálu exceluje ostřílená Olivia Colmanová. (Česká televize);V TV od 03.03.2019 BBC;žena, přátelství, přátelé, otec, nevěra, svatba, sestry, Londýn, kavárna, macecha (nevlastní matka);2.0;12.0;Harry Bradbeer, Tim Kirkby;Phoebe Waller-Bridge, Sian Clifford, Olivia Colman, Hugh Skinner, Bill Paterson, Jenny Rainsford, Brett Gelman, Ben Aldridge, Hugh Dennis, Kevin McNally;;http://www.ceskatelevize.cz<br>http://www.ceskatelevize.cz<br>/novinky/6179-phoebe-waller-bridge-podepsala-s-amazonem/<br>/novinky/6179-phoebe-waller-bridge-podepsala-s-amazonem/<br>/novinky/6179-phoebe-waller-bridge-podepsala-s-amazonem/<br>https://apps.apple.com/cz/app/id6755365206<br>https://play.google.com/store/apps/details?id=cz.csfd.csfdroid<br>;Golden Globes (1x)<br>Critics Choice Awards (3x)<br>;Golden Globes (2x)<br>Critics Choice Awards (3x)<br>
322131;Vikingové;2013;86.25610859728506;;https://image.pmgstatic.com/cache/resized/w420/files/images/film/posters/165/081/165081001_b3ea18.jpg;https://www.csfd.cz/film/322131-vikingove/;Irsko / Kanada;Akční / Drama / Historický / Dobrodružný;Vikings;Drsné drama vikingského hrdiny Ragnara Lothbroka, který ve snaze o rozšíření vlivu seveřanů zpochybňuje kvality neschopného vůdce, kterému chybí vize. (Netflix);V TV od 03.03.2013 History Canada;láska, rodina, vražda, násilí, děti, manželé, chlapec, zbraně, vrah, cestování, vzpomínky, pomsta, sourozenci, politika, intriky, sex, rivalita, zrada, souboje, bratři, moře, válka, umírání, náboženství, zranění, těhotenství, víra, Francie, lodě, manželství, sníh, zima, Paříž, křesťanství, král, rukojmí, nahota, středověk, bitva, oslava, pohřeb, alkohol, mytologie, sluha, porod, otroctví, Bible, potrat, bohové, vikingové, pohřbívání;6.0;89.0;Johan Renck, Ciaran Donnelly, Ken Girotti;Travis Fimmel, Katheryn Winnick, Gustaf Skarsgård, Clive Standen, Alexander Ludwig, Linus Roache, Moe Dunford, Jessalyn Gilsig, Jefferson Hall, Alyssa Sutherland;;https://www.netflix.com/title/70301870<br>https://www.netflix.com/<br>https://www.netflix.com/title/70301870<br>https://apps.apple.com/cz/app/id6755365206<br>https://play.google.com/store/apps/details?id=cz.csfd.csfdroid<br>;The Saturn Awards (1x)<br>;
71446;Byli jednou dva písaři;1972;86.28698098729645;;https://image.pmgstatic.com/cache/resized/w420/files/images/film/posters/000/075/75735_61375f.jpg;https://www.csfd.cz/film/71446-byli-jednou-dva-pisari/;Československo;Komedie;;Francie, 19. století: Na lavičce v parku se jednoho odpoledne setkají dva postarší pánové, Bouvard (Jiří Sovák) a Pécuchet (Miroslav Horníček). Zapovídají se a zjistí, že jsou oba dva písaři a mají necelý měsíc do penze. Kromě toho je pojí společné zájmy o vědu, literaturu a umění. Když pak Bouvardovi zemře kmotr a odkáže mu velkorysou částku, Bouvard si vzpomene na svého přítele, zakoupí statek na venkově a oba tam odjedou oddávat se vědám. Jejich diletantské pokusy pěstovat melouny, konzervovat jídlo nebo rozbít atom končí obvykle naprostou katastrofou, staříci přesto nepolevují a žijí životem, po jakém vždy toužili. (Oskar);V TV od 20.01.1973 Československá televize;podle knihy, černobílý film, přátelství, přátelé, touha, venkov, 19. století, stáří, Francie, věda, farma, experiment, filozof, zahrada, období 1840-1850;0.0;10.0;Ján Roháč;Otakar Brousek st., Jiří Sovák, Miroslav Horníček, Jan Libíček, Jaroslav Moučka, Věra Tichánková, Libuše Havelková, Soběslav Sejk, Klára Jerneková, Věra Ferbasová;Gustave Flaubert;https://www.ceskatelevize.cz/porady/899667-byli-jednou-dva-pisari?utm_source=csfd&utm_medium=section_vod&utm_campaign=link<br>https://www.ceskatelevize.cz/porady/899667-byli-jednou-dva-pisari?utm_source=csfd&utm_medium=section_vod&utm_campaign=link<br>https://apps.apple.com/cz/app/id6755365206<br>https://play.google.com/store/apps/details?id=cz.csfd.csfdroid<br>;;
228803;Lucky Louie;2006;86.33425447554968;;https://image.pmgstatic.com/cache/resized/w420/files/images/film/posters/000/052/52161_d15dce.jpg;https://www.csfd.cz/film/228803-lucky-louie/;USA;Komedie;Lucky Louie;Sitcomy tvoří páteř každého komerčního televizního vysílání, ale takový, jako je tento, jste ještě neviděli. Komediálním seriálem Lucky Louie dobyla HBO nové území. Je svěží, zábavný, opravdu dospělácký a vypráví o mladém páru, který se pere s problémy v manželství i rodičovství.Držitel ceny Emmy Louis C.K. hraje Louie, který pracuje na zkrácený úvazek jako mechanik, ale většinu času tráví doma a stará se o čtyřletou dcerku Lucy. Skutečnou živitelkou rodiny je jeho žena Kim, která pracuje na plný úvazek jako ošetřovatelka. Toto netradiční uspořádání může být občas ožehavé, ale manželé je vždycky ustojí, protože se pořád milují - a také nemají na vybranou.Nejlepšími přáteli Louie a Kim jsou manželé Mike a Tina, kteří vedou záviděníhodný prostý život s kupou dětí ze současného i předchozích manželství. Naproti bydlí afro-americký pár Walter a Ellen s dcerou Lisou, s nimiž se Louie snaží pěstovat přátelské vztahy. A dále v domě žije i Kimin excentrický bratr Jerry s utajovanou minulostí, který si vydělává na živobytí pochybným způsobem.Seriál, který je prvním sitcomem HBO realizovaným vícekamerovým systémem, se natáčel před živým publikem.;;muž, žena, rodina, přátelství, přátelé, dívka, otec, děti, matka, rodiče, mládež, manželé, dcera, ženy, sourozenci, peníze, manipulace, lež, intriky, rivalita, zločin, kolegové, podvod, kamarádi, kriminalita, nenávist, dilema, krádež, žárlivost, černý humor, manželství, chudoba, sousedi, hádka, bar, závist, oslava, dluhy, hospoda, alkohol, sitcom, rodičovství, byt, vloupání, zdravotní sestra, výchova dětí, budova, pokoj, bydlení, mateřství, pivo, situační humor, zpověď;0.0;13.0;Louis C.K., Andrew D. Weyman, Gary Halvorson;Louis C.K., Pamela Adlon, Mike Hagerty, Jim Norton, Kim Hawthorne, Kelly Gould, Nick Di Paolo, Emma Stone, Brandon Mychal Smith, Dave Allen;;https://www.youtube.com/watch?v=9bUnQ95HZ-w<br>https://www.youtube.com/watch?v=YmDxtSeyqK8<br>http://www.hbo.com/luckylouie/<br>https://apps.apple.com/cz/app/id6755365206<br>https://play.google.com/store/apps/details?id=cz.csfd.csfdroid<br>;;
69506;Rodina Sopránů;1999;86.37708830548927;;https://image.pmgstatic.com/cache/resized/w420/files/images/film/posters/169/440/169440065_mnhtxz.jpg;https://www.csfd.cz/film/69506-rodina-sopranu/;USA;Drama / Krimi;The Sopranos;Sopranovi si získali jak kritiky a diváky, ale I hudební ceny Emmy a Zlatý Globus. Tento seriál o mafiánskěm bosovi dnešních dnů je založen na rychlých zvratech, prudkých konfliktech a černém humoru. Sopranovi Vás dostanou a nepustí. Poprvé se setkáme s Tony Sopranem, šéfem mafie, v North Jersey ve chvíli, kdy starosti o rodinu a také rodina jsou zcela na něm. Vypořádává se s napětím v manželství, neposlušnými dětmi a jedovatou Ma (Nancy Marchand) a zároveň musí řídit svého synovce, který je posedlý stát se jeho nástupcem... A to je jen začátek Tonyho problémů. Tísněn ztrátou vědomí a záchvaty zuřivosti se obrací pro pomoc na psychiatra. Je to začátek cesty k uzdravení. A také to poslední, co by mafián udělal protože každý, kdo poruší Omertu-zákon mlčenlivosti musí zemřít.;V TV od 10.01.1999 Home Box Office;rodina, drogy, nevěra, mafie, deprese, cosa nostra;6.0;86.0;Alan Taylor, Andy Wolk, John Patterson;James Gandolfini, Edie Falco, Lorraine Bracco, Michael Imperioli, Dominic Chianese, Tony Sirico, Steven Van Zandt, Robert Iler, Jamie-Lynn Sigler, Nancy Marchand;;https://www.hbomax.com/cz/en/shows/sopranos/818c3d9d-1831-48a6-9583-0364a7f98453<br>https://www.hbomax.com/cz/en/shows/sopranos/818c3d9d-1831-48a6-9583-0364a7f98453<br>https://apps.apple.com/cz/app/id6755365206<br>https://play.google.com/store/apps/details?id=cz.csfd.csfdroid<br>;Golden Globes (18x)<br>;Golden Globes (5x)<br>
314546;Newsroom;2012;86.50938854116514;;https://image.pmgstatic.com/cache/resized/w420/files/images/film/posters/169/951/169951466_umceuy.jpg;https://www.csfd.cz/film/314546-newsroom/;USA;Drama;The Newsroom;HBO uvádí nový dramatický seriál, jehož autorem je Aaron Sorkin (Sociální síť). Inteligentní, aktuální, vtipný a zábavný Newsroom nahlíží do zákulisí fiktivní zpravodajské televizní stanice ACN Network. Soustřeďuje pozornost na život před i za kamerou jejího sarkastického moderátora (Jeff Daniels), nové vedoucí produkce (Emily Mortimerová), ostatních zaměstnanců (John Gallagher Jr., Alison Pillová, Thomas Sadoski, Olivia Munnová, Dev Patel,...) a jejich šéfa (Sam Waterston). Zvládnutím hektického prvního společného dne, který vyvrcholí horkou zprávou o výbuchu vrtné plošiny BP v Mexickém zálivu, se tento tým vydává na upřímně míněnou donkichotskou misi - chtějí dělat dobré zpravodajství navzdory všem firemním, obchodním i svým vlastním potížím.HBO uvádí devět zbrusu nových dílů nadšeně přijatého seriálu Aarona Sorkina. Inteligentní, aktuální, chytře provokativní a zábavné drama Newsroom nahlíží do zákulisí úspěšného zpravodajského pořadu fiktivní kabelové televize Atlantis Cable News (ACN). Zaměřuje se na život před i za kamerou, hlavními postavami jsou jízlivý moderátor (Jeff Daniels), výkonná produkční (Emily Mortimerová), zaměstnanci redakce (John Gallagher, Jr., Alison Pillová, Thomas Sadoski, Olivia Munnová, Dev Patel a další), šéf zpravodajství (Sam Waterston) a generální ředitelka mateřské společnosti (Jane Fondová). Druhá řada seriálu se odehrává pět dní před volbami 2012 a připomene četné události z let 2011 a 2012. Jedna z hlavních dějových linií se zaobírá žalobou na protiprávní propuštění podanou zaměstnancem, který údajně zfalšoval zprávu o podezřelém útoku amerického bezpilotního letadla. Zatímco vycházejí najevo důvody a důsledky procesu, tým Newsroomu pokračuje ve své donkichotské misi - ve snaze dělat poctivé zprávy navzdory korporátním a ekonomickým problémům i jejich propleteným osobním vztahům.;V TV od 24.06.2012 Home Box Office;muž, láska, žena, rodina, smrt, vražda, násilí, tajemství, matka, rodiče, strach, město, záhady, touha, syn, vyšetřování, vrah, ženy, oběť (autonehody/zločinu), pátrání, pomsta, peníze, politika, vojáci, manipulace, lež, intriky, sny, drogy, zločin, kolegové, nevěra, zrada, vášeň, podvod, vztahy, mezilidské vztahy, sláva, trauma, nenávist, dilema, tragédie, armáda, naděje, nemocnice, náboženství, New York, víra, agenti, novináři, nespravedlnost, párty, rozchod, Afrika, pocit viny, přepadení, chamtivost, právníci, vydírání, politik, křesťanství, romance, teroristé, konspirace, milenka, vlak, reportéři, snoubenci, letadla, celebrity, svědek, korporace, oslava, zakázaná láska, iluze, bohatství, svědectví, spravedlnost, oběť (někomu/něčemu), internet, spiknutí, média, milenec, odpuštění, FBI, žurnalistika, bomba, prezident, poprava, sociální síť, islám, spolubydlící, technologie, psycholog, televizní studio, trest smrti, vzpoura, vzpoura systému, trest, terapie, námořnictvo, kameraman, období 2010-2020, ekonomie, terorismus, marihuana, producent, letectvo, kancelář, válečné zločiny, tajná láska, bodyguard, státní převrat, spolubydlení, teroristický útok, špionáž, odposlech, počítač, zpravodajství, státní zástupce, zásnuby, Boston, Massachusetts, útoky z 11. září 2001, Nová Anglie, televizor, námořní pěchota, Washington, D.C., New Jersey, Fake news, bloger, demokracie, únik informací, videohovor;3.0;25.0;Alan Poul, Greg Mottola, Lesli Linka Glatter;Jeff Daniels, Emily Mortimer, John Gallagher Jr., Alison Pill, Thomas Sadoski, Dev Patel, Thomas Matthews, Olivia Munn, Sam Waterston, Chris Chalk;;https://www.hbomax.com/cz/en/shows/newsroom/ec852a72-c111-44af-bd81-0830484022d0<br>https://www.hbomax.com/cz/en/shows/newsroom/ec852a72-c111-44af-bd81-0830484022d0<br>https://apps.apple.com/cz/app/id6755365206<br>https://play.google.com/store/apps/details?id=cz.csfd.csfdroid<br>;Golden Globes (2x)<br>;
24985;Le Bureau des Légendes;2015;88.40579710144928;;https://image.pmgstatic.com/cache/resized/w420/files/images/film/posters/159/844/159844977_e0e0fc.jpg;https://www.csfd.cz/film/24985-le-bureau-des-legendes/;Francie;Drama / Thriller;The Bureau;Skupina tajných agentů u francouzské zpravodajské služby, známá jako „Kancelář legend“, se ujímá dlouhodobých misí. (SkyShowtime);V TV od 27.04.2015 Canal+;;5.0;50.0;Eric Rochant, Samuel Collardey, Antoine Chevrollier;Mathieu Kassovitz, Jean-Pierre Darroussin, Sara Giraudeau, Florence Loiret Caille, Gilles Cohen, Alexandre Brasseur, Michaël Abiteboul, Léa Drucker, Emilie Chesnais, Jonathan Zaccaï;;https://www.skyshowtime.com/cz/stream/tv/the-bureau/f9c06844-485a-31e8-9370-e18a068b1d2f<br>https://www.skyshowtime.com<br>https://www.skyshowtime.com/cz/stream/tv/the-bureau/f9c06844-485a-31e8-9370-e18a068b1d2f<br>https://apps.apple.com/cz/app/id6755365206<br>https://play.google.com/store/apps/details?id=cz.csfd.csfdroid<br>;;
71924;Království;1994;86.34623217922606;;https://image.pmgstatic.com/cache/resized/w420/files/images/film/posters/166/708/166708064_2da697.jpg;https://www.csfd.cz/film/71924-kralovstvi/;Dánsko / Francie / Německo / Švédsko;Drama / Horor / Mysteriózní / Komedie;Riget;V době, kdy Netflix ještě neexistoval ani jako půjčovna DVD, natočil režisér Lars von Trier televizní sérii Království, odehrávající se v útrobách kodaňského špitálu postaveného na místě, kde kdysi byly jen mokřiny a stará bělidla. Lékaři zde dennodenně zápolí s limity medicíny i vlastními kolegy, Švédové tu proklínají Dány a záhady a hrůzy se zde mísí s nadsázkou a humorem. Televizní série, proslavená svými sépiové tóny a chóry umývačů nádobí, se postupem času stala kultovní a zařadila se mezi nejvýznamnější díla quality TV. (KVIFF.TV);V TV od 04.03.1995 SVT;muž, láska, žena, rodina, smrt, vražda, dívka, tajemství, otec, děti, rodiče, strach, mládež, záhady, dcera, vyšetřování, vrah, pátrání, venkov, kolegové, doktoři, nemoc, dům, tragédie, nemocnice, těhotenství, vědci, černý humor, duchové, věda, lékařství, paranormální jevy, vědec, nevyléčitelná nemoc, rakovina, přízrak, lék, výtah;3.0;13.0;Lars von Trier, Morten Arnfred;Ernst-Hugo Järegård, Kirsten Rolffes, Søren Pilmark, Ghita Nørby, Jens Okking, Baard Owe, Peter Mygind, Udo Kier, Holger Perfort, Laura Christensen;;https://apps.apple.com/cz/app/id6755365206<br>https://play.google.com/store/apps/details?id=cz.csfd.csfdroid<br>;Robert Awards (Danish Film Awards) (5x)<br>Critics Choice Awards (1x)<br>Mezinárodní filmový festival Karlovy Vary (1x)<br>;Robert Awards (Danish Film Awards) (6x)<br>Mezinárodní filmový festival Karlovy Vary (2x)<br>
1025045;Absťák;2021;86.79028132992327;;https://image.pmgstatic.com/cache/resized/w420/files/images/film/posters/166/646/166646174_cd1b98.png;https://www.csfd.cz/film/1025045-abstak/;USA;Drama / Krimi;Absťák;Hvězdně obsazená minisérie stanice Hulu na motivy knižní předlohy Beth Macy nás vezme do epicentra boje se závislostí na opiátech v USA. (Michalek);Na VOD od 13.10.2021 Hulu;podle knihy, muž, žena, rodina, smrt, 20. století, dívka, tajemství, rodiče, policie, strach, mládež, manželé, záhady, touha, chlapec, vyšetřování, ženy, oběť (autonehody/zločinu), pátrání, gay, škola, vzpomínky, pomsta, sourozenci, peníze, manipulace, venkov, lež, intriky, sny, podle skutečného příběhu, drogy, zločin, vesnice, vášeň, podvod, vztahy, doktoři, bratři, nemoc, studenti, LGBTQ+, bolest, mezilidské vztahy, kriminalita, smutek, trauma, nenávist, dilema, tragédie, naděje, nemocnice, sestry, soud, lesby, zranění, agenti, nehoda, nespravedlnost, homosexualita, zoufalství, manželství, korupce, chudoba, chamtivost, právníci, vydírání, výslech, hádka, konspirace, lékařství, zlo, závislost, maloměsto, pochyby, svědek, korporace, období 1980-1990, iluze, bohatství, svědectví, podezření, třídní boj, spiknutí, období 1990-2000, soudce, vyhrožování, těžký úraz, lítost, coming out, reklama, moc, vynálezce, obchod (transakční), úplatky, důl, trest, epidemie, terapie, období 2020-2030, období 2010-2020, období 2000-2010, lék, posttraumatická stresová porucha, horníci, závislost na drogách, heroin, Úřad pro potírání drog (DEA), vynález, státní zástupce, farmaceutický průmysl, těžební průmysl, videokazety, úředníci, chemický průmysl, bankrot, abstinence;0.0;8.0;Barry Levinson, Michael Cuesta, Patricia Riggen;Michael Keaton, Michael Stuhlbarg, Peter Sarsgaard, Will Poulter, John Hoogenakker, Kaitlyn Dever, Rosario Dawson, Will Chase, Jake McDorman, Phillipa Soo;Beth Macy;https://srv.tunefindforfans.com/showads/track/srvclk.php?aid=100006796&lp=https://www.disneyplus.com/en-cz/browse/entity-227de06a-d3d4-42e0-9df1-bb5495e1738d<br>/novinky/8022-emmy-2022-opet-v-rezii-hbo/<br>/novinky/8022-emmy-2022-opet-v-rezii-hbo/<br>/novinky/8022-emmy-2022-opet-v-rezii-hbo/<br>https://srv.tunefindforfans.com/showads/track/srvclk.php?aid=100006796&lp=https://www.disneyplus.com/en-cz/browse/entity-227de06a-d3d4-42e0-9df1-bb5495e1738d<br>https://apps.apple.com/cz/app/id6755365206<br>https://play.google.com/store/apps/details?id=cz.csfd.csfdroid<br>;Golden Globes (2x)<br>Critics Choice Awards (2x)<br>;Golden Globes (1x)<br>Critics Choice Awards (1x)<br>
133157;Initial D;1998;88.67298578199052;;https://image.pmgstatic.com/cache/resized/w420/files/images/film/posters/166/264/166264936_f381f1.jpg;https://www.csfd.cz/film/133157-initial-d/;Japonsko;Animovaný / Drama / Komedie / Sportovní;頭文字[イニシャル]D;Na hoře Akina v provincii Gunma, tak jako všude jinde v Japonsku, existuje dlouhá, úzká trať plná zatáček, která je skoro bez provozu a na ní se pravidelně scházejí milovníci driftu, aby si ukázali své schopnosti a zlepšili se. A taky tam už pět let každé ráno ve 4 hodiny jezdí Takumi Fujiwara s rozvážkou tofu do vzdálené restaurace. Co na tom, že je mu čerstvě osmnáct a řidičák má měsíc. Nikdy ho ani nenapadlo, že je nějak výjimečný. To se ale změní ve chvíli, kdy se v otcově staré Toyotě Sprinter Trueno (AE86) při návratu z rozvážky potká s Keisukem Takahashim, slavným jezdcem z Akagi, ve žluté Mazdě RX7 (FD3S), kterého předjede. (Hulkee);V TV od 18.04.1998 Fuji Television;drift;0.0;26.0;Šin Misawa, Šin'iči Masaki, Masami Hata;Šin'ičiró Miki, Ajako Kawasumi, Micuo Iwata, Takehito Kojasu, Tomokazu Seki, Unšó Išizuka, Wataru Takagi, Kazuhisa Kawahara, Nobujuki Hijama, Akio Sujama;Šúiči Šigeno;https://apps.apple.com/cz/app/id6755365206<br>https://play.google.com/store/apps/details?id=cz.csfd.csfdroid<br>;;
109881;Jen počkej...!;1969;86.0867326295656;;https://image.pmgstatic.com/cache/resized/w420/files/images/film/posters/000/033/33684_ad5768.jpg;https://www.csfd.cz/film/109881-jen-pockej-zajici/;Sovětský svaz / Rusko;Animovaný / Komedie / Rodinný;Jen počkej, zajíci!;Snad ani není třeba představovat tyto nejpopulárnější postavičky z ruských animovaných filmů. Podívejte se na jejich spanilé příběhy plné honiček a překvapení.;Na DVD od 05.10.2007 Šíp;město, zvířata, venkov, moře, zloděj, lodě, vlak, letadla, roboti, pláž, cirkus, muzeum, letiště, vlci, olympijské hry, kouření, zajíci;0.0;20.0;Vjačeslav Koťonočkin, Vladimir Tarasov, Alexej Koťonočkin;Anatolij Papanov, Klara Rumjanova, Igor Christěnko, Olga Zvereva;;https://apps.apple.com/cz/app/id6755365206<br>https://play.google.com/store/apps/details?id=cz.csfd.csfdroid<br>;;
221026;Řím;2005;86.10816911190207;;https://image.pmgstatic.com/cache/resized/w420/files/images/film/posters/164/947/164947915_56ba86.jpg;https://www.csfd.cz/film/221026-rim/;Velká Británie / USA;Drama / Historický / Válečný / Akční;Rome;Rok 52 před Kristem. Čtyři sta let po založení republiky je Řím nejmocnějším městem světa. Kosmopolitní metropole s miliónem obyvatel tvoří srdce obrovského impéria. Republika založená na principech sdílené moci a nelítostné individuální soutěživosti nikdy nedovolí jedinému muži získat absolutní moc. Avšak nyní se otřásají samotné základy těchto principů, podryté korupcí a nesváry. Po osmi letech válčení se dva vojáci Lucius Vorenus a Titus Pullo bezděčně ocitají ve víru událostí, které ovlivní dějiny celého Říma. Láska a zrada, vládci a otroci, muži a jejich ženy. Seriálové drama ŘÍM zachycuje bouřlivou éru mezi zánikem republiky a zrozením impéria.;V TV od 28.08.2005 Home Box Office;muž, láska, žena, rodina, smrt, vražda, násilí, dívka, otec, děti, matka, rodiče, mládež, manželé, město, dcera, touha, syn, chlapec, zbraně, vrah, ženy, oběť (autonehody/zločinu), cestování, peníze, politika, manipulace, intriky, sex, putování, sny, rivalita, zrada, vášeň, vztahy, mezilidské vztahy, válka, nenávist, armáda, lesby, nespravedlnost, homosexualita, manželství, chamtivost, politik, konspirace, šlechta, nahota, oslava, bohatství, spravedlnost, oběť (někomu/něčemu), spiknutí, loajalita, starověký Řím, otroctví, Meč a sandály, potrat, filozof, Julius Caesar, senátor;2.0;22.0;Michael Apted, Allen Coulter, Jeremy Podeswa;Kevin McKidd, Ray Stevenson, Polly Walker, Kerry Condon, James Purefoy, Ian McNeice, Coral Amiga, Lindsay Duncan, Lidia Biondi, Tobias Menzies;;https://www.hbomax.com/cz/en/shows/rome/16ffed0e-6650-4d35-8c35-96c5b42863cc<br>/novinky/7181-hbo-dela-na-dalsich-spin-offech-hry-o-truny/<br>/novinky/7181-hbo-dela-na-dalsich-spin-offech-hry-o-truny/<br>/novinky/7181-hbo-dela-na-dalsich-spin-offech-hry-o-truny/<br>https://www.hbomax.com/cz/en/shows/rome/16ffed0e-6650-4d35-8c35-96c5b42863cc<br>http://www.hbo.com/rome/<br>https://apps.apple.com/cz/app/id6755365206<br>https://play.google.com/store/apps/details?id=cz.csfd.csfdroid<br>;Golden Globes (2x)<br>Critics Choice Awards (1x)<br>;
168373;Sňatky z rozumu;1968;86.25746357774062;;https://image.pmgstatic.com/cache/resized/w420/files/images/film/posters/000/328/328056_f806e9.jpg;https://www.csfd.cz/film/168373-snatky-z-rozumu/;Československo;Drama / Historický;;"Pětidílná sága dvou podnikatelských rodů z vrcholného období našeho národního obrození na motivy románu Vladimíra Neffa začíná v roce 1859 a končí otevřením Národního divadla v roce 1881. Tento pamětnický seriál patří mezi nejcennější díla archivu České televize. U jeho zrodu stáli dva významní televizní tvůrci - scenárista Otto Zelenka a režisér František Filip. Práce na scénářích začala ještě před jarem 1968 a diváci viděli seriál poprvé na podzim téhož roku. Zasaženi a poníženi srpnovými událostmi a posrpnovým vývojem nacházeli v historickém seriálu útěchu, povzbuzení a naději. V roce své premiéry seriál překvapil kvalitou, dokonalým řemeslným zpracováním a nádhernou přehlídkou hereckých výkonů. Dnes po sedmatřiceti letech se Jiří Vala jako Martin Nedobyl, Slávka Budínová jako Valentýnka, Iva Janžurová a Jiřina Jirásková jako ""Přeslice""- Hana a Bětuše Váchovy, Vladimír Ráž a Gabriela Vránová jako Born a Líza vrátí k divákům jako představitelé důvěrně známých a oblíbených postav.";V TV od 23.10.1968 Československá televize;podle knihy, černobílý film, 19. století, Praha, období 1860-1870, období 1880-1890, období 1870-1880, období 1850-1860, národní obrození;0.0;5.0;František Filip;Jiří Vala, Slávka Budínová, Vladimír Ráž, Gabriela Vránová, Jiřina Jirásková, Iva Janžurová, Miloš Nedbal, Jiřina Šejbalová, Jaroslav Vojta, Nataša Gollová;Vladimír Neff;https://www.ceskatelevize.cz/porady/899200-snatky-z-rozumu?utm_source=csfd&utm_medium=section_vod&utm_campaign=link<br>https://www.ceskatelevize.cz/porady/899200-snatky-z-rozumu?utm_source=csfd&utm_medium=section_vod&utm_campaign=link<br>https://apps.apple.com/cz/app/id6755365206<br>https://play.google.com/store/apps/details?id=cz.csfd.csfdroid<br>;;
740726;Vinland Saga;2019;86.93877551020408;;https://image.pmgstatic.com/cache/resized/w420/files/images/film/posters/163/827/163827084_3f2dcd.jpg;https://www.csfd.cz/film/740726-vinland-saga/;Japonsko;Animovaný / Akční / Historický;ヴィンランド・サガ;Po smrti svého otce se Thorfinn přidá k žoldácké bandě jeho vraha Askeladda a trpělivě čeká na příležitost k pomstě. Askeladd mezitím spřádá tajné politické plány. (Netflix);V TV od 07.07.2019 NHK / Nippon Hōsō Kyōkai;smrt, otec, syn, zbraně, anime, pomsta, souboje, moře, monstra, lodě, posedlost, bitva, výcvik, válečníci, vikingové;2.0;48.0;Šúhei Jabuta, Takaši Andó, Jódži Sató;Júto Uemura, Akio Ócuka, Ao Takahaši, Hiroki Gotó, Hiroki Jasumoto, Jódži Ueda, Jošimicu Šimojama, Ken'ičiró Macuda, Kenšó Ono, Makoto Furukawa;Makoto Jukimura;https://www.netflix.com/title/81249833<br>https://www.netflix.com/<br>https://www.netflix.com/title/81249833<br>https://www.csfd.cz/vod/netflix/<br>https://apps.apple.com/cz/app/id6755365206<br>https://play.google.com/store/apps/details?id=cz.csfd.csfdroid<br>;;
687415;Andor;2022;85.98699489084997;;https://image.pmgstatic.com/cache/resized/w420/files/images/film/posters/166/607/166607669_744c74.jpg;https://www.csfd.cz/film/687415-andor/;USA;Sci-Fi / Akční / Dobrodružný / Thriller;Andor;V nebezpečných časech se Cassian Andor vydává na cestu, která z něj udělá hrdinu Povstání. (Disney+);Na VOD od 21.09.2022 Disney+ (Season 1);láska, smrt, přátelé, vražda, matka, policie, dcera, útěk, pomsta, sourozenci, politika, intriky, pronásledování, vězení, naděje, krádež, mimozemšťané, korupce, vesmír, špioni, diktatura, roboti, odboj, vesmírná loď, fašismus, propaganda, genocida, tajná policie, povstání, Star Wars, útěk z vězení, císař, stíhačky, senátor, černý trh;2.0;24.0;Toby Haynes, Susanna White, Benjamin Caron;Diego Luna, Genevieve O'Reilly, Stellan Skarsgård, Kyle Soller, Denise Gough, Adria Arjona, James McArdle, Rupert Vansittart, Joplin Sibtain, Alastair Mackenzie;;https://srv.tunefindforfans.com/showads/track/srvclk.php?aid=100006796&lp=https://www.disneyplus.com/en-cz/browse/entity-faba988a-a9f5-45f2-a074-0775a7d6f67a<br>http://disneyplus.com<br>https://srv.tunefindforfans.com/showads/track/srvclk.php?aid=100006796&lp=https://www.disneyplus.com/en-cz/browse/entity-faba988a-a9f5-45f2-a074-0775a7d6f67a<br>https://www.csfd.cz/vod/disney-plus/<br>https://www.csfd.cz/vod/disney-plus/<br>/film/1178727-disney-gallery-star-wars-boba-fett-zakon-podsveti/prehled/<br>/film/849599-disney-galerie-star-wars-mandalorian/prehled/<br>https://apps.apple.com/cz/app/id6755365206<br>https://play.google.com/store/apps/details?id=cz.csfd.csfdroid<br>;Golden Globes (2x)<br>Critics Choice Awards (4x)<br>The Saturn Awards (9x)<br>;The Saturn Awards (2x)<br>
987636;Odloučení;2022;86.14747634069401;;https://image.pmgstatic.com/cache/resized/w420/files/images/film/posters/170/624/170624266_g0ljyx.png;https://www.csfd.cz/film/987636-odlouceni/;USA;Drama / Thriller / Mysteriózní / Sci-Fi;Severance;Mark šéfuje týmu zaměstnanců, kterým byla chirurgicky oddělena pracovní a mimopracovní paměť. Po setkání s kolegou z práce v osobním životě se vydává na cestu k pravdě o jejich zaměstnání. (Apple TV+);Na VOD od 18.02.2022 Apple TV+ (Série 1);muž, láska, žena, rodina, smrt, přátelství, přátelé, tajemství, rodiče, strach, manželé, záhady, touha, vyšetřování, ženy, oběť (autonehody/zločinu), pátrání, gay, vzpomínky, pomsta, sourozenci, manipulace, lež, intriky, sny, zločin, kolegové, zrada, vášeň, podvod, kamarádi, vztahy, LGBTQ+, bolest, mezilidské vztahy, kriminalita, smutek, trauma, nenávist, dilema, tragédie, naděje, žárlivost, těhotenství, homosexualita, šílenství, zoufalství, manželství, paranoia, panika, pocit viny, šikana, závist, pochyby, odplata, korporace, iluze, cizinec (neznámý člověk), vdovec, lítost, antiutopie, výčitky svědomí, amnézie, psychika, moc, technologie, rodičovství, sobectví, vyhazov;3.0;20.0;Ben Stiller, Aoife McArdle, Samuel Donovan;Adam Scott, Patricia Arquette, Zach Cherry, Dichen Lachman, Britt Lower, Tramell Tillman, Jen Tullock, John Turturro, Christopher Walken, Yul Vazquez;;https://srv.clickfuse.com/ads/adclkr.php?id=100006636&url=https://tv.apple.com/cz/show/severance/umc.cmc.1srk2goyh2q2zdxcx605w8vtx<br>https://www.apple.com/cz/apple-tv-plus/<br>https://srv.clickfuse.com/ads/adclkr.php?id=100006636&url=https://tv.apple.com/cz/show/severance/umc.cmc.1srk2goyh2q2zdxcx605w8vtx<br>https://www.csfd.cz/vod/apple-tv/<br>https://www.csfd.cz/vod/apple-tv/<br>https://apps.apple.com/cz/app/id6755365206<br>https://play.google.com/store/apps/details?id=cz.csfd.csfdroid<br>;Independent Spirit Awards (2x)<br>AACTA International Awards (1x)<br>Golden Globes (7x)<br>Critics Choice Awards (5x)<br>The Saturn Awards (9x)<br>;Critics Choice Awards (1x)<br>
710395;Kimecu no jaiba;2019;86.47239263803681;;https://image.pmgstatic.com/cache/resized/w420/files/images/film/posters/163/495/163495958_1ec411.jpg;https://www.csfd.cz/film/710395-kimecu-no-jaiba/;Japonsko;Animovaný / Akční / Drama / Fantasy;鬼滅の刃;Již od pradávných časů si lidé vypráví legendy o strašlivých démonech, kteří se ukrývají v lesích a v noci napadají lidská obydlí, zabíjejí jejich obyvatele a živí se jejich krví a masem. Démoni běžné lidi děsí, protože běžné rány se démonovi hned zacelí a jsou schopni nechat si v mžiku narůst třeba i useknutou končetinu. V těchto legendách se však objevují i zabijáci démonů - zkušení válečníci, kteří znají způsoby, jak démony efektivně zabít. Pro mladého chlapce jménem Tanjirou se tyto legendy velice brzy stanou trpkou skutečností...Již od smrti svého otce se mladý Tanjirou zaměřil vší silou na pomoc své početné rodině. Přestože jejich životy byly poznamenány touto tragédií, společně dokázali najít Tanjirou a jeho rodina trochu toho štěstí. Tento klidný domov je však roztříštěn jednoho dne, když Tanjirou najde většinu své rodiny povražděnou a jediná, kdo přežila, jeho sestra Nezuko, je proměněná v démona. Je však s podivem, že Nezuko i přes svůj stav stále projevuje známky příčetnosti a lidských emocí...Díky těmto událostem a jednomu nečekanému setkání si Tanjiro stanovil velmi těžký cíl - stát se zabijákem démonů a zjistit od nich, jak přeměnit svoji sestru zpět na člověka. (Jeoffrey);V TV od 06.04.2019 Tokyo MX;rodina, smrt, vražda, otec, strach, syn, anime, sourozenci, souboje, les, démoni, legenda, válečníci, podle mangy;4.0;63.0;Haruo Sotozaki, Júki Itó, Takahiro Miura;Akari Kitó, Nacuki Hanae, Hiro Šimono, Jošicugu Macuoka, Ai Kakuma, Aoi Júki, Daisuke Namikawa, Hikaru Midorikawa, Hóčú Ócuka, Júki Kadži;Kojoharu Gotóge;https://www.netflix.com/title/81091393<br>https://www.netflix.com/title/81091393<br>https://apps.apple.com/cz/app/id6755365206<br>https://play.google.com/store/apps/details?id=cz.csfd.csfdroid<br>;;
467961;Skam;2015;86.48;;https://image.pmgstatic.com/cache/resized/w420/files/images/film/posters/165/372/165372913_aa5f89.jpg;https://www.csfd.cz/film/467961-skam/;Norsko;Drama;Skam;"V seriálu Skam se setkáváme s osudy dospívajících studentů střední školy Hartvig Nissens v Oslu, přičemž se každá série zaměřuje na hlavní dějovou linku jednoho konkrétního páru, s níž se prolínají příběhy všech členů party. Seriál se odehrává na ose reálného času s velkým přispěním propagace a aktivit na sociálních sítích. Skam není jen o lásce a velkých přípravách na tolikrát oslavovaný Russ (""Russefeiring"" - tradiční asi měsíc trvající slavnost norských maturantů, kdy si jejich skupinky dávají výstižná jména, nosí stejnokroje a připravují a zdobí svůj vlastní autobus/dodávku, to vše za doprovodu bujarých oslav a večírků). Skam je především o hledání sebe sama, významu přátelství, síle popularity, uvědomění si vlastní sexuality, získání reálného pohledu na svět, umění vážit si sebe sama, obětování se, uvědomění si vlastních chyb a snaze o jejich nápravu, solidaritě s nejbližšími, rodinných vztazích, psychických poruchách, znásilnění, vydírání, nepředpojatosti, toleranci k jiným pohledům, názorům a kulturám... (nahodilova_k)";V TV od 25.09.2014 NRK;láska, rodina, přátelství, přátelé, dívka, otec, matka, dcera, syn, chlapec, gay, škola, dospívání, učitel, LGBTQ+, střední škola, párty, coming out, islám;4.0;43.0;Julie Andem;Josefine Frida Pettersen, Iman Meskini, Lisa Teige, Tarjei Sandvik Moe, Ulrikke Falch, Marlon Valdés Langeland, Ina Svenningdal, Thomas Hayes, Herman Tømmeraas, Henrik Holm;;https://apps.apple.com/cz/app/id6755365206<br>https://play.google.com/store/apps/details?id=cz.csfd.csfdroid<br>;;
1222114;Světlo naděje;2023;87.6797385620915;;https://image.pmgstatic.com/cache/resized/w420/files/images/film/posters/168/513/168513037_wjlmsa.png;https://www.csfd.cz/film/1222114-svetlo-nadeje/;USA;Životopisný / Historický / Drama;A Small Light;Světlo naděje sleduje osudy Miep Giesové, sekretářky Otty Franka. Miep a její manžel chránili s pomocí nizozemského odboje Frankovy a nespočet dalších před nacisty během druhé světové války. Možná znáte příběh Anne Frankové a jejího života v tajné přístavbě. Toto se odehrálo na druhé straně knihovny. (Disney+);V TV od 01.05.2023 National Geographic;žena, přátelství, přátelé, 20. století, strach, období 1940-1950, 2. světová válka, nacisté, nacismus, odboj, sekretářka, Švýcarsko, Nizozemsko;0.0;8.0;Leslie Hope, Susanna Fogel, Tony Phelan;Bel Powley, Liev Schreiber, Ashley Brooke, Jim High, Billie Boullet, Joe Cole, Liza Sadovy, Andrew Van Wilpe, Victor Dohlsten, Amira Casar;;http://disneyplus.com<br>https://www.csfd.cz/vod/disney-plus/<br>https://apps.apple.com/cz/app/id6755365206<br>https://play.google.com/store/apps/details?id=cz.csfd.csfdroid<br>;Independent Spirit Awards (1x)<br>Critics Choice Awards (4x)<br>;
283301;Úlovek;2009;86.24523990860625;;https://image.pmgstatic.com/cache/resized/w420/files/images/film/posters/159/444/159444412_a71287.jpg;https://www.csfd.cz/film/283301-ulovek/;Velká Británie;Krimi / Drama / Thriller;The Take;Freddie (Tom Hardy) je zrovna propuštěn z vězení, kde udržoval vztah se svým mafiánským šéfem Ozzym (Brian Cox). Před věznicí ho čeká jeho nejlepší kamarád z dětství Jimmy (Shaun Evans) a společně se vydávají do spárů londýnského podsvětí, které ovládá mafie, drogy a zbraně. (Cliff Booth);;muž, láska, žena, rodina, smrt, přátelství, přátelé, vražda, násilí, dívka, tajemství, otec, děti, matka, rodiče, mládež, manželé, město, záhady, touha, syn, chlapec, zbraně, vrah, ženy, pomsta, sourozenci, peníze, lež, rivalita, drogy, zločin, nevěra, zrada, boj o přežití, vášeň, podvod, kamarádi, mrtvola, vztahy, bratři, bolest, mezilidské vztahy, kriminalita, smutek, gangsteři, mafie, nenávist, gang, tragédie, svatba, podsvětí (svět zločinu), zabijáci, žárlivost, rvačka, střelné zbraně, manželství, panika, chamtivost, výslech, střelba, milenka, cizinec (někdo ze zahraničí), Londýn, bar, závist, iluze, bohatství, hospoda, podezření, milenec, bodné zbraně, pokus o vraždu, sečné zbraně, vyhrožování, domácí násilí, moc, drogový dealer, Velká Británie, zatčení, nůž, Anglie, bratranec, otčím (nevlastní otec), podezření z nevěry;0.0;4.0;David Drury;Shaun Evans, Tom Hardy, Kierston Wareing, Brian Cox, Steve Nicolson, Sara Stewart, Charlotte Riley, Mark Huberman, René Zagger, Gary Murphy;;https://apps.apple.com/cz/app/id6755365206<br>https://play.google.com/store/apps/details?id=cz.csfd.csfdroid<br>;;
68850;M*A*S*H;1972;85.673154514057;;https://image.pmgstatic.com/cache/resized/w420/files/images/film/posters/158/301/158301360_bd6a6c.jpg;https://www.csfd.cz/film/68850-m-a-s-h/;USA;Komedie / Drama / Válečný;M*A*S*H;Legendární seriál M*A*S*H patří v oblasti komediální televizní tvorby mezi to nejlepší. Výborná komedie z prostředí mobilní vojenské nemocnice uprostřed války v Koreji nám dává nahlédnou do každodenního života postav lékařů, sester a vojáků. Postavy seriálu čekají v prostředí války mnohdy i velmi dramatické momenty, i přesto je ale dokáží prožít s nadsázkou a humorem. (TV Nova);V TV od 17.09.1972 CBS TV Network;podle knihy, láska, smrt, přátelství, přátelé, 20. století, vojáci, rivalita, doktoři, nemoc, válka, armáda, nemocnice, umírání, zranění, období 1950-1960, sitcom, vrtulník, zdravotní sestra, protiválečný, Korejská válka;11.0;256.0;Michael Switzer, Mel Damski, Gabrielle Beaumont;Alan Alda, Wayne Rogers, Mike Farrell, McLean Stevenson, Harry Morgan, Loretta Swit, Larry Linville, David Ogden Stiers, Jamie Farr, William Christopher;Richard Hooker;https://srv.tunefindforfans.com/showads/track/srvclk.php?aid=100006796&lp=https://www.disneyplus.com/en-cz/browse/entity-ae94231d-0f04-482a-b9ee-9911e339e3ed<br>https://srv.tunefindforfans.com/showads/track/srvclk.php?aid=100006796&lp=https://www.disneyplus.com/en-cz/browse/entity-ae94231d-0f04-482a-b9ee-9911e339e3ed<br>https://apps.apple.com/cz/app/id6755365206<br>https://play.google.com/store/apps/details?id=cz.csfd.csfdroid<br>;Golden Globes (14x)<br>;Golden Globes (8x)<br>
597020;Cobra Kai;2018;85.9047619047619;;https://image.pmgstatic.com/cache/resized/w420/files/images/film/posters/169/265/169265202_2j5nv4.jpg;https://www.csfd.cz/film/597020-cobra-kai/;USA;Akční / Komedie / Drama / Rodinný / Sportovní;Cobra Kai;Pár desítek let po turnaji, který jim změnil život, na sebe znova narazí soupeři Johnny a Daniel. (Netflix);Na VOD od 02.05.2018 YouTube Premium (Série 1);muž, láska, žena, rodina, přátelství, přátelé, násilí, dívka, otec, děti, matka, rodiče, mládež, manželé, město, dcera, syn, chlapec, ženy, oběť (autonehody/zločinu), škola, cestování, vzpomínky, pomsta, manipulace, lež, intriky, putování, rivalita, kolegové, souboje, podvod, kamarádi, učitel, studenti, dům, bolest, smutek, trauma, nenávist, dilema, tragédie, střední škola, naděje, nemocnice, žárlivost, zranění, párty, rvačka, manželství, krutost, pocit viny, Japonsko, soutěž, hádka, bojová umění, bar, trénink, závist, Asie, pochyby, odplata, oslava, pláž, hospoda, pobřeží, oběť (někomu/něčemu), trenér, učitelka, Kalifornie, loajalita, těžký úraz, lítost, výčitky svědomí, spolužáci, výcvik, turnaj, zápas, tajná láska, karate;6.0;65.0;Jon Hurwitz, Hayden Schlossberg, Jennifer Celotta;Ralph Macchio, William Zabka, Xolo Maridueña, Mary Mouser, Courtney Henggeler, Tanner Buchanan, Peyton List, Jacob Bertrand, Vanessa Rubio, Gianni DeCenzo;;https://www.netflix.com/title/81002370<br>https://www.netflix.com/<br>https://www.netflix.com/title/81002370<br>https://www.csfd.cz/vod/netflix/<br>https://www.csfd.cz/vod/netflix/<br>https://www.csfd.cz/vod/netflix/<br>https://www.csfd.cz/vod/netflix/<br>https://apps.apple.com/cz/app/id6755365206<br>https://play.google.com/store/apps/details?id=cz.csfd.csfdroid<br>;The Saturn Awards (3x)<br>;The Saturn Awards (1x)<br>
278839;Hříšníci;2011;85.96713021491783;;https://image.pmgstatic.com/cache/resized/w420/files/images/film/posters/168/099/168099464_zm0sk6.jpg;https://www.csfd.cz/film/278839-hrisnici/;USA;Komedie / Drama;Shameless;William H. Macy hraje Franka Gallaghera, hrdého svobodného otce šesti chytrých, pracovitých a samostatných dětí. Nejsou jako ostatní rodiny, které znáte, ale ani v nejmenším se za to nestydí... (HBO Max);V TV od 09.01.2011 Showtime;láska, rodina, smrt, přátelství, násilí, otec, děti, rodiče, policie, manželé, dcera, touha, útěk, gay, škola, sourozenci, peníze, dospívání, sex, sny, drogy, zrada, vězení, podvod, bratři, nemoc, nenávist, střední škola, naděje, lesby, milostný trojúhelník, těhotenství, sebevražda, rande, prostituce, šikana, alkoholismus, prostitutka, deprese, bar, vysoká škola, zakázaná láska, nevyléčitelná nemoc, rakovina, transsexualita, základní škola, coming out, adopce, bezdomovectví, homofobie, teen comedy, promiskuita, záchranáři, voyeurismus, bisexualita, Alzheimer, Chicago, realitní makléř, bistro, teen drama, striptér, bipolární porucha;11.0;134.0;Mark Mylod, John Wells, John Dahl;Emmy Rossum, William H. Macy, Jeremy Allen White, Cameron Monaghan, Emma Kenney, Steve Howey, Shanola Hampton, Ethan Cutkosky, Noel Fisher, Justin Chatwin;;/tvurce/317402-bill-applebaum/prehled/<br>https://www.netflix.com/title/70184207<br>https://www.hbomax.com/cz/en/shows/shameless/06f986dd-dd6a-4596-9a0a-f473ef99c64b<br>https://www.hbomax.com<br>/novinky/7077-netflix-vevodi-zebricku-streamovaci-sledovanosti/<br>/novinky/7077-netflix-vevodi-zebricku-streamovaci-sledovanosti/<br>/novinky/7077-netflix-vevodi-zebricku-streamovaci-sledovanosti/<br>https://www.netflix.com/title/70184207<br>https://www.hbomax.com/cz/en/shows/shameless/06f986dd-dd6a-4596-9a0a-f473ef99c64b<br>https://apps.apple.com/cz/app/id6755365206<br>https://play.google.com/store/apps/details?id=cz.csfd.csfdroid<br>;Golden Globes (2x)<br>;
257154;Odbor městské zeleně;2009;86.03710883411797;;https://image.pmgstatic.com/cache/resized/w420/files/images/film/posters/162/750/162750226_1a5f2a.jpg;https://www.csfd.cz/film/257154-odbor-mestske-zelene/;USA;Komedie;Parks and Recreation;"No řekněte, nebylo by skvělé mít taky tak iniciativní zastupitelku v místní vládě, která by místo masivní díry nebo chcete-li jámy mezi domky, chtěla postavit velký park pro potěšení a užitek obyvatel se svými dětmi? Někteří z Pawnee v Indianě si to ovšem nemyslí. Seriál od tvůrce americké verze The Office - obdobně točené jako ""mockumentary"". (biskin)";V TV od 09.04.2009 National Broadcasting Company (NBC);muž, žena, ženy, škola, politika, umění, Vánoce, nevěra, vězení, střední škola, nemocnice, novináři, rvačka, rozchod, rande, politik, soutěž, hádka, kniha, restaurace, sitcom, Halloween, zdravotní sestra, soutěž krásy, porota (soutěžní), halloweenský kostým;7.0;125.0;Seth Gordon, Randall Einhorn, Matt Sohn;Amy Poehler, Rashida Jones, Paul Schneider, Aziz Ansari, Jim O’Heir, Aubrey Plaza, Nick Offerman, Frank Medrano, Retta, Lennon Wynn;;/tvurce/438441-rachna-fruchbom/prehled/<br>https://apps.apple.com/cz/app/id6755365206<br>https://play.google.com/store/apps/details?id=cz.csfd.csfdroid<br>;Golden Globes (3x)<br>;Golden Globes (1x)<br>
606814;Boj o moc;2018;86.04890604890605;;https://image.pmgstatic.com/cache/resized/w420/files/images/film/posters/167/492/167492542_8fb8qg.jpg;https://www.csfd.cz/film/606814-boj-o-moc/;USA;Drama;Succession;"Rodina Royových – Logan Roy a jeho čtyři děti – řídí jeden z největších mediálních a zábavních konglomerátů na světě. Seriál Boj o moc sleduje jejich životy poté, co se stárnoucí otec rozhodne ze společnosti odstoupit a jeho potomci zvažují svou budoucnost. Drama, které se odehrává v New Yorku, zkoumá témata moci, politiky, peněz a rodiny. Logan Roy, tvrdý, vlivný a stárnoucí patriarcha, stojí v čele společnosti Waystar Royco, rodinou řízeného mezinárodního mediálního konglomerátu. Žije se svou třetí manželkou, milující a impozantní partnerkou Marciou. Kendall Roy, Loganův nejstarší syn z druhého manželství, ve firmě působí jako prezident divize a je Loganovým právoplatným nástupcem. Kendallův mladší bratr Roman Roy je Loganův upřímný a prostořeký syn, který se rád baví a ve Waystar už nadále nepracuje. Siobhan ""Shiv"" Royová, Loganova jediná dcera a nejmladší ze všech dětí, se snaží udělat kariéru v politice. Connor Roy, Loganův nejstarší syn a jediný potomek z prvního manželství, se pokouší vést nezávislý život v Novém Mexiku. Jakmile se Loganovy narozeniny zvrhnou v boj o moc mezi otcem a synem i mezi sourozenci samotnými, začne stoupat napětí. Royovy děti stojí před těžkým rozhodnutím poté, co vypukne spor o vedení společnosti a rodinná loajalita se začne drolit. (HBO Europe)";Na VOD od 17.10.2021 HBO Max (Série 3);láska, rodina, tajemství, otec, děti, matka, rodiče, manželé, město, záhady, dcera, touha, syn, cestování, vzpomínky, pomsta, sourozenci, peníze, politika, manipulace, lež, intriky, sex, putování, sny, rivalita, drogy, kolegové, vášeň, podvod, mrtvola, vztahy, bratři, moře, dům, bolest, mezilidské vztahy, smutek, trauma, nenávist, dilema, tragédie, naděje, krádež, svatba, zloděj, žárlivost, soud, New York, zranění, stáří, nehoda, novináři, párty, rvačka, lodě, zoufalství, manželství, korupce, oceán, pocit viny, chamtivost, právníci, znásilnění, vydírání, politik, výslech, alkoholismus, hotel, výlet, posedlost, hádka, autonehoda, milenka, rozvod, reportéři, cizinec (někdo ze zahraničí), deprese, bar, snoubenci, letadla, Itálie, závislost, sledování, děda, závist, pochyby, svědek, dědictví, korporace, oslava, pláž, dluhy, iluze, pohřeb, bohatství, hospoda, svědectví, pobřeží, dovolená, sexuální obtěžování, vnoučata, alkohol, internet, média, milenec, Kalifornie, Los Angeles, odpuštění, sexuální zneužívání, noční klub, soudce, vyhrožování, lítost, prezident, reklama, skandál, sociální síť, Velká Británie, auta, technologie, fašismus, narozeniny, obchod (transakční), naschvály, strýc, úplatky, vyjednávání, Anglie, volby, sexuální násilí, Skandinávie, synovec, kancelář, nedorozumění, slib, budova, neteř, večeře, bratranec, drby, pokoj, sekretářka, podnikatel, neonacismus, mentální postižení, Norsko, závislost na drogách, závěť, zábavní park, státní zástupce, mrakodrap, zásnuby, jachta, firemní večírek, demokracie, kandidatura do voleb;4.0;39.0;Adam McKay, Mark Mylod, Adam Arkin;Brian Cox, Jeremy Strong, Matthew Macfadyen, Sarah Snook, Kieran Culkin, Alan Ruck, Nicholas Braun, Hiam Abbass, Natalie Gold, Mary Birdsong;;https://www.hbomax.com/cz/en/shows/succession/a8484031-f244-4661-9fb7-0932bd1ba872<br>https://sledovanitv.cz/epg/event/hbo_comedy:20251211ef9250769c9aaeb7e149a1d6454acb14<br>http://www.hbo.eu<br>http://www.hbo.eu<br>/novinky/9761-netflix-ustupuje-warneri-miri-pod-paramount/<br>/novinky/9761-netflix-ustupuje-warneri-miri-pod-paramount/<br>/novinky/9761-netflix-ustupuje-warneri-miri-pod-paramount/<br>/novinky/9659-netflix-zakoupi-studio-warner-bros/<br>/novinky/9659-netflix-zakoupi-studio-warner-bros/<br>/novinky/9659-netflix-zakoupi-studio-warner-bros/<br>https://www.hbomax.com/cz/en/shows/succession/a8484031-f244-4661-9fb7-0932bd1ba872<br>https://sledovanitv.cz/epg/event/hbo_comedy:20251211ef9250769c9aaeb7e149a1d6454acb14<br>https://www.csfd.cz/vod/hbo-max/<br>https://www.csfd.cz/vod/hbo-max/<br>https://apps.apple.com/cz/app/id6755365206<br>https://play.google.com/store/apps/details?id=cz.csfd.csfdroid<br>;AACTA International Awards (5x)<br>Golden Globes (9x)<br>Critics Choice Awards (10x)<br>;AACTA International Awards (3x)<br>Golden Globes (9x)<br>Critics Choice Awards (8x)<br>
746527;Proč ženy zabíjí;2019;86.25199362041467;;https://image.pmgstatic.com/cache/resized/w420/files/images/film/posters/169/945/169945703_n333f5.png;https://www.csfd.cz/film/746527-proc-zeny-zabiji/;USA;Komedie / Krimi / Drama;Why Women Kill;V tomto temném komediálním dramatu vystupují tři ženy z různých dekád, které žijí ve stejném době a zažívají manželské neshody. Žena v domácnosti v 60. letech, dáma v 80. letech a právnička v roce 2019. (SkyShowtime);Na VOD od 03.06.2021 Paramount+ (Série 2);;2.0;20.0;David Grossman, Elizabeth Allen Rosenbaum, Marc Webb;Lucy Liu, Ginnifer Goodwin, Kirby Howell-Baptiste, Alicia Coppola, Philip Anthony-Rodriguez, Bobby Nish, David Banks, Alexandra Daddario, Robert Craighead, Jack Davenport;;https://www.skyshowtime.com/cz/stream/tv/proc-zeny-zabiji/75e6aedc-9b7c-3c6e-966b-94bb80238065<br>https://www.skyshowtime.com<br>https://www.skyshowtime.com/cz/stream/tv/proc-zeny-zabiji/75e6aedc-9b7c-3c6e-966b-94bb80238065<br>https://apps.apple.com/cz/app/id6755365206<br>https://play.google.com/store/apps/details?id=cz.csfd.csfdroid<br>;;
912853;Všechny velké a malé bytosti;2020;86.99875466998755;;https://image.pmgstatic.com/cache/resized/w420/files/images/film/posters/167/293/167293822_19aa16.jpg;https://www.csfd.cz/film/912853-vsechny-velke-a-male-bytosti/;Velká Británie;Drama;All Creatures Great and Small;James Herriot, čerstvý absolvent oboru veterinářství na univerzitě v Glasgow, jde za svým snem stát se veterinářem v úchvatném Yorkshire Dales, ale brzy zjistí, že léčit zvířata znamená především léčit jejich majitele – a že farmáři z Dalesu jsou drsní lidé, které těžko o něco prosit. Ve Skeldale House se James seznamuje se svou novou, dysfunkční rodinou – se svým chaotickým a chybujícím šéfem Siegfriedem Farnonem, jeho umíněným bratrem Tristanem a mazanou paní Hallovou, která chce neustále vše řídit. Když Jamese zaujme místní kráska Helen Alderson, má další důvod v Dalesu zůstat. (Viasat);V TV od 01.09.2020 Channel 4;podle knihy, muž, žena, rodina, 20. století, děti, mládež, chlapec, zvířata, vzpomínky, období 1940-1950, sourozenci, venkov, vesnice, doktoři, bratři, dům, období 1930-1940, bratr, veterináři;6.0;42.0;Andy Hay, Metin Hüseyin, Brian Percival;Anna Madeley, Samuel West, Rachel Shenton, Callum Woodhouse, Nigel Betts, Matthew Lewis, Melanie Kilburn, Diana Rigg, Nigel Havers, Maimie McCoy;James Herriot;https://apps.apple.com/cz/app/id6755365206<br>https://play.google.com/store/apps/details?id=cz.csfd.csfdroid<br>;;
1420160;Slovo pacana. Krov na asfaltě;2023;89.56521739130434;;https://image.pmgstatic.com/cache/resized/w420/files/images/film/posters/168/349/168349140_alsx52.jpg;https://www.csfd.cz/film/1420160-slovo-pacana-krov-na-asfalte/;Rusko;Krimi / Drama;Слово пацана. Кровь на асфальте;Konec 80. let. Zatímco rodiče bojují o přežití v měnícím se světě, děti bojují o území. Dva čtrnáctiletí chlapci, Andrej a Marat, hledají ochranu a podporu uprostřed násilí a chudoby – a nacházejí ji na ulici. (FunDinDung);;láska, vražda, policie, škola, gang, sebevražda, chudoba, šikana;0.0;8.0;Žora Kryžovnikov;Ivan Jankovskij, Anastasija Krasovskaja, Anton Vasiljev, Sergej Burunov, Nikita Kologrivyj, Julija Alexandrova, Ivan Makarevič, Olga Lapšina;;https://apps.apple.com/cz/app/id6755365206<br>https://play.google.com/store/apps/details?id=cz.csfd.csfdroid<br>;;
109401;Haló, haló!;1982;85.67190535052093;;https://image.pmgstatic.com/cache/resized/w420/files/images/film/posters/000/033/33501_bbac19.jpg;https://www.csfd.cz/film/109401-halo-halo/;Velká Británie;Komedie / Válečný;'Allo 'Allo!;"Haló, haló, tady lelek, jak mě slyšíte? Přepínám! Toto heslo po více než deset let neomylně rozsvěcovalo televizní obrazovky po celé Británii, aby do domácnosti milionů Angličanů vpustily postavy a postavičky, zalidňující jeden z nejúspěšnějších britských komediálních seriálů všech dob. Jeho pilotní díl byl natočen už v roce 1982 a celkový počet epizod se nebezpečně přiblížil stovce. Po více než deset let bavily Brity příhody malého francouzského kavárníka Reného Artoise, který neměl jinou touhu, než v klidu a míru obsluhovat hosty svého útulného podničku a sem tam se pomazlit s některou ze svých pohledných servírek (pochopitelně tak, aby se o tom nedozvěděla jeho žárlivá žena!), jemuž však - ó běda! - bylo souzeno stát se nedobrovolným hrdinou odboje.Neboť se píše rok 1940, světem otřásá druhá světová válka a Reného kavárničku v městečku Nouvion kdesi v severní Francii si jako svůj nový ""konspirační dům"" vyhlédla místní partyzánská skupina. A přitom je to místo tak nepříhodné! Dnes a denně je plné německých vojáků, kteří si sem chodí odpočinout a rozptýlit se po své náročné okupační práci, a René se má opravdu co otáčet, aby všem jejich požadavkům vyhověl. Pravda je, že se mu zatím docela dařilo vycházet jak s nimi, tak se svým svědomím - protože vyloženě kolaborovat zase nechce, ovšem žít se musí a kápne-li občas z bohatých německých proviantních zásob nějaký drobínek do Reného spižírny, mají z toho prospěch všichni, že...A nyní je tato idylka tak dramaticky narušena! Jenže odmítnout partyzány dost dobře nejde, první úkol - ukrýt přechodně dva sestřelené britské letce - na sebe vzal konkrétní podobu, vysílačka, která bude zprostředkovávat spojení s Londýnem, je instalována v pokoji Reného tchyně (na jediném místě v domě, kam nikdo nejde, když nemusí!) a chudák René se rázem - zato neodvolatelně - ocitá ve dvojím ohni. Jestli Němci, nedej bůh, přijdou na to, že spolupracuje s partyzány, zastřelí ho. A bude-li se partyzánům zdát, že spolupracuje málo, zastřelí ho zas oni...Nic se ovšem nejí tak horké, jak se uvaří a nebyl by to mazaný Francouz, kdyby se nedokázal dostat z každé šlamastiky. I když mu to někdy, popravdě řečeno, dá dost práce a i když se přitom občas dostává do nejneuvěřitelnějších komických situací. V nichž mu ovšem s úspěchem sekundují všechny další postavy a postavičky seriálu: mírně přituplý německý velitel města se svým pobočníkem, jejichž jediným zájmem je zaopatřit se na horší časy a zatím si užít všeho, co sladká Francie skýtá; samolibý gestapáček Herr Flick, nezvratně přesvědčený o své nadřazenosti a genialitě; tajnosnubná partyzánka Michelle se svým věčným ""Dobře mě poslouchejte, nebudu to víckrát opakovat!""; poručík Gruber, neodolatelně přitahovaný mužným Reného zjevem; britští letci Fairfaix a Carstairs, ztracení v zemi, jejímuž jazyku nerozumějí, a odevzdaně podstupující martyrium tisíce a jednoho plánu na svou záchranu; kasař, zloděj a padělatel pan Leclerc, beroucí na sebe podle potřeby desítky jiných podob; neodolatelný monsieur Alfons, majitel pohřebního ústavu ""Rychle a stylově"", přitahovaný i přes svůj věk a ""budíčka"" u srdce ženskou krásou a půvabem...Autoři se nezastavili před ničím, nic jim nezůstalo svaté. Dělají si legraci sami ze sebe, z Němců i z Francouzů, z hrdinství i z odboje, ze statečnosti i zbabělosti. Snad proto jejich seriál mnohé - pro něž jsou některá témata nedotknutelná - pobouřil. Ale naštěstí mnohem víc bylo těch, které potěšil, kterým přinesl úsměv, pohodu a rozptýlení. (Česká televize)";V TV od 30.12.1982 BBC;láska, 20. století, tajemství, matka, policie, strach, manželé, dcera, gay, období 1940-1950, 2. světová válka, vojáci, intriky, nevěra, vězení, podvod, milostný trojúhelník, těhotenství, agenti, zpěv, nacismus, vydírání, prostitutka, rozvod, zpěvačka, odboj, zpěvák, pašování, piloti, okupace, narozeniny, partyzáni, sabotáž, kavárna, tank, gestapo, britcom, dezerce, slepice, dezertéři, francouzský odboj;9.0;85.0;David Croft, Martin Dennis, Richard Boden;Gorden Kaye, Carmen Silvera, Vicki Michelle, Richard Marner, Kim Hartman, Guy Siner, Rose Hill, Philip Kendall, Jack Haig, Richard Gibson;;http://www.ceskatelevize.cz<br>http://www.ceskatelevize.cz<br>https://apps.apple.com/cz/app/id6755365206<br>https://play.google.com/store/apps/details?id=cz.csfd.csfdroid<br>;;
1153875;Tučňák;2024;85.76789226811923;;https://image.pmgstatic.com/cache/resized/w420/files/images/film/posters/169/200/169200328_iykfmu.jpg;https://www.csfd.cz/film/1153875-tucnak/;USA;Krimi / Drama;The Penguin;Další kapitola ságy o Batmanovi, kriminální drama, sleduje snahu Oswalda „Oze“ Cobba (Colin Farrell) o získání moci a nadvlády v Gotham City. (Max);Na Blu-ray od 19.03.2025 Magic Box;vražda, policie, město, vrah, pomsta, lež, drogy, zločin, zrada, podvod, gangsteři, mafie, gang, krádež, podsvětí (svět zločinu), zloděj, podle komiksu, nespravedlnost, psychopat, korupce, DC Comics, drogový dealer, drogový kartel, Batman, křivda, masový vrah, Penguin (DC Comics);0.0;8.0;Craig Zobel, Lauren LeFranc, Helen Shaver;Colin Farrell, Clancy Brown, Carmen Ejogo, Cristin Milioti, Shohreh Aghdashloo, Michael Kelly, Michael Zegen, Deirdre O'Connell, James Madio, Scott Cohen;;https://www.hbomax.com/cz/en/shows/penguin/5756c2bf-36f8-4890-b1f9-ef168f1d8e9c<br>https://sledovanitv.cz/epg/event/hbo_comedy:20251211ece11a1c7bb06c56b3704d1b05ca8a99<br>https://www.hbomax.com/cz/en/shows/penguin/5756c2bf-36f8-4890-b1f9-ef168f1d8e9c<br>https://sledovanitv.cz/epg/event/hbo_comedy:20251211ece11a1c7bb06c56b3704d1b05ca8a99<br>https://www.csfd.cz/vod/hbo-max/<br>https://apps.apple.com/cz/app/id6755365206<br>https://play.google.com/store/apps/details?id=cz.csfd.csfdroid<br>;Independent Spirit Awards (1x)<br>Golden Globes (2x)<br>Critics Choice Awards (2x)<br>The Saturn Awards (2x)<br>;Golden Globes (1x)<br>Critics Choice Awards (2x)<br>The Saturn Awards (2x)<br>
143197;Divoké sny Maxipsa Fíka;1983;85.85662884029892;;https://image.pmgstatic.com/cache/resized/w420/files/images/film/posters/170/211/170211759_60akwm.jpg;https://www.csfd.cz/film/143197-divoke-sny-maxipsa-fika/;Československo;Animovaný / Komedie / Rodinný;Maxipes Fík II.;Poněkud přerostlého psa Fíka vymyslel spisovatel Rudolf Čechura a namaloval malíř Jiří Šalamoun. A protože i psi mají sny, zdá se také našemu maxipsu leccos napínavého i legračního. Nechte si to vyprávět hercem Josefem Dvořákem, který propůjčil Fíkovi svůj hlas i v televizním večerníčku. A co se vlastně Fíkovi zdálo? Třeba jak hrál kopanou, jak řídil auto, jak prožil Vánoce a jak se stal, představte si, kormidelníkem opravdovského zaoceánského parníku… (Česká televize);V TV od 30.12.1983 Československá televize;podle knihy, dívka, psi, večerníček;0.0;13.0;Václav Bedřich;Josef Dvořák;Rudolf Čechura;http://www.ceskatelevize.cz<br>http://www.ceskatelevize.cz<br>https://apps.apple.com/cz/app/id6755365206<br>https://play.google.com/store/apps/details?id=cz.csfd.csfdroid<br>;;
1093193;Chainsaw Man;2022;86.22873900293256;;https://image.pmgstatic.com/cache/resized/w420/files/images/film/posters/166/531/166531755_8fa334.jpg;https://www.csfd.cz/film/1093193-chainsaw-man/;Japonsko;Animovaný / Akční / Dobrodružný;Chensoman;Japonsko. Lidstvo žije v neustálém ohrožení ďábly/démony, kteří ztělesňují lidský strach. Čím větší je strach, tím silnější je ďábel. Proti tomuto všeobecnému ohrožení bojují „lovci ďáblů“ – jak ti posvěceni vládou, tak i další na volné noze. Denji je teenager, který nesní po ničem jiném, než po normálním životě, ve kterém bude mít dostatek jídla, hezký domov a nakonec snad i přítelkyni. Jeho největšími tužbami je jednou jíst i něco jiného, než suchý chleba, a dívčí objetí. Místo toho musí žít na úplném okraji společnosti v rozpadající se chajdě a splácet obrovský dluh po otci, kvůli němuž mu Yakuza hrozí smrtí. Když jednou náhodou narazí na malého, překvapivě roztomilého a zraněného ďábla Pochitu a pomůže mu k zotavení tím, že mu nabídne svou krev, začnou spolu pro zmíněné gangstery lovit další ďábly, kteří sužují japonský venkov. Yakuza má však s ulovenými monstry vlastní plány a Denji i Pochita se brzy stanou postradatelnými. (TheDarKnig);V TV od 11.10.2022 TV Tokyo;násilí, zbraně, anime, pomsta, mafie, zabijáci, gore, monstra, démoni, kanibalismus, yakuza, podle mangy, CGI animace, body horror, šónen, seinen, urban fantasy;0.0;12.0;Rjú Nakajama, Tacuja Jošihara, Tomomi Kamija;Toja Kikunosuke, Tomori Kusunoki, Šógo Sakata, Ai Fairouz, Šiori Izawa, Marija Ise, Karin Takahaši, Taku Jaširo, Kendžiró Cuda, Maaja Učida;Tacuki Fudžimoto;https://apps.apple.com/cz/app/id6755365206<br>https://play.google.com/store/apps/details?id=cz.csfd.csfdroid<br>;The Saturn Awards (1x)<br>;
774160;Láska padá z nebe;2019;86.53429602888086;;https://image.pmgstatic.com/cache/resized/w420/files/images/film/posters/163/996/163996191_4a23bb.jpg;https://www.csfd.cz/film/774160-laska-pada-z-nebe/;Jižní Korea;Drama / Romantický / Komedie;Sarangeui bulsichak;Nehoda při paraglidingu zavede jihokorejskou dědičku do Severní Koreje – a taky do života armádního důstojníka, který se rozhodne jí pomoct. (Netflix);V TV od 14.12.2019 tvN (Total Variety Network);láska, vojáci, zrada, Severní Korea;0.0;16.0;Jeong-hyo Lee;Bin Hyun, Ye-jin Son, Ji-hye Seo, Jeong-hyeon Kim, Kyeong-eup Nam, Ji-min Yoon, Hye-jin Jang, Yeong-min Kim, Soo-bin Yoo, Jeong-nan Kim;;https://www.netflix.com/title/81159258<br>https://www.netflix.com/<br>https://www.netflix.com/title/81159258<br>https://apps.apple.com/cz/app/id6755365206<br>https://play.google.com/store/apps/details?id=cz.csfd.csfdroid<br>;;
1466778;Pan Bates versus Britská pošta;2024;87.00135685210311;;https://image.pmgstatic.com/cache/resized/w420/files/images/film/posters/168/504/168504987_st5zn7.jpg;https://www.csfd.cz/film/1466778-pan-bates-versus-britska-posta/;Velká Británie;Životopisný / Drama;Mr Bates vs. The Post Office;Věčný příběh souboje malého člověka se systémem... Pan Bates versus Britská pošta je čtyřdílná britská minisérie, která vznikla v produkci televizní společnosti ITV podle scénáře Gwyneth Hughesové. Sérii režíroval zkušený James Strong a v titulní roli se představil uznávaný anglický herec Toby Jones. Minisérie je dramatizací skutečného skandálu Britské pošty, v jehož rámci byly kvůli chybnému počítačovému systému stovky vedoucích lokálních poštovních poboček neprávem obviněny z krádeže, podvodu a falešného účetnictví. Série sleduje jejich mnohaletý a vyčerpávající boj o dosažení spravedlnosti, k němuž přispělo i její premiérové vysílání v lednu 2024, po němž v Británii následovala mediální, společenská i politická bouře a ke skandálu se na půdě britského parlamentu vyjadřoval i samotný tehdejší premiér Rishi Sunak. (Česká televize);Na VOD od 01.01.2024 ITVX;podle skutečného příběhu, soud, nespravedlnost, křivé obvinění, skandál, Velká Británie, křivda, dokudrama, pošťák, zpronevěra, účetnictví, pošta (místo);0.0;4.0;James Strong;Toby Jones, Amy Nuttall, Susan Brown, Monica Dolan, Julie Hesmondhalgh, Will Mellor, Shaun Dooley, Alex Jennings, Kai Owen, Katherine Kelly;;http://www.ceskatelevize.cz<br>http://www.ceskatelevize.cz<br>https://apps.apple.com/cz/app/id6755365206<br>https://play.google.com/store/apps/details?id=cz.csfd.csfdroid<br>;Critics Choice Awards (1x)<br>;
165808;Podfukáři;2004;85.60560790622846;;https://image.pmgstatic.com/cache/resized/w420/files/images/film/posters/170/088/170088492_xm87oy.jpg;https://www.csfd.cz/film/165808-podfukari/;Velká Británie;Krimi / Drama / Mysteriózní;Hustle;Je to vydarená partia. Už si o tom šušká celé podsvetie. Mickey Stone, podvodník extra triedy, je konečne na slobode. A samozrejme, nevie sa dočkať toho, ako niečo opäť rozbehne. Jeho tím je však nutné opäť sformovať. Pred tým, ako sa Mickey rozhodne odísť do dôchodku, sa musí dôstojne rozlúčiť. Už majú vytipovanú aj obeť a práve vo chvíli, keď je búda takmer ušitá, klope na dvere Danny Blue. Dannymu príliš neveria, pretože iba začína. Nikto však nečakal, že sa uvedie tak dobrým spôsobom. Aj keď biznisman dovtedy možno nebol celkom presvedčený o tom, že robí správne, po Dannyho výstupe o tom nemá najmenšie pochybnosti...;;;8.0;48.0;Otto Bathurst, James Strong, Colm McCarthy;Robert Glenister, Robert Vaughn, Adrian Lester, Marc Warren, Jaime Murray, Matt Di Angelo, Kelly Adams, Ashley Walters, Rob Jarvis, Stephen Campbell Moore;;/tvurce/918414-kerry-appleyard/prehled/<br>https://apps.apple.com/cz/app/id6755365206<br>https://play.google.com/store/apps/details?id=cz.csfd.csfdroid<br>;The Saturn Awards (1x)<br>;
294212;Zločin;2011;85.67935731749913;;https://image.pmgstatic.com/cache/resized/w420/files/images/film/posters/164/824/164824167_2b3534.jpg;https://www.csfd.cz/film/294212-zlocin/;USA;Krimi / Drama / Mysteriózní;The Killing;Sarah čeká poslední den v práci. Stěhuje se i se synem za snoubencem. Je však povolána do parku, kde se našel dívčí svetr a kreditní karta. Vyjde najevo, že oblečení patří pohřešované dívce. Osobní život bude muset jít na chvíli stranou... (TV Prima);V TV od 03.04.2011 AMC;vražda, vyšetřování, indiánská rezervace;4.0;44.0;Ed Bianchi, Nicole Kassell, Phil Abraham;Mireille Enos, Joel Kinnaman, Billy Campbell, Liam James, Michelle Forbes, Brent Sexton, Kristin Lehman, Eric Ladin, Jamie Anne Allman, Evan Bird;;https://srv.tunefindforfans.com/showads/track/srvclk.php?aid=100006796&lp=https://www.disneyplus.com/en-cz/browse/entity-f5da5c2d-4626-4ba9-bcf3-ff5f891771fb<br>https://srv.tunefindforfans.com/showads/track/srvclk.php?aid=100006796&lp=https://www.disneyplus.com/en-cz/browse/entity-f5da5c2d-4626-4ba9-bcf3-ff5f891771fb<br>https://apps.apple.com/cz/app/id6755365206<br>https://play.google.com/store/apps/details?id=cz.csfd.csfdroid<br>;Golden Globes (1x)<br>The Saturn Awards (5x)<br>;The Saturn Awards (1x)<br>
404475;Miliardy;2016;85.88049320265571;;https://image.pmgstatic.com/cache/resized/w420/files/images/film/posters/168/964/168964592_0xp2oi.jpg;https://www.csfd.cz/film/404475-miliardy/;USA;Drama;Billions;"Držitelé cen Emmy® a Zlatý glóbus® Paul Giamatti a Damian Lewis excelují ve spletitém dramatu o mocenské politice v newyorském světě velkých financí. Mazaný a protřelý státní zástupce Chuck Rhoades (Giamatti) se dostane do ostrého střetu s geniálním, ambiciózním králem spekulativních investičních fondů Bobbym ""Axe"" Axelrodem (Lewis). Oba využívají veškeré své moci, vlivu a taktik, aby se navzájem přechytračili. V tomhle aktuálním, provokativním seriálu jde totiž o miliardy. (HBO Europe)";Na VOD od 11.08.2023 Showtime (Série 7);peníze;7.0;84.0;Neil Burger, James Foley, Scott Hornbacher;Paul Giamatti, Damian Lewis, Maggie Siff, Malin Åkerman, Toby Leonard Moore, Liz Celeste, Marko Caka, David Costabile, Jeffrey DeMunn, Terry Kinney;;https://www.hbomax.com/cz/en/shows/billions/4f03a242-5dfe-4c85-8752-556210162769<br>https://www.skyshowtime.com/cz/stream/tv/miliardy/cb5f87a5-309d-3ab6-bfb9-7dc2d6320ea2<br>http://www.hbo.eu<br>http://www.hbo.eu<br>/novinky/9659-netflix-zakoupi-studio-warner-bros/<br>/novinky/9659-netflix-zakoupi-studio-warner-bros/<br>/novinky/9659-netflix-zakoupi-studio-warner-bros/<br>https://www.hbomax.com/cz/en/shows/billions/4f03a242-5dfe-4c85-8752-556210162769<br>https://www.skyshowtime.com/cz/stream/tv/miliardy/cb5f87a5-309d-3ab6-bfb9-7dc2d6320ea2<br>https://apps.apple.com/cz/app/id6755365206<br>https://play.google.com/store/apps/details?id=cz.csfd.csfdroid<br>;Critics Choice Awards (5x)<br>;
1271191;Křehký hrdina;2022;87.02702702702703;;https://image.pmgstatic.com/cache/resized/w420/files/images/film/posters/167/101/167101613_744c1c.jpg;https://www.csfd.cz/film/1271191-krehky-hrdina/;Jižní Korea;Akční / Drama;Yakhanyeongung;Yeon Si-Eun (Ji-Hoon Park) je vzorný student, který nemá jiný zájem než studovat. Fyzicky vypadá Yeon Si-Eun jako slabý chlapec, chytře se ale chrání rychlým rozhodováním a pomocí své inteligence. S pomocí Soo Ho a Bum Seoka bojuje proti násilí, které se odehrává v jeho škole i mimo ni. (Nam.94);Na VOD od 18.11.2022 Wavve (Prvák);střední škola, šikana, Jižní Korea;2.0;16.0;Su-min You;Ji-Hoon Park, Hyun-wook Choi, Kyung Hong, Su Gyeom Kim, Seung-ho Shin, Han-cheol Jo, Seong Yong Yu;;https://www.csfd.cz/vod/netflix/<br>https://apps.apple.com/cz/app/id6755365206<br>https://play.google.com/store/apps/details?id=cz.csfd.csfdroid<br>;;
1220615;Scavengers Reign;2023;87.21044045676999;;https://image.pmgstatic.com/cache/resized/w420/files/images/film/posters/168/096/168096963_u5assc.jpg;https://www.csfd.cz/film/1220615-scavengers-reign/;USA;Animovaný / Sci-Fi / Dobrodružný / Drama;;Posádka poškozené nákladní lodi v hlubokém vesmíru uvízne na krásné, ale nebezpečné planetě. (BMW12);Na VOD od 19.10.2023 Max;vesmírná loď, vesmírná nehoda;0.0;12.0;Joe Bennett, Charles Huettner, Benjy Brooke;Alia Shawkat, Wunmi Mosaku, Sunita Mani, Bob Stephenson, Ted Travelstead, Pollyanna McIntosh, Dash Williams, Freddy Rodríguez, Chris Diamantopoulos, Okieriete Onaodowan;;https://www.youtube.com/watch?v=1TRzemJbUsw<br>https://www.csfd.cz/vod/hbo-max/<br>https://apps.apple.com/cz/app/id6755365206<br>https://play.google.com/store/apps/details?id=cz.csfd.csfdroid<br>;;
1185714;1923;2022;85.70496083550914;;https://image.pmgstatic.com/cache/resized/w420/files/images/film/posters/166/991/166991531_38c884.jpg;https://www.csfd.cz/film/1185714-1923/;USA;Drama / Western;1923;Braňte se, nebo zemřete. Příběh o původu ranče Yellowstone pokračuje. Osud rodiny Duttonových v období plného útrap v podobě enormního sucha, prohibice a počátků velké hospodářské krize... Rodinu Duttonových vždy pronásledovalo násilí a našlo si ji i ve skrytu borovic mezi řekami v americké Montaně. Uplynulo dlouhých čtyřicet let od tragických událostí, které vedly k založení ranče Yellowstone. Ten založil James Dutton, ale jeho sen se zhmotnil až po jeho smrti, když jeho bratr Jacob (Harrison Ford) se svou ženou Carou (Helen Mirrenová) vybudovali z rodinného ranče mocné impérium a za vlastní přijali osiřelé synovce Spencera (Brandon Sklenar) a Johna (James Badge Dale). Zatímco Spencer hledá svou ztracenou duši v africké divočině, starší John a jeho jediný syn Jack (Darren Mann) jsou oddaní a loajální rodině... Další generace rodiny Duttonových čelí nástrahám poválečné krize a nese kříž rodiny očistcem 20. století. Překotné období po 1. světové válce se nese ve znamení společenských změn, hospodářských krizí a nelítostných válek o úrodnou půdu. V Montaně panuje vražedné sucho a pustá půda znamená zkázu pro místní rančery a jejich dobytek. Ranč Yellowstone proto představuje lákavou kořist pro konkurenční rančery a mocného těžaře. Duttonovi musí v krvavé válce bránit, co sami vybudovali. Strach nepřátel totiž musí být silnější než jejich chamtivost. (Česká televize);Na VOD od 18.12.2022 Paramount+ (Season 1);láska, žena, rodina, smrt, vražda, 20. století, násilí, dívka, otec, matka, rodiče, manželé, dcera, zbraně, vrah, ženy, zvířata, škola, cestování, vzpomínky, dospívání, sex, sny, učitel, doktoři, svatba, soud, stáří, těhotenství, víra, rvačka, lodě, Afrika, oceán, zima, právníci, koně, prostituce, křesťanství, prostitutka, vlak, indiáni, snoubenci, pláž, pohřeb, lov, učitelka, období 1920-1930, soudce, porod, dobrodružství, trest, novomanželé, kovbojové, synovec, promiskuita, ranč, přístav, lovci, soudní spor, soudní síň, dobytek, indiánská rezervace, vlakové nádraží, Montana;2.0;15.0;Ben Richardson, Guy Ferland;Harrison Ford, Helen Mirren, Brandon Sklenar, Marley Shelton, Brian Geraghty, James Badge Dale, Timothy Dalton, Robert Patrick, Peter Stormare, Sebastian Roché;;https://www.skyshowtime.com/cz/stream/tv/1923/6dd877bc-d6fa-3838-be58-1a147dc5ce36<br>http://www.ceskatelevize.cz<br>http://www.ceskatelevize.cz<br>https://www.skyshowtime.com/cz/stream/tv/1923/6dd877bc-d6fa-3838-be58-1a147dc5ce36<br>https://apps.apple.com/cz/app/id6755365206<br>https://play.google.com/store/apps/details?id=cz.csfd.csfdroid<br>;AACTA International Awards (1x)<br>Golden Globes (2x)<br>;
342565;Endeavour;2012;86.05700712589073;;https://image.pmgstatic.com/cache/resized/w420/files/images/film/posters/157/915/157915116_94d062.jpg;https://www.csfd.cz/film/342565-endeavour/;Velká Británie;Krimi / Drama / Mysteriózní;Detektiv Endeavour Morse;Seriál se odehrává v 60. letech a soustředí se na začátek kariéry Endeavoura Morse na pozici policejního strážníka. Morse se s partnerem detektivem Fredem Thursdayem zapojí do vyšetřování v Oxfordu. (Viasat);V TV od 14.04.2013 Independent Television;muž, smrt, vražda, 20. století, násilí, tajemství, policie, záhady, vyšetřování, vrah, oběť (autonehody/zločinu), pátrání, detektiv, podsvětí (svět zločinu), období 1960-1970, Oxfordská univerzita;9.0;36.0;Edward Bazalgette, Colm McCarthy, Tom Vaughan;Shaun Evans, Roger Allam, Anton Lesser, Sean Rigby, Jack Laskey, Simon Kunz, Jonathan Hyde, Nigel Cooke, Chris Larkin, John Light;;/tvurce/381274-louis-ashbourne-serkis/prehled/<br>/tvurce/717789-pearl-appleby/prehled/<br>https://apps.apple.com/cz/app/id6755365206<br>https://play.google.com/store/apps/details?id=cz.csfd.csfdroid<br>;;
962935;Mušoku tensei: Isekai ittara honki dasu;2021;87.02453987730061;;https://image.pmgstatic.com/cache/resized/w420/files/images/film/posters/165/087/165087434_ba7412.jpg;https://www.csfd.cz/film/962935-musoku-tensei-isekai-ittara-honki-dasu/;Japonsko;Animovaný / Fantasy;無職転生~異世界行ったら本気だす~;Když umíral jeden 34letý muž poté, co ho srazil kamion, rozhodně netušil, co bude dál. Sice příchodu smrti nijak extra nelitoval, protože jeho život dosáhl bodu, kdy již 20 let nikam nesměřoval, zůstával zavřený doma, protože se na něm podepsala šikana z dob studií a nedávno zemřeli i jediní, na kom mu trochu záleželo, tedy jeho rodiče, ale i tak. Tento nezaměstnaný asociál a panic totiž dostal novou šanci, a to ve světě, kterému vládne meč a magie. Navíc jeho staré já pořád zůstává v tomto novém těle, pamatuje si vše, a tak je muž odhodlaný využít všechny své zkušenosti k tomu, aby byl jeho život tentokrát jiný. Nebude to jednoduchá cesta, přeci jen všechna ta traumata z jeho minulého života v jeho duši pořád zůstávají, také zdejší svět rozhodně není tím nejlehčím místem k životu, ale chlapec má díky svým novým genům jisté dobré předpoklady. Přeci jen, když je váš otec bývalý dobrodruh, ovládající boj s mečem jako nikdo druhý a vaše matka má silné magické schopnosti, pak i potomek má velkou šanci, že podědí nějaké to nadání. A Rudeus Greyrat opravdu má talent, jeho magické schopnosti se totiž projevili už v dětství, a tak se rodiče rozhodli mu zajistit náležitý výcvik. Tak se chlapec setkal s čarodějkou Roxy, která se stala na dva roky jeho učitelkou a také jeho první velkou láskou. Rudy se rozhodl využít všech svých schopností k tomu, aby se prosadil, a protože je v jeho těle muž v nejlepších letech, také k tomu, aby byl tentokrát opravdu úspěšný u žen... (Jeoffrey);V TV od 11.01.2021 Tokyo MX;láska, magie, bohové, internátní škola, paralelní svět, isekai, polygamie;3.0;61.0;Manabu Okamoto, Hiroki Hirano, Jošinobu Tokumoto;Jumi Učijama, Ai Kakuma, Ai Kajano, Konomi Kohara, Daisuke Namikawa, Hisako Kanemoto, Tomokazu Sugita, Tošijuki Morikawa, Lynn, Hiroki Maeda;Rifudžin na Magnote;https://apps.apple.com/cz/app/id6755365206<br>https://play.google.com/store/apps/details?id=cz.csfd.csfdroid<br>;;
59676;Poslední království;2015;85.44874202027788;;https://image.pmgstatic.com/cache/resized/w420/files/images/film/posters/166/485/166485376_wb3x0a.jpg;https://www.csfd.cz/film/59676-posledni-kralovstvi/;Velká Británie;Drama / Historický / Akční;The Last Kingdom;Alfréd Veliký brání své království před seveřany. Uhtred, který se narodil jako Sas, ale vychovali ho Vikingové, se snaží nabýt svého právoplatného dědictví. (Netflix);V TV od 22.10.2015 BBC;rodina, vražda, násilí, pomsta, politika, vojáci, intriky, rivalita, zrada, souboje, bratři, moře, válka, náboženství, křesťanství, král, rukojmí, středověk, bitva, otroctví, vikingové, diplomacie;5.0;46.0;Peter Hoar, Nick Murphy, Anthony Byrne;Alexander Dreymon, David Dawson, Ian Hart, Millie Brady, Eliza Butterworth, Harry McEntire, Mark Rowley, Emily Cox, Arnas Fedaravicius, Adrian Bouchet;Bernard Cornwell;https://www.netflix.com/title/80074249<br>https://www.netflix.com/<br>https://www.netflix.com/title/80074249<br>https://www.csfd.cz/vod/netflix/<br>https://www.csfd.cz/vod/netflix/<br>https://www.csfd.cz/vod/netflix/<br>https://apps.apple.com/cz/app/id6755365206<br>https://play.google.com/store/apps/details?id=cz.csfd.csfdroid<br>;;
439032;Tohle jsme my;2016;85.75262054507337;;https://image.pmgstatic.com/cache/resized/w420/files/images/film/posters/161/084/161084579_604184.jpg;https://www.csfd.cz/film/439032-tohle-jsme-my/;USA;Komedie / Drama;This Is Us;"Seriál Tohle jsme my sleduje životy manželů Jacka a Rebeccy Pearsonových a jejich tří dětí, jež přišly na svět v den otcových narozenin. Kate a Kevin se měli narodit z trojčat, ale jejich biologický bratr zemřel při porodu. Rodiče však byli připraveni si odnést domů tři děti, a tak adoptovali dalšího novorozence Randalla, který se narodil ve stejný den a byl přinesený do nemocnice, když ho jeho biologický otec zanechal u hasičské stanice. Pilotní díl začíná v den šestatřicátých narozenin už dospělých sourozenců, z nichž každý se potýká s různými problémy. Kevin se prosadil jako televizní herec, ale není si jistý, kým vlastně je a kým chce být. Kate je obézní a nedokáže s tím nic dělat, dokud se během terapie neseznámí se stejně postiženým Tobym. Nejúspěšnější je Randall, který je partnerem ve velké firmě, ovšem celý život cítí zášť ke svému skutečnému otci, dokud ho blíže nepozná... Působivé drama je vyprávěno nelineárním, a tím pádem na sledování náročnějším způsobem. Volně se pohybuje ve třech časových úsecích – 1980 (narození dětí), 1987–95 (děti rostou), současnost (děti jsou dospělé) – v jedné scéně se tak můžeme dozvědět o úmrtí jednoho z aktérů, abychom ho vzápětí sledovali v jiném období. Silně napsané postavy jsou nesmírně živé, uvěřitelné, a přestože mají řadu negativních rysů, jejich postoje jsou vesměs pozitivní. Všechny jsou bezchybně obsazeny a přesvědčivě ztvárněny svými hereckými představiteli.Milo Ventimiglia (nar. 1977) se prosadil zejména v televizi. Měl např. velké role v úspěšných seriálech Gilmorova děvčata (2001–06) a Hrdinové (2006–10). Za roli Jacka má dvě nominace na Emmy... Mandy Mooreová (nar. 1984) je známá především jako zpěvačka. Za postavu Rebeccy má jednu nominaci na Zlatý glóbus... Sterling K. Brown (nar. 1976) je veteránem americké televizní tvorby. Oceňovanou postavu advokáta Christophera Dardena, žalobce ve sledovaném procesu s O. J. Simpsonem, vytvořil v seriálu American Crime Story (2015–16). Za roli adoptivního syna Randalla získal Emmy, Zlatý glóbus a Cenu Cechu amerických herců (SAG); ty dvě poslední dokonce jako první afroamerický herec za hlavní úlohu v dramatickém seriálu... Chrissy Metzová (nar. 1980) se před obsazením do seriálu Tohle jsme my uplatnila jen v několika menších seriálových rolích. Za postavu Kate byla dvakrát nominovaná na Zlatý glóbus a jednou na Emmy... Justin Hartley (nar. 1977) se zatím uplatnil zejména v televizi. Dostal větší příležitosti v seriálu Smallville (2006–11) jako zelený lučištník Green Arrow a pak v populární mýdlové opeře Mladí a neklidní (2014–16). V seriálu Tohle jsme my ztělesnil postavu Kevina... Susan Kelechi Watsonová (nar. 1981) hraje také hlavně v televizi (mj. seriály Třetí hlídka a Louie). Postava Randallovy manželky Beth je zatím její největší příležitostí... Chris Sullivan (nar. 1980) má na svém kontě několik menších filmových rolí, ale i on se uplatnil zejména v televizi, např. v Soderberghově historickém seriálu z newyorské nemocnice The Knick, u nás nazvaném Doktoři bez hranic. Postava Kateina přítele Tobyho je pro něho zatím největší výzvou... Scenárista, producent a režisér Dan Fogelman (nar. 1976, New Jersey) se prosadil v roce 2003 jako jeden ze scenáristů sitcomu Jako rodina. Stal se kmenovým autorem studia Pixar, kde se podílel na úspěšných animovaných titulech Auta, Bolt – pes pro každý případ a Na vlásku. Začal se specializovat na komedie pro dospělejší publikum (např. Bláznivá, zatracená láska nebo Frajeři ve Vegas), ale největších úspěchů dosáhl v televizi. Po sitcomu o rodině mimozemšťanů v New Jersey Sousedi (2012–14) a historickém komediálním seriálu Galavant (2015–16) vytvořil v roce 2016 mimořádně úspěšný příběh trojčat Tohle jsme my, který byl vyznamenán řadou prestižních ocenění, mj. Emmy a Zlatý glóbus pro jednoho z hlavních představitelů Sterlinga K. Browna a nominace na Zlatý glóbus a dvě Emmy v kategorii dramatických seriálů. (Česká televize)";V TV od 20.09.2016 National Broadcasting Company (NBC);rodina, otec, matka, sourozenci, bratři, babička, adopce;6.0;106.0;Glenn Ficarra, John Requa, Ken Olin;Milo Ventimiglia, Mandy Moore, Sterling K. Brown, Chrissy Metz, Justin Hartley, Susan Kelechi Watson, Gerald McRaney, Chris Sullivan, Alan Thicke, Caitlin Thompson;;https://www.csfd.cz/film/325857-the-neighbors/<br>http://www.ceskatelevize.cz<br>https://www.csfd.cz/film/325857-the-neighbors/<br>http://www.ceskatelevize.cz<br>https://apps.apple.com/cz/app/id6755365206<br>https://play.google.com/store/apps/details?id=cz.csfd.csfdroid<br>;Golden Globes (5x)<br>Critics Choice Awards (19x)<br>;Golden Globes (1x)<br>Critics Choice Awards (2x)<br>
1387618;Solo Leveling;2024;86.41744548286604;;https://image.pmgstatic.com/cache/resized/w420/files/images/film/posters/168/387/168387667_rbihzq.jpg;https://www.csfd.cz/film/1387618-ore-dake-level-up-na-ken/;Japonsko;Animovaný / Akční / Dobrodružný / Fantasy;Ore dake Level Up na Ken;Ve světě lovců s nadlidskými schopnostmi a nestvůr získá nevýrazný lovec Jinwoo Sung díky záhadnému programu neobyčejné schopnosti, které z něj udělají jednoho z nejsilnějších lovců a umožní mu dobýt i ty nejstrašnější žaláře. (mikki089);V TV od 06.01.2024 Tokyo MX;anime, souboje, gore, magie, démoni, paralelní svět, šónen, nekromancie, urban fantasy;2.0;25.0;Šunsuke Nakašige, Júja Horiuči, Takaši Sakuma;Taito Ban, Reina Ueda, Bandžó Ginga, Makoto Furukawa, Daisuke Hirakawa, Genta Nakamura, Hiroki Tóči, Haruna Mikawa, Anna Kitamoto, Naojuki Ageiši;Chugong, H-goon, Dubu;https://apps.apple.com/cz/app/id6755365206<br>https://play.google.com/store/apps/details?id=cz.csfd.csfdroid<br>;The Saturn Awards (1x)<br>;
771529;Genndy Tartakovsky's Primal;2019;86.62371134020619;;https://image.pmgstatic.com/cache/resized/w420/files/images/film/posters/164/217/164217462_bf865a.jpg;https://www.csfd.cz/film/771529-genndy-tartakovsky-s-primal/;USA;Animovaný / Akční / Dobrodružný;;Primal nám nám představí spojení dvou rozdílných světů a vznik jednoho nepravděpodobného přátelství. Lidé jsou na počátku své evoluce. Dinosauři se blíží konci své existence. A přesto mezi člověkem a dinosaurem vznikne přátelství svázané tragédií. Jen spolu totiž mohou přežít v tomto násilném rodícím se světě. (topr harley);V TV od 08.10.2019 Adult Swim;rodina, smrt, zvířata, pronásledování, krev, les, trauma, gore, lov, jeskyně, dinosauři, pravěk;3.0;30.0;Genndy Tartakovsky;Tom Kenny, Jon Olson, Laëtitia Eïdo, Fred Tatasciore, Noah Kaye Bentley, Imari Williams, Ike Amadi, Aaron LaPlante, Jacob Dudman, Giles Matthey;;https://www.hbomax.com/cz/en/shows/genndy-tartakovskys-primal/59dc1d55-bb08-4bb4-85dd-d03e64f4fef1<br>https://www.hbomax.com/cz/en/shows/genndy-tartakovskys-primal/59dc1d55-bb08-4bb4-85dd-d03e64f4fef1<br>https://apps.apple.com/cz/app/id6755365206<br>https://play.google.com/store/apps/details?id=cz.csfd.csfdroid<br>;Critics Choice Awards (1x)<br>The Saturn Awards (1x)<br>;
568833;Černá zmije;1983;85.26840490797547;;https://image.pmgstatic.com/cache/resized/w420/files/images/film/posters/000/027/27554_cb70d5.jpg;https://www.csfd.cz/film/568833-cerna-zmije/;Velká Británie;Komedie / Historický;Blackadder;Slavný britský sitcom odehrávající se v různých dobách. První série se odehrává v pozdním středověku, konkrétně do roku 1485. Druhá je pak situována v době vlády královny Alžběty I. (do roku 1558). Třetí série se pak odehrává na přelomu 18. a 19. století, čtvrtá během první světové války. Ve všech těchto časových liniích je protagonistou Edmund Černá zmije (Rowan Atkinson) a jeho sluha Baldrick (Tony Robinson). (Emo-haunter);V TV od 15.06.1983 BBC;britcom;4.0;24.0;Martin Shardlow, Mandie Fletcher, Richard Boden;Rowan Atkinson, Richard Murdoch, Roger Sloman, John Savident, Brian Blessed, Bill Wallis, Gretchen Franklin, John Hallam, Stephen Gressieux, Angus Deayton;;/tvurce/144450-joolia-cappleman/prehled/<br>https://apps.apple.com/cz/app/id6755365206<br>https://play.google.com/store/apps/details?id=cz.csfd.csfdroid<br>;;
286337;Spartakus: Bohové arény;2011;85.25249376558604;;https://image.pmgstatic.com/cache/resized/w420/files/images/film/posters/157/977/157977154_6d85a0.jpg;https://www.csfd.cz/film/286337-spartakus-bohove-areny/;USA;Akční / Drama / Dobrodružný / Historický;Spartacus: Gods of the Arena;Dříve než svého prvního soupeře přemohl Spartakus, prošlo branami arény mnoho jiných gladiátorů. Spartakus: Bohové arény vypráví příběh Gannica, jednoho z prvních šampiónů Batiatusovi gladiátorské školy, z kruté doby před příchodem Spartaka, kdy pro čestnost nebylo v aréně místo. Batiatusova gladiátorská škola je na vzestupu a užívá si slávy svého nechvalně proslulého šampiona Gannica, jehož umění bojovat s mečem se vyrovná jen jeho záliba ve vínu a ženách. Nastala příhodná situace, na kterou čekal mladý Batiatus - konečně dokáže svrhnout nadvládu svého otce a převzít kontrolu nad školou. Je připraven zradit kohokoli, jen aby jeho gladiátoři byli ti nejžádanější. Po boku mu stojí loajální, vypočítavá manželka Lucretia, která navíc neváhá využít bezostyšnost svůdné přítelkyně Gaiy kdykoliv se to hodí. Společně se nezastaví před ničím, aby oklamali davy, upevnili svou moc a získali co největší bohatství.;Na DVD od 29.09.2013 Vapet production;násilí, intriky, sex, zrada, souboje, znásilnění, starověký Řím, otroctví, gladiátoři, prequel;0.0;6.0;Rick Jacobson, Michael Hurst, Jesse Warn;John Hannah, Lucy Lawless, Dustin Clare, Nick E. Tarabay, Raicho Vasilev, Lesley-Ann Brandt, Peter Mensah, Manu Bennett, Jaime Murray, Marisa Ramirez;;http://spartacus.hbo.cz/<br>https://apps.apple.com/cz/app/id6755365206<br>https://play.google.com/store/apps/details?id=cz.csfd.csfdroid<br>;The Saturn Awards (1x)<br>;The Saturn Awards (1x)<br>
67290;Sedmilhářky;2017;85.32923916751962;;https://image.pmgstatic.com/cache/resized/w420/files/images/film/posters/161/527/161527270_7d3de8.jpg;https://www.csfd.cz/film/67290-sedmilharky/;USA;Drama / Krimi;Big Little Lies;"Minisérie Sedmilhářky je adaptací stejnojmenné knižní předlohy australské spisovatelky Liane Moriartyové, která obsadila první místo prestižního žebříčku bestsellerů New York Times. Temné komediální drama, v němž několik předních hollywoodských hvězd podává mimořádné herecké výkony, se odehrává v kalifornském městečku Monterey a začíná podezřelou vraždou na benefiční akci základní školy. Přestože totožnost oběti i pachatele zpočátku zůstává záhadou, vše nasvědčuje tomu, že v pozadí zločinu stála rivalita a tajemství obklopující trojici matek – Madeline (Reese Witherspoon), extrovertní a živelnou ženu v domácnosti, která v srdci chová zášť vůči exmanželově nové mladší ženě Bonnie (Zoe Kravitz), instruktorce jógy se zenovým přístupem k životu; dále Madelininu nejlepší kamarádku Celeste (Nicole Kidman), bývalou právničku žijící ve zdánlivě dokonalém manželství s mladším mužem (Alexander Skarsgård); a Jane (Shailene Woodley), svobodnou matku s temnou minulostí, kterou Madeline a Celeste vezmou pod svá ochranná křídla. Děj příběhu je prokládaný scénami z výslechové místnosti, v níž ostatní rodiče a školní zaměstnanci vypráví zákulisní drby o spojenectvích a rivalitách mezi místními obyvateli, především pak o Madeline a její úhlavní nepřítelkyni, vlivné a úspěšné pracující matce Renatě Kleinové (Laura Dern). V průběhu sedmi napínavých, černě humorných epizod vychází najevo, jaké tajemství každá z žen skrývá, a postupně se dostáváme až k oné osudné noci. (HBO Europe)";V TV od 19.02.2017 Home Box Office;podle knihy, vražda, násilí, tajemství, děti, matka, manželé, nevěra, soud, šikana, maloměsto, domácí násilí, základní škola;2.0;14.0;Jean-Marc Vallée, Andrea Arnold;Reese Witherspoon, Nicole Kidman, Shailene Woodley, Alexander Skarsgård, Laura Dern, Adam Scott, Zoë Kravitz, Parker Croft, James Tupper, Sarah Baker;Liane Moriarty;https://www.netflix.com/title/80160146<br>https://www.hbomax.com/cz/en/shows/big-little-lies/1fbc488d-c7b5-4d38-aad4-f60dcbd85d23<br>http://www.hbo.eu<br>http://www.hbo.eu<br>https://www.netflix.com/title/80160146<br>https://www.hbomax.com/cz/en/shows/big-little-lies/1fbc488d-c7b5-4d38-aad4-f60dcbd85d23<br>https://apps.apple.com/cz/app/id6755365206<br>https://play.google.com/store/apps/details?id=cz.csfd.csfdroid<br>;Golden Globes (5x)<br>Critics Choice Awards (4x)<br>;Golden Globes (4x)<br>Critics Choice Awards (4x)<br>
251054;Saturnin;1994;85.38125440451022;;https://image.pmgstatic.com/cache/resized/w420/files/images/film/posters/078/833/78833004_77439f.jpg;https://www.csfd.cz/film/251054-saturnin/;Česko;Komedie;;"Televizní zpracování humoristického románu Zdeňka Jirotky Saturnin, ze kterého až nůžkami střihačů vznikl stejnojmenný celovečerní film. Jiří Oulický, drobný pražský úředníček, jehož nejmilejší zábavou bývá poklidná večerní partička kulečníku s přítelem doktorem Vlachem, si nedávno najmul sluhu. Nebo přesněji - Saturnina. Protože Saturnin není obyčejný sluha, který by postával u dveří a říkal: ""Dobré ráno, milady"", anebo: ""Jak jste se dnes vyspal, milostpane?"" Saturnin je nezkrotný živel, poťouchlý dobrodruh s ďábelským smyslem pro humor, člověk nesmírně si vážící lidí moudrých a opovrhující osobami značně hloupými. A tak je více než jisté, že život Jiřího Oulického už nikdy nepoběží ve starých kolejích. Na hausbótu, v kavárně, v rezidenci Jiřího dědečka, všude je to jen a jen Saturnin, kdo má přinejmenším morálně navrch. (dopitak)";Na DVD od 21.12.2012 Česká televize;podle knihy, láska, rodina, přátelství, přátelé, 20. století, matka, syn, děda, sluha, První republika;0.0;4.0;Jiří Věrčák;Ondřej Havelka, Oldřich Vízner, Lucie Zedníčková, Jana Synková, Petr Vacek, Lubomír Lipský st., Milan Lasica, Dalimil Klapka, Jan Laibl, Jiří Bruder;Zdeněk Jirotka;https://apps.apple.com/cz/app/id6755365206<br>https://play.google.com/store/apps/details?id=cz.csfd.csfdroid<br>;;
244171;Dr. Horrible's Sing-Along Blog;2008;85.41517604970815;;https://image.pmgstatic.com/cache/resized/w420/files/images/film/posters/000/057/57787_e8c3b1.jpg;https://www.csfd.cz/film/244171-dr-horrible-s-sing-along-blog/;USA;Muzikál / Sci-Fi / Komedie;;Trojdílný muzikál Doctor Horrible's Sing-Along Blog, určený výhradně pro internet, pojednává o šíleném vědci a zároveň superzločinci, který je platonicky zamilovaný do dívky z prádelny, Penny. Je však příliš plachý na to, aby ji oslovil. Zároveň velmi touží po tom, aby se dostal do ligy superzločinců. V cestě za splněním obou snů mu však stojí jeho věčný rival a superhrdina Captain Hammer, který ho ve všem poráží. Scěnář napsal uznávaný tvůrce Joss Whedon, spolu se svými bratry a snoubenkou jednoho z nich, během stávky scénaristů a celý projekt natočil s minimálním rozpočtem s pomocí svých známých. (Sydia);;;;;Joss Whedon;Neil Patrick Harris, Nathan Fillion, Simon Helberg, Felicia Day, Drew Goddard, Jed Whedon, Marti Noxon, Steve Berg, David Fury, Douglas Petrie;;/tvurce/135319-kendra-appleton/prehled/<br>https://apps.apple.com/cz/app/id6755365206<br>https://play.google.com/store/apps/details?id=cz.csfd.csfdroid<br>;;
399347;American Crime Story;2016;85.4361754558896;;https://image.pmgstatic.com/cache/resized/w420/files/images/film/posters/160/504/160504805_bb5823.jpg;https://www.csfd.cz/film/399347-american-crime-story/;USA;Krimi / Drama / Životopisný;;Režisér Ryan Murphy přináší na televizní obrazovky seriálovou adaptaci bestselleru The Run of His Life: The People v. O.J. Simpson od Jeffreyho Toobina o jednom z největších amerických soudních procesů 20. století. Ten byl veden s americkým fotbalistou, hercem a miláčkem široké americké veřejnosti O.J. Simpsonem ve věci vraždy jeho manželky. Seriál podrobně vykresluje právnický proces i vše, co s ním bylo spojené. Tlak veřejnosti a médií i dlouholeté napjaté vztahy mezi policí a afroamerickou komunitou v Los Angeles. (geklon);V TV od 02.02.2016 FX Network;muž, žena, rodina, smrt, přátelství, přátelé, vražda, 20. století, tajemství, děti, rodiče, policie, strach, manželé, záhady, útěk, zbraně, vyšetřování, vrah, ženy, pátrání, cestování, peníze, politika, manipulace, lež, intriky, pronásledování, putování, podle skutečného příběhu, rivalita, kolegové, nevěra, zrada, podvod, kamarádi, mrtvola, dům, bolest, detektiv, smutek, sláva, nenávist, dilema, tragédie, naděje, žárlivost, soud, novináři, párty, střelné zbraně, psychopat, zoufalství, manželství, diskriminace, paranoia, panika, právníci, vydírání, politik, výslech, rasismus, předsudky, rozvod, reportéři, závist, pochyby, svědek, oslava, bohatství, svědectví, sexuální obtěžování, média, sociopat, místo činu, období 1990-2000, soudce, vyhrožování, prezident, psychika, skandál, moc, automobilová honička, zatčení, auta, týmová práce, rodičovství, móda, výchova dětí, modeling, americký fotbal, silnice, sekretářka, soudní síň, státní zástupce, Bílý dům, systémový rasismus, Washington, D.C., Maryland;3.0;29.0;Ryan Murphy, Anthony Hemingway, John Singleton;Cuba Gooding Jr., Sarah Paulson, Darren Criss, John Travolta, Courtney B. Vance, Penélope Cruz, Selma Blair, David Schwimmer, Édgar Ramírez, Sterling K. Brown;Jeffrey Toobin;https://apps.apple.com/cz/app/id6755365206<br>https://play.google.com/store/apps/details?id=cz.csfd.csfdroid<br>;Golden Globes (6x)<br>Critics Choice Awards (5x)<br>;Golden Globes (4x)<br>Critics Choice Awards (6x)<br>
69564;Návrat Sherlocka Holmese;1986;85.80246913580247;;https://image.pmgstatic.com/cache/resized/w420/files/images/film/posters/158/677/158677612_42e9a7.jpg;https://www.csfd.cz/film/69564-navrat-sherlocka-holmese/;Velká Británie;Krimi / Mysteriózní;The Return of Sherlock Holmes;Už jsou to tři roky, co u reichenbašského vodopádu proběhl souboj mezi profesorem Moriartym a Sherlockem Holmesem, po němž oba skončili na dně rokle. Watson se vrátil do Londýna a mezitím se stal policejním patologem, který se přes ztrátu drahého přátele doteď nepřenesl. Jednoho dne je povolán k vraždě Ronalda Adaira a po jednání u soudu narazí na mrzáka, kterým se ve skutečnosti ukáže být samotný Holmes v přestrojení. Ten Watsonovi osvětlí, co se tenkrát u vodopádu opravdu stalo a proč se následně musel skrývat. Nyní však nastává vhodná doba k jeho návratu, protože jeho nepřítel udělal zásadní chybu. Po znovushledání se může dvojice dvou největších vyšetřovatelů na světě opět vrhnout na řešení zdánlivě nerozluštitelných záhad… Další osudy detektiva Sherlocka Holmese a doktora Johna Watsona podle předlohy Arthura Conana Doylea se dočkaly v sérii s názvem Návrat Sherlocka Holmese natočené mezi léty 1984 až 1986 výrazné obměny v obsazení. David Burke, který ztvárnil Johna Watsona, dostal pozvání do Královské shakespearovské společnosti a vzhledem k tomu, že by se nemohl nadále plně věnovat své roli, byl nahrazen Edwardem Hardwickem, neméně úspěšným hercem, co v roli Watsona zůstal až do konce seriálu. (Česká televize);Na DVD od 16.05.2008 Amercom (Série 1);Sherlock Holmes;2.0;11.0;Peter Hammond, Patrick Lau, Brian Mills;Jeremy Brett, Edward Hardwicke, Kristoffer Tabori, Kika Markham, Charles Gray, Geoffrey Bayldon, Robert Addie, Alan Howard, Eric Sykes, Vernon Dobtcheff;Arthur Conan Doyle, Arthur Conan Doyle;http://www.ceskatelevize.cz<br>http://www.ceskatelevize.cz<br>https://apps.apple.com/cz/app/id6755365206<br>https://play.google.com/store/apps/details?id=cz.csfd.csfdroid<br>;;
459244;Úžasná paní Maiselová;2017;85.8377659574468;;https://image.pmgstatic.com/cache/resized/w420/files/images/film/posters/162/107/162107995_5e56f9.jpg;https://www.csfd.cz/film/459244-uzasna-pani-maiselova/;USA;Komedie / Drama;The Marvelous Mrs. Maisel;V roce 1958 v New Yorku vede Midge Maiselová spořádaný život - manžel, děti a elegantní večeře na Jom kipur v jejich bytě v Upper West Side. Ale život nabere nečekaný spád a musí rychle najít svou další přednost - proměna z hospodyňky ve stand-up komičku je divokou volbou pro všechny kromě ní. (Prime Video);Na VOD od 17.03.2017 Prime Video (Série 1);stand-up comedy;5.0;43.0;Amy Sherman-Palladino, Daniel Palladino, Scott Ellis;Rachel Brosnahan, Tony Shalhoub, Michael Zegen, Alex Borstein, Marin Hinkle, Justine Lupe, Eden Malyn, Joey Stromberg, Ned Van Zandt, Barbara Kingsley;;/tvurce/302752-fred-applegate/prehled/<br>https://www.amazon.com/amazonprime/<br>https://apps.apple.com/cz/app/id6755365206<br>https://play.google.com/store/apps/details?id=cz.csfd.csfdroid<br>;AACTA International Awards (2x)<br>Golden Globes (5x)<br>Critics Choice Awards (8x)<br>;Golden Globes (3x)<br>Critics Choice Awards (5x)<br>
732009;Exit;2019;86.77661169415292;;https://image.pmgstatic.com/cache/resized/w420/files/images/film/posters/168/940/168940568_ik9ye4.jpg;https://www.csfd.cz/film/732009-exit/;Norsko;Drama;Exit;Mají všechno. Ale nemají jak uniknout. Temný dramatický norský seriál Exit nahlíží do exkluzivního světa nejmajetnějších obyvatel metropole Oslo... Temný seriál Exit se inspiroval skutečnými životními zážitky a zkušenostmi bohatých norských investorů a jejich drahých poloviček, které se na první pohled mají jako v bavlnce. Hlavní hrdinové mají brutálně jednoduché životní motto: někteří lidé si zaslouží více peněz než ostatní prostě proto, protože po tom více touží, jsou vychytralejší, a hlavně pochopili jedno: buď vydělávají peníze pro sebe, nebo pro jiné. Zhýralý čtyřlístek přátel vyniká extravagantním životním stylem. Jsou úspěšní a bohatí. Zdá se, že mají všechno. Ale ve skutečnosti strádají. Jejich život nic nenaplňuje. Nekonečnou a všudypřítomnou prázdnotu se snaží zaplnit bezuzdnými radovánkami, požitkářstvím a nezodpovědným flámováním. Ve snaze uniknout ubíjejícím závazkům, velkým očekáváním svého okolí i vlastním rodinám se oddávají drogám, propadají násilí, sexu a prostitutkám, a dokonce neváhají zaprodat vlastní morálku. Seriál Exit přináší pohled na nečekaně zvrácenou realitu, která zůstává skrytá, přestože ji všichni mají přímo před očima. Možná proto, že pravda bývá podivnější než sebe divočejší fikce… (prima+);Na VOD od 27.09.2019 NRK (Série 1);muž, žena, přátelství, přátelé, násilí, touha, ženy, pátrání, peníze, sex, drogy, kamarádi, dům, nemocnice, novináři, párty, černý humor, korupce, prostituce, prostitutka, posedlost, dovolená, prázdniny, kapitalismus, obchod (transakční), Skandinávie, ekonomie, kancelář, promiskuita, Norsko;3.0;24.0;Øystein Karlsen, Gísli Örn Garðarsson;Simon J. Berger, Agnes Kittelsen, Pål Sverre Hagen, Tobias Santelmann, Jon Øigarden, Ine Marie Wilmann, Ellen Helinder, Eivin Nilsen Salthe, Marte Christensen, Rolf Lassgård;;https://apps.apple.com/cz/app/id6755365206<br>https://play.google.com/store/apps/details?id=cz.csfd.csfdroid<br>;;
176555;Trailer Park Boys;2001;86.8370607028754;;https://image.pmgstatic.com/cache/resized/w420/files/images/film/posters/162/680/162680703_5de8b1.jpg;https://www.csfd.cz/film/176555-trailer-park-boys/;Kanada;Komedie / Krimi;Trailer Park Boys;Sledujte od alkoholu se odvíjející trampoty tří dlouholetých kamarádů a nenapravitelných delikventů, kteří své podvodné aktivity provádějí z autokempu v Novém Skotsku. (Netflix);;sitcom;12.0;105.0;Mike Clattenburg, John Dunsworth, Ron Murphy;John Paul Tremblay, Robb Wells, Mike Smith, Elliot Page, Amy Kerr, Sarah Dunsworth, Shauna MacDonald, Shelley Thompson, Jeremy Akerman, Cory Bowles;;https://www.netflix.com/title/70153385<br>https://www.netflix.com/<br>https://www.netflix.com/title/70153385<br>https://apps.apple.com/cz/app/id6755365206<br>https://play.google.com/store/apps/details?id=cz.csfd.csfdroid<br>;;
107026;Pojďte pane, budeme si hrát;1965;85.207336523126;;https://image.pmgstatic.com/cache/resized/w420/files/images/film/posters/000/033/33279_df85ca.jpg;https://www.csfd.cz/film/107026-pojdte-pane-budeme-si-hrat/;Československo;Animovaný / Komedie / Rodinný;Kdo to hodil, pánové;Jeden je malý a hloupoučký. Druhý protáhlý a vychytralý s mlsným jazýčkem. Jednoho dne se potkali u Kolína a dali se do řeči. Po dlouhém klábosení o tom, jak měli geniální předky a příbuzné zjistí, že jsou bráchové a začnou si spolu hrát. Prožívají spolu mnohá dobrodružství a hry, které však nejsou ze strany toho většího zrovna čestnou zábavou. Ale malý medvídek to snáší vcelku dobře a tak oba navozují řadu úsměvných situací. (stub);13.05.1966 Ústřední půjčovna filmů;;2.0;11.0;Břetislav Pojar, Miroslav Štěpánek;Rudolf Deyl ml., František Filipovský, Naďa Urbánková;;https://apps.apple.com/cz/app/id6755365206<br>https://play.google.com/store/apps/details?id=cz.csfd.csfdroid<br>;;Zlín Film Festival (2x)<br>
112313;Hale and Pace;1988;85.27560066812283;;https://image.pmgstatic.com/cache/resized/w420/files/images/film/posters/000/074/74657_316ca7.jpg;https://www.csfd.cz/film/112313-hale-and-pace/;Velká Británie;Komedie;Hale and Pace;Dva přední angličtí komici, Hale a Pace parodují ve svých krátkých situačních scénkách uplně vše, co parodovat jde. Od Hippies, přes Hip hop až po Rock. Velmi oceňovaný seriál nezklame nikoho, kdo má rád anglický humor. (matestlust);;satira, parodie, britcom;10.0;67.0;Peter Orton, David G. Hillier, Vic Finch;Gareth Hale, Norman Pace, Vinnie Jones, Ainsley Harriott, J.C. Mac, Geoffrey Greenhill, Lee Richards, Andy Linden, Gary Olsen, Beryl Nesbitt;;https://apps.apple.com/cz/app/id6755365206<br>https://play.google.com/store/apps/details?id=cz.csfd.csfdroid<br>;;
274781;Luther;2010;85.21469539606262;;https://image.pmgstatic.com/cache/resized/w420/files/images/film/posters/164/549/164549368_8755e2.jpg;https://www.csfd.cz/film/274781-luther/;Velká Británie;Krimi / Drama / Mysteriózní / Thriller;Luther;Vrchní inspektor John Luther patří v nadsázce řečeno k pomyslné svaté trojici BBC, již představují jména Wallander, Sherlock, Luther. Tři rozdílní detektivové, kteří v současné seriálové tvorbě zastupují to nejlepší, co je v kriminálním žánru k vidění (a se všemi máte možnost se setkat ve vysílání ČT). Luther, drsný londýnský detektiv Útvaru pro těžké zločiny, představuje typ vnitřně rozervaného hrdiny, který se kromě řešení kriminálních případů musí vypořádat i se svými vnitřními démony. Je to člověk, který práci obětoval vše a ona se mu odměňuje peklem. V jednu chvíli na jeho adresu zazní, že kdyby ve správném životním okamžiku přečetl jinou knihu, mohl být někým úplně jiným, třeba knězem. John Luther není obyčejný detektiv. Při vyšetřování využívá neortodoxní metody, kašle na zavedené postupy a prosazuje své vlastní pojetí spravedlnosti.V titulní roli exceluje Idris Elba, který byl za své strhující ztvárnění nejednoznačného hrdiny oceněn prestižním Zlatým glóbem v kategorii nejlepší herec v televizní minisérii nebo televizním filmu. Temnému ladění seriálu odpovídá i celkový vizuální styl, tvořící neodmyslitelnou součást jeho úspěchu. Špičkovému zpracování odpovídá též zvláštní péče věnovaná hudební složce. Vedle triphopových legend Massive Attack, jejichž skladba Paradise Circus podkresluje úvodní titulkovou sekvenci, zazní v závěru každé epizody pečlivě zvolená píseň takových hudebních veličin, jakými jsou Marylin Manson, Muse, Beck, Nina Simone nebo skupina Grinderman. (Česká televize);V TV od 04.05.2010 BBC;láska, rodina, smrt, přátelství, přátelé, vražda, tajemství, otec, matka, rodiče, policie, strach, manželé, město, záhady, touha, útěk, zbraně, vyšetřování, vrah, oběť (autonehody/zločinu), pátrání, vzpomínky, pomsta, peníze, manipulace, lež, intriky, pronásledování, rivalita, drogy, zločin, kolegové, únos, zrada, boj o přežití, souboje, vášeň, podvod, kamarádi, krev, mrtvola, vztahy, bolest, detektiv, mezilidské vztahy, kriminalita, smutek, gangsteři, trauma, mafie, nenávist, gang, dilema, tragédie, naděje, nemocnice, krádež, podsvětí (svět zločinu), zloděj, zabijáci, umírání, loupež, žárlivost, sériový vrah, zranění, rvačka, střelné zbraně, psychopat, šílenství, manželství, krutost, paranoia, panika, korupce, pocit viny, přepadení, chamtivost, vydírání, výslech, přestřelka, střelba, romance, hádka, předsudky, milenka, rozvod, Londýn, rukojmí, nájemný vrah, závist, pochyby, odplata, iluze, policejní stanice, cizinec (neznámý člověk), oběť (někomu/něčemu), podezření, milenec, sociopat, místo činu, zajatci, bodné zbraně, pokus o vraždu, sečné zbraně, odpuštění, vyhrožování, loajalita, těžký úraz, lítost, atentát, výčitky svědomí, Velká Británie, zatčení, nůž, samopal, revolver, úplatky, vyjednávání, puška, podezření z vraždy, Anglie, trest, vloupání, ulice, inspektor, sniper, posttraumatická stresová porucha, brokovnice, slib, kóma, podezřelý na útěku, pokus o atentát, pěší honička, nákupní centrum, policejní kapitán(ka), pokus o únos;5.0;20.0;Sam Miller, Jamie Payne, Brian Kirk;Idris Elba, Dermot Crowley, Warren Brown, Ruth Wilson, Michael Smiley, Paul McGann, Nikki Amuka-Bird, Steven Mackintosh, Saskia Reeves, Indira Varma;;http://www.ceskatelevize.cz<br>http://www.ceskatelevize.cz<br>https://apps.apple.com/cz/app/id6755365206<br>https://play.google.com/store/apps/details?id=cz.csfd.csfdroid<br>;Golden Globes (3x)<br>Critics Choice Awards (2x)<br>;Golden Globes (1x)<br>Critics Choice Awards (1x)<br>
575731;Yellowstone;2018;85.26296296296296;;https://image.pmgstatic.com/cache/resized/w420/files/images/film/posters/164/431/164431341_72e8f8.jpg;https://www.csfd.cz/film/575731-yellowstone/;USA;Drama / Western;Yellowstone;Původní dramatický seriál zachycuje rodinu Duttonových v čele s Johnem Duttonem (Kevin Costner), která ovládá největší dobytčí ranč ve Spojených státech. Uprostřed měnících se aliancí, nevyřešených vražd, starých ran a těžce získávaného respektu je ranč v neustálém konfliktu se svými sousedy – rozrůstajícím se městem, indiánskou rezervací a prvním americkým národním parkem. (Paramount Network);Na VOD od 10.11.2024 Paramount+ (Season 5);láska, rodina, vražda, otec, policie, dcera, syn, zbraně, peníze, politika, právníci, koně, indiáni, krávy, kovbojové, ranč, neo-western, pozemky, dobytek, indiánská rezervace;5.0;53.0;Taylor Sheridan, Ed Bianchi, Stephen Kay;Kevin Costner, Kelly Reilly, Dave Annable, Kelsey Asbille, Wes Bentley, Gil Birmingham, Ian Bohen, Luke Grimes, Cole Hauser, Jill Hennessy;;https://www.netflix.com/title/80238738<br>https://www.skyshowtime.com/cz/stream/tv/yellowstone/338b5346-a189-34a4-bfe2-df1ad18eccbd<br>https://www.netflix.com/title/80238738<br>https://www.skyshowtime.com/cz/stream/tv/yellowstone/338b5346-a189-34a4-bfe2-df1ad18eccbd<br>https://apps.apple.com/cz/app/id6755365206<br>https://play.google.com/store/apps/details?id=cz.csfd.csfdroid<br>;Critics Choice Awards (2x)<br>;Golden Globes (1x)<br>
762740;Agent;2019;85.39575289575289;;https://image.pmgstatic.com/cache/resized/w420/files/images/film/posters/163/743/163743743_6af974.jpg;https://www.csfd.cz/film/762740-agent/;USA;Drama / Historický;The Spy;Eli Kohen, úředník přeškolený na tajného agenta, se v 60. letech 20. století vydá do Sýrie na mnohaletou nebezpečnou misi jako špión Mossadu. (Netflix);Na VOD od 06.09.2019 Netflix;rodina, smrt, přátelství, přátelé, tajemství, vojáci, podle skutečného příběhu, armáda, agenti, špioni, obchod (prodejní místo), prezident, poprava;0.0;6.0;Gideon Raff;Sacha Baron Cohen, Noah Emmerich, Hadar Ratzon Rotem, Alexander Siddig, Waleed Zuaiter, Nassim Lyes, Yael Eitan, Moni Moshonov, Yousef 'Joe' Sweid, Uri Gavriel;Uri Dan;https://www.netflix.com/title/80178151<br>https://www.netflix.com/<br>https://www.netflix.com/title/80178151<br>https://www.csfd.cz/vod/netflix/<br>https://apps.apple.com/cz/app/id6755365206<br>https://play.google.com/store/apps/details?id=cz.csfd.csfdroid<br>;Golden Globes (1x)<br>;
616536;Velké prázdniny;2015;93.22834645669292;;https://image.pmgstatic.com/cache/resized/w420/files/images/film/posters/162/734/162734422_c56228.jpg;https://www.csfd.cz/film/616536-velke-prazdniny/;Francie;Animovaný / Rodinný;Les Grandes Grandes Vacances;Podmanivý příběh dvou sourozenců, kteří prožívají své nejdelší prázdniny u prarodičů na venkově v Normandii během druhé světové války. V létě roku 1939 opouští Ernest a Collete svůj pařížský domov v domnění, že jako obvykle stráví zbytek letních prázdnin u své babičky s dědečkem. Jejich pobyt se ale tentokrát navzdory všem očekáváním protáhne až do roku 1944, protože ve Francii propuká druhá světová válka. Tatínek Robert odchází bojovat na frontu, vážně nemocná maminka Lucie se léčí v sanatoriu, proto Ernest a Collete zůstávají po celou dobu války u svých milovaných prarodičů. Na pozadí válečných událostí prožívají oba sourozenci ve svém venkovském útočišti velká dobrodružství a poznávají nové kamarády. Jejich příběh byl inspirován vyprávěním a vzpomínkami skutečných pamětníků, kteří prožili své dětství během druhé světové války. (Česká televize);V TV od 20.04.2015 France 3 (FR 3);20. století, děti, strach, období 1940-1950, 2. světová válka, vojáci, válka, nacisté;0.0;10.0;Paul Leluc;Benjamin Bollen, Clara Quilichini, Julie-Ann Dean, Jean-Pascal Quilichini;;http://www.ceskatelevize.cz<br>http://www.ceskatelevize.cz<br>https://apps.apple.com/cz/app/id6755365206<br>https://play.google.com/store/apps/details?id=cz.csfd.csfdroid<br>;;
121472;Byl jednou jeden... vynálezce;1994;85.06124721603564;;https://image.pmgstatic.com/cache/resized/w420/files/images/film/posters/000/035/35465_d82797.jpg;https://www.csfd.cz/film/121472-byl-jednou-jeden-vynalezce/;Francie;Animovaný / Rodinný / Historický;Il était une fois… les découvreurs;Seriál o záblescích geniality a bláznivých pokusech, které stály na počátku fantastické cesty k objevům a vynálezům důležitým pro celé lidstvo. (Netflix);Na DVD od 22.05.2009 BH Promo;vědci, věda, vlak, středověk, vědec, vynálezce, kosmonauti, starověké Řecko, viktoriánská Anglie;0.0;26.0;Albert Barillé;Patrick Préjean, Sady Rebbot, Albert Augier, Olivier Destrez, Marie-Laure Beneston, Gilles Tamiz, Roger Carel, Michel Paulin;;https://www.netflix.com/<br>https://apps.apple.com/cz/app/id6755365206<br>https://play.google.com/store/apps/details?id=cz.csfd.csfdroid<br>;;
638209;Narcos: Mexiko;2018;85.15656229180546;;https://image.pmgstatic.com/cache/resized/w420/files/images/film/posters/163/007/163007361_cf8a02.jpg;https://www.csfd.cz/film/638209-narcos-mexiko/;USA;Drama / Krimi / Thriller;Narcos: Mexico;Nová ostrá sága Narcos zachycuje skutečný příběh vzestupu kartelu ve městě Guadalajara a zrod války proti drogám v Mexiku osmdesátých let. (Netflix);Na VOD od 16.11.2018 Netflix (Série 1);muž, láska, žena, rodina, smrt, vražda, násilí, dívka, tajemství, otec, děti, matka, rodiče, policie, strach, mládež, manželé, město, záhady, dcera, touha, syn, útěk, chlapec, zbraně, vyšetřování, vrah, ženy, zvířata, oběť (autonehody/zločinu), pátrání, cestování, pomsta, sourozenci, peníze, politika, vojáci, manipulace, venkov, lež, intriky, sex, pronásledování, putování, sny, rivalita, drogy, zločin, kolegové, nevěra, únos, vesnice, zrada, boj o přežití, souboje, vášeň, podvod, krev, mrtvola, doktoři, bratři, dům, bolest, detektiv, kriminalita, divočina, smutek, gangsteři, trauma, mafie, nenávist, gang, dilema, tragédie, armáda, nemocnice, krádež, svatba, podsvětí (svět zločinu), zloděj, zabijáci, loupež, žárlivost, sériový vrah, sestry, soud, zranění, stáří, agenti, novináři, nespravedlnost, rvačka, střelné zbraně, zoufalství, manželství, paranoia, panika, korupce, chudoba, pocit viny, přepadení, chamtivost, právníci, znásilnění, koně, vydírání, politik, výslech, prostituce, přestřelka, alkoholismus, střelba, prostitutka, hotel, posedlost, hádka, křivé obvinění, konspirace, milenka, reportéři, cizinec (někdo ze zahraničí), farma, rukojmí, bar, snoubenci, letadla, poušť, nájemný vrah, nahota, obchod (prodejní místo), závislost, sledování, mučení, závist, pochyby, svědek, dluhy, zakázaná láska, iluze, bohatství, hospoda, svědectví, sexuální obtěžování, výbuch, spravedlnost, cizinec (neznámý člověk), oběť (někomu/něčemu), podezření, alkohol, pašování, spiknutí, média, milenec, šerif, zajatci, pokus o vraždu, sečné zbraně, odpuštění, sexuální zneužívání, noční klub, FBI, soudce, vyhrožování, žurnalistika, domácí násilí, těžký úraz, bomba, lítost, prezident, poprava, skandál, piloti, moc, drogový dealer, automobilová honička, Mexiko, past, zatčení, nůž, auta, technologie, řidič, obchod (transakční), CIA, samopal, revolver, byt, úplatky, vyjednávání, puška, podezření z vraždy, speciální jednotky, drogový kartel, trest, pohraničí, volby, sexuální násilí, letiště, hranice, stalking, novomanželé, Jižní Amerika, marihuana, sniper, letadlo v ohrožení, posttraumatická stresová porucha, brokovnice, tajný agent, nevěstinec, tajná láska, bodyguard, uprchlý trestanec, útěk z vězení, motel, silnice, masový vrah, tajná operace, tajná služba, pokoj, podnikatel, podezřelý na útěku, ochranka, sekera, odposlech, závislost na drogách, Kolumbie, podezření z nevěry, zpravodajství, heroin, kampaň, Úřad pro potírání drog (DEA), pokus o atentát, most, plastická chirurgie, Střední Amerika, létání, válka gangů, státní zástupce, narconovela, zásnuby, granát, Mexiko, tunel, úředníci, pokus o únos, pokus o znásilnění, sexuální průmysl, Pablo Escobar, sexuální transakce;3.0;30.0;Andrés Baiz, Amat Escalante, Alonso Ruizpalacios;Diego Luna, Scoot McNairy, José María Yazpik, Fermín Martínez, Michael Peña, Alejandro Edda, Alfonso Dosal, Fernanda Urrejola, Alyssa Diaz, Mark Kubr;Terrence E. Poppa;https://www.netflix.com/title/80997085<br>https://www.netflix.com/<br>https://www.netflix.com/title/80997085<br>https://www.csfd.cz/vod/netflix/<br>https://www.csfd.cz/vod/netflix/<br>https://www.csfd.cz/vod/netflix/<br>https://apps.apple.com/cz/app/id6755365206<br>https://play.google.com/store/apps/details?id=cz.csfd.csfdroid<br>;Critics Choice Awards (2x)<br>;
69387;Rychlé šípy;1969;85.01074413052129;;https://image.pmgstatic.com/cache/resized/w420/files/images/film/posters/000/327/327977_27dd09.jpg;https://www.csfd.cz/film/69387-zahada-hlavolamu/;Československo;Dobrodružný / Rodinný;Záhada hlavolamu;Klukovský klub Rychlých šípů – Mirek Dušín, Jarka Metelka, Jindra Hojer, Červenáček a Rychlonožka – zjistí, že v temné čtvrti Stínadla se cosi děje. Starý kostelník jim vypráví příběh osiřelého zámečnického učně Jana Tleskače, který byl zároveň zvoníkem v kostele svatého Jakuba ve Stínadlech. Tam také za záhadných okolností zahynul pádem ze zvonice. Rychlé šípy podniknou nebezpečnou výpravu na nepřátelské území. Ve zvonici najdou Tleskačův deník, ve kterém chlapec píše o jakémsi svém vynálezu. Jeho plány ukryl v kovovém hlavolamu, zvaném Ježek v kleci. Návod na vysvobození ježka z klece je v deníku podrobně popsán. Kde se však hlavolam nachází, to musejí Rychlé šípy teprve zjistit. Není to jednoduché: ve Stínadlech totiž vládne drsný chlapecký gang Vontů... (Česká televize);V TV od 24.12.1969 Československá televize;podle knihy, přátelství, přátelé, tajemství, děti, záhady, chlapec, pátrání, gang, Praha, kostel, vynálezce, deník, hlavolam;0.0;9.0;Hynek Bočan;Jiří Lukeš, Tomáš Hádl, Martin Kapoun, Roman Skamene, Zdeněk Jánský, Jaromír Hanzlík, Jaroslav Moučka, Václav Sloup, Jan Tříska, Ivan Vyskočil;Jaroslav Foglar;http://www.ceskatelevize.cz<br>http://www.ceskatelevize.cz<br>https://apps.apple.com/cz/app/id6755365206<br>https://play.google.com/store/apps/details?id=cz.csfd.csfdroid<br>;;
229075;Skins;2007;85.063599458728;;https://image.pmgstatic.com/cache/resized/w420/files/images/film/posters/158/737/158737414_3f4f93.jpg;https://www.csfd.cz/film/229075-skins/;Velká Británie;Drama / Komedie;;Tento břitký seriál sleduje napjaté životy skupiny teenagerů v posledních dvou letech střední školy. (Netflix);;muž, láska, žena, rodina, smrt, přátelství, přátelé, násilí, dívka, tajemství, otec, děti, matka, rodiče, mládež, manželé, město, záhady, touha, chlapec, ženy, oběť (autonehody/zločinu), škola, cestování, vzpomínky, pomsta, sourozenci, peníze, umění, dospívání, lež, hudba, sex, putování, rivalita, drogy, zločin, kolegové, nevěra, zrada, vášeň, podvod, kamarádi, vztahy, učitel, nemoc, studenti, dům, bolest, mezilidské vztahy, kriminalita, smutek, trauma, nenávist, dilema, tragédie, střední škola, naděje, nemocnice, krádež, zloděj, loupež, žárlivost, náboženství, milostný trojúhelník, zranění, těhotenství, víra, nehoda, nespravedlnost, párty, tanec, rvačka, zoufalství, manželství, rozchod, krutost, diskriminace, chudoba, pocit viny, chamtivost, hotel, výlet, hádka, předsudky, milenka, rozvod, duševní porucha, tradice, závist, pochyby, odplata, oslava, iluze, pohřeb, bohatství, nevyléčitelná nemoc, oběť (někomu/něčemu), podezření, milenec, učitelka, psychiatrická léčebna, odpuštění, loajalita, těžký úraz, lítost, noc, psychiatr, výčitky svědomí, spolužáci, Velká Británie, islám, spolubydlící, hřbitov, byt, Anglie, vloupání, terapie, homofobie, marihuana, školní třída, slib, kóma, autobus, Rusko, něha, spolubydlení, večeře, hotelový pokoj, skupinová terapie, pokoj, panenství, podezření z nevěry, hrob, maturita, pokus o sebevraždu, anorexie, panictví, sexualita, lucidní sny, školní jídelna, z nepřátel milenci, ubytovna, školní poradce, bulimie, snídaně;7.0;61.0;Charles Martin, Harry Enfield, Esther Campbell;Kaya Scodelario, Jack O'Connell, Hannah Murray, Nicholas Hoult, Joe Dempsie, Mike Bailey, April Pearson, Will Merrick, Freya Mavor, Mitch Hewer;;https://www.netflix.com/<br>https://apps.apple.com/cz/app/id6755365206<br>https://play.google.com/store/apps/details?id=cz.csfd.csfdroid<br>;;
834883;Nevina;2021;85.2410166520596;;https://image.pmgstatic.com/cache/resized/w420/files/images/film/posters/165/435/165435149_806f8f.jpg;https://www.csfd.cz/film/834883-nevina/;Španělsko;Drama / Krimi / Mysteriózní / Thriller;El inocente;Neúmyslné zabití uvrhne mladého muže do víru vražedných intrik. A zrovna když se mu podaří najít lásku a svobodu, strhne ho jediný telefonát zase zpátky. (Netflix);Na VOD od 30.04.2021 Netflix;podle knihy, přátelství, vražda, násilí, tajemství, policie, manželé, útěk, intriky, sex, rivalita, drogy, únos, zrada, bratři, mafie, podsvětí (svět zločinu), nehoda, sebevražda, právníci, prostituce, prostitutka, hotel, mučení, sexuální zneužívání, záměna identit, jeptišky, tajná policie, striptérka, videokazety;0.0;8.0;Oriol Paulo;Mario Casas, Aura Garrido, Alexandra Jiménez, José Coronado, Martina Gusmán, Juana Acosta, Susi Sánchez, Gonzalo de Castro, Ana Wagener, Anna Alarcón;Harlan Coben;https://www.netflix.com/title/81036936<br>https://www.netflix.com/<br>https://www.netflix.com/title/81036936<br>https://www.csfd.cz/vod/netflix/<br>https://apps.apple.com/cz/app/id6755365206<br>https://play.google.com/store/apps/details?id=cz.csfd.csfdroid<br>;;
541423;Suburra: Krvavé předměstí;2017;85.7983193277311;;https://image.pmgstatic.com/cache/resized/w420/files/images/film/posters/162/109/162109453_399da9.jpg;https://www.csfd.cz/film/541423-suburra-krvave-predmesti/;Itálie;Akční / Krimi;Suburra: La Serie;V roce 2008 se spor o pozemky v přímořském městečku nedaleko Říma proměnil na smrtící bitvu mezi organizovaným zločinem, zkorumpovanými politiky a Vatikánem. (Netflix);Na VOD od 06.10.2017 Netflix (Série 1);podle knihy, vražda, policie, gay, politika, drogy, mafie, prostitutka, církev, Romové, Řím, uprchlický tábor;3.0;24.0;Giuseppe Capotondi, Andrea Molaioli, Michele Placido;Filippo Nigro, Francesco Acquaroli, Alessandro Borghi, Adamo Dionisi, Giacomo Ferrara, Claudia Gerini, Eduardo Valdarnini, Francesco De Rosa, Lorena Cesarini, Diego Ribon;Carlo Bonini, Giancarlo De Cataldo;https://www.netflix.com/title/80081537<br>https://www.netflix.com/<br>https://www.netflix.com/title/80081537<br>https://www.csfd.cz/vod/netflix/<br>https://www.csfd.cz/vod/netflix/<br>https://www.csfd.cz/vod/netflix/<br>https://apps.apple.com/cz/app/id6755365206<br>https://play.google.com/store/apps/details?id=cz.csfd.csfdroid<br>;;
1451797;Dandadan;2024;86.37724550898204;;https://image.pmgstatic.com/cache/resized/w420/files/images/film/posters/169/362/169362125_6oeej1.jpg;https://www.csfd.cz/film/1451797-dandadan/;Japonsko;Animovaný / Akční / Komedie / Romantický / Sci-Fi / Drama;ダンダダン;Momo je středoškolačka z rodiny spiritistických médií. Poté, co Momo zachrání Okaruna, svého spolužáka a okultního nadšence, od šikany, pohádají se o své víře – Momo věří v duchy, ale popírá existenci mimozemšťanů, zatímco Okarun věří v mimozemšťany, ale ne v duchy. Aby urovnali své neshody, vydávají se na průzkum paranormálních míst, kde se oba setkávají s nadpřirozenými silami. Momo v sobě probudí skryté síly a Okarun získá prokletou schopnost, což je přivede do nových nebezpečí. (mikki089);V TV od 03.10.2024 MBS;;3.0;36.0;Fúga Jamaširo, Hiroši Nišikiori, Abel Gongora;Šion Wakajama, Nacuki Hanae, Kazuja Nakai, Majumi Tanaka, Nana Mizuki, Ajane Sakura, Kaito Išikawa, Rjúzaburó Ótomo, Kikuko Inoue, Tomokazu Seki;Jukinobu Tacu;https://www.netflix.com/title/81736884<br>https://www.netflix.com/title/81736884<br>https://apps.apple.com/cz/app/id6755365206<br>https://play.google.com/store/apps/details?id=cz.csfd.csfdroid<br>;;
697203;Po životě;2019;84.99578911908371;;https://image.pmgstatic.com/cache/resized/w420/files/images/film/posters/163/308/163308839_2cb8dd.jpg;https://www.csfd.cz/film/697203-po-zivote/;Velká Británie;Komedie / Drama;After Life;Novinář se snaží vyrovnat se smrtí svojí manželky. Začne se chovat nevrle, aby od sebe odehnal ty, kteří se mu snaží pomoct. (Netflix);Na VOD od 08.03.2019 Netflix (Série 1);smrt, manželé, psi, novináři, rakovina, domov důchodců;3.0;18.0;Ricky Gervais;Ricky Gervais, Tom Basden, David Bradley, Roisin Conaty, Kerry Godliman, Ashley Jensen, Paul Kaye, Diane Morgan, Tony Way, Joe Wilkinson;;https://www.netflix.com/title/80998491<br>https://www.netflix.com/<br>https://www.netflix.com/title/80998491<br>https://www.csfd.cz/vod/netflix/<br>https://www.csfd.cz/vod/netflix/<br>https://www.csfd.cz/vod/netflix/<br>https://apps.apple.com/cz/app/id6755365206<br>https://play.google.com/store/apps/details?id=cz.csfd.csfdroid<br>;AACTA International Awards (1x)<br>;
684819;Co děláme v temnotách;2019;85.06193693693693;;https://image.pmgstatic.com/cache/resized/w420/files/images/film/posters/168/087/168087994_yc6wyq.png;https://www.csfd.cz/film/684819-co-delame-v-temnotach/;USA;Komedie / Fantasy / Horor;What We Do in the Shadows;"Co děláme v temnotách je seriál natočený v dokumentárním stylu, který nahlíží pod pokličku každodenních (nebo spíše každonočních) životů tří upírů “žijících” pospolu už stovky let na Staten Islandu. Samozvaným vůdcem skupiny je ""Nandor Neúprosný"", velký válečník a dobyvatel z Osmanské říše. Pak je zde britský upír ""Laszlo"" – tak trochu darebák, švihák a frajer, jak o sobě s oblibou říká. A taky ""Nadja"" – svůdkyně, pokušitelka a upírská verze Bonnie od Clydea v Laszlově podání. Po nečekané návštěvě jejich temného pána a vůdce ""barona Afanase"" jsou upíři upozorněni na to, čím byli po svém příjezdu na Staten Island před více než stovkou let pověřeni – kompletním ovládnutím nového světa. Jak ale takové nadvlády nejlépe dosáhnout? (HBO Europe)";Na VOD od 13.07.2023 Hulu (Série 5);muž, láska, žena, smrt, přátelství, přátelé, vražda, násilí, tajemství, město, záhady, touha, zbraně, vrah, ženy, zvířata, oběť (autonehody/zločinu), pátrání, vzpomínky, manipulace, lež, intriky, sny, kolegové, vášeň, podvod, kamarádi, krev, mrtvola, vztahy, dům, bolest, mezilidské vztahy, smutek, zabijáci, New York, zranění, duchové, hádka, bar, upíři, středověk, tradice, stěhování, paranormální jevy, lov, hospoda, oběť (někomu/něčemu), zajatci, bodné zbraně, sečné zbraně, noční klub, noc, změna identity, sluha, nůž, rituál, spolubydlící, trest smrti, naschvály, trest, kancelář, nesmrtelnost, spolubydlení, rakev, netopýři;6.0;61.0;Taika Waititi, Jemaine Clement, Jackie van Beek;Kayvan Novak, Harvey Guillén, Natasia Demetriou, Matt Berry, Mark Proksch, Alexandra Henrikson, Beanie Feldstein, Doug Jones, Jake McDorman, Chris Perfetti;;https://www.hbomax.com/cz/en/shows/what-we-do-in-the-shadows/e6e8b138-a61e-4f8c-b09c-ee5db992726d<br>https://srv.tunefindforfans.com/showads/track/srvclk.php?aid=100006796&lp=https://www.disneyplus.com/en-cz/browse/entity-0b10c46a-12f0-4357-8a00-547057b49bac<br>http://www.hbo.eu<br>http://www.hbo.eu<br>https://www.hbomax.com/cz/en/shows/what-we-do-in-the-shadows/e6e8b138-a61e-4f8c-b09c-ee5db992726d<br>https://srv.tunefindforfans.com/showads/track/srvclk.php?aid=100006796&lp=https://www.disneyplus.com/en-cz/browse/entity-0b10c46a-12f0-4357-8a00-547057b49bac<br>https://apps.apple.com/cz/app/id6755365206<br>https://play.google.com/store/apps/details?id=cz.csfd.csfdroid<br>;AACTA International Awards (1x)<br>Critics Choice Awards (16x)<br>The Saturn Awards (10x)<br>;
607809;Kominského metoda;2018;85.29777777777778;;https://image.pmgstatic.com/cache/resized/w420/files/images/film/posters/162/994/162994956_cdb960.jpg;https://www.csfd.cz/film/607809-kominskeho-metoda/;USA;Komedie / Drama;The Kominsky Method;Učitel herectví se snaží se ctí uhrát akt jménem stárnutí. (Česká televize);Na VOD od 16.11.2018 Netflix (Série 1);stáří, herci;3.0;22.0;Beth McCarthy-Miller, Chuck Lorre, Donald Petrie;Alan Arkin, Sarah Baker, Michael Douglas, Ashleigh LaThrop, Emily Osment, Graham Rogers, Melissa Tang, Nancy Travis, Azie Tesfai, Willam;;https://www.netflix.com/title/80201680<br>http://www.ceskatelevize.cz<br>https://www.netflix.com/title/80201680<br>https://www.csfd.cz/vod/netflix/<br>https://www.csfd.cz/vod/netflix/<br>https://www.csfd.cz/vod/netflix/<br>https://apps.apple.com/cz/app/id6755365206<br>https://play.google.com/store/apps/details?id=cz.csfd.csfdroid<br>;AACTA International Awards (1x)<br>Golden Globes (4x)<br>Critics Choice Awards (2x)<br>;Golden Globes (2x)<br>
965645;Byl by to hřích;2021;85.35469107551488;;https://image.pmgstatic.com/cache/resized/w420/files/images/film/posters/166/111/166111201_584eda.png;https://www.csfd.cz/film/965645-byl-by-to-hrich/;Velká Británie;Komedie / Drama;It's a Sin;Je rok 1981, začátek nového desetiletí a Ritchie (Olly Alexander), Roscoe (Omari Douglas) a Colin (Callum Scott Howells) začínají nový život v Londýně. Mladé homosexuály, kteří se zpočátku vůbec neznají, a jejich nejlepší kamarádku Jill (Lydia Westová) svede osud dohromady a oni brzy začnou navzájem sdílet svá dobrodružství. Světem se však šíří nový virus a životy našich hrdinů jsou vystaveny zkoušce, jakou si nikdy nedovedli představit. Desetiletí ubíhají a oni dospívají ve stínu AIDS, odhodláni žít a milovat vášnivěji než kdy dřív. (HBO Europe);Na VOD od 22.01.2021 All 4;láska, žena, rodina, smrt, přátelství, přátelé, gay, lež, rivalita, nevěra, LGBTQ+, nemocnice, umírání, žárlivost, homosexualita, osamělost, coming out, protestní hnutí, homofobie, teen comedy, promiskuita, AIDS, teen drama;0.0;5.0;Peter Hoar;Olly Alexander, Lydia West, Nathaniel Curtis, Callum Scott Howells, Omari Douglas, Neil Ashton, Michelle Greenidge, Graham Parrington, Debra Baker, Grant Crookes;;https://www.ceskatelevize.cz/porady/14885850263-byl-by-to-hrich?utm_source=csfd&utm_medium=section_vod&utm_campaign=link<br>http://www.hbo.eu<br>http://www.hbo.eu<br>https://www.ceskatelevize.cz/porady/14885850263-byl-by-to-hrich?utm_source=csfd&utm_medium=section_vod&utm_campaign=link<br>https://apps.apple.com/cz/app/id6755365206<br>https://play.google.com/store/apps/details?id=cz.csfd.csfdroid<br>;Independent Spirit Awards (2x)<br>Critics Choice Awards (2x)<br>;
338504;Boku dake ga inai mači;2016;85.7378551787351;;https://image.pmgstatic.com/cache/resized/w420/files/images/film/posters/160/324/160324521_458b3d.jpg;https://www.csfd.cz/film/338504-boku-dake-ga-inai-maci/;Japonsko;Animovaný / Drama / Krimi / Psychologický / Thriller;僕だけがいない街;Satoru Fujinuma prožívá poměrně složité životní období. Je mu 29 let a zrovna nedávno skončil ve své práci, kde se živil jako autor mangy. Nyní z nouze vzal práci, ve které rozváží pizzu. Satoru má však velmi zvláštní dar. V určitých chvílích se mu náhle stává, že se vrací v čase a tyto skoky jsou zpravidla pokaždé spojeny s nějakou významnou událostí nebo katastrofou, kterou má Satoru možnost ovlivnit a zvrátit. Takto se mu například podaří zachránit malého chlapce od toho, aby jej přejelo nákladní auto, jehož řidič měl infarkt za volantem. Aby toho nebylo málo, tak se do Satorova života po tomto incidentu vrací jeho matka. Toto shledání a případ únosu, který se objeví v televizi, u Satora vyvolají vzpomínky na dětství a na okamžik, kdy nedokázal zachránit svou spolužačku Kayo Hinazuki před únosem, z kterého byl nakonec obviněn starší chlapec, kterého Satoru považoval za svého kamaráda. Vše nakonec vyvrcholí okamžikem, kdy se Satoru jednoho dne vrátí domů a nalezne svou matku mrtvou, a aby toho nebylo málo, stává se hlavním podezřelým z její vraždy. V momentě nejvyšší nouze se Satoru opět nečekaně přenese v čase. Je rok 1988 a Satoru je mladý chlapec. Do únosu jeho spolužačky Kayo Hinazuki zbývá měsíc... (Jeoffrey);;přátelství, přátelé, vražda, dívka, děti, matka, chlapec, anime, škola, únos, učitel, sériový vrah, cestování časem, domácí násilí, základní škola, stalking;0.0;12.0;Tomohiko Itó, Tošimasa Išii, Kosaja;Šinnosuke Micušima, Minami Takajama, Tao Cučija, Aoi Júki, Akemi Okamura, Činacu Akasaki, Jó Taiči, Takahiro Mizušima, Hideaki Tezuka, Aoi Koga;Kei Sambe;https://apps.apple.com/cz/app/id6755365206<br>https://play.google.com/store/apps/details?id=cz.csfd.csfdroid<br>;;
815768;Vymítač;2017;85.81967213114754;;https://image.pmgstatic.com/cache/resized/w420/files/images/film/posters/164/166/164166684_b4cbf4.jpg;https://www.csfd.cz/film/815768-vymitac/;Polsko;Animovaný / Komedie / Horor;Egzorcysta;Bogdan Boner – maľovanie domov, kosenie trávy, práce všeho druhu a... exorcista na polovičný úväzok. Strastiplný príbeh jedného dobrého chlapa, ktorý bojuje všetkými dostupnými prostriedkami proti silám zla. Ešte sa nenašiel démon alebo fľaša vodky, ktorú by nezvládol. To celé len za mierny poplatok bez faktúrky, no s faktúrkou by bolo ešte drahšie! (Da_reba);;muž, smrt, přátelství, přátelé, vražda, násilí, tajemství, strach, mládež, záhady, útěk, chlapec, zbraně, vrah, oběť (autonehody/zločinu), pomsta, peníze, vojáci, pronásledování, rivalita, kolegové, zrada, boj o přežití, souboje, kamarádi, krev, nenávist, armáda, nemocnice, zabijáci, žárlivost, náboženství, gore, zranění, víra, rvačka, střelné zbraně, paranoia, panika, duchové, pocit viny, přepadení, přestřelka, alkoholismus, křesťanství, střelba, posedlost, bojová umění, upíři, zombie, nájemný vrah, kněz, závislost, závist, démoni, lov, oběť (někomu/něčemu), alkohol, církev, pokus o vraždu, sečné zbraně, duchovní, těžký úraz, mytologie, kostel, noc, přízrak, nůž, řidič, hřbitov, samopal, zápas, vloupání, Ďábel, brokovnice, taxi, exorcismus, Drákula, hrobka, kouření, peklo, Polsko, posedlost ďáblem, posedlost démonem, hrob, posedlost duchem, Satan, cigarety;3.0;39.0;Bartosz Walaszek;Bartosz Walaszek;;https://www.netflix.com/title/81297404<br>https://www.netflix.com/title/81297404<br>https://apps.apple.com/cz/app/id6755365206<br>https://play.google.com/store/apps/details?id=cz.csfd.csfdroid<br>;;
1711454;The Mighty Nein;2025;87.48051948051948;;https://image.pmgstatic.com/cache/resized/w420/files/images/film/posters/170/595/170595334_sy6x8s.jpg;https://www.csfd.cz/film/1711454-the-mighty-nein/;USA;Animovaný / Akční / Dobrodružný / Fantasy / Komedie;The Mighty Nein;Skupina outsiderů, zločinců a ztroskotanců se nachomýtne k záchraně kontinentu poté, co tajemná relikvie schopná pozměnit realitu padne do špatných rukou. (Prime Video);Na VOD od 19.11.2025 Prime Video (Season 1);;2.0;16.0;Eugene Lee, Ed Tadem, Mari Yang;Laura Bailey, Liam O'Brien, Marisha Ray, Matthew Mercer, Sam Riegel, Travis Willingham, Taliesin Jaffe, Ashley Johnson, Alan Cumming, Ming-Na Wen;;https://www.amazon.com/amazonprime/<br>https://apps.apple.com/cz/app/id6755365206<br>https://play.google.com/store/apps/details?id=cz.csfd.csfdroid<br>;;
291998;Penn a Teller: Oblafni mě!;2010;88.3679525222552;;https://image.pmgstatic.com/cache/resized/w420/files/images/film/posters/166/738/166738352_a25db5.jpg;https://www.csfd.cz/film/291998-penn-a-teller-oblafni-me/;Velká Británie;Komedie;Penn & Teller: Fool Us;Světoznámá kouzelnická dvojice přináší svůj jedinečný styl humoru do soutěžní show, kde zkušení iluzionisté soupeří o hlavní cenu. (Netflix);;;;;;Penn Jillette, Jonathan Ross, Teller, Simon Pierro, Marie Osmond, Wolfgang Moser, Eric Leclerc, Misty Lee, Blaise Serra, Steven Banks;;https://www.netflix.com/<br>https://apps.apple.com/cz/app/id6755365206<br>https://play.google.com/store/apps/details?id=cz.csfd.csfdroid<br>;Critics Choice Awards (1x)<br>;
198118;Kancl;2005;84.746772591857;;https://image.pmgstatic.com/cache/resized/w420/files/images/film/posters/162/749/162749477_fc931c.jpg;https://www.csfd.cz/film/198118-kancl/;USA;Komedie;The Office;Televizní štáb natáčí život v průměrné kanceláři, kterou řídí neuvěřitelný vůl Michael. Ten si o sobě ale samozřejmě myslí přesný opak. Ani ostatní postavy nejsou tak úplně normální, a přesto vám budou důvěrně známé. (TV Prima);;sitcom;9.0;188.0;Ken Whittingham, Tucker Gates, Jason Reitman;Steve Carell, Rainn Wilson, John Krasinski, Jenna Fischer, Leslie David Baker, Brian Baumgartner, Angela Kinsey, Phyllis Smith, Kate Flannery, Creed Bratton;;https://www.netflix.com/title/70136120<br>https://srv.tunefindforfans.com/showads/track/srvclk.php?aid=100006796&lp=https://www.disneyplus.com/en-cz/browse/entity-d78edbe8-7897-4a3a-b358-c705986c71ad<br>https://www.skyshowtime.com/cz/stream/tv/kancl/3ccdfdde-91cd-3021-93af-9337210a95da<br>/novinky/7774-netflix-prichazi-o-predplatitele/<br>/novinky/7774-netflix-prichazi-o-predplatitele/<br>/novinky/7774-netflix-prichazi-o-predplatitele/<br>/novinky/7077-netflix-vevodi-zebricku-streamovaci-sledovanosti/<br>/novinky/7077-netflix-vevodi-zebricku-streamovaci-sledovanosti/<br>/novinky/7077-netflix-vevodi-zebricku-streamovaci-sledovanosti/<br>https://www.netflix.com/title/70136120<br>https://srv.tunefindforfans.com/showads/track/srvclk.php?aid=100006796&lp=https://www.disneyplus.com/en-cz/browse/entity-d78edbe8-7897-4a3a-b358-c705986c71ad<br>https://www.skyshowtime.com/cz/stream/tv/kancl/3ccdfdde-91cd-3021-93af-9337210a95da<br>https://apps.apple.com/cz/app/id6755365206<br>https://play.google.com/store/apps/details?id=cz.csfd.csfdroid<br>;Golden Globes (8x)<br>;Golden Globes (1x)<br>
471474;Babylon Berlín;2017;84.99587798845836;;https://image.pmgstatic.com/cache/resized/w420/files/images/film/posters/165/980/165980857_816553.jpg;https://www.csfd.cz/film/471474-babylon-berlin/;Německo;Krimi / Drama / Historický / Válečný / Thriller;Babylon Berlin;Berlín v bouřlivých dvacátých letech minulého století – metropole lidí s talentem a ctižádostí, těch, kteří se činí. Pod nablýskaným povrchem však chudý lid usiluje o lepší život. Je to doba organizovaného zločinu a politického extremismu. (HBO Max);V TV od 13.10.2017 Sky;podle knihy, vražda, 20. století, policie, vyšetřování, politika, doktoři, válka, tanec, prostituce, prostitutka, konspirace, období 1930-1940, špioni, noční klub, období 1920-1930, zlato, Berlín, inspektor, Velká hospodářská krize;5.0;41.0;Henk Handloegten, Tom Tykwer, Achim von Borries;Volker Bruch, Liv Lisa Fries, Lars Eidinger, Fritzi Haberlandt, Karl Markovics, Jens Harzer, Christian Friedel, Jördis Triebel, Hannah Herzsprung, Benno Fürmann;Volker Kutscher;https://www.ceskatelevize.cz/porady/11956220175-babylon-berlin?utm_source=csfd&utm_medium=section_vod&utm_campaign=link<br>https://www.hbomax.com<br>https://www.ceskatelevize.cz/porady/11956220175-babylon-berlin?utm_source=csfd&utm_medium=section_vod&utm_campaign=link<br>https://apps.apple.com/cz/app/id6755365206<br>https://play.google.com/store/apps/details?id=cz.csfd.csfdroid<br>;;
790720;Ripley;2024;85.04672897196262;;https://image.pmgstatic.com/cache/resized/w420/files/images/film/posters/168/538/168538768_0iv69k.jpg;https://www.csfd.cz/film/790720-ripley/;USA;Krimi / Drama / Thriller;Ripley;Mladý podvodník vyrazí do Itálie splnit zvláštní úkol a nahlédne přitom do světa mocných a bohatých. Život, o kterém snil, tak má na dosah. Stačí se k němu jenom prolhat. (Netflix);Na VOD od 04.04.2024 Netflix;podle knihy, černobílý film, vražda, vrah, peníze, umění, podvod, Itálie, neo-noir;0.0;8.0;Steven Zaillian;Andrew Scott, Dakota Fanning, Johnny Flynn, Maurizio Lombardi, Eliot Sumner, Margherita Buy, Kenneth Lonergan, Bokeem Woodbine, Vittorio Viviani, Pasquale Esposito;Patricia Highsmith;https://www.netflix.com/title/81678765<br>https://www.netflix.com/<br>/novinky/9313-hosi-z-brazilie-dostanou-miniserii-na-netflixu/<br>/novinky/9313-hosi-z-brazilie-dostanou-miniserii-na-netflixu/<br>/novinky/9313-hosi-z-brazilie-dostanou-miniserii-na-netflixu/<br>https://www.netflix.com/title/81678765<br>https://www.csfd.cz/vod/netflix/<br>https://apps.apple.com/cz/app/id6755365206<br>https://play.google.com/store/apps/details?id=cz.csfd.csfdroid<br>;Independent Spirit Awards (1x)<br>Golden Globes (3x)<br>Critics Choice Awards (3x)<br>The Saturn Awards (1x)<br>;
1128618;Veselí přátelé;2020;86.42978003384094;;https://image.pmgstatic.com/cache/resized/w420/files/images/film/posters/170/587/170587035_mmcoyi.png;https://www.csfd.cz/film/1128618-veseli-pratele/;USA;Animovaný / Komedie;Smiling Friends;Zaměstnanci malé firmy se snaží přinášet štěstí do bizarního a svérázného světa. Společnost tvoří cynický Charlie a hvězdný pracovník Pim. (HBO Max);V TV od 01.04.2020 Adult Swim;;4.0;33.0;Michael Cusack, Zach Hadel;Michael Cusack, Zach Hadel, Finn Wolfhard, Nick Wolfhard, Mike Stoklasa, David Dore, Marc M., Conner O'Malley, Erica Lindbeck, Jeff Schubert;;https://www.hbomax.com/cz/en/shows/smiling-friends/b692705b-2f12-4a3d-ab4d-579124e0667c<br>https://www.hbomax.com<br>https://www.hbomax.com/cz/en/shows/smiling-friends/b692705b-2f12-4a3d-ab4d-579124e0667c<br>https://apps.apple.com/cz/app/id6755365206<br>https://play.google.com/store/apps/details?id=cz.csfd.csfdroid<br>;;
151979;Bugs Bunny a jeho přátelé;1960;84.75707898658719;;https://image.pmgstatic.com/cache/resized/w420/files/images/film/posters/000/039/39094_8ae413.jpg;https://www.csfd.cz/film/151979-bugs-bunny-a-jeho-pratele/;USA;Animovaný / Rodinný / Komedie;The Bugs Bunny Show;Animovaný seriál s vysokou hodnotou zábavy pro všechny od Warner Brosu. Krátké příběhy králíka Bugse, který stírá úplně všechny a tím tvoří tu pořádnou zábavu, co animovaný seriál vhodný hlavně pro děti může nabídnout. (Zumongar);;Looney Tunes, králík Bugs, kačer Daffy, prasátko Porky, kocour Sylvester, Elmer Fudd, kojot Vilda, pták Uličník, Tweety, Speedy Gonzales, Yosemite Sam, kohout Leghorn, Marc Anthony, Pepé Le Pew, Barnyard Dawg, Taz, Marťan Marvin, kocour Claude, jestřáb Henery, Hubie a Bertie, pes Charlie, ovčácký pes Sam, kočička Penelopé, žabák Michigan, vlk Ralph, buldok Hector, slečna Prissy, Rocky a Mugsy;;;Robert McKimson, Friz Freleng, Chuck Jones;Mel Blanc, Daws Butler, June Foray, Jim Backus, Bea Benaderet, Hal Smith;;https://apps.apple.com/cz/app/id6755365206<br>https://play.google.com/store/apps/details?id=cz.csfd.csfdroid<br>;;
371800;Šťastné údolí;2014;85.19031141868513;;https://image.pmgstatic.com/cache/resized/w420/files/images/film/posters/167/087/167087896_kqgbnk.jpg;https://www.csfd.cz/film/371800-stastne-udoli/;Velká Británie;Krimi / Drama;Happy Valley;Britský seriál s poněkud ironickým názvem Šťastné údolí, oceněný v roce 2015 prestižní cenou BAFTA, v sobě kombinuje žánr procedurálního krimithrilleru s vypjatým vztahovým dramatem. Děj se odehrává v malebném Calder Valley v Západním Yorkshiru, jehož neutěšená sociální realita je s krásou okolní krajiny v příkrém kontrastu. Tady slouží Catherine Cawoodová, sedmačtyřicetiletá policejní seržantka, která se stále vyrovnává se sebevraždou osmnáctileté dcery Becky. A když už se zdá, že trauma překonala a pomalu začíná opět žít svůj život, dozvídá se, že se z vězení vrátil Tommy Lee Royce – muž, odpovědný za Beckyinu tragickou smrt. Catherine má teď jediný cíl. Potrestat násilníka, který toho má však na svědomí mnohem víc, než policistka tuší. (Česká televize);Na VOD od 01.01.2023 BBC iPlayer (Série 3);smrt, vražda, násilí, policie, vyšetřování, únos, znásilnění, vydírání, deprese;3.0;18.0;Sally Wainwright, Euros Lyn, Tim Fywell;Sarah Lancashire, Siobhan Finneran, Shane Zaza, Charlie Murphy, James Norton, Ishia Bennison, George Costigan, Joe Armstrong, Steve Pemberton, Adam Long;;http://www.ceskatelevize.cz<br>http://www.ceskatelevize.cz<br>https://apps.apple.com/cz/app/id6755365206<br>https://play.google.com/store/apps/details?id=cz.csfd.csfdroid<br>;;
69557;Ze Země na Měsíc;1998;85.21795705920624;;https://image.pmgstatic.com/cache/resized/w420/files/images/film/posters/169/260/169260426_s32o7b.jpg;https://www.csfd.cz/film/69557-ze-zeme-na-mesic/;USA;Akční / Drama / Thriller;From the Earth to the Moon;Tom Hanks, Imagine Entertainment a společnost HBO vám přináší nezapomenutelné drama mise Apollo v kolekci Ze Země na Měsíc. Vydejte se s odvážnými astronauty na cestu, která začíná historickým projevem prezidenta Johna F. Kennedyho a pokračuje prvním výstupem člověka do vesmíru až k tomu nejzásadnějšímu momentu, kdy se člověk poprvé octne na Měsíci. Jeden malý krok pro člověka... velký krok pro lidstvo. Prostřednictvím skvělých hereckých výkonů Caryho Elwese, Sally Fieldové, Chrise Isaaka a mnohých dalších prožijte příběhy mužů, žen a dětí, kteří zasvětili část svého života ve prospěch zdárného projektu - jednomu z největších v historii lidstva.;V TV od 05.04.1998 Home Box Office;vesmír, Měsíc, NASA;0.0;12.0;David Frankel, Jon Turteltaub, Jonathan Mostow;Tom Hanks, Nick Searcy, David Andrews, Lane Smith, Daniel Hugh Kelly, Stephen Root, David Clyde Carr, Tim Daly, Conor O'Farrell, Rita Wilson;Andrew Chaikin;https://www.hbomax.com/cz/en/shows/from-the-earth-to-the-moon/f604f7f9-9c33-4705-bb0e-cc49e4737049<br>https://www.hbomax.com/cz/en/shows/from-the-earth-to-the-moon/f604f7f9-9c33-4705-bb0e-cc49e4737049<br>https://apps.apple.com/cz/app/id6755365206<br>https://play.google.com/store/apps/details?id=cz.csfd.csfdroid<br>;;Golden Globes (1x)<br>Critics Choice Awards (1x)<br>
910437;Jujutsu kaisen;2020;85.32710280373831;;https://image.pmgstatic.com/cache/resized/w420/files/images/film/posters/168/422/168422682_xtb7rd.jpg;https://www.csfd.cz/film/910437-jujutsu-kaisen/;Japonsko;Animovaný / Akční / Horor;Džudžucu kaisen;Ve světě, kde se démoni živí na nic netušících lidech a kde mnoho z nich padlo za oběť nejrůznějším prokletím, jsou všemožně schované části těla legendárního a obávaného démona Sukuny. Každý démon, který pozře nějaký z těchto ostatků, může získat obrovskou moc, se kterou by mohl být schopný zničit celý svět, či vážně narušit běžný chod věcí. Naštěstí však existuje tajemná škola bojovníků Jujutsu – čarodějů, kteří běžné smrtelníky v tajnosti ochraňují před všemi nebezpečími ze strany démonů a nebezpečných prokletí.Yuuji Itadori je obyčejný středoškolák jehož největší starostí je jeho nemocný dědeček, který leží v nemocnici. I když chlapec vypadá na první pohled úplně normálně, má neobyčejnou fyzickou sílu a vytrvalost, díky které o něj má zájem mnoho školních sportovních klubů. Yuujimu je to ale jedno a mnohem raději tráví svůj volný čas ve společnosti dvou dalších přítel, členů okultního kroužku. Jeho život se však změní jednoho dne, kdy se mu do rukou dostane zapečetěný a prokletý předmět – jeden z prstů démona Sukuny! Chlapec ani nikdo z kroužku nemá tušení, jaké hrůzy se stanou poté, co poruší pečeť... (Jeoffrey);V TV od 02.10.2020 MBS;anime, prokletí, podle mangy;3.0;71.0;Song-hu Park, Rjú Nakajama, Tomomi Kamija;Júiči Nakamura, Džun'ja Enoki, Júma Učida, Asami Seto, Džun'iči Suwabe, Kendžiró Cuda, Kóki Učijama, Mikako Komacu, Tomokazu Seki, Šigeru Čiba;Gege Akutami;https://www.netflix.com/title/81278456<br>https://www.netflix.com/title/81278456<br>https://apps.apple.com/cz/app/id6755365206<br>https://play.google.com/store/apps/details?id=cz.csfd.csfdroid<br>;;
153444;Initial D: Second Stage;1999;89.34579439252336;;https://image.pmgstatic.com/cache/resized/w420/files/images/film/posters/166/265/166265389_f95910.jpg;https://www.csfd.cz/film/153444-initial-d-second-stage/;Japonsko;Animovaný / Akční / Drama / Sportovní;頭文字[イニシャル]Ｄ　Second Stage;;V TV od 14.10.1999 Fuji Television;drift;0.0;13.0;Šin'iči Masaki, Júzó Jamada, Takeši Ušigusa;Šin'ičiró Miki, Ajako Kawasumi, Micuo Iwata, Takehito Kojasu, Tomokazu Seki, Unšó Išizuka, Wataru Takagi, Keidži Fudžiwara, Kódži Jusa, Kazuhisa Kawahara;Šúiči Šigeno;https://apps.apple.com/cz/app/id6755365206<br>https://play.google.com/store/apps/details?id=cz.csfd.csfdroid<br>;;
68831;Policejní jednotka v barvách;1982;84.97951752389622;;https://image.pmgstatic.com/cache/resized/w420/files/images/film/posters/167/976/167976604_czirwh.jpg;https://www.csfd.cz/film/68831-policejni-jednotka-v-barvach/;USA;Komedie / Akční / Krimi / Mysteriózní;Police Squad!;Komediální krimiseriál nabitý gagy, absurdním humorem a parodickými odkazy. Neohrožený detektiv Frank Drebin řeší případy s takovou samozřejmostí, že i James Bond vedle něj vypadá jako Martin Tomsa v podvlíkačkách. Rozbije mafiánský gang i auto. Zneškodní únosce, bombu i sexbombu. Vražedkyni strhne skoro všechny paruky a drogovému dealerovi masku. Zpívá, tančí. Popere se s nepřízní osudu i s vyděrači. Nic pro něj není překážkou, ani výhrůžky a popelnice. Pachatele odzbrojuje ručně, diváky humorem. Dostane ho až programový šéf ABC Tony Thomopoulos, který seriál po šestém díle předčasně ukončí s odůvodněním, že je jen pro pozorného diváka. Frank Drebin se však nevzdá a záhy se vrací v sérii Bláznivých střel. (Infalín);;policie, parodie;0.0;6.0;Reza Badiyi, Paul Krasny, Georg Stanford Brown;Leslie Nielsen, Alan North, Rex Hamilton, William Duell, Peter Lupus, William Shatner, Georg Stanford Brown, John Ashton, Robert Costanzo, William Conrad;;/film/68831-policejni-jednotka-v-barvach/620104-rendezvous-at-big-gulch-terror-in-the-neighborhood/prehled/<br>https://apps.apple.com/cz/app/id6755365206<br>https://play.google.com/store/apps/details?id=cz.csfd.csfdroid<br>;;
90704;Courage the Cowardly Dog;1999;85.10131108462456;;https://image.pmgstatic.com/cache/resized/w420/files/images/film/posters/163/054/163054924_qxu2z9.jpg;https://www.csfd.cz/film/90704-courage-the-cowardly-dog/;USA;Animovaný / Komedie / Rodinný / Sci-Fi;;Courage byl ještě štěňátko, když na návštěvě u veterináře viděl naposledy své psí rodiče. Skončil na ulici, kde ho našla paní Muriel Bagge. Vzala si ho do svého domu uprostřed Ničeho v Kansasu, kde bydlí se svým hrubým a mrzutým manželem Eustacem, který Courage pokládá jen za hloupého psa, což rozhodně není pravda. Vždy když je Courage na hlídce, stávají se uprostřed Ničeho strašidelné a hrůzu nahánějící paranormální události. I když se asi jedná o nejzbabělejšího psa na světě, je Courage vždy připraven zachránit svou paničku Muriel a nakopat zadek nějakému neřádovi, monstru, příšeře, mimozemšťanovi nebo zombie.;;tajemství, černý humor;4.0;52.0;John Dilworth;Marty Grabstein, Thea White, Peter Fernandez, Simon Prebble, Paul Schoeffler, Mary Testa, John Dilworth, Ron McLarty, Chuck Montgomery, Dennis Predovic;;https://apps.apple.com/cz/app/id6755365206<br>https://play.google.com/store/apps/details?id=cz.csfd.csfdroid<br>;;
479076;Peťajn;2014;85.76446280991736;;https://image.pmgstatic.com/cache/resized/w420/files/images/film/posters/161/448/161448887_016d94.png;https://www.csfd.cz/film/479076-petajn/;Česko;Krátkometrážní / Komedie;;YouTuber PeŤan s jeho kolegy v show zvané Peťajn předvádí různé vtipné situace ze života v krátkometrážních videích. (frolish01);;;;;Petr Esterka;Petr Esterka, Petr Purmenský;;https://apps.apple.com/cz/app/id6755365206<br>https://play.google.com/store/apps/details?id=cz.csfd.csfdroid<br>;;
882491;Vis a vis (Netflix verze);2015;85.74162679425838;;https://image.pmgstatic.com/cache/resized/w420/files/images/film/posters/164/613/164613199_4326fa.jpg;https://www.csfd.cz/film/882491-vis-a-vis-netflix-verze/;Španělsko;Drama / Thriller;Vis a vis (Netflix version);Naivní mladá žena, která se kvůli svému příteli nechala vmanipulovat do zpronevěry, skončí ve vězení a v novém drsném světě se musí rychle naučit přežít. (Netflix);;;2.0;35.0;Sandra Gallego, Jesús Colmenar, Jesús Rodrigo;Alba Flores, María Isabel Díaz Lago, Marta Aledo, Najwa Nimri, Berta Vázquez, Jesús Castejón, Maggie Civantos, Carlos Hipólito, Roberto Enríquez, Cristina Plazas;;/film/882491-vis-a-vis-netflix-verze/prehled/?modal=ratingAndFanclub<br>https://www.netflix.com/title/81086021<br>/film/882491-vis-a-vis-netflix-verze/882493-serie-1/prehled/<br>/film/882491-vis-a-vis-netflix-verze/882508-serie-2/prehled/<br>https://www.netflix.com/<br>/film/882491-vis-a-vis-netflix-verze/prehled/<br>/film/882491-vis-a-vis-netflix-verze/recenze/<br>/film/882491-vis-a-vis-netflix-verze/zajimavosti/<br>/film/882491-vis-a-vis-netflix-verze/epizody/<br>/film/882491-vis-a-vis-netflix-verze/hraji/<br>/film/882491-vis-a-vis-netflix-verze/filmoteka/<br>/film/882491-vis-a-vis-netflix-verze/diskuze/<br>/film/882491-vis-a-vis-netflix-verze/prehled/<br>/film/882491-vis-a-vis-netflix-verze/recenze/<br>/film/882491-vis-a-vis-netflix-verze/zajimavosti/<br>/film/882491-vis-a-vis-netflix-verze/epizody/<br>/film/882491-vis-a-vis-netflix-verze/hraji/<br>/film/882491-vis-a-vis-netflix-verze/filmoteka/<br>/film/882491-vis-a-vis-netflix-verze/diskuze/<br>/film/882491-vis-a-vis-netflix-verze/recenze/<br>/film/882491-vis-a-vis-netflix-verze/recenze/?review=13473177<br>/film/882491-vis-a-vis-netflix-verze/recenze/?review=12611965<br>/film/882491-vis-a-vis-netflix-verze/recenze/?review=11511737<br>/film/882491-vis-a-vis-netflix-verze/recenze/?review=11786435<br>/film/882491-vis-a-vis-netflix-verze/recenze/?review=12251212<br>/film/882491-vis-a-vis-netflix-verze/zajimavosti/<br>/film/882491-vis-a-vis-netflix-verze/prehled/?pageRating=0<br>/film/882491-vis-a-vis-netflix-verze/prehled/?pageRating=2<br>/film/882491-vis-a-vis-netflix-verze/prehled/?pageFanclub=0&tab=fanclub-users<br>/film/882491-vis-a-vis-netflix-verze/prehled/?pageFanclub=2&tab=fanclub-users<br>https://www.netflix.com/title/81086021<br>https://apps.apple.com/cz/app/id6755365206<br>https://play.google.com/store/apps/details?id=cz.csfd.csfdroid<br>;;
1519996;Kdysi dávno v Americe;2025;84.52230332522304;;https://image.pmgstatic.com/cache/resized/w420/files/images/film/posters/169/604/169604963_rwfmga.jpg;https://www.csfd.cz/film/1519996-kdysi-davno-v-americe/;USA;Akční / Drama / Thriller / Western;American Primeval;Matka se synem na útěku před vlastní minulostí najdou novou rodinu. Na západě Ameriky je sice svoboda, ale život tam dokáže být dost krutý. (Netflix);Na VOD od 09.01.2025 Netflix;láska, žena, rodina, smrt, přátelství, přátelé, vražda, násilí, tajemství, děti, matka, rodiče, strach, mládež, manželé, záhady, touha, syn, útěk, chlapec, zbraně, vyšetřování, vrah, ženy, zvířata, oběť (autonehody/zločinu), pátrání, cestování, pomsta, peníze, politika, vojáci, manipulace, lež, intriky, pronásledování, putování, sny, rivalita, únos, zrada, boj o přežití, souboje, vášeň, podvod, kamarádi, krev, les, bratři, dům, bolest, divočina, smutek, trauma, 19. století, nenávist, gang, dilema, tragédie, armáda, naděje, zabijáci, žárlivost, náboženství, zranění, víra, rvačka, střelné zbraně, manželství, krutost, panika, pocit viny, přepadení, chamtivost, koně, vydírání, politik, přestřelka, střelba, indiáni, rukojmí, novověk, bar, nájemný vrah, domorodé kmeny, příroda, tradice, maloměsto, závist, Divoký západ, pochyby, lov, bohatství, řeka, hospoda, oběť (někomu/něčemu), podezření, zajatci, svoboda, bodné zbraně, pokus o vraždu, sečné zbraně, odpuštění, vyhrožování, loajalita, pistolníci, požár, těžký úraz, lítost, oheň, sekta, bandité, past, nůž, chata, revolver, vyjednávání, puška, podezření z vraždy, kanibalismus, trest, kult, pohřešování, slib, lovci lidí, pevnost, sekera, období 1850-1860, mormoni, kanibalové, pokus o únos, střelba na škole, guvernér, louka;0.0;6.0;Peter Berg;Taylor Kitsch, Betty Gilpin, Dane DeHaan, Jai Courtney, Shea Whigham, Joe Tippett, Tokala Black Elk, Alex Fine, Duncan Vezain, Saura Lightfoot-Leon;;https://www.netflix.com/title/81457507<br>https://www.netflix.com/<br>https://www.netflix.com/title/81457507<br>https://www.csfd.cz/vod/netflix/<br>https://apps.apple.com/cz/app/id6755365206<br>https://play.google.com/store/apps/details?id=cz.csfd.csfdroid<br>;;
177376;Povídání o pejskovi a kočičce;1950;84.64621474517566;;https://image.pmgstatic.com/cache/resized/w420/files/images/film/posters/025/059/25059965_9e1716.jpg;https://www.csfd.cz/film/177376-povidani-o-pejskovi-a-kocicce/;Československo;Animovaný / Rodinný;;Jak spolu pejsek a kočička hospodařili a ještě o všelijakých jiných věcech - pro děti napsal a nakreslil Josef Čapek, vypráví Karel Höger.;Na DVD od 26.07.2008 Země pohádek;podle knihy, psi, večerníček, kočky;0.0;6.0;Eduard Hofman;Karel Höger;Josef Čapek;https://www.youtube.com/watch?v=-PGnB4LTs9E<br>https://www.youtube.com/watch?v=-PGnB4LTs9E<br>https://apps.apple.com/cz/app/id6755365206<br>https://play.google.com/store/apps/details?id=cz.csfd.csfdroid<br>;;
336322;Broadchurch;2013;84.66782206816869;;https://image.pmgstatic.com/cache/resized/w420/files/images/film/posters/160/384/160384539_96f8eb.jpg;https://www.csfd.cz/film/336322-mestecko-broadchurch/;Velká Británie;Drama / Krimi / Mysteriózní;Mestečko Broadchurch;Když je na pláži nalezen zavražděný jedenáctiletý Danny, zpráva o jeho smrti zasáhne nejen jeho rodinu, ale i ostatní obyvatele malého městečka Broadchurch. Vyšetřování se ujímá detektiv Alec Hardy (David Tennant) a místní policistka Ellie Miller (Olivia Colman). (kareen);V TV od 04.03.2013 Independent Television;vražda, děti, policie, vyšetřování, detektiv, novináři, maloměsto;3.0;24.0;Euros Lyn, James Strong, Jessica Hobbs;David Tennant, Olivia Colman, Andrew Buchan, Jonathan Bailey, Carolyn Pickles, Pauline Quirke, Steve Bennett, Jodie Whittaker, Will Mellor, Arthur Darvill;;https://apps.apple.com/cz/app/id6755365206<br>https://play.google.com/store/apps/details?id=cz.csfd.csfdroid<br>;;
70084;Policejní odznak;2002;84.66359447004608;;https://image.pmgstatic.com/cache/resized/w420/files/images/film/posters/161/256/161256562_be7eed.jpg;https://www.csfd.cz/film/70084-policejni-odznak/;USA;Krimi / Drama / Thriller;The Shield;V nejhorším policejním okrsku v L. A. šéfuje drsný Vic Mackey, velitel jednotky proti gangům. Ve světě, kde neplatí hranice mezi dobrem a zlem, se řídí vlastními pravidly a neváhá se zločinci obchodovat a zároveň je podrazit. Nový kapitán Aceveda chce situaci změnit, ale brzy zjistí, že proti němu stojí skupina zkorumpovaných, ale výkonných policistů, bez jejichž pomoci se neobejde.;V TV od 12.03.2002 FX Network;;7.0;88.0;D.J. Caruso, Peter Horton, Brad Anderson;Michael Chiklis, Walton Goggins, CCH Pounder, Catherine Dent, Jay Karnes, Benito Martinez, Michael Jace, Kenny Johnson, David Rees Snell, Cathy Cahlin Ryan;;https://apps.apple.com/cz/app/id6755365206<br>https://play.google.com/store/apps/details?id=cz.csfd.csfdroid<br>;Golden Globes (3x)<br>;Golden Globes (2x)<br>
230765;Code Geass: Hangjaku no Lelouch;2006;84.91897044804576;;https://image.pmgstatic.com/cache/resized/w420/files/images/film/posters/167/146/167146620_1d7982.jpg;https://www.csfd.cz/film/230765-code-geass-hangjaku-no-lelouch/;Japonsko;Animovaný / Akční / Drama / Fantasy / Psychologický / Sci-Fi;コードギアス 反逆のルルーシュ;Středoškolák se schopností okamžitě všechny přinutit, aby ho poslouchali, si nasadí masku a postaví se do čela povstání Japonců proti vetřelcům z Británie. (Netflix);V TV od 06.10.2006 MBS;láska, rodina, přátelství, zbraně, anime, škola, pomsta, sourozenci, politika, vojáci, válka, Japonsko, teroristé, šlechta, roboti, princ, vzpoura, rytíři, zbraně hromadného ničení, alternativní historie;2.0;50.0;Goró Taniguči, Kazuja Murata, Noriaki Akitaja;Akeno Watanabe, Fumiko Orikasa, Ken Narita, Noriaki Sugijama, Norio Wakamoto, Naoki Bandó, Jasujuki Kase, Kan Tokumaru, Kazunari Tanaka, Issei Futamata;;https://www.netflix.com/<br>https://www.youtube.com/watch?v=3vF-FhbT9KE<br>https://apps.apple.com/cz/app/id6755365206<br>https://play.google.com/store/apps/details?id=cz.csfd.csfdroid<br>;;
70653;Dekalog;1989;85.00970873786407;;https://image.pmgstatic.com/cache/resized/w420/files/images/film/posters/161/594/161594201_ucerz7.jpg;https://www.csfd.cz/film/70653-dekalog/;Polsko / Západní Německo;Drama;Dekalog;10 filmov Krzysztofa Kieślowského na tému 10 božích prikázaní:1. Ja som Pán, Boh tvoj! Nebudeš mať iných bohov okrem mňa, aby si sa im klaňal. - novodobá dôvera v počítače a vedu 2. Nevezmeš mena Božieho nadarmo. - smrťou začína nový život, uzdravenie znamená smrť ...3. Spomeň, aby si deň sviatočný svätil. - muža odláka vášeň od rodiny4. Cti otca svojho i matku svoju! - po smrti matky, otec a dcéra v nejednoznačnom citovom rozpoložení5. Nezabiješ! - obraz trestania smrťou za smrť6. Nezasmilníš! - vášnivé city dospievajúceho mladíka k zrelej žene7. Nepokradneš! - matkou vlastnej vnučke?8. Nepreriekneš krivého svedectva proti blížnemu svojmu! - spomienky na krutosti okupácie Poľska 9. Nepožiadaš manželku blížneho svojho! - v úprimnom manželskom zväzku dôjde k závažným zdravotným problémom...10. Ani nepožiadaš majetku blížneho svojho, ani ničoho, čo jeho je! - dvom synom zostane po smrti otca zbierka starých známok...Cyklus, ktorý je zviazaný cirkevnou témou a akousi alegorickou postavou nestranného pozorovateľa... Každá časť tvorí samostatný uzavretý celok. (wewerička);;;0.0;10.0;Krzysztof Kieślowski;Henryk Baranowski, Jerzy Stuhr, Daniel Olbrychski, Bogusław Linda, Piotr Rzymyszkiewicz, Olaf Lubaszenko, Wojciech Klata, Władysław Kowalski, Janusz Gajos, Henryk Bista;;https://apps.apple.com/cz/app/id6755365206<br>https://play.google.com/store/apps/details?id=cz.csfd.csfdroid<br>;;Venice Film Festival (1x)<br>
236008;The Boondocks;2005;85.46808510638297;;https://image.pmgstatic.com/cache/resized/w420/files/images/film/posters/164/210/164210999_a8ec83.jpg;https://www.csfd.cz/film/236008-the-boondocks/;USA;Animovaný / Komedie / Drama;The Boondocks;Animovaný tv seriál bežiaci v USA. Robí si srandu z rapu ale černochov, ale nie rasistickým spôsobom. Problémom je angličtina, ktorá je slangová a často gramaticky nesprávna. Seriál hovorí o bratoch Riley a Huey Freemanovcoch, ktorí žijú u svojho deda Freemana. V seriáli vystupuje viac známych raperov, niektorí aj nahovorili sami seba. (ČSFD);V TV od 06.11.2005 Adult Swim;anime, rasismus, rap;4.0;55.0;Seung Eun Kim, Anthony Bell, Sung-hoon Kim;Regina King, John Witherspoon, Gary Anthony Williams, Cedric Yarbrough, Jim Meskimen, Charlie Murphy, Snoop Dogg, Aaron McGruder, Xzibit, Sam McMurray;;https://apps.apple.com/cz/app/id6755365206<br>https://play.google.com/store/apps/details?id=cz.csfd.csfdroid<br>;;
221411;Jak jsem poznal vaši matku;2005;84.36169754106606;;https://image.pmgstatic.com/cache/resized/w420/files/images/film/posters/168/087/168087717_spnbgz.png;https://www.csfd.cz/film/221411-jak-jsem-poznal-vasi-matku/;USA;Komedie / Romantický;How I Met Your Mother;"Ted a Barney se hádají o sexy kočku. Ted zjišťuje, že je v baru s dívkou, se kterou kdysi chodil. Robin je stále zdrcena z rozchodu a příšerně se zanedbává. A Marshall nedokáže přestat mluvit o založení rodiny...Píše se rok 2030 a přibližně padesátiletý Ted vypráví dospívajícím dětem, co všechno se stalo, než poznal jejich matku. Děj seriálu se tak odehrává v jeho vzpomínkách, počínaje rokem 2005. Tehdy mu táhlo na třicítku, žil s nejlepším kamarádem z vejšky Marshallem a s další neoficiální spolubydlící, učitelkou z mateřské školky Lily. Ti dva se zrovna zasnoubili, což přivedlo Teda k zamyšlení. Uvědomil si, že je právě ten správný čas najít si také ženu svého srdce. A shodou okolností zrovna stála na protější straně hospody krásná reportérka Robin... Posledním členem party je neuvěřitelný frajer a „balič"" Barney. Manželství a monogamii vůbec považuje za jeden z největších hříchů lidstva a užívá si nevázaného života, plného sexu a zábavy. Ostatní si občas nejsou tak úplně jisti, proč se s ním vlastně kamarádí. No, on jim vlastně nedal na vybranou... Děj sitcomu je zasazen do prostředí New Yorku a bývá často popisován jako „Přátelé 21. století"". Populární se stal nejen díky vytříbeným hláškám, ale také zásluhou originálního konceptu vyprávění, jenž umožňuje starému Tedovi velice zábavně komentovat děj, který leckdy skočí třeba do dětství nebo naopak pokročilého věku postav. Seriál a jeho protagonisté získali mnoho cen a na spoustu dalších byli nominováni. V letech 2007 a 2008 vyhráli Emmy a Neil Patrick Harris (Barney) byl za rok 2009 nominován na Zlatý Glóbus za nejlepší vedlejší roli v televizním seriálu. V sérii si také zahrála například zpěvačka Britney Spears, Mandy Moore nebo Enrique Iglesias, jejichž písničky pochopitelně některé z dílů provázejí. (TV Prima)";V TV od 19.09.2005 CBS TV Network;muž, láska, žena, rodina, smrt, přátelství, přátelé, násilí, dívka, tajemství, otec, děti, matka, rodiče, policie, strach, mládež, manželé, město, záhady, touha, útěk, chlapec, vyšetřování, ženy, pátrání, gay, škola, cestování, vzpomínky, pomsta, peníze, umění, manipulace, Vánoce, lež, intriky, putování, sny, rivalita, drogy, kolegové, nevěra, zrada, souboje, vášeň, podvod, kamarádi, vztahy, učitel, doktoři, bratři, nemoc, studenti, LGBTQ+, dům, bolest, mezilidské vztahy, smutek, sláva, trauma, nenávist, dilema, tragédie, naděje, nemocnice, svatba, žárlivost, sestry, soud, milostný trojúhelník, New York, zranění, těhotenství, nehoda, novináři, párty, rvačka, lodě, homosexualita, psychopat, šílenství, kouzla, zoufalství, manželství, rozchod, sníh, paranoia, panika, léto, pocit viny, samota, zima, chamtivost, právníci, vydírání, výslech, osamělost, šikana, magie, ekologie, hotel, výlet, romance, hádka, autonehoda, milenka, rozvod, vlak, reportéři, cizinec (někdo ze zahraničí), budoucnost, babička, deprese, bar, snoubenci, letadla, vysoká škola, malíř, nahota, environmentalismus, kniha, tradice, stěhování, sledování, děda, závist, celebrity, pochyby, svědek, korporace, oslava, restaurace, dluhy, zakázaná láska, iluze, pohřeb, bohatství, hospoda, svědectví, dovolená, nevyléčitelná nemoc, cizinec (neznámý člověk), oběť (někomu/něčemu), alkohol, internet, média, milenec, sociopat, malířství, učitelka, bodné zbraně, Kalifornie, sečné zbraně, odpuštění, noční klub, soudce, vyhrožování, loajalita, žurnalistika, prázdniny, vdovec, změna identity, pop music, sitcom, spolužáci, sociální síť, kuchaři, zatčení, porod, spolubydlící, technologie, psycholog, záměna identit, řidič, hřbitov, narozeniny, televizní studio, hokej, byt, architektura, naschvály, vyjednávání, muzeum, Halloween, hazard, architekt, terapie, letiště, nezaměstnanost, stalking, konverzace o filmu, sázka, pornoprůmysl, internátní škola, profesor, novomanželé, marihuana, promiskuita, kasino, taxi, nedorozumění, nevěstinec, slib, tajná láska, Star Wars, ukradená identita, izolace, podzim, metro, Silvestr, autobus, přání, budova, kouzelník, číšník, něha, striptérka, Kanada, galerie, spolubydlení, macecha (nevlastní matka), večeře, svátky, bratranec, jaro, San Francisco, drby, tchyně, bydlení, Nový rok, otčím (nevlastní otec), mateřství, nevlastní sourozenci, zpravodajství, tetování, posilovna, tchán, šerm, hrob, podnájemník, porota (u soudu), létání, líbánky, YouTube, sestřenice, gambler, videokazety, zásnuby, stavba, televizor, striptýzový klub, neplodnost, Den díkůvzdání, striptér, New Jersey, sebevědomí (sebedůvěra), Manhattan, firemní večírek, loučení se svobodou, Ohio, Wisconsin, abstinence, halloweenský kostým, ohňostroj, Brooklyn, Minnesota, Atlantic City, výsměch;9.0;208.0;Pamela Fryman, Rob Greenberg, Neil Patrick Harris;Josh Radnor, Jason Segel, Neil Patrick Harris, Alyson Hannigan, Cobie Smulders, David Henrie, Lyndsy Fonseca, Alexis Denisof, Jayma Mays, Eva Amurri Martino;;https://srv.tunefindforfans.com/showads/track/srvclk.php?aid=100006796&lp=https://www.disneyplus.com/en-cz/browse/entity-bc68ac79-3ace-4427-9ec0-5ee6f314d194<br>https://srv.tunefindforfans.com/showads/track/srvclk.php?aid=100006796&lp=https://www.disneyplus.com/en-cz/browse/entity-bc68ac79-3ace-4427-9ec0-5ee6f314d194<br>/tag/1393-youtube/<br>https://apps.apple.com/cz/app/id6755365206<br>https://play.google.com/store/apps/details?id=cz.csfd.csfdroid<br>;Golden Globes (2x)<br>;
84554;Rychlá rota;1989;84.3354868481772;;https://image.pmgstatic.com/cache/resized/w420/files/images/film/posters/159/533/159533668_29db4c.jpg;https://www.csfd.cz/film/84554-rychla-rota/;USA;Animovaný / Dobrodružný / Komedie / Rodinný;Chip a Dale;"Chi Chi Chi Chi Chip a Dale, zákon hájí... Určitě si všichni pamatuje na tento seriál z dětství, kterému, co si pamatuji, předcházel seriál ""My z Kačerova"". Hlavní hrdinové Chip, Dale, Monty, Gadgetka a Zip musí neustále řešit všelijaké tajuplné příběhy, počínaje nákupem buráků v obchodě a končíc záchranou ""světa"". Nejen díky vynálezům Gadgetky, ale sehraností celého týmu - roty se nakonec záchrana vždy povede. (mr.cartman)";Na DVD od 01.12.2010 Magic Box;policie, podvod, detektiv, krádež, psi, zloděj, lodě, letadla, roboti, kočky, šílený vědec, veverky;3.0;65.0;John Kimball, Bob Zamboni, Alan Zaslove;Peter Cullen, Corey Burton, Tress MacNeille, Jim Cummings, Deborah Walley, Alan Oppenheimer, Robert Ito, Victoria Carroll, Pat Carroll, Fran Ryan;;https://apps.apple.com/cz/app/id6755365206<br>https://play.google.com/store/apps/details?id=cz.csfd.csfdroid<br>;;
370986;Kancelář Blaník;2014;84.37029312941722;;https://image.pmgstatic.com/cache/resized/w420/files/images/film/posters/160/010/160010994_d84bc9.png;https://www.csfd.cz/film/370986-kancelar-blanik/;Česko;Komedie;;Politický sitkom režiséra Marka Najbrta humorně reflektuje dění na české politické scéně. Hlavní hrdina, majitel PR a lobbingové agentury Blaník, se s každým zná a snaží se tak trochu řídit svět. Politická satira, kterou si oblíbí především fanoušci britského humoru a seriálů tamní produkce. Humorné glosy doplňuje Tonda Blaníka i na twitteru. (StreamCZ);Na VOD od 13.04.2014 Stream.cz (Série 1);politika, satira;6.0;77.0;Marek Najbrt, Bohdan Sláma, Jaroslav Fuit;Marek Daniel, Halka Jeřábek Třešňáková, Michal Dalecký, Sandra Nováková, Tomáš Matonoha, Ivana Chýlková, Jan Hřebejk, Ladislav Hampl, Vlastimil Třešňák, Iva Kubelková;;https://apps.apple.com/cz/app/id6755365206<br>https://play.google.com/store/apps/details?id=cz.csfd.csfdroid<br>;;Český lev (1x)<br>
69297;Odpočívej v pokoji;2001;84.46329052580568;;https://image.pmgstatic.com/cache/resized/w420/files/images/film/posters/166/519/166519904_af218e.jpg;https://www.csfd.cz/film/69297-odpocivej-v-pokoji/;USA;Drama / Komedie;Six Feet Under;"Seriál společnosti HBO Odpočívej v pokoji (Six Feet Under) patří ve Spojených státech k nejvýše ceněným původním televizním pořadům. Jeho tvůrcem je Alan Ball, známý filmovým divákům jako scenárista oscarového snímku Americká krása (1999). Jeho tvůrčí otisk je také na seriálu víc než patrný, v kresbě postav, střídání humorných scén s tragickými výjevy i v surrealistických vložkách, jimiž je děj prošpikován. V centru příběhu je rodina Fisherových z Los Angeles, která provozuje nezávislý pohřební ústav. Neustálými výčitkami stižená matka Ruth (Frances Conroyová), bodrý otec Nathaniel (Richard Jenkins), který sice v pilotním dílu zahyne pod koly autobusu, ale v dalších částech se vrací jako duch-komentátor, starší syn Nate (Peter Krause), vracející se k rodině po letech bezstarostného flákání, mladší syn David (Michael C. Hall), typický pečlivý funebrák, který se stydí za svoji homosexualitu, a konečně nejmladší dcera Claire (Lauren Ambroseová), která si jediná uvědomuje, že něco s jejím životem není v pořádku. Do života rodiny ještě významně zasahují tři postavy - černý policista Keith (Mathew St. Patrick), který je Davidovým milencem, svobodomyslná Nateova přítelkyně Brenda (Rachel Griffithsová) a její nezdárný bratr Billy (Jeremy Sisto). S výjimkou australské herečky R. Griffithsové (která za svůj výkon v první řadě seriálu dostala mj. Zlatý glóbus) jsou ostatní členové hereckého souboru sice méně známí, ale velmi přesně obsazení. Kromě Alana Balla, který je pod pilotním dílem podepsán nejen jako scenárista ale i režisér, se na seriálu podíleli další zajímaví režiséři, např. Miguel Arteta, Lisa Cholodenkoová a Alan Taylor, kteří se všichni už stačili prosadit snímky určenými pro kina, dál Rodrigo García (syn spisovatele Gabriela Garcíi Márqueze) nebo známá herečka Kathy Batesová. Struktura jednotlivých dílů je v podstatě neměnná, nejdřív se seznámíme s mrtvolou (která vždy skoná nějakým bizarním způsobem), jejíž pohřeb tvoří rámec veškerého dění, a na tomto pozadí se zaplétají a zase rozplétají osudy jednotlivých členů rodiny. Příběh pilotního snímku byl navíc proložen parodiemi na reklamy; od této praxe však tvůrci v dalších částech upustili. Seriál Odpočívej v pokoji má zatím tři řady po třinácti dílech a ve výrobě je v současné době řada čtvrtá. Ze spousty vavřínů, jež seriál posbíral, lze připomenout celkem šest Cen Emmy (za první řadu) a navíc sedmnáct nominací na toto prestižní výroční televizní ocenění.";V TV od 03.06.2001 Home Box Office;gay, pohřeb, pohřební ústav;5.0;63.0;Alan Ball, Daniel Attias, Rodrigo García;Peter Krause, Michael C. Hall, Frances Conroy, Lauren Ambrose, Freddy Rodríguez, Mathew St. Patrick, Rachel Griffiths, Justina Machado, Jeremy Sisto, James Cromwell;;https://www.netflix.com/cz/title/70180080<br>https://www.hbomax.com/cz/en/shows/six-feet-under/8b7307e8-1034-426f-b01a-06c832e436ea<br>https://www.netflix.com/cz/title/70180080<br>https://www.hbomax.com/cz/en/shows/six-feet-under/8b7307e8-1034-426f-b01a-06c832e436ea<br>http://www.hbo.com/sixfeetunder/<br>https://apps.apple.com/cz/app/id6755365206<br>https://play.google.com/store/apps/details?id=cz.csfd.csfdroid<br>;Golden Globes (5x)<br>;Golden Globes (3x)<br>
291190;Miranda;2009;84.63646745336887;;https://image.pmgstatic.com/cache/resized/w420/files/images/film/posters/170/159/170159039_z9ajda.jpg;https://www.csfd.cz/film/291190-miranda/;Velká Británie;Komedie;Miranda;Nezáleží na tom, o co se Miranda (Miranda Hartová) ve svém životě snaží - ať už je to rande, snaha zrušit své členství v posilovně, anebo se jednoduše vypořádat se se svou panovačnou matkou - většinou spadne na ústa, a to téměř doslova. Groteskní sitcom Mirandy Hartové představuje ženu, která se zoufale snaží zařadit se a vést normální život. Jenže... Miranda se nedokáže postavit své výstřední matce Penny, která činí neustále trapné a zoufalé pokusy Mirandu provdat. Do maléru jí nejednou dostane také její soupeření se spolužačkou z internátní školy Sloane Tillyovou, protože Miranda si zkrátka nemůže pomoci a vymýšlí si všechno možné, jen aby na ní udělala dojem. A úplně nejhorší je Mirandina posedlost Garym. Všechny její snahy často končí tím, že spadne na ústa - a to téměř doslova. Potřebnou podporu bohužel Miranda nenachází ani u své staré kamarádky Stevie, která většinou jen nečinně přihlíží, směje se a zbytečně zdůrazňuje to, co kde udělala špatně. (HBO Europe);;láska, žena, přátelství, přátelé, matka, dcera, ženy, gay, škola, Vánoce, učitel, nemoc, svatba, tanec, homosexualita, zpěv, rande, obchod (prodejní místo), restaurace, pohřeb, sitcom, kuchaři, spolubydlící, psycholog, britcom, karaoke;4.0;20.0;Juliet May, Mandie Fletcher;Miranda Hart, Patricia Hodge, Tom Ellis, Sarah Hadland, Sally Phillips, James Holmes, Naomi Bentley, James Doherty, Adam Rayner, Luke Pasqualino;;https://www.ceskatelevize.cz/porady/10564006573-miranda?utm_source=csfd&utm_medium=section_vod&utm_campaign=link<br>http://www.hbo.eu<br>http://www.hbo.eu<br>https://www.ceskatelevize.cz/porady/10564006573-miranda?utm_source=csfd&utm_medium=section_vod&utm_campaign=link<br>https://apps.apple.com/cz/app/id6755365206<br>https://play.google.com/store/apps/details?id=cz.csfd.csfdroid<br>;;
678986;Bojovník;2019;84.7842056932966;;https://image.pmgstatic.com/cache/resized/w420/files/images/film/posters/163/337/163337085_c7695f.jpg;https://www.csfd.cz/film/678986-bojovnik/;USA;Akční / Drama / Historický;Warrior;"Hrůzostrašné a akcí nabyté kriminální drama Bojovník se odehrává během brutálních válek bojových gangů Tong v sanfranciské Čínské čtvrti ve druhé polovině 19. století. Seriál sleduje mladého génia bojových umění Aha Sahma (Andrew Koji), který emigruje z Číny do San Francisca za záhadných okolností a stane se nájemným zabijákem u jednoho z nejvlivnějších gangů Tong (čínská zločinecká rodina). Tento dramatický seriál z produkce Cinemaxu, který se natáčel v jihoafrickém Kapském městě, je inspirován tvorbou legendy bojových umění Bruce Leeho. Tvůrci a výkonnými producenty jsou Jonathan Tropper (""Banshee"") a Justin Lin. (Cinemax)";Na VOD od 29.06.2023 Max (Série 3);muž, láska, žena, rodina, smrt, přátelství, přátelé, vražda, násilí, dívka, tajemství, děti, matka, rodiče, policie, strach, mládež, manželé, město, záhady, dcera, touha, syn, útěk, chlapec, zbraně, vyšetřování, vrah, ženy, zvířata, pátrání, cestování, pomsta, sourozenci, peníze, politika, manipulace, lež, intriky, sex, pronásledování, putování, sny, rivalita, drogy, zločin, kolegové, nevěra, únos, zrada, vězení, boj o přežití, souboje, vášeň, podvod, kamarádi, krev, mrtvola, vztahy, bratři, bolest, detektiv, mezilidské vztahy, kriminalita, smutek, válka, gangsteři, trauma, mafie, nenávist, gang, dilema, tragédie, naděje, krádež, podsvětí (svět zločinu), zloděj, zabijáci, loupež, žárlivost, sestry, milostný trojúhelník, zranění, stáří, agenti, nehoda, nespravedlnost, párty, rvačka, střelné zbraně, psychopat, šílenství, zoufalství, manželství, krutost, diskriminace, paranoia, panika, korupce, chudoba, pocit viny, přepadení, chamtivost, právníci, znásilnění, koně, politik, výslech, prostituce, přestřelka, střelba, prostitutka, výlet, rasismus, posedlost, hádka, předsudky, bojová umění, konspirace, přistěhovalci, milenka, vlak, cizinec (někdo ze zahraničí), rukojmí, novověk, bar, špioni, poušť, nájemný vrah, nahota, imigrace, obchod (prodejní místo), kung-fu, tradice, stěhování, sledování, závist, Divoký západ, hrdina, dědictví, korporace, oslava, legenda, dluhy, zakázaná láska, iluze, bohatství, občanská válka, hospoda, policejní stanice, sexuální obtěžování, spravedlnost, cizinec (neznámý člověk), vdova, podezření, alkohol, třídní boj, spiknutí, milenec, sociopat, zajatci, bodné zbraně, pokus o vraždu, Kalifornie, sečné zbraně, psychiatrická léčebna, odpuštění, sexuální zneužívání, emigrace, loajalita, pistolníci, požár, domácí násilí, těžký úraz, tělesné postižení, oheň, skandál, bandité, Mexiko, zatčení, Čína, nůž, týmová práce, obchod (transakční), trest smrti, revolver, zápas, úplatky, puška, podezření z vraždy, trest, vloupání, destrukce, sexuální násilí, nezaměstnanost, stalking, ničení, inspektor, úkryt, pohřešování, žoldáci, nevěstinec, slib, domluvené manželství, tajná láska, uprchlý trestanec, budova, období 1860-1870, starosta, útěk z vězení, tajná služba, San Francisco, drby, podnikatel, podezřelý na útěku, špionáž, sekera, panenství, žhářství, podezření z nevěry, luk a šíp, dostavník, pokus o atentát, triády, závěť, válka gangů, sebeobrana, pozemky, nelegální zápasy, rabování, systémový rasismus, úředníci, pokus o únos, pokus o znásilnění, sexuální průmysl, sexuální transakce, irská komunita v USA;3.0;30.0;Loni Peristere, Lin Oeding, Assaf Bernstein;Jason Tobin, Andrew Koji, Olivia Cheng, Kieran Bew, Dianne Doan, Dean Jagger, Langley Kirkwood, Rich Ting, Kenneth Fok, Dustin Nguyen;;https://www.hbomax.com/cz/en/shows/warrior/da36cb5e-3528-4354-a31c-c84610de672b<br>https://www.hbomax.com/cz/en/shows/warrior/da36cb5e-3528-4354-a31c-c84610de672b<br>https://www.csfd.cz/vod/hbo-max/<br>https://www.csfd.cz/vod/hbo-max/<br>https://apps.apple.com/cz/app/id6755365206<br>https://play.google.com/store/apps/details?id=cz.csfd.csfdroid<br>;;
70445;Zadáno pro Alfreda Hitchcocka;1962;84.80718436344426;;https://image.pmgstatic.com/cache/resized/w420/files/images/film/posters/162/722/162722608_uqawug.jpg;https://www.csfd.cz/film/70445-zadano-pro-alfreda-hitchcocka/;USA;Krimi / Drama / Mysteriózní / Thriller;The Alfred Hitchcock Hour;Pokračování veleúspěšného seriálu Alfred Hitchcock Presents. Jméno seriálu bylo sice změněno, ale to nic nezměnilo na tom, že nás opět mistr hororového žánru Alfred Hitchcock seznamuje s antologií svých hrůzostrašných povídek. (Chatterer);V TV od 20.09.1962 CBS TV Network;podle knihy, podle povídky, antologie;3.0;93.0;Alf Kjellin, Joseph M. Newman, Bernard Girard;Alfred Hitchcock, Gary Merrill, George Macready, Barry Nelson, Michael Parks, Gena Rowlands, Angie Dickinson, John Cassavetes, Roddy McDowall, Robert Redford;John Bingham, H.G. Wells, Richard Matheson;https://apps.apple.com/cz/app/id6755365206<br>https://play.google.com/store/apps/details?id=cz.csfd.csfdroid<br>;;
380873;Olive Kitteridgeová;2014;84.90805326569435;;https://image.pmgstatic.com/cache/resized/w420/files/images/film/posters/159/227/159227401_9e2489.jpg;https://www.csfd.cz/film/380873-olive-kitteridgeova/;USA;Drama;Olive Kitteridge;Čtyřdílné drama, které v produkci HBO natočila režisérka Lisa Cholodenko, vzniklo podle stejnojmenného románu Elizabeth Stroutové. Jeho děj se odehrává v novoanglickém městečku Crosby, ležícím ve státě Maine. Poklidný život v této zapadlé enklávě naruší intriky, zločiny i tragédie zdejších obyvatel. Titulní hrdinkou je učitelka matematiky ze základní školy Olive (Frances McDormand), která svými škodolibým žertováním a drsným chováním zakrývá svou vnitřní zranitelnost i víru v pevné morální zásady. Vyprávění mapuje pětadvacet let jejího života. Zobrazuje její vztahy s manželem, lékárníkem Henrym (Richard Jenkins), a jejich synem Christopherem... V úvodní epizodě Olive spolu s kolegou sveze ze školy spolužáka Kevina, což se nelíbí jejímu synovi. Lékárník Henry najme do obchodu novou asistentku a zúčastní se lovu s tragickou dohrou... (HBO Europe);;podle knihy, rodina, manželé, stáří, sebevražda, samota;0.0;4.0;Lisa Cholodenko;Frances McDormand, Bill Murray, Richard Jenkins, John Gallagher Jr., Zoe Kazan, Ken Cheeseman, Rachel Brosnahan, Patrick Carroll, Brady Corbet, Cory Michael Smith;Elizabeth Strout;https://www.hbomax.com/cz/en/shows/olive-kitteridge/7cee6b67-6e2e-41e2-96c9-baf522a6ee1f<br>http://www.hbo.eu<br>http://www.hbo.eu<br>https://www.hbomax.com/cz/en/shows/olive-kitteridge/7cee6b67-6e2e-41e2-96c9-baf522a6ee1f<br>https://apps.apple.com/cz/app/id6755365206<br>https://play.google.com/store/apps/details?id=cz.csfd.csfdroid<br>;Golden Globes (3x)<br>;
370631;Kiseidžú: Sei no kakuricu;2014;84.97554157931516;;https://image.pmgstatic.com/cache/resized/w420/files/images/film/posters/159/207/159207257_c2b9eb.jpg;https://www.csfd.cz/film/370631-kiseidzu-sei-no-kakuricu/;Japonsko;Animovaný / Drama / Akční / Sci-Fi / Horor;寄生獣 セイの格率;Izumi Šiniči je jednoho večera při klidném poslechu hudby napaden záhadnou parazitickou formou života. Její hrozbu se chlapci podaří odvrátit, ovšem ne zcela. Parazit se namísto Šiničiho mozku usadil v jeho pravé paži a nevypadá to, že by se mu chtělo ji opustit. Co více, zdá se, že ostatní napadení neměli takové štěstí jako chlapec, a tak se začíná společnost do jisté míry plnit parazity v tělech lidí. Parazity, jejichž hlavní potravou jsou další lidé... A pro něž představuje Šiniči, člověk vědomý si parazitní hrozby, potenciální nebezpečí. (Sigurdr);V TV od 09.10.2014 Nippon TV;anime, podle mangy, body horror, paraziti, cosmic horror;0.0;24.0;Keniči Šimizu, Hiromiči Matano, Čie Jamaširo;Aja Hirano, Nobunaga Šimazaki, Kana Hanazawa, Acuko Tanaka, Daisuke Namikawa, Mijuki Sawaširo, Rie Murakawa, Akira Išida, Hirojuki Jokó, Issei Futamata;Hitoši Iwaaki;https://www.netflix.com/title/80191008<br>https://www.netflix.com/title/80191008<br>https://apps.apple.com/cz/app/id6755365206<br>https://play.google.com/store/apps/details?id=cz.csfd.csfdroid<br>;;
1569210;Olověné děti;2026;84.98915401301518;;https://image.pmgstatic.com/cache/resized/w420/files/images/film/posters/170/923/170923561_cxfygi.jpg;https://www.csfd.cz/film/1569210-olovene-deti/;Polsko;Drama;Ołowiane dzieci;Když mladá lékařka zjistí, že děti žijící poblíž huti trpí otravou olovem, rozhodne se je zachránit i za cenu rizika ztráty kariéry a bezpečí. (Netflix);Na VOD od 11.02.2026 Netflix;muž, láska, žena, rodina, smrt, přátelství, přátelé, dívka, otec, děti, matka, rodiče, dcera, syn, chlapec, ženy, sourozenci, politika, dospívání, podle skutečného příběhu, kamarádi, doktoři, nemoc, smutek, nemocnice, těhotenství, rande, komunismus, období 1970-1980, sledování, pohřeb, porod, zdravotní sestra, výchova dětí, statečnost, horníci, Polsko, dětství, otrava;0.0;6.0;Maciej Pieprzyca;Joanna Kulig, Agata Kulesza, Kinga Preis, Michał Żurawski, Marian Dziędziel, Zbigniew Zamachowski, Sebastian Pawlak, Grzegorz Przybył, Robert Talarczyk, Barbara Lubos-Święs;;https://www.netflix.com/title/81707679<br>https://www.netflix.com/<br>https://www.netflix.com/title/81707679<br>https://www.csfd.cz/vod/netflix/<br>https://apps.apple.com/cz/app/id6755365206<br>https://play.google.com/store/apps/details?id=cz.csfd.csfdroid<br>;;
1087788;Kód za miliardu dolarů;2021;85.19823788546256;;https://image.pmgstatic.com/cache/resized/w420/files/images/film/posters/165/683/165683771_7abacf.jpg;https://www.csfd.cz/film/1087788-kod-za-miliardu-dolaru/;Německo;Drama / Krimi / Životopisný;The Billion Dollar Code;Berlínský hacker a umělec objevili v 90. letech převratný pohled na svět. Teď o něj ale musí svést právní bitvu s gigantem jménem Google. (Netflix);Na VOD od 07.10.2021 Netflix;podle skutečného příběhu, Berlín, hacker;0.0;4.0;Robert Thalheim;Mark Waschke, Mišel Matičević, Leonard Scheicher, Marius Ahrendt, Lavinia Wilson, Seumas F. Sargent, Bernhard Schütz, Julika Jenkins, Thomas Douglas, Neda Rahmanian;;https://www.netflix.com/title/81074012<br>https://www.netflix.com/<br>https://www.netflix.com/title/81074012<br>https://www.csfd.cz/vod/netflix/<br>https://apps.apple.com/cz/app/id6755365206<br>https://play.google.com/store/apps/details?id=cz.csfd.csfdroid<br>;;
1187451;Alchymie duše;2022;85.76687116564418;;https://image.pmgstatic.com/cache/resized/w420/files/images/film/posters/166/432/166432153_ab52dc.jpg;https://www.csfd.cz/film/1187451-alchymie-duse/;Jižní Korea;Akční / Historický / Fantasy / Romantický;Guwoneui Tongyeok;Mocná čarodějka v těle slepé ženy narazí na muže z vlivné rodiny, který chce, aby mu pomohla změnit jeho osud. (Netflix);V TV od 18.06.2022 tvN (Total Variety Network);;2.0;30.0;Joon-hwa Park, Hyeon Jin Bae;Jae-wook Lee, So-min Jeong, Min-Hyun Hwang, Seung-ho Shin, Joon-sang Yoo, Na-ra Oh, Yoon-Jung Go, Sang-hoon Park, In-soo Yoo, Jae-yoon Jo;;https://www.netflix.com/title/81517188<br>https://www.netflix.com/<br>https://www.netflix.com/title/81517188<br>https://apps.apple.com/cz/app/id6755365206<br>https://play.google.com/store/apps/details?id=cz.csfd.csfdroid<br>;;
680879;Kaguja-sama wa kokurasetai: Tensaitači no ren'ai zunósen;2019;86.33333333333333;;https://image.pmgstatic.com/cache/resized/w420/files/images/film/posters/165/827/165827984_38e41a.jpg;https://www.csfd.cz/film/680879-kaguja-sama-wa-kokurasetai-tensaitaci-no-ren-ai-zunosen/;Japonsko;Animovaný / Komedie / Romantický;かぐや様は告らせたい ~天才たちの恋愛頭脳戦~;Věříte naivním a romantickým představám o tom, že vztah je rovnocenným partnerstvím? Tak to ale ve skutečnosti bohužel většinou není. V každém vztahu je vždy jeden, který víc dává a pak ten druhý, co zase víc bere. V některých ohledech je vztah nekonečná tahanice o moc, o to, kdo bude určovat, kam se vše bude dál vyvíjet. Láska je zkrátka boj, ve kterém vyhrává ten, kdo má rád míň! Alespoň předseda studentské rady na prestižní Shuchiin Academy a mladý génius Miyuki Shirogane je o tomto přesvědčený. A tak není divu, že je před dívkou, do které je zamilovaný, ostražitý, a i když tuší, že ani on jí není lhostejný, tak se ke své náklonnosti nehodlá přiznat. Vždyť podle výše zmíněné teorie ten, kdo se první vyzná ze svých citů - přizná, že miluje, vlastně prohrál první kolo! Problémem je, že Miyukiho vyvolená, zástupkyně předsedy studentské rady a budoucí dědička obchodního impéria Kaguya Shinomiya, sice Miyukiho také miluje, ale má na vztahy a na lásku dost podobný názor. Tím se rozehrává každodenní psychologická bitva mezi dvěma inteligentními mladými lidmi o to, kdo jako první donutí toho druhého otevřeně přiznat své city. Oba mladí lidé věří ve své schopnosti, svůj důvtip a zkušenosti, myslí, že o lásce vědí všechno. Ale existuje mezi námi vůbec někdo, kdo se v tom šíleném emočním koktejlu doopravdy vyzná? (Jeoffrey);V TV od 12.01.2019 Tokyo MX;láska, přátelství, anime, dospívání, studenti, střední škola, školní klub;3.0;36.0;Šin'iči Omata, Takaši Andó, Taró Kubo;Aoi Koga, Makoto Furukawa, Rjóta Suzuki, Konomi Kohara, Hikaru Akao, Fumiko Učimura, Takako Tanaka, Maja Enojoši, Mei Šibata, Taito Ban;Aka Akasaka;https://www.youtube.com/watch?v=9WyQR3UjeI8<br>https://apps.apple.com/cz/app/id6755365206<br>https://play.google.com/store/apps/details?id=cz.csfd.csfdroid<br>;;
418573;Dalui yeonin : bobogyungsim ryeo;2016;86.47321428571429;;https://image.pmgstatic.com/cache/resized/w420/files/images/film/posters/161/207/161207418_4f54a2.jpg;https://www.csfd.cz/film/418573-dalui-yeonin-bobogyungsim-ryeo/;Jižní Korea;Fantasy / Historický / Romantický / Drama;달의 연인 : 보보경심 려;Během záchrany topícího se malého chlapce dojde k zatmění slunce a dívka, která pro něj skočila do vody, se ocitne v minulosti. Nyní je z ní Hae Soo, sestřenice manželky osmého prince Wang Wooka. Přestože je Hae Soo nejprve zmatená z nastalé situace, snaží se zvyknout a přizpůsobit se novému prostředí a díky tomu má také možnost poznat i ostatní prince včetně obávaného čtvrtého prince Wang Soa. (andiek05);V TV od 29.08.2016 SBS (Seoul Broadcasting System);láska, intriky, zrada, cestování časem;0.0;20.0;Kyoo-tae Kim;Joon-gi Lee, IU, Ha-neul Kang, Jong-hyeon Hong, Joo-hyeok Nam, Ji-soo Kim, Sun-woo Yoon, Han-na Kang, Seong-gyoon Kim, Seohyun;Tong Hua;https://apps.apple.com/cz/app/id6755365206<br>https://play.google.com/store/apps/details?id=cz.csfd.csfdroid<br>;;
654041;Hilda;2018;86.78217821782178;;https://image.pmgstatic.com/cache/resized/w420/files/images/film/posters/162/936/162936610_4e766d.jpg;https://www.csfd.cz/film/654041-hilda/;Velká Británie / Kanada / USA;Animovaný / Dobrodružný / Rodinný / Komedie / Fantasy;Hilda;Když se nebojácná a svobodomyslná Hilda vydá ze svého domova v čarovném lese do města, narazí na nové přátele, dobrodružství a magické bytosti. (Netflix);Na VOD od 21.09.2018 Netflix (Série 1);přátelé, dívka, děti, zvířata, putování, vesnice, les, divočina, podle komiksu, hory, skřítci, elfové, obři, králíci, trollové;3.0;34.0;Andy Coyle;Bella Ramsey, Ameerah Falzon, Oliver Nelson, Daisy Haggard, Rasmus Hardiker, Kaisa Hammarlund, David Menkin, Reece Pockney, Claire Skinner, Nina Sosanya;Luke Pearson;https://www.netflix.com/title/80115346<br>https://www.netflix.com/<br>https://www.youtube.com/watch?v=LS207V5g_08<br>https://www.netflix.com/title/80115346<br>https://www.csfd.cz/vod/netflix/<br>https://www.csfd.cz/vod/netflix/<br>https://www.csfd.cz/vod/netflix/<br>https://apps.apple.com/cz/app/id6755365206<br>https://play.google.com/store/apps/details?id=cz.csfd.csfdroid<br>;;
321550;Pád;2013;84.29898648648648;;https://image.pmgstatic.com/cache/resized/w420/files/images/film/posters/168/889/168889526_q7thjx.jpg;https://www.csfd.cz/film/321550-pad/;Velká Británie;Drama / Thriller / Psychologický;The Fall;V dramatickém seriálu ze Severního Irska se představí Gillian Andersonová v hlavní roli policejní komisařky Stelly Gibsonové, jež byla převelena z londýnské policie do Belfastu, aby zde pomohla dopadnout ďábelsky chytrého sériového vraha. Zatímco Gibsonová absolvuje cestu z Londýna, představí se nám samotný vrah Paul Spector (Jamie Dornan). Drama se soustředí kolem policejního vyšetřování, které odkrývá příběhy rodin na straně obětí i vraha, jejichž životy zůstanou navždy poznamenány.Kritikou opěvovaný seriál The Fall se vrací se svou druhou řadou. V pokračování této strhující napínavé hry se vrací Gillian Andersonová v hlavní roli policejní komisařky Stelly Gibsonové, která je na stopě sériovému vrahovi Paulu Spectorovi v podání Jamieho Dornana. Druhá sezóna se odehrává v Belfastu v Severním Irsku a navazuje přesně tam, kde skončila první řada. V šesti hodinových epizodách uvidíme, jak se stíhání Spectora stává tím zoufalejší, čím více se kolem něho utahuje smyčka. Vrah je totiž po psychologické stránce nebezpečnější než kdy dřív. (Cinemax);V TV od 13.05.2013 BBC;vražda, tajemství, policie, vyšetřování, detektiv, sériový vrah, Severní Irsko;3.0;17.0;Allan Cubitt, Jakob Verbruggen;Gillian Anderson, Jamie Dornan, John Lynch, Aisling Franciosi, Bronagh Waugh, Niamh McGrady, Sarah Beattie, Stuart Graham, Bronágh Taggart, Valene Kane;;https://www.iprima.cz/serialy/pad?utm_source=csfd&utm_medium=section_vod&utm_campaign=link_exchange<br>https://www.iprima.cz/serialy/pad?utm_source=csfd&utm_medium=section_vod&utm_campaign=link_exchange<br>https://apps.apple.com/cz/app/id6755365206<br>https://play.google.com/store/apps/details?id=cz.csfd.csfdroid<br>;;
237565;Generation Kill;2008;84.40919037199124;;https://image.pmgstatic.com/cache/resized/w420/files/images/film/posters/167/228/167228071_bb7b70.jpg;https://www.csfd.cz/film/237565-generation-kill/;USA;Válečný / Drama;Generation Kill;Televizní minisérie HBO natočená podle literární předlohy Evana Wrighta - reportéra časopisu Rolling Stone, který jako člen 1. rozvědky námořnictva zaznamenával své zážitky z průběhu první vlny amerického útoku na Bagdád v roce 2003. Generation Kill je televizní minisérie HBO vycházející z literární předlohy Evana Wrighta z roku 2004, která se zaměřila na prvních čtyřicet dní války v Iráku. Sedm epizod líčí skutečné osudy mladých vojáků a jejich zážitky z předvoje americké invaze, nazvané Operace Svoboda pro Irák, kdy zápolili s nedostatečnou výzbrojí, s nekompetentním vedením důstojníků i s nejasnou bojovou strategií. Ewan Wright se účastnil této válečné operace jako člen 1. rozvědky námořnictva a napsal o jejím průběhu řadu článků pro časopis Rolling Stone. Seriál těží též ze zážitků dvou vojáků, kteří se této operace osobně zúčastnili - jsou to seržant Eric Kocher a kaprál Jeffrey Carisales, kteří při natáčení působili jako konzultanti. Třetí člen rozvědky, seržant Rudy Reyes, jenž v seriálu vystupuje, hraje sám sebe. V hlavních rolích uvidíme Alexandra Skarsgarda, Jamese Ransoneho, Starka Sandse, Lee Tergersena, Jona Huertase ad.;Na DVD od 19.10.2009 Magic Box;válka v Iráku;0.0;7.0;Simon Cellan Jones, Susanna White;Alexander Skarsgård, Stark Sands, Michael Kelly, Jon Huertas, Neal Jones, Brian Patrick Wade, Lee Tergesen, Kellan Lutz, Paweł Szajda, Mike Figueroa;Evan Wright;https://www.hbomax.com/cz/en/shows/generation-kill/d24904ad-9b39-4117-abf1-e22496ba98a9<br>https://www.hbomax.com/cz/en/shows/generation-kill/d24904ad-9b39-4117-abf1-e22496ba98a9<br>http://www.hbo.com/generationkill/<br>https://apps.apple.com/cz/app/id6755365206<br>https://play.google.com/store/apps/details?id=cz.csfd.csfdroid<br>;;
301133;Hatfieldovi a McCoyovi;2012;84.48468883766876;;https://image.pmgstatic.com/cache/resized/w420/files/images/film/posters/000/504/504451_a536c3.jpg;https://www.csfd.cz/film/301133-hatfieldovi-a-mccoyovi/;USA;Western / Drama / Romantický / Válečný / Historický;Hatfieldové a McCoyové;Třídílná minisérie o vášni, pomstě, odvaze, obětování, zločinech a obviněních byla natočena na základě skutečného příběhu dvou rodin, jejichž legendární spor, který trval téměř tři desítky let, málem vedl k rozpoutání války mezi Kentucky a Západní Virginií.Příběh začíná v roce 1863 během americké občanské války. Anse Hatfield (Kevin Costner) a Randall McCoy (Bill Paxton) se vracejí domů z fronty ke svým rodinám. Hatfield do Západní Virginie a McCoy nedaleko od něj, za hranice Kentucky. Mezi rodinami začíná narůstat napětí, neporozumění a zlost, které nakonec vedou mezi oběma klany k válce. (-OverLord-);;pomsta, Divoký západ, období 1880-1890;0.0;3.0;Kevin Reynolds;Kevin Costner, Bill Paxton, Tom Berenger, Mare Winningham, Powers Boothe, Matt Barr, Lindsay Pulsipher, Ronan Vibert, Jena Malone, Andrew Howard;;https://apps.apple.com/cz/app/id6755365206<br>https://play.google.com/store/apps/details?id=cz.csfd.csfdroid<br>;Golden Globes (1x)<br>;Golden Globes (1x)<br>
84352;Šogun;1980;84.58500914076782;;https://image.pmgstatic.com/cache/resized/w420/files/images/film/posters/167/228/167228164_063a44.jpg;https://www.csfd.cz/film/84352-sogun/;USA / Japonsko;Dobrodružný / Drama / Historický / Válečný;Shogun;Slavná americká mini série o osudech anglického námořníka, který v 17. století ztroskotal u břehů Japonska a významně zasáhl do války o moc. Počátkem 17. století ztroskotala u břehů Japonska holandská obchodní loď Erasmus. Většina posádky se sice zachrání, ale je zajata a uvězněna v pobřežní vesnici Andžiro, jejíž velitel Jabu vyžaduje absolutní poslušnost a prostřednictvím svého hlavního samuraje Omiho dokazuje, že je pánem nad jejich životy. Mezi zajatými je také hrdý anglický lodivod John Blackthorne, který ponižování ze strany Japonců nese velmi těžce. Se zapřením se podrobí až po neobyčejně kruté smrti jednoho z námořníků. Nedlouho poté se ve vesnici objeví galeona kapitána Vasca Rodriguese, který má Johna odvézt na ósacký hrad ke knížeti Toronagovi, jenž patří mezi nejmocnější muže země. Japonsko je sice spravováno radou regentů o skutečnou moc se však Toronaga dělí se svým protivníkem Išidou. Ani jeden z nich se ale o moc nechce dělit, a proto se snaží pro sebe získat titul šoguna. Toranaga nevěří tlumočení portugalského jezuity Alvita a nechá výslech anglického lodivoda tlumočit svou hezkou snachou Mariko. Než se však stačí dozvědět něco důležitého a John důvod svého výslechu, je rozhovor přerušen příchodem Išida. John je odveden do vězení, kde se setká s mnichem Domingem, jenž nenávidí jezuity a Portugalce a prozradí Johnovi tajemství černého korábu, který každý rok odváží z Japonska obrovské bohatství do Evropy. O několik dnů později je znovu předveden před knížete Toronagu. Ten chce vědět všechno o Evropě, zejména pak všechno o zbraních, které se v Evropě používají a o metodách války. Tím se však stává pro Portugalce nebezpečným a ti se ho pokusí zabít. Toronaga proto rozhodne, aby John, doprovázený Mariko a jejím manželem Buntarem, odjel do bezpečí do Jeda. Toronaga sám musí zůstat, protože nesmí opustit hrad bez souhlasu Išida. John si všimne, že do nosítek Toronagovy manželky tajně nastoupí v přestrojení sám kníže a duchapřítomně ho zachrání před prozrazením, když na sebe strhne pozornost stráží bláznivým výstupem. Později pomůže v přístavu hlídaném Išidovými vojáky získat lstí loď. Toronaga je mu zavázán a na důkaz vděčnosti daruje Johnovi jeden ze svých mečů. Na Toronagův příkaz se vrátí do vesnice Andžiro, kde se má s pomocí Mariko a vesničanů naučit jejich řeč. Pokud se ji plynule nenaučí do šesti měsíců, bude vesnice vypálena a její obyvatelé popraveni. To však John nechce, jeho žádost, aby byla vesnice ušetřena je však odmítnuta. Teprve, když pohrozí sebevraždou, dosáhne slibu, že bude vesnice ušetřena. Pilně se učí a stále více se sbližuje s laskavou Mariko, do které se zamiloval. Také ona podlehne citům a stráví s Johnem noc, ačkoli tvrdí, že k němu poslal svou komornou. Trestem za cizoložství je totiž v Japonsku smrt. Vše nasvědčuje tomu, že se blíží válka mezi Toronagou a Išidem. John znovu zachrání Toronagovi život, když ho při zemětřesení vytáhne z trhliny v zemi. Je zato jmenován samurajem. To sebou nese nejen značná práva, ale také povinnosti. Vzápětí díky svým sluhům unikne dalšímu pokusu o atentát, když se ho pokusí zabít kapitán Rodrigues. K nelibosti jezuitů si John stále upevňuje svou pozici u Toronagy a netají se svou nedůvěrou a nepřátelským postojem k jezuitům. Rozhodující okamžik dlouho trvajícího napětí přijde ve chvíli, kdy Toronaga dostane příkaz Rady regentů, aby se dostavil do Ósaky, kde je držena jako rukojmí jeho manželka Kiri. Nemá na vybranou, ale nejprve vyšle Marikó a Johna, aby se paní Kiri pokusili odvést. Podaří se jim získat souhlas Išidy, ale v noci jsou napadeni zabijáky. Ti jsou sice odraženi, ovšem za cenu, která je pro Johna příliš veliká. Americký historicko dobrodružný miniseriál o lásce, odvaze a střetu dvou odlišných kultur, vznikl v roce 1980 na motivy rozsáhlého stejnojmenného románu anglického spisovatele Jamese Clavella. Podle scénáře Erica Bercovici ji natočil režisér Jerry London a podle odborné kritiky i ohlasů diváků, patří k mistrovským dílům televizní tvorby osmdesátých let. Natáčelo se v autentických japonských exteriérech a v hlavní roli anglického lodivoda Johna Blackthorna vytvořil jednu ze svých životních rolí slavný herec Richard Chamberlain, kterého jste mohli vidět ve filmech jako Agent beze jména, Hrabě Monte Christo, Muž se železnou maskou, Tři mušketýři, Skleněné peklo nebo v televizní mini sérii Ptáci v trní. Roli knížete Toronagy skvělým způsobem ztvárnil Toshiro Mifune, jeden z nejslavnějších japonských herců, známý u nás z filmů Rašomon, Sedm samurajů. Krvavý trůn, Rudé slunce, Bitva o Midway aj. V dalších rolích se představí Yoko Shimada (Freeman - plačící drak, Štvanice) jako Mariko, Frankie Sakai (Mothra, 47 samurajů) jako Jabu, Alan Badel (Dotek medůzy, Oddíl 10 z Navarone, Den pro Šakala) jako otec Dell'Aqua, Damien Thomas (Piráti, Sindibád a Tygří oko) jako otec Alvito, John Rhys-Davies (Dobyvatelé ztracené archy, Pán prstenů) jako Vasco Rodrigues, Vladek Sheybal (Rudý úsvit, Casino Royale) jako kapitán Ferriera, Yuki Meguro jako Omi, Hideo Takamatsu (Poslední císař) jako Buntaro, Nobuo Kaneko jako Išida, Hiromi Senno jako Fujiko, Michael Hordern coby páter Domingo a další. Filmový sestřih byl v osmdesátých letech uveden v našich kinech pod názvem Zajatec japonských ostrovů.;V TV od 15.09.1980 National Broadcasting Company (NBC);podle knihy, láska, přátelství, válka, nenávist, ostrov, Japonsko, dobrodruh, kněz, výcvik, vyjednávání, námořnictvo, samurajové, trosečníci, diplomacie, misie, panství;0.0;5.0;Jerry London;Richard Chamberlain, Toširó Mifune, Jóko Šimada, Furankí Sakai, Alan Badel, Damien Thomas, John Rhys-Davies, Orson Welles, Vladek Sheybal, Hideo Takamacu;James Clavell;https://apps.apple.com/cz/app/id6755365206<br>https://play.google.com/store/apps/details?id=cz.csfd.csfdroid<br>;;Golden Globes (3x)<br>
1036697;Čas;2021;84.64131374243733;;https://image.pmgstatic.com/cache/resized/w420/files/images/film/posters/165/435/165435388_63aba5.jpg;https://www.csfd.cz/film/1036697-cas/;Velká Británie;Drama / Krimi;Time;Minisérie zkoumá život v současném britském vězeňském systému z pohledu dvou zcela rozdílných mužů. Mark Cobden (Sean Bean) je učitel, manžel a otec, který při nehodě zabije nevinného člověka. Sžírá ho pocit viny a svůj čtyřletý trest proto bez váhání přijme. Je daleko od rodiny a netuší, co ho v drsném novém prostředí čeká. Musí se rychle naučit, jak přežít. Eric McNally (Stephen Graham) je vězeňský dozorce. Starostlivý a čestný muž se ze všech sil snaží chránit své svěřence, což je mnohdy náročný úkol. Věznice se potýká s nedostatkem personálu a rostoucí napětí vyvolává každodenní konflikty. Když jeden z nejnebezpečnějších vězňů odhalí jeho slabinu, Eric musí volit mezi svými zásadami a láskou k rodině. (HBO Europe);Na VOD od 06.06.2021 BBC iPlayer (Série 1);násilí, otec, rodiče, syn, drogy, vězení, sebevražda, pocit viny, odpuštění, sebepoškozování;2.0;6.0;Lewis Arnold, Andrea Harkin;Sean Bean, Stephen Graham, David Calder, Siobhan Finneran, Natalie Gavin, Kevin Harvey, Sue Johnston, Nadine Marshall, James Nelson-Joyce, Tina Louise Owens;;http://www.hbo.eu<br>http://www.hbo.eu<br>https://apps.apple.com/cz/app/id6755365206<br>https://play.google.com/store/apps/details?id=cz.csfd.csfdroid<br>;;
315776;Derek;2013;84.9023569023569;;https://image.pmgstatic.com/cache/resized/w420/files/images/film/posters/167/427/167427964_h2tba2.jpg;https://www.csfd.cz/film/315776-derek/;Velká Británie;Komedie / Drama;Derek;Ricky Gervais si sám pro sebe připravil roli v milém komediálním dramatu z anglického domova důchodců, kde jako věrný ošetřovatel vidí v každém jen to dobré. (Netflix);;smrt, přátelství, přátelé, nemoc, výlet, autismus, domov důchodců;2.0;13.0;Ricky Gervais;Ricky Gervais, Kerry Godliman, David Earl, Tim Barlow, Arthur Nightingale, Margaret Towner, Ninette Finch, Barry Martin, Brett Goldstein, Holli Dempsey;;https://www.netflix.com/title/70258489<br>https://www.netflix.com/<br>https://www.netflix.com/title/70258489<br>https://apps.apple.com/cz/app/id6755365206<br>https://play.google.com/store/apps/details?id=cz.csfd.csfdroid<br>;Golden Globes (1x)<br>;
75612;Mind Your Language;1977;87.95454545454545;;https://image.pmgstatic.com/cache/resized/w420/files/images/film/posters/160/518/160518260_e83b59.jpg;https://www.csfd.cz/film/75612-mind-your-language/;Velká Británie;Komedie;;;V TV od 30.12.1977 ITV;přistěhovalci, britcom, večerní škola;4.0;42.0;Stuart Allen;Barry Evans, George Camiller, Jacki Harding, Zara Nutley, Ricardo Montez, Albert Moses, Kevork Malikyan, Jamila Massey, Françoise Pascal, Pik Sen Lim;;https://www.youtube.com/watch?v=SdY0T83L-iQ<br>https://apps.apple.com/cz/app/id6755365206<br>https://play.google.com/store/apps/details?id=cz.csfd.csfdroid<br>;;
70075;Chalupáři;1975;84.16080593043148;;https://image.pmgstatic.com/cache/resized/w420/files/images/film/posters/170/193/170193098_ute9gd.jpg;https://www.csfd.cz/film/70075-chalupari/;Československo;Komedie;Chalupári;Seriál komediálních příběhů F. Vlčka a V. P. Borovičky, který již od své premiéry v roce 1975 potěšil řadu diváků mnoha generací, čerpá svůj humor ze symbiózy člověka městského a člověka vesnického. Popularitu získal nejen pro své hvězdné obsazení, ale i pro základní tón, jímž je tolerance, lidská vzájemnost a porozumění. (Česká televize);V TV od 23.11.1975 Československá televize;přátelství, venkov, vesnice, stáří, stěhování, děda, vdovec, spolubydlící, chalupa, drby;0.0;11.0;František Filip;Jiří Sovák, Josef Kemr, Jana Hlaváčová, Josef Vinklář, Jiří Schmitzer, Jiřina Bohdalová, Ilja Prachař, Josef Větrovec, Božena Böhmová, Mahulena Bočanová;;https://www.ceskatelevize.cz/porady/901363-chalupari?utm_source=csfd&utm_medium=section_vod&utm_campaign=link<br>http://www.ceskatelevize.cz<br>http://www.ceskatelevize.cz<br>https://www.ceskatelevize.cz/porady/901363-chalupari?utm_source=csfd&utm_medium=section_vod&utm_campaign=link<br>https://apps.apple.com/cz/app/id6755365206<br>https://play.google.com/store/apps/details?id=cz.csfd.csfdroid<br>;;
431912;MOST!;2019;84.14841172764002;;https://image.pmgstatic.com/cache/resized/w420/files/images/film/posters/163/122/163122751_6a0c15.jpg;https://www.csfd.cz/film/431912-most/;Česko;Komedie / Drama;MOST!;Osmidílný komediální seriál je již šestou spoluprací dvojice Prušinovský a Kolečko. V projektu, který si nadsázkou bere na paškál složitá témata, jakými jsou nesnášenlivost či xenofobie, si hlavní roli zahrál Martin Hofmann. Rámec seriálu tvoří příběh Luďka, kterého právě vyhodili z práce, bydlí v polorozpadlé barabizně, dluží, kam se podívá, má problémy s exmanželkou i se synem. A v tom nejhorším za ním přijde pošťák Ondra s pozváním do Pošty pro tebe… (Česká televize);Na VOD od 29.12.2018 iVysílání;rodina, otec, matka, rodiče, město, syn, škola, sourozenci, dospívání, učitel, střední škola, chudoba, samota, rasismus, předsudky, rozvod, dluhy, hospoda, transsexualita, kostel, televizní studio, Romové, nezaměstnanost, popeláři;0.0;8.0;Jan Prušinovský;Martin Hofmann, Erika Stárková, Filip František Červenka, Michal Isteník, Zdeněk Godla, Cyril Drozda, Vladimír Škultéty, Jitka Čvančarová, Jiří Schmitzer, Taťjana Medvecká;;https://www.ceskatelevize.cz/porady/10995220806-most?utm_source=csfd&utm_medium=section_vod&utm_campaign=link<br>http://www.ceskatelevize.cz<br>http://www.ceskatelevize.cz<br>https://www.ceskatelevize.cz/porady/10995220806-most?utm_source=csfd&utm_medium=section_vod&utm_campaign=link<br>https://www.ceskatelevize.cz/porady/10995220806-most/<br>https://apps.apple.com/cz/app/id6755365206<br>https://play.google.com/store/apps/details?id=cz.csfd.csfdroid<br>;Ceny české filmové kritiky (1x)<br>;Český lev (1x)<br>
343390;Brooklyn 99;2013;84.18560860793544;;https://image.pmgstatic.com/cache/resized/w420/files/images/film/posters/160/102/160102069_a6837f.jpg;https://www.csfd.cz/film/343390-brooklyn-99/;USA;Komedie / Krimi;Brooklyn Nine-Nine;Jednou kamerou snímaná komedie Brooklyn 99 o tom, co se může stát, když talentovaný ale lehkomyslný detektiv dostane nového nadřízeného, který si má hodně co dokazovat. Detektiv Samberg je dobrý polda, který se nikdy nepředřel ani nedodržoval pravidla. Protože je mezi kolegy rekordmanem v počtu zadržených, je jeho kariéra přímo hvězdná. Alespoň do doby, než na okrsek přijde nový velitel, kapitán Braugher, který místnímu střelci připomene, že musí dodržovat předpisy. (TV Prima);V TV od 04.02.2013 Fox Network;muž, láska, žena, rodina, smrt, přátelství, přátelé, vražda, násilí, dívka, tajemství, otec, děti, rodiče, policie, mládež, manželé, město, záhady, dcera, touha, syn, chlapec, zbraně, vyšetřování, vrah, ženy, zvířata, oběť (autonehody/zločinu), pátrání, gay, vzpomínky, sourozenci, politika, manipulace, lež, intriky, sny, rivalita, drogy, kolegové, zrada, vězení, podvod, bratři, LGBTQ+, detektiv, gangsteři, mafie, nenávist, gang, dilema, krádež, svatba, podsvětí (svět zločinu), psi, zloděj, loupež, žárlivost, sériový vrah, sestry, New York, zranění, agenti, nespravedlnost, rvačka, homosexualita, rozchod, diskriminace, přepadení, koně, výslech, jídlo, rasismus, satira, soutěž, parodie, předsudky, snoubenci, závist, svědek, restaurace, iluze, pohřeb, hospoda, dovolená, policejní stanice, alkohol, FBI, loajalita, požár, oheň, sitcom, bankovní loupež, banka, rychlá auta, výcvik, Halloween, homofobie, inspektor, uprchlý trestanec, hasiči, bisexualita, nerd, morčata;8.0;153.0;Dean Holland, Michael McDonald, Craig Zisk;Andy Samberg, Stephanie Beatriz, Terry Crews, Joe Lo Truglio, Melissa Fumero, Andre Braugher, Andrey Ivchenko, Dirk Blocker, Joel McKinnon Miller, Adam Sandler;;https://www.netflix.com/title/70281562<br>/novinky/5207-amazon-zachranil-the-expanse/<br>/novinky/5207-amazon-zachranil-the-expanse/<br>/novinky/5207-amazon-zachranil-the-expanse/<br>https://www.netflix.com/title/70281562<br>https://apps.apple.com/cz/app/id6755365206<br>https://play.google.com/store/apps/details?id=cz.csfd.csfdroid<br>;Critics Choice Awards (3x)<br>;Golden Globes (2x)<br>Critics Choice Awards (1x)<br>
877384;Cyberpunk: Edgerunners;2022;84.38320885912954;;https://image.pmgstatic.com/cache/resized/w420/files/images/film/posters/166/531/166531769_9fa378.jpg;https://www.csfd.cz/film/877384-cyberpunk-edgerunners/;Japonsko;Animovaný / Akční / Sci-Fi;サイバーパンクエッジランナーズ;V dystopickém světě prolezlém korupcí a plném kybernetických implantátů se nadaný, ale lehkomyslný kluk z ulice snaží stát žoldákem a renegátem v jednom a žít na hraně. (Netflix);Na VOD od 13.09.2022 Netflix (Season 1);policie, město, anime, podle videohry, kyberpunk;2.0;20.0;Hirojuki Imaiši, Akira Amemija, Jošijuki Kaneko;KENN, Aoi Júki, Hiroki Tóči, Mičiko Kaiden, Takako Honda, Wataru Takagi, Tomojo Kurosawa, Kazuhiko Inoue, Jurika Hino, Kendžiró Cuda;;https://www.netflix.com/title/81054853<br>https://www.netflix.com/<br>https://www.netflix.com/title/81054853<br>https://www.csfd.cz/vod/netflix/<br>https://apps.apple.com/cz/app/id6755365206<br>https://play.google.com/store/apps/details?id=cz.csfd.csfdroid<br>;;
473397;Anne s E na konci;2017;84.62046204620462;;https://image.pmgstatic.com/cache/resized/w420/files/images/film/posters/164/004/164004495_14bcac.jpg;https://www.csfd.cz/film/473397-anne-s-e-na-konci/;Kanada;Drama / Historický;Anne with an E;Kurážná osiřelá holčička s velkým srdcem objeví skutečný domov u starého mládence a jeho sestry. (Netflix);V TV od 19.03.2017 CBC Television;podle knihy, žena režisérka;3.0;27.0;Paul Fox, Amanda Tapping, Anne Wheeler;Amybeth McNulty, Geraldine James, R.H. Thomson, Dalila Bela, Lucas Jade Zumann, Corrine Koslo, Helen Johns, Aymeric Jett Montaz, Kyla Matthews, Jonathan Holmes;Lucy Maud Montgomery;https://www.netflix.com/title/80136311<br>https://www.netflix.com/<br>https://www.netflix.com/title/80136311<br>https://www.csfd.cz/vod/netflix/<br>https://apps.apple.com/cz/app/id6755365206<br>https://play.google.com/store/apps/details?id=cz.csfd.csfdroid<br>;;
976157;Pěreval Ďatlova;2020;84.73429951690821;;https://image.pmgstatic.com/cache/resized/w420/files/images/film/posters/165/334/165334388_12157a.jpg;https://www.csfd.cz/film/976157-pereval-datlova/;Rusko;Drama / Mysteriózní / Thriller;Перевал Дятлова;"Leden 1959, v ledovém pohoří Ural v Sovětském svazu se skupina devíti studentů vydala na lyžařskou túru. Přestože jsou to všichni zkušení turisté, nikdy se jim nepodaří dosáhnout cíle. Když se jejich těla objeví po měsíci od incidentu, nechá to místní vyšetřovatele zmatené. Jejich stan byl rozříznut zevnitř, polonahá těla nalezena až stovky metrů daleko. Do oblasti incidentu přijíždí Oleg, major KGB a veterán druhé světové války, který je k případu přidělen jako vyšetřovatel. S pomocí Kaťji, místní soudní lékařky, je odhodlán najít pravdu. Čím více však případ šetří, tím více je mu to jasné; důvod, proč studenti zemřeli, se nikdo nikdy nedozví. Nikdo nikdy nepozná pravdu. Nikdo, až na něj. (PozorGranat)";;vyšetřování, boj o přežití, sníh, expedice;0.0;8.0;Valerij Fedorovič, Pavel Kostomarov, Jevgenij Nikišov;Ivan Mulin, Jegor Berojev, Pjotr Fjodorov, Marija Lugovaja, Alexandr Meťolkin, Maxim Jeměljanov, Maša Macel, Irina Lukina, Jurij Dějněkin, Roman Jevdokimov;;https://apps.apple.com/cz/app/id6755365206<br>https://play.google.com/store/apps/details?id=cz.csfd.csfdroid<br>;;
454440;Atlanta;2016;84.83018867924528;;https://image.pmgstatic.com/cache/resized/w420/files/images/film/posters/161/039/161039023_0a6de6.jpg;https://www.csfd.cz/film/454440-atlanta/;USA;Komedie / Drama;;"Seriál Atlanta se točí okolo Earnesta ""Earna"" Markse (Donald Glover), samotáře, který se vrací do své rodné Atlanty ve státě Georgia (přezdívané Broskvový stát) poté, co předčasně ukončil studium na Princetonu. Po svém návratu zjišťuje, že jeho bratranec Alfred se stal nejžhavější atlantskou rapovou novinkou. Seriál sleduje oba bratrance na jejich cestě vzhůru atlantskou rapovou scénou, která kvůli jejich zcela odlišným názorům na umění, komerci, úspěch a rasu nebude ani trochu jednoduchá. Earn je extrémně chytrý, všímavý a ztracený. Jako rozčarovaný mileniál má problémy najít své poslání nebo ""značku"" a má pocit, že jeho osud je pevně daný a nemůže nikdy zvítězit. Je si vědom toho, že Alfredova popularita získaná takřka přes noc na YouTube má potenciál a může se stát životní příležitostí pro oba dva – tedy pokud zvládne ukočírovat bratrancův přístup ""nejprve jednej, pak přemýšlej"" a zvykne si na jeho podivného kumpána Dariuse zmateného drogami a možná i psychickou poruchou. Jako Alfrédův manažer by se Earn mohl konečně pustit do něčeho, co by mohlo stát za vynaloženou energii. (Disney+)";V TV od 06.09.2016 FX Network;hudba, rasismus, hip hop, rap, Atlanta;4.0;41.0;Hiro Murai, Donald Glover, Janicza Bravo;Donald Glover, Brian Tyree Henry, Lakeith Stanfield, Zazie Beetz, Harold 'House' Moore, Cranston Johnson, Emmett Hunter, Rick Holmes, Ashley John, Erskine C. Johnson III;;https://srv.tunefindforfans.com/showads/track/srvclk.php?aid=100006796&lp=https://www.disneyplus.com/en-cz/browse/entity-3529d0f1-acaf-476d-8be3-66cd6bf12530<br>http://disneyplus.com<br>http://disneyplus.com<br>https://srv.tunefindforfans.com/showads/track/srvclk.php?aid=100006796&lp=https://www.disneyplus.com/en-cz/browse/entity-3529d0f1-acaf-476d-8be3-66cd6bf12530<br>https://apps.apple.com/cz/app/id6755365206<br>https://play.google.com/store/apps/details?id=cz.csfd.csfdroid<br>;Golden Globes (2x)<br>Critics Choice Awards (4x)<br>;Golden Globes (2x)<br>Critics Choice Awards (2x)<br>
399038;Detektoráři;2014;85.73378839590444;;https://image.pmgstatic.com/cache/resized/w420/files/images/film/posters/167/207/167207716_84ee4d.jpg;https://www.csfd.cz/film/399038-detektorari/;Velká Británie;Komedie;Detectorists;Seriál se odehrává ve fiktivním městečku Danebury v severním Essexu. Příběh sleduje dvojici přátel Andyho a Lance, kteří se s detektory kovu potulují anglickým venkovem v naději, že narazí na nějaký historický poklad. Seriál vyniká svým jemným suchým humorem, který je pro britské komedie tak typický. Mackenzie Crook a Toby Jones v hlavních rolích podávají skvělé výkony, které z jejich postav činí nejen zábavné, ale také velmi lidské a snadno uvěřitelné osobnosti. (Canal+ Action);V TV od 08.11.2017 BBC;;3.0;20.0;Mackenzie Crook;Mackenzie Crook, Toby Jones, Rachael Stirling, Gerard Horan, Pearce Quigley, Divian Ladwa, Sophie Thompson, Johnny Flynn, James Weber Brown, Sean Buckley;;https://apps.apple.com/cz/app/id6755365206<br>https://play.google.com/store/apps/details?id=cz.csfd.csfdroid<br>;;
681071;Sexuální výchova;2019;84.09825272220814;;https://image.pmgstatic.com/cache/resized/w420/files/images/film/posters/167/993/167993942_nnd9fn.jpg;https://www.csfd.cz/film/681071-sexualni-vychova/;Velká Británie;Komedie / Drama;Sex Education;Nesebevědomý Otis zná všechny rady na sexuální neduhy. Jeho matka je totiž terapeutka. Rebelka Maeve mu proto navrhne, aby si ve škole otevřel sexuální poradnu. (Netflix);Na VOD od 11.01.2019 Netflix (Série 1);láska, rodina, přátelství, přátelé, tajemství, otec, matka, rodiče, mládež, touha, syn, gay, peníze, dospívání, sex, rivalita, drogy, nevěra, učitel, studenti, LGBTQ+, střední škola, žárlivost, lesby, těhotenství, rozchod, šikana, soutěž, sexuální obtěžování, coming out, terapie, potrat, teen comedy, plavání, rozhlasové studio, sebepoškozování, nebinární identita, sexuální výchova, teen drama;4.0;32.0;Ben Taylor, Kate Herron, Sophie Goodhart;Asa Butterfield, Emma Mackey, Gillian Anderson, Ncuti Gatwa, Kedar Williams-Stirling, Aimee Lou Wood, Connor Swindells, Patricia Allison, Tanya Reynolds, Mikael Persbrandt;;/tvurce/438850-dominic-applewhite/prehled/<br>https://www.netflix.com/title/80197526<br>https://www.netflix.com/<br>/novinky/6992-netflix-rozsiril-produkci-ve-velke-britanii/<br>/novinky/6992-netflix-rozsiril-produkci-ve-velke-britanii/<br>/novinky/6992-netflix-rozsiril-produkci-ve-velke-britanii/<br>https://www.netflix.com/title/80197526<br>https://www.csfd.cz/vod/netflix/<br>https://www.csfd.cz/vod/netflix/<br>https://www.csfd.cz/vod/netflix/<br>https://www.csfd.cz/vod/netflix/<br>https://apps.apple.com/cz/app/id6755365206<br>https://play.google.com/store/apps/details?id=cz.csfd.csfdroid<br>;AACTA International Awards (3x)<br>Critics Choice Awards (1x)<br>;
238216;Podivuhodná dobrodružství Vladimíra Smolíka;1972;84.08527263461865;;https://image.pmgstatic.com/cache/resized/w420/files/images/film/posters/000/056/56003_2cb408.jpg;https://www.csfd.cz/film/238216-podivuhodna-dobrodruzstvi-vladimira-smolika/;Maďarsko;Animovaný / Sci-Fi / Rodinný;Mézga Aladár különös kalandjai;Mladý Ládík Smolík je sice malý génius, ale ve škole je poněkud líný. Takže i když zrovna začínají prázdniny, kvůli špatným známkám dostane domácí vězení! Jenže nebyl by to geniální Ládínek, aby si nedokázal poradit. Z harampádí, které má po ruce, sestrojí nafukovací vesmírnou loď, pojmenuje ji Gulliver 5 a tajně vyráží za dobrodružstvím. Na cestách ho provází pes Zorro, kterého Ládínek pro jistotu naučil mluvit. Společně objevují podivuhodné planety, kde roboti zotročili lidstvo, nad vším vládne hudba, všechno se odehrává jako v detektivce nebo kde je všechno pod vodou… Zatímco si někde lítá, Smolíkovi si říkají, co tam to ten Ládík zase vyvádí, a vždycky je napadne to samé: co by? Vždyť má domácí vězení a je zavřený u sebe v pokoji. (TV Prima);V TV od 07.01.1973 MTV1;rodina, chlapec, psi, vesmír, roboti, vesmírná loď;0.0;13.0;József Nepp, József Gémes, Marcell Jankovics;Attila Némethy, Ottó Szabó, Endre Harkányi, Ilona Győri, Margit Földessy, Rudolf Somogyvári, Nándor Tomanek, Alfonzó, József Képessy, Pál Horváth;;https://apps.apple.com/cz/app/id6755365206<br>https://play.google.com/store/apps/details?id=cz.csfd.csfdroid<br>;;
252824;Vražda;2007;84.36528497409327;;https://image.pmgstatic.com/cache/resized/w420/files/images/film/posters/161/119/161119160_294245.jpg;https://www.csfd.cz/film/252824-vrazda/;Dánsko / Norsko / Švédsko / Německo;Krimi / Drama / Mysteriózní / Thriller;Zločin;Seriál se zabývá jediným případem vraždy. Dvacet dílů je rozloženo do dvaceti dnů vyšetřování. Studentka Nanna Birk Larsen je nalezena mrtvá v autě na dně řeky. Soudní pitva prokáže, že dívka byla před smrtí mučena a znásilněna. Vyšetřování se ujímá komisařka Sarah Lund. Měl to být její poslední den v kodaňské mordpartě. Má se stěhovat za přítelem do Švédska. Na oddělení je už její nástupce Jan Meyer. Lund však obětuje své soukromí, je odhodlána najít vraha. Pátrání přivádí vzájemnou antipatií trpící dvojici Lund-Meyer mimo jiné na kodaňskou radnici, kde je v plném proudu volební boj o post primátora. Protože podezření padá i na politiky z radnice, získává případ politickou dimenzi. Dalším okruhem podezřelých je rodina mrtvé dívky a zaměstnanci špeditérské firmy jejího otce. Vrah může být i mezi spolužáky a učiteli. (wero1000);V TV od 17.01.2008 SVT;vražda, policie, vyšetřování, vrah, politika, znásilnění;3.0;40.0;Fabian Wullenweber, Charlotte Sieling, Henrik Ruben Genz;Sofie Gråbøl, Lars Mikkelsen, Bjarne Henriksen, Ann Eleonora Jørgensen, Marie Askehave, Michael Moritzen, Søren Malling, Nicolaj Kopernikus, Bent Mejding, Laura Drasbæk;;https://www.ceskatelevize.cz/porady/10393314588-zlocin?utm_source=csfd&utm_medium=section_vod&utm_campaign=link<br>https://www.ceskatelevize.cz/porady/10393314588-zlocin?utm_source=csfd&utm_medium=section_vod&utm_campaign=link<br>https://apps.apple.com/cz/app/id6755365206<br>https://play.google.com/store/apps/details?id=cz.csfd.csfdroid<br>;Robert Awards (Danish Film Awards) (1x)<br>;Robert Awards (Danish Film Awards) (5x)<br>
440359;Godless;2017;84.4167610419026;;https://image.pmgstatic.com/cache/resized/w420/files/images/film/posters/162/124/162124999_ab92b0.jpg;https://www.csfd.cz/film/440359-godless/;USA;Western;Godless;Nelítostný bandita terorizuje Divoký západ při pátrání po bývalém členovi svého gangu, který začal nový život v tichém městě, kde žijí jen ženy. (Netflix);Na VOD od 22.11.2017 Netflix;muž, láska, žena, smrt, přátelství, přátelé, vražda, násilí, dívka, tajemství, strach, záhady, touha, útěk, vyšetřování, vrah, ženy, zvířata, oběť (autonehody/zločinu), pátrání, gay, cestování, pomsta, peníze, venkov, lež, pronásledování, putování, sny, zločin, vesnice, zrada, vězení, boj o přežití, souboje, vášeň, podvod, kamarádi, mrtvola, LGBTQ+, bolest, kriminalita, smutek, trauma, gang, dilema, tragédie, naděje, krádež, zloděj, zabijáci, loupež, žárlivost, lesby, zranění, rvačka, homosexualita, střelné zbraně, zoufalství, panika, pocit viny, chamtivost, znásilnění, koně, výslech, přestřelka, střelba, indiáni, farma, feminismus, nájemný vrah, sirotek, maloměsto, závist, Divoký západ, pochyby, zakázaná láska, iluze, lov, sexuální obtěžování, cizinec (neznámý člověk), oběť (někomu/něčemu), vdova, podezření, šerif, sečné zbraně, odpuštění, pistolníci, vdovec, lítost, bandité, nůž, revolver, puška, důl, trest, sexuální násilí, žoldáci, tajná láska, něha, sekera;0.0;7.0;Scott Frank;Michelle Dockery, Jeff Daniels, Jack O'Connell, Scoot McNairy, Adam David Thompson, Merritt Wever, Thomas Brodie-Sangster, Rob Morgan, Rio Alexander, Michael E. Stogner;;https://www.netflix.com/title/80097141<br>https://www.netflix.com/<br>https://www.netflix.com/title/80097141<br>https://www.csfd.cz/vod/netflix/<br>https://apps.apple.com/cz/app/id6755365206<br>https://play.google.com/store/apps/details?id=cz.csfd.csfdroid<br>;Critics Choice Awards (3x)<br>;
195079;Láska v bílém pekle;2004;84.62107208872459;;https://image.pmgstatic.com/cache/resized/w420/files/images/film/posters/169/457/169457409_05sc4i.jpg;https://www.csfd.cz/film/195079-laska-v-bilem-pekle/;Velká Británie;Drama / Romantický;Sever a jih;Tato čtyřdílná minisérie je adaptací stejnojmenného románu od Elizabeth Gaskell. Do průmyslového města Milton na severu Anglie přijíždí z pořád ještě starosvětského jihu se svými rodiči Margaret Haleová (Daniela Denby-Ashe), která zde poznává úplně jiný, moderní způsob života. Najde si přátele mezi dělníky a setkává se také s charismatickým továrníkem Johnem Thorntonem (Richard Armitage), ke kterému cítí nejprve silnou antipatii pro jeho někdy až hrubé chování k jeho zaměstnancům, ale později poznává, že nic není jen černé a bílé... Film se zabývá také spory mezi majiteli továren a jejich zaměstnanci, stávkou a vznikem prvních odborů. Po uvedení série v Británii bylo BBC, které sérii vysílalo, nuceno zrušit diskuzní stránky k tomuto seriálu, protože byly zahlceny nadšenými ohlasy žen, které okouzlil představitel hlavní role. (maku1304);Na DVD od 01.03.2010 Blesk;podle knihy, láska, rodina, smrt, tajemství, 19. století, chudoba, dluhy, továrna, stávka, odbory;0.0;4.0;Brian Percival;Daniela Denby-Ashe, Tim Pigott-Smith, Brendan Coyle, Richard Armitage, Lesley Manville, Rupert Evans, Sinéad Cusack, Lucy Brown, Anna Maxwell Martin, John Light;Elizabeth Gaskell;https://apps.apple.com/cz/app/id6755365206<br>https://play.google.com/store/apps/details?id=cz.csfd.csfdroid<br>;;
496803;Dark;2017;84.00835719260233;;https://image.pmgstatic.com/cache/resized/w420/files/images/film/posters/163/939/163939457_87347a.jpg;https://www.csfd.cz/film/496803-dark/;Německo;Drama / Krimi / Sci-Fi / Mysteriózní;Dark;Pohřešování dítěte vede čtyři rodiny ke zběsilé honbě za odpověďmi a odkryje zarážející tajemství, které se táhne napříč třemi generacemi. (Netflix);Na VOD od 01.12.2017 Netflix (Season 1);tajemství, policie, vyšetřování, škola, nevěra, nemocnice, maloměsto, cestování časem, změna identity, apokalypsa, jeskyně, podzim, časová smyčka, elektrárna, jaderná elektrárna, portál;3.0;26.0;Baran bo Odar;Louis Hofmann, Lisa Vicari, Karoline Eichhorn, Maja Schöne, Jördis Triebel, Oliver Masucci, Andreas Pietschmann, Stephan Kampwirth, Paul Lux, Daan Lennard Liebrenz;;https://www.netflix.com/title/80100172<br>https://www.netflix.com/<br>/novinky/8266-novinka-tvurcu-dark-dobyva-netflix/<br>/novinky/8266-novinka-tvurcu-dark-dobyva-netflix/<br>/novinky/8266-novinka-tvurcu-dark-dobyva-netflix/<br>https://www.netflix.com/title/80100172<br>https://www.csfd.cz/vod/netflix/<br>https://www.csfd.cz/vod/netflix/<br>https://www.csfd.cz/vod/netflix/<br>https://apps.apple.com/cz/app/id6755365206<br>https://play.google.com/store/apps/details?id=cz.csfd.csfdroid<br>;;
121473;Byl jednou jeden... objevitel;1997;83.96266726638929;;https://image.pmgstatic.com/cache/resized/w420/files/images/film/posters/169/441/169441497_l8qp15.jpg;https://www.csfd.cz/film/121473-byl-jednou-jeden-objevitel/;Francie;Animovaný / Rodinný / Historický;Il était une fois... les explorateurs;"Naučný francouský seriál pro děti a mládež seriál není na podivanou, ale je dělany pro zábavu ale i také učení. Seriál Byl jednou jeden Objevitel dokáže naučit i základy Dějepisu na základních školách. Viz. předešlé úspěšné série: ""Byl jednou jeden člověk 1978"", ""Byl jednou jeden život 1986"" a ""Byl jednou jeden... vynálezce 1994"". (Karlos80)";Na DVD od 16.12.2009 BH Promo;cestování, putování, moře, voda, lodě, Afrika, oceán, vesmír, dobrodruh, středověk, řeka, horolezci, válečníci, kosmonauti, vikingové, Nil;0.0;26.0;Albert Barillé, Gilbert Barillé;Roger Carel, Olivier Destrez, Marie-Laure Beneston, Patrick Préjean, Daniel Beretta, Hélène Levesque, Jean-Claude Robbe;;https://apps.apple.com/cz/app/id6755365206<br>https://play.google.com/store/apps/details?id=cz.csfd.csfdroid<br>;;
220760;Jája a Pája;1986;84.06282450674973;;https://image.pmgstatic.com/cache/resized/w420/files/images/film/posters/158/341/158341049_1e3c94.jpg;https://www.csfd.cz/film/220760-jaja-a-paja/;Československo;Animovaný / Loutkový / Komedie / Rodinný;Jajo a Pajo;Prvních sedm dílů oblíbeného loutkového seriálu viděli malí diváci televize už v roce 1987. Už tehdy přijali dva malé kluky, jejich dědu Lebedu i lakomého souseda Krkovičku velmi dobře. Animované loutky výtvarníka Jana Tippmanna je příjemně překvapily a jednoduché příběhy s nenásilným výchovným posláním je zaujaly. Do roku 1998 přibyly další příběhy i jedna postavička, sestřenice Míla a šestadvacetidílný seriál se ve vysílání České televize zařadil mezi ty úspěšné. Typickou tvář mu vtiskl režisér Lubomír Beneš, který bohužel během natáčení zemřel. Režie se proto ujal animátor František Váša za přínosné režijní supervize Břetislava Pojara. Literární scénář napsali Stanislav Havelka, Petr Chvojka, Lubomír Beneš a později i Marek Beneš. Všem těmto tvůrcům se podařilo vytvořit postavičky s vyhraněným charakterem, ať už to je malý a trochu nešikovný Jája nebo rozvážný děda Lebeda, bývalý námořník. Ovšem nejvyhraněnější je lakomec Krkovička, na kterého naše trojice svým vtipem a umem vždycky vyzraje. Také vypravěči, byli na celém seriálu celkem tři, František Filipovský, Petr Haničinec a Václav Postránecký významným dílem přispěli ke zdaru seriálu. (Česká televize);V TV od 14.01.1987 Československá televize;chlapec, venkov, bratři, sousedi, děda, večerníček, stop motion animace;4.0;26.0;Břetislav Pojar, Lubomír Beneš, František Váša;František Filipovský, Petr Haničinec, Václav Postránecký;;https://www.ceskatelevize.cz/porady/879074-jaja-a-paja?utm_source=csfd&utm_medium=section_vod&utm_campaign=link<br>http://www.ceskatelevize.cz<br>http://www.ceskatelevize.cz<br>https://www.ceskatelevize.cz/porady/879074-jaja-a-paja?utm_source=csfd&utm_medium=section_vod&utm_campaign=link<br>https://apps.apple.com/cz/app/id6755365206<br>https://play.google.com/store/apps/details?id=cz.csfd.csfdroid<br>;;
158487;Příběhy včelích medvídků;1984;84.05223131008754;;https://image.pmgstatic.com/cache/resized/w420/files/images/film/posters/159/417/159417453_aed8f1.jpg;https://www.csfd.cz/film/158487-pribehy-vcelich-medvidku/;Československo;Animovaný / Loutkový / Rodinný;Príbehy včelích medvedíkov;Oblíbený animovaný seriál pro nejmenší diváky. Humorné a napínavé příhody dvou malých včelích medvídků – čmeláčků Čmeldy a Brumdy a jejich přátel čmeláčí maminky, brouka Kvapníka, lučního koníka, mušky, pučmelouda, roháče aj. (Karlos80);V TV od 23.12.1984 Československá televize;podle knihy, žena režisérka, večerníček, hmyz, včely;2.0;20.0;Libuše Koutná, Ivo Houf;Josef Dvořák, Pavel Zedníček, Aťka Janoušková, Jiří Císler, Josef Podsedník, Jaroslav Vidlář, Jaroslav Holeček, Ivan Anthon, Jana Prachařová, Hana Lamková;Eva Košlerová;https://apps.apple.com/cz/app/id6755365206<br>https://play.google.com/store/apps/details?id=cz.csfd.csfdroid<br>;;
921667;Peacemaker;2022;84.05957316136957;;https://image.pmgstatic.com/cache/resized/w420/files/images/film/posters/170/353/170353923_wjb63p.jpg;https://www.csfd.cz/film/921667-peacemaker/;USA;Akční / Komedie / Dobrodružný / Sci-Fi;Peacemaker;Po filmu Jamese Gunna Sebevražedný oddíl sledujeme pokračování příběhu postavy Johna Ceny. Tento okouzlující a arogantní muž věří v mír za každou cenu, bez ohledu na to, kolik lidí bude pro jeho dosažení muset zabít. (HBO Max);Na VOD od 13.01.2022 HBO Max (Season 1);muž, žena, přátelství, přátelé, násilí, tajemství, otec, strach, touha, zbraně, ženy, zvířata, sny, kolegové, vězení, boj o přežití, souboje, kamarádi, krev, bolest, smutek, dilema, naděje, podle komiksu, lesby, monstra, zranění, agenti, rvačka, psychopat, šílenství, mimozemšťané, pocit viny, vydírání, přestřelka, superhrdina, nahota, DC Comics, spravedlnost, ptáci, atentát, invaze, hmyz, tajná organizace, Superman, sniper, Wonder Woman, Flash (DC Comics), Aquaman, Peacemaker;2.0;16.0;James Gunn, Brad Anderson, Rosemary Rodriguez;John Cena, Steve Agee, Danielle Brooks, Robert Patrick, Jennifer Holland, Chris Conrad, Chukwudi Iwuji, Christopher Heyerdahl, Lochlyn Munro, Annie Chang;;https://www.hbomax.com/cz/en/shows/peacemaker-2022/a939d96b-7ffb-4481-96f6-472838d104ca<br>https://www.hbomax.com<br>https://www.hbomax.com/cz/en/shows/peacemaker-2022/a939d96b-7ffb-4481-96f6-472838d104ca<br>https://www.csfd.cz/vod/hbo-max/<br>https://www.csfd.cz/vod/hbo-max/<br>https://apps.apple.com/cz/app/id6755365206<br>https://play.google.com/store/apps/details?id=cz.csfd.csfdroid<br>;Critics Choice Awards (1x)<br>The Saturn Awards (5x)<br>;
139652;Hellsing;2001;84.11242603550296;;https://image.pmgstatic.com/cache/resized/w420/files/images/film/posters/161/692/161692910_fd5436.jpg;https://www.csfd.cz/film/139652-hellsing/;Japonsko;Animovaný / Akční / Drama / Horor;ヘルシング;"V celé Velké Británii byla v poslední době zaznamenána znepokojivá aktivita nových umělých upírů, takzvaných ""freaks"", kteří jsou stvořeni pomocí biomechanického čipu. Organizace Hellsing, pojmenovaná podle starého britského šlechtického rodu, která si už od nepaměti klade za úkol svět od upírské hrozby chránit, se bude s tímto problémem muset velice rychle vypořádat. Naštěstí má prastarou zbraň. Jmenuje se Alucard a sám je upírem. Důvod, proč slouží lidem, je zahalen tajemstvím, stejně jako fakt, kdo a proč čipy vyrábí.Seriál má stylovou atmosféru, která překvapí atypickou hudbou, která by se k němu za běžných okolností vůbec nehodila, a syrovostí podání. Mezi fanoušky anime je veskrze velice kladně hodnocen, již delší dobu patří mezi ""must see"" tituly a jeho soundtrack je bez nadsázky legendární. (ČSFD)";V TV od 10.10.2001 Fuji Television;anime, souboje, krev, psi, monstra, upíři, podle mangy, zbraně hromadného ničení;0.0;13.0;Umanosuke Iida, Jasunori Urata, Kaoru Suzuki;Džódži Nakata, Fumiko Orikasa, Jošiko Sakakibara, Hidejuki Tanaka, Unšó Išizuka, Akeno Watanabe, Kazuja Nakai, Ken Narita, Mika Doi, Norio Wakamoto;Kóta Hirano;https://apps.apple.com/cz/app/id6755365206<br>https://play.google.com/store/apps/details?id=cz.csfd.csfdroid<br>;;
233764;Šílenci z Manhattanu;2007;84.1102488627241;;https://image.pmgstatic.com/cache/resized/w420/files/images/film/posters/168/218/168218950_dib3xv.jpg;https://www.csfd.cz/film/233764-silenci-z-manhattanu/;USA;Drama;Mad Men;"Seriál Mad Men (2007–15) patří k nejoceňovanějším pořadům americké televize. Kromě dalších cen se může pochlubit mj. třemi Zlatými glóby v kategorii dramatických seriálů a čtyřmi Cenami Emmy v téže kategorii. Jeho anglický název je typicky americkým mnohovýznamovým spojením slov Ad Men (pracovníci v reklamě), Mad Men (muži z výstavní třídy Madison Avenue, kde smyšlená reklamní agentura sídlí) a konečně Mad Men (šílenci, což odpovídá životnímu stylu většiny hrdinů seriálu). Vytvoření českého názvu proto představovalo značnou výzvu a skončilo určitým kompromisem – Šílenci z Manhattanu.Seriál je časově zasazený do šedesátých let a místně pak do prostředí fiktivní reklamní agentury Sterling Cooper, v níž sleduje osudy zaměstnanců a majitelů, včetně kreativního ředitele Dona Drapera – charismatického génia, alkoholika a vraha, skrývajícího se za ukradenou identitou. Za fenomenální úspěch seriál vděčí krom jiného faktu, že díky prostředí reklamní agentury se mohla stát jeho stěžejním tématem konzumní společnost. Postavy působí, jako by vystoupily ze stránek dobových magazínů zaplněných obrazy dokonalých hospodyněk v lodičkách. Děj pak nabízí lákavý únik do jednodušších časů, kdy se kouřit smělo všude, alkohol v práci byl součástí stylu, sexismus byl sexy, stejně jako návyk nechat za sebou v parku po pikniku odpadky. Podvádění pak bylo běžnou součástí života a do jisté míry potvrzením „mužnosti"". Jedna z reklamních kampaní na seriál ostatně hlásala, že „Nevěra je zpátky"".Hrdinové seriálu jako kdyby sami podléhali svodům těch reklamních obrazů, jež tvoří. Jejich práce je vyvolat v publiku touhu, naději, že zakoupení něčeho přinese nějaké jiné uspokojení než to prchavé vlastnické, a jejich životy pohánějí podobné touhy, jež jsou nutně podobným způsobem zklamávány. Talentovaná textařka Peggy Olsonová (Elisabeth Mossová) se jen s obtížemi prosazuje v mužském světě. Daří se jí to, ale pořád trpí samotou a výčitkami. Požitkář a pohodář Roger Sterling (John Slattery) se zubí na svět a rozhazuje suché fóry, jeho hédonismus ale nabývá zničujících rozměrů. Únavný šprt Pete Campbell (Vincent Kartheiser) se úporně snaží, ale nikdy se mu nedaří tak, jak by si přál, věci se vždycky nějak vymknou. Ti lidé před sebe staví cíle a třeba jich i dosáhnou, předmět touhy ale vždycky odskočí někam za horizont, aby byl důvod běžet dát, nezastavovat se, protože jinak by hrozilo, že se jejich život zhroutí. Rozumějí potřebě iluzí a umějí je prodat. Ve středu tohoto světa stojí mimořádně talentovaný reklamní kreativec Don Draper (Jon Hamm). Jeho úspěch spočívá i v tom, že utíká sám před sebou, skrývá před ostatními svou minulost a chce se jí zbavit. Zároveň je sám ideální spotřebitel, nutkavě zkouší různé ženy i různé styly. Je to velmi empaticky vykreslený antihrdina, dostatečně okouzlující, aby člověk zaujatě sledoval jeho osudy, dostatečně rozporný, aby se k němu dokázal vztáhnout jako k živé bytosti, která uvnitř prožívá podobné konflikty. (Česká televize)";V TV od 19.07.2007 AMC;alkoholismus, reklamní průmysl;7.0;92.0;Tim Hunter, Andrew Bernstein, Paul Feig;Jon Hamm, Elisabeth Moss, Vincent Kartheiser, Christina Hendricks, John Slattery, January Jones, Rosemarie DeWitt, Paul Schulze, Julie McNiven, Kiernan Shipka;;https://srv.tunefindforfans.com/showads/track/srvclk.php?aid=100006796&lp=https://www.disneyplus.com/en-cz/browse/entity-8168295d-636e-42a5-95fa-865ab3fd21d5<br>http://www.ceskatelevize.cz<br>http://www.ceskatelevize.cz<br>https://srv.tunefindforfans.com/showads/track/srvclk.php?aid=100006796&lp=https://www.disneyplus.com/en-cz/browse/entity-8168295d-636e-42a5-95fa-865ab3fd21d5<br>https://apps.apple.com/cz/app/id6755365206<br>https://play.google.com/store/apps/details?id=cz.csfd.csfdroid<br>;Golden Globes (8x)<br>;Golden Globes (5x)<br>
310920;24 hodin: Dnes neumírej;2014;84.61324041811847;;https://image.pmgstatic.com/cache/resized/w420/files/images/film/posters/170/365/170365905_lk1rtx.jpg;https://www.csfd.cz/film/310920-24-hodin-dnes-neumirej/;USA;Akční / Krimi / Drama / Mysteriózní / Thriller;24: Live Another Day;Vysloužilý agent Jack Bauer se skrývá v Londýně. Už jsou to čtyři roky od té doby, kdy začal utíkat před spravedlností. Nyní musí opustit svůj úkryt a naposled riskovat život, aby odvrátil hrozící globální katastrofu... (TV Prima);;;0.0;12.0;Jon Cassar, Milan Cheylov, Adam Kane;Kiefer Sutherland, Mary Lynn Rajskub, Kim Raver, William Devane, Giles Matthey, Gbenga Akinnagbe, Benjamin Bratt, Yvonne Strahovski, Tate Donovan, Michelle Fairley;;https://apps.apple.com/cz/app/id6755365206<br>https://play.google.com/store/apps/details?id=cz.csfd.csfdroid<br>;;
257880;Peep Show;2003;85.09478672985782;;https://image.pmgstatic.com/cache/resized/w420/files/images/film/posters/169/995/169995330_2itjey.jpg;https://www.csfd.cz/film/257880-peep-show/;Velká Británie;Komedie;Peep Show;Začátek milénia byl v Británii neobyčejně příznivý pro vznik komediálních seriálů, které brzy získaly přídomek kultovní. Stačí připomenout tituly jako Ajťáci, Mighty Boosh či Garth Marenghi: Nemocnice na kraji světa. K této hvězdné sestavě nepochybně patří i Peep Show autorské dvojice Jesse Armstrong a Sam Bain. Seriál, původně odvysílaný v letech 2003–2015 na stanici Channel 4, čítá celkem čtyřiapadesát epizod v devíti řadách a sleduje život Marka Corrigana a Jeremyho Usbornea, dvou sebestředných dvacátníků, kteří sdílejí byt v londýnské čtvrti Croydon. Povědomé aranžmá povyšuje na originální počin tehdy revoluční forma zpracování, kdy svět pozorujeme jakoby očima samotných protagonistů, nasloucháme jejich myšlenkám a dostáváme se jim, coby vědomí voyeuři, tak říkajíc až na tělo – odtud také název seriálu. Ústřední dvojici hrdinů ztvárnili David Mitchell a Robert Webb, kteří se rovněž podíleli na scénáři, ve velké roli se objevuje britská herecká stálice Olivia Colmanová. Herci i celý seriál byli pravidelně nominovaní na prestižní ceny BAFTA, které často i získali, stejně jako řadu dalších ocenění. (Česká televize);;muž, láska, žena, rodina, smrt, přátelství, přátelé, násilí, tajemství, otec, děti, matka, rodiče, mládež, manželé, město, záhady, dcera, touha, syn, chlapec, ženy, zvířata, škola, cestování, vzpomínky, pomsta, peníze, vojáci, umění, manipulace, lež, intriky, hudba, sex, putování, sny, rivalita, drogy, zločin, kolegové, nevěra, únos, souboje, vášeň, podvod, kamarádi, vztahy, učitel, doktoři, nemoc, studenti, mezilidské vztahy, divočina, nenávist, dilema, naděje, krádež, svatba, psi, zloděj, loupež, žárlivost, náboženství, hudebník, milostný trojúhelník, zranění, těhotenství, víra, nehoda, nespravedlnost, párty, rvačka, lodě, šílenství, černý humor, nacisté, manželství, rozchod, diskriminace, chudoba, pocit viny, přepadení, chamtivost, znásilnění, nacismus, vydírání, kapela, hotel, sousedi, výlet, rasismus, romance, posedlost, předsudky, přistěhovalci, milenka, rozvod, duševní porucha, koncert, Londýn, babička, deprese, bar, snoubenci, lékařství, vysoká škola, nahota, imigrace, kniha, příroda, obchod (prodejní místo), závislost, stěhování, děda, závist, dědictví, oslava, restaurace, dluhy, zakázaná láska, iluze, hospoda, vnoučata, alkohol, milenec, psychiatrická léčebna, noční klub, psychiatr, sekta, sitcom, drogový dealer, Velká Británie, banka, porod, spolubydlící, psycholog, narozeniny, válečný veterán, byt, sobectví, vloupání, kult, veteráni, terapie, nezaměstnanost, svádění, bezdomovectví, hadi, profesor, novomanželé, marihuana, tajná láska, kóma, hippies, spolubydlení, nahrávací studio, otčím (nevlastní otec), britcom, psychologie, jóga, firemní večírek, loučení se svobodou, manželská poradna, pervitin;9.0;54.0;Becky Martin, Jeremy Wooding, Tristram Shapeero;David Mitchell, Robert Webb, Matt King, Olivia Colman, Paterson Joseph, Rachel Blanchard, Sophie Winkleman, Alex MacQueen, Katy Brand, Kevin Bishop;;http://www.ceskatelevize.cz<br>http://www.ceskatelevize.cz<br>https://apps.apple.com/cz/app/id6755365206<br>https://play.google.com/store/apps/details?id=cz.csfd.csfdroid<br>;;
524479;Made in Abyss;2017;85.10745891276865;;https://image.pmgstatic.com/cache/resized/w420/files/images/film/posters/161/872/161872703_44bfc2.png;https://www.csfd.cz/film/524479-made-in-abyss/;Japonsko;Animovaný / Dobrodružný / Drama / Fantasy / Psychologický;メイドインアビス;"Jediné neprozkoumané místo na celém světě je obrovský systém jeskyň zvaný jako Propast. Nikdo netuší, jak hluboko jeskyně vedou, jakými bytostmi jsou obývány a jaké všechny prastaré artefakty skrývají. Není žádným překvapením, že tyto neobjevené prostory byly vždy terčem zvědavosti nesčetného množství dobrodruhů. Ti, kteří měli tu odvahu sejít do Propasti a měli i to štěstí se z nich vrátit, byli titulováni ""jeskynními nájezdníky"". Tento příběh pojednává o malém sirotkovi jménem Riko, která žije v městečku Oosu na okraji Propasti. Odedávna toužila být, stejně jako bývala i její slavná matka Lyza, jedním z hrdinných jeskynních nájezdníků a objevit všechny záhady, které ty hlubiny stále lidstvu nevydaly. Jednoho dne při průzkumu nečekaně narazí na dítě, které není tak úplně lidské. Je totiž robotem. (Scalpelexis)";V TV od 07.07.2017 AT-X;láska, smrt, přátelství, dívka, tajemství, děti, matka, anime, cestování, nemoc, monstra, sirotek, roboti, těžký úraz, amnézie, pokusy na lidech, důl, kletba, lovci pokladů, sirotčinec;2.0;25.0;Masajuki Kodžima, Šinja Iino, Hitoši Haga;Marija Ise, Miju Tomita, Aki Tojosaki, Maaja Sakamoto, Mucumi Tamura, Šiori Izawa, Jóko Sómi, Mijuki Kobori, Taiši Murata, Masaja Fukuniši;Akihito Cukuši;https://www.youtube.com/watch?v=e91G8m9uM_0<br>https://www.youtube.com/watch?v=asHu32bYgyI<br>https://apps.apple.com/cz/app/id6755365206<br>https://play.google.com/store/apps/details?id=cz.csfd.csfdroid<br>;;
318478;Gumballův úžasný svět;2011;85.1831750339213;;https://image.pmgstatic.com/cache/resized/w420/files/images/film/posters/159/505/159505389_1a64ec.jpg;https://www.csfd.cz/film/318478-gumballuv-uzasny-svet/;Velká Británie / Německo / Irsko / USA;Animovaný / Komedie / Fantasy / Rodinný;The Amazing World of Gumball;Každodenní trampoty bláznivé rodinky v bláznivém světě. Převratný britský animovaný seriál pro děti i jejich rodiče a zvířecí společníky. (Česká televize);V TV od 03.05.2011 Cartoon Network;;6.0;240.0;Mic Graves, Antoine Perez, Adam Beechen;Dan Russell, Teresa Gallagher, Kerry Shale, Kyla Rae Kowalewski, Jacob Hopkins, Terrell Ransom Jr., Hugo Harold-Harrison, Mic Graves, Sandra Dickinson, Logan Grove;;https://www.netflix.com/title/81507860<br>https://www.hbomax.com/cz/en/shows/amazing-world-of-gumball/18ad0649-f2dd-410d-8842-2ba2aa486fdb<br>https://srv.clickfuse.com/ads/adclkr.php?id=100006636&url=https://tv.apple.com/cz/show/making-the-menu/umc.cmc.6dig6q1y7ct0s932u3zqfsjrz<br>http://www.ceskatelevize.cz<br>https://www.netflix.com/title/81507860<br>https://www.hbomax.com/cz/en/shows/amazing-world-of-gumball/18ad0649-f2dd-410d-8842-2ba2aa486fdb<br>https://srv.clickfuse.com/ads/adclkr.php?id=100006636&url=https://tv.apple.com/cz/show/making-the-menu/umc.cmc.6dig6q1y7ct0s932u3zqfsjrz<br>https://apps.apple.com/cz/app/id6755365206<br>https://play.google.com/store/apps/details?id=cz.csfd.csfdroid<br>;;
320922;Half in the Bag;2011;90.0;;https://image.pmgstatic.com/cache/resized/w420/files/images/film/posters/102/641/102641465_0lg786.jpg;https://www.csfd.cz/film/320922-half-in-the-bag/;USA;Komedie / Talk-show;;Filmové recenze už nikdy nebudou stejné. Takový názor si uděláte po zhlédnutí webového pořadu produkční společnosti Red Letter Media, ve kterém poloprofesionální filmaři Mike Stoklasa a Jay Baumann komentují a rozebírají nejnovější blockbustery, nezávislé filmy nebo děsivé amatérské výtvory. Nechybí všeobecný přehled, seriózní nadhled a hlavně specifický humor, který tihle dva líní opraváři videorekordérů rozhodně nepostrádají. (Brousitch);;pivo;;;Mike Stoklasa, Jay Bauman;Mike Stoklasa, Jay Bauman, Rich Evans, Josh Davis, Jack Packard, Tim Heidecker, Jessi Nakles, Alexandre O. Philippe, Macaulay Culkin, Lora Story;;https://apps.apple.com/cz/app/id6755365206<br>https://play.google.com/store/apps/details?id=cz.csfd.csfdroid<br>;;
70485;Báječná léta;1988;83.93846153846154;;https://image.pmgstatic.com/cache/resized/w420/files/images/film/posters/168/932/168932795_zbpdc5.jpg;https://www.csfd.cz/film/70485-bajecna-leta/;USA;Drama / Rodinný / Komedie;The Wonder Years;V průběhu 115 dílů vzpomíná třicátník Kevin Arnold na své dětství, které prožil na předměstí amerického města šedesátých let. Let květinových dětí, války ve Vietnamu, dobývání Měsíce. Ve vzpomínkách se Kevin vrací ke své lásce k černovlasé Gwendolíně, přátelství s Paulem Pfeifferem i ke spolužití se svými rodiči a sourozenci.;V TV od 31.01.1988 ABC TV Network;rodina, přátelství, přátelé, dívka, otec, matka, dcera, syn, chlapec, škola, dospívání, učitel, bratři, pohřeb, předměstí, basketbal, rock 'n' roll;6.0;115.0;Greg Beeman, Richard Masur, Michael Dinner;Fred Savage, Dan Lauria, Alley Mills, Jason Hervey, Danica McKellar, Josh Saviano, Olivia d'Abo, Daniel Stern, Michael Landes, Juliette Lewis;;https://apps.apple.com/cz/app/id6755365206<br>https://play.google.com/store/apps/details?id=cz.csfd.csfdroid<br>;Golden Globes (3x)<br>;Golden Globes (1x)<br>
326448;Banshee;2013;83.94862506174873;;https://image.pmgstatic.com/cache/resized/w420/files/images/film/posters/158/597/158597320_0f0fb3.jpg;https://www.csfd.cz/film/326448-banshee/;USA;Krimi / Drama / Akční;Banshee;Alan Ball, proslulý tvůrce seriálů True Blood - Pravá krev a Odpočívej v pokoji, přináší nové strhující akční drama, které vypráví o bývalém trestanci Lucasi Hoodovi (Antony Starr), jenž se neuvěřitelnou shodou okolností stane šerifem venkovského amišského městečka, když pátrá po ženě, kterou viděl naposledy před patnácti lety. Tehdy se po vyloupení klenotnictví Lucas dobrovolně vzdal policii, aby ona mohla uprchnout. Tato žena nyní žije v Banshee, říká si Carrie Hopewellová (Ivana Milicevicová), je vdaná za místního okresního prokurátora, má s ním dvě děti (z nichž jedno může být Lucasovo) a snaží se žít co nejnenápadněji... Dokud se neobjeví Lucas, jenž otřese celým jejím světěm a oživí staré vášně. Situaci komplikuje skutečnost, že Banshee je prolezlé korupcí a vládne mu amišský suverén Kai Proctor (Ulrich Thomsen), budující zde brutálně impérium postavené na drogách, hazardu a výpalném. Lucas s pomocí bývalého boxera, nyní barmana Sugara Batese (Frankie Faison) dokáže být Kaiovi a jeho gangsterům rovnoceným soupeřem a dokonce se mu podaří nastolit v Banshee jistou míru přísné spravedlnosti. Ovšem Lucasovi stále zůstává chuť loupit a to jeho i Carrie svádí na nebezpečnou cestu pokrytectví, kterou zkříží pomstychtivý Mr. Rabbit (Ben Cross), newyorský gangster, jehož kdysi obrali. (HBO Europe);V TV od 11.01.2013 Cinemax;muž, láska, žena, rodina, přátelství, přátelé, vražda, násilí, dívka, tajemství, otec, děti, matka, rodiče, policie, mládež, záhady, dcera, touha, syn, útěk, chlapec, zbraně, vyšetřování, vrah, ženy, oběť (autonehody/zločinu), pátrání, škola, vzpomínky, pomsta, sourozenci, peníze, politika, vojáci, manipulace, venkov, lež, intriky, sex, pronásledování, sny, rivalita, drogy, zločin, kolegové, vězení, boj o přežití, souboje, vášeň, podvod, krev, mrtvola, vztahy, les, bratři, studenti, bolest, detektiv, mezilidské vztahy, divočina, smutek, gangsteři, trauma, mafie, nenávist, gang, dilema, tragédie, armáda, střední škola, naděje, nemocnice, krádež, podsvětí (svět zločinu), zabijáci, loupež, žárlivost, náboženství, sériový vrah, gore, milostný trojúhelník, zranění, víra, agenti, nehoda, nespravedlnost, rvačka, psychopat, šílenství, nacisté, diskriminace, korupce, pocit viny, samota, chamtivost, právníci, nacismus, vydírání, politik, osamělost, přestřelka, alkoholismus, rasismus, předsudky, bojová umění, milenka, indiáni, bar, nahota, domorodé kmeny, kněz, příroda, obchod (prodejní místo), závislost, mučení, maloměsto, závist, oslava, dluhy, zakázaná láska, iluze, bohatství, hospoda, výbuch, alkohol, pašování, MMA, milenec, šerif, církev, motorky, pokus o vraždu, FBI, duchovní, domácí násilí, těžký úraz, kostel, změna identity, sekta, drogový dealer, past, chata, rituál, strýc, femme fatale, speciální jednotky, vloupání, hazard, kult, incest, okultismus, satanismus, pohřešování, sniper, synovec, posttraumatická stresová porucha, kasino, hacker, tajná láska, ukradená identita, uprchlý trestanec, neteř, chalupa, starosta, diamanty, vojenská základna, teta, oběť (rituální), otčím (nevlastní otec), nevlastní sourozenci, válka gangů, indiánská rezervace, Amišové, z nepřátel milenci, pravoslaví, výroba drog;4.0;38.0;Greg Yaitanes, S.J. Clarkson, Miguel Sapochnik;Antony Starr, Ivana Miličević, Ulrich Thomsen, Frankie Faison, Hoon Lee, Rus Blackwell, Lili Simmons, Matt Servitto, Trieste Kelly Dunn, Steve Coulter;;https://www.hbomax.com/cz/en/shows/banshee/f4f7e7d4-eb0f-45f9-824f-539e80f47c4a<br>http://www.hbo.eu<br>http://www.hbo.eu<br>https://www.hbomax.com/cz/en/shows/banshee/f4f7e7d4-eb0f-45f9-824f-539e80f47c4a<br>https://apps.apple.com/cz/app/id6755365206<br>https://play.google.com/store/apps/details?id=cz.csfd.csfdroid<br>;The Saturn Awards (1x)<br>;
70074;Byl jednou jeden dům;1974;83.9202657807309;;https://image.pmgstatic.com/cache/resized/w420/files/images/film/posters/000/075/75875_67343a.jpg;https://www.csfd.cz/film/70074-byl-jednou-jeden-dum/;Československo;Drama / Válečný;;"Jeden z nejlepších a nejoblíbenějších českých seriálů, dnes už uznávaný jako klasika, vznikl v polovině sedmdesátých let. Znamenal novou kapitolu v historii našeho původního seriálu. Prozaik Jan Otčenášek a dramatik Oldřich Daněk, v té době oba již renomovaní tvůrci, označili své dílo termínem ""televizní román"". Dali tak najevo, že jím nejde o běžný, spotřební, zábavně - populární žánr, ale že míří k televiznímu dílu hlubšího záběru. Na vypjatých historických okamžicích let 1936 až 1945 sledují zvraty českého osudu i podoby českého charakteru. Ve scénáři našel zalíbení režisér, jehož jméno čteme na dlouhé řadě těch nejvýznamnějších seriálů od dob jeho počátků dodnes - František Filip. Přivedl před kameru celou plejádu hereckých mistrů všech generací: Miloše Nedbala, Karla Högera, Danu Medřickou, Janu Hlaváčovou, Vladimíra Menšíka, Jiřího Adamíru, Josefa Somra, Petra Čepka, Jiřího Hrzána, Jaromíra Hanzlíka, Slávku Budínovou a dlouhou řadu dalších.Epizody:1. Stěhovavá trafika2. Bio Ilusion3. Jízda do tunelu4. Ďábelské ostrovy5. Obvaziště Boccaccio5. Barikáda ve vedlejší ulici - Přetočený poslední díl seriálu, doplněný o bojové revoluční scény (a s novými herci: Bohumil Švarc, Josef Čáp, Dana Syslová, Viktor Preiss, František Hanus, Vlastimil Hašek, Otto Lackovič a Jan Přeučil) a bez předčasně zemřelého Jana Libíčka. Po roce 1989 však tato verze odvysílána nebyla.";V TV od 05.01.1975 Československá televize;20. století, období 1940-1950, 2. světová válka, dům, sousedi, období 1930-1940, odboj, okupace, Protektorát Čechy a Morava, gestapo, heydrichiáda;0.0;5.0;František Filip;Josef Somr, Jaroslava Obermaierová, Vladimír Menšík, Jiří Adamíra, Josef Abrhám, Miloš Nedbal, Vladimír Ráž, Alena Vránová, Josef Bláha, Libuše Švormová;;https://www.ceskatelevize.cz/porady/899205-byl-jednou-jeden-dum?utm_source=csfd&utm_medium=section_vod&utm_campaign=link<br>https://www.ceskatelevize.cz/porady/899205-byl-jednou-jeden-dum?utm_source=csfd&utm_medium=section_vod&utm_campaign=link<br>https://apps.apple.com/cz/app/id6755365206<br>https://play.google.com/store/apps/details?id=cz.csfd.csfdroid<br>;;
53132;Až tam nezbyl žádný;2015;83.9496513012417;;https://image.pmgstatic.com/cache/resized/w420/files/images/film/posters/160/377/160377182_b93968.jpg;https://www.csfd.cz/film/53132-az-tam-nezbyl-zadny/;Velká Británie;Mysteriózní / Krimi / Drama;Deset malých černoušků;"Kniha ""Deset malých černoušků"" od Agathy Christie, které se na celém světě prodalo přes sto milionů výtisků, se stala nejprodávanější detektivkou všech dob. A nyní byla poprvé převedena do seriálové podoby. Je rok 1939 a Evropa balancuje na pokraji války. Na Černochův ostrov, odlehlou skálu u pobřeží Devon na jihu Anglie, je pozváno deset lidí s pochybnou minulostí. Navzájem se neznají a jejich tajemný hostitel chybí. Každý z návštěvníků, kteří jsou zcela odříznuti od nedaleké pevniny, je obviněn ze strašlivého zločinu. Když pak začnou jeden po druhém záhadně umírat, uvědomí si, že vrah může být mezi nimi. Komu se podaří přežít? A kdo je vrah? (HBO Europe)";V TV od 21.02.2018 TV Prima;podle knihy, vražda, vrah, ostrov, whodunit;0.0;3.0;Craig Viveiros, Basi Akpabio, Rebecca Keane;Douglas Booth, Charles Dance, Maeve Dermody, Burn Gorman, Anna Maxwell Martin, Sam Neill, Miranda Richardson, Toby Stephens, Noah Taylor, Aidan Turner;Agatha Christie;http://www.hbo.eu<br>http://www.hbo.eu<br>https://www.youtube.com/watch?v=GB7s0eaSpUM<br>https://apps.apple.com/cz/app/id6755365206<br>https://play.google.com/store/apps/details?id=cz.csfd.csfdroid<br>;;
1184280;Medvěd;2022;83.96613756613756;;https://image.pmgstatic.com/cache/resized/w420/files/images/film/posters/167/037/167037571_630ef1.jpg;https://www.csfd.cz/film/1184280-medved/;USA;Komedie / Drama;The Bear;Mladý šéfkuchař Carmy se zkušenostmi z lepších restaurací se vrací do Chicaga, kde má vést rodinnou prodejnu sendvičů. Snaží se změnit k lepšímu prodejnu i sebe samotného a musí pracovat s neotesaným kuchyňským personálem, který se nakonec stane jeho druhou rodinou. (Disney+);Na VOD od 23.06.2022 Hulu (Série 1);láska, rodina, žena režisérka, přátelství, přátelé, dívka, otec, děti, matka, rodiče, mládež, manželé, město, dcera, touha, vzpomínky, sourozenci, peníze, Vánoce, sny, kolegové, vášeň, kamarádi, vztahy, učitel, bratři, bolest, mezilidské vztahy, smutek, trauma, nenávist, tragédie, naděje, žárlivost, těhotenství, párty, sebevražda, zoufalství, manželství, rozchod, pocit viny, zima, šikana, jídlo, romance, hádka, rozvod, duševní porucha, babička, deprese, trénink, tradice, závist, pochyby, dědictví, oslava, restaurace, dluhy, iluze, vaření, učitelka, odpuštění, lítost, výčitky svědomí, kuchaři, porod, týmová práce, slib, budova, něha, nemluvně, večeře, svátky, Chicago, mateřství, Illinois, účetnictví, rekonstrukce;5.0;48.0;Christopher Storer, Joanna Calo, Ramy Youssef;Jeremy Allen White, Abby Elliott, Ebon Moss-Bachrach, Ayo Edebiri, Liza Colón-Zayas, Chris Witaske, Corey Hendrix, Richard Esteras, Oliver Platt, Amy Morton;;https://srv.tunefindforfans.com/showads/track/srvclk.php?aid=100006796&lp=https://www.disneyplus.com/en-cz/browse/entity-05eb6a8e-90ed-4947-8c0b-e6536cbddd5f<br>http://disneyplus.com<br>/uzivatel/70932-applecore/oblibene/filmy-serialy-a-porady/<br>https://srv.tunefindforfans.com/showads/track/srvclk.php?aid=100006796&lp=https://www.disneyplus.com/en-cz/browse/entity-05eb6a8e-90ed-4947-8c0b-e6536cbddd5f<br>https://apps.apple.com/cz/app/id6755365206<br>https://play.google.com/store/apps/details?id=cz.csfd.csfdroid<br>;Independent Spirit Awards (1x)<br>AACTA International Awards (2x)<br>Golden Globes (10x)<br>Critics Choice Awards (3x)<br>;Independent Spirit Awards (2x)<br>AACTA International Awards (2x)<br>Golden Globes (5x)<br>Critics Choice Awards (5x)<br>
141098;Kókaku kidótai: Stand Alone Complex;2002;84.29974160206719;;https://image.pmgstatic.com/cache/resized/w420/files/images/film/posters/161/807/161807895_28a12f.jpg;https://www.csfd.cz/film/141098-kokaku-kidotai-stand-alone-complex/;Japonsko;Animovaný / Akční / Sci-Fi / Thriller;攻殻機動隊 STAND ALONE COMPLEX;Kôkaku kidôtai: Stand Alone Complex je Japonský cyberpunkový anime seriál. Původní tvůrce manga předlohy Masanori Ota, známý pod svým pseudonymem Masamune Shirow, zasadil děj svého díla do Japonska ne až tak vzdálené budoucnosti. Hlavní postavou je mladá majorka ze speciální jednotky SEKCE 9 Motoko Kusanagi. SEKCE 9 slouží jako policejní jednotka, mající na starosti problémy spojené s hackery a zločiny, které páchají, což rozhodně nejsou pouhé úniky dat a převody peněz z konta na konto, ale například ovládání cybermozků ochranky prezidenta policie za účelem jeho atentátu a podobné. To vše je zabaleno do slušivého sci-fi kabátku. (Mr.Crowley);;policie, anime, hacker, kyberpunk;2.0;52.0;Kendži Kamijama, Hidejo Jamamoto, Tošijuki Kóno;Akio Ócuka, Acuko Tanaka, Kóiči Jamadera, Ken Narita, Šin'ičiró Miki, Robert Axelrod, Tóru Šinagawa, Daran Norris, Murphy Dunne, Kazuja Ičidžó;Masamune Širó;http://www.youtube.com/watch?v=uELeeRer4Hg&feature=related<br>https://apps.apple.com/cz/app/id6755365206<br>https://play.google.com/store/apps/details?id=cz.csfd.csfdroid<br>;;
70900;Z deníku Sherlocka Holmese;1991;84.79915433403805;;https://image.pmgstatic.com/cache/resized/w420/files/images/film/posters/158/677/158677623_6c119c.jpg;https://www.csfd.cz/film/70900-z-deniku-sherlocka-holmese/;Velká Británie;Krimi / Mysteriózní;Archiv Sherlocka Holmese;Sherlock Holmes so svojím priateľom Dr. Watsonom riešia ďalšie záhadné prípady, vraždy, zmiznutia a lúpeže. (Voyo);Na DVD od 25.07.2008 Amercom;Sherlock Holmes;0.0;6.0;Tim Sullivan, John Madden, Michael A. Simpson;Jeremy Brett, Edward Hardwicke, Rosalie Williams, Cheryl Campbell, Julian Curry, Mary Cunningham, Jack Klaff, Michael Jayston, Anthony Benson, Daniel Massey;Arthur Conan Doyle;https://voyo.markiza.sk<br>https://apps.apple.com/cz/app/id6755365206<br>https://play.google.com/store/apps/details?id=cz.csfd.csfdroid<br>;;
376731;The Scooby-Doo Show;1976;86.19834710743801;;https://image.pmgstatic.com/cache/resized/w420/files/images/film/posters/158/617/158617209_bbd90c.jpg;https://www.csfd.cz/film/376731-the-scooby-doo-show/;Velká Británie;Animovaný / Komedie;;Pripravte sa na nové, už v poradí tretie, dobrodružstvá Scoobyho a jeho priateľov. Na Mystery Incorporated čaká veľa nových záhad, ktoré treba vyriešiť. O zloduchov určite nebude núdza. V týchto epizódach sa môžete stretnúť s Monster Tar alebo napríklad s Gator Ghoul.Seriál je spojením rôznych epizód, ktoré sa objavili v seriáloch The Scooby-Doo/Dynomutt Hour, Scooby-Doo, Where are you!, Scooby's All-Star Laff-A-Lympics a Scooby's All-Stars. (Carol Pifková);;přátelé, tajemství, strach, záhady, útěk, vyšetřování, dům, psi;;;;Christina Lange, B.J. Ward, Stefanianna Christopherson;;https://apps.apple.com/cz/app/id6755365206<br>https://play.google.com/store/apps/details?id=cz.csfd.csfdroid<br>;;
750077;Chen qing ling;2019;88.01724137931035;;https://image.pmgstatic.com/cache/resized/w420/files/images/film/posters/163/656/163656409_yf84kh.jpg;https://www.csfd.cz/film/750077-chen-qing-ling/;Čína;Akční / Drama / Dobrodružný / Fantasy / Horor / Mysteriózní;陈情令;V magickém světě znepřátelených klanů čelí dvě spřízněné duše zrádným úkladům a odhalují temné tajemství, které souvisí s tragickou událostí z minulosti. (Netflix);Na VOD od 27.06.2019 Tencent Video (QQ);rodina, přátelství, přátelé, sourozenci, zrada, bojová umění, Čína;0.0;50.0;Wei Wen Zheng, Ka-lam Chan;Sean Xiao, Yibo Wang, Yingchun Cai, Ziyi Meng, Zikuan Yu, Haikuan Liu, Lulu Xuan, Zhuocheng Wang, Haoxuan Wang, Zanjin Zhu;Mo Xiang Tong Xiu;https://www.netflix.com/title/81200228<br>https://www.netflix.com/<br>https://www.netflix.com/title/81200228<br>https://apps.apple.com/cz/app/id6755365206<br>https://play.google.com/store/apps/details?id=cz.csfd.csfdroid<br>;;
137884;Ginga eijú densecu;1988;91.42857142857143;;https://image.pmgstatic.com/cache/resized/w420/files/images/film/posters/161/688/161688576_0fe953.jpg;https://www.csfd.cz/film/137884-ginga-eiju-densecu/;Japonsko;Animovaný / Drama / Sci-Fi / Válečný;銀河英雄伝説;"Vztahy mezi Galaktickou říší a Aliancí Svobodných planet nebyly nikdy přátelské. Nyní mezi nimi již několik let zuří ničivá válka a žádná strana nemá natolik navrch, aby mohla tu druhou rychle porazit. Z tohoto stavu věcí těží třetí malá mocnost, neutrální na obě strany hrající významná obchodnická planeta Phezzan. A právě v této době vstupují na scénu dva noví nadaní velitelé, říšský ambiciózní Reinhard von Lohengramm a alianční Yang Wen-Li.LEGEND OF GALACTIC HEROES je seriál v mnoha ohledech výjimečný. Nejedná se o klasické sci-fi, natož space-operu, ale spíše o vojensko-politickou ságu. Rozsah 110 dílů nám podává značně rozsáhlý exkurs po dějinách nejnovější fáze války a to jak do ní zasáhly hlavní i vedlejší postavy. Postav je v celém seriálu obrovské množství a každá z nich má své cíle, metody a povahu, které se značně liší.Yang Wen-Li studoval historii, je trochu roztržitý, ale symptaický nadaný velitel, ale nejraději by byl, kdyby v armádě sloužit nemusel. Pro Reinharda je armáda naopak vytouženou možností, jak se dostat k absolutní moci, s kterou by mohl proměnit samu podstatu říše. Je prchlivý, ambiciózní, ale v podstatě čestný. Jeho svědomím a jistou brzdou je jeho loajální přítel Siegfried von Kirchheis. Za impérium je tu ještě enigmatický pragmatik a vellice schopný intrikán a manipulátor s nejasnou motivací Paul von Oberstein a trůnu loajální čestný rytířský admirál staré školy von Merkatz. Alianci slouží Julian Minci, který vede Yangovu domácnost a je i jeho ""studentem"". Nakonec zmiňme úskočného poživačného intrikána vládnoucího Phezzanu Rubinskeho.Podobně jako ve skutečné historii nejsou postavy nesmrtelné, mají své přednosti i vady a zasáhnout do děje mohou i postavy méně významné. Seriál navíc předkládá i vcelku zásadní politcké otázky (např. ""je lepší zkorumpovaná demokracie nebo osvícená tyranie?"") a staví postavy před velmi těžká politická rozhodnutí. Málokterý seriál vyprávějící o fiktivní historii nabízí takovou politickou hloubku. Kromě politiky jsou tu přítomny i velmi rozsáhlé vesmírné bitvy.Kresba a animace odpovídá době vzniku, postavy jsou si velmi podobné, liší se často jen detailem uniformy či barvou vlasů a vousy. Pro rozpoznání jsou často přítomny titulky se jmény postav. Tento seriál je mezi otaku relativně opomíjenou záležitostí, ale i tak se propracoval do TOP 50 v databázi AnimeNewsNetwork (jde o nejméně často hodnocené anime v TOP 50). (Subjektiv)";V TV od 11.08.2006 WOWOW;anime;4.0;110.0;Noboru Išiguro, Masatoši Tahara, Akio Sakai;Júsaku Jara, Kaneto Šiozawa, Keiiči Noda, Kotono Micuiši, Norio Wakamoto, Nozomu Sasaki, Šúiči Ikeda, Akio Ócuka, Hidejuki Tanaka, Hirotaka Suzuoki;Jošiki Tanaka;https://apps.apple.com/cz/app/id6755365206<br>https://play.google.com/store/apps/details?id=cz.csfd.csfdroid<br>;;
70619;Vlak dětství a naděje;1985;83.73654034400784;;https://image.pmgstatic.com/cache/resized/w420/files/images/film/posters/000/026/26936_b95649.jpg;https://www.csfd.cz/film/70619-vlak-detstvi-a-nadeje/;Československo;Komedie / Drama / Válečný;The Train of Childhood and Expectation;"""Nic ty se neboj! Na tragickej život jsem já pes!"" Tímto okřídleným úslovím si bývalá lázeňská kuchařka I. třídy Anna Urbanová, jinak bodrá a upřímná ženská košaté postavy s něžným a citlivým srdcem, často dodává odvahy. Sobě, ale ještě víc malé Věrce. Děvčátku, které přijala za vlastní, a také jejímu otci, svému životnímu druhovi, jinak poštovnímu zřízenci sice subtilního vzrůstu, leč rozměrného a statečného ducha, Josefu Pumplmě. Je toho opravdu třeba, neboť se píší léta 1937-1939 a nad Evropou se stahují mračna válečná a v místě, kde rodina žije, se ocelové kleště nacismu snaží zardousit už tak okleštěnou republiku a vyrvat jí to nejcennější - domov. A tak donuceni opustit domovinu v severomoravském pohraničí, odjíždějí hrdinové seriálu posledním vlakem z Frývaldova, vlakem, pro nějž už není návratu.";V TV od 04.03.1989 Československá televize;podle knihy, láska, 20. století, otec, matka, dcera, útěk, období 1940-1950, 2. světová válka, vojáci, dospívání, válka, nacisté, nacismus, vlak, Židé, pohřeb, okupace, kuchaři, vzpoura, Protektorát Čechy a Morava, pošťák, Sudety;0.0;6.0;Karel Kachyňa;Stanislav Zindulka, Helena Růžičková, Žaneta Fuchsová, Tereza Brodská, Gabriela Wilhelmová, Alena Vránová, Eva Svobodová, Blanka Lormanová, Laďka Kozderková, Naďa Konvalinková;Věra Sládková;https://www.ceskatelevize.cz/porady/898679-vlak-detstvi-a-nadeje?utm_source=csfd&utm_medium=section_vod&utm_campaign=link<br>https://www.ceskatelevize.cz/porady/898679-vlak-detstvi-a-nadeje?utm_source=csfd&utm_medium=section_vod&utm_campaign=link<br>https://apps.apple.com/cz/app/id6755365206<br>https://play.google.com/store/apps/details?id=cz.csfd.csfdroid<br>;;
404515;Ash vs Evil Dead;2015;83.9086011517741;;https://image.pmgstatic.com/cache/resized/w420/files/images/film/posters/168/876/168876585_s68pf7.jpg;https://www.csfd.cz/film/404515-ash-vs-evil-dead/;USA;Akční / Komedie / Horor;Ash vs Evil Dead;"Seriál Ash vs. Evil Dead je dlouho očekávaným pokračováním kultovní hororové série, kterou odstartoval film Lesní duch. Bruce Campbell se vrací v roli Ashe, doplňovače zboží, stárnoucího proutníka a lovce příšer, který má místo ruky motorovou pilu. Posledních třicet let se mu úspěšně dařilo vyhýbat se zodpovědnosti, dospělosti i hrůzám ze světa zla. Když se však rozšíří smrtící epidemie a lidstvu hrozí zánik, Ash je konečně donucen čelit démonům - svým vnitřním i těm skutečným. Jak se ale ukáže, osud rozhodně nemá v plánu propustit tohoto nevšedního hrdinu ze svých ""ďábelských"" spárů. Vedle Bruce Campbella se v seriálu představí i Lucy Lawlessová jako tajemná Ruby, která věří, že za propuknutím nákazy stojí Ash; Ray Santiago v roli přistěhovalce Pabla Simona Bolivara, idealisty, z něhož se stane Ashův věrný parťák; Dana DeLorenzová coby Kelly Maxwellová, náladová divoška, která se snaží utéct před svou minulostí; a Jill Marie Jonesová jako Amanda Fisherová, zneuznaná policistka státu Michigan, která se rozhodne vypátrat darebného Ashe a dokázat, že je zodpovědný za strašlivou vraždu jejího partnera. (Cinemax)";V TV od 31.10.2015 Starz!;smrt, násilí, otec, syn, manipulace, mrtvola, les, gore, rvačka, černý humor, paranoia, zlo, kniha, paranormální jevy, maloměsto, cestování časem, démoni, psychiatrická léčebna, chata, halucinace, exorcismus, splatter, posedlost démonem, karavan, Necronomicon;3.0;30.0;Sam Raimi, Rick Jacobson, Michael Hurst;Bruce Campbell, Ray Santiago, Dana DeLorenzo, Jill Marie Jones, Lucy Lawless, Samara Weaving, Hemky Madera, Peter Feeney, Damien Garvey, Indiana Evans;;https://apps.apple.com/cz/app/id6755365206<br>https://play.google.com/store/apps/details?id=cz.csfd.csfdroid<br>;The Saturn Awards (6x)<br>;The Saturn Awards (1x)<br>
205802;Samurai Champloo;2004;84.15760869565217;;https://image.pmgstatic.com/cache/resized/w420/files/images/film/posters/161/786/161786053_383918.jpg;https://www.csfd.cz/film/205802-samurai-champloo/;Japonsko;Animovaný / Akční / Drama / Komedie;サムライチャンプルー;Mugen a Jin jsou dva potulní samurajové. Liší se jak stylem boje, tak svým charakterem, spojuje je ovšem výjimečné šermířské umění a také jejich ješitnost. Shoda náhod je oba jednoho dne zavede do stejného města, kde se zapletou do potyčky, v níž zemře starostův syn. Jsou odsouzeni k smrti, ale zásluhou mladičké Fuu se jim podaří utéct. Výměnou za svou záchranu jí slíbí, že jí pomohou nalézt tajemného samuraje vonícího po slunečnicích. Dobrodružná cesta po středověkém Japonsku tak jak ho možná neznáte může začít. (Divočák);V TV od 20.05.2004 Fuji Television;vražda, anime, putování, souboje, Japonsko, samurajové;0.0;26.0;Šin'ičiró Watanabe, Kazuto Nakazawa, Sajo Jamamoto;Kazuja Nakai, Ajako Kawasumi, Ai Maeda, Akio Ócuka, Hiroši Ótake, Ičiró Nagai, Iššin Čiba, Džúróta Kosugi, Ken Narita, Kóiči Jamadera;;https://apps.apple.com/cz/app/id6755365206<br>https://play.google.com/store/apps/details?id=cz.csfd.csfdroid<br>;;
68258;Vis a vis (Antena 3 / Fox verze);2015;84.25556189389617;;https://image.pmgstatic.com/cache/resized/w420/files/images/film/posters/162/505/162505539_438fec.jpg;https://www.csfd.cz/film/68258-vis-a-vis-antena-3-fox-verze/;Španělsko;Drama / Thriller;Vis a vis;Macarena Ferreiro (Maggie Civantos) je obviněna z podvodu, který spáchala z lásky ke svému šéfovi. Svůj trest si má odsedět ve vězení Cruz del Sur, kde však vládnou pravidla zcela odlišná od běžného světa. Aby Macarena přežila, musí se místním pořádkům rychle přizpůsobit. Zároveň však bojuje za své propuštění, protože je přesvědčená o tom, že je nevinná. (FIAT 500);V TV od 20.04.2015 Antena 3;láska, smrt, drogy, vězení, podvod, lesby, šikana;4.0;40.0;Jesús Colmenar, David Molina Encinas, Sandra Gallego;Berta Vázquez, Alba Flores, María Isabel Díaz Lago, Marta Aledo, Najwa Nimri, Laura Baena, Jesús Castejón, Inma Cuevas, Maggie Civantos, Ramiro Blas;;https://www.netflix.com/title/80059465<br>https://www.csfd.cz/film/525549-papirovy-dum-netflix-verze/<br>https://www.netflix.com/title/80059465<br>/film/882491-vis-a-vis-netflix-verze/prehled/<br>https://apps.apple.com/cz/app/id6755365206<br>https://play.google.com/store/apps/details?id=cz.csfd.csfdroid<br>;;
328842;Key and Peele;2012;84.45266272189349;;https://image.pmgstatic.com/cache/resized/w420/files/images/film/posters/170/114/170114270_ils2ri.jpg;https://www.csfd.cz/film/328842-key-and-peele/;USA;Komedie;Key and Peele;Hviezdy tejto novej skečovej komediálnej show Keegan-Michael Key a Jordan Peele prinášajú divákom zábavu vo forme krátkych vystúpení na javisku (pred živým publikom). Po nich nasleduje séria príbehov uťahujúcich si z najrôznejších možných tém založených či už na stereotypoch alebo vlastných postrehoch komikov. (JackDullBoy);V TV od 31.01.2012 Comedy Central;;5.0;53.0;Peter Atencio, Payman Benz;Keegan-Michael Key, Jordan Peele, Amrapali Ambegaokar, Brenda Song, Jennefer Ludwigsen, Colin Hanks, Matt Jones, Kevin Sorbo, Stevie Nelson, Kerri Kenney;;https://apps.apple.com/cz/app/id6755365206<br>https://play.google.com/store/apps/details?id=cz.csfd.csfdroid<br>;;
223318;Monster;2004;85.05434782608695;;https://image.pmgstatic.com/cache/resized/w420/files/images/film/posters/163/282/163282518_e04387.jpg;https://www.csfd.cz/film/223318-monster/;Japonsko;Animovaný / Drama / Psychologický / Thriller;モンスター;Mladý a velmi schopný neurochirurg Kenzo Tenma má jedné noci operovat chlapce postřeleného do hlavy. O něco později je do Dusseldorfské nemocnice přivezen významný pacient a ředitel nemocnice nařídí aby jej operoval místo chlapce. Téměř současně je hospitalizována dívka, chlapcovo dvojče, která je v šoku, patrně proto, že jejich rodiče byli zastřeleni. Dr. Tenma pamětliv rovnosti lidského života neuposlechne ředitele a chlapce operuje. To má za následek velmi neblahé události. Že je za neposlušnost potrestán a opustí ho jeho snoubenka (dcera ředitele nemocnice) není ani z daleka tak zlé. To že se následně stane podezřelý a hledaný za vraždu dvou kolegů a nespravedlivého ředitele už je horší. Nejhorší je, že se díky výkonu svého povolání zapletl s Nestvůrou která nemá jméno. Ona bytost přináší smrt a strach. Naštěstí nahání hrůzu i jiným lidem, i když z počátku si ani neuvědomují, že Ona skutečně existuje.Promyšlené anime odehrávající se převážně v Německu 80 a 90 let zaujme mimo jiné i skutečností že některé jeho postavy a části pocházejí nebo se odehrávají v Čechách. Seriál má dobrý spád, přestože je složen z 74 dílů. Charakterové složení je pestré a zahrnuje od již zmiňovaného Dr Temy, dvojčat, ex-snoubenky Evy Heinemannové, opuštěného chlapce jménem Dieter, podivného Petra Čapka, přes ještě záhadnějšího autora podivných obrázkových knížek. Nemělo by se zapomenou na Inspektora Henricha Runge, který se celé věci pokouší přijít na kloub, s metodičností a houževnatostí téměř až nelidskou, ale jemu vlastní. (Mantis);V TV od 07.04.2004 Nippon TV;vražda, anime, doktoři, sériový vrah, pocit viny, křivé obvinění, sirotek, Německo, neonacismus;0.0;74.0;Masajuki Kodžima, Acuši Takahaši, Júzó Sató;Nozomu Sasaki, Hidenobu Kiuči, Mamiko Noto, Hidejuki Tanaka, Ičiró Nagai, Mami Kojama, Akio Ócuka, Acuko Tanaka, Bin Šimada, Hóko Kuwašima;Naoki Urasawa;https://www.netflix.com/title/81409869<br>https://www.netflix.com/title/81409869<br>https://apps.apple.com/cz/app/id6755365206<br>https://play.google.com/store/apps/details?id=cz.csfd.csfdroid<br>;;
70006;The Twilight Zone;1959;85.72033898305085;;https://image.pmgstatic.com/cache/resized/w420/files/images/film/posters/169/928/169928232_fdjril.jpg;https://www.csfd.cz/film/70006-the-twilight-zone/;USA;Mysteriózní / Sci-Fi / Horor / Thriller / Fantasy / Drama;Twilight Zone;Zóna soumraku je místo, které existuje v každém okamžiku, prostoru nebo mysli, ale vždy, když to nejméně očekáváte. Když se ocitnete v této oblasti neomezených možností, buďte opatrní, co říkáte nebo děláte. Správná rozhodnutí vám mohou pomoci najít cestu zpět, někdy s větším štěstím a bohatstvím. Špatná rozhodnutí často vedou k šílenství a smrti nebo věčnosti uvězněné v této dimenzi. Obyčejní lidé se ocitají v mimořádně ohromujících situacích, které se každý snaží pozoruhodným způsobem vyřešit. (Shr1nK);;podle knihy, antologie;5.0;156.0;John Brahm, Douglas Heyes, Buzz Kulik;Rod Serling, Robert McCord, Jay Overholts, James Turley, Vaughn Taylor, David Armstrong, Jack Klugman, Burgess Meredith, John Anderson, Pat O'Malley;Lucille Fletcher, Richard Matheson, Henry Slesar;/tvurce/1929-christina-applegate/prehled/<br>https://apps.apple.com/cz/app/id6755365206<br>https://play.google.com/store/apps/details?id=cz.csfd.csfdroid<br>;The Saturn Awards (1x)<br>;Golden Globes (1x)<br>The Saturn Awards (1x)<br>
232197;Naruto: Šippúden;2007;83.74511991076407;;https://image.pmgstatic.com/cache/resized/w420/files/images/film/posters/166/492/166492811_b05156.jpg;https://www.csfd.cz/film/232197-naruto-sippuden/;Japonsko;Animovaný / Akční / Drama / Fantasy;ナルト 疾風伝;Seriál se odehrává dva a půl roku po odchodu Naruta z Konohy. Náš hlavní hrdina zmoudřel a pomalu si začíná získávat přátele. Tým 7 získá náhradního člena za Sasukeho a pokusí se ho dostat ze spárů Orochimara a následně organizace Akatsuki. Podaří se jim Sasukeho zachránit nebo bude dokonce válka ninjů? Bude Sasukemu stačit pomsta nebo bude schopen zajít dále? (Negticek);V TV od 15.02.2007 TV Tokyo;anime, souboje, hrdina, nindžové;0.0;500.0;Hajato Date, Ken'iči Nišida, Masaharu Watanabe;Džunko Takeuči, Noriaki Sugijama, Nana Mizuki, Romi Paku, Akeno Watanabe, Akio Ócuka, Acuko Tanaka, Džúróta Kosugi, Ikue Ótani, Jú Asakawa;Masaši Kišimoto;https://apps.apple.com/cz/app/id6755365206<br>https://play.google.com/store/apps/details?id=cz.csfd.csfdroid<br>;;
409314;Mladý papež;2016;83.77046574471467;;https://image.pmgstatic.com/cache/resized/w420/files/images/film/posters/167/291/167291948_93307c.jpg;https://www.csfd.cz/film/409314-mlady-papez/;Itálie / Francie / Španělsko / USA;Drama / Komedie;Il giovane papa;Nový seriál od režiséra oscarového snímku Velká nádhera vypráví kontroverzní příběh o začátku pontifikátu hlavy katolické církve Pia XIII., vlastním jménem Lennyho Belarda. První americký papež je složitá a rozporuplná postava, která je ve svém počínání tak konzervativní, že to hraničí až s obskurností. Přesto má ale hluboký soucit s chudými a potřebnými. Je to velice vlivný muž, který si zatvrzele drží odstup od vatikánských pochlebovačů, aniž si připouští možné důsledky svého postoje. V desetidílné sérii se představí držitel dvou nominací na Oscara Jude Law v hlavní roli Pia XIII. a oscarová Diane Keaton jako řádová sestra Mary, jeptiška ze Spojených států žijící ve Vatikánu. (HBO Europe);V TV od 28.10.2016 HBO Europe;muž, město, politika, rivalita, kolegové, náboženství, víra, politik, křesťanství, konspirace, duševní porucha, kněz, Itálie, spiknutí, církev, duchovní, mytologie, kostel, Bible, Řím, Bůh, papež, Vatikán;0.0;10.0;Paolo Sorrentino;Jude Law, Diane Keaton, Silvio Orlando, Javier Cámara, Scott Shepherd, Cécile de France, Ludivine Sagnier, Toni Bertorelli, James Cromwell, Ignazio Oliva;;http://www.hbo.eu<br>http://www.hbo.eu<br>/novinky/5232-hbo-a-jaderna-katastrofa/<br>/novinky/5232-hbo-a-jaderna-katastrofa/<br>/novinky/5232-hbo-a-jaderna-katastrofa/<br>https://apps.apple.com/cz/app/id6755365206<br>https://play.google.com/store/apps/details?id=cz.csfd.csfdroid<br>;Golden Globes (1x)<br>;
325684;Brickleberry;2012;83.81207028265851;;https://image.pmgstatic.com/cache/resized/w420/files/images/film/posters/161/676/161676381_350dda.jpg;https://www.csfd.cz/film/325684-brickleberry/;USA;Animovaný / Komedie;Brickleberry;Daniel Tosh, Waco O'Guin a Roger Black přinášejí animovaný seriál o politicky nekorektních dobrodružstvích skupiny strážců národního parku. Ať už jde o potraty, práva sexuálních menšin nebo náboženství, velitel strážců Woody Johnson a jeho parta řeší všechny problémy tak, že pověst jejich parku je široko daleko nejhorší. (TV Prima);;smrt, vražda, násilí, zvířata, gay, sex, drogy, krev, les, lesby, černý humor, satira, parodie, medvědi, národní park;3.0;36.0;Zac Moncrief, Susie Dietter, Ira Sherak;Daniel Tosh, Kaitlin Olson, David Herman, Tom Kenny, Roger Black, Waco O'Guin, Jerry Minor, Tara Strong, Sheetal Sheth, Natasha Leggero;;https://apps.apple.com/cz/app/id6755365206<br>https://play.google.com/store/apps/details?id=cz.csfd.csfdroid<br>;;
169530;One Piece;1999;84.07908428720083;;https://image.pmgstatic.com/cache/resized/w420/files/images/film/posters/170/857/170857943_woywbc.jpg;https://www.csfd.cz/film/169530-one-piece/;Japonsko;Animovaný / Dobrodružný / Drama / Fantasy / Komedie;ワンピース;Moře, bílý písek, koráby, ale hlavně piráti. Mladý Luffy se vydává na moře, aby si splnil velký sen, stát se králem všech pirátů. Na své cestě musí překonat nejen řadu překážek, ale hlavně sehnat vhodnou posádku. Má však na své straně velkou výhodu, snědením Ďábelského ovoce získal zvláštní schopnost. Jeho tělo je z gumy, se všemi výhodami a nevýhodami, které to přináší. (Sidmar);V TV od 20.10.1999 Fuji Television;přátelství, anime, cestování, politika, sny, diskriminace, korupce, svoboda, piráti, otroctví, poklad;0.0;1156.0;Daisuke Nišio, Hiroaki Mijamoto, Džundži Šimizu;Majumi Tanaka, Ikue Ótani, Kazuja Nakai, Akio Ócuka, Bin Šimada, Daisuke Namikawa, Fumiko Orikasa, Hidejuki Tanaka, Hóko Kuwašima, Hiroši Kamija;Eiičiró Oda;https://www.netflix.com/title/80107103<br>https://www.netflix.com/title/80107103<br>https://apps.apple.com/cz/app/id6755365206<br>https://play.google.com/store/apps/details?id=cz.csfd.csfdroid<br>;;
365505;Bosch;2014;84.12629286880784;;https://image.pmgstatic.com/cache/resized/w420/files/images/film/posters/166/241/166241250_18f5ca.jpg;https://www.csfd.cz/film/365505-bosch/;USA;Krimi / Drama;Bosch;Hieronymus „Harry“ Bosch (Titus Welliver) je v drsném a špinavém podsvětí Los Angeles jako doma. Zkušený a ostřílený detektiv dře dnem i nocí, aby odhalil a dopadl nebezpečné kriminálníky bez ohledu na to, jak moc jsou podlí nebo jak dobré mají konexe. Bosch se řídí heslem „buď záleží na každém, nebo nezáleží na nikom“. A proto opakovaně naráží na chyby systému, který umožňuje lidem s černým svědomím, jako jsou Raynard Waits, Veronica Allenová, nebo dokonce policejní komisař Los Angeles, proklouznout mezerami mezi nedokonalými právními předpisy. Na druhou stranu ubohé oběti zločinů, mezi nimi i Boschova vlastní matka, prostitutka, se kvůli nim nikdy nedočkají spravedlnosti… Bosch a jeho všemi respektovaný parťák Jerry Edgar (Jamie Hector) pracují pod velením poručíka Grace Billetsové (Amy Aquino), schopné a soucitné policistky, jež se ke svému velkému zklamání už několikrát nedočkala zaslouženého povýšení. Billetsová má pochopení pro Boschovo odhodlání nastolit spravedlnost za každou cenu, a když je potřeba, leccos mu odpustí. Oblíbenec celého Los Angeles a současný náčelník policie Irvin Irving (Lance Reddick) se s nejlepším detektivem z oddělení vražd zná už hodně dlouho, ale ne vždy schvaluje Boschovy pracovní metody – zvlášť pokud jdou proti jeho vlastním zájmům. Zdaleka nejvíce si však Bosch rozumí se svou dcerou Maddie (Madison Lintzová), studentkou univerzity, která by se ráda jednoho dne stala právní zástupkyní. V Boschově životě hraje velkou roli také metropole Los Angeles – ať už jde o jeho ikonický dům z padesátých let, který stojí v Hollywood Hills vysoko nad světly velkoměsta, nebo oblíbená místa, jako je mexická restaurace El Compadre, Hotel Ace a lanová dráha Angels Flight. Bosch zná L. A. jako své vlastní boty, možná ještě lépe! (TV Prima);Na VOD od 06.02.2014 Prime Video (Season 1);podle knihy, muž, láska, žena, rodina, smrt, vražda, násilí, dívka, tajemství, otec, děti, matka, rodiče, policie, mládež, manželé, město, záhady, dcera, touha, syn, útěk, chlapec, zbraně, vyšetřování, vrah, ženy, pátrání, cestování, vzpomínky, pomsta, sourozenci, peníze, politika, vojáci, manipulace, dospívání, lež, intriky, pronásledování, putování, sny, rivalita, drogy, zločin, kolegové, nevěra, únos, zrada, vězení, souboje, vášeň, podvod, mrtvola, les, bratři, moře, dům, bolest, detektiv, kriminalita, divočina, smutek, gangsteři, trauma, mafie, nenávist, gang, dilema, tragédie, armáda, naděje, podsvětí (svět zločinu), zabijáci, žárlivost, sériový vrah, soud, milostný trojúhelník, zranění, agenti, hory, nespravedlnost, voda, rvačka, lodě, střelné zbraně, psychopat, šílenství, zoufalství, manželství, rozchod, krutost, korupce, chudoba, oceán, pocit viny, přepadení, chamtivost, právníci, znásilnění, vydírání, politik, výslech, prostituce, přestřelka, střelba, prostitutka, posedlost, hádka, křivé obvinění, milenka, rozvod, cizinec (někdo ze zahraničí), rukojmí, bar, letadla, nájemný vrah, příroda, obchod (prodejní místo), sledování, závist, pochyby, svědek, korporace, restaurace, iluze, pohřeb, bohatství, hospoda, svědectví, pobřeží, policejní stanice, sexuální obtěžování, spravedlnost, cizinec (neznámý člověk), podezření, pašování, milenec, sociopat, místo činu, zajatci, bodné zbraně, pokus o vraždu, Kalifornie, sečné zbraně, Los Angeles, odpuštění, sexuální zneužívání, noční klub, FBI, soudce, vyhrožování, poprava, Mexiko, past, zatčení, nůž, auta, hřbitov, válečný veterán, obchod (transakční), trest smrti, samopal, byt, úplatky, vyjednávání, puška, podezření z vraždy, drogový kartel, trest, volby, jazz, sexuální násilí, veteráni, letiště, stalking, pohřešování, sniper, brokovnice, nevěstinec, válečné zločiny, uprchlý trestanec, přístav, starosta, útěk z vězení, výkupné, skrytá kamera, podezřelý na útěku, odposlech, podezření z nevěry, heroin, kampaň, Úřad pro potírání drog (DEA), pokus o atentát, hrob, státní zástupce, pokus o znásilnění, sexuální průmysl, sexuální transakce, Krymská válka;7.0;68.0;Alex Zakrzewski, Ernest R. Dickerson, Patrick Cady;Titus Welliver, Jamie Hector, Amy Aquino, Lance Reddick, Madison Lintz, Mimi Rogers, Paul Calderon, Sarah Clarke, Troy Evans, Gregory Scott Cummins;Michael Connelly;https://apps.apple.com/cz/app/id6755365206<br>https://play.google.com/store/apps/details?id=cz.csfd.csfdroid<br>;The Saturn Awards (4x)<br>;
339298;Jízlivě tvůj;2013;84.29101707498144;;https://image.pmgstatic.com/cache/resized/w420/files/images/film/posters/162/946/162946763_f3e0b2.jpg;https://www.csfd.cz/film/339298-jizlive-tvuj/;Velká Británie;Komedie;Vicious;Co se škádlívá, rádo se mívá. Britský komediální seriál, jehož středobodem jsou dva stárnoucí gayové, kteří po osmačtyřiceti letech společného života tráví čas neustálým hašteřením (anglický výraz bitching to vystihuje mnohem lépe). Freddie (Ian McKellen) býval a stále je nepříliš známý herec, Stuart (Derek Jacobi) pracoval jako barman. Ansámbl doplňuje kamarádka Violet (Frances de la Tourová), která absolutně odmítá brát na vědomí svůj věk a nový soused v domě Ash (Iwan Rheon), mladík, který obrátí všem zúčastněným život naruby. Vedle výborně napsaného scénáře je hlavní devízou seriálu samozřejmě herecké obsazení, kdy především představitelé ústřední dvojice Ian McKellen a Derek Jacobi předvádějí – uchýlíme-li se k oblíbenému klišé, které je zde ale zcela na místě – doslova herecký koncert. (Česká televize);;láska, přátelství, gay, stáří, sousedi, britcom;2.0;14.0;Ed Bye, Ben Kellett;Ian McKellen, Derek Jacobi, Frances de la Tour, Iwan Rheon, Marcia Warren, Philip Voss, Deborah Rosan, Michael Cochrane, Georgina Beedle, James Greene;;http://www.ceskatelevize.cz<br>http://www.ceskatelevize.cz<br>https://apps.apple.com/cz/app/id6755365206<br>https://play.google.com/store/apps/details?id=cz.csfd.csfdroid<br>;;
1109804;Spy × Family;2022;85.01449275362319;;https://image.pmgstatic.com/cache/resized/w420/files/images/film/posters/166/120/166120779_dd8cb1.jpg;https://www.csfd.cz/film/1109804-spy-x-family/;Japonsko;Animovaný / Akční / Komedie / Thriller;スパイファミリー;"Pro agenta známého jako ""Twilight"" není žádný rozkaz nesplnitelný a žádná mise příliš těžká, přeci jen jde v jeho práci o světový mír. Twilight je totiž nejlepší špión země jménem Westalis a neúnavně pracuje na tom, aby zabránil extremistům rozpoutat válku se sousední zemí Ostania. V rámci své nejnovější mise se musí dostat do blízkosti ostanského politika Donovana Desmonda. Ten si však potrpí na tradiční rodinné hodnoty a prakticky jediní, s kým se stýká, jsou rodiče přátel jeho syna, což jsou především spolužáci z elitní Eden Academy. Agent tedy čelí nejtěžšímu úkolu své kariéry: najít manželku, sehnat dítě, které se dostane na Eden Academy a pak si před Desmondem hrát na šťastnou rodinu. Twilight, nyní pod aliasem „Loid Forger“, rychle adoptuje nenáročného sirotka Anju, aby ztvárnila roli šestileté dcery a budoucí studentky Eden Academy. Jako manželku si nakonec vybere Yor Briar, roztržitou kancelářskou pracovnici, která hledá falešného partnera, aby udělala dojem na své přátele. Loid však není jediný, kdo před světem něco skrývá. Yor totiž po nocích pracuje jako nájemný zabiják, a tak pro ni manželství s Loidem vytváří dokonalé krytí, protože kdo by podezříval hodnou manželku a matku. Navíc ani Anja není obyčejná dívka, jak by se mohlo na první pohled zdát; je to esper, produkt tajných vládních experimentů, se schopností číst myšlenky, které se před nedávnem podařilo utéct z laboratoře, ovšem protože je dítě, skončila v sirotčinci. Díky svým schopnostem zná dívka skutečnou identitu svých fiktivních rodičů a je nadšená, že její noví rodiče jsou cool tajní agenti! Nikdy by jim to samozřejmě neřekla, to by zkazilo zábavu. A tak vzniká na první pohled obyčejná rodina Forgerových, kde však pod jednou střechou bydlí špión, nájemná vražedkyně a esper, všichni snažící se před ostatními utajit svou skutečnou identitu, ale zároveň dál plnit všechny své úkoly a mise. A tak i když tito lháři, podvodníci a zabijáci jen plní své role, stejně časem zjišťují, že rodina je mnohem víc, než jen pokrevní pouto… (Jeoffrey)";V TV od 09.04.2022 TV Tokyo;rodina, dcera, anime, škola, agenti, špioni;3.0;50.0;Kazuhiro Furuhaši, Tacujuki Nagai, Tošifumi Akai;Takuja Eguči, Acumi Tanezaki, Saori Hajami, Hirojuki Jošino, Júko Kaida, Kazuhiro Jamadži, Acuši Ono, Marie Ói, Júdži Murai, Taisuke Nakano;Tacuja Endó;https://www.netflix.com/title/81511410<br>https://www.youtube.com/watch?v=jekMirw82Kw&t=2s<br>https://www.netflix.com/title/81511410<br>https://apps.apple.com/cz/app/id6755365206<br>https://play.google.com/store/apps/details?id=cz.csfd.csfdroid<br>;;
1530062;Běžné vedlejší účinky;2024;85.74031890660592;;https://image.pmgstatic.com/cache/resized/w420/files/images/film/posters/169/790/169790208_p3p9r5.jpg;https://www.csfd.cz/film/1530062-bezne-vedlejsi-ucinky/;USA;Animovaný / Komedie / Drama / Thriller;Common Side Effects;Bývalí spolužáci Marshall a Frances odhalí zlověstnou konspiraci, která má zničit houbu, jež dokáže vyléčit všechny nemoci světa. (Max);V TV od 02.02.2025 Adult Swim;;2.0;20.0;Joe Bennett, Sean Buckelew;Dave King, Emily Pendergast, Joseph Lee Anderson, Mike Judge, Martha Kelly;;https://www.hbomax.com/cz/en/shows/common-side-effects/eaa21376-a54d-4245-95d6-a86dce6313c8<br>https://www.hbomax.com/cz/en/shows/common-side-effects/eaa21376-a54d-4245-95d6-a86dce6313c8<br>https://apps.apple.com/cz/app/id6755365206<br>https://play.google.com/store/apps/details?id=cz.csfd.csfdroid<br>;Independent Spirit Awards (1x)<br>;
194413;Battlestar Galactica;2004;83.54390606912519;;https://image.pmgstatic.com/cache/resized/w420/files/images/film/posters/169/444/169444355_j3svqa.jpg;https://www.csfd.cz/film/194413-battlestar-galactica/;USA / Velká Británie;Sci-Fi / Akční / Dobrodružný / Drama;Battlestar Galactica;Cyloni byli stvořeni lidmi. Povstali proti nim. Vyvinuli se. Vypadají a cítí jako lidé. Někteří jsou naprogramováni, aby si mysleli, že lidmi jsou. Existují v mnoha kopiích. A mají plán. Vesmírná loď Galactica v čele pronásledované flotily, která se po útoku Cylonů na lidské vesmírné kolonie vydává za novou nadějí a domovem - bájnou 13. kolonií zvanou Země. (berg.12);Na DVD od 24.02.2009 North Video;láska, vražda, tajemství, útěk, zbraně, vojáci, manipulace, putování, doktoři, válka, těhotenství, vědci, vesmír, bitva, roboti, odboj, vesmírná loď, apokalypsa, piloti, záměna identit, genocida, androidi, space opera, vojenská vzpoura;4.0;73.0;Michael Rymer, Sergio Mimica-Gezzan, Jonas Pate;Edward James Olmos, Mary McDonnell, Jamie Bamber, James Callis, Grace Park, Tricia Helfer, Katee Sackhoff, Aaron Douglas, Michael Hogan, Tahmoh Penikett;;https://www.skyshowtime.com/cz/stream/tv/battlestar-galactica-2004/55dd24b2-3f4d-398f-a689-267254d2fd78<br>https://www.skyshowtime.com/cz/stream/tv/battlestar-galactica-2004/55dd24b2-3f4d-398f-a689-267254d2fd78<br>https://apps.apple.com/cz/app/id6755365206<br>https://play.google.com/store/apps/details?id=cz.csfd.csfdroid<br>;The Saturn Awards (10x)<br>;The Saturn Awards (6x)<br>
136541;Odkaz budoucnosti aneb Podivuhodná dobrodružství rodiny Smolíkovy;1968;83.54587562826451;;https://image.pmgstatic.com/cache/resized/w420/files/images/film/posters/162/078/162078617_4a622a.jpg;https://www.csfd.cz/film/136541-odkaz-budoucnosti-aneb-podivuhodna-dobrodruzstvi-rodiny-smolikovy/;Maďarsko;Animovaný / Sci-Fi / Rodinný;Smolíkovi;Smolíkovi jsou obyčejná rodinka z maďarské Budapešti, která žije běžný život… Dokud se ovšem jejich geniálnímu synkovi nepodaří navázat kontakt se svým potomkem z 33. století! Tím se všechno mění. Zdánlivě banální problémy Smolíkových se komplikují o to víc, že jim z budoucnosti dorazí „na pomoc“ vynálezy, na které není v 70. letech 20. století lidstvo připraveno – a Smolíkovi už vůbec ne… Nepomáhá ani to, že se do jejich patálií často připlete zvědavý soused Halíř. A tak si Smolíkovi musí poradit s urychlovačem výroby, usměrňovačem času, létajícím talířem, nebo dokonce meteoromutomotorem. (TV Prima);V TV od 11.01.1970 MTV1;rodina, manželé, sourozenci, dům, sousedi, výlet, budoucnost, roboti, závist;0.0;13.0;József Nepp;Endre Harkányi, Ilona Győri, Margit Földessy, Attila Némethy, Nándor Tomanek, Rudolf Somogyvári, István Egresi, Miklós Szakáts, Imre Surányi, Alfonzó;;https://apps.apple.com/cz/app/id6755365206<br>https://play.google.com/store/apps/details?id=cz.csfd.csfdroid<br>;;
174065;Pohádky o mašinkách;1985;83.76273843741835;;https://image.pmgstatic.com/cache/resized/w420/files/images/film/posters/158/562/158562049_aed2f4.jpg;https://www.csfd.cz/film/174065-pohadky-o-masinkach/;Československo;Animovaný / Pohádka;;Na Smíchovském nádraží je přednostou stanice přísný a pyšný nejvyšší pan železničář. Touží po největší mašince na světě, kterou dokáže sestrojit pouze obávaný černokněžník Zababa. K němu se ale dostanou jenom ti, kteří umí za úplňku kouzelným slovem přehodit výhybku na tajnou kolej… (Česká televize);V TV od 25.10.1987 Československá televize;vlak, večerníček, čarodějové;0.0;10.0;Eduard Hofman;Vladimír Ráž;;https://www.ceskatelevize.cz/porady/898450-pohadky-o-masinkach?utm_source=csfd&utm_medium=section_vod&utm_campaign=link<br>http://www.ceskatelevize.cz<br>https://www.ceskatelevize.cz/porady/898450-pohadky-o-masinkach?utm_source=csfd&utm_medium=section_vod&utm_campaign=link<br>https://apps.apple.com/cz/app/id6755365206<br>https://play.google.com/store/apps/details?id=cz.csfd.csfdroid<br>;;
132981;Father Ted;1995;83.7769020915429;;https://image.pmgstatic.com/cache/resized/w420/files/images/film/posters/170/122/170122531_n9m52n.jpg;https://www.csfd.cz/film/132981-father-ted/;Velká Británie / Irsko;Komedie;;Další ze zajímavých novodobých britských sitkomů. Zachycuje útrapy obyvatel jedné bohem zapomenuté farnosti kdesi na ostrůvku kousek od pobřeží Irska. Smolař otec Ted se musí, vedle poněkud svérázných církevních návštěv, potýkat i s vrtochy svých spolubojovníků za svátost boží - s natvrdlým otcem Dougalem a věčně v lihu naloženým otcem Jackem. (Ruut);;britcom;3.0;25.0;Andy De Emmony, Declan Lowney;Dermot Morgan, Ardal O'Hanlon, Frank Kelly, Pauline McLynn, Stephen Kennedy, Ben Keaton, Mark Doherty, Stephen Tompkinson, Richard Wilson, Brian Eno;;https://apps.apple.com/cz/app/id6755365206<br>https://play.google.com/store/apps/details?id=cz.csfd.csfdroid<br>;;
