idCsfd;sTitle;iYear;iRating;iRuntime;urlPoster;urlCsfd;sCountry;sGenre;sTitle_EN;sStory;sCopyright;sTags;sDirector;sActor;sPlatforms;sNominated;sWinner;sAuthor
6741;Lví král;1994;86.5451922872961;89.0;https://image.pmgstatic.com/cache/resized/w420/files/images/film/posters/160/858/160858956_0f7846.jpg;https://www.csfd.cz/film/6741-lvi-kral/;USA;Animovaný / Dobrodružný / Drama / Rodinný / Muzikál;The Lion King;Zdivočelé stádo hnané na Scarův příkaz potměšilými hyenami by bezbranného Simbu určitě zadupalo do země, kdyby jej nezachránil jeho otec Mufasa. Při zoufalé záchraně však zahyne. Protřelému Scarovi pak nedá moc práce přesvědčit vyděšeného Simbu, že je zodpovědný za otcovu smrt a měl by neodkladně uprchnout! A tak se Scar se svojí suitou konečně dostane k moci - zatímco Simba si najde nové zvířecí přátele Pumbu a Timona, s nimiž v duchu bezstarostné filozofie Hakuna Matata vyroste do majestátní lví podoby. Ale země jeho otce strádá, královská krev se nezapře a kdesi na hvězdné obloze si Mufasa hluboce oddychl, když probuzený Simba razantně vyrazil v jeho královské stopě...;24.06.1994 Buena Vista Pictures US;láska, smrt, přátelství, vražda, otec, zvířata, dospívání, lež, zrada, Afrika, král, džungle, odpuštění, opice, prasata, lvi, hyeny, surikaty;Roger Allers, Rob Minkoff;Matthew Broderick, Jeremy Irons, James Earl Jones, Moira Kelly, Nathan Lane, Ernie Sabella, Jonathan Taylor Thomas, Robert Guillaume, Rowan Atkinson, Madge Sinclair;https://srv.tunefindforfans.com/showads/track/srvclk.php?aid=100006796&lp=https://www.disneyplus.com/en-cz/browse/entity-a3ae7371-39a5-4c0b-a1f2-29a70b372848<br>https://srv.clickfuse.com/ads/adclkr.php?id=100006636&url=https://tv.apple.com/cz/movie/the-lion-king/umc.cmc.hzw12vgjjoz0tf0jn5m0x8i4<br>/novinky/8431-disney100-koncert/<br>/novinky/8431-disney100-koncert/<br>/novinky/8431-disney100-koncert/<br>https://srv.tunefindforfans.com/showads/track/srvclk.php?aid=100006796&lp=https://www.disneyplus.com/en-cz/browse/entity-a3ae7371-39a5-4c0b-a1f2-29a70b372848<br>https://srv.clickfuse.com/ads/adclkr.php?id=100006636&url=https://tv.apple.com/cz/movie/the-lion-king/umc.cmc.hzw12vgjjoz0tf0jn5m0x8i4<br>https://apps.apple.com/cz/app/id6755365206<br>https://play.google.com/store/apps/details?id=cz.csfd.csfdroid<br>;Academy Awards (2x)<br>British Academy of Film and Television Arts (BAFTA) (2x)<br>Amanda Awards (1x)<br>Golden Globes (1x)<br>The Saturn Awards (3x)<br>;Academy Awards (2x)<br>Golden Globes (3x)<br>Los Angeles Film Critics Association Awards (1x)<br>;
83776;Sněhurka a sedm trpaslíků;1937;86.55174943152645;83.0;https://image.pmgstatic.com/cache/resized/w420/files/images/film/posters/163/185/163185902_3ec7bb.jpg;https://www.csfd.cz/film/83776-snehurka-a-sedm-trpasliku/;USA;Animovaný / Rodinný / Romantický / Muzikál / Pohádka;Snow White and the Seven Dwarfs;Sněhurka a sedm trpaslíků je prvním celovečerním animovaným příběhem, který byl kdy natočen. Sněhurka, za kterou získalo studio Walt Disney i svého prvního Oscara, započala tradici legendární Disneyovské rodinné zábavy, která se vyznačuje osobitým kouzlem, dobrou stavbou příběhu a bezvýhradně špičkovou animací. Příběh, ve kterém se mísí pohádkové kouzlo, dechberoucí napětí a neobyčejná odvaha, začíná jak jinak u kouzelného zrcadla. Kdo je na světě nejkrásnější? Zlá královna se dozvídá, že její půvab daleko převyšuje nevlastní dcera, Sněhurka. Proto se jí chce zbavit. Na útěku před nenávistí narazí Sněhurka na chaloupku, ve které žije sedm roztomilých trpaslíků Šmudla, Prófa, Štístko, Kejchal, Stydlín, Dřímal a nabručený Rejpal. Vzájemné setkání změní osudy každého z nich.;16.09.1938;láska, přátelství, přátelé, zvířata, podvod, les, zpěv, kouzla, podle povídky, královna, přání, lovci, trpaslíci, zrcadlo, Sněhurka, Disney Princess;David Hand;Roy Atwell, Stuart Buchanan, Adriana Caselotti, Pinto Colvig, Billy Gilbert, Otis Harlan, Moroni Olsen, Eddie Collins, Scotty Mattraw, Lucille La Verne;/tvurce/3426-walt-disney/prehled/<br>https://srv.tunefindforfans.com/showads/track/srvclk.php?aid=100006796&lp=https://www.disneyplus.com/en-cz/browse/entity-f51f7e6c-2d9a-443c-9831-f3cc22e822b4<br>/tvurce/3426-walt-disney/prehled/<br>/tvurce/3426-walt-disney/prehled/<br>/tvurce/3426-walt-disney/prehled/<br>/novinky/9360-hrana-snehurka-od-disneyho-miri-k-obrovskemu-propadaku/<br>/novinky/9360-hrana-snehurka-od-disneyho-miri-k-obrovskemu-propadaku/<br>/novinky/9360-hrana-snehurka-od-disneyho-miri-k-obrovskemu-propadaku/<br>/novinky/9345-u-disneyho-se-boji-reakci-na-novou-snehurku/<br>/novinky/9345-u-disneyho-se-boji-reakci-na-novou-snehurku/<br>/novinky/9345-u-disneyho-se-boji-reakci-na-novou-snehurku/<br>https://srv.tunefindforfans.com/showads/track/srvclk.php?aid=100006796&lp=https://www.disneyplus.com/en-cz/browse/entity-f51f7e6c-2d9a-443c-9831-f3cc22e822b4<br>/tag/1764-disney-princess/<br>https://apps.apple.com/cz/app/id6755365206<br>https://play.google.com/store/apps/details?id=cz.csfd.csfdroid<br>;Academy Awards (1x)<br>The Saturn Awards (1x)<br>Venice Film Festival (1x)<br>;Academy Awards (1x)<br>New York Film Critics Circle Awards (1x)<br>The Saturn Awards (1x)<br>;Jacob Grimm, Wilhelm Grimm
2428;Zpívání v dešti;1952;86.09828943795819;103.0;https://image.pmgstatic.com/cache/resized/w420/files/images/film/posters/162/885/162885329_485c5f.png;https://www.csfd.cz/film/2428-zpivani-v-desti/;USA;Muzikál / Romantický / Komedie;Singin' in the Rain;Jeden z nejlepších muzikálů, které kdy spatřily stříbro plátna, je zároveň výtečnou romantickou komedií, hravou satirou na Hollywood 20. let i mimoděčnou historickou lekcí o jedné z klíčových etap vývoje kinematografie. Hvězdy němé éry se ocitají v osidlech lásky a zvukového filmu a s obojím se vyrovnávají vtipně, vynalézavě a s grácií. A navíc jaksi mimochodem vynaleznou i dabing. (AČFK);27.03.1952 Metro-Goldwyn-Mayer (MGM);muž, láska, žena, přátelství, přátelé, 20. století, tajemství, němý film, peníze, umění, lež, hudba, podvod, sláva, tanec, zpěv, herci, filmařské zákulisí, období 1910-1920, závist, období 1920-1930, Hollywood, déšť;Stanley Donen, Gene Kelly;Gene Kelly, Donald O'Connor, Debbie Reynolds, Jean Hagen, Cyd Charisse, Douglas Fowley, Millard Mitchell, Rita Moreno, Mae Clarke, Bobby Watson;https://srv.clickfuse.com/ads/adclkr.php?id=100006636&url=https://tv.apple.com/cz/movie/singin-in-the-rain/umc.cmc.4y40uv6tngxx1wfrh78p8yzft<br>https://www.youtube.com/watch?v=HQSXEIMW6Xo<br>https://srv.clickfuse.com/ads/adclkr.php?id=100006636&url=https://tv.apple.com/cz/movie/singin-in-the-rain/umc.cmc.4y40uv6tngxx1wfrh78p8yzft<br>https://www.youtube.com/watch?v=HQSXEIMW6Xo<br>https://apps.apple.com/cz/app/id6755365206<br>https://play.google.com/store/apps/details?id=cz.csfd.csfdroid<br>;Academy Awards (2x)<br>British Academy of Film and Television Arts (BAFTA) (1x)<br>Golden Globes (1x)<br>;Golden Globes (1x)<br>;
5991;Limonádový Joe aneb Koňská opera;1964;86.0020647825526;95.0;https://image.pmgstatic.com/cache/resized/w420/files/images/film/posters/162/885/162885324_2e60c4.png;https://www.csfd.cz/film/5991-limonadovy-joe-aneb-konska-opera/;Československo;Komedie / Muzikál / Western / Dobrodružný;Limonádový Joe aneb Koňská opera;"Jedna z nejslavnějších a nejoblíbenějších českých filmových komedií, kde správní muži pijí pouze kolalokovu lihuprostou limonádu a zákon má podobu pistolníka, vybaveného přesnou muškou, zářivým úsměvem a lahodným tenorem. V Trigger Whisky Saloonu, který stojí v malém městečku Stetson City kdesi na Divokém západě, se strhne rvačka. Majitel podniku Doug Badman uklidní rozvášněné pistolníky vystoupením ""famósní arizonské pěnice"" Tornado Lou, která zazpívá píseň o šampiónu svého srdce. Ve chvíli, kdy se pistolník Grimpo chystá vypít svého oblíbeného ""supercloumáka"", objeví se v saloonu pan Goodman s dcerou Winnifred, kteří se snaží pomocí letáků a písně odvrátit pistolníky od pití alkoholických nápojů. Jedinou odpovědí jim jsou urážky. Tu se však v saloonu objeví sličný kovboj v bělostném oděvu a poručí si sklenici kolalokovy limonády. Potom hravě donutí Grimpa, aby se omluvil půvabné Winifred a než odjede, stačí ještě zlikvidovat bandu bankovních lupičů a probudit v srdcích Winnifred i Tornado Lou hlubokou lásku. Zanedlouho se Trigger Whisky Saloon ocitne na pokraji bankrotu, protože pistolníci popíjejí kolalokovu limonádu v sousedství, kde pan Goodman otevřel nealkoholický bar. Jenže na scéně se objeví Badmanův bratr Horác, padouch známý pod jménem Hogofogo. Ten přetáhne pistolníky zpět k whisky a zmocní se Winnifred. Limonádový Joe vše vidí díky zrcadlení vzduchu, tzv. Fata Morganě, a dívku zachrání. Vyzná jí lásku a pak se vydá zachránit podnik jejího otce před zánikem. Hravě si poradí s pistolníky, ale podlehne zákeřné léčce, kdy je mu ve sklenici kolalokovy limonády podstrčena lihovina. Kdo se však posupně směje, směje se předčasně, protože ani takové drobnosti, jako je dvojitý průstřel srdce, nemohou bělostného hrdinu rozházet.";V TV od 25.02.1967 Československá televize;podle knihy, podle divadelní hry, parodie, Divoký západ, tónovaný film;Oldřich Lipský;Karel Fiala, Miloš Kopecký, Květa Fialová, Olga Schoberová, Rudolf Deyl ml., Bohuš Záhorský, Josef Hlinomaz, Karel Effa, Waldemar Matuška, Eman Fiala;https://apps.apple.com/cz/app/id6755365206<br>https://play.google.com/store/apps/details?id=cz.csfd.csfdroid<br>;San Sebastián International Film Festival (1x)<br>;San Sebastián International Film Festival (1x)<br>;Jiří Brdečka
7123;Pink Floyd: The Wall;1982;85.973562736047;95.0;https://image.pmgstatic.com/cache/resized/w420/files/images/film/posters/162/554/162554739_2f6e6e.jpg;https://www.csfd.cz/film/7123-pink-floyd-the-wall/;Velká Británie;Drama / Hudební / Muzikál / Animovaný / Fantasy;Pink Floyd: The Wall;"Je zamčený v pokoji jakéhosi losangelského hotelu a hlavou mu táhnou klíčové okamžiky jeho života. Rocková hvězda Pink, na jehož koncert se už možná kdesi venku scházejí tisíce fanoušků. Sedí tu a utápí se v děsivých představách a vizích. Scény represí a lidské agresivity se střídají s frustrujícími vzpomínkami na dětství bez otce, zato s přehnaně ochranitelskou matkou, na školu, pokoušející se všechny semlít do jedné beztvaré, nemyslící masy, na ženu, která jej zradila. Sedí tu, obehnán pomyslnou ochrannou zdí, kterou si kolem sebe kdysi vybudoval, a neví jak dál. Kultovní snímek ""Pink Floyd: The Wall"" je jedním z mála filmových děl, experimentujících s ryze hudební látkou. Po úspěchu jevištního zpracování dvojalba populární skupiny Pink Floyd se režie celovečerního filmu ujal Alan Parker (Sláva, Hořící Mississippi, Evita atd.), který se tu poetice hudebního tvaru přiblížil v kinematografických dějinách zcela ojedinělým způsobem. Podle scénáře vůdčího ducha skupiny Rogera Waterse vznikl film, jenž je tříští symbolických obrazů a animovaných sekvencí, volně spojených písněmi a situací fiktivní hlavní postavy. Film, který je nadčasovým vyprávěním o osamělosti člověka i o nejrůznějších zdech, jež si kolem sebe stavíme.";08.06.1995 Lucernafilm;20. století, období 1940-1950, 2. světová válka, vojáci, manipulace, hudba, nevěra, soud, nacisté, šikana, vlak, koncert, deprese, letadla, základní škola, halucinace, diktátor, protiválečný;Alan Parker;Bob Geldof, Bob Hoskins, Joanne Whalley, Kevin McKeon, Phil Davis, Roger Waters, Jenny Wright, Alex McAvoy, Nell Campbell, Eddie Tagoe;https://apps.apple.com/cz/app/id6755365206<br>https://play.google.com/store/apps/details?id=cz.csfd.csfdroid<br>;The Saturn Awards (1x)<br>;British Academy of Film and Television Arts (BAFTA) (2x)<br>;
9802;Ghosts;1996;86.31897203325775;38.0;https://image.pmgstatic.com/cache/resized/w420/files/images/film/posters/000/009/9230_8721e6.jpg;https://www.csfd.cz/film/9802-ghosts/;USA;Krátkometrážní / Hudební / Horor / Muzikál;Michael Jackson's Ghosts;40minutový muzikál, ve kterém hraje Michael hned několik rolí sám. Využívá k tomu speciální make up a speciální efekty, mění hlas. Film Ghosts byl i kritiky přijat jako film, který mění zaběhnuté standardy ve filmové práci. Děj: Maestro žije v Normálním údolí a nikomu neubližuje. Nelíbí se ale místnímu starostovi, který ho chce s pomocí lidí z vesnice vyhnat. Nakonec se starosta a Maestro domluví, že kdo dřív uteče, odejde. Film vlastně satiricky ukazuje Michaelův život v posledních letech. Je plný duchů, strašidel a velmi zvláštních situací. (bublajsa);;strach, monstra, tanec, duchové, maska;Stan Winston;Michael Jackson, Stan Winston, Yasiin Bey, Michael Gregory, Stanley Dyrector, Edwina Moore, Seth Smith, Mike Smithson;https://apps.apple.com/cz/app/id6755365206<br>https://play.google.com/store/apps/details?id=cz.csfd.csfdroid<br>;;;
1837;My Fair Lady;1964;85.18152341466008;170.0;https://image.pmgstatic.com/cache/resized/w420/files/images/film/posters/164/948/164948556_eb93de.jpg;https://www.csfd.cz/film/1837-my-fair-lady/;USA;Komedie / Drama / Muzikál / Romantický;My Fair Lady;"Slavný film George Cukora My Fair Lady, ověnčený v roce 1964 celkem osmi Oscary, vychází z úspěšného broadwayského muzikálu, inspirovaného hrou anglického dramatika a mistra chytrého humoru G. B. Shawa ""Pygmalion"" (tato hra se poprvé ocitla na filmovém plátně již v roce 1938). Příběh květinářky Lízy Doolittleové a profesora Henryho Higginse, který se vsadí, že z prostého chudého děvčete udělá pravou dámu, splnil očekávání producentů a brzy po svém uvedení vydělal dvojnásobek výrobních nákladů ve výši 17 milionů dolarů. Oproti originální předloze se tu dočkáme i tolik žádaného šťastného konce. Rex Harrison si svoji úlohu zahrál již na Broadwayi a později v Londýně, zatímco Audrey Hepburnová vystřídala na přání producenta broadwayskou divadelní hvězdu Julii Andrewsovou. Pro tu bylo jistě satisfakcí oscarové ocenění téhož roku za hlavní roli v muzikálu Mary Poppins, když její sokyně vyšla naprázdno. Přestože je ve zpívaných pasážích Audrey Hepburnová dabována, přispěl její křehký půvab, uvolněnost a smysl pro muzikálové herectví k úspěchu snímku, který dodnes učí další generace, v čem je podstata kvalitního scénického provedení muzikálu. Bohatá výprava a kostýmy, krásné melodie a vynikající herecké výkony a navíc nově restaurovaná kopie – to vše činí z tohoto filmu ojedinělý sváteční zážitek. (Česká televize)";25.12.1964 Warner Bros. US;láska, žena, přátelství, přátelé, 20. století, podle divadelní hry, období 1910-1920, ples;George Cukor;Audrey Hepburn, Rex Harrison, Stanley Holloway, Wilfrid Hyde-White, Gladys Cooper, Jeremy Brett, Theodore Bikel, Bill Shirley, Alan Napier, Monika Henreid;/tvurce/94904-mona-washbourne/prehled/<br>http://www.ceskatelevize.cz<br>http://www.ceskatelevize.cz<br>https://apps.apple.com/cz/app/id6755365206<br>https://play.google.com/store/apps/details?id=cz.csfd.csfdroid<br>;Academy Awards (4x)<br>British Academy of Film and Television Arts (BAFTA) (1x)<br>Golden Globes (2x)<br>New York Film Critics Circle Awards (2x)<br>;Academy Awards (8x)<br>British Academy of Film and Television Arts (BAFTA) (1x)<br>Golden Globes (3x)<br>New York Film Critics Circle Awards (2x)<br>;
2974;Vlasy;1979;84.4638496875388;121.0;https://image.pmgstatic.com/cache/resized/w420/files/images/film/posters/162/885/162885328_8c0675.png;https://www.csfd.cz/film/2974-vlasy/;USA / Západní Německo;Muzikál / Komedie / Drama;Hair;Vlasy, jeden z nejvýznamnějších muzikálů druhé poloviny 20. století, zaujal bezpochyby Miloše Formana nejen nabízející se možností natočit výpravný film s choreografickými čísly, moderní hudbou a provokujícími texty, ale především svými přesahy za obvyklé hranice muzikálového žánru. V době svého vzniku byly Vlasy dílem politickým a vyhroceně sociálněkritickým, odsuzujícím válku ve Vietnamu a maloměšťáckou lhostejnost vůči této tragédii. A také dílem romantickým vzýval hippies a všechny formy jejich rebelie proti zbytnělému konzervatismu. Formanovi nečinilo žádné potíže najít si vztah k těmto ryze americkým tématům, vždyť jádrem tam byly problémy, na něž se soustřeďoval ve všech svých českých filmech: generační konflikt, naivní a čistá touha mládí po lásce a svobodě a rovněž protest proti konvencím a předsudkům, které tyto iluze bezcitně ničí. Ondříček měl tentokrát před kamerou daleko různorodější a temperamentnější reprezentanty mládí, než na jaké byl zvyklý doma, a také toho náležitě využil. Snímá je téměř nepřetržitě v akci a dynamickém pohybu, nevšímá si jen řeči tváře, ale celého těla, mladí muži a ženy v jeho podání jsou živelní a draví, strhující svou spontaneitou. Jistě i jeho zásluhou je tento film především nakažlivou oslavou vitality a radosti ze života.;01.05.1989 Ústřední půjčovna filmů;přátelství, vojáci, hudba, drogy, armáda, New York, tanec, svoboda, záměna identit, protestní hnutí, válka ve Vietnamu, marihuana, protiválečný, hippies, vojenská základna, demonstrace;Miloš Forman;John Savage, Treat Williams, Beverly D'Angelo, Annie Golden, Dorsey Wright, Don Dacus, Cheryl Barnes, Richard Bright, Nicholas Ray, Charlotte Rae;https://srv.clickfuse.com/ads/adclkr.php?id=100006636&url=https://tv.apple.com/cz/movie/hair/umc.cmc.2awpfh7xi8fha32hvag9xqz4m<br>https://www.youtube.com/watch?v=8KhNMFPjU3M<br>https://srv.clickfuse.com/ads/adclkr.php?id=100006636&url=https://tv.apple.com/cz/movie/hair/umc.cmc.2awpfh7xi8fha32hvag9xqz4m<br>https://www.youtube.com/watch?v=8KhNMFPjU3M<br>https://apps.apple.com/cz/app/id6755365206<br>https://play.google.com/store/apps/details?id=cz.csfd.csfdroid<br>;César Awards (1x)<br>Golden Globes (1x)<br>;;
194882;Mrtvá nevěsta Tima Burtona;2005;84.32569695641054;74.0;https://image.pmgstatic.com/cache/resized/w420/files/images/film/posters/158/603/158603200_c5c5de.jpg;https://www.csfd.cz/film/194882-mrtva-nevesta-tima-burtona/;Velká Británie / USA;Animovaný / Fantasy / Romantický / Muzikál;Mrtvá nevěsta;Děj animovaného příběhu se odehrává ve viktoriánské vesnici v 19. století a sleduje příběh Viktora, mladého muže vtaženého do podsvětí, kde je oženěn s tajemnou mrtvou nevěstou. Jeho skutečná nevěsta Viktorie na něj mezitím čeká ve skutečném světě. Přestože se život v Zemi mrtvých ukáže být mnohem barvitější, než jeho striktní viktoriánská výchova, dospěje Viktor k závěru, že v tomto ani v dalších světech neexistuje nic, co by ho udrželo odloučeného od jeho skutečné lásky...;21.10.2005 Warner Bros. UK;smrt, vražda, dívka, otec, matka, rodiče, manželé, město, dcera, syn, chlapec, únos, zrada, mrtvola, les, 19. století, svatba, kouzla, šlechta, snoubenci, kostel, stop motion animace, pavouci, kostlivci, podsvětí (mýtické sídlo mrtvých);Tim Burton, Mike Johnson;Johnny Depp, Helena Bonham Carter, Emily Watson, Albert Finney, Richard E. Grant, Christopher Lee, Joanna Lumley, Danny Elfman, Michael Gough, Tracey Ullman;https://srv.clickfuse.com/ads/adclkr.php?id=100006636&url=https://tv.apple.com/cz/movie/tim-burtons-corpse-bride/umc.cmc.5ikdb21mpr25v0ekvy4xtdhx<br>https://www.youtube.com/watch?v=JBoIXgqkhjA<br>https://srv.clickfuse.com/ads/adclkr.php?id=100006636&url=https://tv.apple.com/cz/movie/tim-burtons-corpse-bride/umc.cmc.5ikdb21mpr25v0ekvy4xtdhx<br>https://www.youtube.com/watch?v=JBoIXgqkhjA<br>https://apps.apple.com/cz/app/id6755365206<br>https://play.google.com/store/apps/details?id=cz.csfd.csfdroid<br>;Academy Awards (1x)<br>Critics Choice Awards (1x)<br>New York Film Critics Circle Awards (1x)<br>;The Saturn Awards (1x)<br>;
18252;Kráska a zvíře;1991;84.32767573432535;84.0;https://image.pmgstatic.com/cache/resized/w420/files/images/film/posters/000/015/15400_58adaf.jpg;https://www.csfd.cz/film/18252-kraska-a-zvire/;USA;Animovaný / Rodinný / Muzikál / Romantický;Beauty and the Beast;V dobách, kdy ještě pohádka byla skutečností, žil ve Francii krásný mladý princ, který ale byl pyšný a sobecký. Stará čarodějnice se ho rozhodla potrestat a proměnila ho v hrozné zvíře. Zželelo se jí však mladého života a dala princi ještě šanci na vysvobození: pokud se do něj zamiluje nějaká dívka, stane se opět člověkem. Uběhlo několik let. Ve vzdálené vesnici žil podivínský vynálezce Maurice, který měl překrásnou dceru - říkali jí Kráska. Myslel si na ni marnivý krasavec Gaston, ale Krásku zajímaly jen knihy. Jednou se vynálezce Maurice vydal na cesty a zabloudil do domu obludného zvířete. Aby se zachránil, musela za zvířetem přijít jeho dcera Kráska. Jak už to v pohádkách bývá, všechno dobře dopadne. Kráska se do zvířete zamiluje, princi se vrátí jeho původní podoba, napraví se a bude z něj dobrý a spravedlivý král.Kráska a zvíře byla jako vůbec první kreslený film v historii udílení Oscarů nominována na nejlepší film, oceněna byla Oscary za nejlepší píseň a nejlepší hudbu.;22.11.1991 Buena Vista Pictures US;podle knihy, láska, tajemství, monstra, čarodějnice, princ, hrad, prokletí, sobectví, 3D, Wilhelm scream, Disney Princess;Gary Trousdale, Kirk Wise;Paige O'Hara, Robby Benson, Jerry Orbach, David Ogden Stiers, Angela Lansbury, Bradley Pierce, Frank Welker, Bill Farmer, Rex Everhart, Kimmy Robertson;https://srv.tunefindforfans.com/showads/track/srvclk.php?aid=100006796&lp=https://www.disneyplus.com/en-cz/browse/entity-97babebc-7013-455a-b377-aa3d7a6e79c1<br>/novinky/9671-disney-chysta-hrany-film-o-dalsim-kreslenem-zaporakovi/<br>/novinky/9671-disney-chysta-hrany-film-o-dalsim-kreslenem-zaporakovi/<br>/novinky/9671-disney-chysta-hrany-film-o-dalsim-kreslenem-zaporakovi/<br>/novinky/8431-disney100-koncert/<br>/novinky/8431-disney100-koncert/<br>/novinky/8431-disney100-koncert/<br>https://srv.tunefindforfans.com/showads/track/srvclk.php?aid=100006796&lp=https://www.disneyplus.com/en-cz/browse/entity-97babebc-7013-455a-b377-aa3d7a6e79c1<br>/tag/1764-disney-princess/<br>https://apps.apple.com/cz/app/id6755365206<br>https://play.google.com/store/apps/details?id=cz.csfd.csfdroid<br>;Academy Awards (4x)<br>British Academy of Film and Television Arts (BAFTA) (2x)<br>Golden Globes (1x)<br>The Saturn Awards (3x)<br>;Academy Awards (2x)<br>Golden Globes (3x)<br>Los Angeles Film Critics Association Awards (1x)<br>;Jeanne-Marie Leprince de Beaumont
241059;Na vlásku;2010;84.25973177652126;100.0;https://image.pmgstatic.com/cache/resized/w420/files/images/film/posters/168/138/168138063_jdz5a7.jpg;https://www.csfd.cz/film/241059-na-vlasku/;USA;Animovaný / Komedie / Rodinný / Muzikál / Romantický / Fantasy;Tangled;Na vlásku je animovaná hudební komedie plná efektů a dobrodružství o dívce, která má kouzelné vlasy zlaté barvy dlouhé víc než 70 stop. Princezna Locika je unesena z hradu svých rodičů již jako dítě a zamčena v tajné věži a touží po dobrodružství. Nyní je ve věku teenagera s bujnou fantazií a odhodlá se s pomocí temperamentního bandity provést velký husarský kousek. Locika a její komplici nacházejí dobrodružství, srdce, humor a vlasy… spoustu vlasů. Prozrazení jejího královského původu visí na nitce a její únosce je jim v patách. Tato komedie je převyprávěním klasické pohádky bratří Grimmů.;24.11.2010 Walt Disney US;podle knihy, láska, přátelství, vězení, naděje, zloděj, koně, princezna, čarodějnice, teen comedy, teen romance, Disney Princess, Locika;Byron Howard, Nathan Greno;Mandy Moore, Zachary Levi, Donna Murphy, Ron Perlman, Jeffrey Tambor, Brad Garrett, M.C. Gainey, Paul F. Tompkins, Richard Kiel, Byron Howard;https://srv.tunefindforfans.com/showads/track/srvclk.php?aid=100006796&lp=https://www.disneyplus.com/en-cz/browse/entity-197d29a0-7a57-4eca-afa9-da1c050c5abe<br>https://srv.clickfuse.com/ads/adclkr.php?id=100006636&url=https://tv.apple.com/cz/movie/tangled/umc.cmc.4bofe8sikofs0fnarn3pd6u5p<br>https://srv.tunefindforfans.com/showads/track/srvclk.php?aid=100006796&lp=https://www.disneyplus.com/en-cz/browse/entity-197d29a0-7a57-4eca-afa9-da1c050c5abe<br>https://srv.clickfuse.com/ads/adclkr.php?id=100006636&url=https://tv.apple.com/cz/movie/tangled/umc.cmc.4bofe8sikofs0fnarn3pd6u5p<br>http://disney.go.com/disneypictures/tangled/<br>/tag/1764-disney-princess/<br>https://apps.apple.com/cz/app/id6755365206<br>https://play.google.com/store/apps/details?id=cz.csfd.csfdroid<br>;Academy Awards (1x)<br>Golden Globes (2x)<br>Critics Choice Awards (2x)<br>The Saturn Awards (1x)<br>;;Jacob Grimm, Wilhelm Grimm
29484;Ukradené Vánoce;1993;84.22725760544117;76.0;https://image.pmgstatic.com/cache/resized/w420/files/images/film/posters/158/083/158083485_f60eb8.jpg;https://www.csfd.cz/film/29484-ukradene-vanoce/;USA;Animovaný / Rodinný / Fantasy / Muzikál / Loutkový;Ukradené Vánoce Tima Burtona;Jack Skellington je oblíbený vládce městečka Halloween, který dohlíží na tvoření všech morbidních potěšení, hrůz a překvapení. Jack je svou každoroční neměnnou rutinou absolutně znuděný. Jednoho dne se ocitne v sousedním Vánočním městě a za zvuků vánoční hudby prozkoumává zdejší tradice a obyvatele. Rozhodne se, že unese Santu Clause a uspořádá si Vánoce podle vlastních představ. Na pomoc si pozve své přátele ze záhrobí a vyrobí nádherné dárečky pro všechny hodné děti. Naloží je na sáně tažené kostrami sobů a vyráží nadělovat vánoční pohodu. Co na to budou říkat děti, až jim dárky budou předávat duchové a vlkodlaci? (Nova Cinema);29.10.1993 Buena Vista Pictures US;podle knihy, děti, město, útěk, Vánoce, únos, les, psi, monstra, sníh, duchové, zima, upíři, čarodějnice, hřbitov, vlkodlaci, Halloween, šílený vědec, stop motion animace, loutky, ukradená identita, klauni, Santa Claus, Štědrý den, starosta, skřítci, strašidla, kostlivci, sobi;Henry Selick;Chris Sarandon, Catherine O'Hara, William Hickey, Glenn Shadix, Paul Reubens, Ken Page, Danny Elfman, Sherwood Ball, Edward Ivory, Greg Proops;https://srv.tunefindforfans.com/showads/track/srvclk.php?aid=100006796&lp=https://www.disneyplus.com/en-cz/browse/entity-4aa190d7-6010-410d-b567-b8be3296b521<br>https://srv.clickfuse.com/ads/adclkr.php?id=100006636&url=https://tv.apple.com/cz/movie/tim-burtons-the-nightmare-before-christmas/umc.cmc.15sv1obrzlxhuf2xhjftbr6ab<br>https://srv.tunefindforfans.com/showads/track/srvclk.php?aid=100006796&lp=https://www.disneyplus.com/en-cz/browse/entity-4aa190d7-6010-410d-b567-b8be3296b521<br>https://srv.clickfuse.com/ads/adclkr.php?id=100006636&url=https://tv.apple.com/cz/movie/tim-burtons-the-nightmare-before-christmas/umc.cmc.15sv1obrzlxhuf2xhjftbr6ab<br>https://apps.apple.com/cz/app/id6755365206<br>https://play.google.com/store/apps/details?id=cz.csfd.csfdroid<br>;Academy Awards (1x)<br>Golden Globes (1x)<br>The Saturn Awards (3x)<br>;The Saturn Awards (2x)<br>;Tim Burton
9833;Za zvuků hudby;1965;84.47084233261339;174.0;https://image.pmgstatic.com/cache/resized/w420/files/images/film/posters/170/643/170643758_7lr5qq.jpg;https://www.csfd.cz/film/9833-za-zvuku-hudby/;USA;Muzikál / Rodinný / Drama / Životopisný;The Sound of Music;Mezi mladými novickami salzburského kláštera byste těžko hledali někoho méně vhodného pro poslání jeptišky než je Maria (Julie Andrewsová). Vnímavá a činorodá dívka se totiž (přes veškerou snahu) nedokáže vyrovnat se strohou přísností církevního řádu, čarovná krása alpských velehor ji zajímá mnohem víc než klášterní disciplína. Matka představená (Peggy Woodová), moudrá to žena, si naštěstí ví rady a pošle ji jako guvernantku do rodiny ovdovělého námořního kapitána, t.č. ve výslužbě. Úkol, který má Maria před sebou, ale není snadný ani pro někoho tak temperamentního a kurážného jako je ona.Nepřístupný kapitán von Trapp (Christopher Plummer) totiž po smrti manželky řídí celou svou domácnost, vč. sedmi dětí, jako námořní loď. Každý den se skládá převážně z plnění rozkazů a striktního dodržování pravidel, na dětské radovánky nezbývá místo. Navíc si ratolesti vynucují otcovu pozornost tím, že se každé chůvy zbaví, jak nejrychleji to jde. Fantazii mají v tomhle směru skutečně velikou, Maria je v pořadí už dvanáctá pečovatelka.Oblíbený muzikál ZA ZVUKŮ HUDBY, dnes označovaný jako 'klasický', byl mimořádně úspěšný už při prvním uvedení do kin v r. 1965, když tehdy překonal všechny kasovní rekordy. Jedná se o téměř tříhodinovou filmovou adaptaci muzikálového hitu z Broadwaye (premiéra 1959). Cesta sentimentálního příběhu na jeviště, resp. filmové plátno byla dosti spletitá. Scénář je založený na knize Howarda Lindsaye a Russela Crousela a tato kniha vznikla pro změnu na motivy autobiografie (1949) skutečné baronky Marii von Trapp (ta se mimochodem ve filmu mihla v komparzu při večírkové scéně). První filmová verze příběhu byla navíc natočena už v r.1956 v Německu (Die Trapp-Familie, pokračování Die Trapp-Familie in Amerika (1958)).Radostná, povznášející a místy i dramatická podívaná chytla za srdce i oscarovou porotu, která film nominovala celkem v 10 kategoriích. Muzikál nakonec získal přesně polovinu těchto cenných sošek, vč. prestižních Oscarů za nejlepší film a režii (režiséru a producentovi Robertu Wiseovi tak přibyly další cenné kousky do sbírky, už v r.1961 slavil triumf s WEST SIDE STORY), dále pak za nejlepší zvuk, hudbu a střih. Jedna z neproměněných nominací patřila herečce v hlavní roli, Julii Andrewsové, která už předtím za ztvárnění Marii dostala cenu kritiku Zlatý Glóbus. Jednalo se teprve o její druhý film (za debut MARY POPPINSOVÁ o rok dřív Oscara získala), kterým potvrdila svou pozici muzikálové hvězdy v typově podobné roli guvernantky. Co se týče dalšího hereckého obsazení, malou perličkou pro milovníky muzikálu je fakt, že v menší roli sestry Sofie se tu poprvé před kamerou objevila Marni Nixonová, jejíž hlas zaznamenaly v předešlých letech miliony návštěvníků kin. Nazpívala totiž pěvecká čísla místo Natalie Woodové (WEST SIDE STORY,1961) a Audrey Hepburnové (MY FAIR LADY,1964). Kromě kvalitního hereckého obsazení, chytlavého příběhu plného emocí a dokonale propracovaných hudebních čísel filmu k úspěchu určitě pomohla i kamera, působivě zachycující svěží krásu rakouských Alp. Natáčelo se skutečně v rakouských exteriérech, takže pocit autentičnosti je dokonalý. (DearS);02.03.1965 20th Century Fox;podle knihy, láska, 20. století, otec, děti, období 1940-1950, 2. světová válka, dospívání, hudba, svatba, zpěv, závist, jeptišky, klášter, chůva;Robert Wise;Julie Andrews, Christopher Plummer, Eleanor Parker, Richard Haydn, Peggy Wood, Charmian Carr, Heather Menzies-Urich, Nicholas Hammond, Angela Cartwright, Kym Karath;https://srv.tunefindforfans.com/showads/track/srvclk.php?aid=100006796&lp=https://www.disneyplus.com/en-cz/browse/entity-244ba86a-ad0f-4fb2-8c5f-18cc8623f809<br>https://srv.clickfuse.com/ads/adclkr.php?id=100006636&url=https://tv.apple.com/cz/movie/the-sound-of-music/umc.cmc.1y02wttfbj7r6hmjjxnpawkqc<br>https://srv.tunefindforfans.com/showads/track/srvclk.php?aid=100006796&lp=https://www.disneyplus.com/en-cz/browse/entity-244ba86a-ad0f-4fb2-8c5f-18cc8623f809<br>https://srv.clickfuse.com/ads/adclkr.php?id=100006636&url=https://tv.apple.com/cz/movie/the-sound-of-music/umc.cmc.1y02wttfbj7r6hmjjxnpawkqc<br>https://apps.apple.com/cz/app/id6755365206<br>https://play.google.com/store/apps/details?id=cz.csfd.csfdroid<br>;Academy Awards (5x)<br>British Academy of Film and Television Arts (BAFTA) (1x)<br>Golden Globes (2x)<br>New York Film Critics Circle Awards (1x)<br>;Academy Awards (5x)<br>Golden Globes (2x)<br>;Maria von Trapp
33887;Popelka;1950;84.15947127171944;74.0;https://image.pmgstatic.com/cache/resized/w420/files/images/film/posters/164/978/164978399_90776c.jpg;https://www.csfd.cz/film/33887-popelka/;USA;Animovaný / Rodinný / Romantický / Muzikál / Fantasy;Cinderella;Snad nejznámější pohádka na světě, příběh chudé dívky, která se přes noc stává princovou vyvolenou, vychází nyní v zrestaurované podobě na Disney DVD a VHS dokonce ve speciální verzi. Nezapomenutelnou, animovanou verzi této pohádky dokončilo v roce 1950 studio Disney. Diváky kromě kouzelné animace zaujala i nádherná hudba, která film doprovází. Popelka byla tehdy nominována na Oscara ve třech kategoriích: za Nejlepší píseň (Bibbidi-Bobbidi-Boo), Nejlepší soundtrack a Nejlepší zvuk. Kromě toho získala po celém světě velkou řadu ocenění (jen pro ilustraci uveďme Golden Bear Award, Berlínský mezinárodní filmový festival, 1951 či Cinemonde Et Les Film Francais, 1950 a mnohé další).;04.03.1950 RKO Radio Pictures;láska, žena, rivalita, sestry, kouzla, princ, macecha (nevlastní matka), myši, Disney Princess;Hamilton Luske, Wilfred Jackson, Clyde Geronimi;Eleanor Audley, June Foray, Betty Lou Gerson, Verna Felton, William Phipps, Harold Berens, Mike Douglas, Bill Fraser, Lucille Bliss, James MacDonald;/tvurce/3426-walt-disney/prehled/<br>https://srv.tunefindforfans.com/showads/track/srvclk.php?aid=100006796&lp=https://www.disneyplus.com/en-cz/browse/entity-f7272318-0b08-46f5-b89e-284b3e8a7234<br>https://srv.clickfuse.com/ads/adclkr.php?id=100006636&url=https://tv.apple.com/cz/movie/cinderella/umc.cmc.79wcks09an35qbglv7i1imbmc<br>https://srv.tunefindforfans.com/showads/track/srvclk.php?aid=100006796&lp=https://www.disneyplus.com/en-cz/browse/entity-f7272318-0b08-46f5-b89e-284b3e8a7234<br>https://srv.clickfuse.com/ads/adclkr.php?id=100006636&url=https://tv.apple.com/cz/movie/cinderella/umc.cmc.79wcks09an35qbglv7i1imbmc<br>/tag/1764-disney-princess/<br>https://apps.apple.com/cz/app/id6755365206<br>https://play.google.com/store/apps/details?id=cz.csfd.csfdroid<br>;Academy Awards (3x)<br>Venice Film Festival (1x)<br>;Venice Film Festival (1x)<br>Berlinale (Berlin International Film Festival) (2x)<br>;Charles Perrault
4801;Šumař na střeše;1971;84.62083628632176;181.0;https://image.pmgstatic.com/cache/resized/w420/files/images/film/posters/168/662/168662628_o13d3z.jpg;https://www.csfd.cz/film/4801-sumar-na-strese/;USA;Muzikál / Drama / Rodinný;Fiddler on the Roof;"Tradice! Bez nich by byl život stejně vratký jako šumař na střeše... Příběh vychází z předlohy ""Tovje vdává dcery"" z pera Šoloma Alejchema, jednoho z nejvýznamnějších autorů židovské literatury, který s humorem i citem zachycoval život východoevropských židovských komunit na přelomu 19. a 20. století v období carského Ruska. Ústřední postavou je chudý židovský mlékař Tovje, kterého nezapomenutelně ztvárnil izraelský herec Chaim Topol, jenž byl za svůj životní výkon vyznamenán Zlatým glóbem a nominací na Oscara. Dobrosrdečný Tovje představuje hlavu početné židovské rodiny, již se snaží uživit a vést v proměnlivém světě plném změn. Jeho největším přáním je zajistit svým dcerám šťastné manželství, přičemž pevně lpí na tradičních židovských hodnotách a zvycích. V ruské zapadlé vísce Anatěvka dávné tradice ještě stále pomáhají udržet společenskou rovnováhu a neustálou zbožnost. Ovšem ani tak malá vesnice plná výstředních a svérázných postaviček nemůže uniknout rychlým společenským změnám. Tovjeho dcery se zatouží vdát z lásky, což je v přímém rozporu s jeho přesvědčením a židovskými tradicemi. Mnohem větší nebezpečí ale pro celou židovskou komunitu představuje stále silnější antisemitismus... Mezi nejúspěšnější muzikály všech dob patří Šumař na střeše, který měl premiéru na Broadwayi v roce 1964 a záhy si získal obrovskou popularitu po celém světě. V roce 1971 vznikla pod režijním vedením Normana Jewisona filmová adaptace, která poměrně věrně zachycuje příběh o radostech a strastech jedné židovské rodiny. Silné písně a nezapomenutelné taneční scény učinily z dojemného a lidského muzikálu nezaměnitelnou hudební klasiku. (Česká televize)";03.11.1971 United Artists;rodina, hudba, víra, Židé, tradice, housle, judaismus;Norman Jewison;Chaim Topol, Norma Crane, Leonard Frey, Molly Picon, Paul Mann, Paul Michael Glaser, Michele Marsh, Neva Small, Ray Lovelock, Aharon Ipalé;https://srv.clickfuse.com/ads/adclkr.php?id=100006636&url=https://tv.apple.com/cz/movie/fiddler-on-the-roof/umc.cmc.742000pfsskx50ck1ev5lbggw<br>https://www.youtube.com/watch?v=GXYu9w7FXOs<br>http://www.ceskatelevize.cz<br>http://www.ceskatelevize.cz<br>https://srv.clickfuse.com/ads/adclkr.php?id=100006636&url=https://tv.apple.com/cz/movie/fiddler-on-the-roof/umc.cmc.742000pfsskx50ck1ev5lbggw<br>https://www.youtube.com/watch?v=GXYu9w7FXOs<br>https://apps.apple.com/cz/app/id6755365206<br>https://play.google.com/store/apps/details?id=cz.csfd.csfdroid<br>;Academy Awards (5x)<br>British Academy of Film and Television Arts (BAFTA) (3x)<br>Golden Globes (2x)<br>;Academy Awards (3x)<br>Golden Globes (2x)<br>;Šolom Alejchem
6175;Moulin Rouge;2001;83.36233384003364;127.0;https://image.pmgstatic.com/cache/resized/w420/files/images/film/posters/162/885/162885326_303918.png;https://www.csfd.cz/film/6175-moulin-rouge/;Austrálie / USA;Muzikál / Romantický / Drama;Moulin Rouge!;Muži chladnou, jak půvaby vadnou a léta začnou přibývat. Ať je broušený tak či onak, diamant nic nepřekoná, diamant je náš nejlepší kamarád... Paříž, 1900. Byl jeden hoch, zvláštní, okouzlený hoch, smutný pohled měl, byl však velmi moudrý, jednoho dne, jednoho zázračného dne potkali jsme se na cestě záhadné a při tom, jak jsme si o mnohém povídali, o bláznech a králích, tak mi pověděl: To nejkrásnější, co můžeš poznat, je lásku dát a v lásce být milován. Moulin Rouge. Noční kabaret. Tančírna a bordel. Jeho majitelem byl Harold Zidler. Království nočních rozkoší, kde bohatí i chudí chodili za mladým a krásným podsvětím. Nejkrásnější ze všech tam byla žena, kterou jsem miloval. Satine. Byla kurtizána. Prodávala mužům svou lásku. Říkali jí jiskřivý diamant. Byla hvězdou. Žena, kterou jsem miloval, je... mrtvá. Je tomu rok, co jsem přijel do Paříže. Psal se rok 1899, bylo to milostivé léto lásky. Nevěděl jsem nic o Moulin Rouge, Haroldu Zidlerovi ani Satine. Svět žil bohémou a já přijel z Londýna,abych byl její součástí. Na vršku poblíž Paříže stála vesnice Montmartre. Nebyla to, jak mi řekl otec... hříšná vesnice! ...ale bohémský svět, hudebníci, malíři, spisovatelé. Říkalo se jim děti revoluce. Ano, měl jsem žít bez halíře a měl jsem psát o pravdě, kráse, svobodě a o tom, v co jsem věřil nejvíc ze všeho. O lásce.;01.06.2001 20th Century Fox;podle knihy, láska, smrt, hudba, milostný trojúhelník, spisovatel, tanec, zpěv, Paříž, prostituce, zpěvačka, básník;Baz Luhrmann;Nicole Kidman, Ewan McGregor, John Leguizamo, Jim Broadbent, Richard Roxburgh, Garry McDonald, Jacek Koman, Matthew Whittet, Kerry Walker, Caroline O'Connor;https://srv.tunefindforfans.com/showads/track/srvclk.php?aid=100006796&lp=https://www.disneyplus.com/en-cz/browse/entity-b96f5516-8161-4075-9780-6fa06f989ba3<br>https://srv.clickfuse.com/ads/adclkr.php?id=100006636&url=https://tv.apple.com/cz/movie/moulin-rouge/umc.cmc.2nenp9n2rlqb4co33fj4p58gm<br>https://srv.tunefindforfans.com/showads/track/srvclk.php?aid=100006796&lp=https://www.disneyplus.com/en-cz/browse/entity-b96f5516-8161-4075-9780-6fa06f989ba3<br>https://srv.clickfuse.com/ads/adclkr.php?id=100006636&url=https://tv.apple.com/cz/movie/moulin-rouge/umc.cmc.2nenp9n2rlqb4co33fj4p58gm<br>https://apps.apple.com/cz/app/id6755365206<br>https://play.google.com/store/apps/details?id=cz.csfd.csfdroid<br>;Academy Awards (6x)<br>British Academy of Film and Television Arts (BAFTA) (9x)<br>César Awards (1x)<br>Golden Globes (3x)<br>Critics Choice Awards (2x)<br>The Saturn Awards (2x)<br>Cannes Film Festival (1x)<br>;Academy Awards (2x)<br>British Academy of Film and Television Arts (BAFTA) (3x)<br>European Film Awards (2x)<br>Robert Awards (Danish Film Awards) (1x)<br>Golden Globes (3x)<br>Critics Choice Awards (1x)<br>Los Angeles Film Critics Association Awards (1x)<br>;Alexandre Dumas mladší
4806;Jesus Christ Superstar;1973;83.515625;108.0;https://image.pmgstatic.com/cache/resized/w420/files/images/film/posters/158/599/158599653_bd09c3.jpg;https://www.csfd.cz/film/4806-jesus-christ-superstar/;USA;Muzikál;Jesus Christ Superstar;Legendární filmové zpracování světoznámého muzikálu v režii Normana Jewisona. Rocková opera vypráví z pohledu Jidáše Iškariotského, příběh posledních sedmi dnů života JEŽÍŠE KRISTA - od jeho příchodu do Jeruzaléma až do ukřižování. Ambiciózní a mimořádně finančně náročný filmový projekt vznikal v exterierech přímo v Izraeli.;15.08.1973 Universal Pictures US;podle knihy, láska, vojáci, náboženství, víra, tanec, zpěv, křesťanství, Židé, rock, Bible, rock 'n' roll, hippies, Ježíš;Norman Jewison;Ted Neeley, Carl Anderson, Yvonne Elliman, Barry Dennen, Larry Marshall, Josh Mostel, Paul Thomas, Pi Douglass, Robert LuPone, Richard Molinare;https://srv.clickfuse.com/ads/adclkr.php?id=100006636&url=https://tv.apple.com/cz/movie/jesus-christ-superstar/umc.cmc.735s96gl1fc01b49nsbringti<br>https://www.youtube.com/watch?v=be4_eru5dXo<br>https://srv.clickfuse.com/ads/adclkr.php?id=100006636&url=https://tv.apple.com/cz/movie/jesus-christ-superstar/umc.cmc.735s96gl1fc01b49nsbringti<br>https://www.youtube.com/watch?v=be4_eru5dXo<br>https://apps.apple.com/cz/app/id6755365206<br>https://play.google.com/store/apps/details?id=cz.csfd.csfdroid<br>;Academy Awards (1x)<br>British Academy of Film and Television Arts (BAFTA) (3x)<br>Golden Globes (4x)<br>;British Academy of Film and Television Arts (BAFTA) (1x)<br>;Tim Rice
2989;Kabaret;1972;83.33961552958914;124.0;https://image.pmgstatic.com/cache/resized/w420/files/images/film/posters/160/276/160276059_f0a558.jpg;https://www.csfd.cz/film/2989-kabaret/;USA;Drama / Muzikál / Hudební / Romantický;Kabaret;Život je jako schody na jeviště. Jen si nezlámat vaz. Jedno z nejlepších děl americké muzikálové tradice převedl do filmové podoby legendární choreograf a režisér Bob Fosse. Příběh o milostných vzplanutích několika hrdinů se odehrává v Berlíně třicátých let, tedy na pozadí nastupujícího fašismu. Britský student Brian si zde najde podnájem a vydělává si vyučováním angličtiny. Zamiluje se do lehkomyslné americké kabaretní zpěvačky Sally. Do jejich vztahu však vstoupí aristokratický boháč Maximilian, který svede oba dva. Zamilovanou dvojici vytvoří též obchodník Fritz a dcera zámožných židovských rodičů Natalia. A zatímco všichni prožívají své milostné trable, v ulicích německých měst dochází k násilnostem. Mládež v hnědých košilích organizuje svůj vlastní druh podívané, a na rozdíl od kabaretních umělců to myslí smrtelně vážně... (Česká televize);01.05.1990 Ústřední půjčovna filmů;láska, 20. století, dívka, podle divadelní hry, město, touha, gay, hudba, LGBTQ+, milostný trojúhelník, těhotenství, tanec, homosexualita, zpěv, nacisté, nacismus, alkoholismus, období 1930-1940, Židé, závislost, noční klub, Německo, spolubydlící, Berlín, potrat, judaismus;Bob Fosse;Liza Minnelli, Michael York, Helmut Griem, Joel Grey, Fritz Wepper, Marisa Berenson, Ralf Wolter, Helen Vita, Ellen Umlauf, Pierre Franckh;http://www.ceskatelevize.cz<br>http://www.ceskatelevize.cz<br>https://apps.apple.com/cz/app/id6755365206<br>https://play.google.com/store/apps/details?id=cz.csfd.csfdroid<br>;Academy Awards (2x)<br>British Academy of Film and Television Arts (BAFTA) (4x)<br>Golden Globes (4x)<br>;Academy Awards (8x)<br>British Academy of Film and Television Arts (BAFTA) (7x)<br>Golden Globes (3x)<br>;
18248;Aladin;1992;82.60890886800163;87.0;https://image.pmgstatic.com/cache/resized/w420/files/images/film/posters/158/283/158283580_9a5965.jpg;https://www.csfd.cz/film/18248-aladin/;USA;Animovaný / Rodinný / Muzikál / Fantasy;Aladin;Aladin je chudý chlapec z tržiště, jehož jediným majetkem i přítelem je jeho opička Abu. Denně sní svůj sen o úniku z bezútěšného života v bídě a o lásce krásné princezny Jasmíny. Osud se nakloní v jeho prospěch, když jej chce zlý sultánův rádce Džafar využít k získání kouzelné lampy z jeskyně, skryté uprostřed pouště. Aladin se stane majitelem kouzelného koberce a lampy, jejíž dobrý džin mu může splnit tři přání. Aladin se s jeho pomocí skutečně přiblíží k princezně, dosud neústupně odmítající nápadníky, a získá její lásku. Stále jej však trápí jeho prostý původ, který se jí zdráhá přiznat. A to jej ještě čeká souboj se zrádným Džafarem a jeho papouškem Jagem, zmocnivšími se na čas lampy, sultanátu i princezny...Nejstarší zprávy o proslulém souboru perských arabských a indických lidových příběhů, známém pod názvem Pohádky tisíce a jedné noci, pocházejí už z desátého století. První rukopisné záznamy spisu, čítajícího nakonec více než 267 příběhů různé délky, vznikaly ve čtrnáctém a patnáctém století. Příběh o Aladinovi, který je jednou z nejznámějších a nejčastěji zpracovávaných arabských pohádek, vznikl pravděpodobně okolo druhé poloviny dvanáctého století v Egyptě, což však nebrání tomu, aby byl v mnoha adaptacích situován do prostředí, připomínajícího oblíbenou romantickou vizi středověkého Bagdadu. Tvůrci nejnovější americké verze, která na přelomu roku dlouhou dobu kralovala americké distribuci, se nechali volně inspirovat všemi předchozími adaptacemi podobných příběhů a navíc plně využili možností moderního animovaného filmu. Vedle magických letů na koberci a komplikovaných hudebních scén v nejlepší disneyovské tradici je film naplněn nepřetržitým přívalem propracovaných obrazových gagů, soustředěn zejména okolo postavy džina. Ten, v původní verzi namluven Robinem Williamsem, se tak stává takřka hlavní postavou filmu a je hlavním důvodem, proč Aladin může potěšit nejen děti, ale i ty dospělé, kteří mají chuť se smát. Film byl oceněn 2 Oscary.;25.11.1992 Buena Vista Pictures US;láska, zloděj, kouzla, chudoba, poušť, princezna, opice, Wilhelm scream, tygři, džin, sultán, Disney Princess;John Musker, Ron Clements, Bunis Yang;Robin Williams, Frank Welker, Gilbert Gottfried, Charlie Adler, Corey Burton, Jim Cummings, Russi Taylor, Hal Smith, Scott Weinger, Lea Salonga;https://srv.tunefindforfans.com/showads/track/srvclk.php?aid=100006796&lp=https://www.disneyplus.com/en-cz/browse/entity-bfad6284-a0aa-4ae1-8469-dc1653121dbb<br>https://srv.clickfuse.com/ads/adclkr.php?id=100006636&url=https://tv.apple.com/cz/movie/aladdin/umc.cmc.13229jkd134ryb4p2jhktwx31<br>https://srv.tunefindforfans.com/showads/track/srvclk.php?aid=100006796&lp=https://www.disneyplus.com/en-cz/browse/entity-bfad6284-a0aa-4ae1-8469-dc1653121dbb<br>https://srv.clickfuse.com/ads/adclkr.php?id=100006636&url=https://tv.apple.com/cz/movie/aladdin/umc.cmc.13229jkd134ryb4p2jhktwx31<br>/tag/1764-disney-princess/<br>https://apps.apple.com/cz/app/id6755365206<br>https://play.google.com/store/apps/details?id=cz.csfd.csfdroid<br>;Academy Awards (3x)<br>British Academy of Film and Television Arts (BAFTA) (2x)<br>Golden Globes (3x)<br>The Saturn Awards (2x)<br>;Academy Awards (2x)<br>Golden Globes (2x)<br>Los Angeles Film Critics Association Awards (1x)<br>The Saturn Awards (3x)<br>;
3309;Monty Pythonův smysl života;1983;82.54618684878731;107.0;https://image.pmgstatic.com/cache/resized/w420/files/images/film/posters/000/491/491839_507e57.jpg;https://www.csfd.cz/film/3309-monty-pythonuv-smysl-zivota/;Velká Británie;Komedie / Muzikál;Smysl života podle Monty Pythona;Snímek Monty Python: Smysl života postrádá hlavního hrdinu je to přece svět viděný rybami skrz sklo akvária a v rozbitém světě pro něj není práce. Není se s kým ztotožnit, s kým a pro co trpět. Z lidskosti zbyly jen okamžiky, kdy smolaři jednotlivých miniosudů stojí tváří v tvář své opuštěnosti. Z hlavního hrdiny minulých filmů zbyla jen tvář Briana na kříži (opuštěná maminka na sále jen s přístrojem, který dělá pink, udivený pan Kreozot po výbuchu, synek, kterému dle všeho umřela maminka, taťka bez práce s osmaosmdesátým dítětem na cestě). Je to podobné, jako když se Gogolovu Revizorovi vyčítalo, že postrádá kladného hrdinu, a on si v dopisu příteli smutně postěžoval, že tam byl, jen si ho nikdo nevšiml že jím je přece smích. Zde jako poslední naděje lidstva.;Na Blu-ray od 11.09.2013 Bontonfilm;vojáci, černý humor, satira, parodie, bitva, surrealismus, korporace, restaurace, antologie, Bůh, nebe, Smrťák, sexuální výchova, skeč, Britsko-zulská válka;Terry Jones, Terry Gilliam;Graham Chapman, John Cleese, Terry Gilliam, Eric Idle, Terry Jones, Michael Palin, Carol Cleveland, Matt Frewer, Jane Leeves, Patricia Quinn;https://srv.clickfuse.com/ads/adclkr.php?id=100006636&url=https://tv.apple.com/cz/movie/monty-pythons-the-meaning-of-life/umc.cmc.7f6gtumiooszq9lw8zv5hcvvt<br>https://www.youtube.com/watch?v=sYtRm4mFsH4<br>https://srv.clickfuse.com/ads/adclkr.php?id=100006636&url=https://tv.apple.com/cz/movie/monty-pythons-the-meaning-of-life/umc.cmc.7f6gtumiooszq9lw8zv5hcvvt<br>https://www.youtube.com/watch?v=sYtRm4mFsH4<br>https://apps.apple.com/cz/app/id6755365206<br>https://play.google.com/store/apps/details?id=cz.csfd.csfdroid<br>;British Academy of Film and Television Arts (BAFTA) (1x)<br>Cannes Film Festival (1x)<br>;Cannes Film Festival (1x)<br>;
26097;Sbohem, pane profesore!;1969;83.67857142857143;151.0;https://image.pmgstatic.com/cache/resized/w420/files/images/film/posters/167/003/167003643_8e2bfd.jpg;https://www.csfd.cz/film/26097-sbohem-pane-profesore/;USA;Drama / Muzikál / Romantický;Goodbye, Mr. Chips;Vysloužilý učitel a bývalý ředitel internátní školy se ohlíží zpět za svou kariérou i osobním životem v průběhu několika desetiletí.;05.11.1969 Metro-Goldwyn-Mayer (MGM);manželé, škola, učitel, internátní škola;Herbert Ross;Peter O'Toole, Petula Clark, Michael Redgrave, Siân Phillips, George Baker, Jack May, Jack Hedley, Leo Britt, Elspet Gray, Richard Vernon;https://srv.clickfuse.com/ads/adclkr.php?id=100006636&url=https://tv.apple.com/cz/movie/goodbye-mr-chips/umc.cmc.4bbdj64abauutpd2ybozir910<br>https://www.youtube.com/watch?v=27L4dKBY_zk<br>https://srv.clickfuse.com/ads/adclkr.php?id=100006636&url=https://tv.apple.com/cz/movie/goodbye-mr-chips/umc.cmc.4bbdj64abauutpd2ybozir910<br>https://www.youtube.com/watch?v=27L4dKBY_zk<br>https://apps.apple.com/cz/app/id6755365206<br>https://play.google.com/store/apps/details?id=cz.csfd.csfdroid<br>;Academy Awards (2x)<br>Golden Globes (2x)<br>;Golden Globes (1x)<br>;James Hilton
2988;All That Jazz;1979;82.22927050294517;123.0;https://image.pmgstatic.com/cache/resized/w420/files/images/film/posters/158/597/158597607_b0df7f.jpg;https://www.csfd.cz/film/2988-all-that-jazz/;USA;Drama / Hudební / Komedie / Muzikál;All That Jazz;"Vrcholné dílo Boba Fosseho, ohromující po stránce myšlenkové i choreografické, hudební a taneční, je tragikomickou autobiografií, podanou formou neobyčejného muzikálu. Film je felliniovskou vizí umělce posedlého prací a řítícího se do záhuby kvůli vražednému životnímu tempu. Hlavní postava příběhu s mrazivou presvedčivostí předpověděla režisérovu vlastní smrt. Průkopnické dílo, naznačující smysluplnou cestu za hranice konvenčnosti žánrů, je vizuálně neobyčejně přitažlivé. Závěrečná agonická pasáž je stylizovaná do velkolepého čísla, ve kterém se sejdou všichni umělcovi blízcí v podobě fantómů a je završená symbolickou záhrobní jízdou do náruče koketního Anděla smrti.Obsedantní Fosseho téma existenciálních ambicí talentovaného tvůrce uprostřed masové kultury se s muzikálovou formou skloubila s neobyčejnou přirozeností, čímž vznikl jakýsi nedostižný muzikálový OBČAN KANE či 8 1/2. Film získal roku 1980 Zlatou palmu v Cannes ex aeque s filmem KAGEMUŠA a v tomtéž roce získal Oscara za dekorace, kostýmy, střih a hudbu. Film byl nominován i na Oscara za režii, scénář, za herecký výkon Roye Scheidera i v kategorii ""nejlepší film roku"".";20.12.1979 20th Century Fox;muž, žena, rodina, otec, rodiče, manželé, město, dcera, touha, ženy, umění, hudba, sex, sny, nemocnice, New York, tanec, herci, filmařské zákulisí, milenka, rozvod, divadelní prostředí, závislost, iluze, divadlo, režisér, milenec, Kalifornie, Hollywood, kouření, workoholismus;Bob Fosse;Roy Scheider, Jessica Lange, Leland Palmer, Ann Reinking, Cliff Gorman, Ben Vereen, Michael Tolan, Max Wright, Irene Kane, Erzsebet Foldi;https://apps.apple.com/cz/app/id6755365206<br>https://play.google.com/store/apps/details?id=cz.csfd.csfdroid<br>;Academy Awards (5x)<br>British Academy of Film and Television Arts (BAFTA) (4x)<br>Golden Globes (1x)<br>New York Film Critics Circle Awards (1x)<br>;Academy Awards (4x)<br>British Academy of Film and Television Arts (BAFTA) (2x)<br>Cannes Film Festival (1x)<br>;
34122;Dumbo;1941;81.96809612595816;64.0;https://image.pmgstatic.com/cache/resized/w420/files/images/film/posters/158/323/158323015_c5d000.jpg;https://www.csfd.cz/film/34122-dumbo/;USA;Animovaný / Muzikál / Rodinný;Dumbo;Když paní Jumbová poprvé uviděla své malinké sloní mládě, okamžitě se do něho zamilovala. Ostatní se ale Dumbovi začali posmívat, protože měl velké uši. Ať dělat, co dělal, pořád to nebylo lepší. Pak ale potkal přítele, myšáka Timothyho, se kterým překonali všechny nástrahy a překážky.;12.02.1971 Ústřední půjčovna filmů;podle knihy, přátelství, přátelé, matka, syn, zvířata, sláva, šikana, cirkus, sloni, myši, čápi;Ben Sharpsteen;Edward Brophy, Sterling Holloway, Herman Bing, Verna Felton, James MacDonald;/tvurce/3426-walt-disney/prehled/<br>https://srv.tunefindforfans.com/showads/track/srvclk.php?aid=100006796&lp=https://www.disneyplus.com/en-cz/browse/entity-d71e65f7-36f1-4ae1-9e3b-4a794d0c970c<br>https://srv.clickfuse.com/ads/adclkr.php?id=100006636&url=https://tv.apple.com/cz/movie/dumbo/umc.cmc.5l5te302410nyy0se0qlbc6m4<br>https://srv.tunefindforfans.com/showads/track/srvclk.php?aid=100006796&lp=https://www.disneyplus.com/en-cz/browse/entity-d71e65f7-36f1-4ae1-9e3b-4a794d0c970c<br>https://srv.clickfuse.com/ads/adclkr.php?id=100006636&url=https://tv.apple.com/cz/movie/dumbo/umc.cmc.5l5te302410nyy0se0qlbc6m4<br>http://disney.go.com/disneyvideos/animatedfilms/dumbo/<br>https://apps.apple.com/cz/app/id6755365206<br>https://play.google.com/store/apps/details?id=cz.csfd.csfdroid<br>;Academy Awards (1x)<br>;Academy Awards (1x)<br>Cannes Film Festival (1x)<br>;Helen Aberson, Harold Pearl
16442;Pomáda;1978;81.77985064567439;106.0;https://image.pmgstatic.com/cache/resized/w420/files/images/film/posters/164/951/164951769_62e601.jpg;https://www.csfd.cz/film/16442-pomada/;USA;Muzikál / Romantický / Komedie;Grease;"Americký muzikál Pomáda z roku 1978 patřil v době svého uvedení k nejnavštěvovanějším snímkům ve všech zemích. Vznikl podle úspěšné jevištní předlohy Jima Jacobse a Warrena Caseyho. Děj nás zavede do střední školy Rydell v padesátých letech. Danny Zucco, žák posledního ročníku, se po prázdninách opět setkává se svými kamarády. Ohromí je líčením svého milostného dobrodružství u moře. Mezi dívkami se objevuje nová žákyně Sandy. I ona se pochlubí svým prázdninovým setkáním s fantastickým chlapcem, s nímž prožila krásný milostný příběh. Když se ""letní milenci"" náhle setkají na Rydellu tváří v tvář, téměř ztratí dech. Jenomže láska v novém prostředí školy a spousty kamarádů má úplně jiná pravidla než na osamělé mořské pláži. V hlavní roli zpívá, hraje a tančí populární dvojice John Travolta a Olivia Newton-Johnová, kteří se tímto snímkem stali idoly mladé generace. (Česká televize)";16.06.1978 Paramount Pictures;láska, žena, přátelství, přátelé, 20. století, tajemství, ženy, škola, hudba, tanec, zpěv, rande, zpěvačka, zpěvák, období 1950-1960, rock 'n' roll, teen comedy, teen romance;Randal Kleiser;John Travolta, Olivia Newton-John, Stockard Channing, Jeff Conaway, Barry Pearl, Michael Tucci, Kelly Ward, Didi Conn, Jamie Donnelly, Dinah Manoff;https://www.skyshowtime.com/cz/stream/movies/pomada/ae6bfc7f-3c11-3876-a42f-c0bc2514a456<br>https://srv.clickfuse.com/ads/adclkr.php?id=100006636&url=https://tv.apple.com/cz/movie/grease/umc.cmc.gksebkgrk5x6h2l7k59crj59<br>https://www.youtube.com/watch?v=9LI1ZBIRATA<br>http://www.ceskatelevize.cz<br>http://www.ceskatelevize.cz<br>https://www.skyshowtime.com/cz/stream/movies/pomada/ae6bfc7f-3c11-3876-a42f-c0bc2514a456<br>https://srv.clickfuse.com/ads/adclkr.php?id=100006636&url=https://tv.apple.com/cz/movie/grease/umc.cmc.gksebkgrk5x6h2l7k59crj59<br>https://www.youtube.com/watch?v=9LI1ZBIRATA<br>https://apps.apple.com/cz/app/id6755365206<br>https://play.google.com/store/apps/details?id=cz.csfd.csfdroid<br>;Academy Awards (1x)<br>Golden Globes (5x)<br>;;
12546;Princ Egyptský;1998;81.75607244013389;88.0;https://image.pmgstatic.com/cache/resized/w420/files/images/film/posters/159/417/159417458_a31b21.jpg;https://www.csfd.cz/film/12546-princ-egyptsky/;USA;Animovaný / Rodinný / Muzikál / Drama;The Prince of Egypt;V Egyptě vládne tvrdě, ale i moudře faraon Seti. Rostoucí počet židovských otroků v jeho zemi začíná být nežádoucí. Proto Seti nařídí, aby každý nově narozený syn otrokyně byl vhozen do Nilu. Jen jedna matka svého syna ukryje, dá ho do košíku a pošle po proudu řeky. Košík se zastaví u faraonova paláce. Objeví ho Setiho manželka, které si tam hrála se svým jediným synem Ramsesem. Žena se ho ujme, dá mu jméno Mojžíš a ukáže ho Setimu. Chlapci pak spolu vyrůstají jako nejlepší kamarádi a prožívají dětská dobrodružství i mladická soupeření. Nakonec je tvrdá realita života postaví proti sobě. Ramses se stane vládcem nejmocnějšího impéria a Mojžíš svůj židovský lid zbaví otroctví a bezpečně ho převede do země zaslíbené... (TV Nova);16.12.1998 DreamWorks;láska, rodina, otec, matka, syn, sourozenci, bratři, víra, Židé, otroctví, Bible, starověký Egypt, Mojžíš;Brenda Chapman, Steve Hickner, Simon Wells;Val Kilmer, Ralph Fiennes, Michelle Pfeiffer, Sandra Bullock, Jeff Goldblum, Danny Glover, Patrick Stewart, Helen Mirren, Steve Martin, Martin Short;https://www.skyshowtime.com/cz/stream/movies/princ-egyptsky/31c3ddc1-fbce-35c5-9ce6-8ebd0f6d2865<br>https://srv.clickfuse.com/ads/adclkr.php?id=100006636&url=https://tv.apple.com/cz/movie/the-prince-of-egypt/umc.cmc.4d0lq90t403szfg0tbg9t9s20<br>https://www.youtube.com/watch?v=3qj6sCHugkA<br>https://www.skyshowtime.com/cz/stream/movies/princ-egyptsky/31c3ddc1-fbce-35c5-9ce6-8ebd0f6d2865<br>https://srv.clickfuse.com/ads/adclkr.php?id=100006636&url=https://tv.apple.com/cz/movie/the-prince-of-egypt/umc.cmc.4d0lq90t403szfg0tbg9t9s20<br>https://www.youtube.com/watch?v=3qj6sCHugkA<br>https://apps.apple.com/cz/app/id6755365206<br>https://play.google.com/store/apps/details?id=cz.csfd.csfdroid<br>;Academy Awards (1x)<br>Golden Globes (2x)<br>The Saturn Awards (2x)<br>;Academy Awards (1x)<br>Critics Choice Awards (2x)<br>Florida Film Critics Circle Awards (1x)<br>;
9843;West Side Story;1961;81.80122991469946;152.0;https://image.pmgstatic.com/cache/resized/w420/files/images/film/posters/164/881/164881387_b5fc30.jpg;https://www.csfd.cz/film/9843-west-side-story/;USA;Muzikál / Romantický / Drama;West Side Story;Newyorský West Side je svědkem neustálých konfliktů dvou pouličních gangů. Tryskáči a Žraloci se nenávidí a není síly, která by změnila jejich nepřátelství. Riff přivádí mezi Tryskáče Tonnyho, avšak ten se na první taneční zábavě zamiluje do Marie, sestry Bernarda, vůdce Žraloků.Ten samozřejmě nepřipouští jinou možnost, než že si Maria najde přítele mezi Portorikánci v gangu Žraloků. Málokterý muzikál byl na Broadwayi úspěšnější než West Side Story.Filmové ztvárnění proto na sebe nenechalo dlouho čekat a bylo triumfem. Podíl na tomto úspěchu má kromě hudby Leonarda Bernsteina i skvělá a často napodobovaná choreografie Jerome Robbinse. Příběh Romea a Julie z newyorské čtvrti West Side patří dnes k legendárním snímkům americké kinematografie. Film v roce 1961 získal 10 Oscarů.;18.10.1961 United Artists;láska, přátelství, vražda, 20. století, podle divadelní hry, policie, souboje, gang, New York, tanec, zpěv, přistěhovalci, imigrace, zakázaná láska, období 1950-1960, předměstí;Robert Wise, Jerome Robbins;Natalie Wood, Richard Beymer, Russ Tamblyn, Rita Moreno, George Chakiris, Simon Oakland, Ned Glass, William Bramley, Tucker Smith, Tony Mordente;https://srv.clickfuse.com/ads/adclkr.php?id=100006636&url=https://tv.apple.com/cz/movie/west-side-story/umc.cmc.4ukfo64h6ymq2xs2dhzv1fnwh<br>https://www.youtube.com/watch?v=poDPytONI-8<br>https://srv.clickfuse.com/ads/adclkr.php?id=100006636&url=https://tv.apple.com/cz/movie/west-side-story/umc.cmc.4ukfo64h6ymq2xs2dhzv1fnwh<br>https://www.youtube.com/watch?v=poDPytONI-8<br>https://apps.apple.com/cz/app/id6755365206<br>https://play.google.com/store/apps/details?id=cz.csfd.csfdroid<br>;Academy Awards (1x)<br>British Academy of Film and Television Arts (BAFTA) (1x)<br>Golden Globes (2x)<br>New York Film Critics Circle Awards (1x)<br>;Academy Awards (10x)<br>Golden Globes (3x)<br>New York Film Critics Circle Awards (1x)<br>;
5982;Ať žijí duchové!;1977;81.61060035299386;80.0;https://image.pmgstatic.com/cache/resized/w420/files/images/film/posters/166/616/166616620_8fc278.jpg;https://www.csfd.cz/film/5982-at-ziji-duchove/;Československo;Rodinný / Komedie / Muzikál / Fantasy;Nech žijú duchovia!;Hrdiny veselé dětské hudební komedie jsou chlapci a děvčata, kteří vytáhnou do boje proti některým dospělým ze své obce, když chtějí proměnit starý hrad v zemědělský objekt. Za vydatné pomoci duchů, rytíře Viléma Brtníka z Brtníku a jeho dcerky Leontýnky obývajících zchátralý objekt, a mnoha trpaslíků, které rytíř přivolal, se jim podaří dosáhnout cíle - hrad je opraven a předán do péče dětí. Z Leontýnky, která si stěžuje na osud nesmrtelných bytostí, se díky kopretině darované Dlouhým Jendou z lásky stane normální dívka...;01.11.1977 Ústřední půjčovna filmů;rodina, tajemství, otec, děti, rodiče, mládež, záhady, dcera, venkov, vesnice, duchové, hrad, přízrak, rytíři, trpaslíci;Oldřich Lipský;Dana Vávrová, Jiří Procházka, Jiří Sovák, Vlastimil Brodský, Lubomír Lipský st., Věra Tichánková, Petr Starý, Igor Nachtigal, David Vlček, Tomáš Holý;https://www.iprima.cz/filmy/at-ziji-duchove?utm_source=csfd&utm_medium=section_vod&utm_campaign=link_exchange<br>https://www.youtube.com/watch?v=_AQvCoIoNFc<br>https://www.iprima.cz/filmy/at-ziji-duchove?utm_source=csfd&utm_medium=section_vod&utm_campaign=link_exchange<br>https://www.youtube.com/watch?v=_AQvCoIoNFc<br>https://apps.apple.com/cz/app/id6755365206<br>https://play.google.com/store/apps/details?id=cz.csfd.csfdroid<br>;;;
135983;Karlík a továrna na čokoládu;2005;81.58137372641693;115.0;https://image.pmgstatic.com/cache/resized/w420/files/images/film/posters/159/527/159527741_9186a7.jpg;https://www.csfd.cz/film/135983-karlik-a-tovarna-na-cokoladu/;USA / Velká Británie / Austrálie;Fantasy / Rodinný / Muzikál / Dobrodružný / Komedie;Charlie and the Chocolate Factory;Karlík Bucket žije se svými rodiči a prarodiči v polorozpadlém domku. Jsou chudí, ale milují se a nedali by jeden na druhého dopustit. Nedaleko se nachází obří továrna na čokoládu, kde kdysi Karlíkův děda pracoval a poznal osobně samotného majitele Willyho Wonku. Karlík, který miluje čokoládu má sen se do továrny jednou podívat, ale to se zdá celkem nemožné až do té doby, kdy Willy Wonka vyhlásí soutěž, jejíž pět dětských vítězů z celého světa bude moct strávit jeden den v továrně. Stačí jen v jedné z čokolád najít zlatý kupon... (TV Nova);29.07.2005 Warner Bros. UK;podle knihy, muž, rodina, přátelství, přátelé, dívka, tajemství, otec, děti, matka, rodiče, mládež, záhady, touha, syn, chlapec, Vánoce, sny, rivalita, kamarádi, naděje, chudoba, soutěž, babička, děda, vnoučata, továrna, vynálezce, sobectví, vynález, čokoláda;Tim Burton;Freddie Highmore, Johnny Depp, Helena Bonham Carter, James Fox, David Kelly, Christopher Lee, Deep Roy, Jordan Fry, Phillip Wiegratz, Missi Pyle;https://srv.clickfuse.com/ads/adclkr.php?id=100006636&url=https://tv.apple.com/cz/movie/charlie-and-the-chocolate-factory/umc.cmc.3mo8p5peoquw0aniinm2ht3ai<br>/novinky/6443-waititi-netflix-a-knihy-roalda-dahla/<br>/novinky/6443-waititi-netflix-a-knihy-roalda-dahla/<br>/novinky/6443-waititi-netflix-a-knihy-roalda-dahla/<br>https://srv.clickfuse.com/ads/adclkr.php?id=100006636&url=https://tv.apple.com/cz/movie/charlie-and-the-chocolate-factory/umc.cmc.3mo8p5peoquw0aniinm2ht3ai<br>https://apps.apple.com/cz/app/id6755365206<br>https://play.google.com/store/apps/details?id=cz.csfd.csfdroid<br>;Academy Awards (1x)<br>British Academy of Film and Television Arts (BAFTA) (4x)<br>Amanda Awards (1x)<br>Golden Globes (1x)<br>Critics Choice Awards (1x)<br>The Saturn Awards (4x)<br>;Critics Choice Awards (1x)<br>;Roald Dahl
5135;Hello, Dolly!;1969;81.68473728106756;146.0;https://image.pmgstatic.com/cache/resized/w420/files/images/film/posters/160/840/160840004_b407b6.jpg;https://www.csfd.cz/film/5135-hello-dolly/;USA;Romantický / Komedie / Muzikál;Hello, Dolly!;Šarmantní a výmluvná newyorská vdova Dolly Leviová (Barbra Streisandová) je široko daleko vyhlášenou dohazovačkou. Umí dát dohromady nejrůznější páry a využívá přitom jak svou proříznutou pusu, tak především inteligenci a předvídavost. Jedním z jejích klientů je bohatý venkovský podnikatel Horác Wandergelder (Walter Matthau), jenž chce pro svou neteř najít vhodného ženicha. Sám Horác byl až dosud zapřisáhlý starý mládenec, avšak nedávno usoudil, že jeho domácnost potřebuje ženskou ruku, a tak se rozhodl vzít si za ženu newyorskou modistku Irenu Molloyovou (Marianne McAndrewová). Jenže netuší, že prohnaná Dolly si jej vyhlédla pro sebe. O tom, kdo si koho vezme za manžela, totiž odjakživa rozhodovala ona. A tak rozehrává velkou a rafinovanou hru… (Česká televize);16.12.1969 20th Century Fox;podle knihy, muž, žena, přátelství, přátelé, podle divadelní hry, město, touha, pátrání, peníze, hudba, sny, 19. století, New York, tanec, zpěv, muzikant, vdova, období 1890-1900;Gene Kelly;Barbra Streisand, Walter Matthau, Michael Crawford, Marianne McAndrew, J. Pat O'Malley, Louis Armstrong, Linda Dano, Allyce Beasley, Eddie Quillan, Scatman Crothers;https://srv.clickfuse.com/ads/adclkr.php?id=100006636&url=https://tv.apple.com/cz/movie/hello-dolly/umc.cmc.74wlalao0icb1hd6ysnaix9ll<br>https://www.youtube.com/watch?v=9SztCF_rLfw<br>http://www.ceskatelevize.cz<br>http://www.ceskatelevize.cz<br>https://srv.clickfuse.com/ads/adclkr.php?id=100006636&url=https://tv.apple.com/cz/movie/hello-dolly/umc.cmc.74wlalao0icb1hd6ysnaix9ll<br>https://www.youtube.com/watch?v=9SztCF_rLfw<br>https://apps.apple.com/cz/app/id6755365206<br>https://play.google.com/store/apps/details?id=cz.csfd.csfdroid<br>;Academy Awards (4x)<br>British Academy of Film and Television Arts (BAFTA) (4x)<br>Golden Globes (4x)<br>;Academy Awards (3x)<br>;Thornton Wilder
1427427;Bylo nebylo jedno studio;2023;83.53591160220995;12.0;https://image.pmgstatic.com/cache/resized/w420/files/images/film/posters/168/238/168238471_cidiw8.jpg;https://www.csfd.cz/film/1427427-bylo-nebylo-jedno-studio/;USA;Animovaný / Krátkometrážní / Komedie / Rodinný / Muzikál;Once Upon a Studio;V krátkém animovaném filmu Bylo nebylo jedno studio se shledávají všechny hvězdné postavy Disney Animation, aby se společně vyfotografovaly u příležitosti stoletého výročí založení společnosti Disney. (Disney+);Na VOD od 16.10.2023 Disney+;myšák Mickey, crossover, myška Minnie;Dan Abraham, Trent Correy;Kristen Bell, Jeremy Irons, Ginnifer Goodwin, Alan Tudyk, Jonathan Groff, Idina Menzel, Nathan Lane, Josh Gad, Jodi Benson, Auli'i Cravalho;https://srv.tunefindforfans.com/showads/track/srvclk.php?aid=100006796&lp=https://www.disneyplus.com/en-cz/browse/entity-ed8f308d-b613-48b4-aefc-e20f0c84fc64<br>http://disneyplus.com<br>https://srv.tunefindforfans.com/showads/track/srvclk.php?aid=100006796&lp=https://www.disneyplus.com/en-cz/browse/entity-ed8f308d-b613-48b4-aefc-e20f0c84fc64<br>https://www.csfd.cz/vod/disney-plus/<br>https://apps.apple.com/cz/app/id6755365206<br>https://play.google.com/store/apps/details?id=cz.csfd.csfdroid<br>;;;
11498;South Park: Peklo na Zemi;1999;81.0382030420941;78.0;https://image.pmgstatic.com/cache/resized/w420/files/images/film/posters/162/749/162749809_jdt24n.jpg;https://www.csfd.cz/film/11498-south-park-peklo-na-zemi/;USA;Animovaný / Komedie / Muzikál;South Park: Peklo na Zemi;Čtveřice spolužáků, Kyle Broflovski, Stan Marsh, Kenny McCormick a Eric Cartman si vyrazí do kina na nový kanadský film nazvaný Ohnivé prdele. Pokladní jim sice odmítne lístky prodat protože na film, kde se mluví sprostě, mohou jen v doprovodu rodičů, kluci si však hravě poradí. A skutečně film má na městečko zničující dopad. U dětí je sice velmi úspěšný, rodiče však požadují zákaz jeho promítání, protože sprostá mluva se v městečku rozmáhá jako lavina. Další návštěva kina se stane osudnou Kennymu, který si stejně jako postavy ve filmu zkusí zapálit prd. S popáleninami je odvezen do nemocnice, kde však zemře, když mu lékaři místo srdce transplantují bramboru. Zatímco Kenny jako většina lidí skončí v pekle, Stan žárlivě sleduje svou lásku Wendy, která dala přednost jedničkáři Gregorymu a rozzlobené ženy založí sdružení Matky proti Kanadě. Vylákají hrdiny sprostého filmu Terrance a Phillipa na talkshow, kde jsou oba vzápětí zatčeni. Kanada vznese protest, ale protože jí to není nic platné, vybombarduje dům klanu Baldwinů. Spojené státy jako odpověď vyhlásí Kanadě válku a ministryní války jmenují Kyleovu matku, která stojí v čele hnutí Matky proto Kanadě. Armáda útočí na Toronto, Kanaďané žijící v USA jsou internováni v koncentračním táboře štěstí a vzájemná roztržka se mění ve světovou válku a Satan se těší, že se konečně ujme vlády. Stan, Kyle a Cartman však mají plán jak zachránit svět.;30.06.1999 Paramount Pictures;muž, žena, rodina, smrt, přátelství, přátelé, násilí, dívka, otec, děti, matka, rodiče, mládež, manželé, chlapec, oběť (autonehody/zločinu), škola, politika, vojáci, manipulace, venkov, intriky, učitel, studenti, válka, armáda, černý humor, rozchod, diskriminace, politik, rasismus, satira, parodie, předsudky, zlo, maloměsto, odboj, učitelka, základní škola, poprava, trest smrti, Ďábel, kino, Kanada, peklo, Colorado;Trey Parker;Trey Parker, Matt Stone, Isaac Hayes, George Clooney, Brent Spiner, Minnie Driver, Dave Foley, Eric Idle, Mike Judge, Howard McGillin;https://srv.clickfuse.com/ads/adclkr.php?id=100006636&url=https://tv.apple.com/cz/movie/south-park-bigger-longer--uncut/umc.cmc.62s4owcdtuu1k4lh6r5cn11qe<br>https://www.youtube.com/watch?v=TnGeb1X-xyc<br>https://srv.clickfuse.com/ads/adclkr.php?id=100006636&url=https://tv.apple.com/cz/movie/south-park-bigger-longer--uncut/umc.cmc.62s4owcdtuu1k4lh6r5cn11qe<br>https://www.youtube.com/watch?v=TnGeb1X-xyc<br>https://apps.apple.com/cz/app/id6755365206<br>https://play.google.com/store/apps/details?id=cz.csfd.csfdroid<br>;Academy Awards (1x)<br>;Los Angeles Film Critics Association Awards (1x)<br>New York Film Critics Circle Awards (1x)<br>;
34106;Kniha džunglí;1967;80.82239215120474;78.0;https://image.pmgstatic.com/cache/resized/w420/files/images/film/posters/159/527/159527775_8979c3.jpg;https://www.csfd.cz/film/34106-kniha-dzungli/;USA;Animovaný / Dobrodružný / Rodinný / Muzikál;Kniha džunglí;"Panter Baghíra najde při své každodenní procházce džunglí v rozbité loďce opuštěné děťátko. Nejbližší lidské obydlí je vzdáleno mnoho dní cesty a bez mateřské péče je dítě odsouzeno k záhubě. Baghíra se proto děťátka ujme. Desetkrát nastaly deště a desetkrát zase ustaly. Žádné ""lidské štěně"" není možná šťastnější, a přece Baghíra ví, že se jednoho dne bude muset Mauglí vrátit k lidem... Jedné noci se vlčí stařešinové sešli na poradní skále. To proto, že se po deseti letech do džungle vrátil tygr Šírkán, známý svou nenávistí k lidské smečce. Vlčí rada rozhodne, že se chlapec musí bezodkladně vrátit k lidem. Panter Baghíra ho má dopravit do vesnice. Mauglí se však nechce rozloučit se svými zvířecími přáteli a chce zůstat v džungli. Při cestě pralesem se Mauglí spřátelí s hravým medvědem Balúem, který ho učí, jak se má bránit v boji se zvířaty i jak se má těšit ze života. Baghíra ví, že Mauglí se musí co nejrychleji dostat z džungle, neboť tygr přichází. Mauglí se ale Šírkánovi postaví: i když je ještě malý, nebojí se ho, nebude před ním utíkat. Chopí se hořící větve a bije tygra hlava nehlava. Šírkán se bolestí a strachy raději odplazí. Všichni se radují. Mauglí slibuje, že teď už je nic a nikdo nerozdělí. Vracejí se do nitra džungle, když tu chlapec zahlédne u řeky holčičku nabírající vodu. Mauglí je okouzlen. Chce si ji prohlédnout a vůbec nepozoruje, že se vzdaluje svým kamarádům a následuje dívenku až do vesnice. Baghíra ví, že se to muselo stát. Balú neví co má říct, vždyť věřil, že z Mauglího bude jednou báječný medvěd...";18.10.1967 Buena Vista Pictures US;podle knihy, chlapec, zvířata, džungle, medvědi, opice, sloni, vlci, hadi, tygři, vlčí dítě;Wolfgang Reitherman;Phil Harris, George Sanders, Sterling Holloway, J. Pat O'Malley, Clint Howard, Ben Wright, Hal Smith, John Abbott, Verna Felton, Sebastian Cabot;/tvurce/3426-walt-disney/prehled/<br>https://srv.tunefindforfans.com/showads/track/srvclk.php?aid=100006796&lp=https://www.disneyplus.com/en-cz/browse/entity-9a969820-2c25-4cf9-a461-ed84696cdf19<br>https://srv.clickfuse.com/ads/adclkr.php?id=100006636&url=https://tv.apple.com/cz/movie/the-jungle-book/umc.cmc.5hv0dvpzmjgiqka0r66rn4cf4<br>/novinky/5381-netflix-koupil-serkisovu-farmu-zvirat/<br>/novinky/5381-netflix-koupil-serkisovu-farmu-zvirat/<br>/novinky/5381-netflix-koupil-serkisovu-farmu-zvirat/<br>/novinky/5366-maugli-miri-na-netflix/<br>/novinky/5366-maugli-miri-na-netflix/<br>/novinky/5366-maugli-miri-na-netflix/<br>https://srv.tunefindforfans.com/showads/track/srvclk.php?aid=100006796&lp=https://www.disneyplus.com/en-cz/browse/entity-9a969820-2c25-4cf9-a461-ed84696cdf19<br>https://srv.clickfuse.com/ads/adclkr.php?id=100006636&url=https://tv.apple.com/cz/movie/the-jungle-book/umc.cmc.5hv0dvpzmjgiqka0r66rn4cf4<br>https://apps.apple.com/cz/app/id6755365206<br>https://play.google.com/store/apps/details?id=cz.csfd.csfdroid<br>;Academy Awards (1x)<br>;;Rudyard Kipling
49417;Tančírna;1983;81.3455149501661;109.0;https://image.pmgstatic.com/cache/resized/w420/files/images/film/posters/170/821/170821594_ukfvgz.jpg;https://www.csfd.cz/film/49417-tancirna/;Itálie / Francie / Alžírsko;Historický / Muzikál / Taneční;Ballando ballando;"Snímek Tančírna zprostředkovává divákovi intenzivní pocit míjejícího času a historie, ve kterém se prolíná ""malý"" osobní život pravidelných návštěvníků jedné typické pařížské, předměstské tančírny s během ""velkých"" dějin. Film je natočen úplně beze slov. Divákovi ale vše mistrně zprostředkovává pomocí syntézy hudby, tance, pantomimy, masek a kostýmů. V několika epizodách, odehrávajících se v rozpětí takřka padesáti let (1936-83), jsou v Tančírně připomenuty významné momenty z minulosti Francie a spolu s ní vlastně i celé Evropy. K popularitě snímku přispívají četné a charakteristické melodie oněch časů, včetně šansonů Edith Piaf a písniček Beatles. Originální koncepci tanečního vyprávění převzal známý italský režisér Ettore Scola z pantomimického divadelního představení, uváděného pařížským Le Théatre du Campagnol v roce 1981. Do filmových rolí byli obsazeni přímo herci úspěšné divadelní adaptace, neboť sehranost kolektivu byla v tomto případě zárukou celosvětového úspěchu filmu. Mimo jiné inspirovala i vznik představení brněnského Divadla v 7 a půl. (Film Europe)";13.07.2011 Les Acacias;20. století, podle divadelní hry, období 1940-1950, tanec, období 1930-1940, období 1960-1970, období 1980-1990, období 1950-1960;Ettore Scola;Jean-François Perrier, Marc Berman, Monica Scattini, Jean-Claude Penchenat, Régis Bouquet, Francesco De Rosa, Rossana Di Lorenzo;https://apps.apple.com/cz/app/id6755365206<br>https://play.google.com/store/apps/details?id=cz.csfd.csfdroid<br>;Academy Awards (1x)<br>César Awards (1x)<br>Berlinale (Berlin International Film Festival) (1x)<br>;César Awards (3x)<br>Berlinale (Berlin International Film Festival) (1x)<br>;
9389;Tanec v temnotách;2000;80.73322510822511;140.0;https://image.pmgstatic.com/cache/resized/w420/files/images/film/posters/163/602/163602023_41b75b.jpg;https://www.csfd.cz/film/9389-tanec-v-temnotach/;Dánsko / Německo / Nizozemsko / USA / Švédsko;Krimi / Drama / Muzikál;Dancer in the Dark;Svérázné československé emigrantce Selmě Ježkové hrozí brzká slepota. Sama emigrovala do Spojených států 60. let, aby tu zajistila oční operaci synovi postiženému dědičnou chorobou. Přestože Selmu obklopují dobří lidé, zůstává ve svém údělu sama. Potíže překonává zejména díky vášni k muzikálům. Trierovský dokumentární způsob snímání pomocí ruční digitální kamery tvoří zvláštní a často diskutovaný kontrast k žánru melodramatu a muzikálu. Závěrečnému snímku Trierovy “trilogie zlatého srdce” dominuje islandská zpěvačky Björk, která se zde se svou výjimečnou rolí zcela identifikovala bez dalších ambicí na filmovou kariéru. Za svůj výkon si odvezla hereckou cenu z Cannes, kde byl film oceněn i cenu nejvyšší, Zlatou palmou. (Aerofilms);08.09.2000 Sandrew Metronome Swe.;muž, žena, smrt, přátelství, přátelé, násilí, tajemství, děti, matka, policie, syn, peníze, venkov, lež, hudba, vesnice, zrada, vězení, doktoři, nemoc, tragédie, krádež, zloděj, loupež, nehoda, tanec, zpěv, chudoba, křivé obvinění, přistěhovalci, imigrace, emigrace, slepota, továrna, trest smrti, Dogma 95;Lars von Trier;Björk, Catherine Deneuve, David Morse, Peter Stormare, Joel Grey, Cara Seymour, Jean-Marc Barr, Vincent Paterson, Siobhan Fallon Hogan, Željko Ivanek;https://apps.apple.com/cz/app/id6755365206<br>https://play.google.com/store/apps/details?id=cz.csfd.csfdroid<br>;Academy Awards (1x)<br>César Awards (1x)<br>Robert Awards (Danish Film Awards) (6x)<br>Golden Globes (2x)<br>Los Angeles Film Critics Association Awards (1x)<br>;Independent Spirit Awards (1x)<br>European Film Awards (4x)<br>Goya Awards (1x)<br>Robert Awards (Danish Film Awards) (5x)<br>Cannes Film Festival (2x)<br>Tallinn Black Nights Film Festival (1x)<br>;
20382;Malý toaster;1987;81.02055279943302;90.0;https://image.pmgstatic.com/cache/resized/w420/files/images/film/posters/000/016/16331_02cc81.jpg;https://www.csfd.cz/film/20382-maly-toaster/;USA / Tchaj-wan / Japonsko;Animovaný / Dobrodružný / Rodinný / Komedie / Fantasy / Muzikál;Odvážný malý toaster;Mile svérázné veselé postavičky a přitažlivé výtvarné zpracování dělají z tohoto výjimečně pěkného filmu krásný zážitek pro každé dítě. Film připomíná velké hollywoodské filmy, ve kterých hrdinové stále musí čelit novým problémům a proto je velmi vzrušující a skutečně silně upoutá vaši pozornost. Nudit se při něm zaručeně nebudou malí ani velcí! Jednoho dne rodina opustí svůj domov a zanechá v něm domácí spotřebiče. Ty ale oživnou a vypraví se do světa najít svého „pána“. Tak začíná nebezpečná, humorná a krásná podívaná o putování domácích spotřebičů do města i na venkov. Po boku nebojácného malého toastera tu kráčí vážný vysavač, zbabělá skříńka, hlučné rádio, rozsvícená lampa a další. Cestou prožívají nevídaná dobrodružství a jsou moc rádi, když nakonec svého „pána“ přece jen najdou.;Na DVD od 01.02.2004 Magic Box;město, venkov, putování, statečnost;Jerry Rees;Jon Lovitz, Timothy Stack, Phil Hartman, Joe Ranft, Deanna Oliver, Randall William Cook, Judy Toll, Chris Edgerly, Pat Fraley, Gary Falcone;https://apps.apple.com/cz/app/id6755365206<br>https://play.google.com/store/apps/details?id=cz.csfd.csfdroid<br>;Sundance Film Festival (1x)<br>;Sundance Film Festival (1x)<br>;
397338;Odvážná Vaiana: Legenda o konci světa;2016;80.35628088725434;107.0;https://image.pmgstatic.com/cache/resized/w420/files/images/film/posters/161/305/161305602_3e4e32.jpg;https://www.csfd.cz/film/397338-odvazna-vaiana-legenda-o-konci-sveta/;USA;Animovaný / Dobrodružný / Komedie / Rodinný / Fantasy / Muzikál;Moana;Walt Disney Animation Studios uvedou struhující počítačově animovaný film Odvážná Vaiana: Legenda o konci světa o nebojácné dospívající dívce, která se vydává na nebezpečnou cestu, aby zachránila svůj lid. Cestou potkává Vaiana (Auli'i Cravalho) kdysi mocného poloboha Mauiho (Dwayne Johnson), který jí pomůže stát se zkušenou mořeplavkyní. Společně se plaví přes širý oceán a zažívají nebezpečná a úžasná dobrodružství, například setkání s obřími mořskými monstry, ze kterých leckdy uniknou jen o vlásek. Na konci cesty Vaiana splní úkol svých předků a najde to, co vždycky hledala: sama sebe. (Falcon);23.11.2016 Buena Vista Pictures US;dívka, dcera, zvířata, moře, ostrov, monstra, voda, lodě, oceán, babička, domorodé kmeny, hrdina, démoni, legenda, pláž, oheň, 3D, bohové, Disney Princess, láva;Ron Clements, John Musker;Auli'i Cravalho, Dwayne Johnson, Temuera Morrison, Jemaine Clement, Nicole Scherzinger, Alan Tudyk, Oscar Kightley, Chris Jackson, Phillipa Soo;https://srv.tunefindforfans.com/showads/track/srvclk.php?aid=100006796&lp=https://www.disneyplus.com/en-cz/browse/entity-e8896bfa-1052-41f7-ae2e-00255d77cf05<br>https://srv.clickfuse.com/ads/adclkr.php?id=100006636&url=https://tv.apple.com/cz/movie/moana/umc.cmc.13yhzauh3b57obklyle10aepi<br>/novinky/8951-disney-o-rok-odsouva-hranou-moanu/<br>/novinky/8951-disney-o-rok-odsouva-hranou-moanu/<br>/novinky/8951-disney-o-rok-odsouva-hranou-moanu/<br>/novinky/8898-disney-oznamuje-pokracovani-a-premiery-svych-hitu/<br>/novinky/8898-disney-oznamuje-pokracovani-a-premiery-svych-hitu/<br>/novinky/8898-disney-oznamuje-pokracovani-a-premiery-svych-hitu/<br>https://srv.tunefindforfans.com/showads/track/srvclk.php?aid=100006796&lp=https://www.disneyplus.com/en-cz/browse/entity-e8896bfa-1052-41f7-ae2e-00255d77cf05<br>https://srv.clickfuse.com/ads/adclkr.php?id=100006636&url=https://tv.apple.com/cz/movie/moana/umc.cmc.13yhzauh3b57obklyle10aepi<br>/tag/1764-disney-princess/<br>https://apps.apple.com/cz/app/id6755365206<br>https://play.google.com/store/apps/details?id=cz.csfd.csfdroid<br>;Academy Awards (2x)<br>British Academy of Film and Television Arts (BAFTA) (1x)<br>Golden Globes (2x)<br>Critics Choice Awards (2x)<br>Florida Film Critics Circle Awards (1x)<br>The Saturn Awards (1x)<br>;;
44068;Shrek in the Swamp Karaoke Dance Party;2001;80.36283185840708;3.0;https://image.pmgstatic.com/cache/resized/w420/files/images/film/posters/000/366/366500_c59936.jpg;https://www.csfd.cz/film/44068-shrek-in-the-swamp-karaoke-dance-party/;USA;Komedie / Muzikál / Krátkometrážní / Animovaný;;"Lahodný desert, neboli bonus k filmu Shrek. Ještě před závěrečnými titulky nám tvůrci filmového Shreka nabídnou pohled do Bažiny, kde se koná karaoke, taneční párty, kde uslyšíte ty nejznámější písničky v podání ""shrekovských"" pohádkových postav, roztančených do neuvěřitelných pohybů. (maverick10)";;hudba;Vicky Jenson, Andrew Adamson;Mike Myers, Cameron Diaz, Vincent Cassel, Conrad Vernon, John Lithgow, Simon J. Smith, Chris Miller, Christopher Knights, Cody Cameron, Guillaume Aretos;https://www.youtube.com/watch?v=BYsHZFvMuxw<br>https://apps.apple.com/cz/app/id6755365206<br>https://play.google.com/store/apps/details?id=cz.csfd.csfdroid<br>;;;
8026;Starci na chmelu;1964;80.01534095267316;88.0;https://image.pmgstatic.com/cache/resized/w420/files/images/film/posters/170/198/170198427_be41fq.jpg;https://www.csfd.cz/film/8026-starci-na-chmelu/;Československo;Komedie / Drama / Muzikál / Romantický;Starci na chmelu;"Půvabná studentka Hanka se na chmelové brigádě stává středem zájmu vychloubačného premianta Honzy a čestného a zásadového, byť poněkud svéráznějšího Filipa. Romantika v podkroví školy, kde jsou studenti ubytováni, však končí necitlivým zásahem pedagogického dozoru. Svěží, optimistický, sedmnáctiletý český film. A dnes už také nesmrtelná legenda! ""Ten příběh, který uvidíte a co tak divně začíná, ten mohlo prožít vaše dítě, ať chce či nechce rodina. Ten může prožít vaše dítě a nikoli jen na chmelu a když se nad ním zamyslíte, dosáhl svého účelu."" Tímto nápěvem začíná český muzikál, který není třeba nijak představovat. Příběh lásky, která vznikla ke zděšení okolí na chmelové brigádě, patří mezi naše nejoblíbenější filmy také díky skvělým písničkám, které zpívají Karel Gott, Josef Zíma, Jana Petrů, Karel Štědrý a Jana Malknechtová.";18.09.1964 Ústřední půjčovna filmů;láska, hudba, léto, teen comedy;Ladislav Rychman;Vladimír Pucholt, Ivana Pavlová, Miloš Zavadil, Irena Kačírková, Josef Kemr, Libuše Havelková, Vladimír Klos, Vladimír Kloubek, Zuzana Šavrdová, Josef Koníček;https://srv.clickfuse.com/ads/adclkr.php?id=100006636&url=https://tv.apple.com/cz/movie/starci-na-chmelu/umc.cmc.tjspb1nlns80dphe0adxj422<br>https://www.iprima.cz/filmy/starci-na-chmelu?utm_source=csfd&utm_medium=section_vod&utm_campaign=link_exchange<br>https://srv.clickfuse.com/ads/adclkr.php?id=100006636&url=https://tv.apple.com/cz/movie/starci-na-chmelu/umc.cmc.tjspb1nlns80dphe0adxj422<br>https://www.iprima.cz/filmy/starci-na-chmelu?utm_source=csfd&utm_medium=section_vod&utm_campaign=link_exchange<br>https://apps.apple.com/cz/app/id6755365206<br>https://play.google.com/store/apps/details?id=cz.csfd.csfdroid<br>;;Zlín Film Festival (1x)<br>;
44848;Rapsodie v modrém;1945;83.0327868852459;135.0;https://image.pmgstatic.com/cache/resized/w420/files/images/film/posters/170/167/170167595_cnjzbk.jpg;https://www.csfd.cz/film/44848-rapsodie-v-modrem/;USA;Drama / Životopisný / Muzikál;Rhapsody in Blue;"Slavný americký skladatel George Gershwin (26. 9. 1898 - 11. 7. 1937) se narodil v chudé rodině v Brooklynu. Od dětství projevoval hudební nadání a zároveň velmi toužil po úspěchu. Jeho cílem bylo prorazit v hudební branži, což se mu povedlo už v šestnácti letech díky písni Swanee. Největšího úspěchu a profesního uznání však dosáhl díky skladbě pro klavír a symfonický orchestr Rapsodie v modrém. Jeho největším přínosem pro moderní hudbu bylo spojení klasiky a džezu; kromě Rapsodie v modrém např. i ve skladbě Američan v Paříži či v operním díle Porgy a Bess. Jeho ambice však měly i odvrácenou stránku: právě ony například zmařily Gershwinův romantický vztah se zpěvačkou Julií Adamsovou. Životopisný film režiséra Irvinga Rappera, nazvaný podle Gershwinovy nejznámější skladby, zachycuje osudy tohoto významného hudebníka od jeho dětství až po předčasnou smrt v necelých čtyřiceti letech. Film zasvěceně provází diváky jak životními peripetiemi George Gershwina a jeho blízkých, tak především hudebním světem tohoto génia. Součástí filmu je i zkrácené koncertní provedení Rapsodie v modrém. Zajímavostí je, že dekorace v sekvenci s představením Porgy a Bess je přesnou kopií původní výpravy, vytvořené pro broadwayskou inscenaci této opery v roce 1935. V hlavní roli debutoval Robert Alda, otec herce Alana Aldy. Film získal dvě nominace na Oscara v kategoriích Nejlepší hudba a Nejlepší zvuk.";22.09.1945 Warner Bros. US;;Irving Rapper;Robert Alda, Joan Leslie, Alexis Smith, Charles Coburn, Julie Bishop, Albert Bassermann, Morris Carnovsky, Rosemary DeCamp, Oscar Levant, Paul Whiteman;https://apps.apple.com/cz/app/id6755365206<br>https://play.google.com/store/apps/details?id=cz.csfd.csfdroid<br>;Academy Awards (2x)<br>Cannes Film Festival (1x)<br>;;Sonya Levien
8768;Jentl;1983;80.1772324471711;132.0;https://image.pmgstatic.com/cache/resized/w420/files/images/film/posters/159/728/159728149_drkxla.jpg;https://www.csfd.cz/film/8768-jentl/;USA / Velká Británie;Drama / Muzikál / Romantický;Yentl;V nádherně vykresleném příběhu o mladé a nezávislé ženě, která je donucena se vydávat za chlapce, aby ukojila svoji žízeň po vědění, ztvárnila hlavní roli Barbra Streisand. Režisérský debut Barbry Streisand Jentl představuje hudební adaptaci příběhu židovského spisovatele Isaaca Bashevise Singera. Jentl (Barbra Streisand) je mladá žena, která touží jen po tom moci studovat Písmo. Protože je však žena, je jí tato možnost odepřena. Rozhodne se tedy vydávat za mladíka jménem Anshel a začíná vysněná studia. Brzy se sblíží se svým spolužákem Avigdorem (Mandy Patinkin) a nakonec se do něj zamiluje. Svou pravou identitu však ukázat nemůže, neboť to by znamenalo konec studií. Avigdor miluje Hadass (Amy Irving), ale náboženská pravidla mu zakazují si ji vzít. Pokouší se tedy dát ji dohromady s Anshelem, následkem čehož se Hadass do Anshela zamiluje. Snímek získal čtyři nominace na Oscara, včetně dvou za nejlepší píseň, a podle mnohých se pro Barbru Streisand jedná o životní roli. Český příspěvek se ve filmu projevuje především známými exteriéry, které podporují tento půvabný a citlivý příběh polské židovské dívky, která, přestože jí to tvrdá pravidla víry zakazují, touží po vzdělání.;06.01.1984 MGM/UA Entertainment Company;láska, žena, tajemství, otec, dcera, touha, škola, umění, hudba, vášeň, studenti, svatba, hudebník, milostný trojúhelník, víra, zpěv, muzikant, diskriminace, předsudky, zpěvačka, vysoká škola, Židé, zakázaná láska, změna identity, umělci, judaismus, crossdressing, rabín;Barbra Streisand;Barbra Streisand, Mandy Patinkin, Amy Irving, Nehemiah Persoff, Steven Hill, Allan Corduner, Miriam Margolyes, Ian Sears, Doreen Mantle, Teddy Kempner;https://srv.clickfuse.com/ads/adclkr.php?id=100006636&url=https://tv.apple.com/cz/movie/yentl/umc.cmc.19mgu2jakxy4lga914m04ktx8<br>https://www.youtube.com/watch?v=aVIuc6phSCQ<br>https://srv.clickfuse.com/ads/adclkr.php?id=100006636&url=https://tv.apple.com/cz/movie/yentl/umc.cmc.19mgu2jakxy4lga914m04ktx8<br>https://www.youtube.com/watch?v=aVIuc6phSCQ<br>https://apps.apple.com/cz/app/id6755365206<br>https://play.google.com/store/apps/details?id=cz.csfd.csfdroid<br>;Academy Awards (4x)<br>Golden Globes (4x)<br>Golden Raspberry Awards (Razzies) (3x)<br>;Academy Awards (1x)<br>Golden Globes (2x)<br>;Isaac Bashevis Singer
268540;Zvířátka a lupiči;1989;83.77777777777777;86.0;https://image.pmgstatic.com/cache/resized/w420/files/images/film/posters/160/871/160871961_209d9c.jpg;https://www.csfd.cz/film/268540-zviratka-a-lupici/;Španělsko;Animovaný / Rodinný / Muzikál;Los 4 músicos de Bremen;Film vznikl podle známě pohádky bratří Grimmů Zvířátka a Petrovští. Vypráví o statečné, chytré a hudebně nadané čtveřici - kohoutovi, oslíkovi, psovi a kocourovi. Celkem vtipně a svižně podaný příběh zpracovaný v klasickém disneyovském stylu potěší zejména nejmenší diváky.;26.06.1989 Filmayer S.A.;podle knihy, zvířata;Cruz Delgado;Rafael Alonso Naranjo Jr., Gonzalo Durán, Manuel Torremocha, Luis Marín, Simón Ramírez, Claudio Serrano;/tvurce/3426-walt-disney/prehled/<br>https://apps.apple.com/cz/app/id6755365206<br>https://play.google.com/store/apps/details?id=cz.csfd.csfdroid<br>;;Goya Awards (1x)<br>;Jacob Grimm, Wilhelm Grimm
42721;Noc v opeře;1935;80.72607260726073;96.0;https://image.pmgstatic.com/cache/resized/w420/files/images/film/posters/158/083/158083506_43dc00.jpg;https://www.csfd.cz/film/42721-noc-v-opere/;USA;Komedie / Rodinný / Romantický / Muzikál;A Night at the Opera;Vzpoura na lodi, skandál v New Yorku a večer v koncertní síni plný šílenství - to jsou jen některé z následků ostudných obchodních plánů Groucho Marxe, kterými chce na Manhattan dostat největší operní hvězdy italského Milána...;08.11.1935 Metro-Goldwyn-Mayer (MGM);muž, černobílý film, láska, rodina, město, touha, cestování, sourozenci, umění, hudba, putování, sny, bratři, moře, sláva, New York, voda, lodě, šílenství, herci, opera, oceán, cizinec (někdo ze zahraničí), Itálie, celebrity, klavírista, herec, skandál, klasická hudba, bratr, obchod (transakční), groteska, herectví, blázni, podnikatel, Milán, bratři Marxové;Sam Wood;Groucho Marx, Chico Marx, Harpo Marx, Kitty Carlisle, Allan Jones, Walter Woolf King, Sig Ruman, Margaret Dumont, Jonathan Hale, Rolfe Sedan;https://apps.apple.com/cz/app/id6755365206<br>https://play.google.com/store/apps/details?id=cz.csfd.csfdroid<br>;;;
23044;Život v tanci;1939;83.10880829015544;93.0;https://image.pmgstatic.com/cache/resized/w420/files/images/film/posters/166/474/166474416_b06c3e.jpg;https://www.csfd.cz/film/23044-zivot-v-tanci/;USA;Muzikál / Romantický / Válečný;The Story of Vernon and Irene Castle;"Životopisný příběh se věnuje skutečné taneční dvojici z doby před první světovou válkou. Vernon Castle, komik z divadelní revue, bojující o každodenní přežití, potkává roku 1911 na pláži začínající, ale ambiciozní tanečnici Irene. Cesty osudu je zavedou do Paříže, kde se spolu snaží prosadit ve společenském tanci. Ze zprvu neznámé dvojice ""vyrobí"" schopná manažerka Edna miláčky Francie, později i Spojených států. První světová válka, kdy Vernon narukoval do Kanadského královského letectva jako pilot, však zastaví kariéru této taneční i manželské dvojice.";29.03.1939 RKO Radio Pictures;;H.C. Potter;Fred Astaire, Ginger Rogers, Edna May Oliver, Walter Brennan, Etienne Girardot, Janet Beecher, Roy D'Arcy, Rolfe Sedan, Leonid Kinskey, Frances Mercer;https://apps.apple.com/cz/app/id6755365206<br>https://play.google.com/store/apps/details?id=cz.csfd.csfdroid<br>;;;
9401;Kouř;1990;79.19160823214183;89.0;https://image.pmgstatic.com/cache/resized/w420/files/images/film/posters/164/595/164595653_6dade4.jpg;https://www.csfd.cz/film/9401-kour/;Československo;Komedie / Muzikál;Smoke;"""Muzikál totalitního věku"" je podtitul snímku Kouř, ve kterém vycházel Tomáš Vorel ze svého druhého pověstného školního filmu ING. (1985), jenž zde však doznal mnoha změn. Zůstala vlastně jen osa příběhu: mladý inženýr přichází na své první působiště se záměrem pracovat, což se však v bizarních poměrech éry posledních let totalitní křeče ukáže být šokujícím výstřelkem. Mirek svým neobvykle normálním postojem uvede do chodu běh ""místních"" dějin, a tak společenské zlo (zosobněné nekompetentními šéfy) je aktuálně svrženo spravedlivě rozhořčeným, probuzeným davem a jsou nastoleny nové pořádky, které však v mnohém začínají připomínat pořádky staré, obrácené naruby. Na scénáři spolupracoval s Tomášem Vorlem vedoucí jednoho z divadel Pražské pětky, Lumír Tuček z Recitační skupiny Vpřed. Snímek má poetiku typickou pro zmíněné společenství: prolínání vážného s nevážným, ironie s obdivem, reality s bizarností, skutečnosti s absurditou.";01.02.1991;alkoholismus, komunismus, Ostrava;Tomáš Vorel;Jan Slovák, Lucie Zedníčková, Jaroslav Dušek, Eva Holubová, David Vávra, Petr Čtvrtníček, Šimon Caban, Aleš Najbrt, Radomil Uhlíř, Jiří Fero Burda;https://www.iprima.cz/filmy/kour?utm_source=csfd&utm_medium=section_vod&utm_campaign=link_exchange<br>https://www.youtube.com/watch?v=4h-eGQa-REc<br>https://www.iprima.cz/filmy/kour?utm_source=csfd&utm_medium=section_vod&utm_campaign=link_exchange<br>https://www.youtube.com/watch?v=4h-eGQa-REc<br>https://apps.apple.com/cz/app/id6755365206<br>https://play.google.com/store/apps/details?id=cz.csfd.csfdroid<br>;;;
31484;Parník Willie;1928;80.20771513353115;8.0;https://image.pmgstatic.com/cache/resized/w420/files/images/film/posters/168/161/168161866_be60dt.png;https://www.csfd.cz/film/31484-parnik-willie/;USA;Animovaný / Krátkometrážní / Komedie / Rodinný / Muzikál;Steamboat Willie;Mickey sa snaží riadiť parník putujúci po rieke, ale prísny kapitán Pete mu to po chvíľke zatrhne a tak sa Mickey musí poobhliadnuť po inej činnosti. Po tom, čo na tichú palubu lode príde Minnie, sa na nej roztočí poriadna zábava v podobe veselej muziky, hranej na najrôznejších veciach čo prídu pod ruku... (T2);;černobílý film, myšák Mickey;Ub Iwerks, Walt Disney;Walt Disney;/tvurce/3426-walt-disney/prehled/<br>/tvurce/3426-walt-disney/prehled/<br>/tvurce/3426-walt-disney/prehled/<br>/tvurce/3426-walt-disney/prehled/<br>/tvurce/790303-roy-o-disney/prehled/<br>https://srv.tunefindforfans.com/showads/track/srvclk.php?aid=100006796&lp=https://www.disneyplus.com/en-cz/browse/entity-25603c01-110a-40d9-a4cb-e59da23a6f64<br>https://www.csfd.cz/tvurce/3426-walt-disney/<br>https://srv.tunefindforfans.com/showads/track/srvclk.php?aid=100006796&lp=https://www.disneyplus.com/en-cz/browse/entity-25603c01-110a-40d9-a4cb-e59da23a6f64<br>https://apps.apple.com/cz/app/id6755365206<br>https://play.google.com/store/apps/details?id=cz.csfd.csfdroid<br>;;;
11734;Malá mořská víla;1989;79.15690866510539;83.0;https://image.pmgstatic.com/cache/resized/w420/files/images/film/posters/159/527/159527835_51b695.jpg;https://www.csfd.cz/film/11734-mala-morska-vila/;USA;Animovaný / Rodinný / Romantický / Muzikál;The Little Mermaid;Dcera krále moří se jmenuje Ariel, je jí šestnáct let a je zamilovaná do prince Erika, kterému zachránila život, když jeho loď ztroskotala v bouři. Protože vládce podmořské říše nemá pro náklonnost své dcery k lidem pochopení, musí se Ariel obrátit se žádostí o pomoc na zlou čarodějnici. Ta ji na tři dny přičaruje nohy pod podmínkou, že jí víla daruje svůj krásný hlas. A ještě je tu jeden háček pokud princ dívku do tří dnů z lásky nepolíbí, stane se z ní opět mořská panna s ploutví a její duše navěky propadne zlé čarodějnici. Bůhví jak by to dopadlo, kdyby Ariel nepomáhali její legrační přátelé krab, racek a rybkaFilm získal dva Oscary - za hudbu (Alan Menken) i píseň (Alan Menken, Howard Ashman) a na rozdíl od stejnojmenné předlohy Hanse Christiana Andersena končí šťastně.;17.11.1989 Buena Vista Pictures US;podle knihy, láska, lež, moře, svatba, psi, lodě, kouzla, čarodějnice, princ, žraloci, ryby, bouře, zámek, loď v ohrožení, němota, mořské panny, Disney Princess;John Musker, Ron Clements;Jodi Benson, Samuel E. Wright, Kenneth Mars, Ben Wright, Buddy Hackett, Nancy Cartwright, Charlie Adler, René Auberjonois, Jim Cummings, Frank Welker;https://srv.tunefindforfans.com/showads/track/srvclk.php?aid=100006796&lp=https://www.disneyplus.com/en-cz/browse/entity-f7643452-fe64-4b05-8f09-c8bea9b2dd60<br>https://srv.clickfuse.com/ads/adclkr.php?id=100006636&url=https://tv.apple.com/cz/movie/the-little-mermaid/umc.cmc.44zn5mij4tcnfk95hxexjm5x8<br>/novinky/3095-disney-posila-do-kin-letadla-a-velky-mraz/<br>/novinky/3095-disney-posila-do-kin-letadla-a-velky-mraz/<br>/novinky/3095-disney-posila-do-kin-letadla-a-velky-mraz/<br>https://srv.tunefindforfans.com/showads/track/srvclk.php?aid=100006796&lp=https://www.disneyplus.com/en-cz/browse/entity-f7643452-fe64-4b05-8f09-c8bea9b2dd60<br>https://srv.clickfuse.com/ads/adclkr.php?id=100006636&url=https://tv.apple.com/cz/movie/the-little-mermaid/umc.cmc.44zn5mij4tcnfk95hxexjm5x8<br>/tag/1764-disney-princess/<br>https://apps.apple.com/cz/app/id6755365206<br>https://play.google.com/store/apps/details?id=cz.csfd.csfdroid<br>;Academy Awards (1x)<br>Golden Globes (2x)<br>;Academy Awards (2x)<br>Golden Globes (2x)<br>Los Angeles Film Critics Association Awards (1x)<br>;Hans Christian Andersen
1641;Divotvorný hrnec;1968;79.38144329896907;141.0;https://image.pmgstatic.com/cache/resized/w420/files/images/film/posters/159/533/159533450_2b715c.jpg;https://www.csfd.cz/film/1641-divotvorny-hrnec/;USA;Rodinný / Fantasy / Muzikál;Finian's Rainbow;"Nestárnoucí muzikál v režii Francise Forda Coppoly se skvělým Fredem Astairem je založen na brodwayské show ze 40. let. Tajemný Ir se přestěhuje do malého jižanského městečka. Má v plánu zakopat kouzelný hrnec zlata, který ukradl skřítkovi Ogovi, a vypěstovat si tak bohatou ""úrodu"". Ale jeho plány jsou zničeny ve chvíli, kdy jeho dcera Sharon vysloví nesprávné přání ve chvíli, kdy stojí nad kouzelným hrncem.";09.10.1968 Warner Brothers/Seven Arts;podle divadelní hry, americký jih;Francis Ford Coppola;Fred Astaire, Petula Clark, Tommy Steele, Don Francks, Keenan Wynn, Al Freeman Jr., Wright King, Jester Hairston, Roy Glenn, Ronald Colby;https://srv.clickfuse.com/ads/adclkr.php?id=100006636&url=https://tv.apple.com/cz/movie/finians-rainbow/umc.cmc.7j834gito0eaefnzr9tr5jr2l<br>https://www.youtube.com/watch?v=jc6QN3_-OGY<br>https://srv.clickfuse.com/ads/adclkr.php?id=100006636&url=https://tv.apple.com/cz/movie/finians-rainbow/umc.cmc.7j834gito0eaefnzr9tr5jr2l<br>https://www.youtube.com/watch?v=jc6QN3_-OGY<br>https://apps.apple.com/cz/app/id6755365206<br>https://play.google.com/store/apps/details?id=cz.csfd.csfdroid<br>;Academy Awards (2x)<br>Golden Globes (4x)<br>;;
23041;Smím prosit?;1937;80.95808383233533;109.0;https://image.pmgstatic.com/cache/resized/w420/files/images/film/posters/160/189/160189010_2541c0.jpg;https://www.csfd.cz/film/23041-smim-prosit/;USA;Komedie / Muzikál / Romantický;Chci tančit s tebou;"Příběh muzikálu je jednoduchý a opět v něm jde především o prostor pro skvělá taneční čísla legendární dvojice ""Ginger a Fred"". Slavný tanečník Peter Peters s uměleckým pseudonymem Petrov, mistr v baletu, který k nelibosti svého zaměstnavatele do baletu přidává prvky stepu, si zamane získat srdce tanečnice Lindy Keetonové. Linda jako správná emancipovaná žena samozřejmě nemá v nejmenším úmyslu si Petera vzít. Alespoň zpočátku ne. A tady je prostor pro neodolatelného svůdníka Freda Astairea, aby tanečním uměním přivábil svou vyvolenou. Spolu se svou partnerkou Ginger Rogersovou předvedli špičkový výkon. Neuvěřitelné taneční kreace jsou doplněny hudebním doprovodem dokonale navozujícím atmosféru třicátých let - autory písní jsou George a Ira Gershwinovi.";07.05.1937 RKO Radio Pictures;černobílý film, New York, tanec, zpěv, balet;Mark Sandrich;Fred Astaire, Ginger Rogers, Edward Everett Horton, Eric Blore, Jerome Cowan, Charles Irwin, Rolfe Sedan, Ben Alexander, Sam Harris, George Magrill;https://apps.apple.com/cz/app/id6755365206<br>https://play.google.com/store/apps/details?id=cz.csfd.csfdroid<br>;Academy Awards (1x)<br>Venice Film Festival (1x)<br>;;
319840;Big Easy Express;2012;92.54901960784314;98.0;https://image.pmgstatic.com/cache/resized/w420/files/images/film/posters/167/571/167571562_k9p9z8.jpg;https://www.csfd.cz/film/319840-big-easy-express/;USA;Dokumentární / Muzikál;;Film dokumentuje turné z roku 2011 folk rockových a bluegrassových hudebních skupin Old Crow Medicine Show, Mumford and Sons a Edward Sharpe and the Magnetic Zeroes. (moukey);;;Emmett Malloy;Nora Kirkpatrick, Ted Dwane, Winston Marshall, Ben Lovett, Marcus Mumford, Aaron Embry, Willie Watson;https://apps.apple.com/cz/app/id6755365206<br>https://play.google.com/store/apps/details?id=cz.csfd.csfdroid<br>;;;
23028;Velikonoční přehlídka;1948;82.25806451612904;107.0;https://image.pmgstatic.com/cache/resized/w420/files/images/film/posters/164/953/164953443_2480fe.jpg;https://www.csfd.cz/film/23028-velikonocni-prehlidka/;USA;Muzikál / Romantický;Velikonoční paráda;Don a Nadine jsou skvělý pár tanečníků, ale Nadine se rozhodne pro svou vlastní kariéru. Don tedy začne tančit s Hannah, první tanečnicí, která se mu namane. Úspěch na sebe nedá dlouho čekat a projeví o ně zájem show Ziegfeld Follies, ve které tančí i Nadine, a proto Don nabídku raději odmítne. S Hannah Don udržuje čiště obchodní vztah, i přestože je do ní zamilován, a je natolik přesvědčivý, že se Hannah domnívá, že je pro něj stále přednější Nadine.;30.06.1948 Metro-Goldwyn-Mayer (MGM);tanec, Velikonoce;Charles Walters;Judy Garland, Fred Astaire, Peter Lawford, Ann Miller, Jules Munshin, Clinton Sundberg, Sara Shane, Joi Lansing, Lola Albright, Sam Harris;https://www.youtube.com/watch?v=zg6LbLVkcsc<br>https://www.youtube.com/watch?v=zg6LbLVkcsc<br>https://apps.apple.com/cz/app/id6755365206<br>https://play.google.com/store/apps/details?id=cz.csfd.csfdroid<br>;;Academy Awards (1x)<br>;
301717;Největší showman;2017;78.27208599261002;105.0;https://image.pmgstatic.com/cache/resized/w420/files/images/film/posters/162/228/162228270_13c2fb.jpg;https://www.csfd.cz/film/301717-nejvetsi-showman/;USA;Muzikál / Životopisný / Drama;The Greatest Showman;Phineas Taylor Barnum (Hugh Jackman) je vizionář, jehož upřímné nadšení je naprosto nakažlivé. A to i v časech, kdy jeho nezlomný optimismus a energie jsou jediným bohatstvím, které zrovna má k dispozici. Barnum začíná svou životní cestu vedoucí až k hvězdnému úspěchu s naprosto prázdnou kapsou, za to však s hlavou plnou fantastických nápadů. Díky nim vytvoří a postupně sestaví fascinující show zaplněnou úžasnými žongléry, tanečníky, akrobaty, vousatými zpěvačkami, nejsilnějšími, nejmenšími i nejvyššími muži. Z jeho představení se navzdory mnohým předsudkům stává celosvětová senzace. A Barnum úspěch své show dokáže náležitě podpořit pomocí do té doby nevídané reklamní kampaně, která mu vyslouží označení „princ humbuků“ a jeho jméno se stává synonymem pro pořádně nafouknutou propagaci. (CinemArt);20.12.2017 20th Century Fox;muž, láska, manželé, touha, sny, sláva, naděje, zpěv, diskriminace, chudoba, předsudky, zpěvačka, legenda, tělesné postižení, cirkus, kaskadér;Michael Gracey;Hugh Jackman, Rebecca Ferguson, Michelle Williams, Zac Efron, Zendaya, Paul Sparks, Gayle Rankin, Natasha Liu Bordizzo, Yahya Abdul-Mateen II, Fredric Lehne;https://www.netflix.com/title/80193478<br>https://srv.tunefindforfans.com/showads/track/srvclk.php?aid=100006796&lp=https://www.disneyplus.com/en-cz/browse/entity-9a387ba2-9211-4493-a994-d4b73b8eaf3c<br>https://srv.clickfuse.com/ads/adclkr.php?id=100006636&url=https://tv.apple.com/cz/movie/the-greatest-showman/umc.cmc.g5zw3ci4satz3r1xsdp9zy0t<br>https://www.youtube.com/watch?v=cFDBIV-rLas<br>https://www.netflix.com/title/80193478<br>https://srv.tunefindforfans.com/showads/track/srvclk.php?aid=100006796&lp=https://www.disneyplus.com/en-cz/browse/entity-9a387ba2-9211-4493-a994-d4b73b8eaf3c<br>https://srv.clickfuse.com/ads/adclkr.php?id=100006636&url=https://tv.apple.com/cz/movie/the-greatest-showman/umc.cmc.g5zw3ci4satz3r1xsdp9zy0t<br>https://www.youtube.com/watch?v=cFDBIV-rLas<br>https://apps.apple.com/cz/app/id6755365206<br>https://play.google.com/store/apps/details?id=cz.csfd.csfdroid<br>;Academy Awards (1x)<br>Golden Globes (2x)<br>Critics Choice Awards (1x)<br>The Saturn Awards (2x)<br>;Golden Globes (1x)<br>The Saturn Awards (1x)<br>;
224930;Sweeney Todd: Ďábelský holič z Fleet Street;2007;78.15256390256948;116.0;https://image.pmgstatic.com/cache/resized/w420/files/images/film/posters/000/050/50283_9111aa.jpg;https://www.csfd.cz/film/224930-sweeney-todd-dabelsky-holic-z-fleet-street/;USA / Velká Británie;Horor / Muzikál / Thriller / Drama;Sweeney Todd: The Demon Barber of Fleet Street;Nespravedlivě odsouzenému Benjaminu Barkerovi, který musí ve vězení na druhé straně světa strávit celých 15 let se podaří uniknout do Londýna a je plně rozhodnutý pomstít svou rodinu i zmařené roky. V Londýně se setká se svou novou společnicí, paní Nellie Lovettovou, změní si identitu na Sweeneyho Todda a začne provozovat svou starou živnost - holičství. Jeho salón je těsně nad pekařským krámkem, kde paní Lovettová peče své masové bochánky. Todd se zaměří především na svého úhlavního nepřítele, soudce Turpina a jeho poskoka Bamforda, kteří jej nespravedlivě odsoudili. Když se na scéně objeví konkurenční holič, okázalý Ital Pirelli, Sweeneyho identita je zásadním způsobem ohrožena a proto se rozhodne sprovodit jej jedním řezem břitvy ze světa. Zpočátku sice netuší, jak se zbavit těla, ale tento problém záhy vyřeší paní Lovettová, která vzniklou situaci bere jako východisko ze své svízelné situace. Její obchod upadá, a proto začne masové bochánky plnit lidským masem. Masové bochánky paní Lovettové se záhy stanou londýnskou senzací, její obchody rostou a ona začne snít o životě respektované dámy. Sweeney však sní jen a jen o pomstě - ke škodě své i svého okolí...;25.01.2008 Warner Bros. UK;láska, smrt, vrah, pomsta, krev, nespravedlnost, Londýn, kanibalismus, viktoriánská Anglie;Tim Burton;Johnny Depp, Helena Bonham Carter, Alan Rickman, Timothy Spall, Sacha Baron Cohen, Jamie Campbell Bower, Laura Michelle Kelly, Jayne Wisener, Ed Sanders, Anthony Head;https://srv.clickfuse.com/ads/adclkr.php?id=100006636&url=https://tv.apple.com/cz/movie/sweeney-todd-the-demon-barber-of-fleet-street/umc.cmc.2r6zbrwkv3jn31ikgtnd5t665<br>https://www.youtube.com/watch?v=YiWoIFH00vY<br>https://srv.clickfuse.com/ads/adclkr.php?id=100006636&url=https://tv.apple.com/cz/movie/sweeney-todd-the-demon-barber-of-fleet-street/umc.cmc.2r6zbrwkv3jn31ikgtnd5t665<br>https://www.youtube.com/watch?v=YiWoIFH00vY<br>https://apps.apple.com/cz/app/id6755365206<br>https://play.google.com/store/apps/details?id=cz.csfd.csfdroid<br>;Academy Awards (2x)<br>British Academy of Film and Television Arts (BAFTA) (2x)<br>Golden Globes (2x)<br>Critics Choice Awards (5x)<br>Los Angeles Film Critics Association Awards (1x)<br>The Saturn Awards (6x)<br>;Academy Awards (1x)<br>Golden Globes (2x)<br>The Saturn Awards (2x)<br>;
317351;Pinocchio Guillerma del Tora;2022;78.2703213610586;117.0;https://image.pmgstatic.com/cache/resized/w420/files/images/film/posters/166/518/166518988_972fad.jpg;https://www.csfd.cz/film/317351-pinocchio-guillerma-del-tora/;USA / Francie;Animovaný / Dobrodružný / Drama / Fantasy / Muzikál;Guillermo del Toro's Pinocchio;Nádherný hudební film, ve kterém oscarový filmař Guillermo del Toro pomocí fázové animace znovu vypráví příběh slavné dřevěné postavičky. (Netflix);Na VOD od 09.12.2022 Netflix;podle knihy, Pinocchio;Guillermo del Toro, Mark Gustafson;Ewan McGregor, Tilda Swinton, Christoph Waltz, Ron Perlman, David Bradley, Cate Blanchett, Finn Wolfhard, John Turturro, Tim Blake Nelson, Burn Gorman;https://www.netflix.com/title/80218455<br>https://www.netflix.com/<br>https://www.netflix.com/title/80218455<br>https://www.csfd.cz/vod/netflix/<br>https://apps.apple.com/cz/app/id6755365206<br>https://play.google.com/store/apps/details?id=cz.csfd.csfdroid<br>;British Academy of Film and Television Arts (BAFTA) (2x)<br>Golden Globes (2x)<br>Critics Choice Awards (2x)<br>Florida Film Critics Circle Awards (2x)<br>The Saturn Awards (1x)<br>;Academy Awards (1x)<br>British Academy of Film and Television Arts (BAFTA) (1x)<br>Golden Globes (1x)<br>Critics Choice Awards (1x)<br>Los Angeles Film Critics Association Awards (1x)<br>;Carlo Collodi
208287;Tři malá prasátka;1933;80.5925925925926;8.0;https://image.pmgstatic.com/cache/resized/w420/files/images/film/posters/160/425/160425175_8fa8a7.jpg;https://www.csfd.cz/film/208287-tri-mala-prasatka/;USA;Animovaný / Muzikál / Rodinný / Krátkometrážní;Three Little Pigs;Muzikálové zpracování klasické pohádky o třech prasátkách: tři vepříci se rozhodnou postavit si domky. První postaví domek rychle, ať si může jít rychle pískat na flétnu a zpívat. Druhé si postaví své obydlí také rychle, ať může jít hrát na housle a zpívat s prvním prasátkem. Zatím co se první dvě prasátka už dávno baví, třetí si staví pevný dům z cihel. Brzy příjde na scénu hladový vlk. Ten dostane chuť na vepřové, tak se čuníci musí schovat ve svých příbytcích. Obydlí prvních dvou prasátek nevydrží vlkův nájezd, tak se oba musí schovat v cihlovém domku třetího čuníka a dají mu za pravdu, že se vyplatí dělat věci pořádně. (jonyyy);Na DVD od 09.06.2010 Magic Box;vlci, prasata;Burt Gillett;Pinto Colvig, Dorothy Compton;https://apps.apple.com/cz/app/id6755365206<br>https://play.google.com/store/apps/details?id=cz.csfd.csfdroid<br>;;Academy Awards (1x)<br>;
23046;Páni v cylindrech;1935;79.75124378109453;101.0;https://image.pmgstatic.com/cache/resized/w420/files/images/film/posters/166/762/166762855_4cea1e.jpg;https://www.csfd.cz/film/23046-pani-v-cylindrech/;USA;Komedie / Muzikál / Romantický;Cylindr;"Pro studio RKO Astaire a Rogersová v letech 1934-1939 natočili 8 lehkých romantických muzikálových komedií se strhující choreografii Hermese Pana, které umožňovaly, aby se aktéři tancem vzájemně perfektně doplňovali, vybízeli k maximálním výkonům, sváděli a provokovali diváky svým uměním. Právě ve snímcích ""Páni v cylindrech"" a ""Svět valčíků"" byla souhra tohoto páru nejdokonalejší. Astaire zde hraje, podobně jako v dalších šesti komediích, tanečníka z povolání Jerryho Traverse, jemuž osud nastrčí do cesty půvabnou bytost. Tentokrát je to modelka Dala Tremontová, se kterou se seznámí kuriózním způsobem v noci v londýnském hotelu, kde jsou oba ubytováni. Jerry má apartmá pod Daliným a ruší ji neustálým stepem, při kterém si notuje píseň No Strings. Dala nemůže spát a navštíví rušitele nočního klidu. Ten je uchvácen jejím půvabem. Malý noční incident je ale pouze začátkem dalších patálií. Chaotický milostný spletenec ve filmu vrcholí strhujícím číslem ""Cheek to Cheek"".";06.09.1935 RKO Radio Pictures;černobílý film, podle divadelní hry, tanec;Mark Sandrich;Fred Astaire, Ginger Rogers, Edward Everett Horton, Erik Rhodes, Eric Blore, Helen Broderick, Dennis O'Keefe, Lucille Ball, Ben Holmes, Frank Mills;https://apps.apple.com/cz/app/id6755365206<br>https://play.google.com/store/apps/details?id=cz.csfd.csfdroid<br>;Academy Awards (4x)<br>;;
21539;Mary Poppins;1964;78.21569997670626;140.0;https://image.pmgstatic.com/cache/resized/w420/files/images/film/posters/158/311/158311729_4a8f8d.jpg;https://www.csfd.cz/film/21539-mary-poppins/;USA;Pohádka / Rodinný / Komedie / Muzikál;Mary Poppinsová;"Film mimo jiné získal i Oscara za nejlepší ženský herecký výkon pro Julie Andrews. Buďte svědky skvělé animace, překvapivých vizuálních efektů a oskarem oceněné hudby v Disneyho filmu Mary Poppins. Vydejte se společně s ""v podstatě bezchybnou"" Mary Poppins (Julie Andrews) na ""báječný výlet,"" na němž se každý úkol promění ve hru a každý den je novým dobrodružstvím. Cestou vás okouzlí nezapomenutelné postavy jako třeba talentovaný kominík Bert (Dick Van Dyke). Vybalte Maryinu kouzelnou kabelu plnou bonusového materiálu, včetně ukázek z oblíbeného brodwayského muzikálu Mary Poppins. Zážitek z této nadčasové Disneyho klasiky si zkrátka nebudete muset vylepšovat vůbec ničím, ani lžící sladké medicíny!";27.08.1964 Buena Vista Pictures US;podle knihy, rodina, 20. století, děti, sourozenci, kouzla, období 1910-1920, chůva;Robert Stevenson;Julie Andrews, Dick Van Dyke, David Tomlinson, Glynis Johns, Hermione Baddeley, Reta Shaw, Karen Dotrice, Elsa Lanchester, Arthur Treacher, Reginald Owen;/tvurce/3426-walt-disney/prehled/<br>https://srv.tunefindforfans.com/showads/track/srvclk.php?aid=100006796&lp=https://www.disneyplus.com/en-cz/browse/entity-f63db666-b097-4c61-99c1-b778de2d4ae1<br>https://srv.clickfuse.com/ads/adclkr.php?id=100006636&url=https://tv.apple.com/cz/movie/mary-poppins/umc.cmc.1zrtu7kymga7ucaqeolq5akpm<br>/tvurce/3426-walt-disney/prehled/<br>/novinky/2826-tom-hanks-jako-nenavideny-walt-disney/<br>/novinky/2826-tom-hanks-jako-nenavideny-walt-disney/<br>/novinky/2826-tom-hanks-jako-nenavideny-walt-disney/<br>https://srv.tunefindforfans.com/showads/track/srvclk.php?aid=100006796&lp=https://www.disneyplus.com/en-cz/browse/entity-f63db666-b097-4c61-99c1-b778de2d4ae1<br>https://srv.clickfuse.com/ads/adclkr.php?id=100006636&url=https://tv.apple.com/cz/movie/mary-poppins/umc.cmc.1zrtu7kymga7ucaqeolq5akpm<br>https://apps.apple.com/cz/app/id6755365206<br>https://play.google.com/store/apps/details?id=cz.csfd.csfdroid<br>;Academy Awards (8x)<br>Golden Globes (3x)<br>New York Film Critics Circle Awards (1x)<br>;Academy Awards (5x)<br>British Academy of Film and Television Arts (BAFTA) (1x)<br>Golden Globes (1x)<br>;P.L. Travers
32450;Žena je žena;1961;78.85578069129917;84.0;https://image.pmgstatic.com/cache/resized/w420/files/images/film/posters/160/829/160829309_b7fe34.jpg;https://www.csfd.cz/film/32450-zena-je-zena/;Francie / Itálie;Komedie / Drama / Romantický / Muzikál;Une femme est une femme;Komedie ilustrující skutečnost, že vedle oficiální morálky existuje nejméně ještě jedna (ženská). Zasazuje se o přirozené právo žen bojovat vlastními zbraněmi. Karty jsou rozdány po klasickém způsobu: muž (Jean-Claude Brialy), jeho žena (Anna Karina) a jejich přítel (Jean-Paul Belmondo). Belmondovo filmové příjmení udává tradici, z níž Godardova jediná komedie vychází a kterou oslavuje: Lubitsch. Svým laděním se film Žena je žena nejvíce přiblížil poetice Jacquesa Demyho, jehož celovečerní debut Lola byl právě nadšeně přijat v kruhu modernistů francouzské nové vlny. Demy i Godard pracovali s týmž kameramanem, Raoulem Coutardem. Pro film Žena je žena si Godard od Demyho „vypůjčil“ ještě skladatele hudby a písniček Michela Legranda a tvůrce výpravy Bernarda Eveina. Krátká scéna s Jeanne Moreauovou dala příležitost k „neplacené reklamě“ pro další důležitý film sezony Jules a Jim. (NFA);06.09.1961 Unidex;láska, město, milostný trojúhelník, Paříž, bar, francouzská nová vlna;Jean-Luc Godard;Jean-Claude Brialy, Anna Karina, Jean-Paul Belmondo, Marie Dubois, Marion Sarraut, Jeanne Moreau, Dorothée Blanck, Catherine Demongeot, Karyn Balm, Dominique Zardi;https://apps.apple.com/cz/app/id6755365206<br>https://play.google.com/store/apps/details?id=cz.csfd.csfdroid<br>;Berlinale (Berlin International Film Festival) (1x)<br>;Berlinale (Berlin International Film Festival) (2x)<br>;
23048;Krásnější než sen;1942;81.2871287128713;97.0;https://image.pmgstatic.com/cache/resized/w420/files/images/film/posters/160/197/160197203_9a1cfa.jpg;https://www.csfd.cz/film/23048-krasnejsi-nez-sen/;USA;Komedie / Muzikál / Romantický;You Were Never Lovelier;Boháč Eduardo Acuňa (Adolphe Menjou) má čtyři dcery. Nejstarší se právě vdává a po ní je podle tradice na řadě Maria (Rita Hayworth). Ta však o nápadníky nemá zájem. Zatímco její dvě mladší sestry Cecy (Leslie Brooks) a Lita (Adele Mara) by se vdávaly hned. Otec si proto vymyslí neznámého ctitele, který jí posílá zamilované dopisy a květiny. Jednou pošle jako poslíčka nezaměstnaného tanečníka Roberta Davise (Fred Astaire) a Maria v domění, že je to její ctitel, se do něj zamiluje. (janejudyjune);19.11.1942 Columbia Pictures US;černobílý film, otec, sestry;William A. Seiter;Fred Astaire, Rita Hayworth, Adolphe Menjou, Leslie Brooks, Larry Parks, Adele Mara, Barbara Brown, Douglas Leavitt, Xavier Cugat, Dave Willock;https://apps.apple.com/cz/app/id6755365206<br>https://play.google.com/store/apps/details?id=cz.csfd.csfdroid<br>;Academy Awards (3x)<br>;;
484973;Zpívej 2;2021;78.12228191353287;110.0;https://image.pmgstatic.com/cache/resized/w420/files/images/film/posters/165/852/165852893_3ced12.png;https://www.csfd.cz/film/484973-zpivej-2/;USA;Animovaný / Muzikál / Komedie / Rodinný;Sing 2;Kdo chce říct, že v šoubyznysu skutečně prorazil, musí mít vlastní vystoupení v Redshore City, hlavním městě zábavy. Jenže tam to má pevně pod kontrolou nelítostný vlk Jimmy Crystal, bez jehož souhlasu nemůžete ve městě ani otevřít pusu, natož abyste zazpívali. Koalák Buster Moon sice má ve svém týmu hvězdnou pěveckou sestavu (dikobrazí rockerka Ash, plachá slonice Meena, citlivý gorilák Johnny nebo věčně provokující čuně jménem Gunter), ale i tak je skoro jisté, že konkurz u Jimmyho Crystala skončí totálním krachem. A tak Buster totálně zariskuje (ostatně v prvním díle mu to opakovaně vycházelo) a znuděnému Crystalovi slíbí, že když bude moci v jeho městě nazkoušet show, obsadí do ní největší žijící hudební legendu, lva Claye Callowaye. Potíž je v tom, že Calloway už léta žije v ústraní, zásadně nevystupuje a asi poslední, kdo by ho k tomu přemluvil, je jeden otravný koalák. Jenže Buster razí zásadu, že jen opravdu velké sny mají nějakou cenu, a pro jejich splnění je ochoten udělat opravdu cokoliv. (CinemArt);22.12.2021 Universal Pictures US;zvířata, umění, hudba, rivalita, sláva, hudebník, tanec, zpěv, muzikant, zpěvačka, koncert, zpěvák, sloni, umělci, prasata, lvi, gorily, koalové;Garth Jennings;Taron Egerton, Scarlett Johansson, Reese Witherspoon, Matthew McConaughey, Adam Buxton, Garth Jennings, Tori Kelly, Nick Kroll, Nick Offerman, Halsey;https://srv.clickfuse.com/ads/adclkr.php?id=100006636&url=https://tv.apple.com/cz/movie/sing-2/umc.cmc.590s95h5e9b3mmn5fdt38m15c<br>https://www.youtube.com/watch?v=W1Gph8GtRmo<br>https://srv.clickfuse.com/ads/adclkr.php?id=100006636&url=https://tv.apple.com/cz/movie/sing-2/umc.cmc.590s95h5e9b3mmn5fdt38m15c<br>https://www.youtube.com/watch?v=W1Gph8GtRmo<br>https://apps.apple.com/cz/app/id6755365206<br>https://play.google.com/store/apps/details?id=cz.csfd.csfdroid<br>;;;
239915;Jack a fazolka;1974;79.02439024390245;92.0;https://image.pmgstatic.com/cache/resized/w420/files/images/film/posters/162/971/162971916_7861b3.png;https://www.csfd.cz/film/239915-jack-a-fazolovy-stonek/;Japonsko / USA;Animovaný / Dobrodružný / Fantasy / Muzikál / Rodinný;Kuba a kouzelná fazole;Animované spracovanie slávneho rozprávkového príbehu. Pre Jacka a jeho matku nastali po smrti otca ťažké časy a keď už nemajú čo do úst, matka ho pošle do mesta predať ich poslednú kravu. Cestou však Jack stretne potulného obchodníka s ktorým vymení kravu za niekoľko údajne čarovných fazuliek, no keď sa vráti domov, matka ho vysmeje a v zlosti vyhodí fazuľky von oknom. Tie počas noci vyrastú až kdesi do oblakov. Keď to Jack vidí, rozhodne sa so svojím psom Crosbym celú záhadu preskúmať a šplhanie ich zavedie až do zámku v oblakoch. Tu sa zoznámi s princeznou Margarétkou, ktorú zakliala zlá čarodejnica Hecuba a chystá sa ju vydať za svojho syna - obludného obra Tulipána. Jack sa jej však rozhodne pomôcť a kliatbu zlomiť... (curunir);13.02.1976 Columbia Pictures US;smrt, otec, matka, syn, psi, chudoba, princezna, čarodějnice, zámek, kletba, obři, nebe;Gisaburó Sugii;Peter Jeffrey, Masačika Ičimura, Takeši Kusaka, Kó Nišimura, Mijoko Asó, Tonpei Hidari;https://apps.apple.com/cz/app/id6755365206<br>https://play.google.com/store/apps/details?id=cz.csfd.csfdroid<br>;;;
9895;Funny Girl;1968;78.06094182825485;151.0;https://image.pmgstatic.com/cache/resized/w420/files/images/film/posters/168/318/168318542_j69175.jpg;https://www.csfd.cz/film/9895-funny-girl/;USA;Drama / Romantický / Muzikál / Životopisný;Funny Girl;Jeden z nejznámějších zfilmovaných muzikálů je příběhem komediantky Fanny Brice (Barbra Streisand). Film sleduje její kariéru od začátků až po nástup do Follies, nejslavnější show, kterého se stává hvězdou. Zamiluje se do Nicky Arnsteina (Omar Sharif), krásného hazardního hráče. Jeho hráčské štěstí ho však opustí. Zatímco ona je stále populárnější, on se propadá a končí ve vězení. Po návratu zjišťuje, že s Fanny již nedokáže žít a rozvádějí se. Barbra Streisand za tuto roli dostala Oskara za nejlepší ženský herecký výkon. Lidé, kteří vidí Funny Girl, jsou ti nejšťastnější na světě. (Bonton Home Video);19.09.1968 Columbia Pictures US;muž, žena, 20. století, manželé, touha, umění, sny, podle skutečného příběhu, vášeň, sláva, zpěv, manželství, herci, období 1910-1920, zpěvačka, novověk, divadelní prostředí, Židé, celebrity, divadlo, období 1920-1930, umělci, herectví, judaismus, divadelní hra, herečka, divadelní představení;William Wyler;Barbra Streisand, Omar Sharif, Kay Medford, Anne Francis, Walter Pidgeon, Mae Questel, Gerald Mohr, Frank Faylen, Gertrude Flynn, Penny Santon;https://srv.clickfuse.com/ads/adclkr.php?id=100006636&url=https://tv.apple.com/cz/movie/funny-girl/umc.cmc.4eljxotdv53cpkdzwhs2xs7v0<br>https://www.youtube.com/watch?v=zlsaOMgwWzY<br>https://srv.clickfuse.com/ads/adclkr.php?id=100006636&url=https://tv.apple.com/cz/movie/funny-girl/umc.cmc.4eljxotdv53cpkdzwhs2xs7v0<br>https://www.youtube.com/watch?v=zlsaOMgwWzY<br>https://apps.apple.com/cz/app/id6755365206<br>https://play.google.com/store/apps/details?id=cz.csfd.csfdroid<br>;Academy Awards (7x)<br>British Academy of Film and Television Arts (BAFTA) (3x)<br>Golden Globes (2x)<br>;Academy Awards (1x)<br>Golden Globes (2x)<br>;
49395;Carmen;1983;78.23973176865046;102.0;https://image.pmgstatic.com/cache/resized/w420/files/images/film/posters/158/301/158301579_efb643.jpg;https://www.csfd.cz/film/49395-carmen/;Španělsko;Drama / Muzikál;Carmen;Po filmu F. García Lorca : Krvavá svatba (1981) se španělský režisér Carlos Saura znovu navrací do ispirativního světa baletu a ke spolupráci s výraznou osbností choreografa a tanečníka Antonia Gadese. Tentokrát však do dramatu lásky, žárlivosti a smrti ohnivé španělské cikáuky Carmen, které Gades právě studuje se svým souborem, vkládá Saura ve filmu ještě další tematikou rovinu : vlastní filmový děj, vztahující se k soukrové sféře tanečních interpretů. Souběžně s rodícím se tvarem představení vzniká i milostný vztah Gadese k mladé představitelce Caremen, v němž se stýkají citové analogie současně s nácvikem scén. Saurův film poskytuje bohaté zážitky vynikajících tanečních kreací ve stylu flamenka, jež sjou obdobně jako v předchozím Saurově tanečním díle snímány neokázale při zkouškách, čímž vzbuzují autentický dojem právě probíhajícího tvůrčího procesu,. Za pozornost stojí i hudební stránka filmu, v ním exceluje známý kytarista Paco de Lucia. Na 36. MFF v Cannes 1983 získal tento film Cena za umělecký přínos. Z mnoha filmových adaptací Carmen si připomeňme např. Originální muzikálovou úpravu americké filmu Otto Premingera Carmen Jones. Švýcarský film Carmen (1998) je záznamem představení na salzburském festivalu, jež nastudoval Herbert von Karajan ten také snímek režíroval. Zcela osobitou, aktualizovanou verzi námětu podle Meriméeovy předlohy natočil Jean-Luc Godard pod názvem Prénom Carmen (1983, Křestní jméno Carmen). V klasicky pietním a bohatě výprávném hávu, se slavnými operními pěvci realizoval Bizetovu Carmen /1984) Francesco Rosi.;06.05.1983 C.B. Films;podle knihy, tanec, balet;Carlos Saura;Antonio Gades, Laura del Sol, Paco de Lucía, Marisol, Cristina Hoyos, José Yepes, María Pagés;https://apps.apple.com/cz/app/id6755365206<br>https://play.google.com/store/apps/details?id=cz.csfd.csfdroid<br>;Academy Awards (1x)<br>British Academy of Film and Television Arts (BAFTA) (2x)<br>César Awards (1x)<br>Golden Globes (2x)<br>Cannes Film Festival (1x)<br>;British Academy of Film and Television Arts (BAFTA) (1x)<br>Cannes Film Festival (2x)<br>Montreal World Film Festival (1x)<br>;Prosper Mérimée
2818;Čaroděj ze země Oz;1939;77.79165040967617;101.0;https://image.pmgstatic.com/cache/resized/w420/files/images/film/posters/158/342/158342563_4165a1.jpg;https://www.csfd.cz/film/2818-carodej-ze-zeme-oz/;USA;Fantasy / Dobrodružný / Muzikál;The Wizard of Oz;"V příběhu, který zná každé americké dítě je malá Dorotka spolu se svým pejskem přenesena tornádem z Kansasu do kouzelné země Oz. Aby se dostala zpět, musí se vypravit na dlouhou cestu do Smaragdového města, kde žije mocný čaroděj. Doprovázejí ji tři společníci: Strašák, Zbabělý Lev a Plechový Dřevorubec. Po cestě číhá mnoho nebezpečí a navíc si na Dorotku brousí zuby Zlá čarodějnice Západu. Známou scénu s hodnou čarodějnicí Glindou (""Are you a good witch, or a bad witch?"") ze začátku filmu můžeme vidět na plátně kina Radio City Music Hall ve filmu SVĚT ZÍTŘKA. (Karmin)";12.08.1939 Metro-Goldwyn-Mayer (MGM);podle knihy, přátelství, dívka, město, psi, kouzla, sirotek, čarodějnice, čarodějové, tornádo;Victor Fleming, King Vidor;Judy Garland, Frank Morgan, Ray Bolger, Bert Lahr, Jack Haley, Billie Burke, Margaret Hamilton, Charley Grapewin, Clara Blandick, Adriana Caselotti;https://srv.clickfuse.com/ads/adclkr.php?id=100006636&url=https://tv.apple.com/cz/movie/the-wizard-of-oz/umc.cmc.3p71qm0cvb8vsh77ii5cukibs<br>https://www.youtube.com/watch?v=iWJGneHlPkM<br>https://srv.clickfuse.com/ads/adclkr.php?id=100006636&url=https://tv.apple.com/cz/movie/the-wizard-of-oz/umc.cmc.3p71qm0cvb8vsh77ii5cukibs<br>https://www.youtube.com/watch?v=iWJGneHlPkM<br>https://apps.apple.com/cz/app/id6755365206<br>https://play.google.com/store/apps/details?id=cz.csfd.csfdroid<br>;Academy Awards (4x)<br>;Academy Awards (2x)<br>The Saturn Awards (1x)<br>;L. Frank Baum
228688;West Bank Story;2005;81.78343949044586;20.0;https://image.pmgstatic.com/cache/resized/w420/files/images/film/posters/000/051/51980_3235c8.jpg;https://www.csfd.cz/film/228688-west-bank-story/;USA;Muzikál / Krátkometrážní;West Bank Story;Krátkometrážní, komediální muzikál, který s nadhledem poukazuje na izraelsko-palestinský konflikt. Příběh se odehrává na Západním břehu Jordánu, v konfliktní oblasti, kde se střetávají dva národy, dávní nepřátelé. Na stejné ulici, hned vedle sebe, stojí dva fastfoody. Ten první, Kosher King, patří Židovi a má osvobodit. Ten druhý, Hummus Hut, patří zase Palestincovi a má nakrmit. Navzájem se vytáčejí a dělají si naschvály do dne, kdy se Žid rozhodne udělat tomuto utrpení přítrž a postaví zeď. Avšak Palestinec se nemíní vzdát a rozhodne se zeď zničit. Mezitím se do sebe zamilují izraelský pohraniční voják David a palestinská pokladní v Hummus Hut Fatima. Oba se shodnou, že jediným způsobem, jak v klidu žít, je přesvědčit obě strany, aby uzavřely mír. Podaří se jim to, než dojde k tragédii? (Camulator);;parodie, Židé;Ari Sandel;Noureen DeWulf, Will Greenberg, Assaf Cohen, Ayana Haviv, Joey Naber;https://apps.apple.com/cz/app/id6755365206<br>https://play.google.com/store/apps/details?id=cz.csfd.csfdroid<br>;;Academy Awards (1x)<br>;
23022;Písně z Broadwaye;1949;83.84615384615384;109.0;https://image.pmgstatic.com/cache/resized/w420/files/images/film/posters/168/971/168971842_wqjw9a.jpg;https://www.csfd.cz/film/23022-pisne-z-broadwaye/;USA;Komedie / Muzikál;The Barkleys of Broadway;Fred a Ginger zdraví Broadway – a loučí se se svým skvělým partnerstvím. Po deseti letech, kdy pracovali každý zvlášť, se Fred Astaire a Ginger Rogers ještě jednou, naposledy sešli v chytrém příběhu, který napsali Betty Comden a Adoplh Green a obratně režíroval Charles Walters. Zápletka podle mnohých zrcadlí skutečné tvůrčí napětí, které mezi těmi dvěma panovalo. Astaire hraje profesionálního tanečníka Joshe Barkleyho, Rogersová jeho ženu Dinah, která touží opustit muzikálové taneční figury Bouncin' the Blues a věnovat se skutečnému dramatu. Odchází, Josh se ji snaží získat zpět a mezi výstupy vedoucími ke šťastnému konci jsou např. Fredovo Shoes with Wings On či nadšená repríza čísla George a Iry Gershwinových se Smím prosit? They Can't Take That Away from Me. Uvidíte sami, že vzájemná magie Astairea a Rogersové je věčná. (Magic Box);04.05.1949 Metro-Goldwyn-Mayer (MGM);manželé, hudba, tanec, divadelní prostředí;Charles Walters;Fred Astaire, Ginger Rogers, Oscar Levant, Billie Burke, Gale Robbins, Jacques François, George Zucco, Clinton Sundberg, Inez Cooper, Hans Conried;https://apps.apple.com/cz/app/id6755365206<br>https://play.google.com/store/apps/details?id=cz.csfd.csfdroid<br>;Academy Awards (1x)<br>;;
33879;Alenka v říši divů;1951;77.69019248395966;75.0;https://image.pmgstatic.com/cache/resized/w420/files/images/film/posters/163/185/163185903_6f5b25.jpg;https://www.csfd.cz/film/33879-alenka-v-risi-divu/;USA;Animovaný / Dobrodružný / Rodinný / Muzikál / Fantasy;Alice in Wonderland;"Nesmrtelná literární klasika Lewise Carrolla, Alenka v říši divů, oživili animátoři studia Disney do nádherné magické podoby. Osudy Alenky se začnou ubírat zvláštním směrem ve chvíli, kdy se objeví věčně spěchající Bílý králík. Při honbě za ním Alenka prolétne dírou a dopadne do říše divů. Tam potkává panoptikum oživlých předmětů a postaviček, jako třeba Tweedledee a Tweedledum, Bláznivého kohouta a Srdcovou královnu. Alenka v říši divů je plná fantazie a legračních okamžiků. Právem patří mezi to nejlepší, co kdy studio Disney vytvořilo. Mezi speciálními bonusy DVD - speciální edice, naleznete například Virtuální večírek Bláznivého kohouta, nově nalezenou píseň kočky Škliby ""Jsem zvláštní"", zpěvník a mnohé další.";26.07.1951 RKO Radio Pictures;podle knihy, přátelství, přátelé, dívka, zvířata, zlo, královna;Hamilton Luske, Wilfred Jackson, Clyde Geronimi;Ed Wynn, Richard Haydn, Sterling Holloway, J. Pat O'Malley, Heather Angel, Queenie Leonrad, Doris Lloyd, Bill Thompson, Verna Felton, Lucille Bliss;/tvurce/3426-walt-disney/prehled/<br>https://srv.tunefindforfans.com/showads/track/srvclk.php?aid=100006796&lp=https://www.disneyplus.com/en-cz/browse/entity-7ccabaf6-d01a-4163-a613-862f2c4f1446<br>https://srv.clickfuse.com/ads/adclkr.php?id=100006636&url=https://tv.apple.com/cz/movie/alice-in-wonderland/umc.cmc.60xt9qc8qcbh9vooo01ln8jtz<br>https://srv.tunefindforfans.com/showads/track/srvclk.php?aid=100006796&lp=https://www.disneyplus.com/en-cz/browse/entity-7ccabaf6-d01a-4163-a613-862f2c4f1446<br>https://srv.clickfuse.com/ads/adclkr.php?id=100006636&url=https://tv.apple.com/cz/movie/alice-in-wonderland/umc.cmc.60xt9qc8qcbh9vooo01ln8jtz<br>https://apps.apple.com/cz/app/id6755365206<br>https://play.google.com/store/apps/details?id=cz.csfd.csfdroid<br>;Academy Awards (1x)<br>Venice Film Festival (1x)<br>;;Lewis Carroll
169633;Devdas;2002;79.32773109243698;185.0;https://image.pmgstatic.com/cache/resized/w420/files/images/film/posters/160/422/160422274_32d61c.jpg;https://www.csfd.cz/film/169633-devdas/;Indie;Romantický / Drama / Muzikál;Devdas;Již popáté zfilmovaná sága o muži jménem Devdas (Shah Rukh Khan), který miloval svou dětskou lásku, Paro (Aishwarya Rai), nemohl si ji však vzít kvůli odporu své rodiny, jemuž se slabošsky nedokázal vzepřít. Poté, co je Paro provdána za jiného, nachází útěchu v alkoholu a náručí kurtizány Chandramukhi (Madhuri Dixit). Snímek je výjimečný zejména po vizuální stránce a detailně propracovanou choreografií.;;podle knihy, láska, alkoholismus, předsudky;Sanjay Leela Bhansali;Shahrukh Khan, Madhuri Dixit, Aishwarya Rai Bachchan, Jackie Shroff, Kiron Kher, Milind Gunaji, Smita Jaykar, Tiku Talsania, Manoj Joshi, Dina Pathak;https://srv.clickfuse.com/ads/adclkr.php?id=100006636&url=https://tv.apple.com/cz/movie/devdas/umc.cmc.6ortdjmet1n7dd3alz54wwefx<br>https://srv.clickfuse.com/ads/adclkr.php?id=100006636&url=https://tv.apple.com/cz/movie/devdas/umc.cmc.6ortdjmet1n7dd3alz54wwefx<br>https://apps.apple.com/cz/app/id6755365206<br>https://play.google.com/store/apps/details?id=cz.csfd.csfdroid<br>;British Academy of Film and Television Arts (BAFTA) (1x)<br>Filmfare Awards (6x)<br>;Filmfare Awards (10x)<br>;Sarat Chandra Chattopadhyay
8738;Svět valčíků;1936;78.5958904109589;103.0;https://image.pmgstatic.com/cache/resized/w420/files/images/film/posters/160/073/160073175_0bdcd7.jpg;https://www.csfd.cz/film/8738-svet-valciku/;USA;Komedie / Muzikál / Romantický;Swing Time;Kabaretní hvězda Lucky (Fred Astaire) se stane v den své svatby obětí nemístného žertu kolegů v divadle a raději odjíždí s přítelem do New Yorku, aby se vyhnul veřejné ostudě. Poté, co jeho vykutálený kamarád okrade neznámou dívku na ulici, pokouší se Lucky jeho chování napravit. Sleduje dívku až ke dveřím taneční školy, aby ji našel a omluvil se. Neváhá se kvůli tomu zapsat do kurzů tance. Krásná neznámá (Ginger Rogersová) však není žačkou, jak se domníval, ale velmi dovednou a trpělivou učitelkou tance. Nezbývá než předstírat, že naléhavě potřebuje doučování. Ve filmu Svět valčíků je třeba ocenit jeho gradující hudebně taneční výstavbu, kdy jednotlivá menší čísla jsou podřízena velkolepému finále, impozantnímu číslu Bojangles of Harlem, které svou stylizací připomíná broadwayské jevištní show. Režisérem snímku byl tentokráte George Stevens, se kterým o rok později natočil Astaire ještě snímek Nevěsta v rozpacích (1937).;04.09.1936 RKO Radio Pictures;černobílý film, tanec;George Stevens;Fred Astaire, Ginger Rogers, Victor Moore, Helen Broderick, Eric Blore, Betty Furness, Georges Metaxa, Dennis O'Keefe, Alan Curtis, Ralph Byrd;https://apps.apple.com/cz/app/id6755365206<br>https://play.google.com/store/apps/details?id=cz.csfd.csfdroid<br>;Academy Awards (1x)<br>;Academy Awards (1x)<br>;
7117;Sláva;1980;78.110661268556;134.0;https://image.pmgstatic.com/cache/resized/w420/files/images/film/posters/000/056/56459_p28rrm.jpg;https://www.csfd.cz/film/7117-slava/;USA;Drama / Hudební / Muzikál;Fame;Sedm hodin výuky a oběd. Taková je nabídka newyorské Střední školy muzických umění. Hvězdná kariéra? Ta je zase hlavním cílem mladých hudebníků, herců, tanečníků a snílků po celou dobu jejich působení na škole. Vidina slávy je hnacím motorem, tříbí talenty, konfrontuje iluze s realitou, provází hledání lásky i smyslu života. Režisér Alan Parker (Evita, The Commitments) přináší pohled na příběhy studentů, které hrají: Irene Cara (později oceněná Oscarem), Paul Crane (seriál Pohotovost), Barry Miller (Horečka sobotní noci) a Gene Anthony Ray spolu s Leem Currerim. Film byl nominován na šest Oscarů, dva získal, a to za skvělou dynamickou hudbu a titulní píseň. (Magic Box);16.05.1980 Metro-Goldwyn-Mayer (MGM);;Alan Parker;Irene Cara, Eddie Barth, Lee Curreri, Laura Dean, Antonia Franceschi, Gene Anthony Ray, Albert Hague, Paul McCrane, Anne Meara, Richard Belzer;https://srv.clickfuse.com/ads/adclkr.php?id=100006636&url=https://tv.apple.com/cz/movie/fame/umc.cmc.183waaqi9j582izytsvn7mw1g<br>https://srv.clickfuse.com/ads/adclkr.php?id=100006636&url=https://tv.apple.com/cz/movie/fame/umc.cmc.183waaqi9j582izytsvn7mw1g<br>https://apps.apple.com/cz/app/id6755365206<br>https://play.google.com/store/apps/details?id=cz.csfd.csfdroid<br>;Academy Awards (5x)<br>British Academy of Film and Television Arts (BAFTA) (3x)<br>César Awards (1x)<br>Golden Globes (3x)<br>San Sebastián International Film Festival (1x)<br>;Academy Awards (2x)<br>British Academy of Film and Television Arts (BAFTA) (1x)<br>Golden Globes (1x)<br>;
4714;Meet the Feebles;1989;77.61866452131939;94.0;https://image.pmgstatic.com/cache/resized/w420/files/images/film/posters/158/972/158972990_1c4145.jpg;https://www.csfd.cz/film/4714-meet-the-feebles/;Nový Zéland;Komedie / Muzikál / Loutkový;;Poznejte nejdivočejší a nejbizarnější show v režii Petera Jacksona! V loutkové, velice nemilosrdné satiře na centrum zábavního průmyslu a la Hollywood uvidíte vedle pozlátka i bahno neřesti, drog, tvrdého porna a nejšpinavější korupce. Jako třešnička na dortu pak čeká zamilovaný příběh zhrzené hrošice Heidi. (HOODY);08.12.1989 Kerridge Odeon;;Peter Jackson;Donna Akersten, Stuart Devenie, Mark Hadlow, Ross Jolly, Doug Wren, Danny Mulheron, Peter Vere-Jones, Mark Wright;https://apps.apple.com/cz/app/id6755365206<br>https://play.google.com/store/apps/details?id=cz.csfd.csfdroid<br>;;;
23049;Nikdy nezbohatneš;1941;81.16129032258064;88.0;https://image.pmgstatic.com/cache/resized/w420/files/images/film/posters/160/851/160851234_fe0641.jpg;https://www.csfd.cz/film/23049-nikdy-nezbohatnes/;USA;Komedie / Muzikál / Romantický;You'll Never Get Rich;"""Jen ať má paní uvěří, že jsem mluvil pravdu, když jsem lhal."" Sukničkářský majitel varieté Martin Cortland má právě před patnáctým výročím svatby. Manželce proto z povinnosti koupí cetkové drbátko na záda, zatímco potencionální milence z řad souboru diamantový náramek. Věci se však trochu zašmodrchají a Martin musí rychle vymyslet způsob, jak manželku uchlácholit. Jaké štěstí, že je tu věrný Robert Curtis (Fred Astaire), hlavní choreograf a tanečník, který v takových situacích vždy tahá kaštany z ohně za svého šéfa. Tentokrát mu ale dojde trpělivost muset nestále zachraňovat nevděčného bosse a raději se nechá povolat do služby v armádě. Myslí si, že se tím jeho problémy vyřeší. Nebo ne? (dopitak)";25.09.1941 Columbia Pictures US;černobílý film;Sidney Lanfield;Fred Astaire, Rita Hayworth, Robert Benchley, John Hubbard, Osa Massen, Frieda Inescort, Guinn 'Big Boy' Williams, Donald MacBride, Cliff Nazarro, Marjorie Gateson;https://srv.clickfuse.com/ads/adclkr.php?id=100006636&url=https://tv.apple.com/cz/movie/youll-never-get-rich/umc.cmc.2ernlwfa92khdqccwcv9e6obb<br>https://srv.clickfuse.com/ads/adclkr.php?id=100006636&url=https://tv.apple.com/cz/movie/youll-never-get-rich/umc.cmc.2ernlwfa92khdqccwcv9e6obb<br>https://apps.apple.com/cz/app/id6755365206<br>https://play.google.com/store/apps/details?id=cz.csfd.csfdroid<br>;Academy Awards (2x)<br>;;
147984;Hellzapoppin';1941;80.3225806451613;84.0;https://image.pmgstatic.com/cache/resized/w420/files/images/film/posters/159/527/159527705_f4a335.jpg;https://www.csfd.cz/film/147984-hellzapoppin/;USA;Komedie / Muzikál;Hellzapoppin';Ole a Chick natáčejí film, ale režisér stále není spokojený. Vezme je tedy k mladému autorovi, který jim navrhne absurdní příběh. Mají podporovat Jeffa a Kitty v tom, aby na své zahradě uspořádali hudební revue a přenést ji na Broadway. Pokud Jeff uspěje, může se oženit s Kitty. Je tu ale ještě jeho bohatý kamarád Woody, který také miluje Kitty, Chickova sestra Betty, která miluje falešného ruského hraběte, a detektiv Quimby. Ti všichni to Olemu a Chickovi mimořádně komplikují. Po několika chybách si začnou myslet, že Kitty není ta správná dívka pro Jeffa a začnou show sabotovat, broadwayský producent je ale nadšen a dává jim smlouvu. Takový je příběh, který jim autor vypráví. A právě kvůli němu ho režisér žaluje.;26.12.1941 Universal Pictures US;černobílý film, 20. století, podle divadelní hry, období 1940-1950, umění, sláva, zpěv, herci, filmařské zákulisí, satira, parodie, režisér, screwballová komedie;H.C. Potter;Ole Olsen, Chic Johnson, Martha Raye, Hugh Herbert, Jane Frazee, Robert Paige, Mischa Auer, Richard Lane, Lewis Howard, Clarence Kolb;https://apps.apple.com/cz/app/id6755365206<br>https://play.google.com/store/apps/details?id=cz.csfd.csfdroid<br>;Academy Awards (1x)<br>;;
210330;Flowers and Trees;1932;80.4733727810651;8.0;https://image.pmgstatic.com/cache/resized/w420/files/images/film/posters/000/380/380355_2b7645.jpg;https://www.csfd.cz/film/210330-flowers-and-trees/;USA;Animovaný / Krátkometrážní / Komedie / Rodinný / Romantický / Muzikál;;Je jaro a celá příroda se probouzí - květiny, stromy, zvířata. Veselou atmosféru narušuje jen zlý vykotlaný dub, který se na sebe snaží strhnout pozornost. (Mertax);;jaro;Burt Gillett;Marion Darlington;https://apps.apple.com/cz/app/id6755365206<br>https://play.google.com/store/apps/details?id=cz.csfd.csfdroid<br>;;Academy Awards (1x)<br>;
23032;Veselý rozvod;1934;79.14396887159533;104.0;https://image.pmgstatic.com/cache/resized/w420/files/images/film/posters/167/671/167671601_782db5.jpg;https://www.csfd.cz/film/23032-vesely-rozvod/;USA;Komedie / Muzikál / Romantický;The Gay Divorcee;"Fred Astaire si ve filmu režiséra Marka Sandricha zahrál tanečníka Guye Holdena který se náhodou zaplete do velmi pikantní rozvodové záležitosti. Půvabná blondýnka Mimi Glossopová cítí, že její manželství se příliš nevydařilo. Vlasně si nemá z manželem co říci, a tak zatouží po svobodě. Požádá svou zkušenější tetu Hortense, aby jí pomohla vymyslet plán. Tím plánem je najatý profesionální ""svůdce"" k nevěře, který by měl manžela přesvědčit o nutnosti rozvodu. Z toho se ovšem vyklube italský ""macho"" a vychloubačný nekňuba. Na scéně se ovšem ocitá další muž jménem Guy Holden, který si ochotně zahraje na svůdce počestné vdané ženy. Pochopitelně nezůstane jen u hry. Ve filmu se opět objevuje slavná dvojice Fred Astaire a Ginger Rogersová, kteří zde předvedou svá nejslavnější pěvecká i taneční čísla. Snímek získal v roce 1935 Oscara za píseň ""The Continental"", nominován byl ještě v dalších čtyřech kategoriích.";12.10.1934 RKO Radio Pictures;;Mark Sandrich;Fred Astaire, Ginger Rogers, Alice Brady, Edward Everett Horton, Erik Rhodes, Eric Blore, William Austin, Betty Grable, Leslie Goodwins, Paul Porcasi;https://apps.apple.com/cz/app/id6755365206<br>https://play.google.com/store/apps/details?id=cz.csfd.csfdroid<br>;Academy Awards (4x)<br>;Academy Awards (1x)<br>;Dwight Taylor
23440;Noc na Karlštejně;1973;76.72007276289094;83.0;https://image.pmgstatic.com/cache/resized/w420/files/images/film/posters/168/911/168911459_ur3hvw.jpg;https://www.csfd.cz/film/23440-noc-na-karlstejne/;Československo;Komedie / Muzikál / Historický;Noc na Karlštejne;"Na hrad Karlštejn nesmí žádná žena! Přesto se zamilované Daniele Kolářové a neméně zamilované Janě Brejchové podaří přes přísný královský zákaz strávit na hradě jednu noc v přestrojení. Řekl: Lásko má, já stůňu, svoji pýchu já jen hrál... Kdo by neznal ústřední melodii z hudebního filmu režiséra Zdeňka Podskalského! Vznikl podle stejnojmenné divadelní hry, kterou v roce 1884 napsal Jaroslav Vrchlický. Navštívíme dobu panování Karla IV., jenž dal zbudovat Karlštejn jako pevnost střežící korunovační klenoty a údajně zakázal, aby tam nocovaly ženy. Královnu Elišku Pomořanskou trápila krutá žárlivost - co tam asi tak pan choť za nocí provádí? Rozhodla se tedy na hrad vniknout v přestrojení za páže a zjistit pravdu. Stejný nápad dostala v tentýž den také mladičká Alena, zamilovaná do jednoho ze členů hradní posádky. Z jejich konání samozřejmě povstane řada zapeklitých situací... Jeden z nejznámějších a nejoblíbenějších českých filmových muzikálů je půvabnou hříčkou o císaři Karlu IV. a jeho hradě Karlštejně, na němž podle jeho zákazu nesměly přebývat ženy. Jedné noci se však na Karlštejně objeví nejen Karel IV. a dva nezvaní hosté, cyperský král Petr a bavorský vévoda Štěpán, ale také dvě ženy v mužském přestrojení. Jednou z nich je císařova manželka Eliška Pomořanská, která z lásky a stesku porušila zákaz, aby mohla císaře alespoň zahlédnout, tou druhou je neteř purkrabího Alena, která se vsadila s otcem, že dokáže strávit na hradě noc v mužském přestrojení. Zatímco Alena přivádí k šílenství svého snoubence Peška, moudrý arcibiskup Arnošt z Pardubic pomáhá přestrojené královně proniknout ke králi a také ji chrání před slídivými pohledy cyperského krále a bavorského vévody, kteří nevěří, že by na hradě opravdu nebyla žádná ""ženská""... Český filmový muzikál, jehož některé písničky doslova zlidověly, natočil v roce 1973 režisér Zdeněk Podskalský podle stejnojmenné divadelní hry Jaroslava Vrchlického (z roku 1884). Podskalského verze však není prvním pokusem lyrickou komedii zfilmovat. Poprvé ji natočil, ještě jako němý film, v roce 1919 Olaf Larus, podruhé se k ní vrátil režisér František Filip a v polovině šedesátých let natočil její televizní verzi. Podskalského film je však nejen předloze nejvěrnější, ale také nejúspěšnější.";12.07.1974 Ústřední půjčovna filmů;láska, podle divadelní hry, manželé, politika, podvod, král, středověk, královna, hrad, sázka, 14. století, Karel IV.;Zdeněk Podskalský st.;Vlastimil Brodský, Jana Brejchová, Karel Höger, Jaroslav Marvan, Miloš Kopecký, Waldemar Matuška, Slávka Budínová, Daniela Kolářová, Jaromír Hanzlík, Pavel Bartoň;https://www.iprima.cz/filmy/noc-na-karlstejne?utm_source=csfd&utm_medium=section_vod&utm_campaign=link_exchange<br>https://www.iprima.cz/filmy/noc-na-karlstejne?utm_source=csfd&utm_medium=section_vod&utm_campaign=link_exchange<br>https://apps.apple.com/cz/app/id6755365206<br>https://play.google.com/store/apps/details?id=cz.csfd.csfdroid<br>;;;
48545;Josef a jeho skvostný plášť;1999;78.47507331378299;76.0;https://image.pmgstatic.com/cache/resized/w420/files/images/film/posters/167/522/167522926_f1ja6r.jpg;https://www.csfd.cz/film/48545-josef-a-jeho-skvostny-plast/;Velká Británie;Muzikál;Joseph and the Amazing Technicolor Dreamcoat;"Dvanáct synů měl Jákob, který žil za dávných časů v zemi Kananejské. Ale jednoho miloval nade všechny: Josefa, který se tak velmi podobal své matce. Josefa, s nímž znovu prožíval své mládí. Netušil, že v srdcích svých ostatních synů rozdmychává plamen zášti. Netušil, že nádherný plášť, který mu koupil na důkaz své přízně, bude poslední kapkou do poháru jejich nenávisti. Ani Josef, který tak štědře rozdával svůj šarm napravo i nalevo, neměl tušení, že si svým chováním a sebevědomými řečmi dláždí cestu do málo záviděníhodné budoucnosti: do otroctví...Biblickým příběhem o Josefovi, prodaném do egyptského otroctví, začala v polovině šedesátých let spolupráce dnes slavné autorské dvojice Tim Rice a Andrew Lloyd Weber. Napsali jej na žádost svého přítele Alana Doggita, ředitele školy, který potřeboval hru pro děti. Muzikál měl premiéru 1. března 1968 a od té doby se hraje neustále. Nejen na profesionálních jevištích, ale i ve školách. Svěží melodie, vtipný ústřední příběh, nadčasové téma vztahů v rodině, možnost dát hereckou a pěveckou příležitost doslova stovkám dětí – pro to vše se stal „Josef"" trvalkou, k níž se zejména britské školy neustále vracejí. (Česká televize)";;podle knihy, Bible;David Mallet;Donny Osmond, Maria Friedman, Richard Attenborough, Joan Collins, Robert Torti, Ian McNeice, Jason Davies, Lisa Stevens, Alex Jennings, Jeff Blumenkrantz;https://srv.clickfuse.com/ads/adclkr.php?id=100006636&url=https://tv.apple.com/cz/movie/joseph-and-the-amazing-technicolor-dreamcoat/umc.cmc.1xxq0nrqri202exormjycr1nb<br>http://www.ceskatelevize.cz<br>http://www.ceskatelevize.cz<br>https://srv.clickfuse.com/ads/adclkr.php?id=100006636&url=https://tv.apple.com/cz/movie/joseph-and-the-amazing-technicolor-dreamcoat/umc.cmc.1xxq0nrqri202exormjycr1nb<br>https://apps.apple.com/cz/app/id6755365206<br>https://play.google.com/store/apps/details?id=cz.csfd.csfdroid<br>;;;Tim Rice
5925;Pomoc!;1965;76.84059014033825;90.0;https://image.pmgstatic.com/cache/resized/w420/files/images/film/posters/160/871/160871491_6f9a07.jpg;https://www.csfd.cz/film/5925-pomoc/;Velká Británie;Komedie / Muzikál / Dobrodružný;Help!;Ringo Starr náhodou získá vzácný prsten, který je určen oběti, která má na konci dne zemřít. Z Indie do Anglie ho pronásleduje banda fanatiků, kteří mají za úkol Ringa najít, zabít, rozkrájet... Navíc je mu na stopě i šílený vědec, který chce za pomoci prstenu ovládnout svět. Kapela ho ovšem chrání, pomáhá jim i půvabná Ahme, a tak za poslechu She's got the ticket to ride, You´ve got to hide your love away nebo právě titulní Help! putujeme do Alp a dál. (Jinny);;přátelství, útěk, pronásledování, hudebník, agenti, hory, zpěv, sníh, kapela, parodie, pláž, šílený vědec, rock 'n' roll, tank;Richard Lester;John Lennon, Paul McCartney, George Harrison, Ringo Starr, Leo McKern, Eleanor Bron, John Bluthal, Alfie Bass, John Louis Mansi, Bob Godfrey;https://srv.clickfuse.com/ads/adclkr.php?id=100006636&url=https://tv.apple.com/cz/movie/help/umc.cmc.3dix8n33y9glwds833f7imh2i<br>https://srv.clickfuse.com/ads/adclkr.php?id=100006636&url=https://tv.apple.com/cz/movie/help/umc.cmc.3dix8n33y9glwds833f7imh2i<br>https://apps.apple.com/cz/app/id6755365206<br>https://play.google.com/store/apps/details?id=cz.csfd.csfdroid<br>;British Academy of Film and Television Arts (BAFTA) (2x)<br>;;
31451;Zlatý dotek;1935;81.81818181818181;10.0;https://image.pmgstatic.com/cache/resized/w420/files/images/film/posters/164/114/164114231_c27846.jpg;https://www.csfd.cz/film/31451-zlaty-dotek/;USA;Animovaný / Krátkometrážní / Komedie / Rodinný / Muzikál;The Golden Touch;Byl jednou jeden chamtivý král, který nade vše miloval zlato. Jednoho dne se mu zjevil skřítek, který mu nabídl, že na něj sešle kouzlo, které mu umožní vše, na co sáhne, změnit ve zlato. Král souhlasil a byl zprvu nadšen, užíval si svou novou schopnost. Postupně si však začal uvědomovat svou chybu... (Stegr);Na DVD od 09.06.2010 Magic Box;kouzla, chamtivost, král, zlato, prokletí;Walt Disney;;/tvurce/3426-walt-disney/prehled/<br>https://apps.apple.com/cz/app/id6755365206<br>https://play.google.com/store/apps/details?id=cz.csfd.csfdroid<br>;;;
49412;Tango;1998;78.95652173913044;115.0;https://image.pmgstatic.com/cache/resized/w420/files/images/film/posters/161/258/161258849_04cf3e.jpg;https://www.csfd.cz/film/49412-tango/;Španělsko / Argentina;Drama / Muzikál;;Mario Suárez se zrovna nachází v krizi středního věku, navíc ho opustila přítelkyně. Naplnění tedy hledá ve své práci - režíruje film o tangu. Jednoho večera se seznámí s hlavním producentem svého snímku, který ho poprosí, aby do jedné z rolí obsadil jeho milenku Elenu. Mario však začne s Elenou románek, přestože ví, že je to velmi nebezpečné a že se jí její předešlý partner jen tak nevzdá. (VittaBella);25.09.1998 Warner Bros. España;tanec;Carlos Saura;Miguel Ángel Solá, Cecilia Narova, Mía Maestro, Ariel Casas, Juan Luis Galiardo, Eduardo Cutuli, Elvira Onetto, Johana Copes, Juan Carlos Copes, Leonardo Cuello;https://apps.apple.com/cz/app/id6755365206<br>https://play.google.com/store/apps/details?id=cz.csfd.csfdroid<br>;Academy Awards (1x)<br>Goya Awards (1x)<br>Golden Globes (1x)<br>;Goya Awards (1x)<br>;
74054;Chicago;2002;76.36069551152447;113.0;https://image.pmgstatic.com/cache/resized/w420/files/images/film/posters/163/185/163185865_e2cdb8.jpg;https://www.csfd.cz/film/74054-chicago/;USA;Muzikál / Komedie / Drama / Krimi;Chicago;Filmová adaptace úspěšného broadwayského muzikálu Chicago, v jehož hlavních rolích hrají Catherine Zeta-Jonesová, Renee Zellwegerová a Richard Gere, sleduje příběh průměrné sborové tanečnice Roxie Hartové, která se pro slávu rozhodne vraždit. Když to udělá, skončí za mřížemi společně s kabaretní hvězdou Velmou Kellyovou, která s pomocí prohnaného právníka Billyho Flynna rozpoutá kolem svého zločinu mediální šílenství. Poté, co Flynn vezme Roxiein případ, udělá z ní nejžhavější bulvární senzaci, čímž připraví půdu pro pěvecký a taneční souboj mezi oběma přehnaně horlivými rivalkami. Snímek Chicago získal v roce 2003 šest Oscarů, včetně ceny za nejlepší film. (Cinemax);24.01.2003 Miramax Films;vražda, 20. století, podle divadelní hry, sex, vězení, sláva, zabijáci, žárlivost, soud, období 1920-1930;Rob Marshall;Catherine Zeta-Jones, Renée Zellweger, Richard Gere, John C. Reilly, Queen Latifah, Jayne Eastwood, Christine Baranski, Taye Diggs, Colm Feore, Lucy Liu;https://www.skyshowtime.com/cz/stream/movies/chicago/a74ef024-f5fc-3bc9-95c2-d81277c77f97<br>https://srv.clickfuse.com/ads/adclkr.php?id=100006636&url=https://tv.apple.com/cz/movie/chicago/umc.cmc.4r0yvcn4od2v6yqt4ka6041eu<br>https://www.skyshowtime.com/cz/stream/movies/chicago/a74ef024-f5fc-3bc9-95c2-d81277c77f97<br>https://srv.clickfuse.com/ads/adclkr.php?id=100006636&url=https://tv.apple.com/cz/movie/chicago/umc.cmc.4r0yvcn4od2v6yqt4ka6041eu<br>https://apps.apple.com/cz/app/id6755365206<br>https://play.google.com/store/apps/details?id=cz.csfd.csfdroid<br>;Academy Awards (7x)<br>British Academy of Film and Television Arts (BAFTA) (10x)<br>Goya Awards (1x)<br>Amanda Awards (1x)<br>Golden Globes (5x)<br>New York Film Critics Circle Awards (1x)<br>;Academy Awards (6x)<br>British Academy of Film and Television Arts (BAFTA) (2x)<br>Golden Globes (3x)<br>Critics Choice Awards (3x)<br>Florida Film Critics Circle Awards (1x)<br>;
170201;Mulit;2003;77.90633608815428;10.0;//static.pmgstatic.com/assets/images/050b5bad23b8eb0b4f88f971b8f6a168/empty-image.svg;https://www.csfd.cz/film/170201-mulit/;Česko / Indie / Velká Británie / USA;Krátkometrážní / Muzikál;Mulit;Příběh o zakázané lásce, žárlivosti a výjimečně špatných účesech v muzikálu à la Bollywood o bombajském kadeřníkovi jménem Mulit a o jeho cestě ke světové slávě. (Festival krátkých filmů Praha);03.07.2004;;Ivan Zachariáš;Vijay Raaz, Kiran Pande, Richa Pallod, Anupam Shyam;http://www.youtube.com/watch?v=YxSH64k0KfA<br>https://apps.apple.com/cz/app/id6755365206<br>https://play.google.com/store/apps/details?id=cz.csfd.csfdroid<br>;;;
254252;Roméo & Juliette;2002;85.90163934426229;140.0;https://image.pmgstatic.com/cache/resized/w420/files/images/film/posters/157/943/157943414_d7101c.jpg;https://www.csfd.cz/film/254252-romeo-juliette/;Francie;Muzikál / Drama / Romantický;Roméo & Juliette : De la haine à l'amour;Romeo, Julie a jejich tragická láska - tohle už tady bylo tolikrát a přesto vás tohle zpracování díky monumentální scéně, nádherné hudbě a s citem zpívaným textům opět vtáhne a dojme. Slavný muzikál s podtitulem De la Haine à l'Amour (Od nenávisti k lásce) slaví úspěchy po celém světě, svého uvedení se dočkal např. také v Japonsku, Rusku, Maďarsku či Holandsku. Autorem hudby i textů a zároveň režisérem je Gérard Presgurvic. (Faila);;;;Gregori Baquet, Cécilia Cara;https://apps.apple.com/cz/app/id6755365206<br>https://play.google.com/store/apps/details?id=cz.csfd.csfdroid<br>;;;
23026;Vzdušné zámky;1938;79.26315789473684;83.0;https://image.pmgstatic.com/cache/resized/w420/files/images/film/posters/158/194/158194494_2eff8b.jpg;https://www.csfd.cz/film/23026-vzdusne-zamky/;USA;Komedie / Muzikál / Romantický;Carefree;Americká komedie potvrzuje známé pravidlo: nikdy neposílat svou snoubenku za přítelem, ani tím nejlepším. Steven udělal přesný opak. Se svojí přítelkyní Amandou už dlouho řešil menší či větší problémy. Pocítil, že vztah je vážně ohrožen a že je nutno jednat. Jeho přítel doktor Tony Flagg by byl tím správným důvěrníkem a odborníkem zároveň. Právě jeho tedy požádal o radu a pomoc v tak delikátní záležitosti. Po mnoha malých nedorozuměních se pochopitelně Amanda zamiluje právě do Flagga a pikantní milostný propletenec je na světě. Flagg použije hypnotického spánku, aby zpátky posílil její city k příteli Stevenovi. To situaci ještě zkomplikuje. V romantické lehké komedii s hudbou Irvinga Berlina se především tančí a zpívá. Fred Astaire si zahrál dr. Flagga a Ginger Rogersová zde pochopitelně ztvárnila zamilovanou Amandu.;02.09.1938 RKO Radio Pictures;černobílý film;Mark Sandrich;Fred Astaire, Ginger Rogers, Ralph Bellamy, Luella Gear, Jack Carson, Clarence Kolb, Franklin Pangborn, Walter Kingsford, Kay Sutton, Hattie McDaniel;https://apps.apple.com/cz/app/id6755365206<br>https://play.google.com/store/apps/details?id=cz.csfd.csfdroid<br>;Academy Awards (3x)<br>;;
23550;Muppets: Vánoční koleda;1992;77.85507246376811;85.0;https://image.pmgstatic.com/cache/resized/w420/files/images/film/posters/166/606/166606968_09879b.jpg;https://www.csfd.cz/film/23550-muppets-vanocni-koleda/;USA;Rodinný / Fantasy / Muzikál;The Muppet Christmas Carol;Klasický sváteční příběh Charlese Dickense v rukou stále rozpustilých Muppets jiskří humorem a veselou náladou! V roli hamižného Ebenezera Scrooga vystupuje Michaela Cain a celá podívaná není nic jiného než pořádný švindl! Scrooge tráví vánoční večer sám a navštíví jej duchové, kteří ho přenesou v čase a nechají ho nahlédnout do jeho do minulosti, současnosti i budoucnosti a není to nijak pěkná podívaná! Ale při té příležitosti se setká s chudým, hodným a skromným Bobem Cratchitem a jeho rodinou, do které patří také Tiny Tim, který Scrooga poučí o skutečném významu Vánoc. Spolu s původní hudbou a oslňujícími triky je tento dobrosrdečný sváteční příběh vynikající zábavou, která vaši rodinu dokáže potěšit vždy znovu o každých vánocích.;11.12.1992 Buena Vista Pictures US;podle knihy, Vánoce, sníh, duchové, zima, Londýn, Štědrý den;Brian Henson;Michael Caine, Frank Oz, Steven Mackintosh, Raymond Coulthard, Jessica Fox, Victoria Willing, Robin Weaver, Tim Rose, David Rudman, Louise Gold;https://srv.tunefindforfans.com/showads/track/srvclk.php?aid=100006796&lp=https://www.disneyplus.com/en-cz/browse/entity-d005716a-a1c6-4126-b5a0-df5fcd37f186<br>https://srv.tunefindforfans.com/showads/track/srvclk.php?aid=100006796&lp=https://www.disneyplus.com/en-cz/browse/entity-d005716a-a1c6-4126-b5a0-df5fcd37f186<br>https://apps.apple.com/cz/app/id6755365206<br>https://play.google.com/store/apps/details?id=cz.csfd.csfdroid<br>;;;Charles Dickens
18867;Král a já;1956;76.94267515923566;133.0;https://image.pmgstatic.com/cache/resized/w420/files/images/film/posters/165/597/165597061_2a266c.jpg;https://www.csfd.cz/film/18867-kral-a-ja/;USA;Muzikál / Drama / Životopisný;The King and I;"I na královském dvoře se chodí do školy. Yul Brynner a Deborah Kerrová v hlavních rolích slavného amerického muzikálu, oceněného pěti Oscary... Proslulý americký herec Yul Brynner (1920–1985) je u nás patrně nejznámější postavou pistolníka Chrise z legendárního westernu Sedm statečných. Pravdou ovšem je, že jeho nejslavnější rolí byl siamský panovník Mongkut v muzikálu Král a já dvojice Richard Rodgers-Oscar Hammerstein II. Jeho premiérové nasazení se odehrálo na Broadwayi v letech 1951–54 a obnášelo celkem 1246 představení. Mimořádný divácký úspěch této inscenace korunovala i různá ocenění, mj. pět prestižních cen Tony (z nichž jedna byla i pro hlavního představitele). Brynner se s touto rolí na broadwayské jeviště ještě dvakrát vrátil (1977; 1985) a samozřejmě byl prakticky jediným kandidátem i do připravované filmové verze. Ta vznikla v produkci hollywoodského studia 20th Century Fox v roce 1956 ve scenáristické úpravě Ernesta Lehmana a v režii zkušeného specialisty Waltera Langa, který vedle Brynnera použil i další tvůrce z jevištní verze (mj. choreograf Jerome Robbins a kostýmní výtvarnice Irene Sharaffová). Jeho partnerku ve filmu hrála britská herečka Deborah Kerrová, neboť divadelní představitelka Anny Leonowensové, známá diva Gertrude Lawrenceová, už v době natáčení nežila. (Česká televize)";28.06.1956 20th Century Fox;;Walter Lang;Deborah Kerr, Yul Brynner, Rita Moreno, Martin Benson, Terry Saunders, Rex Thompson, Alan Mowbray, Charles Irwin, Maureen Hingert, Carlos Rivas;https://srv.clickfuse.com/ads/adclkr.php?id=100006636&url=https://tv.apple.com/cz/movie/the-king-and-i/umc.cmc.4fb3anxx7nl3utzg37gf0w5yp<br>http://www.ceskatelevize.cz<br>http://www.ceskatelevize.cz<br>https://srv.clickfuse.com/ads/adclkr.php?id=100006636&url=https://tv.apple.com/cz/movie/the-king-and-i/umc.cmc.4fb3anxx7nl3utzg37gf0w5yp<br>https://apps.apple.com/cz/app/id6755365206<br>https://play.google.com/store/apps/details?id=cz.csfd.csfdroid<br>;Academy Awards (4x)<br>Golden Globes (2x)<br>New York Film Critics Circle Awards (3x)<br>;Academy Awards (5x)<br>Golden Globes (2x)<br>;
328862;Ledové království;2013;76.03949720511875;109.0;https://image.pmgstatic.com/cache/resized/w420/files/images/film/posters/168/138/168138064_9ed6lb.jpg;https://www.csfd.cz/film/328862-ledove-kralovstvi/;USA;Animovaný / Muzikál / Fantasy / Dobrodružný / Komedie / Rodinný;Frozen;Nebojácná a věčně optimistická Anna se vydává na velkolepou výpravu v doprovodu drsného horala Kristoffa a jeho věrného soba Svena, aby nalezla svou sestru Elsu, jejíž ledová kouzla uvěznila království Arendelle do věčné zimy. Na své pouti se Anna a Kristoff setkávají s podmínkami, které si nezadají s nejvyššími velehorami světa, mýtickými trolly a legračním sněhulákem Olafem, a navzdory drsným živlům se zoufale pokoušejí dosáhnout svého cíle dříve, než bude zcela pozdě. (Falcon);27.11.2013 Walt Disney US;láska, rodina, putování, zrada, sestry, kouzla, sníh, zima, magie, princezna, královna, princ, prokletí, sobi, trollové, Disney Princess;Chris Buck, Jennifer Lee;Kristen Bell, Idina Menzel, Josh Gad, Jonathan Groff, Alan Tudyk, Ciarán Hinds, Santino Fontana, Jennifer Lee, Stephen J. Anderson, Robert Pine;https://srv.tunefindforfans.com/showads/track/srvclk.php?aid=100006796&lp=https://www.disneyplus.com/en-cz/browse/entity-04c97b72-504b-47f2-9c6f-fe13d9aea82f<br>https://srv.clickfuse.com/ads/adclkr.php?id=100006636&url=https://tv.apple.com/cz/movie/frozen/umc.cmc.4b17gber8k76h90rzlulvrbcl<br>https://www.youtube.com/watch?v=IHnv_-AsFwo<br>/novinky/8898-disney-oznamuje-pokracovani-a-premiery-svych-hitu/<br>/novinky/8898-disney-oznamuje-pokracovani-a-premiery-svych-hitu/<br>/novinky/8898-disney-oznamuje-pokracovani-a-premiery-svych-hitu/<br>https://srv.tunefindforfans.com/showads/track/srvclk.php?aid=100006796&lp=https://www.disneyplus.com/en-cz/browse/entity-04c97b72-504b-47f2-9c6f-fe13d9aea82f<br>https://srv.clickfuse.com/ads/adclkr.php?id=100006636&url=https://tv.apple.com/cz/movie/frozen/umc.cmc.4b17gber8k76h90rzlulvrbcl<br>https://www.youtube.com/watch?v=IHnv_-AsFwo<br>http://movies.disney.com/frozen/<br>/tag/1764-disney-princess/<br>https://apps.apple.com/cz/app/id6755365206<br>https://play.google.com/store/apps/details?id=cz.csfd.csfdroid<br>;Golden Globes (1x)<br>New York Film Critics Circle Awards (1x)<br>The Saturn Awards (1x)<br>;Academy Awards (2x)<br>British Academy of Film and Television Arts (BAFTA) (1x)<br>Golden Globes (1x)<br>Critics Choice Awards (2x)<br>Florida Film Critics Circle Awards (1x)<br>The Saturn Awards (1x)<br>;Hans Christian Andersen
516317;Lví král;2019;76.0637636080871;118.0;https://image.pmgstatic.com/cache/resized/w420/files/images/film/posters/163/554/163554954_7dd6fc.jpg;https://www.csfd.cz/film/516317-lvi-kral/;USA;Animovaný / Dobrodružný / Drama / Rodinný / Muzikál;The Lion King;Snímek Lví král od studia Disney, jenž režíroval Jon Favreau (Kniha džunglí), se odehrává v africké savaně, kde se narodil budoucí panovník všeho živého. Malý lví princ Simba zbožňuje svého otce, lvího krále Mufasu, a připravuje se na svou budoucí vládu. Avšak ne všichni se z malého Simby radují. Mufasův bratr Scar, původní následník trůnu, spřádá své vlastní, temné plány. Souboj o Lví skálu plný intrik, dramat a po nečekané tragédii skončí Simbovým vyhnanstvím. Za pomoci dvou nových přátel musí Simba dospět a stát se tím, kým je mu souzeno být. (Falcon);19.07.2019 Walt Disney US;láska, rodina, smrt, přátelství, přátelé, vražda, otec, útěk, vrah, lež, intriky, zrada, souboje, divočina, nenávist, Afrika, král, džungle, opice, prasata, lvi, CGI animace, hyeny, surikaty;Jon Favreau;Donald Glover, Seth Rogen, Chiwetel Ejiofor, Beyoncé, James Earl Jones, Alfre Woodard, Billy Eichner, John Kani, John Oliver, Florence Kasumba;https://srv.tunefindforfans.com/showads/track/srvclk.php?aid=100006796&lp=https://www.disneyplus.com/en-cz/browse/entity-87524f44-a8ea-4b08-b4d8-39103bed3eaa<br>https://srv.clickfuse.com/ads/adclkr.php?id=100006636&url=https://tv.apple.com/cz/movie/the-lion-king/umc.cmc.8u8dqncoixk0k00wbdlu0zsf<br>/novinky/8732-studio-disney-oznamilo-varku-odsunu-premier/<br>/novinky/8732-studio-disney-oznamilo-varku-odsunu-premier/<br>/novinky/8732-studio-disney-oznamilo-varku-odsunu-premier/<br>https://srv.tunefindforfans.com/showads/track/srvclk.php?aid=100006796&lp=https://www.disneyplus.com/en-cz/browse/entity-87524f44-a8ea-4b08-b4d8-39103bed3eaa<br>https://srv.clickfuse.com/ads/adclkr.php?id=100006636&url=https://tv.apple.com/cz/movie/the-lion-king/umc.cmc.8u8dqncoixk0k00wbdlu0zsf<br>https://apps.apple.com/cz/app/id6755365206<br>https://play.google.com/store/apps/details?id=cz.csfd.csfdroid<br>;Academy Awards (1x)<br>British Academy of Film and Television Arts (BAFTA) (1x)<br>Golden Globes (2x)<br>Critics Choice Awards (2x)<br>The Saturn Awards (3x)<br>;;
119965;Díra;1998;78.89447236180905;95.0;https://image.pmgstatic.com/cache/resized/w420/files/images/film/posters/160/387/160387837_1da257.jpg;https://www.csfd.cz/film/119965-dira/;Tchaj-wan / Francie;Drama / Muzikál / Fantasy / Sci-Fi;Dong;Na Tchaj-wanu propukne epidemie podivné nemoci, jejímž symptomem je, že se nakažený začne plazit jako brouk. Několik obyvatel starého činžáku se odmítne evakuovat a na tomto neutěšeném místě zůstává. Co chvíli se zde porouchají vodovodní trubky a podlahy jsou zaplavené. Jednomu nájemníkovi instalatér provrtá díru do podlahy, kterou ale už nepřijde spravit. Takto se propojí byty jednoho muže a jedné ženy a jejich fádní životy se tím začnou až nečekaně komplikovat. (KlonyIlony);24.03.1999 Haut et Court;nemoc, déšť;Ming-liang Tsai;Kang-Sheng Lee, Kuei-Mei Yang, Tien Miao, Mami Kumagai, Shiang-Chu Tang;https://apps.apple.com/cz/app/id6755365206<br>https://play.google.com/store/apps/details?id=cz.csfd.csfdroid<br>;Cannes Film Festival (1x)<br>;Sitges Film Festival (1x)<br>;
180489;Šípková Růženka;1959;76.15686274509804;75.0;https://image.pmgstatic.com/cache/resized/w420/files/images/film/posters/164/966/164966740_27ac42.jpg;https://www.csfd.cz/film/180489-sipkova-ruzenka/;USA;Animovaný / Rodinný / Romantický / Muzikál / Fantasy;Sleeping Beauty;Nezapomenutelný příběh vytvořený v duchu tradičních disneyovek jako je Sněhurka a sedm trpaslíků nebo Popelka, je strhujícím spojením příběhu lásky, naděje a dobrodružství. Krásná princezna nadaná laskavostí a půvabem kdysi, ještě než usnula, vyvolala žárlivost zlé víly. Trojice dobrosrdečných dobrých vil se snaží ze všech sil ochránit milovanou princeznu, ale ani všechna jejich kouzla nestačí na strašnou Paní všeho zla. Když je Jitřenka očarována a upadne do spánku, musí statečný princ Filip překonat mnohá nebezpečí včetně závěrečného boje se zuřivým drakem chrlícím oheň, pokud chce princeznu probudit z věčného spánku!;Na DVD od 24.10.2003 Warner Bros. CZ;podle knihy, rodina, otec, matka, rodiče, dcera, kouzla, král, princezna, královna, princ, prokletí, narozeniny, draci, zámek, kletba, víly, Disney Princess, Šípková Růženka;Clyde Geronimi;Mary Costa, Bill Shirley, Eleanor Audley, Pinto Colvig, Marvin Miller, Bill Thompson, Wulf Rittscher, Dal McKennon, Verna Felton, Taylor Holmes;https://srv.tunefindforfans.com/showads/track/srvclk.php?aid=100006796&lp=https://www.disneyplus.com/en-cz/browse/entity-2f365ad5-9a65-410e-b750-947acc66d21e<br>/novinky/5813-zlodusi-od-disneyho-dostanou-serial/<br>/novinky/5813-zlodusi-od-disneyho-dostanou-serial/<br>/novinky/5813-zlodusi-od-disneyho-dostanou-serial/<br>https://srv.tunefindforfans.com/showads/track/srvclk.php?aid=100006796&lp=https://www.disneyplus.com/en-cz/browse/entity-2f365ad5-9a65-410e-b750-947acc66d21e<br>/tag/1764-disney-princess/<br>https://apps.apple.com/cz/app/id6755365206<br>https://play.google.com/store/apps/details?id=cz.csfd.csfdroid<br>;Academy Awards (1x)<br>The Saturn Awards (1x)<br>;;Charles Perrault
11747;Rocky Horror Picture Show;1975;76.10079087732205;100.0;https://image.pmgstatic.com/cache/resized/w420/files/images/film/posters/162/885/162885327_f697f3.png;https://www.csfd.cz/film/11747-rocky-horror-picture-show/;Velká Británie / USA;Muzikál / Sci-Fi / Komedie / Horor;Rocky Horror Picture Show;Kuriózní parodie na béčkové horrory s trochou sci-fi a rockové muziky, která vznikla podle již 25 let úspěšného britského muzikálu. Film i muzikál se záhy po uvedení staly kultovním hitem. Je to taková erotická noční můra, která neuznává žádné hranice. Mladý pár Janet (Susan Sarandon) a Brad (Barry Bostwick) se ztratí na silnici v dešti a narazí do kostela doktora Frank-A-Furtera (Tim Curry) - transvestity, který zrovna pořádá výroční shromáždění návštěvníků z planety Transsexual galaxie Transylvania.;31.10.2012 20th Century Fox UK;muž, žena, smrt, přátelství, přátelé, vražda, tajemství, strach, záhady, vrah, oběť (autonehody/zločinu), gay, cestování, hudba, sex, putování, les, doktoři, LGBTQ+, divočina, svatba, nehoda, párty, tanec, homosexualita, vědci, mimozemšťané, autonehoda, snoubenci, hrad, bouře, kanibalismus, profesor, déšť, transvestita, crossdressing;Jim Sharman;Tim Curry, Susan Sarandon, Barry Bostwick, Richard O'Brien, Meat Loaf, Charles Gray, Patricia Quinn, Nell Campbell, Jonathan Adams, Peter Hinwood;https://srv.tunefindforfans.com/showads/track/srvclk.php?aid=100006796&lp=https://www.disneyplus.com/en-cz/browse/entity-c3c98038-85f7-43aa-b2ce-0b8e572e19f7<br>https://srv.clickfuse.com/ads/adclkr.php?id=100006636&url=https://tv.apple.com/cz/movie/the-rocky-horror-picture-show/umc.cmc.2vmkiafvpt72qjmj11f42hd8h<br>https://srv.tunefindforfans.com/showads/track/srvclk.php?aid=100006796&lp=https://www.disneyplus.com/en-cz/browse/entity-c3c98038-85f7-43aa-b2ce-0b8e572e19f7<br>https://srv.clickfuse.com/ads/adclkr.php?id=100006636&url=https://tv.apple.com/cz/movie/the-rocky-horror-picture-show/umc.cmc.2vmkiafvpt72qjmj11f42hd8h<br>https://apps.apple.com/cz/app/id6755365206<br>https://play.google.com/store/apps/details?id=cz.csfd.csfdroid<br>;The Saturn Awards (1x)<br>;The Saturn Awards (1x)<br>;
6768;Setkáme se v St. Louis;1944;77.09864603481624;113.0;https://image.pmgstatic.com/cache/resized/w420/files/images/film/posters/158/083/158083534_a7840d.jpg;https://www.csfd.cz/film/6768-setkame-se-v-st-louis/;USA;Muzikál / Rodinný / Romantický / Komedie;Meet Me in St. Louis;St. Louis 1903. Bohatá rodina Smithových má čtyři krásné dcery. Sedmnáctiletá Esther se zamilovala do Johna, chlapce, který se právě přistěhoval do sousedství, ten si jí ale zpočátku sotva všímá. A pak přichází zpráva, že pan Smith dostal skvělou práci v New Yorku, což znamená, že se rodina musí odstěhovat ze St. Louis...;22.11.1944 Metro-Goldwyn-Mayer (MGM);láska, sourozenci, Vánoce, dospívání, New York, tanec, léto, zima, Halloween, podzim;Vincente Minnelli;Judy Garland, Margaret O'Brien, Mary Astor, Lucille Bremer, Leon Ames, Tom Drake, Marjorie Main, June Lockhart, Joan Carroll, Henry H. Daniels Jr.;https://srv.clickfuse.com/ads/adclkr.php?id=100006636&url=https://tv.apple.com/cz/movie/meet-me-in-st-louis/umc.cmc.3hrcbgdu1wq4rpnvl34xm0dg8<br>https://www.youtube.com/watch?v=bhY68LalxBE<br>https://srv.clickfuse.com/ads/adclkr.php?id=100006636&url=https://tv.apple.com/cz/movie/meet-me-in-st-louis/umc.cmc.3hrcbgdu1wq4rpnvl34xm0dg8<br>https://www.youtube.com/watch?v=bhY68LalxBE<br>https://apps.apple.com/cz/app/id6755365206<br>https://play.google.com/store/apps/details?id=cz.csfd.csfdroid<br>;Academy Awards (4x)<br>;;Sally Benson
159838;Pas de deux;1968;81.30841121495327;13.0;//static.pmgstatic.com/assets/images/050b5bad23b8eb0b4f88f971b8f6a168/empty-image.svg;https://www.csfd.cz/film/159838-pas-de-deux/;Kanada;Krátkometrážní / Muzikál;;;;;Norman McLaren;;https://apps.apple.com/cz/app/id6755365206<br>https://play.google.com/store/apps/details?id=cz.csfd.csfdroid<br>;Academy Awards (1x)<br>;British Academy of Film and Television Arts (BAFTA) (1x)<br>Melbourne International Film Festival (MIFF) (1x)<br>;
151273;Tisíc a jedna králičí pohádka;1982;77.23502304147465;74.0;https://image.pmgstatic.com/cache/resized/w420/files/images/film/posters/000/039/39104_a5eb8c.jpg;https://www.csfd.cz/film/151273-tisic-a-jedna-kralici-pohadka/;USA;Animovaný / Rodinný / Komedie / Muzikál;Bugs Bunny's Third Movie: 1001 Rabbit Tales;Králík Bugs a kačer Duffy zjistí, že oba pracují jako prodavači dětských knih firmy Rambling House. Každý z nich má svou metodu jak prodat knihy co největšímu počtu zákazníků a nepřestávají soutěžit v tom, kdo z nich bude úspěšnější. V bláznivé rozjařené soutěži se nakonec Bugs dostane na sultánův dvůr, kde je zrovna potřeba najít někoho, kdo by malému rozmazlenému Abalabovi vyprávěl pohádky. Bugs se zdá jako ideální kandidát a sultánovy přesvědčovací metody se ukáží být nadmíru účinné. Bugs si může vybrat. Buď bude vyprávět pohádky nebo skončí v hrnci. A navíc má sultán velkou šavli. Bugs tedy začne sultánovu synkovi vyprávět, jenže každou pohádku, do které se pustí, notně poplete, ať už je to Jack a kouzelný fazolový stonek, Sněhurka nebo Červená karkulka.;19.11.1982 Warner Bros. US;rivalita, soutěž, kniha, Looney Tunes, králík Bugs, groteska, kačer Daffy, prasátko Porky, kocour Sylvester, Elmer Fudd, Tweety, králíci, Speedy Gonzales, Yosemite Sam, sultán, Červená Karkulka, Jeníček a Mařenka, ovčácký pes Sam, žabák Michigan, vlk Ralph;Friz Freleng;June Foray, Lennie Weinrib, Mel Blanc;https://apps.apple.com/cz/app/id6755365206<br>https://play.google.com/store/apps/details?id=cz.csfd.csfdroid<br>;;;
259202;Šviháci;2008;77.63975155279503;115.0;https://image.pmgstatic.com/cache/resized/w420/files/images/film/posters/162/461/162461062_616a19.jpg;https://www.csfd.cz/film/259202-svihaci/;Rusko;Drama / Muzikál / Romantický;Páscii;Jedná se o příběh z padesátých let minulého století, kdy skupina mladých lidí musela bojovat za právo odlišovat se od ostatních, za možnost poslouchat jinou muziku a jinak se oblékat a samozřejmě i za lásku. Populární šlágry, nejobtížnější choreografické prvky a temperamentní příběh s mnoha zvraty. Prozíravý milostný příběh a nádherné scénérie zapůsobí na diváka. (Filmbox);25.12.2008 Централ Партнершип;;Valerij Todorovskij;Anton Šagin, Oksana Akiňšina, Oleg Jankovskij, Sergej Garmaš, Alexej Gorbunov, Jekatěrina Vilkova, Jevgenija Brik, Leonid Jarmolnik, Maxim Matvejev, Irina Rozanova;https://apps.apple.com/cz/app/id6755365206<br>https://play.google.com/store/apps/details?id=cz.csfd.csfdroid<br>;;;
37217;Kachní polévka;1933;76.31984585741812;70.0;https://image.pmgstatic.com/cache/resized/w420/files/images/film/posters/160/314/160314209_7a91b4.jpg;https://www.csfd.cz/film/37217-kachni-polevka/;USA;Komedie / Muzikál;Duck Soup;"Komedie DUCK SOUP byla vzhledem k situovanosti děje do ""vládních kruhů"" fiktivního státu Freedonie často označována za politickou satiru, které se však Marxové, věřící v ""čistý humor"", vyhýbali. Název DUCK SOUP je opět komplikovanou slovní hříčkou. Vedle doslovného významu Kachní polévka, který je také hned v úvodu ilustrován záběrem na kvákající kachny v kotlíku s vodou zavěšeném nad ohništěm, asociuje další eventuality, jako jsou ""bezva džob"" nebo ""trouba"". Hrdinou je totiž potřeštěný pan Rufus T. Firefly (toto příjmení lze výstižně převést jako Plašmuška), kterého bohatá paní Teasdaleová (v podání Margaret Dumontové) prosadí jako diktátorka Freedonie, jejíž státní rozpočet sama financuje. Situaci Fireflye komplikuje uhlazený a stále intrikující vyslanec vedlejšího státu Sylvanie, který usiluje o ruku této bohaté ženy. Sylvanie k různým intrikám nasadila své agenty: vedle svůdné dívčiny jsou to především Harpo se svými houkačkami za pasem jako Pinky a Chico jako Chicolini. Ti však svým zmatkářství, způsobí více škody než užitku. Když je Chico dopaden a má být souzen, Firefly se nečekaně ujme jeho obhajoby, a dokonce mu svěří ministerstvo války. Civilní Zeppo Marx hraje Fireflyova adjunkta. Celý film vrcholí bláznivou scénou nadšeného celostátního plesání nad vyhlášením války, kdy Marxové doprovázeni mohutným davem divoce křepčí. Karnevalový dav provolávající ""Ať žije válka"" připomíná jakousi směsici náboženské extáze a silvestrovského třeštění.";17.11.1933 Paramount Pictures;muž, černobílý film, žena, peníze, politika, válka, dluhy, situační humor, bankrot, bratři Marxové, fiktivní země;Leo McCarey;Groucho Marx, Harpo Marx, Chico Marx, Zeppo Marx, Margaret Dumont, Raquel Torres, Louis Calhern, Edmund Breese, Charles Middleton, Edgar Kennedy;https://apps.apple.com/cz/app/id6755365206<br>https://play.google.com/store/apps/details?id=cz.csfd.csfdroid<br>;The Saturn Awards (2x)<br>;;
638963;Deadpool The Musical 2 - Ultimate Disney Parody;2018;85.6140350877193;12.0;//static.pmgstatic.com/assets/images/050b5bad23b8eb0b4f88f971b8f6a168/empty-image.svg;https://www.csfd.cz/film/638963-deadpool-the-musical-2-ultimate-disney-parody/;USA;Krátkometrážní / Muzikál;;;;;Julian Higgins;Vic Mignogna, Casper Van Dien, Jennifer Wenger, Jamie Costa, Christophe Zajac-Denek, Scarlet Sheppard, Monette Moio;/film/638963-deadpool-the-musical-2-ultimate-disney-parody/prehled/?modal=ratingAndFanclub<br>/film/638963-deadpool-the-musical-2-ultimate-disney-parody/prehled/<br>/film/638963-deadpool-the-musical-2-ultimate-disney-parody/recenze/<br>/film/638963-deadpool-the-musical-2-ultimate-disney-parody/hraji/<br>/film/638963-deadpool-the-musical-2-ultimate-disney-parody/diskuze/<br>/film/638963-deadpool-the-musical-2-ultimate-disney-parody/prehled/<br>/film/638963-deadpool-the-musical-2-ultimate-disney-parody/recenze/<br>/film/638963-deadpool-the-musical-2-ultimate-disney-parody/hraji/<br>/film/638963-deadpool-the-musical-2-ultimate-disney-parody/diskuze/<br>/film/638963-deadpool-the-musical-2-ultimate-disney-parody/recenze/?review=11055290<br>/film/638963-deadpool-the-musical-2-ultimate-disney-parody/prehled/?pageRating=0<br>/film/638963-deadpool-the-musical-2-ultimate-disney-parody/prehled/?pageRating=2<br>https://apps.apple.com/cz/app/id6755365206<br>https://play.google.com/store/apps/details?id=cz.csfd.csfdroid<br>;;;
33948;Mickeyho koncert;1935;81.41414141414141;9.0;https://image.pmgstatic.com/cache/resized/w420/files/images/film/posters/161/674/161674958_5383c3.jpg;https://www.csfd.cz/film/33948-mickeyho-koncert/;USA;Animovaný / Krátkometrážní / Rodinný / Komedie / Muzikál;The Band Concert;Tentokrát zde uvidíme Mickey Mouse v roli velkého dirigenta. Řídí velkou kapelu. Do toho bohužel přijede Kačer Donald s jídlem a začíná hrát na flétnu. Ničí Mickeymu ton, ničí jeho Williama Tella a nedá a nedá se odehnát. I když mu náš dirigent ničí jeho flétny, on si další neustále vytahuje z rukávů a všech možných míst. Až teprav zakročí ostatní členové kapely jde škodný kačer po svých. Mickey je v této roli vyjímečně zlý a to se v jeho ostatních pohádkách nestává. (RadimFišer);;kačer Donald, myšák Mickey;Wilfred Jackson;Clarence Nash;https://srv.tunefindforfans.com/showads/track/srvclk.php?aid=100006796&lp=https://www.disneyplus.com/en-cz/browse/entity-0bfa0dce-0f2f-4390-8740-914ed0094d4e<br>https://srv.tunefindforfans.com/showads/track/srvclk.php?aid=100006796&lp=https://www.disneyplus.com/en-cz/browse/entity-0bfa0dce-0f2f-4390-8740-914ed0094d4e<br>https://apps.apple.com/cz/app/id6755365206<br>https://play.google.com/store/apps/details?id=cz.csfd.csfdroid<br>;;Venice Film Festival (1x)<br>;
187421;Kocourek se vrátil;1988;78.11965811965813;7.0;https://image.pmgstatic.com/cache/resized/w420/files/images/film/posters/000/043/43092_5ad7e3.jpg;https://www.csfd.cz/film/187421-kocourek-se-vratil/;Kanada;Animovaný / Komedie / Muzikál / Krátkometrážní;The Cat Came Back;Tento komediální krátký animovaný film vychází ze sto let staré stejnojmenné lidové písně. Starý pan Johnson se stále zuřivěji snaží zbavit malé žluté kočky, která ne a ne zmizet...;;;Cordell Barker;Richard Condie;https://apps.apple.com/cz/app/id6755365206<br>https://play.google.com/store/apps/details?id=cz.csfd.csfdroid<br>;Academy Awards (1x)<br>;;
241616;Bremenskije muzykanty;1969;86.8;20.0;https://image.pmgstatic.com/cache/resized/w420/files/images/film/posters/161/094/161094763_541f24.jpg;https://www.csfd.cz/film/241616-bremenskije-muzykanty/;Sovětský svaz;Animovaný / Krátkometrážní / Rodinný / Muzikál;Бременские музыканты;Trubadúr, kohout, oslík, pes a kocour z Brém společně cestují zemí a hrou a zpěvem si vydělávají na živobytí. Jednoho dne vystoupí před samotným králem. Místo odměny jsou však vyhnání z města, protože trubadúr se zamiluje do princezny a ona do něj. Smutní muzikanti vyženou loupežníky z jejich pelechu a převezmou jejich řemeslo. Jednoho dne jim padne do rukou samotný král. Trubadúrovi se podaří dosáhnout sňatku s jeho milovanou. Vypadá to však, že tím zapomněl na svoje zvířecí přátele. (Jezinka.Jezinka);;muzikant;Iněssa Kovalevskaja;Oleg Anofrijev, Gennadij Gladkov;/tvurce/3426-walt-disney/prehled/<br>https://apps.apple.com/cz/app/id6755365206<br>https://play.google.com/store/apps/details?id=cz.csfd.csfdroid<br>;;;Jacob Grimm, Wilhelm Grimm
25007;Věčná Eva;1941;83.09859154929578;90.0;https://image.pmgstatic.com/cache/resized/w420/files/images/film/posters/165/374/165374883_02a0b6.jpg;https://www.csfd.cz/film/25007-vecna-eva/;USA;Komedie / Muzikál / Romantický;It Started with Eve;Millionář Johnatan Reynolds starší - Charles Laughton leží na smrtelné posteli. Prosí proto svého syna Johnatana jun. - Robert Cummings, který se právě vrátil z Mexika, aby k němu přivedl svou snoubenku. Johnny mu chce ihned vyhovět, a vyrazí do hotelu, kde je jeho snoubenka Gloria s matkou ubytována, ale přes veškeré úsilí se mu nepodaří ji sehnat, a čas běží. Obrátí se proto v domnění, že otec opravdu umírá, na mladou, sympatickou, pěknou dívku Anne Terry - Deanne Durbin, která pracuje v hotelu, aby mu pomohla, a vydávala se za Glorii. Slíbí jí za to 50 dolarů.Otci se milá sympatická dívka velmi zalíbí, a jakoby zázrakem po setkání s ní pookřeje, a druhý den se už po ní nanovo shání, protože jí chce znovu vidět. Johnymu nezbývá, než Anne přivézt až z nádraží, kde se chystala nastoupit do vlaku a odjet domů. Starý pán dostane chuť na dobré jídlo, doutníček i alkohol, a je ohromě spokojený, když zjistí, že je Annie navíc i talentovaná zpěvačka a klavíristka. Ann se mu líbí čím dál víc, tak že i když tajně vyslechne rozhovor mezi ní a svým synem, kdy se dozví, že se vlastně jednalo o podvod, a ona není Gloria, tajně dál kuje pikle, aby si Jonathan vzal namísto chladné Glorie, Ann. (marťan);26.09.1941 Universal Pictures US;černobílý film;Henry Koster;Deanna Durbin, Charles Laughton, Robert Cummings, Guy Kibbee, Margaret Tallichet, Catherine Doucet, Walter Catlett, Irving Bacon, Dorothea Kent, Clara Blandick;https://apps.apple.com/cz/app/id6755365206<br>https://play.google.com/store/apps/details?id=cz.csfd.csfdroid<br>;Academy Awards (1x)<br>;;
7750;Kdyby tisíc klarinetů;1964;75.4675211185552;130.0;https://image.pmgstatic.com/cache/resized/w420/files/images/film/posters/158/341/158341056_74eac9.jpg;https://www.csfd.cz/film/7750-kdyby-tisic-klarinetu/;Československo;Muzikál / Komedie / Fantasy;If a Thousand Clarinets;Mají hudební nástroje a nebojí se je použít! Vojín Schulze (J. Menzel), smolař a klarinetista v jedné osobě, jednoho dne dezertuje před vojenským drilem. Na chvíli najde azyl ve škole nedalekého lázeňského města Alkalis. Tam právě přijede štáb nezávislé televizní společnosti Televis, vedený režisérkou Terezou (J. Brejchová). Ta má natočit reportáž o odhalení sochy J. S. Bacha. Mrtvý velikán však toho dne způsobí neobvyklý zázrak: zachrání klarinetistu Schulzeho před zastřelením, a to tak, že promění zbraně všech zdejších vojáků v hudební nástroje. Tereza tak místo původní nezáživné reportáže odvysílá senzační zprávy o zázraku. A protože vysílání má mimořádný divácký úspěch, dostane dívka za úkol uspořádat do druhého dne velkolepou televizní revui. Pomohou jí k tomu populární pěvecké hvězdy (K. Gott, H. Hegerová), členové televizního baletu, ale také někteří vojáci, kteří našli v hudbě zalíbení (W. Matuška, J. Šlitr, J. Suchý…). Nepřátelé z ministerstva války však nezahálejí. Kují různé diverzní plány a mimo jiné vysílají do kasáren elitní přepadový oddíl, ovládající balet… Slavný český muzikál z roku 1964 vznikl podle stejnojmenného divadelního „leporela“ Jiřího Suchého, které mělo premiéru v prosinci 1958 v Divadle Na zábradlí. (Česká televize);29.01.1965 Ústřední půjčovna filmů;černobílý film, protiválečný;Ján Roháč, Vladimír Svitáček;Waldemar Matuška, Jana Brejchová, Hana Hegerová, Eva Pilarová, Karel Gott, Jiří Šlitr, Jiří Suchý, Jiří Jelínek, Jana Malknechtová, Pavlína Filipovská;http://www.ceskatelevize.cz<br>http://www.ceskatelevize.cz<br>https://apps.apple.com/cz/app/id6755365206<br>https://play.google.com/store/apps/details?id=cz.csfd.csfdroid<br>;;;
82632;Lagaan - tenkrát v Indii;2001;76.82191780821918;224.0;https://image.pmgstatic.com/cache/resized/w420/files/images/film/posters/161/135/161135915_5be348.jpg;https://www.csfd.cz/film/82632-lagaan-tenkrat-v-indii/;Indie;Muzikál / Drama / Sportovní / Romantický;Lagaan: Once Upon a Time in India;Konec devatenáctého století znamenal pro Indii život pod nadvládou britských kolonizátorů. Právo zde představovali důstojníci a jejich oddíly. Zdaleka ne všude však byli vojáci takovými džentlmeny, jak se o nich vyprávělo. Malá zemědělská vesnice Champaner je tábořištěm jednotky, jíž velí kapitán Russel arogantní a náladový muž, jemuž na lidském životě záleží jen minimálně. Podle toho se také chová k místním obyvatelům. Je jen otázka času, kdy dojde ke vzpouře. Vesničané vedení srdnatým a odhodlaným farmářem Bhuvanem a půvabnou Gauri však vědí, že odpor může existovat i bez zbytečných krveprolití a přestřelek. Rozhodnou se pro mírovou cestu jejich triumfem nad bezohlednými uzurpátory se má stát vítězství nad vojáky v jejich národním sportu v kriketu.;Na DVD od 01.10.2002 Bontonfilm;19. století, okupace, kriket;Ashutosh Gowariker;Aamir Khan, Gracy Singh, Rachel Shelley, Paul Blackthorne, Suhasini Mulay, Kulbhushan Kharbanda, Rajendra Gupta, Rajesh Vivek, Shri Vallabh Vyas, Raghuvir Yadav;https://apps.apple.com/cz/app/id6755365206<br>https://play.google.com/store/apps/details?id=cz.csfd.csfdroid<br>;Academy Awards (1x)<br>European Film Awards (1x)<br>Filmfare Awards (1x)<br>;Filmfare Awards (8x)<br>;
181610;Hoppity se vrací;1941;81.62790697674419;78.0;https://image.pmgstatic.com/cache/resized/w420/files/images/film/posters/160/490/160490890_3b87c4.jpg;https://www.csfd.cz/film/181610-hoppity-se-vraci/;USA;Rodinný / Animovaný / Komedie / Muzikál;Mr. Bug Goes to Town;Vynikající animovaný snímek zavede diváky do fascinujícího světa vesničky Bugville, která leží uprostřed broučí metropole. Když se sympatický luční koník vrátí do Bugville, zjistí, že rozbořený plot a bezohlední lidé ohrožují existenci města. Své kamarády tak přestěhuje do nedaleké krásné zahrady, která patří skladatelům písní Dickovi a Mary. Brouci se však záhy bohužel musí vrátit. A vše se ještě zhorší, když se koníkova láska musí vdát za padoucha. Pokud se Dickovi a Mary podaří sehnat peníze na záchranu domu a zahrady, zajistí obyvatelům Bugville bezpečný domov. Tomu však chce padouch a jeho poskokové zabránit. Podaří se koníkovi zachránit kamarády i milovanou bytost? Animovaná klasika nadchne nejen děti. (Filmbox);05.12.1941 Paramount Pictures;zvířata, venkov, vesnice, hmyz, mrakodrap;Dave Fleischer, Shamus Culhane;Jack Mercer, Mae Questel, Pinto Colvig, Guinn 'Big Boy' Williams, Kenny Gardner, Tedd Pierce, Carl Meyer, Stan Freed, Pauline Loth, Margie Hines;https://apps.apple.com/cz/app/id6755365206<br>https://play.google.com/store/apps/details?id=cz.csfd.csfdroid<br>;;;
38130;The Great Rock 'n' Roll Swindle;1980;77.75784753363229;103.0;https://image.pmgstatic.com/cache/resized/w420/files/images/film/posters/160/833/160833505_a9b747.jpg;https://www.csfd.cz/film/38130-the-great-rock-n-roll-swindle/;Velká Británie;Komedie / Hudební / Muzikál;The Great Rock 'n' Roll Swindle;Film, ktorý si vyslúžil prezývku Občan Kane medzi hudobnými filmami. Fiktívny dokument o fenomenálnej kapele The Sex Pistols, o kapele ktorá v 70. rokoch 20. storočia menila svet. Lekcia prvá: Na založenie kapely zožente štyroch ľudí. Zabezpečte aby sa medzi sebou nenávideli a aby žiadny z nich nevedel hrať na žiadny hudobný nástroj... Pri premiére tohno filmu vo Francúzsku vtrhla nedočkavá skupina prívžencov hnutia punk do premietacej miestnosti zhodila premietačku, vďaka tomu bol celý film premietaný do ľavého horného rohu kinosály a čiastnočne aj na strop. Pri premiére filmu filmu v Nemecku, počas piesne My Way, skupina punkáčov začala pogovať pred premietacím plátnom, ktoré následne podpálila. Na Slovensku sa konala jediná oficiálna projekcia tohto filmu a to pri príležitosti MFF 2007. Presne 1.12.2007 o 21:00. Na tejto projekcii a zároveň kvázi slovenskej premiére bol účastný režisér filmu Julien Temple. (baruss);;punk;Julien Temple;Sid Vicious, Steve Jones, Paul Cook, John Lydon, Glen Matlock, Malcolm McLaren, Helen Wellington-Lloyd, Ronald Biggs, Edward Felix Pole Tudor, James Aubrey;https://apps.apple.com/cz/app/id6755365206<br>https://play.google.com/store/apps/details?id=cz.csfd.csfdroid<br>;;;
22112;8 žen;2002;75.31325886352599;106.0;https://image.pmgstatic.com/cache/resized/w420/files/images/film/posters/000/017/17350_80dbe9.jpg;https://www.csfd.cz/film/22112-8-zen/;Francie / Itálie;Muzikál / Komedie / Krimi / Mysteriózní;8 femmes;Ve velkém francouzském buržoazním domě na sněhem odříznuté samotě začíná drama - pán domu ráno nalezen s dýkou v zádech. Atmosféra jako z detektivek Agathy Christie. Vražedkyně je nejspíš mezi 8 ženami, které se pohybovaly v jeho blízkosti. Byla to dominantní manželka Gaby (Catherine Deneuve)? Jeho přísná staropanenská švagrová Augustine (Isabelle Huppert)? Lakomá tchyně (Danielle Darrieux)? Půvabná služebná Louisa (Emmanuelle Béart) nebo loajální černošská hospodyně Chanel (Firmine Richard)? Či některá z jeho rozkošných dcer Suzon (Virginie Ledoyen) a Catherine (Ludivine Sagnier)? Případně jeho citlivá sestra Pierrette (Fanny Ardant), která přijela na nečekanou návštěvu? Téměř každá ze zúčastněných měla motiv k vraždě a navíc vyplývají na povrch velmi nepěkné věci ve vzájemných vztazích, týkající se pokrytectví, mamonu i sexuálních choutek. A přesto je každá z nich dychtivější poznat, jak to skutečně vše bylo…Režisér François Ozon ve své provokující tvorbě rád překračuje hranice žánrů a směšuje různé styly, podobně jako jeho vzor Rainer Werner Fassbinder. Povedlo se mu tedy vytvořit velice zvláštně pojatou detektivku s prvky melodramatu, tragikomedie i muzikálu, jehož ústředním tématem je vražda. (ERTik);Na DVD od 02.06.2003 SPI Film;žena, vražda, 20. století, matka, podle divadelní hry, dcera, vyšetřování, peníze, lež, nevěra, dům, lesby, těhotenství, zpěv, milenka, období 1950-1960;François Ozon;Danielle Darrieux, Catherine Deneuve, Isabelle Huppert, Emmanuelle Béart, Fanny Ardant, Virginie Ledoyen, Ludivine Sagnier, Firmine Richard;https://apps.apple.com/cz/app/id6755365206<br>https://play.google.com/store/apps/details?id=cz.csfd.csfdroid<br>;European Film Awards (5x)<br>César Awards (12x)<br>Berlinale (Berlin International Film Festival) (1x)<br>;European Film Awards (1x)<br>Berlinale (Berlin International Film Festival) (1x)<br>;
11733;Lev ze Země Oz;2000;77.81094527363184;74.0;https://image.pmgstatic.com/cache/resized/w420/files/images/film/posters/000/371/371245_7c5b1f.jpg;https://www.csfd.cz/film/11733-lev-ze-zeme-oz/;Kanada;Rodinný / Animovaný / Muzikál;Lion of Oz;Filmový muzikál Čaroděj ze země Oz už neodmyslitelně patří ke klasickému filmovému dědictví. Příběh malé Dorotky, která se ve víru tornáda dostane z Kansasu do barevné pohádkové země Oz a zažije tu nesčetná dobrodružství, si za léta od své premiéry (konala se 15. srpna 1939) podmanil miliony diváků. V animovaném hudebním zpracování na motivy této pohádkové knížky L. Franka Bauma je však místo Dorotky hlavní postavou lev z cirkusu, který se v bouřce dostane do kouzelné země Oz.;;podle knihy, přátelství, putování, kouzla, čarodějové, lvi;Tim Deacon;Dom DeLuise, Jason Priestley, Lynn Redgrave, Kathy Griffin, Bobcat Goldthwait, Jane Horrocks, Tim Curry, Jess Harnell, Gerard Plunkett, Henry Beckman;https://apps.apple.com/cz/app/id6755365206<br>https://play.google.com/store/apps/details?id=cz.csfd.csfdroid<br>;;;L. Frank Baum
169644;Jsem s tebou;2004;76.97183098591549;179.0;https://image.pmgstatic.com/cache/resized/w420/files/images/film/posters/163/062/163062124_68564d.jpg;https://www.csfd.cz/film/169644-jsem-s-tebou/;Indie;Akční / Komedie / Romantický / Muzikál;Main Hoon Na;Major Ram (Shahrukh Khan) zabrání v přímém TV přenosu atentátu na indického generála. Během akce však přijde o svého otce, jehož je nemanželským synem. Ten mu však stačí sdělit, že má ještě bratra a přeje si, aby usmířil celou rodinu. Bratr studuje na stejné škole jako generálova dcera, kterou má nyní Ram za úkol chránit a z majora se tak inkognito stává poněkud přestárlý student. Podaří se mu zhatit další plány teroristy Raghavana? Najde vztah ke svému bratrovi a nevlastní rodině? A co nová učitelka chemie, do které se zamiluje? (berg.12);;láska, tajemství, škola, vojáci, únos, bratři, agenti, teroristé, změna identity, tajná organizace, misie;Farah Khan;Shahrukh Khan, Sushmita Sen, Sunil Shetty, Zayed Khan, Amrita Rao, Kabir Bedi, Naseeruddin Shah, Satish Shah, Boman Irani, Bindu;https://srv.clickfuse.com/ads/adclkr.php?id=100006636&url=https://tv.apple.com/cz/movie/main-hoon-na/umc.cmc.37143gfrvytx0xrf3qv1c3eba<br>https://srv.clickfuse.com/ads/adclkr.php?id=100006636&url=https://tv.apple.com/cz/movie/main-hoon-na/umc.cmc.37143gfrvytx0xrf3qv1c3eba<br>https://apps.apple.com/cz/app/id6755365206<br>https://play.google.com/store/apps/details?id=cz.csfd.csfdroid<br>;Filmfare Awards (10x)<br>;Filmfare Awards (1x)<br>;
5575;Bratři Bluesovi;1980;75.29368843487778;133.0;https://image.pmgstatic.com/cache/resized/w420/files/images/film/posters/164/420/164420291_46b1cb.jpg;https://www.csfd.cz/film/5575-bratri-bluesovi/;USA;Akční / Komedie / Muzikál / Road movie;Blues Brothers;Po návratu z vězení Jake Blues s bratrem Elwoodem navštíví dům, v němž byli kdysi vychováni jeptiškami. Tady stojí před jasným rozhodnutím: na to, aby sehnali 5000 dolarů pro kostel, mají pouhých jedenáct dnů. Jake s bratrem Elwoodem se proto rozhodnou obnovit jejich bývalou bluesovou skupinu. Tím se kolotoč ztřeštěných akcí a honiček s poldy v patách teprve roztáčí. Jejich plány na získání peněz totiž neustále někdo narušuje, dvojice bratrů také na sebe poštve téměř každého… Příběh, který využívá hudební komedie ve spojení s žánrem akčního filmu, proslavily dvě velké honičky aut. V hlavních rolích zaujmou herecké hvězdy Dan Aykroyd, John Belushi a John Candy. Vedle skupiny The Blues Brothers Band tu nalezneme jako hosty známé osobnosti filmového světa (Steven Spielberg, John Lee Hocker, Twiggy, Frank Oz, Steve Lawrence a Paul Reubens). Na tento snímek navazuje volné pokračování Blues Brothers 2000. (Česká televize);20.06.1980 Universal Pictures US;policie, peníze, pronásledování, bratři, kapela, rychlá auta, buddy movie, neonacismus, carsploitation, blues;John Landis;John Belushi, Dan Aykroyd, James Brown, Cab Calloway, Aretha Franklin, Carrie Fisher, Henry Gibson, John Candy, Kathleen Freeman, Frank Oz;https://srv.clickfuse.com/ads/adclkr.php?id=100006636&url=https://tv.apple.com/cz/movie/the-blues-brothers/umc.cmc.5v0o6ggug8vyxmnqlp47r0kvh<br>https://www.youtube.com/watch?v=Z0rUYm8pUu8<br>http://www.ceskatelevize.cz<br>http://www.ceskatelevize.cz<br>https://srv.clickfuse.com/ads/adclkr.php?id=100006636&url=https://tv.apple.com/cz/movie/the-blues-brothers/umc.cmc.5v0o6ggug8vyxmnqlp47r0kvh<br>https://www.youtube.com/watch?v=Z0rUYm8pUu8<br>https://apps.apple.com/cz/app/id6755365206<br>https://play.google.com/store/apps/details?id=cz.csfd.csfdroid<br>;;;
248573;Láska z nebes;2008;76.7080745341615;167.0;https://image.pmgstatic.com/cache/resized/w420/files/images/film/posters/158/237/158237403_044d1f.jpg;https://www.csfd.cz/film/248573-laska-z-nebes/;Indie;Komedie / Drama / Muzikál / Romantický;Rab Ne Bana Di Jodi;Stydlivý muž středního věku Suri (Shahrukh Khan) a jeho výrazně mladší manželka Taani (Anushka Sharma) spolu nežijí příliš šťastně, neboť Taani se za zamilovaného Suriho provdala jen aby splnila vůli svého otce. Když se Taani přihlásí do taneční soutěže Dancing Jodi, v níž chce najít únik z trpkého života, rozhodne se Suri jednat. S pomocí svého kamaráda kadeřníka radikálně změní image a podle bollywoodských filmů začne trénovat taneční kroky, aby se mohl taktéž zúčastnit soutěže. A tak se po boku Taani objeví energický Raj, do něhož se mladá žena zamiluje, aniž by tušila, že jde o alter-ego jejího manžela. (Niktorius);;láska, manželé, dilema, tanec, soutěž, změna identity;Aditya Chopra;Shahrukh Khan, Anushka Sharma, Vinay Pathak, Bipasha Basu, Lara Dutta, Kajol, Rani Mukerji, Preity Zinta, Richa Pallod, Vivan Bhatena;https://www.netflix.com/title/70103521<br>https://srv.clickfuse.com/ads/adclkr.php?id=100006636&url=https://tv.apple.com/cz/movie/rab-ne-bana-di-jodi/umc.cmc.21f2kca7dwcsbti243h2egzqm<br>https://www.netflix.com/title/70103521<br>https://srv.clickfuse.com/ads/adclkr.php?id=100006636&url=https://tv.apple.com/cz/movie/rab-ne-bana-di-jodi/umc.cmc.21f2kca7dwcsbti243h2egzqm<br>https://apps.apple.com/cz/app/id6755365206<br>https://play.google.com/store/apps/details?id=cz.csfd.csfdroid<br>;Filmfare Awards (8x)<br>;Filmfare Awards (2x)<br>;
348;Chorus Line;1985;75.37949400798935;113.0;https://image.pmgstatic.com/cache/resized/w420/files/images/film/posters/164/257/164257461_345265.jpg;https://www.csfd.cz/film/348-chorus-line/;USA;Muzikál / Drama / Komedie;A Chorus Line;Úspěšný broadwayský muzikál se ve filmové adaptaci režiséra Richarda Attenborougha vrací na obrazovky. Skupina tanečníků se shromáždí na jevišti divadla na Broadwayi, aby se zúčastnila konkurzu na nový muzikál v režii Zacha (Michael Douglas). Po počátečním vyřazování zbyde šestnáct nadějných adeptů. Se zpožděním se dostaví i někdejší úspěšná tanečnice Cassie (Alyson Reedová), která kdysi se Zachem prožila bouřlivý milostný románek, ale nakonec ho opustila kvůli kariéře v Hollywoodu. Teď už je však Cassie víc než rok bez práce a natolik zoufalá, že se snaží získat alespoň místo v tanečním sboru a podstoupit výběrové řízení. Zda se ale její bývalý milenec zachová jako profesionál a bude ochoten zapomenout na příkoří z minulosti, to se teprve uvidí. V průběhu filmu je odhalen životní příběh každého z tanečníků. Některé jsou vtipné, jiné ironické a další srdcervoucí. Ať už je však jejich pozadí jakékoli, jedno mají všichni účastníci společné - vášeň pro tanec. (Cinemax);20.12.1985 Columbia Pictures US;;Richard Attenborough;Michael Douglas, Janet Jones, Terrence Mann, Roxann Dawson, Scott Plank, Khandi Alexander, Niki Harris, Audrey Landers, Alyson Reed, Peter Fitzgerald;https://apps.apple.com/cz/app/id6755365206<br>https://play.google.com/store/apps/details?id=cz.csfd.csfdroid<br>;Academy Awards (3x)<br>British Academy of Film and Television Arts (BAFTA) (2x)<br>Golden Globes (2x)<br>;;
932052;Leo;2023;75.16100957354222;102.0;https://image.pmgstatic.com/cache/resized/w420/files/images/film/posters/167/964/167964543_v2pkls.jpg;https://www.csfd.cz/film/932052-leo/;USA;Animovaný / Komedie / Muzikál / Rodinný;Leo;Hudební komedie o dospívání a posledním roce na základce, jak ho ze svého terárka vidí třídní mazlíček ještěr Leo. (Netflix);Na VOD od 21.11.2023 Netflix;přátelství, tajemství, děti, útěk, škola, zrada, učitel, divočina, základní škola, krokodýli, želvy, národní park, drony, ještěři;Robert Marianetti, Robert Smigel, David Wachtenheim;Adam Sandler, Bill Burr, Stephanie Hsu, Cecily Strong, Jason Alexander, Jackie Sandler, Sadie Sandler, Rob Schneider, Heidi Gardner, Sheila Carrasco;https://www.netflix.com/title/81218917<br>https://www.netflix.com/<br>https://www.netflix.com/title/81218917<br>https://www.csfd.cz/vod/netflix/<br>https://apps.apple.com/cz/app/id6755365206<br>https://play.google.com/store/apps/details?id=cz.csfd.csfdroid<br>;;;
22440;Dvorní šašek;1955;77.33333333333333;101.0;https://image.pmgstatic.com/cache/resized/w420/files/images/film/posters/165/303/165303169_33de38.jpg;https://www.csfd.cz/film/22440-dvorni-sasek/;USA;Dobrodružný / Komedie / Muzikál;The Court Jester;Sklo s tloukem skýtá mok, dej si lok. Americký komik Danny Kaye (1911–1987) je u nás prakticky neznámý. Některé z jeho snímků jsme ovšem měli možnost vidět v televizi, např. Tajný život Waltera Mittyho (1947) nebo Bílé Vánoce (1954). K nejlepším z jeho děl patří kostýmní veselohra Dvorní šašek (1955), která mu byla ušita přímo na míru. Ztělesnil v ní bojácného člena zbojnické družiny, který v převleku za proslulého italského žertéře zachrání království před uchvatitelem i jeho intrikánskými dvořany, získá dívku svého srdce a pomůže dosadit na trůn právoplatného královského následníka. I v dalších úlohách uvidíme přední herce, Angelu Lansburyovou jako princeznu Gwendolinu, Mildred Natwickovou jako její chůvu, jejíž čarodějnické schopnosti zasáhnou významným způsobem do probíhajícího děje, a předního představitele nejrůznějších padouchů a nejlepšího hollywoodského šermíře své doby Basila Rathbonea, jenž vytvořil postavu zlotřilého sira Ravenhursta. Pod snímkem jsou jako scenáristé, producenti a režiséři podepsáni Norman Panama a Melvin Frank, jeden z nejúspěšnějších hollywoodských veseloherních tandemů čtyřicátých a padesátých let. Film byl v roce 2004 zařazen do Národního filmového registru při Knihovně kongresu jako dílo trvalé hodnoty. Za připomenutí stojí i česká verze, jejíž tvůrci si museli poradit nejen s rychlopalnou vyřídilkou Dannyho Kaye, ale také s řadou krkolomných slovních hříček. (Česká televize);27.01.1956 Paramount Pictures;muž, láska, dívka, dobrodruh, král, šlechta, středověk, spiknutí;Melvin Frank, Norman Panama;Danny Kaye, Glynis Johns, Basil Rathbone, Angela Lansbury, Cecil Parker, Mildred Natwick, Robert Middleton, Michael Pate, John Carradine, Edward Ashley;/tvurce/890-basil-rathbone/prehled/<br>https://www.csfd.cz/tvurce/890-basil-rathbone/<br>http://www.ceskatelevize.cz<br>https://www.csfd.cz/tvurce/890-basil-rathbone/<br>http://www.ceskatelevize.cz<br>https://apps.apple.com/cz/app/id6755365206<br>https://play.google.com/store/apps/details?id=cz.csfd.csfdroid<br>;Golden Globes (1x)<br>;;
228199;Napříč vesmírem;2007;75.06813996316758;133.0;https://image.pmgstatic.com/cache/resized/w420/files/images/film/posters/158/599/158599300_656789.jpg;https://www.csfd.cz/film/228199-napric-vesmirem/;USA;Drama / Muzikál / Romantický / Dobrodružný;Across the Universe;Rozverný, bizarní a velice teatrální, takový je převratný muzikál společnosti Revolution Studios Across the Universe, který se zrodil v hlavách známé režisérky a scénáristky Julie Taymor (Frida, Titus, broadwayský muzikálový hit Lví král, inscenace Mozartovy Kouzelné flétny pro Metropolitní operu v New Yorku) a scénáristů Dicka Clementa a Iana La Frenaise, ve kterém se pojí originální příběh s 33 revolučními skladbami - mezi něž patří „Hey Jude“, „I Am the Walrus“ a „All You Need Is Love“ - které utvářely celou generaci. „Chtěli jsme vytvořit původní muzikál pouze za použití skladeb skupiny Beatles.“ ... Milostný příběh, zasazený do divokých šedesátých let plných protiválečných demonstrací, meditací a rock'n'rollu, se odehrává v Greenwich Village, bouřlivých ulicích Detroitu i na vietnamských bojištích. Milenci Jude a Lucy, jejichž láska je od začátku odsouzena k neúspěchu, jsou spolu s malou skupinkou přátel a hudebníků vtaženi do víru počínajícího protiválečného a protikulturního hnutí. Průvodci jim jsou „Dr. Robert“ a „Mr. Kite“. Síly, které se vymykají jejich kontrole, nakonec oba milence rozdělí, čímž je donutí, aby se navzdory všem překážkám pokusili znovu najít jeden k druhému cestu.;14.09.2007 Columbia/Sony;láska, žena režisérka, hudba, zpěv, válka ve Vietnamu, protiválečný, hippies;Julie Taymor;Jim Sturgess, Evan Rachel Wood, Dana Fuchs, Joe Anderson, Martin Luther, T.V. Carpio, Eddie Izzard, Bono, Jacob Pitts, Dylan Baker;https://www.hbomax.com/cz/en/movies/across-the-universe/0fe387d8-e704-4ce4-9cf4-997b70d33fc6<br>https://srv.clickfuse.com/ads/adclkr.php?id=100006636&url=https://tv.apple.com/cz/movie/across-the-universe/umc.cmc.2wcuoboep43otg8jk6p3okzrn<br>https://sledovanitv.cz/epg/event/HBO:2026030467b34f039e1d1564b1b174a93904005b<br>https://www.hbomax.com/cz/en/movies/across-the-universe/0fe387d8-e704-4ce4-9cf4-997b70d33fc6<br>https://srv.clickfuse.com/ads/adclkr.php?id=100006636&url=https://tv.apple.com/cz/movie/across-the-universe/umc.cmc.2wcuoboep43otg8jk6p3okzrn<br>https://sledovanitv.cz/epg/event/HBO:2026030467b34f039e1d1564b1b174a93904005b<br>https://apps.apple.com/cz/app/id6755365206<br>https://play.google.com/store/apps/details?id=cz.csfd.csfdroid<br>;Academy Awards (1x)<br>Golden Globes (1x)<br>;;
609493;Jak Beatles změnili svět;2017;78.41059602649007;90.0;https://image.pmgstatic.com/cache/resized/w420/files/images/film/posters/162/552/162552328_60cc03.jpg;https://www.csfd.cz/film/609493-jak-beatles-zmenili-svet/;USA / Velká Británie;Dokumentární / Historický / Muzikál;How the Beatles Changed the World;Rozhovory a vzácné archivní záběry dokazují, že Beatles dodnes ovlivňují hudbu a kulturu po celém světě. (Netflix);;;Tom O'Dell;George Harrison, John Lennon, Paul McCartney, Ringo Starr, The Beatles, Yoko Ono, Chris Ingham, Tony Bramwell, Anthony DeCurtis, Pattie Boyd;https://www.netflix.com/title/80195654<br>https://www.netflix.com/<br>https://www.netflix.com/title/80195654<br>https://apps.apple.com/cz/app/id6755365206<br>https://play.google.com/store/apps/details?id=cz.csfd.csfdroid<br>;;;
249811;Síta zpívá blues;2008;76.87732342007435;82.0;https://image.pmgstatic.com/cache/resized/w420/files/images/film/posters/159/728/159728666_9db440.jpg;https://www.csfd.cz/film/249811-sita-zpiva-blues/;USA;Animovaný / Muzikál / Komedie / Romantický;Sita Sings the Blues;Moderní převyprávění příbehu indické Rámájany režírované, animované a produkovaé Ninou Paley. Více stylů animace, tři stínové loutky zprostředkovávající starověkou tragédii i moderní komedii a písně Annette Hanshaw spolu vypráví věčný příběh o rozchodu. (Karadum);;Indie, hinduismus;Nina Paley;Pooja Kumar, Reena Shah, Nina Paley;https://apps.apple.com/cz/app/id6755365206<br>https://play.google.com/store/apps/details?id=cz.csfd.csfdroid<br>;Independent Spirit Awards (1x)<br>;Berlinale (Berlin International Film Festival) (1x)<br>;Válmíki
49392;Čarodějná láska;1986;77.46341463414635;100.0;https://image.pmgstatic.com/cache/resized/w420/files/images/film/posters/162/547/162547289_398f6c.jpg;https://www.csfd.cz/film/49392-carodejna-laska/;Španělsko;Drama / Muzikál;El amor brujo;V cikánské vesnici se domluví otcové Josého a Candely a svoje děti sobě zaslíbí. O několik let později si nešťastný José musí Candelu vzít, avšak brzy poté je pobodán ve rvačce, ve které hájil svou milenku Lucíu, a umírá. Carmelo, jež tajně Candelu miluje již od dětství, je neprávem zatčen, když se snaží Josému pomoci, a je vsazen do vězení. O čtyři roky později je propuštěn a vyznává se Candele ze své lásky. Avšak ona je prokletá a nucena každou noc chodit na místo, kde José zemřel a celou noc protančí s jeho duchem. Přestože si Carmela nakonec bere, stále ještě není od ducha svého muže odpoutána.;23.03.1986 Filmayer S.A.;muž, láska, žena, smrt, vražda, násilí, vrah, tanec;Carlos Saura;Antonio Gades, Cristina Hoyos, Laura del Sol, Emma Penella, La Polaca, José Luis Luna, María Pagés;https://apps.apple.com/cz/app/id6755365206<br>https://play.google.com/store/apps/details?id=cz.csfd.csfdroid<br>;;Goya Awards (2x)<br>;
322595;Bláznivé mládí;2013;77.09251101321586;160.0;https://image.pmgstatic.com/cache/resized/w420/files/images/film/posters/159/166/159166571_0f4b6d.jpg;https://www.csfd.cz/film/322595-blaznive-mladi/;Indie;Romantický / Komedie / Drama / Muzikál;Yeh Jawaani Hai Deewani;Naina je pilná studentka medicíny, do jejího usedlého života vnese změnu výlet do Himalájí, kde potká svého bývalého spolužáka Bunnyho. Ten naučí Nainu užívat si radostí života a Naina se do něj zamiluje. Konec výletu však znamená i jejich odloučení na dlouhých osm let. Poté se opět setkávají, stále přitahováni jeden ke druhému. Bude ctižádostivý Bunny ochotný vzdát se svých snů, aby mohl být s Nainou? (Festival bollywoodského filmu);;láska, přátelé, cestování, svatba, žárlivost, Himálaj;Ayan Mukherjee;Deepika Padukone, Ranbir Kapoor, Aditya Roy Kapoor, Kalki Koechlin, Kunaal Roy Kapur, Farooq Shaikh, Tanvi Azmi, Evelyn Sharma, Madhuri Dixit, Dolly Ahluwalia;https://www.netflix.com/title/70276515<br>https://www.netflix.com/title/70276515<br>https://apps.apple.com/cz/app/id6755365206<br>https://play.google.com/store/apps/details?id=cz.csfd.csfdroid<br>;Filmfare Awards (10x)<br>;;
282847;Medvídek Pú;2011;74.95474452554745;60.0;https://image.pmgstatic.com/cache/resized/w420/files/images/film/posters/000/346/346153_5333b2.jpg;https://www.csfd.cz/film/282847-medvidek-pu/;USA;Animovaný / Muzikál / Komedie / Rodinný;Winnie the Pooh;"Ve Stokorcovém lese začíná den jako každý jiný. Pú se probouzí velice hladový a nemá doma žádný med. Takže se vydává ho sehnat, ale jeho pouť posléze nabere zcela jiný směr – nejprve kvůli soutěži, ve které se mají všichni pokusit najít Ijáčkovi nový ocas. Pú později nachází vzkaz od Kryštůfka Robina, který zní: „Odešel sem. Moc práce. Hnet tu budem.“ Pak ale Sova celý vzkaz pochopí zcela jinak a tvrdí, že jejich přítele uneslo stvoření, zvané „Hnetubud“. Velice záhy se všichni vydávají na napínavé dobrodružství ve snaze zachránit Kryštůfka Robina před imaginárním nebezpečím. Jak se ukazuje, medvěd, který původně toužil jen po trošce medu, má před sebou náročný den. Společnost Walt Disney Animation Studios se ve filmu Medvídek Pú vrací do Stokorcového lesa. Tento nový snímek, který oživuje nadčasové kouzlo, vtip a žertovnou atmosféru původních krátkých filmů, divákům znovu nabízí možnost bavit se ve společnosti ""přihlouplého Medvěda"" a jeho přátel Tygra, Králíčka, Prasátka, Sovy, Klokanice, Klokánka... a pochopitelně také Ijáčka, který ztratil ocásek.";15.07.2011 Walt Disney US;podle knihy, chlapec, zvířata, putování, soutěž, medvědi, prasata, tygři, sovy;Stephen J. Anderson, Don Hall;Craig Ferguson, Jim Cummings, Tom Kenny, Dee Bradley Baker, Gilbert Gottfried, John Cleese, Tammi Øst, Donald Andersen, Lisa Linder, Jack Boulter;https://srv.tunefindforfans.com/showads/track/srvclk.php?aid=100006796&lp=https://www.disneyplus.com/en-cz/browse/entity-12f24f7f-e650-4fa2-93ff-50e339c56b22<br>https://srv.clickfuse.com/ads/adclkr.php?id=100006636&url=https://tv.apple.com/cz/movie/winnie-the-pooh/umc.cmc.3ypq9jn33efvbv0h4aqijbysx<br>https://www.youtube.com/watch?v=pPzvq3ZXpN8<br>https://srv.tunefindforfans.com/showads/track/srvclk.php?aid=100006796&lp=https://www.disneyplus.com/en-cz/browse/entity-12f24f7f-e650-4fa2-93ff-50e339c56b22<br>https://srv.clickfuse.com/ads/adclkr.php?id=100006636&url=https://tv.apple.com/cz/movie/winnie-the-pooh/umc.cmc.3ypq9jn33efvbv0h4aqijbysx<br>http://disney.go.com/pooh/<br>https://apps.apple.com/cz/app/id6755365206<br>https://play.google.com/store/apps/details?id=cz.csfd.csfdroid<br>;;;Alan Alexander Milne
307179;Commentary! The Musical;2008;81.94444444444444;;https://image.pmgstatic.com/cache/resized/w420/files/images/film/posters/000/435/435394_ea2b9e.jpg;https://www.csfd.cz/film/307179-commentary-the-musical/;USA;Krátkometrážní / Komedie / Muzikál;;Soubor písní zpívaných herci, režisérem a dalšími tvůrci internetového muzikálu Dr. Horrible's Sing-Along Blog (2008), ve kterých je napůl fiktivně dokumentována jeho produkce a její okolnosti. (Eterninox);;;Joss Whedon;Felicia Day, Nathan Fillion, Neil Patrick Harris, Simon Helberg, Joss Whedon, Zack Whedon, Maurissa Tancharoen, Marti Noxon, David Fury;/tvurce/135319-kendra-appleton/prehled/<br>https://apps.apple.com/cz/app/id6755365206<br>https://play.google.com/store/apps/details?id=cz.csfd.csfdroid<br>;;;
339087;Holy Musical B@man!;2012;83.92857142857143;;https://image.pmgstatic.com/cache/resized/w420/files/images/film/posters/158/510/158510057_002fa4.jpg;https://www.csfd.cz/film/339087-holy-musical-baman/;USA;Muzikál;;Další příběh hrdiny z Gotham City. Tentokrát se Batman utká s nepřítelem tak sladkým, až se vám z toho začnou kazit zuby. Naštěstí na to nebude sám. Na pomoc mu přijde Robin a dokonce i Superman. Podaří se jim zachránit Gotham od armády zloduchů, v jejichž čele stojí Mlsný zoubek? (ČSFD);;;Matt Lang, Nick Lang;Jaime Lyn Beatty, Meredith Stepien, Julia Albain, Dylan Saunders, Nick Lang, Jeff Blim;https://apps.apple.com/cz/app/id6755365206<br>https://play.google.com/store/apps/details?id=cz.csfd.csfdroid<br>;;;
6746;Američan v Paříži;1951;75.35108958837772;113.0;https://image.pmgstatic.com/cache/resized/w420/files/images/film/posters/158/083/158083531_f7e077.jpg;https://www.csfd.cz/film/6746-american-v-parizi/;USA;Muzikál / Romantický;An American in Paris;Nestárnoucí muzikál s Genem Kellym v roli amerického malíře žijícího v Paříži, jenž se zamiluje do mladé Francouzky Lise, která je ovšem zasnoubená s kabaretním zpěvákem. Dechberoucí taneční čísla, Gershwinovy písně, to vše v režii legendárního Vincenta Minnelliho...;04.10.1951 Metro-Goldwyn-Mayer (MGM);muž, láska, žena, 20. století, město, touha, cestování, období 1940-1950, umění, vášeň, Francie, tanec, Paříž, romance, malíř, stěhování, cizinec (neznámý člověk), malířství, válečný veterán, veteráni;Vincente Minnelli;Gene Kelly, Leslie Caron, Georges Guétary, Nina Foch, Martha Bamattre, Mary Menzies, Oscar Levant, John Eldredge, Dick Wessel, Jack Chefe;https://srv.clickfuse.com/ads/adclkr.php?id=100006636&url=https://tv.apple.com/cz/movie/an-american-in-paris/umc.cmc.221ynnmt37uxkmo3qkcgq3tu2<br>https://www.youtube.com/watch?v=j4o5PmK4TPg<br>https://srv.clickfuse.com/ads/adclkr.php?id=100006636&url=https://tv.apple.com/cz/movie/an-american-in-paris/umc.cmc.221ynnmt37uxkmo3qkcgq3tu2<br>https://www.youtube.com/watch?v=j4o5PmK4TPg<br>https://apps.apple.com/cz/app/id6755365206<br>https://play.google.com/store/apps/details?id=cz.csfd.csfdroid<br>;Academy Awards (2x)<br>British Academy of Film and Television Arts (BAFTA) (1x)<br>Golden Globes (2x)<br>Cannes Film Festival (1x)<br>;Academy Awards (6x)<br>Golden Globes (1x)<br>;
228184;Kiraware Macuko no iššó;2006;78.10810810810811;130.0;https://image.pmgstatic.com/cache/resized/w420/files/images/film/posters/160/996/160996171_ca0026.jpg;https://www.csfd.cz/film/228184-kiraware-macuko-no-isso/;Japonsko;Drama / Komedie / Muzikál;嫌われ松子の一生;Matsuko měla těžký život. V dětství se snažila upoutat otcovu pozornost, ten ale dával přednost její mladší nemocné sestře Kumi. Když se z ní stane učitelka, jeden žák je obviněn z krádeže. Matsuko vezme vinu na sebe, ale tím se situace jenom zhorší. Nakonec se dá Matsuko na dráhu prostitutky. Celý životní příběh rozplétá synovec Sho, kerý je poslán do bytu Matsuko. Teta totiž zemřela a Sho má za úkol vyklidit její byt. Na sklonku života se z tety stala obézní žena, která žila zavalená odpadky. (-Rastaman-);27.05.2006 Toho Company;;Tecuja Nakašima;Miki Nakatani, Júsuke Iseja, Anna Cučija, Jošijoši Arakawa, Noriko Eguči, Sora Aoi, Eita Nagajama, Asuka Kurosawa, Akira Emoto, Terujuki Kagawa;https://apps.apple.com/cz/app/id6755365206<br>https://play.google.com/store/apps/details?id=cz.csfd.csfdroid<br>;;;
338763;Starship;2011;81.66666666666667;;https://image.pmgstatic.com/cache/resized/w420/files/images/film/posters/158/604/158604985_a46230.jpg;https://www.csfd.cz/film/338763-starship/;USA;Fantasy / Muzikál / Sci-Fi;;Bug je obyvatelem jedné vzdálené broučí planety, na níž před lety havarovala loď vesmírných rangerů. V jejím vraku Bug tráví většinu svého času. Jeho snem je stát se jedním z nich. Ten se začne stávat skutečností, když se na jeho planetě objeví průzkumnice February, která se dostane do smrtelného nebezpečí. Poté, co ji Bug zachrání, začne pro něj neuvěřitelné dobrodružství, na které jen tak nezapomene. (ČSFD);;láska, vesmír;Matt Lang;Joey Richter, Jaime Lyn Beatty, Meredith Stepien, Julia Albain, Dylan Saunders, Nick Lang;https://apps.apple.com/cz/app/id6755365206<br>https://play.google.com/store/apps/details?id=cz.csfd.csfdroid<br>;;;
23034;Holiday Inn;1942;76.58333333333333;100.0;https://image.pmgstatic.com/cache/resized/w420/files/images/film/posters/170/138/170138940_2l5pnr.jpg;https://www.csfd.cz/film/23034-holiday-inn/;USA;Romantický / Komedie / Muzikál;Holiday Inn;"Zpěvák Jim Hardy (Bing Crosby), tanečník Ted Hanover (Fred Astaire) a tanečnice Lila Dixon (Virginia Dale) spolu několik let baví svými výstupy diváky. Když se ale Jim jednoho dne dozví, že ho jeho přítelkyně Lila opouští právě kvůli Tedovi a že nově vzniklá dvojice chce vystupovat samostatně, rozhodne se, že je na čase odejít do důchodu. Jeho útočištěm se stává opuštěná farma na venkově a bývalá pěvecká hvězda rychle dochází k závěru, že by ji mohla přeměnit ve vlastní podnik; narozdíl od ostatních klubů v USA ale hodlá mít otevřeno jen během svátků. Chytrým tahem a hlavně nadáním pro psaní originálních výstupů laděných vždy v duchu svátku se podnik Holiday Inn brzy stává jedním z nejoblíbenějších. Když se Jim navíc seznamuje s okouzlující Lindou Mason (Marjorie Reynolds), zdá se, že jeho štěstí už nic nestojí v cestě. Jenže to ještě netuší, že se Ted a Lila rozešli a že ho starý přítel už brzy znovu navštíví. (StarsFan)";04.09.1942 Paramount Pictures;černobílý film, láska, 20. století, období 1940-1950, Vánoce, hudba, milostný trojúhelník, tanec, zpěv;Mark Sandrich;Bing Crosby, Fred Astaire, Marjorie Reynolds, Virginia Dale, Walter Abel, Louise Beavers, Irving Bacon, James Bell, John Gallaudet, Ruth Clifford;https://srv.clickfuse.com/ads/adclkr.php?id=100006636&url=https://tv.apple.com/cz/movie/holiday-inn/umc.cmc.2ztqswl7as534dv1n5w53w6o6<br>https://www.youtube.com/watch?v=cT2pNt5p8Ps<br>https://srv.clickfuse.com/ads/adclkr.php?id=100006636&url=https://tv.apple.com/cz/movie/holiday-inn/umc.cmc.2ztqswl7as534dv1n5w53w6o6<br>https://www.youtube.com/watch?v=cT2pNt5p8Ps<br>https://apps.apple.com/cz/app/id6755365206<br>https://play.google.com/store/apps/details?id=cz.csfd.csfdroid<br>;Academy Awards (2x)<br>;Academy Awards (1x)<br>;
2411;Funny Face;1957;74.74701534963047;103.0;https://image.pmgstatic.com/cache/resized/w420/files/images/film/posters/000/041/41557_c67286.jpg;https://www.csfd.cz/film/2411-funny-face/;USA;Romantický / Komedie / Muzikál;Usměvavá tvář;Fred Astaire hraje v tomto titulu autentickou roli módního fotografa (inspirovanou životem kameramana Richarda Avedona), jenž promění Hepburovou v pařížskou modelku.;13.02.1957 Paramount Pictures;Paříž, móda, modeling;Stanley Donen;Audrey Hepburn, Fred Astaire, Kay Thompson, Michel Auclair, Robert Flemyng, Dovima, Suzy Parker, Sunny Hartnett, Jean Del Val, Virginia Gibson;https://srv.clickfuse.com/ads/adclkr.php?id=100006636&url=https://tv.apple.com/cz/movie/funny-face/umc.cmc.59s7x5e01vsnevr456gnmed8t<br>https://www.youtube.com/watch?v=FAArK7FRGkU<br>https://srv.clickfuse.com/ads/adclkr.php?id=100006636&url=https://tv.apple.com/cz/movie/funny-face/umc.cmc.59s7x5e01vsnevr456gnmed8t<br>https://www.youtube.com/watch?v=FAArK7FRGkU<br>https://apps.apple.com/cz/app/id6755365206<br>https://play.google.com/store/apps/details?id=cz.csfd.csfdroid<br>;Academy Awards (4x)<br>Cannes Film Festival (1x)<br>;;
339086;Me and My Dick;2009;81.06666666666666;150.0;https://image.pmgstatic.com/cache/resized/w420/files/images/film/posters/158/627/158627870_7128a6.jpg;https://www.csfd.cz/film/339086-me-and-my-dick/;USA;Komedie / Muzikál;;Joey Richter je chlapec s veľmi zvláštnym vzťahom k svojmu najlepšiemu kamarátovi, ktorým nie je nik iný, než jeho penis prezývaný Dick. Spoločne čelia výzvam dospievania, lásky, sexu a strednej školy. Títo dvaja kamaráti sa v muzikálovom spracovaní vydávajú na cestu životom. Príbeh storočia sa končí vyvrcholením, ktorému nebudete veriť! (Ruby.O.Hara);;;Matt Lang;Joey Richter, Jaime Lyn Beatty;https://apps.apple.com/cz/app/id6755365206<br>https://play.google.com/store/apps/details?id=cz.csfd.csfdroid<br>;;;
11059;Annabelle;1997;75.5210643015521;54.0;https://image.pmgstatic.com/cache/resized/w420/files/images/film/posters/000/078/78190_9ac602.jpg;https://www.csfd.cz/film/11059-annabelle/;USA;Muzikál / Rodinný / Animovaný;Anabela: Vánoční přání;Billy je malý chlapec, který při požáru farmy ztratil řeč. Žije se svým dědečkem a zvířátky na samotě a jedinou jeho lidskou kamarádkou je roztomilá holčička Emily ze sousedství. Na Štědrý den se na farmě narodí telátko Anabela, se kterou Billy zažije spoustu dobrodružství... Ale protože nemluví, má odjet k tetě do města aby se mohl nechat léčit. Billy však farmu a všechny známé tváře nechce opustit. Naštěstí přichází čas vánoc, - čas splněných přání a překvapení, kdy zvířátka na jediný den v roce získávají dar řeči.;Na DVD od 08.12.2007 Vapet production;Vánoce;Roy Wilson, Alice Ho, Ivan Hu;Clancy Brown, Cloris Leachman, Jim Varney, Tress MacNeille, Randy Travis, Frank Welker, James Lafferty, Rue McClanahan, Jerry Van Dyke, Jay Johnson;https://apps.apple.com/cz/app/id6755365206<br>https://play.google.com/store/apps/details?id=cz.csfd.csfdroid<br>;;;
497782;Mé břímě;2017;86.34146341463415;14.0;https://image.pmgstatic.com/cache/resized/w420/files/images/film/posters/161/606/161606954_fdacfa.jpg;https://www.csfd.cz/film/497782-me-brime/;Švédsko;Krátkometrážní / Animovaný / Loutkový / Muzikál;Min börda;Naprosto atypický, pochmurně absurdní loutkový muzikál švédské režisérky, která již v předchozích filmech skvěle propojila ladnou animaci s originálními příběhy. Její nový film je sledem výjevů z různých komerčních míst, kde obyvatelé, zde (opět) ztvárněni jako zvířata, prožívají různé formy existenciální úzkosti či nudy (Anifilm);22.03.2017 Folkets Bio;;Niki Lindroth von Bahr;Carl Englén, Mattias Fransson, Olof Wretling;https://apps.apple.com/cz/app/id6755365206<br>https://play.google.com/store/apps/details?id=cz.csfd.csfdroid<br>;Hong Kong International Film Festival (HKIFF) (1x)<br>;Guldbagge Awards (1x)<br>Toronto International Film Festival (1x)<br>Hong Kong International Film Festival (HKIFF) (1x)<br>Melbourne International Film Festival (MIFF) (1x)<br>;
33982;The Night Before Christmas;1933;80.78947368421052;8.0;//static.pmgstatic.com/assets/images/050b5bad23b8eb0b4f88f971b8f6a168/empty-image.svg;https://www.csfd.cz/film/33982-the-night-before-christmas/;USA;Animovaný / Krátkometrážní / Rodinný / Muzikál;;Krátký, veselý, vánoční příběh o tom, že Santa Klaus není na nadělování dárků zas tak ůplně sám... (Siriuss);;Vánoce;Wilfred Jackson;;https://apps.apple.com/cz/app/id6755365206<br>https://play.google.com/store/apps/details?id=cz.csfd.csfdroid<br>;;;
134269;Fantom opery;2004;74.35074701694576;143.0;https://image.pmgstatic.com/cache/resized/w420/files/images/film/posters/159/497/159497655_09207a.jpg;https://www.csfd.cz/film/134269-fantom-opery/;USA / Velká Británie;Muzikál / Drama / Romantický / Thriller;The Phantom of the Opera;"Hlas ji volá. Z temných koutů Opery, která je domovem mladičké sboristky Christine Daaé (Emmy Rossum), povzbuzuje její mimořádný talent. Jen učitelka baletu, paní Giryová, (Miranda Richardson) ví, že Christinin tajemný ""Anděl hudby"" je vlastně Fantom (Gerard Butler), znetvořený hudební génius, jenž obchází divadelními katakombami a děsí členy souboru. Temperamentní diva La Carlotta (Minnie Driver) naštvaně odejde uprostřed kostýmové zkoušky na nejnovější inscenaci. Divadelním šéfům (Simon Callow a Ciaran Hinds) nezbývá nic jiného než do světel reflektorů postavit Christine. Její výkon při premiéře uchvátí diváky i Fantoma. Ten se rozhodne učinit svou oblíbenkyni operní hvězdou. Není však jediným mužem, který je mladou sopranistkou nadšen. Christine se zanedlouho začne dvořit bohatý divadelní mecenáš, vikomt Raoul de Chagny (Patrick Wilson). Byť je Christine svým charismatickým rádcem okouzlena, přitahuje ji i Raoul, přítel z dětství, a to Fantoma mučí. Nespoutané vášně - zuřivá žárlivost a spalujícím plamenem planoucí láska - přivedou v dramatickém crescendu všechny tři hrdiny do bodu odkud není návratu... Fantom Opery podle románu Gastona Lerouxe vydělal v divadelní i ve filmové podobě po celém světě přes tři miliardy dolarů. Původního alba ""The Phantom Of The Opera"" se prodalo více než 40 milionů nosičů, bylo oceněno zlatými i platinovými deskami ve Spojeném Království i Spojených Státech. Jeho strhující melodie a citlivá hudba získaly producentovi a skladateli Andrew Lloydovi Webberovi a jeho spolupracovníkům mnoho ocenění a poct.";22.12.2004 Warner Bros. US;podle knihy, láska, vražda, dívka, tajemství, vrah, pomsta, intriky, únos, zrada, žárlivost, milostný trojúhelník, nehoda, zpěv, psychopat, sníh, opera, šlechta, zpěvačka, divadelní prostředí, požár, balet, maska, hřbitov, podzemí, ples, aukce;Joel Schumacher;Gerard Butler, Emmy Rossum, Patrick Wilson, Miranda Richardson, Simon Callow, Ciarán Hinds, Kevin McNally, Minnie Driver, Victor McGuire, Murray Melvin;https://apps.apple.com/cz/app/id6755365206<br>https://play.google.com/store/apps/details?id=cz.csfd.csfdroid<br>;Academy Awards (3x)<br>Golden Globes (3x)<br>Critics Choice Awards (1x)<br>The Saturn Awards (2x)<br>;Critics Choice Awards (1x)<br>The Saturn Awards (1x)<br>;Gaston Leroux
73637;Za starých časů;1933;80.0;8.0;https://image.pmgstatic.com/cache/resized/w420/files/images/film/posters/160/064/160064959_28c305.jpg;https://www.csfd.cz/film/73637-za-starych-casu/;USA;Animovaný / Krátkometrážní / Komedie / Rodinný / Romantický / Fantasy / Muzikál;Ty dávné časy;Princezna Minnie dá ve svůj svatební den košem svému nápadníkovi - princi a následně je zamčena do věže. Všechno vidí statečný rytíř myšák Mickey a pokusí se princeznu zachránit. Ze začátku nejde akce podle plánu, ale nakonec se vše v dobré obrátí. (anyonecek);;myšák Mickey, pes Goofy;Burt Gillett;Pinto Colvig, Walt Disney;/tvurce/3426-walt-disney/prehled/<br>https://srv.tunefindforfans.com/showads/track/srvclk.php?aid=100006796&lp=https://www.disneyplus.com/en-cz/browse/entity-45e3147d-5abc-4c38-ac93-c608e82f97fd<br>https://srv.tunefindforfans.com/showads/track/srvclk.php?aid=100006796&lp=https://www.disneyplus.com/en-cz/browse/entity-45e3147d-5abc-4c38-ac93-c608e82f97fd<br>https://apps.apple.com/cz/app/id6755365206<br>https://play.google.com/store/apps/details?id=cz.csfd.csfdroid<br>;;;
92079;To je ale zábava!;1974;82.29508196721312;127.0;https://image.pmgstatic.com/cache/resized/w420/files/images/film/posters/166/487/166487934_90a0b2.jpg;https://www.csfd.cz/film/92079-to-je-ale-zabava/;USA;Dokumentární / Muzikál / Rodinný;Bavte se s námi;V dokumentu o slavných muzikálech ožívá hollywoodská atmosféra nablýskaných bombastických hudebních filmů. Z polorozpadlých kulis a filmových dekorací vystupují někdejší hvězdy, aby zavzpomínaly na staré dobré časy a nejslavnější taneční a hudební scény společnosti MGM. Potěšíme se tak ukázkami z filmů GREAT ZIEGFIELD, THE WIZZARD OF OZ, TOP HAT, SWING TIME, SHOW BOAT, SINGIN' IN THE RAIN a mnoha dalšími. (Amala);21.06.1974 Metro-Goldwyn-Mayer (MGM);hudba, tanec, zpěv;Jack Haley jr.;Fred Astaire, Bing Crosby, Gene Kelly, Liza Minnelli, Donald O'Connor, Debbie Reynolds, Mickey Rooney, Frank Sinatra, James Stewart, Elizabeth Taylor;https://apps.apple.com/cz/app/id6755365206<br>https://play.google.com/store/apps/details?id=cz.csfd.csfdroid<br>;San Sebastián International Film Festival (1x)<br>;;
48573;Zasněžená romance;1941;75.67567567567568;86.0;https://image.pmgstatic.com/cache/resized/w420/files/images/film/posters/161/113/161113172_9aabc6.jpg;https://www.csfd.cz/film/48573-zasnezena-romance/;USA;Muzikál / Komedie / Romantický;Sun Valley Serenade;V době svého uvedení těžila Zasněžená romance z popularity mistryně světa v krasobruslení Sonji Henie, jež v této muzikálové komedii představuje válečného sirotka z Evropy, kterého se po příjezdu do Ameriky z reklamních důvodů ujímá jazzový orchestr, aniž jeho členové tuší, že jde o půvabnou dospělou dívku. (NFA);21.08.1941 20th Century Fox;;H. Bruce Humberstone;Sonja Henie, John Payne, Milton Berle, Lynn Bari, Joan Davis, Dorothy Dandridge, William B. Davidson, Ralph Dunn, Chester Clute, Ann Doran;https://apps.apple.com/cz/app/id6755365206<br>https://play.google.com/store/apps/details?id=cz.csfd.csfdroid<br>;Academy Awards (3x)<br>;;
1040361;tick, tick...BOOM!;2021;74.32422025413939;115.0;https://image.pmgstatic.com/cache/resized/w420/files/images/film/posters/165/919/165919158_8dc6c5.jpg;https://www.csfd.cz/film/1040361-tick-tick-boom/;USA;Životopisný / Drama / Muzikál;tick, tick...BOOM!;Nadějný hudební skladatel, který má třicítku na krku, řeší milostné vztahy, přátelství i strasti života umělce v New Yorku. (Netflix);Na VOD od 19.11.2021 Netflix;láska, přátelství, přátelé, strach, gay, hudba, rivalita, naděje, hudební skladatel, dluhy, klavírista, číšník;Lin-Manuel Miranda;Andrew Garfield, Alexandra Shipp, Robin de Jesus, Vanessa Hudgens, Bradley Whitford, Joshua Henry, Jonathan Marc Sherman, Ben Levi Ross, Judith Light, Joanna Adler;https://www.netflix.com/title/81149184<br>https://www.netflix.com/<br>https://www.netflix.com/title/81149184<br>https://www.csfd.cz/vod/netflix/<br>https://apps.apple.com/cz/app/id6755365206<br>https://play.google.com/store/apps/details?id=cz.csfd.csfdroid<br>;Academy Awards (2x)<br>AACTA International Awards (1x)<br>Golden Globes (1x)<br>Critics Choice Awards (2x)<br>Florida Film Critics Circle Awards (2x)<br>;Golden Globes (1x)<br>;
2539;Velké závody;1965;74.5989847715736;160.0;https://image.pmgstatic.com/cache/resized/w420/files/images/film/posters/162/547/162547566_670ec7.jpg;https://www.csfd.cz/film/2539-velke-zavody/;USA;Dobrodružný / Komedie / Sportovní / Muzikál / Rodinný / Akční / Romantický;The Great Race;Známou dvojici herců Jacka Lemmona a Tonyho Curtise uvidíme tentokrát v rolích dobrých kaskadérů a vynálezců. Leslie navrhne známé automobilové společnosti demonstraci kvality jejich automobilů formou závodů New York - Paříž. Věčný smolař Fate se rozhodne sestrojit vlastní auto a Leslieho porazit. Dalším zájemcem o závod je ambiciózní a emancipovaná Meggie Duboisová. Přinutí šéfredaktora známých novin, aby jí zaměstnal jako novinářku, píšící reportáže ze závodů. Když nepřesvědčí ani Leslieho, ani Fatea, aby jí vzali za spolujezdkyni, rozhodne se závodit jako další účastník závodů vlastním autem.;01.07.1965 Warner Bros. US;přátelé, intriky, rivalita, vězení, nehoda, novináři, sníh, zima, dobrodruh, poušť, závist, závody, rychlá auta, vynálezce, kaskadér;Blake Edwards;Jack Lemmon, Tony Curtis, Natalie Wood, Peter Falk, Keenan Wynn, Arthur O'Connell, Vivian Vance, Dorothy Provine, Larry Storch, Ross Martin;https://apps.apple.com/cz/app/id6755365206<br>https://play.google.com/store/apps/details?id=cz.csfd.csfdroid<br>;Academy Awards (4x)<br>Golden Globes (4x)<br>The Saturn Awards (1x)<br>;Academy Awards (1x)<br>;
117178;Thanksgiving Prayer;1991;77.72727272727273;3.0;//static.pmgstatic.com/assets/images/050b5bad23b8eb0b4f88f971b8f6a168/empty-image.svg;https://www.csfd.cz/film/117178-thanksgiving-prayer/;USA;Muzikál / Krátkometrážní;;;;satira;Gus Van Sant;William S. Burroughs;https://apps.apple.com/cz/app/id6755365206<br>https://play.google.com/store/apps/details?id=cz.csfd.csfdroid<br>;;;
1850;Zrodila se hvězda;1954;75.54179566563468;181.0;https://image.pmgstatic.com/cache/resized/w420/files/images/film/posters/162/542/162542846_585063.jpg;https://www.csfd.cz/film/1850-zrodila-se-hvezda/;USA;Drama / Muzikál;A Star is Born;Zpěvačka Ester (Judy Garland) se seznámí s hvězdou Hollywoodu Normanem (James Mason). Ten jí slíbí, že zařídí setkání s lidmi, kteří jí pomůžou stát se slavnou, a skutečně se mu to povede. Ester a Norman se do sebe zamilují a posléze se vezmou. Norman však holduje alkoholu, což zničí jeho kariéru. Začíná žít ve stínu své ženy, dostane se i před soud. Ester ho však velice miluje a snaží se mu všemožně pomoct, nic však nezabírá. Norman při nehodě umírá, Ester je zničená a uzavírá se do sebe. Teprve až na naléhání přítele se odhodlá znovu vystoupit. Film je zajímavým náhledem na to, co s člověkem může způsobit sláva a novináři. (třeštidlo);16.10.1954 Warner Bros. US;muž, černobílý film, dívka, manželé, umění, sláva, zpěv, herci, filmařské zákulisí, alkoholismus, zpěvačka, závislost, Hollywood;George Cukor;Judy Garland, James Mason, Jack Carson, Charles Bickford, Tommy Noonan, Lucy Marlow, Amanda Blake, Carey Loftin, Strother Martin, Barry Norton;https://srv.clickfuse.com/ads/adclkr.php?id=100006636&url=https://tv.apple.com/cz/movie/a-star-is-born/umc.cmc.5l62bo8a4ty3pnxu1mrc3jedn<br>https://www.youtube.com/watch?v=Jmi2XeF7KF8<br>https://srv.clickfuse.com/ads/adclkr.php?id=100006636&url=https://tv.apple.com/cz/movie/a-star-is-born/umc.cmc.5l62bo8a4ty3pnxu1mrc3jedn<br>https://www.youtube.com/watch?v=Jmi2XeF7KF8<br>https://apps.apple.com/cz/app/id6755365206<br>https://play.google.com/store/apps/details?id=cz.csfd.csfdroid<br>;Academy Awards (6x)<br>British Academy of Film and Television Arts (BAFTA) (1x)<br>New York Film Critics Circle Awards (2x)<br>;Golden Globes (2x)<br>;
8004;Tommy;1975;74.57471264367815;111.0;https://image.pmgstatic.com/cache/resized/w420/files/images/film/posters/162/299/162299682_1611bb.jpg;https://www.csfd.cz/film/8004-tommy/;Velká Británie;Drama / Muzikál;Tommy;Filmová verze rockové opery Pete Townshenda o chlapci, jehož v dětství zbavil šokující zážitek sluchu, řeči i zraku, jenž pak žije – ponižován okolím – ponořen do vlastního světa snů a jehož další – tentokrát blahodárný – šok vysvobodí ze zajetí vlastní minulosti, aby se posléze stal hvězdou show businessu a uctívaným idolem... Snímek režíroval enfant terrible britské kinematografie Ken Russell. V titulní roli vystupuje tehdy jedenatřicetiletý zpěvák skupiny The Who a ve vizuálně opulentním filmu hraje řada dalších osobností filmové a především hudební scény. (Česká televize);22.11.2019 British Film Institute (BFI);;Ken Russell;Oliver Reed, Ann-Margret, Roger Daltrey, Jack Nicholson, Robert Powell, Tina Turner, Ken Russell, Elton John, Eric Clapton, Pete Townshend;http://www.ceskatelevize.cz<br>http://www.ceskatelevize.cz<br>https://apps.apple.com/cz/app/id6755365206<br>https://play.google.com/store/apps/details?id=cz.csfd.csfdroid<br>;Academy Awards (2x)<br>Golden Globes (2x)<br>;Golden Globes (1x)<br>;
16282;Zvedejte kotvy;1945;80.0;143.0;https://image.pmgstatic.com/cache/resized/w420/files/images/film/posters/166/272/166272437_314589.jpg;https://www.csfd.cz/film/16282-zvedejte-kotvy/;USA;Dobrodružný / Komedie / Muzikál / Romantický;Anchors Aweigh;Dva mladí námořníci, zkušenější Joe Brady (Gene Kelly) a naivní Clarence Doolittle/Brooklyn (Frank Sinatra) dostanou výjimečný čtyřdenní opušťák v Los Angeles. A čas samozřejmě nepromarní. Clarence si brzy uvědomí, jaké má Joe zkušenosti, a požádá ho o pomoc při svádění Susie. Jenže dřív než si to stačí uvědomit, zamiluje se do ní Joe sám. Clarence je jeho nejlepší přítel, ale v lásce a válce je všechno povoleno... (monolog);14.07.1945 Metro-Goldwyn-Mayer (MGM);muž, láska, žena, dívka, touha, ženy, umění, lež, kolegové, vášeň, podvod, vztahy, moře, mezilidské vztahy, sláva, voda, herci, oceán, sirotek, celebrity, pobřeží, Kalifornie, herec, Hollywood, námořnictvo, podvodníci, konverzace o filmu, herectví, námořníci;George Sidney;Frank Sinatra, Kathryn Grayson, Gene Kelly, José Iturbi, Dean Stockwell, Rags Ragland, Billy Gilbert, Henry O'Neill, Carlos Ramírez, Edgar Kennedy;https://srv.clickfuse.com/ads/adclkr.php?id=100006636&url=https://tv.apple.com/cz/movie/anchors-aweigh/umc.cmc.7dya26we9uapglamaoki39pz5<br>https://www.youtube.com/watch?v=fCsE4tWi8F4<br>https://srv.clickfuse.com/ads/adclkr.php?id=100006636&url=https://tv.apple.com/cz/movie/anchors-aweigh/umc.cmc.7dya26we9uapglamaoki39pz5<br>https://www.youtube.com/watch?v=fCsE4tWi8F4<br>https://apps.apple.com/cz/app/id6755365206<br>https://play.google.com/store/apps/details?id=cz.csfd.csfdroid<br>;Academy Awards (4x)<br>;Academy Awards (1x)<br>;
18290;Alexandrův ragtime band;1938;80.0;105.0;https://image.pmgstatic.com/cache/resized/w420/files/images/film/posters/160/459/160459395_d57171.jpg;https://www.csfd.cz/film/18290-alexandruv-ragtime-band/;USA;Muzikál / Drama / Romantický;Alexander's Ragtime Band;Byl natočen v roce 1938, hudbu k tomuto zajímavému a dodnes velmi uznávanému hudebnímu filmu složil známý hudební skladatel Irving Berlin, který byl současně autorem námětu. Bravurně zrežíroval režisér Henry King. Tyrone Power zde hraje talentovaného hudebníka Rogera „Alexandera“ Granta – hrajícího na housle. Tak jako každý začínající umělec si musí pochopitelně i s ostatními přáteli hudebníky jako je třeba i klavírista Charlie – hraje ho Don Ameche, přivydělávat, až jednou se jim naskytne neuvěřitelná příležitost. Zpěvačka Stella Kirby – Alice Faye, se uchází právě tak jako Rogerovi „boys“ o místo v jednom lepším zábavním lokále, a přináší si s sebou noty, které jí napsal „začínající“ hudební skladatel. Rogerova (Alexanderova) kapela je vyzvána, aby ukázala co a jak umí zahrát, a oni jako naschvál přišli o noty… „vypůjčí“ si tedy ty Stelliny, a začnou hrát. Stella se k nim přidává a…na světě je nejen nová kapela, ale i nový hudební styl REGTIME. Ve filmu najdete parádní nejen hudební, ale i taneční a pěvecká čísla. Dodnes má film své fanoušky i mezi těmi později narozenými. (marťan);24.05.1938 20th Century Fox;jazz;Henry King;Tyrone Power, Alice Faye, Don Ameche, Ethel Merman, Jack Haley, Jean Hersholt, Helen Westley, John Carradine, Paul Hurst, Wally Vernon;https://apps.apple.com/cz/app/id6755365206<br>https://play.google.com/store/apps/details?id=cz.csfd.csfdroid<br>;Academy Awards (5x)<br>;Academy Awards (1x)<br>;
113389;Allegro non troppo;1976;82.74509803921569;85.0;https://image.pmgstatic.com/cache/resized/w420/files/images/film/posters/166/450/166450559_e3cc20.jpg;https://www.csfd.cz/film/113389-allegro-non-troppo/;Itálie;Animovaný / Muzikál / Komedie / Fantasy;Allegro non troppo;Strhující ambiciózní film, v němž se organicky doplňuje či spíše propojuje hudba s animací, je složen ze šesti příběhů, v nichž jsou vizuálně ztvárněny skladby klasické hudby. Ovšem v moderní a ironické podobě, s nezvyklým humorem a nadsázkou – a nechybí ani parodické prvky. Ve filmu zaznívají známé melodie Debussyho, Dvořáka, Ravela, Sibelia, Vivaldiho a Stravinského, které inspirovaly autora k vytvoření postav a narativních linek. Příběhy jsou zároveň propojeny s hranými meziscénami, v nichž režisér pracuje se stejnými principy situační komiky, jako jsou běžné v klasické kreslené grotesce. Allegro non troppo je zásadním mezníkem, mimo jiné proto, že Bozzetto ukázal, jak silné může být spojení hudby a animace. (Anifilm);;;Maurizio Nichetti, Bruno Bozzetto;Maurizio Nichetti, Maurizio Micheli, Néstor Garay;https://apps.apple.com/cz/app/id6755365206<br>https://play.google.com/store/apps/details?id=cz.csfd.csfdroid<br>;;;
239288;Písně o lásce;2007;74.41412520064206;100.0;https://image.pmgstatic.com/cache/resized/w420/files/images/film/posters/162/261/162261941_0449e2.jpg;https://www.csfd.cz/film/239288-pisne-o-lasce/;Francie;Drama / Muzikál / Romantický;Les Chansons d'Amour;Ismaël má rád Julie a Julie má ráda Ismaëla… Přesto se však v jejich domácnosti zabydlí kamarádka Alice. V době, kdy začne jejich „ménage à trois“ trochu skřípat, se stane tragédie, která velmi výrazně zasáhne do Ismaëlova života. Nic není jako dřív, z rozverného mladíka se jako mávnutím kouzelného proutku stane samotář. Odmítá všechny snahy okolí o sblížení, chce se se životem poprat sám. Na scéně se však objeví sympatický student Erwann… (ČSFD);;smrt, gay;Christophe Honoré;Louis Garrel, Ludivine Sagnier, Chiara Mastroianni, Grégoire Leprince-Ringuet, Brigitte Roüan, Alice Butaud, Jean-Marie Winling, Clotilde Hesme, Yannick Renier, Gaël Morel;https://apps.apple.com/cz/app/id6755365206<br>https://play.google.com/store/apps/details?id=cz.csfd.csfdroid<br>;César Awards (3x)<br>Cannes Film Festival (1x)<br>;César Awards (1x)<br>;
390439;La La Land;2016;73.69544309594687;128.0;https://image.pmgstatic.com/cache/resized/w420/files/images/film/posters/161/280/161280968_0476d1.jpg;https://www.csfd.cz/film/390439-la-la-land/;USA / Hongkong;Drama / Romantický / Hudební / Muzikál / Komedie;La La Land;Moderní pojetí klasického hollywoodského milostného románu umocněné skvělými písničkami doprovázenými velkolepými tanečními čísly líčí vášnivý milostný vztah od něžného vzrušení rozvíjející se lásky až po trpké zklamání z velkých ambicí. (Freeman Ent.);26.01.2017 Golden Scene;muž, láska, žena, přátelství, přátelé, dívka, město, touha, ženy, umění, hudba, sny, rivalita, kolegové, vášeň, kamarádi, vztahy, dům, bolest, mezilidské vztahy, smutek, sláva, dilema, naděje, hudebník, párty, tanec, zpěv, zoufalství, rozchod, muzikant, herci, filmařské zákulisí, pocit viny, rande, kapela, romance, hádka, zpěvačka, bar, divadelní prostředí, celebrity, oslava, restaurace, divadlo, zpěvák, klavírista, Kalifornie, Los Angeles, noční klub, herec, lítost, noc, výčitky svědomí, spolubydlící, byt, Hollywood, jazz, konverzace o filmu, herectví, kavárna, něha, spolubydlení, divadelní hra, konkurz, natáčení filmu, podnájemník, herečka, sledování filmu, divadelní představení, vyhazov, ambice, hudební klub;Damien Chazelle;Ryan Gosling, Emma Stone, J.K. Simmons, Finn Wittrock, John Legend, Rosemarie DeWitt, Jason Fuchs, Sonoja Mizuno, Jessica Rothe, Candice Coke;https://srv.clickfuse.com/ads/adclkr.php?id=100006636&url=https://tv.apple.com/cz/movie/la-la-land/umc.cmc.2ls5rdvvy1t038my1urkcjt94<br>https://www.iprima.cz/filmy/la-la-land-1?utm_source=csfd&utm_medium=section_vod&utm_campaign=link_exchange<br>https://www.youtube.com/watch?v=lg346YIAVf4<br>https://srv.clickfuse.com/ads/adclkr.php?id=100006636&url=https://tv.apple.com/cz/movie/la-la-land/umc.cmc.2ls5rdvvy1t038my1urkcjt94<br>https://www.iprima.cz/filmy/la-la-land-1?utm_source=csfd&utm_medium=section_vod&utm_campaign=link_exchange<br>https://www.youtube.com/watch?v=lg346YIAVf4<br>https://apps.apple.com/cz/app/id6755365206<br>https://play.google.com/store/apps/details?id=cz.csfd.csfdroid<br>;Academy Awards (8x)<br>British Academy of Film and Television Arts (BAFTA) (6x)<br>César Awards (1x)<br>Robert Awards (Danish Film Awards) (1x)<br>Amanda Awards (1x)<br>AACTA International Awards (3x)<br>Critics Choice Awards (4x)<br>Florida Film Critics Circle Awards (4x)<br>Los Angeles Film Critics Association Awards (5x)<br>Venice Film Festival (1x)<br>;Academy Awards (6x)<br>British Academy of Film and Television Arts (BAFTA) (5x)<br>AACTA International Awards (2x)<br>Golden Globes (7x)<br>Critics Choice Awards (8x)<br>Florida Film Critics Circle Awards (4x)<br>Los Angeles Film Critics Association Awards (1x)<br>New York Film Critics Circle Awards (1x)<br>The Saturn Awards (2x)<br>Venice Film Festival (1x)<br>Toronto International Film Festival (1x)<br>;
11859;Anastázie;1997;73.72409709887508;94.0;https://image.pmgstatic.com/cache/resized/w420/files/images/film/posters/000/010/10969_7e407b.jpg;https://www.csfd.cz/film/11859-anastazie/;USA;Animovaný / Rodinný / Muzikál / Dobrodružný;Anastasia;Psal se rok 1916. Romanovci slavili 300 let své vlády matičce Rusi a na nádherném plese se loučila princezna Anastasia se svou babičkou Marií. Vtom se objevil odvržený carův mág, Rasputin, aby se pomstil celému rodu Romanovců. Přizval si na pomoc kouzla a čáry a uvrhl na celý rod kletbu. Pohromu přežila jen mladinká Anastasia. Když pak o mnoho let později opustila sirotčinec, neměla tušení, kdo vlastně ve skutečnosti je. To Dimitrij, pohledný mládenec, v ní poznal dokonalou dvojnici ztracené princezny a přemluvil ji, aby se s ním vydala do Paříže. Anastasia si pomalu začíná vzpomínat na svou minulost, do které patří i zlý Rasputin.;14.11.1997 20th Century Fox;láska, smrt, podle divadelní hry, lež, podvod, Paříž, vlak, sirotek, amnézie, zámek, dětský domov;Gary Goldman, Don Bluth;Meg Ryan, John Cusack, Kelsey Grammer, Christopher Lloyd, Hank Azaria, Bernadette Peters, Kirsten Dunst, Angela Lansbury, Andrea Martin, Lacey Chabert;https://srv.clickfuse.com/ads/adclkr.php?id=100006636&url=https://tv.apple.com/cz/movie/anastasia/umc.cmc.4k2h3ylseetmybrpwnck2fg2e<br>https://www.youtube.com/watch?v=peIe2LbSgJc<br>https://srv.clickfuse.com/ads/adclkr.php?id=100006636&url=https://tv.apple.com/cz/movie/anastasia/umc.cmc.4k2h3ylseetmybrpwnck2fg2e<br>https://www.youtube.com/watch?v=peIe2LbSgJc<br>https://apps.apple.com/cz/app/id6755365206<br>https://play.google.com/store/apps/details?id=cz.csfd.csfdroid<br>;Academy Awards (2x)<br>Golden Globes (2x)<br>;Critics Choice Awards (1x)<br>;
11271;Malý krámek hrůz;1986;73.85285154549412;94.0;https://image.pmgstatic.com/cache/resized/w420/files/images/film/posters/160/884/160884241_0bcd51.jpg;https://www.csfd.cz/film/11271-maly-kramek-hruz/;USA;Komedie / Sci-Fi / Horor / Muzikál;Little Shop of Horrors;Květinářství pana Mushnika nemá štěstí na zákazníky. Obchody jdou špatně až do okamžiku, kdy dá prodavač Seymour jedné rostlině několik kapek vlastní krve. Neví, že její zvláštní vlastnosti pocházejí z vesmíru. Kvvětinu pojmenuje Audrey II. Podle kolegyně, po které touží. Chtěl by s ní žít, ale Audrey chodí se sadistickým zubařem. Cestu ke štěstí by mohla otevřít zázračná rostlina. Pan Mushnik díky ní má neuvěřitelný obrat. Ukáže se však, že je nejenom masožravá, ale také nenasytná. Připraví sice Seymoura o protivníky, ale láká ji i Audrey.;19.12.1986 Warner Bros. US;muž, láska, žena, smrt, vražda, násilí, tajemství, podle divadelní hry, strach, záhady, vyšetřování, vrah, rivalita, kolegové, krev, černý humor, mimozemšťané, posedlost, obchod (prodejní místo), domácí násilí, kanibalismus, sadismus, rostliny, zubař, botanika, masožravé rostliny;Frank Oz;Rick Moranis, Ellen Greene, Vincent Gardenia, Steve Martin, Tichina Arnold, Tisha Campbell, Jim Belushi, John Candy, Christopher Guest, Bill Murray;https://apps.apple.com/cz/app/id6755365206<br>https://play.google.com/store/apps/details?id=cz.csfd.csfdroid<br>;Academy Awards (2x)<br>British Academy of Film and Television Arts (BAFTA) (1x)<br>Golden Globes (2x)<br>The Saturn Awards (4x)<br>;The Saturn Awards (2x)<br>;
1234121;Mufasa: Lví král;2024;73.82608695652173;118.0;https://image.pmgstatic.com/cache/resized/w420/files/images/film/posters/169/484/169484135_tqw02g.jpg;https://www.csfd.cz/film/1234121-mufasa-lvi-kral/;USA;Animovaný / Dobrodružný / Drama / Rodinný / Muzikál;Mufasa: The Lion King;Ve snímku Mufasa: Lví král vypráví šaman Rafiki legendu o tom, jak se vlády nad Lví říší ujal mladý lev, který se stal všemi oblíbeným vládcem. Divákům představuje osiřelého lvíčka Mufasu a přátelského lva jménem Taka, dědice lvího trůnu, a zavádí je na velkolepou pouť, na které oba lví hrdiny doprovází skupinka svérázných postav. (Falcon);20.12.2024 Walt Disney US;rodina, přátelství, přátelé, rodiče, sourozenci, putování, rivalita, zrada, kamarádi, divočina, ptáci, opice, rodičovství, lvi, CGI animace;Barry Jenkins;Aaron Pierre, Kelvin Harrison Jr., John Kani, Seth Rogen, Billy Eichner, Beyoncé, Mads Mikkelsen, Thandiwe Newton, Blue Ivy Carter, Keith David;https://srv.tunefindforfans.com/showads/track/srvclk.php?aid=100006796&lp=https://www.disneyplus.com/en-cz/browse/entity-be4719cc-b491-4593-b5a7-d8658976c0b9<br>https://srv.clickfuse.com/ads/adclkr.php?id=100006636&url=https://tv.apple.com/cz/movie/mufasa-the-lion-king/umc.cmc.5oiz9m9hltzs543btzp04ll7k<br>https://www.youtube.com/watch?v=VPt-CoLGiXU<br>/novinky/9081-u-disneyho-predstavili-radu-novinek/<br>/novinky/9081-u-disneyho-predstavili-radu-novinek/<br>/novinky/9081-u-disneyho-predstavili-radu-novinek/<br>https://srv.tunefindforfans.com/showads/track/srvclk.php?aid=100006796&lp=https://www.disneyplus.com/en-cz/browse/entity-be4719cc-b491-4593-b5a7-d8658976c0b9<br>https://srv.clickfuse.com/ads/adclkr.php?id=100006636&url=https://tv.apple.com/cz/movie/mufasa-the-lion-king/umc.cmc.5oiz9m9hltzs543btzp04ll7k<br>https://www.youtube.com/watch?v=VPt-CoLGiXU<br>https://apps.apple.com/cz/app/id6755365206<br>https://play.google.com/store/apps/details?id=cz.csfd.csfdroid<br>;Golden Raspberry Awards (Razzies) (1x)<br>;;
262032;Za všechno může Jidáš;2009;78.2;102.0;https://image.pmgstatic.com/cache/resized/w420/files/images/film/posters/000/062/62239_03ff0c.jpg;https://www.csfd.cz/film/262032-za-vsechno-muze-jidas/;Itálie;Komedie / Muzikál;Tutta colpa di Giuda;Když mladá režisérka avantgardní scény Irena Mirkovićová přijme výzvu vězeňského kaplana dona Iridia, aby se pokusila nastudovat velikonoční pašije s chovanci místního nápravného zařízení, netuší, že jí ta zkušenost změní život. Nejen proto, že setkání s ředitelem věznice Liberem ji konečně přiměje k rozchodu s egocentrickým hercem Cristianem, ale i proto, že se brzy ocitne před neřešitelným problémem: přestože si získá důvěru vězňů, všichni důsledně odmítají přijmout roli Jidáše z důvodů, jež jsou v jejich postavení pochopitelné. Mladé ženě nezbývá než hledat východisko a najde je v originální, ale značně nekonformní úpravě biblického textu. Davide Ferrario natočil komedii s prvky muzikálu v nápravném zařízení v Turíně a většinu postav v ní hrají skuteční vězni. Roli režisérky svěřil polské modelce a herečce Kasie Smutniakové, která už dlouho žije v Itálii a patří mezi často vyhledávané mladé představitelky. Po malých rolích v televizi se začala objevovat v náročnějších autorských filmech. [44. MFFKV 2009];;;Davide Ferrario;Kasia Smutniak, Luciana Littizzetto;https://apps.apple.com/cz/app/id6755365206<br>https://play.google.com/store/apps/details?id=cz.csfd.csfdroid<br>;Mezinárodní filmový festival Karlovy Vary (1x)<br>;;
98508;Forbidden Zone;1980;76.57894736842105;73.0;https://image.pmgstatic.com/cache/resized/w420/files/images/film/posters/163/406/163406943_d708fb.jpg;https://www.csfd.cz/film/98508-forbidden-zone/;USA;Muzikál / Fantasy / Komedie;;"Podivná rodinka Herculesových sa nasťahuje do domčeku po drogovom dílerovi netušiac, že v pivnici domu sa nachádza vstupná brána do šiestej dimenzie, kde vládne trpasličí kráľ Fausto a jeho tyranská manželka, keď sa zvedavá Frenchie Herculesová po návrate domov prepadne do ""zakázanej zóny"", jej brat Flesh s hluchonemým Grampsom sa ju rozhodnú zachrániť. Do Frenchie sa zamiluje kráľ Fausto, čo nestrpí žiarlivá kráľovná. Do šiestej dimenzie sa napokon dostane celá rodina Herculesových a kurací chlapec Squeezie. Všetkých čaká bláznivé dobrodružstvo. Muzikálová sci - fi komédia kapely The Oingo Boingo bratov Elfmanovcov nekladie dôraz na jednoduchý a bizarný dej, ide o šialený výlet do ľudskej predstavivosti. (Jordan)";;škola, dům, král, princezna, královna, Ďábel, trpaslíci;Richard Elfman;Gene Cunningham, Marie-Pascale Elfman, Hervé Villechaize, Susan Tyrrell, Matthew Bright, Joe Spinell, Danny Elfman, Richard Elfman, Viva, Jan Munroe;https://apps.apple.com/cz/app/id6755365206<br>https://play.google.com/store/apps/details?id=cz.csfd.csfdroid<br>;The Saturn Awards (1x)<br>;;
80543;Jdi na Západ;1940;75.32786885245902;80.0;https://image.pmgstatic.com/cache/resized/w420/files/images/film/posters/160/196/160196159_b99a3d.jpg;https://www.csfd.cz/film/80543-jdi-na-zapad/;USA;Komedie / Muzikál / Western;Go West;"Název filmu bratří Marxů Jdi na západ má své kořeny v oblíbené větě Horace Greeleyho, amerického novináře a politika (byl mj. neúspěšným demokratickým kandidátem na prezidenta v roce 1872), který často psal o možnostech, čekajících na mladé muže v neosídlených západních částech Spojených států, a ve svých článcích nabádal: Go west, young man..."". Vlastní příběh je plný obvyklých westernových postav, od zlosynů snažících se vydělat na stavbě železnice, přes stereotypní indiány až po krásnou vnučku starého prospektora, a bratři Marxové mají dost času nejen na likvidaci padouchů ale i na oblíbené hudební vložky. Vrcholem snímku je rozebírání jedoucího vlaku, upomínající na klasickou grotesku Bustera Keatona Frigo na mašině.";06.12.1940 Metro-Goldwyn-Mayer (MGM);muž, černobílý film, rodina, sourozenci, zločin, bratři, kriminalita, satira, parodie, Divoký západ, bratr, důl, groteska, železnice, bratři Marxové;Edward Buzzell;Groucho Marx, Chico Marx, Harpo Marx, John Carroll, Diana Lewis, Walter Woolf King, Robert Barrat, Joan Woodbury, Lee Bowman, Mitchell Lewis;https://apps.apple.com/cz/app/id6755365206<br>https://play.google.com/store/apps/details?id=cz.csfd.csfdroid<br>;;;
194900;Bohémové;2005;73.86172006745363;130.0;https://image.pmgstatic.com/cache/resized/w420/files/images/film/posters/158/597/158597807_eac853.jpg;https://www.csfd.cz/film/194900-bohemove/;USA;Muzikál / Drama / Romantický;RENT;Předlohou filmu je Pulitzerovou cenou ověnčená rocková opera Rent, novodobá verze klasické Pucciniho opery Bohéma. Film vypráví příběh skupiny umělců snažících se žít (a platit nájem) v New York East Village na konci 80. let. Filmař Mark, jeho bývalá dívka Maureen, lesbička Joanne, muzikant Roger, jeho nová přítelkyně Mimi, počítačový génius Tom - ti všichni svůj život „měří láskou“, snaží se prosadit a zároveň čelit zrádnému světu peněz a epidemie AIDS. Co všechno se vlastně může v životě několika lidí změnit za 525 600 minut, tedy jeden rok? (FebioFest 2006);23.11.2005 Columbia/Sony;láska, žena, přátelství, přátelé, 20. století, podle divadelní hry, město, touha, gay, umění, hudba, vášeň, kamarádi, vztahy, nemoc, LGBTQ+, mezilidské vztahy, hudebník, lesby, New York, tanec, homosexualita, zpěv, muzikant, chudoba, hudební skladatel, romance, zpěvačka, divadlo, nevyléčitelná nemoc, období 1990-2000, epidemie, umělci, AIDS, virus HIV, lidská společnost, Broadway;Chris Columbus;Anthony Rapp, Adam Pascal, Rosario Dawson, Jesse L. Martin, Wilson Jermaine Heredia, Idina Menzel, Tracie Thoms, Taye Diggs, David Fine, Mackenzie Firgens;/tvurce/65247-stephen-chbosky/prehled/<br>https://srv.clickfuse.com/ads/adclkr.php?id=100006636&url=https://tv.apple.com/cz/movie/rent/umc.cmc.76bn11t6cfct2garjodmnthly<br>https://srv.clickfuse.com/ads/adclkr.php?id=100006636&url=https://tv.apple.com/cz/movie/rent/umc.cmc.76bn11t6cfct2garjodmnthly<br>https://apps.apple.com/cz/app/id6755365206<br>https://play.google.com/store/apps/details?id=cz.csfd.csfdroid<br>;Critics Choice Awards (3x)<br>;;
41477;Strašidla ze Spessartu;1960;73.72013651877133;97.0;https://image.pmgstatic.com/cache/resized/w420/files/images/film/posters/160/871/160871910_30aede.jpg;https://www.csfd.cz/film/41477-strasidla-ze-spessartu/;Západní Německo;Komedie / Fantasy / Muzikál;Das Spukschloß im Spessart;Poslední loupežníci byli chyceni a pro výstrahu zazděni. Ve Spessartu bude na věky klid. Tedy aspoň do té doby, než při stavbě dálnice rozkopnou nedobrovolný žalář loupežníků. Jejich duchové se rozkoukávají po světě a zamíří do nedalekého zámku. Tam ve finanční nouzi přežívá komtesa Charlotta (Liselette Pulver) s příbuznými. Snaží se svůj zámek ubránit před dluhy a spekulanty. Návrh na ubytování arabského prince jí tedy přijde vhod. Ale jeho příchodem se teprve dostane do maléru. Přičinlivá strašidla ve snaze jí pomoci prince okradou a Charllota putuje do vězení. Loupežnické čarodějce se podaří namíchat lektvar na zhmotnění, a tak se mohou strašidla vydat do Bonnu osvobodit Charlottu. (Jezinka);15.12.1960 Constantin Film;;Kurt Hoffmann;Liselotte Pulver, Heinz Baumann, Hanne Wieder, Elsa Wagner, Ernst Waldow, Hubert von Meyerinck, Georg Thomalla, Paul Esser, Curt Bois, Veronika Fitz;https://apps.apple.com/cz/app/id6755365206<br>https://play.google.com/store/apps/details?id=cz.csfd.csfdroid<br>;;;
14016;Zvoník u Matky Boží;1996;73.52723230826231;91.0;https://image.pmgstatic.com/cache/resized/w420/files/images/film/posters/000/012/12435_662585.jpg;https://www.csfd.cz/film/14016-zvonik-u-matky-bozi/;USA;Animovaný / Drama / Rodinný / Muzikál;The Hunchback of Notre Dame;Kreslený velkofilm světoznámého studia Walta Disneye, inspirován prastarou pařížskou legendou a slavným románem Victora Huga. Dojemný příběh zvoníka Quasimoda (se znetvořeným zevnějškem, ale srdcem z ryzího zlata) začal jedné zimní noci, kdy se do Paříže pokusili tajně proniknout mladí manželé s nemluvnětem. Obávaný soudce Frolo a jeho biřici však byli ve střehu a žena s dítětem v náručí marně hledá útočiště v slavné pařížské katedrále Notre Dame. Frolo pak pozdě pochopil, že v uzlíčku na její hrudi nebyl lup, ale znetvořené nemluvně. Dříve než soudce stačil čerstvého sirotka utopit, zasáhla prozřetelnost v podobě chrámového kněze. Soudce se z obavy před božím trestem zavázal, že dítě vychová, ale vymínil si, že chlapec nikdy neopustí katedrálu. Uplynulo dvacet let. Quasimodo se stal u Matky boží zvoníkem. Na náměstí se koná každoroční festival bláznů a tři oživlé sochy (jediní Quasimodovi přátelé) ho přemluví, aby se konečně vzepřel vůli svého poručníka a šel poprvé v životě mezi lidi. Pařížané nejprve obdivují Quasimodovu znetvořenou tvář jako dokonalou masku, ale když odhalí pravdu, stane se překvapený zvoník snadným terčem jejich krutého posměchu. zastane se ho pouze krásná cikánka Esmeralda a je za svou troufalost stíhána Frolovými nohsledy. Nalezne útočiště v katedrále a s Quasimodovou pomocí se jí pod rouškou noci podaří uprchnout. Zlolajný Frolo nyní touží po pomstě stejně intenzivně, jako po Esmeraldině kráse a přikáže ji vypátrat za každou cenu. Statečný, čestný a do Esmeraldy zamilovaný kapitán pařížské gardy Phoebus se vzepře jeho rozkazům a stává se psancem. Pokud má láska a přátelství zvítězit nad bezcitným zlem, musí Quasimodo společně se svými přáteli Phoebusem a Esmeraldou zbavit Paříž ďábelského Frola...;21.06.1996 Buena Vista Pictures US;podle knihy, nenávist, Francie, koně, Paříž, středověk, tělesné postižení, kostel, Romové, 15. století, hrbáč;Kirk Wise, Gary Trousdale;Tom Hulce, Demi Moore, Kevin Kline, Jason Alexander, David Ogden Stiers, Frank Welker, Gary Trousdale, Jim Cummings, Corey Burton, Bill Fagerbakke;https://srv.tunefindforfans.com/showads/track/srvclk.php?aid=100006796&lp=https://www.disneyplus.com/en-cz/browse/entity-487dcb63-61e4-49ba-9f44-ce0aab176ab9<br>https://srv.clickfuse.com/ads/adclkr.php?id=100006636&url=https://tv.apple.com/cz/movie/the-hunchback-of-notre-dame/umc.cmc.156bnrnzdegdl4ysr8y5ovse3<br>https://srv.tunefindforfans.com/showads/track/srvclk.php?aid=100006796&lp=https://www.disneyplus.com/en-cz/browse/entity-487dcb63-61e4-49ba-9f44-ce0aab176ab9<br>https://srv.clickfuse.com/ads/adclkr.php?id=100006636&url=https://tv.apple.com/cz/movie/the-hunchback-of-notre-dame/umc.cmc.156bnrnzdegdl4ysr8y5ovse3<br>https://apps.apple.com/cz/app/id6755365206<br>https://play.google.com/store/apps/details?id=cz.csfd.csfdroid<br>;Academy Awards (1x)<br>Golden Globes (1x)<br>The Saturn Awards (1x)<br>Golden Raspberry Awards (Razzies) (1x)<br>;;Victor Hugo
239676;Princezna a žabák;2009;73.49739839684995;94.0;https://image.pmgstatic.com/cache/resized/w420/files/images/film/posters/000/070/70241_e5de9c.jpg;https://www.csfd.cz/film/239676-princezna-a-zabak/;USA;Animovaný / Komedie / Muzikál / Romantický;The Princess and the Frog;Walt Disney Animation Studios uvádějí muzikál Princezna a žabák, animovanou komedii zasazenou do velkého města New Orleansu. Od tvůrců filmu Malá mořská víla a Aladdin přichází klasická pohádka s moderní zápletkou. Zachycuje krásnou dívku jménem Tiana (Anika Noni Rose), žabího prince, který zoufale touží stát se opět člověkem a osudný polibek, který oba dovede do veselého dobrodružství tajuplnými bažinami Louisiany.;11.12.2009 Walt Disney US;láska, přátelství, přátelé, 20. století, podvod, kouzla, džungle, zlo, princezna, období 1920-1930, princ, záměna identit, čarodějové, kletba, krokodýli, přání, New Orleans, voodoo, karneval, žáby, Disney Princess;Ron Clements, John Musker;Anika Noni Rose, Bruno Campos, Keith David, John Goodman, Oprah Winfrey, Jenifer Lewis, Jim Cummings, Terrence Howard, Randy Newman, Terence Blanchard;https://srv.tunefindforfans.com/showads/track/srvclk.php?aid=100006796&lp=https://www.disneyplus.com/en-cz/browse/entity-48fd96f1-8e02-4de0-a511-cc3f11fbfefd<br>https://srv.clickfuse.com/ads/adclkr.php?id=100006636&url=https://tv.apple.com/cz/movie/the-princess-and-the-frog/umc.cmc.3xn63ajjx99xf0wjde2y6sd7q<br>https://srv.tunefindforfans.com/showads/track/srvclk.php?aid=100006796&lp=https://www.disneyplus.com/en-cz/browse/entity-48fd96f1-8e02-4de0-a511-cc3f11fbfefd<br>https://srv.clickfuse.com/ads/adclkr.php?id=100006636&url=https://tv.apple.com/cz/movie/the-princess-and-the-frog/umc.cmc.3xn63ajjx99xf0wjde2y6sd7q<br>http://disney.go.com/disneypictures/princessandthefrog/<br>/tag/1764-disney-princess/<br>https://apps.apple.com/cz/app/id6755365206<br>https://play.google.com/store/apps/details?id=cz.csfd.csfdroid<br>;Academy Awards (3x)<br>Golden Globes (1x)<br>Critics Choice Awards (3x)<br>The Saturn Awards (1x)<br>;;
2422;Ve městě;1949;75.13307984790875;98.0;https://image.pmgstatic.com/cache/resized/w420/files/images/film/posters/159/319/159319305_7cbb5e.jpg;https://www.csfd.cz/film/2422-ve-meste/;USA;Komedie / Muzikál / Romantický;On the Town;"Tři námořníci Gabey, Chip a Ozzie mají přesně jeden den volna v New Yorku, než se zase budou muset hlásit na palubě své lodi. A oněch čtyřiadvacet hodin si chtějí pořádně užít! Zamýšlejí navštívit tady a tohle a tamto, ale hlavně se seznamovat s dámskou částí obyvatelstva báječného New Yorku a protančit pak s nimi celý večer. Jejich plány se však zkomplikují, když se Gabey na první pohled zamiluje do plakátu Miss ""Turniket"" Ivy Smith a rozhodne se ji v obrovském městě nalézt. (dopitak)";08.12.1949 Metro-Goldwyn-Mayer (MGM);New York;Gene Kelly, Stanley Donen;Gene Kelly, Frank Sinatra, Betty Garrett, Ann Miller, Jules Munshin, Vera-Ellen, Florence Bates, Alice Pearce, George Meader, Judy Holliday;https://srv.clickfuse.com/ads/adclkr.php?id=100006636&url=https://tv.apple.com/cz/movie/on-the-town/umc.cmc.1xn4ejp4ouskx5gr5zcbssuhi<br>https://www.youtube.com/watch?v=kmbivYtC-Uc<br>https://srv.clickfuse.com/ads/adclkr.php?id=100006636&url=https://tv.apple.com/cz/movie/on-the-town/umc.cmc.1xn4ejp4ouskx5gr5zcbssuhi<br>https://www.youtube.com/watch?v=kmbivYtC-Uc<br>https://apps.apple.com/cz/app/id6755365206<br>https://play.google.com/store/apps/details?id=cz.csfd.csfdroid<br>;British Academy of Film and Television Arts (BAFTA) (1x)<br>Golden Globes (1x)<br>;Academy Awards (1x)<br>;
11020;Lví král 2: Simbův příběh;1998;73.46102449888642;81.0;https://image.pmgstatic.com/cache/resized/w420/files/images/film/posters/159/604/159604854_561e79.jpg;https://www.csfd.cz/film/11020-lvi-kral-2-simbuv-pribeh/;USA / Austrálie;Animovaný / Dobrodružný / Rodinný / Muzikál;Lví král 2: Simbova pýcha;"LVÍ KRÁL 2: SIMBŮV PŘÍBĚH dějově završuje trilogii o Lvím králi. Působivý a velkolepý snímek vychází v novém zvláštním vydání. Potkaní se zde Kiara a Kovu, zástupci nejmladší generace vládnoucí lví dynastie. Prožijí spolu ""Upendi"" - lásku - a pochopitelně také spoustu legrace s oblíbenými Timonem a Pumbou! Kiara, tvrdohlavá dcera Simby, je dědičkou trůnu. Místo vladařských povinností jí ale láká daleko více dobrodružství. Když nebojácně prozkoumává přísně zakázanou Vnější zemi, setká se s rozpustilým mladým Kovu, který se rozhodl vydat se po stopách Scara. Kiara a Kovu se tak spolu snaží najít své místo v ""Kruhu života"" a poznávají, že jsou jedinou nadějí na usmíření mezi dvěma znesvářenými královstvími.";Na Blu-ray od 05.10.2011 Magic Box;zvířata, lvi;Darrell Rooney, Rob LaDuca, Steve Trenbirth;Matthew Broderick, Neve Campbell, Moira Kelly, Michelle Horn, Ashley Edner, Nathan Lane, Suzanne Pleshette, Andy Dick, Lacey Chabert, Robert Guillaume;https://srv.tunefindforfans.com/showads/track/srvclk.php?aid=100006796&lp=https://www.disneyplus.com/en-cz/browse/entity-5cf933b8-ae87-486b-983c-e25eca65bdb0<br>https://srv.tunefindforfans.com/showads/track/srvclk.php?aid=100006796&lp=https://www.disneyplus.com/en-cz/browse/entity-5cf933b8-ae87-486b-983c-e25eca65bdb0<br>http://disneydvd.disney.go.com/the-lion-king-2-simbas-pride-special-edition.html<br>https://apps.apple.com/cz/app/id6755365206<br>https://play.google.com/store/apps/details?id=cz.csfd.csfdroid<br>;;;
382535;Rocketman;2019;73.33160307985119;121.0;https://image.pmgstatic.com/cache/resized/w420/files/images/film/posters/163/415/163415903_72fc6b.png;https://www.csfd.cz/film/382535-rocketman/;Velká Británie / Kanada / USA;Životopisný / Drama / Hudební / Muzikál;Rocketman;Než se stal Eltonem Johnem, jmenoval se Reginald a byl to malý brýlatý oplácaný kluk, který si příliš nerozuměl s rodiči, zato s klavírem mu to šlo náramně. Zpočátku jen dělal křoví úspěšnějším muzikantům, jenže pak potkal svou nejspřízněnější duši, textaře Bernieho Taupina. Od tohoto setkání vedla strmá cesta na absolutní vrchol, možná až příliš rychlá na to, aby se dala zvládnout bez chlastu a drog. Ty pomáhaly zejména ve chvílích, kdy se Elton cítil sám, opuštěný a nemilovaný, což se mu stávalo prakticky pořád. Jenže když jste duší rocker i showman, tak se z každého srabu prostě vyzpíváte. (CinemArt);22.05.2019 Paramount Pictures UK;láska, rodina, 20. století, rodiče, gay, drogy, hudebník, zpěv, samota, alkoholismus, babička, období 1970-1980, období 1960-1970, období 1980-1990, období 1950-1960;Dexter Fletcher;Taron Egerton, Jamie Bell, Richard Madden, Bryce Dallas Howard, Gemma Jones, Steven Mackintosh, Tom Bennett, Kit Connor, Charlie Rowe, Tate Donovan;https://www.skyshowtime.com/cz/stream/movies/rocketman/d365545d-fa08-3356-9fc4-187eff4d165e<br>https://srv.clickfuse.com/ads/adclkr.php?id=100006636&url=https://tv.apple.com/cz/movie/rocketman/umc.cmc.38jktgokva0kk0hxrx0zc833f<br>https://www.youtube.com/watch?v=UjMw9ciBnE8<br>https://www.skyshowtime.com/cz/stream/movies/rocketman/d365545d-fa08-3356-9fc4-187eff4d165e<br>https://srv.clickfuse.com/ads/adclkr.php?id=100006636&url=https://tv.apple.com/cz/movie/rocketman/umc.cmc.38jktgokva0kk0hxrx0zc833f<br>https://www.youtube.com/watch?v=UjMw9ciBnE8<br>https://apps.apple.com/cz/app/id6755365206<br>https://play.google.com/store/apps/details?id=cz.csfd.csfdroid<br>;British Academy of Film and Television Arts (BAFTA) (4x)<br>Golden Globes (1x)<br>Critics Choice Awards (2x)<br>Florida Film Critics Circle Awards (1x)<br>;Academy Awards (1x)<br>Golden Globes (2x)<br>Critics Choice Awards (1x)<br>;
184577;An Optical Poem;1937;78.20224719101124;6.0;//static.pmgstatic.com/assets/images/050b5bad23b8eb0b4f88f971b8f6a168/empty-image.svg;https://www.csfd.cz/film/184577-an-optical-poem/;USA;Krátkometrážní / Animovaný / Muzikál;;Německý výtvarník, průkopník abstraktní animace Oskar Fischinger odešel po úspěchu se slavnou KOMPOZICÍ V MODRÉ (1936) z nacistického Německa do Hollywoodu. Po zklamání s přístupem Paramountu k jeho snímku Allegretto, přešel k MGM a vytvořil Optickou poemu. Zvolil vědecký přístup a svojí barevnou kompozicí abstraktních tvarů sladěnou s částí Uherské rapsodie Franze Liszta se pokoušel dokázat, že vědomí přetváří hudbu do vizuální podoby. Krátký film však nebyl úspěšný a stal se jeho posledním studiovým projektem. Fischinger pracuje s barevnými dvojrozměrnými tvary, kterým dává iluzi pohybu v trojrozměrném prostoru jejich natáčením podél osy a postupným mizením v hloubce pozadí (Hwaelos);;;Oskar Fischinger;;https://apps.apple.com/cz/app/id6755365206<br>https://play.google.com/store/apps/details?id=cz.csfd.csfdroid<br>;;;
317118;Balerína;2016;73.38092518560822;89.0;https://image.pmgstatic.com/cache/resized/w420/files/images/film/posters/161/254/161254123_a4f7da.jpg;https://www.csfd.cz/film/317118-balerina/;Francie / Kanada;Animovaný / Muzikál / Dobrodružný / Komedie / Rodinný;Ballerina;Film vypráví příběh Félicie, mladé osiřelé dívky, jejíž největší vášní je tanec. S pomocí svého nejlepšího přítele Victora se jí podaří uprchnout ze sirotčince a vydat se na dlouhou cestu do Paříže, kde na ni čeká mnoho nelehkých úkolů a zajímavých setkání. Zábavný a dojemný film o přátelství, sebedůvěře a rodinných poutech. (Freeman Ent.);24.02.2017 Entertainment One;láska, přátelství, přátelé, dívka, děti, matka, dcera, útěk, rivalita, učitel, tanec, opera, Paříž, divadelní prostředí, sirotek, řeka, sluha, balet, vynálezce, sirotčinec, Socha Svobody, Eiffelova věž;Eric Summer, Éric Warin;Elle Fanning, Dane DeHaan, Maddie Ziegler, Carly Rae Jepsen, Camille Cottin, Julie Khaner, Malik Bentalha, Pascal Casanova, Lila Lacombe, Alona Leoine;https://apps.apple.com/cz/app/id6755365206<br>https://play.google.com/store/apps/details?id=cz.csfd.csfdroid<br>;;;
298234;Bídníci;2012;73.26410144293835;157.0;https://image.pmgstatic.com/cache/resized/w420/files/images/film/posters/161/048/161048164_4b4add.jpg;https://www.csfd.cz/film/298234-bidnici/;Velká Británie / USA;Muzikál / Drama / Romantický / Historický;Les Misérables;Když bývalého galejníka Jeana Valjeana (Hugh Jackman) propustí na podmínku, netuší, že za zády bude mít jako věčný stín posedlého inspektora Javerta (Russell Crowe). Ten ctí zásadu, že zloděj zůstane vždy zlodějem a Valjean se zdá být jasným příkladem, zvlášť když pravidla podmínečného propuštění záhy poruší. Jenže Valjeanovi se daří unikat, začne žít pod změněnou identitou, stane se ctihodným občanem a dokonce starostou, jenže ani tehdy není před slídivým Javertem v bezpečí. Po smrti tovární dělnice Fantine (Anne Hathaway), kterou si klade za vinu, se ujme její dcerky Cosette. Společně s ní pak před Zákonem utíká do anonymity francouzské metropole. Tam na ně po pár letech relativního klidu čeká kromě Javerta i další nebezpečí – ulice bobtnající revolucí, kterou připravují mladí kluci. Jeden z nich, Marius (Eddie Redmayne), se při letmém setkání zamiluje do dospívající Cosette (Amanda Seyfried) a ta jeho city opětuje. Kvůli své dceři a jejímu štěstí se Valjean rozhodne riskovat, dokonce se vydá na barikády v předvečer rozhodujícího souboje mezi revolucionáři a armádou, aby z předem prohrané bitvy zachránil Mariuse. Na místě, kde historie napsala jednu ze svých krvavých kapitol, se zároveň odehraje finální souboj mezi ním a Javertem.;11.01.2013 Universal Pictures UK;podle knihy, láska, 19. století, naděje, Paříž, odboj, státní převrat;Tom Hooper;Hugh Jackman, Russell Crowe, Anne Hathaway, Amanda Seyfried, Eddie Redmayne, Helena Bonham Carter, Sacha Baron Cohen, Samantha Barks, Aaron Tveit, Josef Altin;/tvurce/438850-dominic-applewhite/prehled/<br>https://srv.clickfuse.com/ads/adclkr.php?id=100006636&url=https://tv.apple.com/cz/movie/les-miserables/umc.cmc.74wk121u9bd0acbgzlr4o8rpq<br>https://srv.clickfuse.com/ads/adclkr.php?id=100006636&url=https://tv.apple.com/cz/movie/les-miserables/umc.cmc.74wk121u9bd0acbgzlr4o8rpq<br>https://apps.apple.com/cz/app/id6755365206<br>https://play.google.com/store/apps/details?id=cz.csfd.csfdroid<br>;Academy Awards (5x)<br>British Academy of Film and Television Arts (BAFTA) (5x)<br>AACTA International Awards (2x)<br>Golden Globes (1x)<br>Critics Choice Awards (10x)<br>New York Film Critics Circle Awards (1x)<br>The Saturn Awards (5x)<br>;Academy Awards (3x)<br>British Academy of Film and Television Arts (BAFTA) (4x)<br>Golden Globes (3x)<br>Critics Choice Awards (1x)<br>Florida Film Critics Circle Awards (1x)<br>The Saturn Awards (1x)<br>;Victor Hugo
300573;Imaginaerum;2012;73.45692475463468;82.0;https://image.pmgstatic.com/cache/resized/w420/files/images/film/posters/158/982/158982292_2b5d94.jpg;https://www.csfd.cz/film/300573-imaginaerum/;Finsko / Kanada;Fantasy / Drama / Muzikál;Imaginárium(festivalový název);Příběh o starém skladateli s nadpozemskou představivostí, který si stále myslí, že je mladý chlapec. Ve spánku cestuje do své vzdálené minulosti, kde se jeho stařecké sny smísí s fantazií malého dítěte a hudbou. Zde započne pátrání po vzpomínkách, které jsou pro něj nejdůležitější. (dresi);23.11.2012 Nordisk Film Fin.;;Stobe Harju;Marianne Farley, Quinn Lord, Francis X. McCarthy, Ilkka Villi, Joanna Noyes, Keyanna Fielding, Stéphane Demers, Ron Lea, Hélène Robbie, Tuomas Holopainen;https://apps.apple.com/cz/app/id6755365206<br>https://play.google.com/store/apps/details?id=cz.csfd.csfdroid<br>;;;
6299;Rodná zem;1953;73.9446366782007;102.0;https://image.pmgstatic.com/cache/resized/w420/files/images/film/posters/170/191/170191078_5dra07.jpg;https://www.csfd.cz/film/6299-rodna-zem/;Československo;Muzikál / Komedie;;"Režisér Josef Mach a slovenský scénárista Ivan Bukovčan vybrali pro první slovenský barevný umělecký film nejzářivější ukázky z nepřeberného bohatství slovenských lidových písní a tanců. Jejich film ""Rodná zem"" vypráví příběh děvčat a chlapců, kteří byli objeveni v různých krajích Slovenska instruktorem profesionálního národopisného souboru lidových písní a tanců a kteří se sešli v radostném kolektivu mladých lidových umělců. Tak se stane členkou souboru Verona zpod Tater traktoristka Žofka ze Zemplína, dělnice Anička z Detvy, dřevorubec Martin, milý Verony, malíř Ferko, jehož talent objevila Žofka, a desítky jiných. Film ""Rodná zem"" je oslavou radostné umělecké tvořivosti slovenského lidu a zároveň oslavou krásy slovenské země. (Filmový přehled)";26.02.1954;;Josef Mach;Heda Melicherová, Martin Ťapák, Július Pántik, Magdaléna Balíková-Dziaková, Margita Dalmadyová-Skyvová, Karol L. Zachar, Gustáv Valach, Rudolf Bachlet, Elo Romančík, Ondriš Jariabek;https://apps.apple.com/cz/app/id6755365206<br>https://play.google.com/store/apps/details?id=cz.csfd.csfdroid<br>;;;
291930;Keep It in Your Pants;2010;76.80672268907563;3.0;//static.pmgstatic.com/assets/images/050b5bad23b8eb0b4f88f971b8f6a168/empty-image.svg;https://www.csfd.cz/film/291930-keep-it-in-your-pants/;USA;Krátkometrážní / Muzikál;;;;;Robert McKeon;Taryn Southern, Larry Miller;https://apps.apple.com/cz/app/id6755365206<br>https://play.google.com/store/apps/details?id=cz.csfd.csfdroid<br>;;;
8949;Jazzin' for Blue Jean;1984;84.86486486486487;20.0;//static.pmgstatic.com/assets/images/050b5bad23b8eb0b4f88f971b8f6a168/empty-image.svg;https://www.csfd.cz/film/8949-jazzin-for-blue-jean/;Velká Británie;Muzikál / Krátkometrážní;;;;;Julien Temple;David Bowie, Mark Long;https://apps.apple.com/cz/app/id6755365206<br>https://play.google.com/store/apps/details?id=cz.csfd.csfdroid<br>;;;
968184;Downfalls High;2021;74.36950146627566;46.0;https://image.pmgstatic.com/cache/resized/w420/files/images/film/posters/165/612/165612344_2d9bbe.jpg;https://www.csfd.cz/film/968184-downfalls-high/;USA;Muzikál;;Pop punkový muzikál ze střední. Machine Gun Kelly v něm spolu s Travisem Barkerem vypráví příběh outsidera Fenixe (Chase Hudson), který se proti všem předpokladům seznámí s populární dívkou z jeho školy Scarlett (Sydney Sweeney). Za doprovodu Machine Gun Kellyho hudby z alba „Tickets To My Downfall“ se nám před očima odvíjí dramatický příběh jednoho obyčejného kluka z obyčejné střední školy. (MaaaR@);;punk, střední škola, kapela, autonehoda, deprese;Machine Gun Kelly, Mod Sun;Sydney Sweeney, Chase Hudson, Maggie Lindemann, Machine Gun Kelly, Travis Barker, Jimmy Bennett, Madison Santos, Sydney Veronica Lee, Clem Darling, Jaden Hossler;https://apps.apple.com/cz/app/id6755365206<br>https://play.google.com/store/apps/details?id=cz.csfd.csfdroid<br>;;;
27148;Pan Wonka a jeho čokoládovna;1971;73.25471698113208;100.0;https://image.pmgstatic.com/cache/resized/w420/files/images/film/posters/158/225/158225672_mv52fp.jpg;https://www.csfd.cz/film/27148-pan-wonka-a-jeho-cokoladovna/;USA;Rodinný / Muzikál / Fantasy / Komedie;Willy Wonka & the Chocolate Factory;Americký pohádkový muzikál z roku 1971 nás zavede do městečka, kde stojí tajemná továrna vyrábějící tu nejlepší čokoládu na světě. Jednoho dne její majitel Willy Wonka (Gene Wilder) ukryje v čokoládách zlaté kupony. Děti, které je najdou, pozve na návštěvu své továrny a slíbí jim do konce života posílat cukroví zdarma. Nikdo však netuší, jaké překvapení děti v továrně čeká! (Warner Home Video);30.06.1971 Paramount Pictures;podle knihy, rodina, chlapec, jídlo, soutěž, třídní boj, továrna, čokoláda;Mel Stuart;Gene Wilder, Jack Albertson, Peter Ostrum, Roy Kinnear, Julie Dawn Cole, Nora Denney, Denise Nickerson, Günter Meisner, Paris Themmen, Michael Bollner;https://srv.clickfuse.com/ads/adclkr.php?id=100006636&url=https://tv.apple.com/cz/movie/willy-wonka-and-the-chocolate-factory/umc.cmc.33jugzmtwhfbl45dd3eui946o<br>https://www.youtube.com/watch?v=1kL6sPnOcNU<br>https://srv.clickfuse.com/ads/adclkr.php?id=100006636&url=https://tv.apple.com/cz/movie/willy-wonka-and-the-chocolate-factory/umc.cmc.33jugzmtwhfbl45dd3eui946o<br>https://www.youtube.com/watch?v=1kL6sPnOcNU<br>https://apps.apple.com/cz/app/id6755365206<br>https://play.google.com/store/apps/details?id=cz.csfd.csfdroid<br>;Academy Awards (1x)<br>Golden Globes (1x)<br>The Saturn Awards (1x)<br>;;Roald Dahl
30390;Pantoflíček a růže;1976;78.6842105263158;127.0;https://image.pmgstatic.com/cache/resized/w420/files/images/film/posters/166/962/166962775_5405ba.jpg;https://www.csfd.cz/film/30390-pantoflicek-a-ruze/;Velká Británie;Dobrodružný / Romantický / Rodinný / Muzikál / Fantasy;The Slipper and the Rose: The Story of Cinderella;Princ Edward, následník eufranského trůnu, se hodlá oženit jen z lásky, a proto odmítá všechny nevěsty, které mu snaživý lord komoří vybírá. Když je však země - právě kvůli princovu odmítání všech manželsky spojeneckých svazků - ohrožena válečným konfliktem, souhlasí s tím, že si na bále, který bude za tím účelem uspořádán, vybere ze všech šesti šlechtičen, které se podařilo pozvat, svou budoucí ženu. Když se tam však objeví Popelka, je rozhodnuto. (lola16);;podle knihy, kouzla, magie, čarodějnictví;Bryan Forbes;Margaret Lockwood, Michael Hordern, Edith Evans, Annette Crosbie, Kenneth More, Richard Chamberlain, Rosalind Ayres, André Morell, Bryan Forbes, Geoffrey Bayldon;https://apps.apple.com/cz/app/id6755365206<br>https://play.google.com/store/apps/details?id=cz.csfd.csfdroid<br>;Academy Awards (2x)<br>British Academy of Film and Television Arts (BAFTA) (5x)<br>Golden Globes (2x)<br>The Saturn Awards (2x)<br>;;Charles Perrault
181866;Popeye the Sailor with Betty Boop;1933;77.63440860215054;7.0;https://image.pmgstatic.com/cache/resized/w420/files/images/film/posters/161/888/161888148_8965db.jpg;https://www.csfd.cz/film/181866-popeye-the-sailor-with-betty-boop/;USA;Animovaný / Krátkometrážní / Muzikál / Rodinný;Popeye the Sailor;;;černobílý film, podle komiksu, Betty Boop, Pepek námořník;Dave Fleischer;William Costello, Mae Questel;https://apps.apple.com/cz/app/id6755365206<br>https://play.google.com/store/apps/details?id=cz.csfd.csfdroid<br>;;;E. C. Segar
21224;Charlie 2: Všichni pejskové přijdou do nebe;1996;73.49367088607595;82.0;https://image.pmgstatic.com/cache/resized/w420/files/images/film/posters/158/956/158956925_b68006.jpg;https://www.csfd.cz/film/21224-charlie-2-vsichni-pejskove-prijdou-do-nebe/;USA;Rodinný / Animovaný / Muzikál;All Dogs Go to Heaven 2;Charlie a Drban se ocitli v psím nebi a mají se dobře. Z nekonečných psích radovánek je ovšem vyruší neodkladný úkol, který musí splnit dole na zemi. Jednomu z psích andělů žijících v psím nebi totiž spadl na zem kouzelný Gabrielův roh a jako by to nestačilo, spadl on za ním a skončil v psím pekle, kde ho psí Lucifer proměnil v samotné zlo. A to je právě úkol pro Charlieho a Drbana. Zhostí se ho natolik dobře, že jim nejen podaří najít trubku, ale také zachránit padlého anděla a ještě najít cestu domů ztracenému chlapci Davidovi, který se bál, že už rodiče nebudou chtít protože očekávali narození nového děťátka.;29.03.1996 Metro-Goldwyn-Mayer (MGM);přátelství, přátelé, psi;Paul Sabella;Ernest Borgnine, Bebe Neuwirth, Charlie Sheen, Dan Castellaneta, Dom DeLuise, Jim Cummings, Wallace Shawn, George Hearn, Adam Wylie, Maurice LaMarche;https://srv.clickfuse.com/ads/adclkr.php?id=100006636&url=https://tv.apple.com/cz/movie/all-dogs-go-to-heaven-2/umc.cmc.441cqu4a2bj6kcssn57eqyq6m<br>https://www.youtube.com/watch?v=B36zz0z9ASU<br>https://srv.clickfuse.com/ads/adclkr.php?id=100006636&url=https://tv.apple.com/cz/movie/all-dogs-go-to-heaven-2/umc.cmc.441cqu4a2bj6kcssn57eqyq6m<br>https://www.youtube.com/watch?v=B36zz0z9ASU<br>https://apps.apple.com/cz/app/id6755365206<br>https://play.google.com/store/apps/details?id=cz.csfd.csfdroid<br>;;;
12856;Pocahontas;1995;72.97431083041734;81.0;https://image.pmgstatic.com/cache/resized/w420/files/images/film/posters/159/527/159527947_a55836.jpg;https://www.csfd.cz/film/12856-pocahontas/;USA;Animovaný / Rodinný / Muzikál / Romantický;Pocahontas;"Píše se rok 1607 a začíná průkopnické období nově příchozích obyvatelů Ameriky. Skupina britských dobrodruhů včetně chamtivého guvernéra společnosti Virginia, Johna Ratcliffa a pohledného námořního kapitána Johna Smitha připlouvá do Nového Světa na lodi ""Susan Constant"" s úmyslem dobývat zlato a další poklady. V té době krásná mladá indiánská princezna Pocahontas, dcera náčelníka Powhatana, přemýšlí o svém poslání v životě. Sní o tom, co se skrývá ""hned za tou řekou"". Měla by se provdat za Kocouma, drsného válečníka, kterého pro ni vybral její otec, nebo ji připraví osud něco jiného ? Pocahontas si pro odpověď přichází do ""Kouzelného lesa"", kde udílí svoje rady Babička Vrba, čtyřista let starý mystický duch, sídlící ve starém stromě. Pocahontas získává také podporu od svých dvou lesních kamarádů - rozpustilého mývala Meeko a divokého kolibříka Flita. Britští průkopníci hned po svém příjezdu plní Rateliffovy rozkazy a dobývají zlato, zanechávajíce za sebou rozsáhlé škody a zdevastovanou zem. John Smith se setkává s Pocahontas. Přestože zpočátku mají mezi sebou konflikty, jeden druhého přitahují a on díky jí poznává svět, který nepoznal nikdy předtím. Pocahontas ho poučí, že každý kámen, strom a každá živá bytost má svého živého ducha a vysvětluje mu, jak ""malovat se všemi barvami větru"". V kontrastu s přátelstvím mezi Smithem a Pocahontas se vztahy mezi Brity a domorodými Američany dostanou do kritického stádia, kdy každým dnem stoupá strach a nenávist. Indiáni zajmou Smitha a odsoudí ho k trestu smrti. Pocahontas statečně nasadí svůj vlastní život, když se vrhne mezi kata a Smitha a prohlásí, že napřed musí zabít ji. Smith ji později vrátí její oběť, zachrání ji od britské střely, ale je raněn. V mohutném a dojemném finále se on a Pocahontas musí rozloučit, vědí však, že jejich duchové budou navždycky spjati na cestě, která nikdy nekončí.";23.06.1995 Buena Vista Pictures US;láska, chamtivost, předsudky, indiáni, princezna, kolonizace, Disney Princess;Mike Gabriel, Eric Goldberg;Irene Bedard, Mel Gibson, Linda Hunt, John Kassir, David Ogden Stiers, Christian Bale, Billy Connolly, Frank Welker, Russell Means, Gordon Tootoosis;https://srv.tunefindforfans.com/showads/track/srvclk.php?aid=100006796&lp=https://www.disneyplus.com/en-cz/browse/entity-87056d92-21b6-4e70-a0d4-a959b6c60599<br>https://srv.clickfuse.com/ads/adclkr.php?id=100006636&url=https://tv.apple.com/cz/movie/pocahontas/umc.cmc.2fawj485z0ghq64es53v7szuk<br>https://www.youtube.com/watch?v=7ujEJWNISE0<br>/novinky/3095-disney-posila-do-kin-letadla-a-velky-mraz/<br>/novinky/3095-disney-posila-do-kin-letadla-a-velky-mraz/<br>/novinky/3095-disney-posila-do-kin-letadla-a-velky-mraz/<br>https://srv.tunefindforfans.com/showads/track/srvclk.php?aid=100006796&lp=https://www.disneyplus.com/en-cz/browse/entity-87056d92-21b6-4e70-a0d4-a959b6c60599<br>https://srv.clickfuse.com/ads/adclkr.php?id=100006636&url=https://tv.apple.com/cz/movie/pocahontas/umc.cmc.2fawj485z0ghq64es53v7szuk<br>https://www.youtube.com/watch?v=7ujEJWNISE0<br>/tag/1764-disney-princess/<br>https://apps.apple.com/cz/app/id6755365206<br>https://play.google.com/store/apps/details?id=cz.csfd.csfdroid<br>;Golden Globes (1x)<br>;Academy Awards (2x)<br>Golden Globes (1x)<br>;
36;Všichni říkají: Miluji tě;1996;73.039934800326;101.0;https://image.pmgstatic.com/cache/resized/w420/files/images/film/posters/167/253/167253536_5aa6f2.jpg;https://www.csfd.cz/film/36-vsichni-rikaji-miluji-te/;USA;Komedie / Romantický / Muzikál;Everyone Says I Love You;Všichni se chtějí zamilovat, jenže se to jaksi nedaří. Nejblíže byl spisovatel Joe, který na prázdninách v Benátkách potkal úžasnou Von. Díky své dceři z prvního manželství DJ, která znala Voninu terapeutku a ochotně svému otci radila, jim to moc klapalo. Joe byl ale až příliš dokonalý. Zato DJ se zamilovává prakticky na počkání - gondoliér, mladík na letišti, kdo by to počítal. Její nevlastní sestra Skylar zase nejdřív spolkla zásnubní prsten a o pár dnů později ji okouzlil propuštěný trestanec. Když před ní vykradl obchod, bylo po lásce. Ale to zdaleka není všechno, vás v této báječné komedii čeká. Až se na konci filmu vysíleni smíchem seberete z podlahy, napadne vás, jestli se geniální autor Woody Allen už konečně úplně nezbláznil. (Bonton Home Video);17.01.1997 Miramax Films;muž, láska, žena, rodina, dívka, otec, děti, matka, rodiče, manželé, město, dcera, touha, syn, sourozenci, peníze, žárlivost, sestry, New York, Francie, černý humor, chamtivost, Paříž, rozvod, Itálie, závist, Benátky;Woody Allen;Edward Norton, Drew Barrymore, Natasha Lyonne, Alan Alda, Gaby Hoffmann, Natalie Portman, Lukas Haas, Goldie Hawn, Julia Roberts, Woody Allen;https://apps.apple.com/cz/app/id6755365206<br>https://play.google.com/store/apps/details?id=cz.csfd.csfdroid<br>;European Film Awards (1x)<br>César Awards (1x)<br>Golden Globes (1x)<br>;;
151945;Jak to chodí v opeře;1957;76.09375;7.0;https://image.pmgstatic.com/cache/resized/w420/files/images/film/posters/166/633/166633197_b2c565.jpg;https://www.csfd.cz/film/151945-jak-to-chodi-v-opere/;USA;Animovaný / Rodinný / Muzikál / Komedie / Krátkometrážní;What's Opera, Doc?;Elmer Fudd je opět na lovu králíků, tentokrát jako operní pěvec v divadelním představení. Jeden dramatický moment střídá druhý a Bugs musí unikat nejen před Elmerem, ale samotnými přírodními živly. (HellFire);;králík Bugs, Elmer Fudd;Chuck Jones;Mel Blanc;https://apps.apple.com/cz/app/id6755365206<br>https://play.google.com/store/apps/details?id=cz.csfd.csfdroid<br>;;;
33901;Petr Pan;1953;72.92028985507247;76.0;https://image.pmgstatic.com/cache/resized/w420/files/images/film/posters/159/611/159611404_e69b90.jpg;https://www.csfd.cz/film/33901-petr-pan/;USA;Animovaný / Rodinný / Muzikál / Fantasy;Peter Pan;Příběh, který ve vašich srdcích zůstane navždy! Při sledování Disneyho originální klasické pohádky Petr Pan se i vy ve svých představách vznesete. Tento film vás totiž přesvědčí, že při troše dobré vůle je možné úplně všechno. Příběh plný nápadů, dobrodružství, nezapomenutelných postav, hudby a létacího prášku dosahuje nevídaných výšin! Wendy a její bráškové znají Petra Pana z příběhů v knížce, když je ale jednou vezme s sebou do kouzelného světa Země Nezemě, čeká je báječné dobrodružství. Letí s větrem o závod za Petrem a jeho kamarádkou vílou Zvonilkou, objevují ostrov a tajnou skrýš Petrovy tlupy Ztracených chlapců a svádějí vzdušné bitvy s divokými piráty vedenými nechvalně proslulým kapitánem Hookem!;05.02.1953 RKO Radio Pictures;děti, souboje, moře, ostrov, lodě, kouzla, indiáni, piráti, statečnost, víly;Hamilton Luske, Wilfred Jackson, Clyde Geronimi;Bobby Driscoll, Heather Angel, June Foray, Tom Conway, Hans Conried, Bill Thompson, Robert Ellis, Carol Coombs, Lucille Bliss, Kathryn Beaumont;/tvurce/3426-walt-disney/prehled/<br>https://srv.tunefindforfans.com/showads/track/srvclk.php?aid=100006796&lp=https://www.disneyplus.com/en-cz/browse/entity-92d66793-7198-45de-bfb6-84915256d855<br>https://srv.clickfuse.com/ads/adclkr.php?id=100006636&url=https://tv.apple.com/cz/movie/peter-pan/umc.cmc.6hxeen2bwkehiwgwprcaxgf7l<br>https://srv.tunefindforfans.com/showads/track/srvclk.php?aid=100006796&lp=https://www.disneyplus.com/en-cz/browse/entity-92d66793-7198-45de-bfb6-84915256d855<br>https://srv.clickfuse.com/ads/adclkr.php?id=100006636&url=https://tv.apple.com/cz/movie/peter-pan/umc.cmc.6hxeen2bwkehiwgwprcaxgf7l<br>https://apps.apple.com/cz/app/id6755365206<br>https://play.google.com/store/apps/details?id=cz.csfd.csfdroid<br>;Cannes Film Festival (1x)<br>;;
403010;Zpívej;2016;72.78944104880858;108.0;https://image.pmgstatic.com/cache/resized/w420/files/images/film/posters/161/329/161329471_546ed6.jpg;https://www.csfd.cz/film/403010-zpivej/;USA / Japonsko;Animovaný / Muzikál / Komedie / Rodinný;Sing;"Podnikavý koalí chlapík jménem Buster Moon má poslední šanci zachránit divadlo, které zdědil po svém otci. Všechno vsadí na jednu kartu, na velkolepou talentovou pěveckou soutěž, jakou svět ještě neviděl. A stejně jako je pestré složení zvířecích soutěžících, je pestrý i jejich repertoár, který se rozpíná od Franka Sinatry po Lady Gaga. Možná by ta Busterova talentová show nebyla tak velkolepá, kdyby se jeho věrná sekretářka slečna Crawlyová (chameleónka s velmi neposednýma očima) nespletla ve výši finanční odměny pro vítěze na letácích, jimiž pak zaplavila město. A tak se v den soutěže před Busterovým divadlem dlouho před jejím zahájením vytvoří dlouhatánský had snílků, kteří věří ve vítězství. Mezi nimi čekají i očividné talenty, jimž ve hvězdné kariéře dosud bránil osud. V případě opičáka Johnnyho má podobu jeho otce, proslulého gangstera, který synův zpěv neuznává, protože banka se s ním vykrást nedá. Rosita je zase tak zaměstnaná řáděním svých malých prasátek, že si může zpívat maximálně v kuchyni u dřezu, a hlasově dokonalá slonice Mína ze sebe před lidmi nedokáže vydat ani hlásek. Jenže když máte sen, měli byste za ním jít, i kdybyste měli při svém snažení na chvíli padnout. Jak říká Buster Moon: „Na tom, že dopadnete na dno, je nejlepší to, že dál už vede cesta jenom nahoru."" (CinemArt)";21.12.2016 Universal Pictures US;zvířata, peníze, zpěv, soutěž, opice, sloni, Wilhelm scream, prasata, myši, koalové;Garth Jennings, Christophe Lourdelet;Matthew McConaughey, Scarlett Johansson, Reese Witherspoon, Taron Egerton, Seth MacFarlane, Peter Serafinowicz, John C. Reilly, Nick Kroll, Jennifer Saunders, Leslie Jones;https://www.skyshowtime.com/cz/stream/movies/zpivej/ebfc1a00-f33f-35ee-811c-37abfa855e4b<br>https://srv.clickfuse.com/ads/adclkr.php?id=100006636&url=https://tv.apple.com/cz/movie/sing/umc.cmc.2x657xfx6d1o26ac79nmp6mr2<br>https://www.youtube.com/watch?v=_sfT-NOCLBE<br>/uzivatel/563267-disney-best/oblibene/<br>https://www.skyshowtime.com/cz/stream/movies/zpivej/ebfc1a00-f33f-35ee-811c-37abfa855e4b<br>https://srv.clickfuse.com/ads/adclkr.php?id=100006636&url=https://tv.apple.com/cz/movie/sing/umc.cmc.2x657xfx6d1o26ac79nmp6mr2<br>https://www.youtube.com/watch?v=_sfT-NOCLBE<br>https://apps.apple.com/cz/app/id6755365206<br>https://play.google.com/store/apps/details?id=cz.csfd.csfdroid<br>;Golden Globes (2x)<br>The Saturn Awards (1x)<br>;;
12830;Správná dívka;1967;75.11627906976744;138.0;https://image.pmgstatic.com/cache/resized/w420/files/images/film/posters/160/830/160830799_722113.jpg;https://www.csfd.cz/film/12830-spravna-divka/;USA;Komedie / Muzikál;Thoroughly Modern Millie;Newyorské noviny dvacátých let minulého století jsou plné zpráv o unesených dívkách, které beze stopy končí na trhu s bílým masem. Co však nikdo neví je, že dívky se ztrácejí z hotelu paní Meersové (Beatrice Lillie). A zrovinka sem se právě přistěhovala slečna Dorothy (Mary Tyler Moore), osiřelá a lehce naivní venkovská dívka, která nechápe, že za taxík se v New Yorku prostě nedá platit šekem, ale ráda by se stala uznávanou herečkou. To Millie (Julie Andrews) z pokoje odnaproti má plán mnohem prostší – hodlá se bohatě provdat, a tak si oproti zvyklostem nehledá zaměstnání, ale pohledného a hlavně svobodného šéfa.Bláznivé dobrodružství obou dívek právě začíná. (dopitak);21.03.1967 Universal Pictures US;20. století, období 1920-1930;George Roy Hill;Julie Andrews, James Fox, Mary Tyler Moore, Carol Channing, John Gavin, Jack Soo, Pat Morita, Philip Ahn, Mae Clarke, Anthony Dexter;https://apps.apple.com/cz/app/id6755365206<br>https://play.google.com/store/apps/details?id=cz.csfd.csfdroid<br>;Academy Awards (6x)<br>Golden Globes (4x)<br>;Academy Awards (1x)<br>Golden Globes (1x)<br>;
118118;Rockshow;1980;86.89655172413794;105.0;https://image.pmgstatic.com/cache/resized/w420/files/images/film/posters/167/342/167342734_a64c03.jpg;https://www.csfd.cz/film/118118-rockshow/;Velká Británie;Dokumentární / Muzikál;;Svetové turné Paula McCartneyho so skupinou Wings, ktoré začalo v júni 1976, obsahovalo koncerty v 10 štátoch pre viac ako 2 milióny fanúšikov. Okrem koncertného záznamu vznikol aj trojalbum s názvom Wings Over America.Repertoár:1. Venus and Mars 2. Rockshow 3. Jet 4. Let me roll it 5. Spirits of Ancient Egypt 6. Medicine Jar 7. Maybe I´m amazed 8. Live and Let die 9. Bluebird 10. I´ve just seen a face 11. Yesterday 12. You gave me the answear 13. Magneto and Titanium Man 14. Go Now 15. Listen to what the man said 16. Let em in 17. Time to hide 18. Silly Love Songs 19. Beware my Love 20. Letting go 21. Band on the run 22. Hi Hi Hi 23. Soily (kosticka7);;;;Paul McCartney, Denny Laine, Linda McCartney;https://apps.apple.com/cz/app/id6755365206<br>https://play.google.com/store/apps/details?id=cz.csfd.csfdroid<br>;;;
15556;Oliver!;1968;73.54988399071925;153.0;https://image.pmgstatic.com/cache/resized/w420/files/images/film/posters/166/932/166932151_cc6310.jpg;https://www.csfd.cz/film/15556-oliver/;Velká Británie;Muzikál / Krimi / Drama / Rodinný;Oliver!;Nesmrtelný příběh chlapce, který měl odvahu chtít od života víc. Britská muzikálová adaptace slavného Dickensova románu Oliver Twist, oceněná šesti Oscary. Klasický román anglického spisovatele Charlese Dickense Oliver Twist, vyprávějící příběh malého sirotka, který navzdory tomu, že v životě nepoznal nic než hlad a kruté zacházení, nikdy neztratil víru v lidskou dobrotu a po mnoha ústrcích se dočkal lepšího života, asi netřeba blíže představovat. A je také pochopitelné, čím tento košatý příběh plný emocí a dramatických zvratů přitahoval filmaře. Vždyť svého prvního filmového zpracování se dočkal již v roce 1909 v době němého filmu a od té doby byl zfilmován ještě mnohokrát, naposledy v roce 2005 Romanem Polanskim.Výpravný snímek uznávaného britského režiséra Carola Reeda z roku 1968 je velkorysou filmovou adaptací úspěšného muzikálu z pera hudebního skladatele a autora libreta Lionela Barta, který měl premiéru v londýnském West Endu v červnu 1960, po níž následovalo neméně úspěšné uvedení na newyorské Broadwayi. Z hereckého obsazení je kromě prakticky neznámých dětských představitelů Marka Lestera (Oliver) a Jacka Wilda (Lišák Ferina) potřeba vyzdvihnout zejména Rona Moodyho v roli Fagina a mladého Olivera Reeda coby nebezpečného zlosyna Billa Sikese. Snímek Oliver!, který dnes patří k filmové klasice, posbíral řadu cen – vedle prestižních Zlatých glóbů především pětici Oscarů v pravidelně udělovaných kategoriích (nejlepší film, režie, hudba, zvuk, výprava) a jednoho mimořádně uděleného Oscara za vynikající choreografii pro Onnu Whiteovou. (Česká televize);;podle knihy, muž, žena, rodina, přátelství, přátelé, dívka, tajemství, děti, strach, mládež, město, záhady, chlapec, oběť (autonehody/zločinu), pomsta, manipulace, lež, intriky, zločin, podvod, kamarádi, bolest, kriminalita, smutek, 19. století, nenávist, krádež, zloděj, loupež, nespravedlnost, krutost, nebezpečí, chudoba, vydírání, chladnokrevnost, Londýn, sirotek, odplata, vztek, vyhrožování, Velká Británie, Anglie, podvodníci, ulice, viktoriánská Anglie, sirotčinec, lidská společnost, vykořisťování, pouliční gang;Carol Reed;Ron Moody, Mark Lester, Oliver Reed, Shani Wallis, Jack Wild, Harry Secombe, Hugh Griffith, Kenneth Cranham, Jack Haig, Joseph O'Conor;https://srv.clickfuse.com/ads/adclkr.php?id=100006636&url=https://tv.apple.com/cz/movie/oliver/umc.cmc.25kr1pr38osipt76ycjg5576l<br>https://www.youtube.com/watch?v=e0_p52_0KMo<br>http://www.ceskatelevize.cz<br>http://www.ceskatelevize.cz<br>https://srv.clickfuse.com/ads/adclkr.php?id=100006636&url=https://tv.apple.com/cz/movie/oliver/umc.cmc.25kr1pr38osipt76ycjg5576l<br>https://www.youtube.com/watch?v=e0_p52_0KMo<br>https://apps.apple.com/cz/app/id6755365206<br>https://play.google.com/store/apps/details?id=cz.csfd.csfdroid<br>;Academy Awards (6x)<br>British Academy of Film and Television Arts (BAFTA) (8x)<br>Golden Globes (3x)<br>New York Film Critics Circle Awards (2x)<br>;Academy Awards (6x)<br>Golden Globes (1x)<br>;Charles Dickens
102225;Veronika;1972;73.84146341463415;90.0;https://image.pmgstatic.com/cache/resized/w420/files/images/film/posters/000/074/74847_9cb945.jpg;https://www.csfd.cz/film/102225-veronika/;Rumunsko;Muzikál / Rodinný;Veronika;"Roztomilý dětský film poplatný době především kvalitou výpravy. Holčička Veronika žijící v dětském domově dostane k narozeninám od víly kouzelný raneček, který jí splní každé přání. Ve chvíli, kdy se o něj nechce rozdělit s kamarády, o raneček přichází a musí si ho v pohádkovém světě (Svatojánek, Liška, Myšák, Havran...) vysloužit zpět. Film je milý především díky písničkám a kvalitnímu českému dabingu (J. Zíma, N. Urbánková...). Pro řadu pamětníků ""pohádka mládí"". (ilonaho)";;narozeniny;Elisabeta Bostan;Lulu Mihaescu, Cornel Patrichi, Margareta Pîslaru, George Mihaita, Manuela Harabor, Vasilica Tastaman, Dem Radulescu;https://apps.apple.com/cz/app/id6755365206<br>https://play.google.com/store/apps/details?id=cz.csfd.csfdroid<br>;;;
1641919;Zpěváci;2025;74.97005988023952;17.0;https://image.pmgstatic.com/cache/resized/w420/files/images/film/posters/171/001/171001125_xpoffb.jpg;https://www.csfd.cz/film/1641919-zpevaci/;USA;Krátkometrážní / Komedie / Drama / Muzikál;The Singers;Krátký film nominovaný na cenu Oscar®, ve kterém se osamělí návštěvníci zapadlého baru nečekaně sblíží při spontánní soutěži ve zpěvu. (Netflix);;;Sam A. Davis;Robert Broski, Michael Keyes, Michael Young, Chris Smither, Will Harrington, Judah Kelly, Matt Corcoran, Brian Coover, Steve Corning, Jim Donnelly;https://www.netflix.com/title/82699221<br>https://www.netflix.com/<br>https://www.netflix.com/title/82699221<br>https://apps.apple.com/cz/app/id6755365206<br>https://play.google.com/store/apps/details?id=cz.csfd.csfdroid<br>;Academy Awards (1x)<br>;;Ivan Sergejevič Turgeněv
224968;Ru guo - Ai;2005;76.92307692307692;107.0;https://image.pmgstatic.com/cache/resized/w420/files/images/film/posters/162/690/162690190_db8d4f.jpg;https://www.csfd.cz/film/224968-ru-guo-ai/;Čína / Malajsie / Hongkong;Drama / Muzikál / Romantický;如果愛;Film, často srovnávaný s MOULIN ROUGE!. Muzikál napsaný Oi Wah Lamem a Raymondem To, pod choreografií je podepsána Farah Khan. Celý projekt sponzorovala Astro Shaw a TVB. Tento film je prvním muzikálem v Číně za posledních čtyřicet let. (gruvacek);;;Peter Chan;Takeši Kaneširo, Xun Zhou, Jacky Cheung, Jin-hee Ji, Eric Tsang, Sandra Ng, Sai-tang Chan, Zimo Yang, Tung-Man Chan;https://apps.apple.com/cz/app/id6755365206<br>https://play.google.com/store/apps/details?id=cz.csfd.csfdroid<br>;Hong Kong Film Awards (5x)<br>;Hong Kong Film Awards (6x)<br>;
33984;Legrační tučňáci;1934;79.01639344262296;6.0;https://image.pmgstatic.com/cache/resized/w420/files/images/film/posters/000/021/21206_c74a15.jpg;https://www.csfd.cz/film/33984-legracni-tucnaci/;USA;Animovaný / Krátkometrážní / Rodinný / Komedie / Muzikál;Podivní tučňáci;;;tučňáci;Wilfred Jackson;;https://apps.apple.com/cz/app/id6755365206<br>https://play.google.com/store/apps/details?id=cz.csfd.csfdroid<br>;;;
34103;Aristokočky;1970;72.72980501392757;78.0;https://image.pmgstatic.com/cache/resized/w420/files/images/film/posters/158/231/158231626_903686.jpg;https://www.csfd.cz/film/34103-aristokocky/;USA;Animovaný / Rodinný / Muzikál / Romantický;Aristokrati - Aristokočky;V době, kdy slavná Eiffelovka byla ještě mladá, žila v Paříži jistá excentrická milionářka a ta měla čtyři kočky: Dámu a její koťata Berlioze, Toulouse a Marii. Nebyly to kočky ledajaké - Dáma měla fantastický rodokmen a Berlioz, Toulouse i Marie byli ohromně umělecky nadaní - zkrátka pravé aristokočky! Není divu, že se jim paní milionářka rozhodla odkázat veškeré své jmění. S tím se ovšem nedokázal smířit sluha Edgar a začal vymýšlet ďábelský plán, jak se Aristokoček zbavit. Ještěže se v pravou chvíli objevil statečný kocour O'Malley, který přišel aristokočkám na pomoc a ukázal, co je to být aristokočka ducha!;24.12.1970 Buena Vista Pictures US;žena, rodina, přátelství, přátelé, děti, matka, dcera, syn, zvířata, intriky, Francie, zpěv, chamtivost, Paříž, dědictví, kočky, sluha, myši;Wolfgang Reitherman;Phil Harris, Eva Gabor, Sterling Holloway, Scatman Crothers, Vito Scotti, Nancy Kulp, Hermione Baddeley, Bill Thompson, Pat Buttram, Charles Lane;https://srv.tunefindforfans.com/showads/track/srvclk.php?aid=100006796&lp=https://www.disneyplus.com/en-cz/browse/entity-ddf5fd68-acd7-47ae-8632-22aa3b6a4ba8<br>https://srv.clickfuse.com/ads/adclkr.php?id=100006636&url=https://tv.apple.com/cz/movie/the-aristocats/umc.cmc.3nlkltnjijzvaos99xv2r27yd<br>https://www.csfd.cz/tvurce/3426-walt-disney/<br>https://srv.tunefindforfans.com/showads/track/srvclk.php?aid=100006796&lp=https://www.disneyplus.com/en-cz/browse/entity-ddf5fd68-acd7-47ae-8632-22aa3b6a4ba8<br>https://srv.clickfuse.com/ads/adclkr.php?id=100006636&url=https://tv.apple.com/cz/movie/the-aristocats/umc.cmc.3nlkltnjijzvaos99xv2r27yd<br>https://apps.apple.com/cz/app/id6755365206<br>https://play.google.com/store/apps/details?id=cz.csfd.csfdroid<br>;;;
83041;Kanibal! Muzikál;1993;72.93081761006289;95.0;https://image.pmgstatic.com/cache/resized/w420/files/images/film/posters/164/812/164812778_25c581.jpg;https://www.csfd.cz/film/83041-kanibal-muzikal/;USA;Komedie / Horor / Western / Dobrodružný / Muzikál;Cannibal! The Musical;Hororová brutalita v líbezném muzikálovém provedení. Takový dokonalý mix dokáží jedině tvůrci legendárního seriálu South Park. Zavraždění a snědení svých společníků – taková jsou obvinění proti Alferdu Packerovi, sympatickém průvodci skupinky zlatokopů. Jaký je ale jeho opravdový příběh? Proč například více než ženy miluje svého koně? A proč indiáni vypadají jako Japonci? Na tyto a další zásadní otázky, jež trápí lidstvo odnepaměti, vám odpoví brutálně komediální muzikál společnosti Troma, který je vůbec první celovečerní spoluprácí legendární autorské dvojice Trey Parker a Matt Stone. (Řitka video);Na DVD od 01.01.2008 Řitka video;smrt, vražda, putování, podle skutečného příběhu, divočina, 19. století, žárlivost, soud, hory, novináři, zpěv, černý humor, sníh, zima, koně, indiáni, řeka, soudce, poprava, trest smrti, kanibalismus, období 1870-1880, zlatokopové, kanibalové, mráz, Colorado, sněhulák;Trey Parker;Trey Parker, Dian Bachar, Stan Brakhage, Matt Stone, Jerry Aronson, Toddy Walters, Jon Hegel, Jason McHugh, Robert Muratore, Chris Graves;https://apps.apple.com/cz/app/id6755365206<br>https://play.google.com/store/apps/details?id=cz.csfd.csfdroid<br>;;;
33973;Mickey's Grand Opera;1936;78.46153846153847;8.0;https://image.pmgstatic.com/cache/resized/w420/files/images/film/posters/161/675/161675874_d23706.jpg;https://www.csfd.cz/film/33973-mickey-s-grand-opera/;USA;Animovaný / Krátkometrážní / Rodinný / Komedie / Muzikál;;V tomto díle se z Mickeyho stává vážený dirigent, který má na povel celý orchestr, kačer Donald si tu zazpívá operu se známou slepičí pěvkyní a Pluto vede jako vždy soukromou válku - tentokrát s kouzelnickým kloboukem. (Estrellita);;kačer Donald, myšák Mickey, pes Pluto;Wilfred Jackson;Walt Disney, Clarence Nash;/tvurce/3426-walt-disney/prehled/<br>https://www.youtube.com/watch?v=72VJWcNryuQ<br>https://apps.apple.com/cz/app/id6755365206<br>https://play.google.com/store/apps/details?id=cz.csfd.csfdroid<br>;;;
1395265;Cesta do Betléma;2023;76.07476635514018;98.0;https://image.pmgstatic.com/cache/resized/w420/files/images/film/posters/169/274/169274626_cqy2zw.jpg;https://www.csfd.cz/film/1395265-cesta-do-betlema/;USA;Muzikál / Drama;Journey to Bethlehem;Toto hudební dobrodružství, v němž se prolínají popové písně s humorem a starými vánočními klasikami, vypráví nadčasový příběh Marie, Josefa a narození Ježíška. (HBO Max);10.11.2023 Sony Pictures;putování, těhotenství, král, princ, porod, Bible, Palestina, Ježíš;Adam Anders;Fiona Palomo, Milo Manheim, Antonio Banderas, Joel Smallbone, Rizwan Manji, Geno Segers, Omid Djalili, Lecrae, Mōriah, Stephanie Gil;https://www.netflix.com/title/81751643<br>https://srv.clickfuse.com/ads/adclkr.php?id=100006636&url=https://tv.apple.com/cz/movie/journey-to-bethlehem/umc.cmc.qo35g9yio62yv06tjdic6n9f<br>https://www.youtube.com/watch?v=fmkoOxhI4AE<br>https://www.hbomax.com<br>https://www.netflix.com/title/81751643<br>https://srv.clickfuse.com/ads/adclkr.php?id=100006636&url=https://tv.apple.com/cz/movie/journey-to-bethlehem/umc.cmc.qo35g9yio62yv06tjdic6n9f<br>https://www.youtube.com/watch?v=fmkoOxhI4AE<br>https://apps.apple.com/cz/app/id6755365206<br>https://play.google.com/store/apps/details?id=cz.csfd.csfdroid<br>;;;
80544;Koniny;1932;75.52;68.0;https://image.pmgstatic.com/cache/resized/w420/files/images/film/posters/160/291/160291196_b186e5.jpg;https://www.csfd.cz/film/80544-koniny/;USA;Komedie / Muzikál / Romantický;Horse Feathers;Rozvrátit chod univerzity? Postavit sportovní pravidla na hlavu? Pro bratry Marxe je to otázka minut. Novým prezidentem renomované Huxleyho univerzity se stane profesor Quincy Adams Wagstaff (Groucho Marx). Už jeho nástupní projev dá tušit, že na prestižní akademické půdě se ujímá vlády naprostá anarchie. Wagstaffův syn Frank a zároveň zdejší student (v podání Grouchova mladšího bratra Zeppa), přesvědčí otce, že důležitější než studijní výsledky je kvalitní školní fotbalový tým. Je totiž třeba porazit mužstvo konkurenční Darwinovy školy. Profesor Wagstaff proto zkusí najmout dva profesionální fotbalisty. Naneštěstí padne jeho volba na dvojici potrhlých kamarádů Baravelliho a Pinkyho (Chico a Harpo Marxové), kteří fotbal nikdy nehráli, zatímco konkurenční tým posílí dva opravdoví sportovci. Jenže čtveřice svérázných spojenců zdaleka neřekla poslední slovo... V další ze ztřeštěných komedií bratrů Marxových zazní vedle smrště slovních a situačních gagů opět i řada písní. Mezi nimi i Everyone Says I Love You, podle které pojmenoval Woody Allen jeden ze svých filmů. (Česká televize);19.08.1932 Paramount Pictures;muž, černobílý film, rodina, otec, rodiče, syn, škola, sourozenci, bratři, studenti, satira, vysoká škola, záměna identit, americký fotbal, bratři Marxové;Norman Z. McLeod;Groucho Marx, Harpo Marx, Chico Marx, Zeppo Marx, Thelma Todd, Vince Barnett, Sheila Bromley, Florine McKinney, Nat Pendleton, Bobby Barber;http://www.ceskatelevize.cz<br>http://www.ceskatelevize.cz<br>https://apps.apple.com/cz/app/id6755365206<br>https://play.google.com/store/apps/details?id=cz.csfd.csfdroid<br>;The Saturn Awards (2x)<br>;;
95096;Cindy;1984;72.54079254079254;111.0;https://image.pmgstatic.com/cache/resized/w420/files/images/film/posters/000/031/31633_2a764c.jpg;https://www.csfd.cz/film/95096-cindy/;Itálie / Francie;Muzikál / Drama / Romantický / Fantasy;Cindy 80;"Cindy je mladá dívka z Brooklynu. Jejím otcem je italský emigrant a její nevlastní matka využije každé příležitosti, aby Cindy připomněla, že byla počata z hříchu svého otce s jistou lehkou dívkou. Samozřejmě nesmí chybět dvě rozkošné nevlastní sestry. Rodina se přestěhuje do Říma a nevlastní matka Muriel doufá, že se jí s dceruškami podaří proniknout mezi vrstvu římské aristokracie. Ironii osudu, tak jako v pohádce ""O Popelce"" je to Cindy, kdo potká, aniž by to tušila, pravého prince Mizia. Jeho rodiče samozřejmě jejich lásce nepřejí, ale na konec, tak jako v pohádce, všechno dobře dopadne a Mizio a Cindy mohou být spolu jako Popelka a její krásný princ. (MULTIVIDEO)";Na DVD od 21.05.2009 Europe Prod.;láska, New York, zpěv, zpěvačka, Řím;Roberto Malenotti;Bonnie Bianco, Pierre Cosso, Sandra Milo, Adolfo Celi, Sylva Koscina, Vittorio Caprioli, Edy Angelillo, Roberto Posse, Franco Angrisano, Paolo Baroni;https://apps.apple.com/cz/app/id6755365206<br>https://play.google.com/store/apps/details?id=cz.csfd.csfdroid<br>;;;
23025;Broadway Melodie 1940;1940;78.2089552238806;102.0;https://image.pmgstatic.com/cache/resized/w420/files/images/film/posters/161/106/161106814_49c4eb.jpg;https://www.csfd.cz/film/23025-broadway-melodie-1940/;USA;Muzikál / Romantický;Broadway Melody of 1940;Ginger a Fred jsou už jen vzpomínkou, ve třetí Broadway Melodii se tanečnické a stepařské duo jmenuje Eleanor a Fred. A Eleanor Powellová zůstává i po 76 letech taneční a stepařskou senzací prvého řádu! (NFA);09.02.1940 Metro-Goldwyn-Mayer (MGM);černobílý film, New York, tanec;Norman Taurog;Fred Astaire, Eleanor Powell, George Murphy, Frank Morgan, Ian Hunter, Florence Rice, Lynne Carver, Herman Bing, Bess Flowers, Irving Bacon;https://apps.apple.com/cz/app/id6755365206<br>https://play.google.com/store/apps/details?id=cz.csfd.csfdroid<br>;;;
71407;Stará známá písnička;1997;74.16267942583733;120.0;https://image.pmgstatic.com/cache/resized/w420/files/images/film/posters/170/393/170393577_41do66.jpg;https://www.csfd.cz/film/71407-stara-znama-pisnicka/;Francie / Švýcarsko / Velká Británie / Itálie;Komedie / Drama / Muzikál / Romantický;On connaît la chanson;Každý zná tu písničku, která je plná malicherných hádek, omluv, malých či větších lží, kde se kdokoliv náhle zamiluje, kde se opouští a odpouští a znovu schází. A to vše v bravurní hříčce protkané, nebo chcete-li vyprávěné, prostřednictvím šansonů například Aznavoura, Bécauda, Edith Piaf či Johnnyho Hallidaye. Natočil ji s nebývalou lehkostí pětasedmdesátiletý nestor francouzské kinematografie Alain Resnais a byl za ni také patřičně oceněn. Na 48. Mezinárodním filmovém festivalu v Berlíně 1998 mu byl při příležitosti uvedení snímku Stará známá písnička udělen Stříbrný medvěd za vynikající přínos současnému filmovému umění a na domácí půdě ve Francii získal film celkem devět Césarů, mezi nimiž i toho za nejlepší francouzský film roku.;12.11.1997 Pathé Films;;Alain Resnais;Pierre Arditi, Sabine Azéma, Jean-Pierre Bacri, André Dussollier, Agnès Jaoui, Lambert Wilson, Jane Birkin, Jean-Paul Roussillon, Jean-Pierre Darroussin, Françoise Bertin;https://apps.apple.com/cz/app/id6755365206<br>https://play.google.com/store/apps/details?id=cz.csfd.csfdroid<br>;European Film Awards (1x)<br>César Awards (5x)<br>Berlinale (Berlin International Film Festival) (1x)<br>;César Awards (7x)<br>Berlinale (Berlin International Film Festival) (1x)<br>;
236122;Aaja Nachle;2007;76.0;142.0;https://image.pmgstatic.com/cache/resized/w420/files/images/film/posters/000/070/70652_796f1b.jpg;https://www.csfd.cz/film/236122-aaja-nachle/;Indie;Drama / Muzikál;आजा नचले;Před 11 lety Dia opustila svou rodinu i zemi a utekla s americkým fotografem. Nyní je z ní úspěšná newyorská choreografka, která se vrací do rodného města společně se svou dcerou Radhou, protože její učitel tance umírá. Bohužel dorazí pozdě, ale je rozhodnuta udělat cokoli, aby zachránila Ajantu, místo, které bylo vždy spjato s kulturními akcemi města a kde se učila tančit, před demolicí a následnou výstavbou obchodního centra. (andiek05);;město, herci, divadelní prostředí, sázka, starosta;Anil Mehta;Madhuri Dixit, Darshan Jariwala, Raghuvir Yadav, Divya Dutta, Akshaye Khanna, Irrfan Khan, Konkona Sen Sharma, Kunal Kapoor, Akhilendra Mishra, Ranvir Shorey;https://www.netflix.com/title/70077538<br>https://srv.clickfuse.com/ads/adclkr.php?id=100006636&url=https://tv.apple.com/cz/movie/aaja-nachle/umc.cmc.pu5opzqrfua5sa3wafc195d2<br>https://www.netflix.com/title/70077538<br>https://srv.clickfuse.com/ads/adclkr.php?id=100006636&url=https://tv.apple.com/cz/movie/aaja-nachle/umc.cmc.pu5opzqrfua5sa3wafc195d2<br>https://apps.apple.com/cz/app/id6755365206<br>https://play.google.com/store/apps/details?id=cz.csfd.csfdroid<br>;Filmfare Awards (2x)<br>;;
310754;Eega;2012;72.95719844357977;134.0;https://image.pmgstatic.com/cache/resized/w420/files/images/film/posters/036/679/36679119_e985ce.jpg;https://www.csfd.cz/film/310754-eega/;Indie;Komedie / Drama / Fantasy / Akční / Sci-Fi / Muzikál;Naan Ee;Po tom, čo ho sok v láske chladnokrvne zavraždí, vracia sa mladík Nani späť na svet ako reinkarnácia muchy. Jeho cieľom je uskutočniť krvavú pomstu. (sochoking);;láska, vražda, pomsta, žárlivost, reinkarnace;S.S. Rajamouli;Samantha Ruth Prabhu, Kiccha Sudeepa, Nani, Srinivasa Reddy, Devadarshini Chetan, Thagubothu Ramesh, Santhanam, Crazy Mohan, Adithya Menon, Dhanraj Sukhram;https://apps.apple.com/cz/app/id6755365206<br>https://play.google.com/store/apps/details?id=cz.csfd.csfdroid<br>;;;
224085;Králové ro(c)ku;2006;72.22429707090647;94.0;https://image.pmgstatic.com/cache/resized/w420/files/images/film/posters/164/948/164948212_14eea4.jpg;https://www.csfd.cz/film/224085-kralove-ro-c-ku/;USA / Německo;Komedie / Hudební / Muzikál;Tenacious D in the Pick of Destiny;"Staňte se svědky zrození Králů ro(c)ku, nejúžasnější – a nejpraštěnější – rockové skupiny ""ve filmu, jehož osudem je stát se nejslavnějším hudebním počinem od This is Spinal Tap ” (Pete Hammond, Maxim). Uvidíte spoustu filmových i rockových hvězd a určitě budete na konci prosit o přídavek. Onoho osudného dne se ve Venice Beach setkali JB (Jack Black) a KG (Kyle Gass) a uvědomili si, že spojením svých geniálních talentů se zapíší do historie. Když se okamžitý úspěch záhadně nedostaví, rozhodnou se ukrást legendární ""Trsátko osudu”, které udělá rockovou legendu i z toho nejhoršího brnkala. Jejich výprava, střety se zákonem, ženami i sněžným mužem ""vás rozesmějí tak, až vás bude všechno bolet"" (Guy Farris, KXTV-TV, ABC).";22.11.2006 New Line Cinema;přátelství, přátelé, násilí, strach, město, touha, ženy, peníze, hudba, sex, sny, drogy, zločin, zrada, boj o přežití, souboje, vášeň, kamarádi, sláva, nenávist, dilema, krádež, zloděj, loupež, žárlivost, hudebník, rvačka, zpěv, muzikant, hudební skladatel, kapela, bar, rock, závist, legenda, zpěvák, Kalifornie, Los Angeles, odpuštění, noční klub, mytologie, metal, spolubydlící, prokletí, muzeum, vloupání, Ďábel, rock 'n' roll, kletba, marihuana, osud, spolubydlení, kytara, artefakt, proroctví, bicí, elektrická kytara, hard rock, Satan;Liam Lynch;Jack Black, Kyle Gass, JR Reed, Tim Robbins, Ben Stiller, Paul F. Tompkins, Colin Hanks, David Krumholtz, David Koechner, Meat Loaf;/tvurce/1929-christina-applegate/prehled/<br>https://apps.apple.com/cz/app/id6755365206<br>https://play.google.com/store/apps/details?id=cz.csfd.csfdroid<br>;;;
216032;Bohatýr Aljoša;2004;73.01052631578948;79.0;https://image.pmgstatic.com/cache/resized/w420/files/images/film/posters/159/157/159157775_91b421.jpg;https://www.csfd.cz/film/216032-bohatyr-aljosa/;Rusko;Animovaný / Komedie / Muzikál / Romantický;Aljoša Popovič a Tugarin Změj;Dávno, dávno již tomu, co před ruské město Rostov přitáhla obávaná Tugarinova armáda. Nemilosrdný vojevůdce požadoval, aby mu město vydalo své zlato, nebo pozná jeho hněv. Jeden kněz v Rostově však měl syna jménem Aljoša. Nebyl sice z nejchytřejších, ale určitě to byl nejstatečnější junák ve městě. Aljoša věděl, že je čas zastavit Tugarinovu krutovládu, a tak shromáždil celé město a přednesl jim svůj plán: Rostované schovají své zlato do jeskyně nad městem, nalákají Tatary dovnitř a vchod do jeskyně zatarasí velikým balvanem. Celé město Aljošu nadšeně oslavovalo jako svého hrdinu. Všechno šlo jako na drátkách, avšak veliký balvan se skutálel dolů z hory a poničil celé město, zatímco Tugarin a jeho armáda utekli i se zlatem. Rostované chtěli nebohého Aljošu zabít. Zahanbený Aljoša přísahal, že získá zpátky zlato i svou dobrou pověst. Ve společnosti svého oddaného strýce, překrásné snoubenky, její protivné babičky, odevzdaného oslíka a nesmírně sečtělého a upovídaného koně překoná Aljoša rozbouřenou řeku, zakoktá se ve společnosti obstarožního bohatýra, spadne do hluboké, temné jeskyně, zaplete se do zuřivé bitvy, zkrotí lakotného vévodu, utká se se svým úhlavním nepřítelem a vrátí se domů jako legendární bohatýr. A všechno je to pravda. Naprostá. (Česká televize);Na DVD od 07.07.2008 Hollywood Classic Entertainment (H.C.E.);dívka, strach, město, syn, chlapec, putování, únos, vesnice, souboje, les, krádež, koně, bojová umění, babička, středověk, bitva, děda, řeka, zlato, jeskyně, strom, osli, bohatýři;Konstantin Bronzit;Konstantin Bronzit, Sergej Makoveckij, Dmitrij Vysockij, Dmitrij Vysockij;http://www.ceskatelevize.cz<br>http://www.ceskatelevize.cz<br>https://apps.apple.com/cz/app/id6755365206<br>https://play.google.com/store/apps/details?id=cz.csfd.csfdroid<br>;;;
159690;Ze srdce...;1998;74.77611940298507;163.0;https://image.pmgstatic.com/cache/resized/w420/files/images/film/posters/000/040/40036_229978.jpg;https://www.csfd.cz/film/159690-ze-srdce/;Indie;Drama / Romantický / Muzikál / Thriller;Dil Se..;Amar, reportér celostátního rádia, jede do nebezpečného regionu natáčet rozhovor se separatisty a tamními obyvateli. Na jednom nádraží se však jeho cesty osudově zkříží s jednou tajemnou a záhadnou dívkou. (berg.12);;;Mani Ratnam;Shahrukh Khan, Manisha Koirala, Preity Zinta, Raghuvir Yadav, Sabyasachi Chakraborty, Piyush Mishra, Sanjay Mishra, Mita Vashisht, Malaika Arora, Zohra Sehgal;https://www.netflix.com/title/17671454<br>https://srv.clickfuse.com/ads/adclkr.php?id=100006636&url=https://tv.apple.com/cz/movie/dil-se/umc.cmc.1mnfjmkeaihftl0y7yud4bqfn<br>https://www.netflix.com/title/17671454<br>https://srv.clickfuse.com/ads/adclkr.php?id=100006636&url=https://tv.apple.com/cz/movie/dil-se/umc.cmc.1mnfjmkeaihftl0y7yud4bqfn<br>https://apps.apple.com/cz/app/id6755365206<br>https://play.google.com/store/apps/details?id=cz.csfd.csfdroid<br>;Filmfare Awards (4x)<br>;Filmfare Awards (6x)<br>;
80542;Kokosové ořechy;1929;73.97849462365592;96.0;https://image.pmgstatic.com/cache/resized/w420/files/images/film/posters/158/181/158181918_eadfbb.jpg;https://www.csfd.cz/film/80542-kokosove-orechy/;USA;Komedie / Muzikál;The Cocoanuts;"V prvním filmu bratří Marxů představuje Groucho majitele hotelu, který se snaží obrat o peníze úplně každého: od nevinných poslíčků až po zazobané matróny jako je paní Potterová (Margaret Daumont). Chico a Harpo se zde zase objevují jako hoteloví švindlíři, které Groucho okamžitě odhalí, když se jim otevřou poloprázdné kufry. ""Až odsud budeme odjíždět, budou plné,"" ujistí ho Chico. Když paní Potterová s hrůzou zjistí, že jí zmizely všechny šperky, Chico s Harpem nejenže pomohou k úniku neprávem obviněného hotelového zaměstnance Boba Adamse (Oscar Shaw), ale také naleznou ztracené šperky, chytí do pasti pravé viníky a ještě stačí dát dohromady Boba s jeho láskou Polly Pottersovou (Mary Eaton). Tato ztřeštěná komedie, doplněná hudbou a texty Irvinga Berlina, obsahuje ty nejparádnější kousky bratrů Marxových, včetně Grouchovy aukce pozemků, bláznivě legračního rozhovoru o viaduktu a zásnubní party Polly Pottersové.";03.08.1929 Paramount Pictures;muž, černobílý film, rodina, tajemství, podle divadelní hry, záhady, pátrání, sourozenci, peníze, bratři, moře, krádež, zloděj, loupež, voda, oceán, chamtivost, hotel, pláž, dluhy, pobřeží, karneval, aukce, bratři Marxové;Robert Florey, Joseph Santley;Chico Marx, Harpo Marx, Groucho Marx, Zeppo Marx, Oscar Shaw, Mary Eaton, Margaret Dumont, Barton MacLane, Kay Francis, Basil Ruysdael;https://apps.apple.com/cz/app/id6755365206<br>https://play.google.com/store/apps/details?id=cz.csfd.csfdroid<br>;The Saturn Awards (2x)<br>;;
15049;Dolarová manželství;1964;72.49617151607963;107.0;https://image.pmgstatic.com/cache/resized/w420/files/images/film/posters/160/871/160871431_e76e92.jpg;https://www.csfd.cz/film/15049-dolarova-manzelstvi/;USA;Komedie / Romantický / Muzikál;What a Way to Go!;Do kanceláře berního úřadu přijde elegantní dáma a chce věnovat státní kase šek na 211 milionů dolarů. Všichni úředníci to pochopitelně považují za dobrý vtip a tak žena, poté co neuspěje ani u tajemníka státního pokladu, chce k prezidentovi. Místo toho se pochopitelně dostane k psychiatrovi. A tomu vypoví svůj neobyčejný příběh. Jmenuje se Louisa May Fosterová, vyrostla v chudé, ale štastné rodině a sama nikdy po bohatství netoužila. Když ji matka nutila ke sňatku s bohatým Leonardem Crawleyem, dala raději přednost chudému majiteli zanedbaného krámku Edgaru Hopperovi. Zpočátku to bylo prima, ale pak Louisu urazil arogantní Leonard a Edgar se mu rozhodl pomstít jeho vlastními zbraněmi. Pustil se obchodování tak čile, že soka zruinoval. Jenže vzápětí ho ranila mrtvice a Louisa zdědila dva miliony dolarů. V Evropě se pak seznámila s malířem Larry Flintem, jehož obrazy nikdo nekupoval, což mu vůbec nevadilo, protože pohrdal uznáním davu i penězi. Byla z toho pochopitelně svatba a krátký čas štěstí. Jenže pak se jeho obrazy začaly prodávat a navíc jejich cena neustále rostla a s nimi i Larryho bohatství. Netrvalo dlouho a Louisa znovu dědila, tentokrát už čtyři miliony. Cestou zpět do Ameriky Louisa změnila taktiku a provdala se za miliardáře Roda Andersona v domnění, že když už je tak bohatý před svatbou, nebude se po svatbě honit za dalším majetkem. Jenže pak se Rod rozhodl zavrhnout majetek a začít znovu jako prostý farmář. Jenže si jednou při dojení spletl krávu s býkem a Louisa opět dědila. Tentokrát to bylo stopadesát milionů. Nechtěla už o žádném dalším sňatku slyšet, ale pak potkala Pinky Bensona, nejhoršího kabaretního komika pod sluncem. Vdala se za něj, žila s ním na malém hausbótu, a udělala chybu a poradila mu jak obměnit vystoupení. Z Pinkyho se rázem stala hvězda s milinovými honoráři a zanedlouho nebožtík. A tak Louisa zdědila dalších třicet milionů. A nakonec se ke vší smůle dostala místo k prezidentovi k psychiatrovi. Tam ji ovšem čeká poslední překvapení. (TV Nova);13.05.1964 20th Century Fox;muž, láska, žena, smrt, tajemství, manželé, záhady, touha, oběť (autonehody/zločinu), peníze, manipulace, intriky, sny, vášeň, vztahy, mezilidské vztahy, černý humor, manželství, chamtivost, dědictví, bohatství, vdova;J. Lee Thompson;Shirley MacLaine, Paul Newman, Robert Mitchum, Dean Martin, Gene Kelly, Robert Cummings, Dick Van Dyke, Reginald Gardiner, Margaret Dumont, Fifi D'Orsay;https://apps.apple.com/cz/app/id6755365206<br>https://play.google.com/store/apps/details?id=cz.csfd.csfdroid<br>;Academy Awards (2x)<br>British Academy of Film and Television Arts (BAFTA) (1x)<br>;;
1673943;Smutný song;2025;73.23636363636363;131.0;https://image.pmgstatic.com/cache/resized/w420/files/images/film/posters/170/764/170764598_462knt.jpg;https://www.csfd.cz/film/1673943-smutny-song/;USA;Drama / Životopisný / Hudební / Muzikál;Smutný song;Mike Sardina (Hugh Jackman) se živí ztělesňováním mnohonásobně úspěšnějších interpretů a zpíváním jejich písniček na různých zábavných show. Stejným způsobem si snaží vydělávat životem neustále omlacovaná Claire (Kate Hudson). Když se ti dva potkají, je z toho láska jako trám, dosavadním trpkým zkušenostem navzdory. A jelikož jim to navzdory okolnostem začne v osobním životě dost dobře fungovat, rozhodnou se spojit i profesně. Založí kapelu, která hraje výhradně muziku slavného zpěváka Neila Diamonda, jehož „Sweet Caroline“ patří k písničkám z kategorie nesmrtelných. S Diamondovým repertoárem obrážejí štace po celé Americe a brzy se ocitnou na samém pokraji slávy. Jenže štěstěna je mrcha vrtkavá a dobře ví, že nejlíp se k zemi sráží ten, kdo je právě v rozletu. A tihle dva jsou, pokud jde o rány osudu, něco jako hromosvod. Výhodou člověka, který dopadl na dno, je však to, když se při vstávání může o někoho opřít. Jako Mike a Claire. (CinemArt);25.12.2025 Focus Features;muž, láska, žena, touha, cestování, umění, hudba, putování, sny, kolegové, vášeň, vztahy, mezilidské vztahy, sláva, hudebník, zpěv, muzikant, kapela, romance, zpěvačka, koncert, zpěvák, klavírista, pop music, emoce, fanoušci, něha, kytara;Craig Brewer;Hugh Jackman, Kate Hudson, Ella Anderson, Hudson Hensley, King Princess, Michael Imperioli, Fisher Stevens, Jim Belushi, Mustafa Shakir, John Beckwith;https://apps.apple.com/cz/app/id6755365206<br>https://play.google.com/store/apps/details?id=cz.csfd.csfdroid<br>;Academy Awards (1x)<br>British Academy of Film and Television Arts (BAFTA) (1x)<br>Golden Globes (1x)<br>;;
27181;Dvě děvčátka a námořník;1944;83.03030303030303;124.0;https://image.pmgstatic.com/cache/resized/w420/files/images/film/posters/117/161/117161664_5b4138.jpg;https://www.csfd.cz/film/27181-dve-devcatka-a-namornik/;USA;Muzikál / Komedie / Romantický;Two Girls and a Sailor;Hlavní roli zde hrála June Allyson. Je to především revuální - hudební film, ve kterém vystupovaly známé pěvecké a taneční hvězdy amerického filmu. Především známý orchestr trumpetisty Harryho Jamese. Krásné melodie, kvalitně zazpívané spolu s nenáročným dějem. (marťan);27.04.1944 Metro-Goldwyn-Mayer (MGM);;Richard Thorpe;June Allyson, Gloria DeHaven, Van Johnson, Tom Drake, Lena Horne, Henry Stephenson, Henry O'Neill, Ben Blue, Carlos Ramírez, Donald Meek;https://apps.apple.com/cz/app/id6755365206<br>https://play.google.com/store/apps/details?id=cz.csfd.csfdroid<br>;Academy Awards (1x)<br>;;
12366;Newsies;1992;73.45291479820628;121.0;https://image.pmgstatic.com/cache/resized/w420/files/images/film/posters/159/255/159255597_e1ef17.jpg;https://www.csfd.cz/film/12366-newsies/;USA;Rodinný / Muzikál / Drama;;V roce 1899 noviny slavných newyorských vydavatelů roznáší skupina sirotků a ostatních kluků žijících na ulici. Jeden z nich, Jack Kelly (Christian Bale), si sní svůj sen o lepším životě, dokud jednoho dne vydavatelé nezvýší klukům provizi, kterou mají odevzdávat za prodané noviny. To se Jackovi nelíbí a tak spolu s kamarádem Davidem Jacobsem (David Moscow) zosnují povstání proti útlaku. (Morien);10.04.1992 Buena Vista Pictures US;podle skutečného příběhu;Kenny Ortega;Christian Bale, David Moscow, Luke Edwards, Max Casella, Bill Pullman, Ann-Margret, Jeffrey DeMunn, Aaron Lohr, Deborra-Lee Furness, Robert Duvall;https://srv.tunefindforfans.com/showads/track/srvclk.php?aid=100006796&lp=https://www.disneyplus.com/en-cz/browse/entity-24c3b1e7-41a1-405e-983d-49ccbdd08361<br>https://srv.tunefindforfans.com/showads/track/srvclk.php?aid=100006796&lp=https://www.disneyplus.com/en-cz/browse/entity-24c3b1e7-41a1-405e-983d-49ccbdd08361<br>https://apps.apple.com/cz/app/id6755365206<br>https://play.google.com/store/apps/details?id=cz.csfd.csfdroid<br>;Golden Raspberry Awards (Razzies) (4x)<br>;Golden Raspberry Awards (Razzies) (1x)<br>;
306302;Plešoun;2011;75.95238095238095;12.0;//static.pmgstatic.com/assets/images/050b5bad23b8eb0b4f88f971b8f6a168/empty-image.svg;https://www.csfd.cz/film/306302-plesoun/;Norsko;Krátkometrážní / Komedie / Muzikál;Skallamann;Zděšení rodičů nad absencí vlasů na hlavě chlapa, se kterým se líbal, Jonasovi nezkazí radost - strhne celou vesnici k tanci a zpěvu “chceme se líbat s plešounem”. Nikdy nezapomenete na význam norského slova “skallaman” ani na tento okouzlující muzikál. (Mezipatra);;;Maria Bock;Ole Giæver, Frank Kjosås, Marit Andreassen, Randolf Walderhaug;https://www.youtube.com/watch?v=d7BKg31Ym5o<br>https://apps.apple.com/cz/app/id6755365206<br>https://play.google.com/store/apps/details?id=cz.csfd.csfdroid<br>;;;
221651;Dreamgirls;2006;71.7385732592909;130.0;https://image.pmgstatic.com/cache/resized/w420/files/images/film/posters/164/948/164948239_4a6ad3.jpg;https://www.csfd.cz/film/221651-dreamgirls/;USA;Hudební / Drama / Romantický / Muzikál;Dreamgirls;Jednoduchý a přitom neuvěřitelně silný je příběh muzikálu Dreamgirls oscarového scenáristy a režiséra Billa Condona. Zachycuje trnitou cestu za slávou v podání dívčího tria Dreamettes, jejich vzestupy a pády, oběti, které musely svému snu přinést, a hlavně je plný skvělé hudby. Film vznikl podle stejnojmenného divadelního muzikálu, který patří k tomu nejlepšímu, co vzniklo na prknech proslulého divadla Broadway. Curtis Taylor (Jamie Foxx) prodává auta, ale rád by prorazil v hudebním průmyslu – touží po vlastní nahrávací společnosti a písničkách, které budou hrát ta nejposlouchanější americká rádia. Na lokální pěvecké soutěži v Detroitu potkává tři dívky, jež by mu mohly ve splnění jeho snu pomoci. Deena (Beyoncé Knowles) je nadpozemsky krásná, Effie (Jennifer Hudson) velmi talentovaná a Lorrell (Anika Noni Rose) dokonalý spojovací článek. Brána k úspěchu se jim začne otevírat, když dostanou nabídku zpívat vokály v písničkách aktuální hvězdy Jamese „Thunder“ Earlyho (Eddie Murphy), který účinně mísí rock´n´roll se soulovou muzikou. Čím dál ambicióznější Curtis jim ale umetá cestičku k vlastní kariéře. Otázka je, zda cena, kterou všechny tři za výstup na vrchol zaplatí, nebude přece jen příliš vysoká... „Všichni známe ten pocit, kdy zoufale toužíme po něčem, co nemůžeme mít. Snad každému se už stalo, že ho jeho nejbližší nechali ve štychu, nebo že obětoval všechno kvůli jedinému cíli a až v něm si uvědomil, že to nestálo za to. Tyhle zásadní životní zlomy proměnily na první pohled běžný muzikál v něco mimořádného a já jsem se to pokusil přenést i do filmové verze,“ říká režisér Condon. Mimořádnosti filmu Dreamgirls dodává i jeho obsazení. Jamie Foxx, držitel Oscara za ztvárnění zpěváka Raye Charlese, jedna z nejpopulárnějších zpěvaček současnosti Beyoncé Knowles, finalistka americké pěvecké soutěže Pop Idol (obdoba Superstar) Jennifer Hudson a herecké legendy Danny Glover a Eddie Murphy – ti všichni velmi přesvědčivě na pozadí osobních příběhů svých postav mapují americkou hudební scénu na přelomu 60. a 70. let minulého století. Členky ústředního dívčího tria vybírali castingoví režiséři ze 780 zpěvaček úmorných šest měsíců. Vyplatilo se. „Ty tři jsou tak přesvědčivé a dobré, že po skončení filmu začnete hned shánět lístky na koncert,“ říká Jamie Foxx.;25.12.2006 Paramount Pictures;hudba;Bill Condon;Jamie Foxx, Beyoncé, Eddie Murphy, Danny Glover, Jennifer Hudson, Anika Noni Rose, Keith Robinson, Sharon Leal, Ken Page, Loretta Devine;https://www.skyshowtime.com/cz/stream/movies/dreamgirls/b2b09020-cc15-357b-b3e1-7dd2930b3101<br>https://srv.clickfuse.com/ads/adclkr.php?id=100006636&url=https://tv.apple.com/cz/movie/dreamgirls/umc.cmc.5ywbd2d4ghns4dwz8q7dc9yhj<br>https://www.youtube.com/watch?v=N0kQGYwnk0M<br>https://www.skyshowtime.com/cz/stream/movies/dreamgirls/b2b09020-cc15-357b-b3e1-7dd2930b3101<br>https://srv.clickfuse.com/ads/adclkr.php?id=100006636&url=https://tv.apple.com/cz/movie/dreamgirls/umc.cmc.5ywbd2d4ghns4dwz8q7dc9yhj<br>https://www.youtube.com/watch?v=N0kQGYwnk0M<br>https://apps.apple.com/cz/app/id6755365206<br>https://play.google.com/store/apps/details?id=cz.csfd.csfdroid<br>;Academy Awards (6x)<br>British Academy of Film and Television Arts (BAFTA) (1x)<br>Golden Globes (2x)<br>Critics Choice Awards (3x)<br>Los Angeles Film Critics Association Awards (1x)<br>New York Film Critics Circle Awards (1x)<br>;Academy Awards (2x)<br>British Academy of Film and Television Arts (BAFTA) (1x)<br>Golden Globes (3x)<br>Critics Choice Awards (4x)<br>Florida Film Critics Circle Awards (1x)<br>New York Film Critics Circle Awards (1x)<br>;
