idCsfd;sTitle;iYear;iRating;iRuntime;urlPoster;urlCsfd;sCountry;sGenre;sTitle_EN;sStory;sCopyright;sTags;sDirector;sActor;sPlatforms;sNominated;sWinner;sAuthor
8283;Poslední skaut;1991;87.00782214903252;105.0;https://image.pmgstatic.com/cache/resized/w420/files/images/film/posters/159/527/159527985_335bf7.jpg;https://www.csfd.cz/film/8283-posledni-skaut/;USA;Akční / Krimi / Thriller / Komedie;The Last Boy Scout;Soukromý detektiv Joe Hallenbeck je najat tanečnicí Cory jako tělesná stráž. Příliš se neosvědčí. Cory je v noci na ulici zastřelena neznámými zabijáky a Joe si jen se štěstím zachrání holý život. Spojí se s ním Coryin přítel, černý hráč amerického fotbalu Jimmy Dix, který byl vyřazen zkorumpovaným manažerem Marconem ze svého týmu. Oba muži prohledají Coryin byt a naleznou důkazy o tom, že Marcone podplácel senátora Baynarda, čehož se dívka snažila využít, aby byl Jimmy přijat zpátky do mužstva. Marconeho muži se zmocní Joea. Manažer detektivovi s úsměvem sdělí, že senátor začíná dělat problémy a proto bude při předávání posledního úplatku zlikvidován. Samozřejmě tak, aby z vraždy mohl být obviněn Hallenbeck. Joeovi se však podaří s pomocí Jimmyho z nastražené pasti uniknout. S buldočí neústupností jde po Marconeovi, rozhodnut zničit ho za každou cenu...;13.12.1991 Warner Bros. US;vražda, otec, dcera, peníze, nevěra, detektiv, vydírání, výbuch, automobilová honička, americký fotbal, bodyguard, buddy movie;Tony Scott;Bruce Willis, Damon Wayans, Chelsea Field, Noble Willingham, Taylor Negron, Danielle Harris, Halle Berry, Bruce McGill, Badja Djola, Kim Coates;https://apps.apple.com/cz/app/id6755365206<br>https://play.google.com/store/apps/details?id=cz.csfd.csfdroid<br>;;;
22205;Princezna Mononoke;1997;87.01585429769392;133.0;https://image.pmgstatic.com/cache/resized/w420/files/images/film/posters/167/998/167998287_3uzviw.png;https://www.csfd.cz/film/22205-princezna-mononoke/;Japonsko;Animovaný / Dobrodružný / Fantasy;Mononoke hime;;12.07.1997 Toho Company;násilí, anime, les, démoni, bohové, kletba, samurajové, 14. století;Hajao Mijazaki;Júko Tanaka, Jódži Macuda, Kaoru Kobajaši, Tecu Watanabe, Juriko Išida, Masahiko Nišimura, Jošimasa Kondó, Takako Fudži, Hisaja Morišige, Tošio Suzuki;https://www.netflix.com/title/28630857<br>/novinky/6372-studio-ghibli-zamiri-na-netflix/<br>/novinky/6372-studio-ghibli-zamiri-na-netflix/<br>/novinky/6372-studio-ghibli-zamiri-na-netflix/<br>https://www.netflix.com/title/28630857<br>https://apps.apple.com/cz/app/id6755365206<br>https://play.google.com/store/apps/details?id=cz.csfd.csfdroid<br>;;The Saturn Awards (1x)<br>;
901;Trainspotting;1996;86.95123369610369;90.0;https://image.pmgstatic.com/cache/resized/w420/files/images/film/posters/162/403/162403148_2cc625.jpg;https://www.csfd.cz/film/901-trainspotting/;Velká Británie;Drama / Krimi / Komedie;Trainspotting;"Další snímek tvůrčího tria, skládajícího se z režiséra Dannyho Boylea, scénáristy Johna Hodge a producenta Andrewa MacDonalda, si získal ještě větší celosvětovou popularitu než předchozí Mělký hrob. Ve vyprávění hlavního ""hrdiny"", asociálního mladíka Rentona, se odkrývá bizarní svět revolty proti současné konzumní společnosti. Renton a jeho skotští přátelé jsou totiž narkomané, jejichž jedinou starostí je sehnat další dávku. Jenže ""skutečný život"" smutné protagonisty ""semele"" a změní. Někteří nepřežijí, z jiných - jako například právě z Rentona - se stanou ""normální"" lidé. Epizodické vyprávění vytváří zvláštní mozaiku, z níž se velmi působivě vynořuje pochmurný obraz jedné ""ztracené"" generace. Snímek těží z tradic britského civilismu a dokumetárních filmů se sociální tématikou, ale zároveň je radikálně inovuje pomocí surrealistických hříček, černého humoru, dynamické kamery, střihu a charakterizace hlavních postav. Režisér Boyle svým pozorováním světa z nevšedního (a generačně vypjatého) úhlu opět provokuje měšťáckou společnost. Svým filmem jako hozenou soubojovou rukavicí políčkuje standardní středostavovskou morálku a tradiční hodnoty. Zároveň si postupně získává u nejmladšího publika přívlastek kultovního režiséra (důležitou roli v tomto procesu hraje hudební složka filmu, obsazená právě kultovními jmény anglosaské scény 80. a 90. let).";23.02.1996 PolyGram Filmed Ent. UK;podle knihy, muž, rodina, smrt, přátelé, 20. století, násilí, otec, rodiče, policie, strach, město, syn, útěk, oběť (autonehody/zločinu), dospívání, lež, sex, pronásledování, drogy, zločin, zrada, vztahy, bolest, punk, mezilidské vztahy, kriminalita, smutek, trauma, nenávist, dilema, tragédie, krádež, umírání, párty, rvačka, psychopat, šílenství, černý humor, zoufalství, paranoia, panika, nebezpečí, prostituce, alkoholismus, hádka, fotbal, bar, závislost, oslava, vztek, pohřeb, hospoda, alkohol, sociopat, období 1990-2000, noční klub, Velká Británie, halucinace, sadismus, pokoj, subkultura, Skotsko, závislost na drogách, heroin, pasák, beznaděj, veřejné záchody;Danny Boyle;Ewan McGregor, Ewen Bremner, Jonny Lee Miller, Kevin McKidd, Robert Carlyle, Kelly Macdonald, Peter Mullan, James Cosmo, Eileen Nicholas, Susan Vidler;https://srv.clickfuse.com/ads/adclkr.php?id=100006636&url=https://tv.apple.com/cz/movie/trainspotting/umc.cmc.7h6dams52clx8k350g3qhw1et<br>https://www.youtube.com/watch?v=HGje6FlUh9A<br>https://srv.clickfuse.com/ads/adclkr.php?id=100006636&url=https://tv.apple.com/cz/movie/trainspotting/umc.cmc.7h6dams52clx8k350g3qhw1et<br>https://www.youtube.com/watch?v=HGje6FlUh9A<br>https://apps.apple.com/cz/app/id6755365206<br>https://play.google.com/store/apps/details?id=cz.csfd.csfdroid<br>;Academy Awards (1x)<br>Independent Spirit Awards (1x)<br>British Academy of Film and Television Arts (BAFTA) (1x)<br>Guldbagge Awards (1x)<br>;British Academy of Film and Television Arts (BAFTA) (1x)<br>Český lev (1x)<br>Warsaw International Film Festival (1x)<br>;Irvine Welsh
9568;Truman Show;1998;86.89028122861978;103.0;https://image.pmgstatic.com/cache/resized/w420/files/images/film/posters/158/988/158988851_fc9f76.jpg;https://www.csfd.cz/film/9568-truman-show/;USA;Drama / Komedie / Sci-Fi;The Truman Show;Film Truman Show prozkoumává moc médií a stále méně zřetelnou hranici mezi skutečností a jejím mediálním či virtuálním obrazem. Truman Burbank totiž až téměř do svých třiceti let netuší, že od narození žije v obrovských filmových ateliérech a že je hvězdou televizního seriálu s celosvětovou popularitou a vysokou sledovaností. Nad Trumanovým životem má navíc absolutní kontrolu tvůrce oblíbeného seriálu, režisér a producent Christof. Největším problémem ovšem pro Trumana nakonec není uvědomit si pravý stav věcí, nýbrž odhodlat se opustit falešný, avšak zároveň tak bezpečný a dokonalý svět... Snímek je inspirován americkými TV seriály, založenými na snímání reality a ve svém závěru nečekaně přerůstá až v moderní alegorii biblického motivu - vyhnání z ráje. Žánrově jde o fantaskní, bizarní a spektakulární drama se satirickým podtextem.;05.06.1998 Paramount Pictures;láska, žena, přátelství, přátelé, město, útěk, manipulace, lež, sledování, média, televizní studio, voyeurismus, virtuální realita;Peter Weir;Jim Carrey, Laura Linney, Noah Emmerich, Natascha McElhone, Holland Taylor, Brian Delate, Blair Slater, Peter Krause, Heidi Schanz, Mal Jones;https://www.skyshowtime.com/cz/stream/movies/truman-show/831fb725-6332-378d-ab10-b59923ea4aeb<br>https://srv.clickfuse.com/ads/adclkr.php?id=100006636&url=https://tv.apple.com/cz/movie/the-truman-show/umc.cmc.3thpf98o5diknnctdycef69fu<br>https://www.youtube.com/watch?v=LFTz6_lqWhg<br>https://www.skyshowtime.com/cz/stream/movies/truman-show/831fb725-6332-378d-ab10-b59923ea4aeb<br>https://srv.clickfuse.com/ads/adclkr.php?id=100006636&url=https://tv.apple.com/cz/movie/the-truman-show/umc.cmc.3thpf98o5diknnctdycef69fu<br>https://www.youtube.com/watch?v=LFTz6_lqWhg<br>https://apps.apple.com/cz/app/id6755365206<br>https://play.google.com/store/apps/details?id=cz.csfd.csfdroid<br>;Academy Awards (3x)<br>British Academy of Film and Television Arts (BAFTA) (4x)<br>Golden Globes (3x)<br>Los Angeles Film Critics Association Awards (1x)<br>The Saturn Awards (3x)<br>;British Academy of Film and Television Arts (BAFTA) (3x)<br>European Film Awards (1x)<br>Robert Awards (Danish Film Awards) (1x)<br>Golden Globes (3x)<br>Florida Film Critics Circle Awards (1x)<br>The Saturn Awards (2x)<br>;
23443;Světáci;1969;86.9156342604163;99.0;https://image.pmgstatic.com/cache/resized/w420/files/images/film/posters/160/239/160239017_6f2ad4.jpg;https://www.csfd.cz/film/23443-svetaci/;Československo;Komedie / Hudební;Men About Town;"Skopec, Prouza, Petrtýl jsou tři venkovští fasádníci, kteří pracují v Praze na obnově domů. Láká je pražský noční život, ale jejich první návštěva luxusního podniku Diplomat Grill se příliš nevydaří a nakonec musí utéci. Nevzdávají se však. Dají si ušít kvalitní obleky a najmou si na výuku společenské výchovy bývalého učitele tance Dvorského. Když Dvorský uzná, že jsou již sdostatek vzděláni, vypraví se muži opět do Diplomat Grillu. Tady se seznámí s třemi mladými ženami. Netuší, že jsou to dívky poněkud lehčího ražení, které hledají v Diplomat Grillu bohaté pány, aby je mohly patřičně oškubat. Byt jim za úplatu poskytuje šatnářka z Diplomat Grillu, která se snaží udělat z nich ""dámy"". V určený čas se šatnářka vrací domů a dívky vždy přinutí zákazníky, aby uprchli po lešení. Fasádníkům se slečny líbí a po veselém večírku odejdou do šatnářčina bytu. Tentokrát však osvědčený trik nevyjde. Když je zábava v plném proudu, vynutí si přístup do bytu předchozí potrefený zákazník i s Veřejnou bezpečností. Fasádníci chtějí skočit na lešení, ale v ten den byla oprava domu dokončena, a tak muži dopadnou na zem. S polámanými údy a dalšími zraněními je sanitka odveze domů k manželkám.";10.10.1969 Ústřední půjčovna filmů;černobílý film;Zdeněk Podskalský st.;Jiří Sovák, Vlastimil Brodský, Jan Libíček, Jiřina Bohdalová, Jiřina Jirásková, Iva Janžurová, Jiřina Šejbalová, Oldřich Nový, Ilja Prachař, Vladimír Menšík;https://www.iprima.cz/filmy/svetaci?utm_source=csfd&utm_medium=section_vod&utm_campaign=link_exchange<br>https://www.ceskatelevize.cz/porady/15986-svetaci?utm_source=csfd&utm_medium=section_vod&utm_campaign=link<br>https://www.iprima.cz/filmy/svetaci?utm_source=csfd&utm_medium=section_vod&utm_campaign=link_exchange<br>https://www.ceskatelevize.cz/porady/15986-svetaci?utm_source=csfd&utm_medium=section_vod&utm_campaign=link<br>https://apps.apple.com/cz/app/id6755365206<br>https://play.google.com/store/apps/details?id=cz.csfd.csfdroid<br>;;;
7827;Frajer Luke;1967;86.99359805849618;126.0;https://image.pmgstatic.com/cache/resized/w420/files/images/film/posters/159/527/159527698_9951c8.jpg;https://www.csfd.cz/film/7827-frajer-luke/;USA;Drama / Krimi;Cool Hand Luke;Hlavním hrdinou slavného příběhu je Luke Jackson, jeden z nových vězňů, který spolu s ostatními vyslechne kapitánovo kázání o tom, co všechno nesmí a smí a další den ráno už se spolu s ostatními vězni pouští do práce. Pod dozorem bezohledných dozorců kopou v nesnesitelném horku příkop podél nekonečně dlouhé silnice. Večer se vrací do tábora zcela vyčerpaní. Když si někdo postěžuje, ocitne se na samotce. Dny plynou jednotvárně jeden za druhým, jen velmi zřídka narušeny nějakým rozptýlením, jako byl třeba pěstní zápas Luka s vězněm přezdívaným Tahoun. Z vězňů, kteří přišli společně s Lukem se stává sehraná parta a Luke jejich vůdcem. Obdiv spoluvězňů si získává nejen svým postojem k životu, ale také třeba vítězstvím v sázce o snědení padesáti vajec. Vše se změní v okamžiku, kdy se Luke dozví, že jeho matka zemřela. Zatímco vězňové se zachovají ohleduplně, dozorci ho bezohledně zavřou na samotku, aby se náhodou nepokusil uprchnout na pohřeb. A to je začátkem konce...;01.11.1967 Warner Brothers/Seven Arts;podle knihy, útěk, vězení, svoboda;Stuart Rosenberg;Paul Newman, George Kennedy, J.D. Cannon, Lou Antonio, Robert Drivas, Strother Martin, Jo Van Fleet, Clifton James, Luke Askew, Morgan Woodward;https://srv.clickfuse.com/ads/adclkr.php?id=100006636&url=https://tv.apple.com/cz/movie/cool-hand-luke/umc.cmc.31ec45ekyz6w2ac9m4a6zdx6m<br>https://www.youtube.com/watch?v=JvrYdsySSpA<br>https://srv.clickfuse.com/ads/adclkr.php?id=100006636&url=https://tv.apple.com/cz/movie/cool-hand-luke/umc.cmc.31ec45ekyz6w2ac9m4a6zdx6m<br>https://www.youtube.com/watch?v=JvrYdsySSpA<br>https://apps.apple.com/cz/app/id6755365206<br>https://play.google.com/store/apps/details?id=cz.csfd.csfdroid<br>;Academy Awards (3x)<br>Golden Globes (2x)<br>;Academy Awards (1x)<br>;Donn Pearce
792366;Spider-Man: Napříč paralelními světy;2023;87.05068705068705;140.0;https://image.pmgstatic.com/cache/resized/w420/files/images/film/posters/167/473/167473003_995qp3.png;https://www.csfd.cz/film/792366-spider-man-napric-paralelnimi-svety/;USA;Animovaný / Akční / Dobrodružný / Sci-Fi;Spider-Man: Across the Spider-Verse;Miles Morales, který je nyní na plný úvazek dobrým sousedem Spider-Manem v Brooklynu, se znovu setkává s Gwen Stacyovou, se kterou se vydá na zběsilou jízdu Mnohovesmírem, v němž se setká s novou partou Pavoučích hrdinů, kteří brání samotnou podstatu paralelních světů. Když se však mezi Pavoučími hrdiny objeví rozpor, jak se vypořádat s novým nebezpečím, Miles zjistí, že bude muset přehodnotit, co pro něj znamená být hrdinou, aby zachránil ty, které na světě miluje nejvíc. (Falcon);02.06.2023 Sony Pictures;rodina, smrt, přátelství, přátelé, tajemství, otec, matka, policie, syn, škola, dospívání, souboje, střední škola, superhrdina, Marvel Comics, osud, paralelní svět, Spider-Man;Joaquim Dos Santos, Kemp Powers, Justin K. Thompson;Shameik Moore, Hailee Steinfeld, Oscar Isaac, Jake Johnson, Brian Tyree Henry, Luna Lauren Velez, Jason Schwartzman, Issa Rae, Rachel Dratch, Shea Whigham;https://www.hbomax.com/cz/en/movies/spider-man-across-the-spider-verse/08f3260f-1512-4c90-a3df-fc2e407ba708<br>https://srv.clickfuse.com/ads/adclkr.php?id=100006636&url=https://tv.apple.com/cz/movie/spider-man-across-the-spider-verse/umc.cmc.2zphwshxw2ejh2znevhod0u01<br>https://www.youtube.com/watch?v=u7xGrYejTtY<br>https://sledovanitv.cz/epg/event/HBO:20260228cda480829c6f72f3440e59465df8ce1f<br>https://www.hbomax.com/cz/en/movies/spider-man-across-the-spider-verse/08f3260f-1512-4c90-a3df-fc2e407ba708<br>https://srv.clickfuse.com/ads/adclkr.php?id=100006636&url=https://tv.apple.com/cz/movie/spider-man-across-the-spider-verse/umc.cmc.2zphwshxw2ejh2znevhod0u01<br>https://www.youtube.com/watch?v=u7xGrYejTtY<br>https://sledovanitv.cz/epg/event/HBO:20260228cda480829c6f72f3440e59465df8ce1f<br>https://apps.apple.com/cz/app/id6755365206<br>https://play.google.com/store/apps/details?id=cz.csfd.csfdroid<br>;Academy Awards (1x)<br>British Academy of Film and Television Arts (BAFTA) (2x)<br>Golden Globes (3x)<br>Critics Choice Awards (2x)<br>Florida Film Critics Circle Awards (3x)<br>The Saturn Awards (1x)<br>;Critics Choice Awards (1x)<br>The Saturn Awards (1x)<br>;
117077;Hanebný pancharti;2009;86.85243752371971;153.0;https://image.pmgstatic.com/cache/resized/w420/files/images/film/posters/000/007/7972_32c19a.jpg;https://www.csfd.cz/film/117077-hanebny-pancharti/;USA / Německo;Drama / Dobrodružný / Válečný;Inglourious Basterds;Bylo nebylo v nacisty okupované Francii… Vítejte ve Druhé světové válce podle Quentina Tarantina. Vítejte ve světě, kde historická realita ustupuje lehce brutálnímu pohádkovému vyprávění jednoho z nejkontroverznějších režisérů současnosti. Německé vojáky ještě nepřestaly bolet nohy po smělé invazi do západní Evropy, když mladičké Shosanně (Melanie Laurent) přímo před očima německý důstojník Hans Landa (Christoph Waltz) vyvraždil členy její rodiny. Ona sama jen tak tak unikne do Paříže, kde se ukryje pod novou identitu provozovatelky biografu. Na jiném místě hákovým křížem rozkopané Evropy se pod vedením lehce zupáckého amerického poručíka Aldo Rainea (Brad Pitt) formuje neobvyklá vojenská jednotka. Úkolem jejích členů je nejen přežít na území plném nacistů a jejich přisluhovačů, ale zároveň likvidovat jejich elity a to tak efektně, že tím mezi nimi budou šířit strach a paniku. Říkají si Pancharti a právě je čeká ta nejtěžší mise, která může zcela změnit průběh války. V jednom pařížském biografu se chystá premiéra nového německého propagandistického eposu a téhle události se má účastnit řada nacistických špiček (možná i samotný Hitler). Úkolem Panchartů bude na akci proniknout a ukázat šéfům Třetí říše, jaké to je, když je člověk po smrti. Nepočítají ovšem s tím, že přímo pod světlem promítačky osnuje svůj plán pomsty za smrt blízkých osiřelá Shosanna a že když se jeden geniální plán na atentát střetne s jiným, výsledkem může být ještě geniálnější neúspěch.;21.08.2009 The Weinstein Company;muž, žena, rodina, smrt, vražda, 20. století, násilí, dívka, tajemství, strach, město, záhady, touha, útěk, zbraně, vrah, ženy, oběť (autonehody/zločinu), pátrání, vzpomínky, období 1940-1950, pomsta, 2. světová válka, politika, vojáci, manipulace, venkov, lež, intriky, pronásledování, zločin, kolegové, vesnice, zrada, boj o přežití, vášeň, podvod, les, bolest, divočina, smutek, válka, trauma, nenávist, dilema, tragédie, armáda, zabijáci, zranění, Francie, střelné zbraně, nacisté, zoufalství, krutost, diskriminace, panika, přepadení, nacismus, politik, Paříž, přestřelka, střelba, rasismus, předsudky, cizinec (někdo ze zahraničí), farma, špioni, Židé, sledování, diktatura, pochyby, oslava, vztek, hospoda, oběť (někomu/něčemu), zajatci, bodné zbraně, pokus o vraždu, sečné zbraně, vyhrožování, loajalita, požár, oheň, atentát, moc, okupace, nůž, týmová práce, vyjednávání, svádění, diktátor, pokušení, Wilhelm scream, kino, sniper, lovci lidí, válečné zločiny, tajná operace, Adolf Hitler, alternativní historie, špionáž, žhářství, antisemitismus, sledování filmu, systémový rasismus, uškrcení;Quentin Tarantino;Brad Pitt, Mélanie Laurent, Christoph Waltz, Eli Roth, Michael Fassbender, Diane Kruger, Daniel Brühl, Til Schweiger, Gedeon Burkhard, Jacky Ido;https://www.netflix.com/title/70108777<br>https://srv.tunefindforfans.com/showads/track/srvclk.php?aid=100006796&lp=https://www.disneyplus.com/en-cz/browse/entity-0760eb33-0398-4976-a6c4-564dbc4ae20c<br>https://www.skyshowtime.com/cz/stream/movies/hanebny-pancharti/57028f88-85b5-37a9-8cd3-f631436aefc1<br>https://srv.clickfuse.com/ads/adclkr.php?id=100006636&url=https://tv.apple.com/cz/movie/inglourious-basterds/umc.cmc.3r1vekw1q5380qojcz9t1ie6a<br>https://www.youtube.com/watch?v=LO78cZXiyHc<br>https://www.netflix.com/title/70108777<br>https://srv.tunefindforfans.com/showads/track/srvclk.php?aid=100006796&lp=https://www.disneyplus.com/en-cz/browse/entity-0760eb33-0398-4976-a6c4-564dbc4ae20c<br>https://www.skyshowtime.com/cz/stream/movies/hanebny-pancharti/57028f88-85b5-37a9-8cd3-f631436aefc1<br>https://srv.clickfuse.com/ads/adclkr.php?id=100006636&url=https://tv.apple.com/cz/movie/inglourious-basterds/umc.cmc.3r1vekw1q5380qojcz9t1ie6a<br>https://www.youtube.com/watch?v=LO78cZXiyHc<br>https://apps.apple.com/cz/app/id6755365206<br>https://play.google.com/store/apps/details?id=cz.csfd.csfdroid<br>;Academy Awards (7x)<br>British Academy of Film and Television Arts (BAFTA) (5x)<br>Robert Awards (Danish Film Awards) (1x)<br>Amanda Awards (1x)<br>Golden Globes (3x)<br>Critics Choice Awards (7x)<br>New York Film Critics Circle Awards (2x)<br>The Saturn Awards (6x)<br>Cannes Film Festival (1x)<br>;Academy Awards (1x)<br>British Academy of Film and Television Arts (BAFTA) (1x)<br>Golden Globes (1x)<br>Critics Choice Awards (3x)<br>Florida Film Critics Circle Awards (1x)<br>Los Angeles Film Critics Association Awards (1x)<br>New York Film Critics Circle Awards (1x)<br>The Saturn Awards (1x)<br>Cannes Film Festival (1x)<br>;
42136;Cesta do fantazie;2001;86.80674337045468;124.0;https://image.pmgstatic.com/cache/resized/w420/files/images/film/posters/161/031/161031148_c234f9.jpg;https://www.csfd.cz/film/42136-cesta-do-fantazie/;Japonsko;Animovaný / Dobrodružný / Fantasy / Pohádka / Rodinný;Sen to Čihiro no kamikakuši;Desetiletá Chihiro je obyčejná japonská holčička. Když se se svými rodiči vydává poprvé do nového bydliště, jejich auto zabloudí na opuštěnou lesní cestu, vedoucí k záhadnému tunelu. Chihiro i její rodiče se vydají dovnitř a objeví cosi, co považují za opuštěný lunapark. Rodiče podlehnou lákavé nabídce občerstvení v opuštěných stáncích, ale záhy se promění ve vepře. Chihiro se snaží najít pomoc a narazí na tajuplného chlapce jménem Haku. Ten ji seznámí s duchy, kteří v noci lunapark obývají a najde jí zaměstnání u Yubaby, staré čarodějnice s malým tělem a velkou hlavou, která provozuje obrovské lázně, kam si chodí odpočinout milióny pozemských bohů a jiných fantastických bytostí. Zde se skrývá jediná možnost, jak může Chihiro zrušit zakletí svých rodičů a vrátit se do lidského světa.;20.07.2001 Toho Company;rodina, násilí, anime, sestry, kouzla, duchové, magie, démoni, čarodějnice, draci, prasata, paralelní svět, isekai, lázně;Hajao Mijazaki;Rumi Hiiragi, Takaši Naitó, Rjúnosuke Kamiki, Bunta Sugawara, Mari Nacuki, Šigejuki Tocugi, Takehiko Ono, Jasuko Sawaguči, Miju Irino, Širó Saitó;https://www.netflix.com/title/60023642<br>https://www.netflix.com/title/60023642<br>https://apps.apple.com/cz/app/id6755365206<br>https://play.google.com/store/apps/details?id=cz.csfd.csfdroid<br>;British Academy of Film and Television Arts (BAFTA) (1x)<br>British Independent Film Awards (BIFA) (1x)<br>European Film Awards (1x)<br>César Awards (1x)<br>The Saturn Awards (2x)<br>;Academy Awards (1x)<br>Hong Kong Film Awards (1x)<br>Critics Choice Awards (1x)<br>Florida Film Critics Circle Awards (1x)<br>Los Angeles Film Critics Association Awards (1x)<br>New York Film Critics Circle Awards (1x)<br>The Saturn Awards (1x)<br>Berlinale (Berlin International Film Festival) (1x)<br>;
3157;Škola základ života;1938;86.80139462809917;91.0;https://image.pmgstatic.com/cache/resized/w420/files/images/film/posters/170/174/170174295_d6rwaa.jpg;https://www.csfd.cz/film/3157-skola-zaklad-zivota/;Československo;Komedie;Škola základ života;Vše se tu točí kolem studentského časopisu Řev septimy, který napsal kdosi ze septimánů reálného gymnázia v Přívlakách, a který šplhoun Krhounek předal třídnímu učiteli. Vzbudil v profesorském sboru značné pozdvižení, protože poněkud humorných způsobem pojednával o jednotlivých členech profesorského sboru. Zatímco mladý profesor Bartoš a starý moudrý pedagog Gábrlík dokázali přejít celou věc s humorem, zbytek učitelského sboru zahájí zuřivé pátrání po viníkovi, jehož přiznání je podmínkou pro zrušení zákazu k účasti na středoškolském sportovním turnaji. Zuřivé pátrání pak rámuje mozaiku veselých epizod ze života studentů i profesorského sboru tvořeného řadou typicky svérázných postaviček, z nich vystupuje do popředí zejména aféra nejnadanějšího studenta Jindry Benetky, který ve slohové práci otevřeně kritizoval poměry na gymnáziu a byl za to navržen na vyloučení ze školy.;11.11.1938 Ufafilm;podle knihy, černobílý film, podle divadelní hry, škola, učitel, teen comedy;Martin Frič;Theodor Pištěk, František Smolík, František Kreuzmann st., Jaroslav Marvan, Ladislav Boháč, Václav Trégl, Karel Postranecký, Čeněk Šlégl, Marie Burešová, Lola Skrbková;https://apps.apple.com/cz/app/id6755365206<br>https://play.google.com/store/apps/details?id=cz.csfd.csfdroid<br>;;;Jaroslav Žák
600912;Zelená kniha;2018;86.83629412346329;130.0;https://image.pmgstatic.com/cache/resized/w420/files/images/film/posters/163/317/163317719_b253f3.jpg;https://www.csfd.cz/film/600912-zelena-kniha/;USA;Drama / Komedie / Road movie / Životopisný / Hudební;Green Book;"Bývalý vyhazovač a drobný podvodníček Tony „Pysk"" Vallelonga (Viggo Mortensen) má mezi newyorskými Italy pověst chlápka, který dokáže vyřešit každou šlamastyku. Slavný černošský klavírista Dr. Don Shirley (držitel Oscara® Mahershala Ali) si ho proto najímá jako řidiče a bodyguarda na turné po divokých státech amerického Jihu 60. let. Tony je horkokrevný, ne moc vzdělaný, ale o to mazanější. Nade vše miluje svoji ženu (Linda Cardellini) a smažená kuřata. Dr. Don je jeho protikladem: kultivovaný génius jemných mravů a pevných zásad. Aby společně překonali nástrahy, musí si k sobě oba tvrdohlaví muži najít cestu skrz předsudky a humorné přešlapy. Originální komedie Zelená kniha získala získala tři Oscary včetně sošky pro Nejlepší film. Režisér Peter Farrelly (Blbý a blbější; Já, mé druhé já a Irena; Něco na té Mary je) se inspiroval příběhem skutečného přátelství a natočil jeden z nejdojemnějších i nejvtipnějších filmů roku 2018. (Aerofilms)";21.11.2018 Universal Pictures US;rodina, přátelství, přátelé, putování, diskriminace, samota, rasismus, předsudky, koncert, klavírista, řidič, bodyguard;Peter Farrelly;Viggo Mortensen, Mahershala Ali, Linda Cardellini, Sebastian Maniscalco, Dimiter D. Marinov, Mike Hatton, P.J. Byrne, Joe Cortese, Don Stark, Anthony Mangano;https://www.hbomax.com/cz/en/movies/green-book/e6108daf-924a-4a70-87cc-9732c8815e34<br>https://sledovanitv.cz/epg/event/HBO2:2026030250d4f87d0f76518259c91ecc954af054<br>https://www.hbomax.com/cz/en/movies/green-book/e6108daf-924a-4a70-87cc-9732c8815e34<br>https://sledovanitv.cz/epg/event/HBO2:2026030250d4f87d0f76518259c91ecc954af054<br>https://apps.apple.com/cz/app/id6755365206<br>https://play.google.com/store/apps/details?id=cz.csfd.csfdroid<br>;Academy Awards (2x)<br>British Academy of Film and Television Arts (BAFTA) (3x)<br>Robert Awards (Danish Film Awards) (1x)<br>Amanda Awards (1x)<br>AACTA International Awards (1x)<br>Golden Globes (2x)<br>Critics Choice Awards (6x)<br>Florida Film Critics Circle Awards (3x)<br>Golden Raspberry Awards (Razzies) (1x)<br>;Academy Awards (3x)<br>British Academy of Film and Television Arts (BAFTA) (1x)<br>AACTA International Awards (1x)<br>Golden Globes (3x)<br>Critics Choice Awards (1x)<br>Toronto International Film Festival (1x)<br>;
1098951;Duna: Část druhá;2024;86.8175744714297;166.0;https://image.pmgstatic.com/cache/resized/w420/files/images/film/posters/168/608/168608387_g1c1zx.jpg;https://www.csfd.cz/film/1098951-duna-cast-druha/;USA / Kanada;Sci-Fi / Akční / Dobrodružný / Drama;Dune: Part Two;;01.03.2024 Warner Bros. US;podle knihy, muž, láska, rodina, smrt, přátelství, přátelé, vražda, násilí, dívka, otec, matka, rodiče, strach, dcera, syn, chlapec, zbraně, vrah, ženy, cestování, pomsta, sourozenci, vojáci, intriky, putování, rivalita, nevěra, boj o přežití, souboje, bratři, válka, armáda, náboženství, monstra, těhotenství, víra, voda, vesmír, král, konspirace, špioni, poušť, bitva, princezna, vesmírná loď, loajalita, strýc, synovec, zbraně hromadného ničení, proroctví, space opera, prorok;Denis Villeneuve;Timothée Chalamet, Zendaya, Rebecca Ferguson, Javier Bardem, Josh Brolin, Austin Butler, Florence Pugh, Dave Bautista, Christopher Walken, Léa Seydoux;https://www.hbomax.com/cz/en/movies/dune-part-two/f0a4f239-0b57-47e2-a39a-54fb96925e61<br>https://srv.clickfuse.com/ads/adclkr.php?id=100006636&url=https://tv.apple.com/cz/movie/dune-part-two/umc.cmc.363aycnv6vy9qgekvew6fveb9<br>https://www.youtube.com/watch?v=0EUs7wuLtFk<br>https://sledovanitv.cz/epg/event/HBO:2025121672760da015ff165edf6133042bdf0845<br>https://www.hbomax.com/cz/en/movies/dune-part-two/f0a4f239-0b57-47e2-a39a-54fb96925e61<br>https://srv.clickfuse.com/ads/adclkr.php?id=100006636&url=https://tv.apple.com/cz/movie/dune-part-two/umc.cmc.363aycnv6vy9qgekvew6fveb9<br>https://www.youtube.com/watch?v=0EUs7wuLtFk<br>https://sledovanitv.cz/epg/event/HBO:2025121672760da015ff165edf6133042bdf0845<br>https://apps.apple.com/cz/app/id6755365206<br>https://play.google.com/store/apps/details?id=cz.csfd.csfdroid<br>;Academy Awards (3x)<br>British Academy of Film and Television Arts (BAFTA) (5x)<br>Golden Globes (2x)<br>Critics Choice Awards (9x)<br>Florida Film Critics Circle Awards (3x)<br>The Saturn Awards (9x)<br>;Academy Awards (2x)<br>British Academy of Film and Television Arts (BAFTA) (2x)<br>Critics Choice Awards (1x)<br>Florida Film Critics Circle Awards (2x)<br>The Saturn Awards (5x)<br>;Frank Herbert
168;Medvěd;1988;86.90232108317215;96.0;https://image.pmgstatic.com/cache/resized/w420/files/images/film/posters/159/528/159528832_a5d2a0.jpg;https://www.csfd.cz/film/168-medved/;Francie / USA;Dobrodružný / Rodinný / Drama;Medvědi;;27.10.1989 TriStar Pictures;zvířata, les, divočina, 19. století, psi, hory, osamělost, sirotek, lov, medvědi, Kanada, období 1880-1890, Alpy, pumy;Jean-Jacques Annaud;medvěd Bart, medvěd Youk, Tchéky Karyo, Jack Wallace, André Lacombe;https://apps.apple.com/cz/app/id6755365206<br>https://play.google.com/store/apps/details?id=cz.csfd.csfdroid<br>;Academy Awards (1x)<br>British Academy of Film and Television Arts (BAFTA) (1x)<br>César Awards (4x)<br>;César Awards (2x)<br>;James Oliver Curwood
5435;Sedm samurajů;1954;86.89919557566617;160.0;https://image.pmgstatic.com/cache/resized/w420/files/images/film/posters/160/871/160871960_1e59bc.png;https://www.csfd.cz/film/5435-sedm-samuraju/;Japonsko;Akční / Drama;Šičinin no samurai;Slavná legenda o hrstce odvážných, kteří se postavili na stranu bezbranných. Nejslavnější japonský film všech dob, předchůdce filmu Sedm statečných. Těžko by se asi hledal někdo, kdo by neznal legendární americký western o hrstce statečných, kteří se v počtu chabých sedmi postaví přesile banditů, aby ochránili bezbrannou vesnici na odlehlém venkově proti rabování. Western Johna Sturgese patří již téměř půl století k nesmrtelným filmovým evergreenům. Ale jen málokdo ví, že by vůbec nevznikl, nebýt jednoho fenomenálního režiséra, jehož originální umění přesáhlo daleko za hranice rodného Japonska. Že dobrodružný příběh sedmi potulných pistolníků byl přímo inspirován samurajským filmem Akiry Kurosawy, jenž se odehrává ve feudálním Japonsku 16. století. A že to zdaleka není jediný případ amerického hitu inspirovaného dílem tohoto japonského klasika.;26.04.1954 Toho Company;černobílý film, láska, strach, pomsta, vesnice, Japonsko, trénink, bitva, bandité, samurajové;Akira Kurosawa;Takaši Šimura, Daisuke Kató, Minoru Čiaki, Isao Kimura, Seidži Mijaguči, Toširó Mifune, Kamatari Fudžiwara, Acuši Watanabe, Isao Jamagata, Noriko Sengoku;https://apps.apple.com/cz/app/id6755365206<br>https://play.google.com/store/apps/details?id=cz.csfd.csfdroid<br>;Academy Awards (2x)<br>British Academy of Film and Television Arts (BAFTA) (3x)<br>New York Film Critics Circle Awards (1x)<br>Venice Film Festival (1x)<br>;Venice Film Festival (1x)<br>;
8541;Jára Cimrman ležící, spící;1983;86.77316434528132;81.0;https://image.pmgstatic.com/cache/resized/w420/files/images/film/posters/158/305/158305230_f10d47.jpg;https://www.csfd.cz/film/8541-jara-cimrman-lezici-spici/;Československo;Komedie / Životopisný;Jára Cimrman Lying, Sleeping;"Filmem Jára Cimrman ležící, spící se nám představuje fiktivní postava všestranného génia naší minulosti, protagonisty desítky her, uvedených v pražském divadélku, nesoucím jeho jméno. Filmový příběh, v němž se Cimrman poprvé zhmotnil do konkrétnější podoby, je tvořen několika ""rekonstruovanými"" epizodami z jeho života, zasazenými do rámce exkurze v jeho světničce ve vsi Liptákov. Jednotlivé kapitoly, prodchnuté typickým humorem autorské dvojice Smoljak - Svěrák, přinášejí většinou zcela nový pohled na dosud neznámé ""aspekty"" Mistrova života a díla... (Ateliéry Bonton Zlín)";01.10.1983 Ústřední půjčovna filmů;škola, umění, vynálezce, alternativní historie, Jára Cimrman;Ladislav Smoljak;Zdeněk Svěrák, Valerie Kaplanová, Josef Abrhám, Libuše Šafránková, Marie Drahokoupilová, Vladimír Svitáček, Jaroslav Vozáb, Petr Kostka, Míla Myslíková, Boris Hybner;https://apps.apple.com/cz/app/id6755365206<br>https://play.google.com/store/apps/details?id=cz.csfd.csfdroid<br>;;;
224384;Americký gangster;2007;86.7106418424548;157.0;https://image.pmgstatic.com/cache/resized/w420/files/images/film/posters/000/071/71777_b24562.jpg;https://www.csfd.cz/film/224384-americky-gangster/;USA / Velká Británie;Drama / Krimi / Thriller / Životopisný;Americký gangster;"Strhující příběh o vzestupu a pádu jednoho z nejmocnějších mužů newyorského podsvětí a o obyčejném poldovi, který ho dostal na kolena... Atmosféra prohrávané války ve Vietnamu na začátku sedmdesátých let dolehla na Ameriku jako těžká deka. Vojáci se z asijských bojišť vraceli buď v černých pytlích, nebo závislí na drogách a tuto ""zálibu"" lavinovitě šířili mezi veřejností. Byznysu s narkotiky se okamžitě chytily mafiánské klany, které pro klid na práci neváhaly masívně korumpovat celé policejní sbory. V tomto ozvduší se zrodí černá hvězda podsvětí Frank Lucas (Denzel Washington), která díky vlastní odvaze a inteligenci dokáže záhy zaplavit ulice New Yorku bezkonkurečně nejlepší a přitom nejlevnější drogou. Díky tomu se záhy vyšvihne na samotný vrchol zdejších mafiánských struktur, odkud s bohorovným klidem řídí své impérium a pomocí finančních injekcí i nečinnost zdejších policistů. Detektiv Richie Roberts (Russell Crowe) je mezi nimi bílou vránou a především díky své pověsti dostane za úkol sestavit protikorupční tým, který zavedené pořádky změní. Jako prvního si vezmou na mušku distributora mimořádně dobrého materiálu za mimořádně nízkou cenu. Smyčka se pomalu stahuje a blíží se den, kdy tyhle dvě individuality stanou tváří v tvář. Z té konfrontace může vyjít jako vítěz jenom jeden. Nebo ne? Skutečný Frank Lucas patří mezi nejvíce fascinující zločince americké historie.";16.11.2007 Universal Pictures UK;podle knihy, muž, rodina, smrt, vražda, 20. století, tajemství, matka, rodiče, policie, město, záhady, syn, zbraně, vyšetřování, vrah, pátrání, peníze, manipulace, intriky, podle skutečného příběhu, drogy, zločin, kolegové, zrada, detektiv, gangsteři, mafie, gang, podsvětí (svět zločinu), zabijáci, žárlivost, New York, agenti, korupce, závislost, období 1970-1980, sledování, závist, pohřeb, bohatství, pašování, loajalita, moc, drogový dealer, automobilová honička, válka ve Vietnamu, bratranec, heroin, cosa nostra, Manhattan;Ridley Scott;Denzel Washington, Russell Crowe, Chiwetel Ejiofor, Josh Brolin, Lymari Nadal, Ted Levine, Roger Guenveur Smith, John Hawkes, RZA, Yul Vazquez;https://www.skyshowtime.com/cz/stream/movies/americky-gangster/2e986fe0-535d-3f4a-91bc-82dc24f26788<br>https://srv.clickfuse.com/ads/adclkr.php?id=100006636&url=https://tv.apple.com/cz/movie/american-gangster/umc.cmc.38xvbpqapyw5yrpq36aq49ox6<br>https://www.youtube.com/watch?v=3WwH9Gu5pu0<br>https://www.skyshowtime.com/cz/stream/movies/americky-gangster/2e986fe0-535d-3f4a-91bc-82dc24f26788<br>https://srv.clickfuse.com/ads/adclkr.php?id=100006636&url=https://tv.apple.com/cz/movie/american-gangster/umc.cmc.38xvbpqapyw5yrpq36aq49ox6<br>https://www.youtube.com/watch?v=3WwH9Gu5pu0<br>https://apps.apple.com/cz/app/id6755365206<br>https://play.google.com/store/apps/details?id=cz.csfd.csfdroid<br>;Academy Awards (2x)<br>British Academy of Film and Television Arts (BAFTA) (5x)<br>Golden Globes (3x)<br>Critics Choice Awards (2x)<br>;;Mark Jacobson
7698;Sbal prachy a vypadni;1998;86.73458963950644;107.0;https://image.pmgstatic.com/cache/resized/w420/files/images/film/posters/165/666/165666131_ea7320.jpg;https://www.csfd.cz/film/7698-sbal-prachy-a-vypadni/;Velká Británie;Krimi / Thriller / Komedie;Lock, Stock and Two Smoking Barrels;Eddy je brilantní karbaník. Sto tisíc liber, které dal společně s kamarády dohromady, by mohl během jediného večera několikanásobně rozmnožit. Risk je zisk, ale ne vždycky. Eddy narazil na profesionály a za několik hodin prohrál 600 000 liber. Počty profesionálních hráčů jsou jednoduché. Eddy a jeho kámoši Tom, Bacon a Soap musí do týdne sehnat půl miliónu nebo začnou pomalu přicházet o prstíčky. I v tak velkém městě jako je Londýn se tak velký balík nedává dohromady snadno. Naštěstí bizarní londýnské podsvětí nabízí šikovným chlapíkům pár možností, jak rychle přijít k penězům...;15.07.1999 Falcon;muž, násilí, útěk, zbraně, peníze, drogy, podvod, kamarádi, gangsteři, mafie, podsvětí (svět zločinu), loupež, střelné zbraně, přepadení, přestřelka, střelba, Londýn, bar, dluhy, drogový dealer, kuchaři, drogový kartel, hazard, marihuana, most, telefon, lichva, ublížení na zdraví, heist movie, výroba drog, pěstování marihuany;Guy Ritchie;Jason Flemyng, Dexter Fletcher, Nick Moran, Jason Statham, Steven Mackintosh, Nicholas Rowe, Vinnie Jones, Lenny McLean, Peter McNicholl, P.H. Moriarty;https://www.hbomax.com/cz/en/movies/lock-stock-and-two-smoking-barrels/9881751f-ebdc-4fed-b6be-d1716028b238<br>https://srv.clickfuse.com/ads/adclkr.php?id=100006636&url=https://tv.apple.com/cz/movie/lock-stock-and-two-smoking-barrels/umc.cmc.6h9x0cz5gx347hod2h03icb4z<br>https://www.hbomax.com/cz/en/movies/lock-stock-and-two-smoking-barrels/9881751f-ebdc-4fed-b6be-d1716028b238<br>https://srv.clickfuse.com/ads/adclkr.php?id=100006636&url=https://tv.apple.com/cz/movie/lock-stock-and-two-smoking-barrels/umc.cmc.6h9x0cz5gx347hod2h03icb4z<br>https://apps.apple.com/cz/app/id6755365206<br>https://play.google.com/store/apps/details?id=cz.csfd.csfdroid<br>;British Academy of Film and Television Arts (BAFTA) (3x)<br>British Independent Film Awards (BIFA) (4x)<br>;British Academy of Film and Television Arts (BAFTA) (1x)<br>British Independent Film Awards (BIFA) (1x)<br>;
2335;Zjizvená tvář;1983;86.74905900832815;170.0;https://image.pmgstatic.com/cache/resized/w420/files/images/film/posters/000/041/41696_9b779b.jpg;https://www.csfd.cz/film/2335-zjizvena-tvar/;USA;Krimi / Drama / Thriller;Scarface;"Na mrtvolách svých konkurentů chtěl vybudovat americký sen... Klasické drama Howarda Hawkse Zjizvená tvář (1932), inspirované osudem proslulého chicagského gangstera Ala Caponea, se po více než padesáti letech dočkalo nového zpracování. Scenárista Oliver Stone a režisér Brian De Palma ovšem děj posunuli do současnosti, italského zločince nahradili kubánským emigrantem a pašování alkoholu distribucí drog. V létě roku 1980 emigrovalo z kubánského přístavu Mariel se souhlasem Fidela Castra 125 000 lidí. Zhruba pětina z nich měla kriminální záznam, neboť Castro se potřeboval zbavit „nežádoucích"" osob. Asi polovina utečenců se usídlila v Miami a jeho okolí. Tato událost tvoří prolog nové verze Zjizvené tváře. Jeden z emigrantů Tony Montana (Al Pacino) se velmi rychle adaptuje v nových podmínkách svobodného světa. Se svým přítelem Mannym (Steven Bauer, jediný rodilý Kubánec mezi hlavními herci) vykonávají příležitostné práce v místním podsvětí a při jedné předávce drog skončí v jejich rukou ukradené peníze, za něž Montana vybuduje vlastní drogové impérium. S mocí a bohatstvím ovšem roste i jeho ego a především paranoia, že jej o jeho výdobytky připraví někdo stejným způsobem, jako to udělal on... Režisér De Palma svůj snímek natočil efektním, rozmáchlým stylem, v němž se opřel o téměř maniakální výkon Ala Pacina. Spíš než u původní Zjizvené tváře hledal inspiraci u Coppolova Kmotra, což je zřejmé už z Pacinova obsazení. Mezi dalšími herci zaujmou tehdy ještě málo známé Michelle Pfeifferová (Montanova žena Elvira) a Mary Elizabeth Mastrantoniová (Montanova sestra Gina). (Česká televize)";09.12.1983 Universal Pictures US;podle knihy, láska, vražda, násilí, zbraně, pomsta, peníze, drogy, krev, mrtvola, dům, gangsteři, mafie, nenávist, gang, podsvětí (svět zločinu), přistěhovalci, imigrace, pláž, neo-noir, pašování, emigrace, Kuba, Miami, Florida;Brian De Palma;Al Pacino, Steven Bauer, Michelle Pfeiffer, Mary Elizabeth Mastrantonio, Robert Loggia, Miriam Colon, F. Murray Abraham, Paul Shenar, Harris Yulin, Ángel Salazar;https://www.skyshowtime.com/cz/stream/movies/zjizvena-tvar/6be0a75d-5a84-3912-a60a-61d8aa5c756e<br>https://srv.clickfuse.com/ads/adclkr.php?id=100006636&url=https://tv.apple.com/cz/movie/scarface/umc.cmc.5s65ef1j9sxh2wrizh9v6mvf8<br>https://www.youtube.com/watch?v=4h9Itj959Mc<br>http://www.ceskatelevize.cz<br>http://www.ceskatelevize.cz<br>https://www.skyshowtime.com/cz/stream/movies/zjizvena-tvar/6be0a75d-5a84-3912-a60a-61d8aa5c756e<br>https://srv.clickfuse.com/ads/adclkr.php?id=100006636&url=https://tv.apple.com/cz/movie/scarface/umc.cmc.5s65ef1j9sxh2wrizh9v6mvf8<br>https://www.youtube.com/watch?v=4h9Itj959Mc<br>https://apps.apple.com/cz/app/id6755365206<br>https://play.google.com/store/apps/details?id=cz.csfd.csfdroid<br>;Golden Globes (3x)<br>Golden Raspberry Awards (Razzies) (1x)<br>;;Armitage Trail
136224;Batman začíná;2005;86.57620483521134;140.0;https://image.pmgstatic.com/cache/resized/w420/files/images/film/posters/158/603/158603120_c2eb41.jpg;https://www.csfd.cz/film/136224-batman-zacina/;USA / Velká Británie;Akční / Dobrodružný;Batman Begins;Film popisuje počátky legendy o tajemném Batmanovi a zjevení Temného rytíře coby síly dobra v Gotham City. Zklamaný dědic továren Bruce Wayne cestuje těsně po úmrtí svých rodičů po světě a hledá způsob, jakým by bojoval s nespravedlností a jak by obrátil strach proti těm, kteří okrádají bázlivé. Po čase se vrací zpět do Gotham City a vzápětí vypouští do světa své druhé já, maskovaného bojovníka Batmana, který používá svoji sílu, inteligenci a řadu svých technických vymožeností k boji proti zlověstným silám, které ohrožují město...;17.06.2005 Warner Bros. UK;vražda, násilí, tajemství, rodiče, policie, město, pomsta, peníze, souboje, detektiv, nenávist, gang, podle komiksu, korupce, bojová umění, superhrdina, reportéři, dědictví, DC Comics, psychiatrická léčebna, požár, sluha, automobilová honička, výcvik, halucinace, jeskyně, Batman, Scarecrow (DC Comics), Ra's al Ghul, Mr. Zsasz;Christopher Nolan;Christian Bale, Michael Caine, Liam Neeson, Katie Holmes, Gary Oldman, Cillian Murphy, Tom Wilkinson, Rutger Hauer, Linus Roache, Mark Boone Junior;https://www.netflix.com/title/70021642<br>https://srv.clickfuse.com/ads/adclkr.php?id=100006636&url=https://tv.apple.com/cz/movie/batman-begins/umc.cmc.3hb1d6tch6co0qrrcbmleflf2<br>https://www.youtube.com/watch?v=bGoPTND-Au8<br>https://www.netflix.com/title/70021642<br>https://srv.clickfuse.com/ads/adclkr.php?id=100006636&url=https://tv.apple.com/cz/movie/batman-begins/umc.cmc.3hb1d6tch6co0qrrcbmleflf2<br>https://www.youtube.com/watch?v=bGoPTND-Au8<br>https://apps.apple.com/cz/app/id6755365206<br>https://play.google.com/store/apps/details?id=cz.csfd.csfdroid<br>;Academy Awards (1x)<br>British Academy of Film and Television Arts (BAFTA) (3x)<br>The Saturn Awards (7x)<br>Golden Raspberry Awards (Razzies) (1x)<br>;The Saturn Awards (3x)<br>;Bob Kane, Bill Finger
8545;Vrchní, prchni!;1980;86.58627140595769;85.0;https://image.pmgstatic.com/cache/resized/w420/files/images/film/posters/162/006/162006595_2cb1ea.jpg;https://www.csfd.cz/film/8545-vrchni-prchni/;Československo;Komedie;Waiter, Scarper!;Knikupec Dalibor Vrána věru nemá lehké žití. Líbí se ženám, a ty se zase líbí jemu, a protože je Dalibor mužem činu, značnou část jeho poctivě nabytého výdělku polknou alimenty. Svou svízelnou finanční situaci se rozhodne vylepšit způsobem zcela originálním. Využije toho, že si jej lidé v restauracích často pletou s číšníkem a začne inkasovat. Netrvá dlouho a stane se nepolapitelným fantomem pražských (a později i mimopražských) restaurací, postrachem liknavých číšníků. Je stále odvážnější a úspěšně se mu daří před manželkou i okolím maskovat zdroj příjmů tvrzením, že si vydělává v nočních podnicích hrou na housle. V Karlových Varech se mu podaří husarský kousek, když zorganizuje honičku místních číšníků sám na sebe. Jenže jak se říká, tak dlouho se chodí pro vodu, až...;V TV od 31.12.1983 Československá televize;žena, děti, vězení, podvod, muzikant, restaurace, Praha, housle, číšník, knihkupectví;Ladislav Smoljak;Josef Abrhám, Libuše Šafránková, Eliška Balzerová, Zuzana Fišerová-Svátková, Zdeněk Svěrák, Dáda Patrasová, Jiří Kodet, Karel Augusta, Bedřich Prokoš, Jiří Hálek;https://www.netflix.com/title/81289305<br>https://www.iprima.cz/filmy/vrchni-prchni?utm_source=csfd&utm_medium=section_vod&utm_campaign=link_exchange<br>https://www.netflix.com/title/81289305<br>https://www.iprima.cz/filmy/vrchni-prchni?utm_source=csfd&utm_medium=section_vod&utm_campaign=link_exchange<br>https://apps.apple.com/cz/app/id6755365206<br>https://play.google.com/store/apps/details?id=cz.csfd.csfdroid<br>;;;
8266;Černý jestřáb sestřelen;2001;86.61298115638589;145.0;https://image.pmgstatic.com/cache/resized/w420/files/images/film/posters/158/599/158599622_14f925.jpg;https://www.csfd.cz/film/8266-cerny-jestrab-sestrelen/;USA / Velká Británie;Akční / Válečný / Drama;Black Hawk Down;Část elitní jednotky armády USA je v roce 1993 poslána do somálského Mogadishu, aby se stala součástí mírové operace Spojených národů. Úkolem mise je unést několik vysokých důstojníků somálského diktátora. Jde o součást strategického plánu na potlačení občanské války, která zuří po celé zemi. Ovšem zdánlivě bezpečně naplánovaná mise se obrátí nesprávným směrem. Rangers i veteráni musí bok po boku bojovat proti zdrcující přesile a prchat za nepřátelskými liniemi dokud se záchrannému konvoji nepodaří vyrazit k jejich záchraně. V těžkém boji umírají přátelé, formují se vztahy, chlapci se stávají muži a vojáci se učí jak vypadá skutečná tvář války a hrdinství.;18.01.2002 Columbia/Sony;podle knihy, muž, smrt, 20. století, násilí, strach, město, zbraně, oběť (autonehody/zločinu), pátrání, politika, vojáci, podle skutečného příběhu, kolegové, boj o přežití, válka, armáda, zranění, nehoda, korupce, Afrika, období 1990-2000, vrtulník, speciální jednotky, letecká nehoda, podzim, tank, OSN;Ridley Scott;Josh Hartnett, Ewan McGregor, Tom Sizemore, Eric Bana, William Fichtner, Ewen Bremner, Sam Shepard, Gabriel Casseus, Kim Coates, Hugh Dancy;https://www.hbomax.com/cz/en/movies/black-hawk-down/29e5ea6c-c3df-4e52-b176-75ad0109cb4e<br>https://srv.clickfuse.com/ads/adclkr.php?id=100006636&url=https://tv.apple.com/cz/movie/black-hawk-down/umc.cmc.54i1kouogtrem4mgqc068agfk<br>https://www.youtube.com/watch?v=KcUow-eVShQ<br>https://www.hbomax.com/cz/en/movies/black-hawk-down/29e5ea6c-c3df-4e52-b176-75ad0109cb4e<br>https://srv.clickfuse.com/ads/adclkr.php?id=100006636&url=https://tv.apple.com/cz/movie/black-hawk-down/umc.cmc.54i1kouogtrem4mgqc068agfk<br>https://www.youtube.com/watch?v=KcUow-eVShQ<br>https://apps.apple.com/cz/app/id6755365206<br>https://play.google.com/store/apps/details?id=cz.csfd.csfdroid<br>;Academy Awards (2x)<br>British Academy of Film and Television Arts (BAFTA) (3x)<br>The Saturn Awards (2x)<br>;Academy Awards (2x)<br>;Mark Bowden
6648;Predátor;1987;86.61609498680738;107.0;https://image.pmgstatic.com/cache/resized/w420/files/images/film/posters/160/570/160570338_5d8063.jpg;https://www.csfd.cz/film/6648-predator/;USA;Akční / Sci-Fi / Horor;Predator;V džungli přistane kosmická loď, na jejíž palubě je dokonale vybavený mimozemský nimrod. Lovnou zvěří se pro něj stávají nejen dravci obývající džungli, ale také lidé. To je prolog slavného filmu, který je oblíbenou žánrovou kombinací akčních příběhů o amerických komandos, hororu a SF. Oddíl pod vedením zkušeného majora Dutche Schaefera je vysazen na nepřátelském území, kde má uprostřed džungle vysvobodit několik amerických vojáků ze zajetí partyzánů. Po úspěšně provedené akci se však američtí vojáci musí utkat s daleko tajemnějším a nebezpečnějším nepřítelem. Džungle se mění v past, z níž není úniku a američtí hrdinové poprvé v životě poznávají, co je to strach. Film, který dnes již bývá řazen ke klasice žánru, zaujme především napětím a houstnoucí atmosférou strachu, kdy jsou američtí supermani pomalu vyváděni z rutinní statečnosti a rovnováhy. Stejně zdařilé je i pojetí mimozemšťana, neostré, děsivě tajuplné postavy, využívající dokonalé mimikry, jehož přítomnost signalizuje pouze termografie jeho pohledu. Teprve v závěrečné scéně se na scéně objevují v celé hrůznosti dokonalé masky Stana Winstona.;12.06.1987 20th Century Fox;násilí, zbraně, boj o přežití, gore, mimozemšťané, džungle, lov, výbuch, past, vrtulník, speciální jednotky, Střední Amerika, neviditelnost, Guatemala;John McTiernan;Arnold Schwarzenegger, Carl Weathers, Elpidia Carrillo, Bill Duke, Jesse Ventura, Sonny Landham, Richard Chaves, R.G. Armstrong, Shane Black, Kevin Peter Hall;https://srv.tunefindforfans.com/showads/track/srvclk.php?aid=100006796&lp=https://www.disneyplus.com/en-cz/browse/entity-784d3d44-0cf3-429c-a372-bbf8ecbedba7<br>https://srv.clickfuse.com/ads/adclkr.php?id=100006636&url=https://tv.apple.com/cz/movie/predator/umc.cmc.4axzo5v4q64albtyks88pbp01<br>https://www.youtube.com/watch?v=K0LhFxZXIq0<br>https://srv.tunefindforfans.com/showads/track/srvclk.php?aid=100006796&lp=https://www.disneyplus.com/en-cz/browse/entity-784d3d44-0cf3-429c-a372-bbf8ecbedba7<br>https://srv.clickfuse.com/ads/adclkr.php?id=100006636&url=https://tv.apple.com/cz/movie/predator/umc.cmc.4axzo5v4q64albtyks88pbp01<br>https://www.youtube.com/watch?v=K0LhFxZXIq0<br>https://apps.apple.com/cz/app/id6755365206<br>https://play.google.com/store/apps/details?id=cz.csfd.csfdroid<br>;Academy Awards (1x)<br>The Saturn Awards (3x)<br>;The Saturn Awards (1x)<br>;
3311;12 opic;1995;86.57952213912237;124.0;https://image.pmgstatic.com/cache/resized/w420/files/images/film/posters/169/430/169430199_24z9ut.jpg;https://www.csfd.cz/film/3311-12-opic/;USA;Mysteriózní / Sci-Fi / Thriller;Dvanáct opic;"James Cole (Bruce Willis) prožil převážnou většinu svého života v podzemí. Nyní, v roce 2025, žije v ponuré, tmavé, zasněžené přítomnosti. Začalo to už na konci dvacátého století, kdy během dvou let (1996 a 1997) zemřelo přičiněním neznámého bídáka, který vypustil do ovzduší nebezpečný vir, pět miliard obyvatel zeměkoule. Zůstalo jen jedno procento lidí, kteří se teď krčí jako krtci pod zemí. Hrstka lidí se s tím ale nehodlá jenom tak smířit, a proto vysílá do minulosti prostřednictvím stroje času ""nedobrovolné dobrovolníky"" z řad vězňů. Jejich úkolem v podstatě není spasit svět a odvrátit neštěstí - co se stalo, nejde odestát. Mají jen pozorovat, sbírat vzorky a odhalit zdroj nákazy, původ všeho zla. Vědci už pak zajistí vše ostatní, vyvinou protilátku a zařídí, aby se lidstvo jednadvacátého století mohlo vrátit zpátky na povrch zemský...";05.01.1996 Universal Pictures US;šílenství, duševní porucha, postapokalyptická budoucnost, cestování časem, virus, psychiatrická léčebna, antiutopie, apokalypsa, podzemí, kyberpunk, biologické zbraně;Terry Gilliam;Bruce Willis, Madeleine Stowe, Brad Pitt, Christopher Plummer, Jon Seda, David Morse, Bill Raymond, Frank Gorshin, Chuck Jeffreys, Matt Ross;https://srv.clickfuse.com/ads/adclkr.php?id=100006636&url=https://tv.apple.com/cz/movie/12-monkeys/umc.cmc.49nuxpa3uc9ezls951h0ra32r<br>https://srv.clickfuse.com/ads/adclkr.php?id=100006636&url=https://tv.apple.com/cz/movie/12-monkeys/umc.cmc.49nuxpa3uc9ezls951h0ra32r<br>https://apps.apple.com/cz/app/id6755365206<br>https://play.google.com/store/apps/details?id=cz.csfd.csfdroid<br>;Academy Awards (2x)<br>The Saturn Awards (5x)<br>Berlinale (Berlin International Film Festival) (1x)<br>;Golden Globes (1x)<br>The Saturn Awards (3x)<br>;
16103;Rocky;1976;86.57468788908706;115.0;https://image.pmgstatic.com/cache/resized/w420/files/images/film/posters/000/014/14020_8668f6.jpg;https://www.csfd.cz/film/16103-rocky/;USA;Drama / Sportovní;Rocky;Slavné boxerské drama outsidera, který dostal šanci a zvítězil sám nad sebou. Titulní hrdina, neúspěšný třicetiletý boxer Rocky Balboa, pracuje jako výběrčí dluhů pro místního lichváře, boxuje v pokoutních zápasech a neúspěšně se dvoří Adrian, plaché prodavačce v obchodě s drobným zvířectvem. V době, kdy bývalý trenér vyhodí Rockyho z tělocvičny, protože se mu zdá, že jako boxer promrhal svůj talent a je vyřízená existence, chystá se ve Filadelfii boj o titul mistra světa v těžké váze. Protože se však vyzyvatel zranil a nemůže k zápasu nastoupit, vyhlásí obhájce titulu Apollo Creed, že bude boxovat s kterýmkoli místním boxerem, protože chce dokázat, že Amerika je zemí, v níž má každý šanci uspět. Vybere si Rockyho, protože se mu líbí jeho přezdívka Italský hřebec, slibující dobrou publicitu. Zatímco se Rocky nesměle sbližuje s Adrian, rozjíždí se velkolepá reklamní kampaň. Rockyho zpovídají televizní reportéři, píše se o něm v novinách. Všichni se ovšem vysmívají jeho bezelstnosti a nikdo mu nedává sebemenší šanci. Přijde za ním bývalý trenér Mickey, nabízí mu své služby jako trenér a manažer. Rocky jej nejprve vyhodí, ale pak souhlasí. Začíná tvrdý trénink. Běhá, boxuje a postupně se dostává do fyzické i psychické kondice, také díky tomu, že se k němu nastěhuje Adrian. V noci před zápasem se jí Rocky svěří, že chce s Creedem vybojovat rovnocenný zápas, i když si uvědomuje své minimální šance. 1. ledna 1976 je hala vyprodána. Začíná velkolepá podívaná, kterou je boj o titul mistra světa. Překvapený Apollo Creed, pro něhož je zápas, stejně jako pro diváky, pouze show pro pobavení, jde hned v prvním kole po Rockyho ráně k zemi. Teprve pak začne opravdový zápas. Rocky bojuje jako o život, několikrát jde k zemi, ale pokaždé se zvedne.;03.12.1976 United Artists;láska, přátelství, násilí, sourozenci, Vánoce, souboje, gangsteři, samota, trénink, trenér, box;John G. Avildsen;Sylvester Stallone, Talia Shire, Burt Young, Carl Weathers, Burgess Meredith, Thayer David, Joe Spinell, Jimmy Gambina, Bill Baldwin, Al Silvani;https://srv.clickfuse.com/ads/adclkr.php?id=100006636&url=https://tv.apple.com/cz/movie/rocky/umc.cmc.s32qp1txtrpzqz861on1fjot<br>https://www.youtube.com/watch?v=V1LIfIFPb7M<br>https://srv.clickfuse.com/ads/adclkr.php?id=100006636&url=https://tv.apple.com/cz/movie/rocky/umc.cmc.s32qp1txtrpzqz861on1fjot<br>https://www.youtube.com/watch?v=V1LIfIFPb7M<br>https://apps.apple.com/cz/app/id6755365206<br>https://play.google.com/store/apps/details?id=cz.csfd.csfdroid<br>;Academy Awards (7x)<br>British Academy of Film and Television Arts (BAFTA) (5x)<br>Golden Globes (5x)<br>The Saturn Awards (1x)<br>;Academy Awards (3x)<br>Golden Globes (1x)<br>Los Angeles Film Critics Association Awards (1x)<br>New York Film Critics Circle Awards (1x)<br>;
45608;Osudový dotek;2004;86.62275813152296;113.0;https://image.pmgstatic.com/cache/resized/w420/files/images/film/posters/159/449/159449892_0f24ad.jpg;https://www.csfd.cz/film/45608-osudovy-dotek/;USA;Sci-Fi / Mysteriózní / Thriller;The Butterfly Effect;;23.01.2004 New Line Cinema;láska, rodina, smrt, dívka, otec, rodiče, mládež, touha, syn, chlapec, škola, vzpomínky, sourozenci, vězení, trauma, nemocnice, žárlivost, nehoda, vysoká škola, experiment, cestování časem, výbuch, psychiatrická léčebna, amnézie, časová smyčka, amputace;Jonathan Mackye Gruber, Eric Bress;Ashton Kutcher, Amy Smart, Melora Walters, Eric Stoltz, John Patrick Amedori, Elden Henson, Kevin G. Schmidt, Kevin Durand, William Lee Scott, Ethan Suplee;/tvurce/48968-jackson-rathbone/prehled/<br>https://apps.apple.com/cz/app/id6755365206<br>https://play.google.com/store/apps/details?id=cz.csfd.csfdroid<br>;The Saturn Awards (1x)<br>;;
4999;Obchod na korze;1965;86.65436387320885;128.0;https://image.pmgstatic.com/cache/resized/w420/files/images/film/posters/166/699/166699089_b48768.jpg;https://www.csfd.cz/film/4999-obchod-na-korze/;Československo;Drama / Válečný;Obchod na korze;"V roce 1942 přijímá fašistická vláda tzv. Slovenského štátu norimberské zákony. Zabavené židovské podniky předává do rukou prověřených slovenských občanů. Truhlář Tono Brtko (Jozef Króner), poctivý a slušný člověk, pod nátlakem chamtivé manželky a vysoce postaveného švagra neochotně přijme arizační dekret na galanterní krámek stařičké paní Rozálie Lautmannové (Ida Kamińska). Polohluchá paní nechápe, co se v zemi děje, a považuje Tona za svého pomocníka. Doma a na veřejnosti ovšem Brtko předstírá, že „arizuje"". Ve skutečnosti u paní Lautmannové renovuje letitý nábytek, zatímco ona o něj pečuje jako o syna. Nadejde však den, kdy všichni Židé z městečka obdrží předvolání k transportu a Tono musí přiznat barvu... (Česká televize)";V TV od 22.01.1967 Československá televize;podle knihy, černobílý film, rodina, 20. století, strach, manželé, období 1940-1950, 2. světová válka, politika, vojáci, armáda, stáří, nacisté, léto, nacismus, sousedi, Židé, maloměsto, holocaust, antisemitismus, kolaborace, Slovenský stát;Ján Kadár, Elmar Klos;Ida Kamińska, Jozef Kroner, František Zvarík, Hana Slivková, Martin Hollý st., Elena Zvaríková-Pappová, Martin Gregor, Adam Matejka, Mikuláš Ladižinský, Alojz Kramár;https://srv.clickfuse.com/ads/adclkr.php?id=100006636&url=https://tv.apple.com/cz/movie/the-shop-on-main-street/umc.cmc.5m7dgkn6smjpt8ohjerda0mzt<br>http://www.ceskatelevize.cz<br>http://www.ceskatelevize.cz<br>https://srv.clickfuse.com/ads/adclkr.php?id=100006636&url=https://tv.apple.com/cz/movie/the-shop-on-main-street/umc.cmc.5m7dgkn6smjpt8ohjerda0mzt<br>https://apps.apple.com/cz/app/id6755365206<br>https://play.google.com/store/apps/details?id=cz.csfd.csfdroid<br>;Academy Awards (1x)<br>Golden Globes (1x)<br>New York Film Critics Circle Awards (1x)<br>Cannes Film Festival (1x)<br>;Academy Awards (1x)<br>New York Film Critics Circle Awards (1x)<br>;Ladislav Grosman
1000488;Třináct životů;2022;86.7175572519084;149.0;https://image.pmgstatic.com/cache/resized/w420/files/images/film/posters/166/441/166441490_aaadab.jpg;https://www.csfd.cz/film/1000488-trinact-zivotu/;Velká Británie;Drama / Dobrodružný;Thirteen Lives;;Na VOD od 05.08.2022 Prime Video;muž, přátelství, přátelé, děti, rodiče, strach, mládež, chlapec, podle skutečného příběhu, kolegové, boj o přežití, kamarádi, doktoři, naděje, voda, fotbal, cizinec (někdo ze zahraničí), Asie, média, trenér, týmová práce, jeskyně, období 2010-2020, podzemí, záchranáři, potápění, déšť, Thajsko, záchranná operace, povodeň;Ron Howard;Viggo Mortensen, Colin Farrell, Joel Edgerton, Paul Gleeson, Tom Bateman, Nophand Boonyai, Teeradon Supapunpinyo, Achi Jinapanyo, Teerawat Mulvilai, Pattrakorn Tungsupakul;https://srv.clickfuse.com/ads/adclkr.php?id=100006636&url=https://tv.apple.com/cz/movie/thirteen-lives/umc.cmc.2rxldklgqrk5i0woci7dsrwyu<br>https://srv.clickfuse.com/ads/adclkr.php?id=100006636&url=https://tv.apple.com/cz/movie/thirteen-lives/umc.cmc.2rxldklgqrk5i0woci7dsrwyu<br>https://apps.apple.com/cz/app/id6755365206<br>https://play.google.com/store/apps/details?id=cz.csfd.csfdroid<br>;;;
6995;Memento;2000;86.54615108344308;113.0;https://image.pmgstatic.com/cache/resized/w420/files/images/film/posters/169/571/169571616_e78cwd.jpg;https://www.csfd.cz/film/6995-memento/;USA;Mysteriózní / Thriller / Psychologický;Memento;"Začne to fotografií a vzkazem na ní: ""Zab ho!"" A od té chvíle se odvíjí tajemný a drsný příběh Leonarda. Jeho žena byla napadena, zavražděna a on si skoro nic nepamatuje. Jeho krátkodobá paměť je pryč. Leonard se ale musí pomstít. Okamžitě jde po vrahovi. Aby nějak kompenzoval výpadky paměti, všechno si fotí, cvaká spouští na svém Polaroidu jako blázen a podstatná fakta si nechává tetovat na tělo. Story je vyprávěna zvláštním způsobem. Každá důležitá filmová scéna končí tam, kde předchozí začala, a tak musíme být pozorní, abychom ten zvláštní propletenec dějů a potkávajících se postav dobře vnímali. K hlavnímu hrdinovi se přidávají další - ukecaný Teddy a barmanka Natalie. Všichni jsou s vraždou nějak propojeni. Ale pořád se nám do mysli vnucuje klíčová otázka: Je skutečně vrahem John G, jehož jméno má Leonard vytetováno na prsou?";25.05.2001 Newmarket Films;muž, žena, smrt, vražda, tajemství, manželé, záhady, zbraně, vyšetřování, vrah, pátrání, vzpomínky, pomsta, manipulace, lež, pronásledování, zločin, podvod, mrtvola, bolest, kriminalita, smutek, trauma, nenávist, dilema, naděje, zranění, střelné zbraně, manželství, krutost, paranoia, podle povídky, chladnokrevnost, střelba, odplata, vztek, cizinec (neznámý člověk), oběť (někomu/něčemu), místo činu, těžký úraz, vdovec, amnézie, revolver, femme fatale, oběť (rituální), tetování;Christopher Nolan;Guy Pearce, Carrie-Anne Moss, Joe Pantoliano, Mark Boone Junior, Jorja Fox, Stephen Tobolowsky, Harriet Sansom Harris, Thomas Lennon, Callum Keith Rennie, Marianne Muellerleile;https://apps.apple.com/cz/app/id6755365206<br>https://play.google.com/store/apps/details?id=cz.csfd.csfdroid<br>;Academy Awards (2x)<br>Independent Spirit Awards (1x)<br>Golden Globes (1x)<br>Critics Choice Awards (1x)<br>New York Film Critics Circle Awards (1x)<br>The Saturn Awards (2x)<br>Sundance Film Festival (1x)<br>;Independent Spirit Awards (4x)<br>British Independent Film Awards (BIFA) (1x)<br>Critics Choice Awards (1x)<br>Florida Film Critics Circle Awards (1x)<br>Los Angeles Film Critics Association Awards (1x)<br>The Saturn Awards (1x)<br>Sundance Film Festival (1x)<br>Sitges Film Festival (1x)<br>;Jonathan Nolan
6741;Lví král;1994;86.54475252985976;89.0;https://image.pmgstatic.com/cache/resized/w420/files/images/film/posters/160/858/160858956_0f7846.jpg;https://www.csfd.cz/film/6741-lvi-kral/;USA;Animovaný / Dobrodružný / Drama / Rodinný / Muzikál;The Lion King;Zdivočelé stádo hnané na Scarův příkaz potměšilými hyenami by bezbranného Simbu určitě zadupalo do země, kdyby jej nezachránil jeho otec Mufasa. Při zoufalé záchraně však zahyne. Protřelému Scarovi pak nedá moc práce přesvědčit vyděšeného Simbu, že je zodpovědný za otcovu smrt a měl by neodkladně uprchnout! A tak se Scar se svojí suitou konečně dostane k moci - zatímco Simba si najde nové zvířecí přátele Pumbu a Timona, s nimiž v duchu bezstarostné filozofie Hakuna Matata vyroste do majestátní lví podoby. Ale země jeho otce strádá, královská krev se nezapře a kdesi na hvězdné obloze si Mufasa hluboce oddychl, když probuzený Simba razantně vyrazil v jeho královské stopě...;24.06.1994 Buena Vista Pictures US;láska, smrt, přátelství, vražda, otec, zvířata, dospívání, lež, zrada, Afrika, král, džungle, odpuštění, opice, prasata, lvi, hyeny, surikaty;Roger Allers, Rob Minkoff;Matthew Broderick, Jeremy Irons, James Earl Jones, Moira Kelly, Nathan Lane, Ernie Sabella, Jonathan Taylor Thomas, Robert Guillaume, Rowan Atkinson, Madge Sinclair;https://srv.tunefindforfans.com/showads/track/srvclk.php?aid=100006796&lp=https://www.disneyplus.com/en-cz/browse/entity-a3ae7371-39a5-4c0b-a1f2-29a70b372848<br>https://srv.clickfuse.com/ads/adclkr.php?id=100006636&url=https://tv.apple.com/cz/movie/the-lion-king/umc.cmc.hzw12vgjjoz0tf0jn5m0x8i4<br>/novinky/8431-disney100-koncert/<br>/novinky/8431-disney100-koncert/<br>/novinky/8431-disney100-koncert/<br>https://srv.tunefindforfans.com/showads/track/srvclk.php?aid=100006796&lp=https://www.disneyplus.com/en-cz/browse/entity-a3ae7371-39a5-4c0b-a1f2-29a70b372848<br>https://srv.clickfuse.com/ads/adclkr.php?id=100006636&url=https://tv.apple.com/cz/movie/the-lion-king/umc.cmc.hzw12vgjjoz0tf0jn5m0x8i4<br>https://apps.apple.com/cz/app/id6755365206<br>https://play.google.com/store/apps/details?id=cz.csfd.csfdroid<br>;Academy Awards (2x)<br>British Academy of Film and Television Arts (BAFTA) (2x)<br>Amanda Awards (1x)<br>Golden Globes (1x)<br>The Saturn Awards (3x)<br>;Academy Awards (2x)<br>Golden Globes (3x)<br>Los Angeles Film Critics Association Awards (1x)<br>;
2439;Smrtonosná zbraň 2;1989;86.56130465654275;107.0;https://image.pmgstatic.com/cache/resized/w420/files/images/film/posters/000/002/2366_b7c0c1.jpg;https://www.csfd.cz/film/2439-smrtonosna-zbran-2/;USA;Akční / Krimi / Thriller;Lethal Weapon 2;"Los Angeles. Policisté Martin Riggs a Roger Murtaugh jsou na stopě pašeráků drog. Sledování účetního Lea Getze, který zpronevěřil mafiánské peníze, je přivádí k jihoafrickému diplomatovi Ruddovi. Oba detektivové mají dostatek důkazů, ale Rudd a jeho zabijáci pod rouškou diplomatické imunity nerušeně pracují dál. Riggs, přezdívaný ""Smrtonosná zbraň"", se uchyluje k nevybíravým metodám. Využije proti Ruddovi i jeho přitažlivou sekretářku. Mezi gangstery a oběma policisty vypukne nevyhlášená válka. Murtaugh se štěstím unikne nastražené bombě a Riggsův karavan se po setkání s Ruddovými muži změní v rozstřílenou trosku. Nezničitelní detektivové však pomalu získávají převahu a Rudd se chystá k ústupu. Schyluje se k rozhodujícímu střetnutí v docích losangelského přístavu...";07.07.1989 Warner Bros. US;žena, rodina, smrt, přátelství, přátelé, vražda, 20. století, otec, matka, rodiče, policie, dcera, vrah, drogy, mafie, období 1980-1990, pašování, automobilová honička, apartheid;Richard Donner;Mel Gibson, Danny Glover, Joe Pesci, Joss Ackland, Derrick O'Connor, Patsy Kensit, Darlene Love, Traci Wolfe, Steve Kahan, Mark Rolston;https://srv.clickfuse.com/ads/adclkr.php?id=100006636&url=https://tv.apple.com/cz/movie/lethal-weapon-2/umc.cmc.2r0mx0rv7dc43avenzuenx3qz<br>https://www.youtube.com/watch?v=sUkTb3xgirM<br>https://srv.clickfuse.com/ads/adclkr.php?id=100006636&url=https://tv.apple.com/cz/movie/lethal-weapon-2/umc.cmc.2r0mx0rv7dc43avenzuenx3qz<br>https://www.youtube.com/watch?v=sUkTb3xgirM<br>https://apps.apple.com/cz/app/id6755365206<br>https://play.google.com/store/apps/details?id=cz.csfd.csfdroid<br>;Academy Awards (1x)<br>;;
83776;Sněhurka a sedm trpaslíků;1937;86.55149647887323;83.0;https://image.pmgstatic.com/cache/resized/w420/files/images/film/posters/163/185/163185902_3ec7bb.jpg;https://www.csfd.cz/film/83776-snehurka-a-sedm-trpasliku/;USA;Animovaný / Rodinný / Romantický / Muzikál / Pohádka;Snow White and the Seven Dwarfs;Sněhurka a sedm trpaslíků je prvním celovečerním animovaným příběhem, který byl kdy natočen. Sněhurka, za kterou získalo studio Walt Disney i svého prvního Oscara, započala tradici legendární Disneyovské rodinné zábavy, která se vyznačuje osobitým kouzlem, dobrou stavbou příběhu a bezvýhradně špičkovou animací. Příběh, ve kterém se mísí pohádkové kouzlo, dechberoucí napětí a neobyčejná odvaha, začíná jak jinak u kouzelného zrcadla. Kdo je na světě nejkrásnější? Zlá královna se dozvídá, že její půvab daleko převyšuje nevlastní dcera, Sněhurka. Proto se jí chce zbavit. Na útěku před nenávistí narazí Sněhurka na chaloupku, ve které žije sedm roztomilých trpaslíků Šmudla, Prófa, Štístko, Kejchal, Stydlín, Dřímal a nabručený Rejpal. Vzájemné setkání změní osudy každého z nich.;16.09.1938;láska, přátelství, přátelé, zvířata, podvod, les, zpěv, kouzla, podle povídky, královna, přání, lovci, trpaslíci, zrcadlo, Sněhurka, Disney Princess;David Hand;Roy Atwell, Stuart Buchanan, Adriana Caselotti, Pinto Colvig, Billy Gilbert, Otis Harlan, Moroni Olsen, Eddie Collins, Scotty Mattraw, Lucille La Verne;/tvurce/3426-walt-disney/prehled/<br>https://srv.tunefindforfans.com/showads/track/srvclk.php?aid=100006796&lp=https://www.disneyplus.com/en-cz/browse/entity-f51f7e6c-2d9a-443c-9831-f3cc22e822b4<br>/tvurce/3426-walt-disney/prehled/<br>/tvurce/3426-walt-disney/prehled/<br>/tvurce/3426-walt-disney/prehled/<br>/novinky/9360-hrana-snehurka-od-disneyho-miri-k-obrovskemu-propadaku/<br>/novinky/9360-hrana-snehurka-od-disneyho-miri-k-obrovskemu-propadaku/<br>/novinky/9360-hrana-snehurka-od-disneyho-miri-k-obrovskemu-propadaku/<br>/novinky/9345-u-disneyho-se-boji-reakci-na-novou-snehurku/<br>/novinky/9345-u-disneyho-se-boji-reakci-na-novou-snehurku/<br>/novinky/9345-u-disneyho-se-boji-reakci-na-novou-snehurku/<br>https://srv.tunefindforfans.com/showads/track/srvclk.php?aid=100006796&lp=https://www.disneyplus.com/en-cz/browse/entity-f51f7e6c-2d9a-443c-9831-f3cc22e822b4<br>/tag/1764-disney-princess/<br>https://apps.apple.com/cz/app/id6755365206<br>https://play.google.com/store/apps/details?id=cz.csfd.csfdroid<br>;Academy Awards (1x)<br>The Saturn Awards (1x)<br>Venice Film Festival (1x)<br>;Academy Awards (1x)<br>New York Film Critics Circle Awards (1x)<br>The Saturn Awards (1x)<br>;Jacob Grimm, Wilhelm Grimm
10102;Čarodějův učeň;1977;86.5671327936074;72.0;https://image.pmgstatic.com/cache/resized/w420/files/images/film/posters/158/113/158113916_35830b.jpg;https://www.csfd.cz/film/10102-carodejuv-ucen/;Československo / Západní Německo;Animovaný / Horor / Pohádka;Krabat;Kouzelný příběh o Krabatovi, pocházející původně z Indie a objevující se později v různých obměnách souboje čarodějova učně a mistra v mnoha zemích světa, je příběhem chlapce, který se na prahu dospělosti přiblížil temným silám a je jimi fascinován, dokud nepozná, že jej mohou zahubit. Převyprávění lužickosrbské legendy o Krabatovi (Krawatovi, Chorvatovi) z přelomu 17. a 18. století ze slezské Horní Lužice, již nám svým nenapodobitelným způsobem předkládá mistr českého filmu Karel Zeman na motivy knihy liberečáka Otfrieda Preusslera. Čarodějův učeň je o silách srdce, jež nelze změnit a jež ovládají naše city a jednání a mohou být zdrojem nenávisti i lásky, zloby, závisti či radosti. Je možné je využívat k dobrému či zlému (neboli k bílé i černé magii, jak se kdysi říkávalo). V tomto věčném souboji vede k osvobození z osidel zla jen cesta pevné vůle a víry v lásku.;01.03.1978 Ústřední půjčovna filmů;podle knihy, láska, děti, chlapec, podvod, kouzla, magie, zlo, sirotek, čarodějové, plošková animace;Karel Zeman;Luděk Munzar, Jaroslav Moučka, Christian Brückner, Hans Ernback;https://apps.apple.com/cz/app/id6755365206<br>https://play.google.com/store/apps/details?id=cz.csfd.csfdroid<br>;;Zlín Film Festival (1x)<br>;Otfried Preußler
7222;Ponorka;1981;86.59579984443869;149.0;https://image.pmgstatic.com/cache/resized/w420/files/images/film/posters/162/124/162124949_1c6f80.jpg;https://www.csfd.cz/film/7222-ponorka/;Západní Německo;Drama / Válečný;Das Boot;Slavný válečný film Wolfganga Petersena z roku 1981 vypráví o mladých mužích, často ještě chlapcích, kteří byli svedeni nacistickou propagandou a zlákáni zázrakem techniky. Do boje je často vedla chlapecká touha po dobrodružství. Skutečná realita je ale zaskočila. Na moři musí čelit krutým silám přírody a bojovat s neviditelným nepřítelem. Řada z nich je bez zkušeností. Zažívají hrůzy války, samotu a zoufalství. Jejich možnosti jsou děsivé: buď se vynoří bez škrábnutí, nebo zemřou. Pod hladinou moře nemají zranění šanci. Za II. světové války se ze 40 000 mužů bojujících na palubách německých ponorek vrátilo zpět pouhých 10 000. (Česká televize);17.09.1981 Bavaria Filmverleih;podle knihy, muž, 20. století, násilí, strach, období 1940-1950, 2. světová válka, vojáci, boj o přežití, moře, armáda, voda, nacisté, oceán, nacismus, bitva, námořnictvo, ponorky, ponorka v ohrožení;Wolfgang Petersen;Jürgen Prochnow, Herbert Grönemeyer, Klaus Wennemann, Hubertus Bengsch, Martin Semmelrogge, Bernd Tauber, Erwin Leder, Martin May, Heinz Hoenig, Uwe Ochsenknecht;http://www.ceskatelevize.cz<br>http://www.ceskatelevize.cz<br>https://apps.apple.com/cz/app/id6755365206<br>https://play.google.com/store/apps/details?id=cz.csfd.csfdroid<br>;Academy Awards (6x)<br>British Academy of Film and Television Arts (BAFTA) (1x)<br>Golden Globes (1x)<br>;German Film Awards (2x)<br>;Lothar G. Buchheim
1628;Sám doma;1990;86.41219503228889;103.0;https://image.pmgstatic.com/cache/resized/w420/files/images/film/posters/163/992/163992694_d13bc7.jpg;https://www.csfd.cz/film/1628-sam-doma/;USA;Rodinný / Komedie;Sám doma;"""Mám pocit, že jsme doma nechali něco důležitého,"" sdělí paní McCallisterová manželovi na palubě letadla směřujícího přes Atlantik do Paříže. To ještě netuší, že to co doma zapomněli je nejmladší člen jejich početné rodiny, Kevin. Tak začíná nejúspěšnější film roku 1990, vánoční komedie o zapomenutém synkovi a dvou nešikovných lupičích. Kevin vůbec nepropadne panice, právě naopak. Konečně může dělat všechno to, co jinak nemůže. Jezdit po koberci na kolečkových bruslích, přejídat se zmrzlinou, dívat se na nepřístupné filmy. Jeho štěstí však netrvá dlouho. Objeví se totiž dva zlodějíčkové, kteří si na dům McCallisterových dělají zálusk. Ani tentokrát však Kevin neztratí rozvahu a pořádně s lupiči zacvičí. Promění totiž dům v hotovou smrtonosnou past. Přes veškerou volnost a zábavu s lupiči se mu však pomalu začíná stýskat.";16.11.1990 20th Century Fox;rodina, otec, děti, matka, rodiče, policie, město, syn, chlapec, sourozenci, manipulace, Vánoce, intriky, bratři, dům, zloděj, loupež, Francie, sníh, samota, zima, Paříž, osamělost, sousedi, letadla, dovolená, prázdniny, kostel, past, naschvály, vloupání, letiště, Štědrý den;Chris Columbus;Macaulay Culkin, Joe Pesci, Daniel Stern, John Heard, Roberts Blossom, Catherine O'Hara, Angela Goethals, Devin Ratray, Gerry Bamman, Hillary Wolf;https://srv.tunefindforfans.com/showads/track/srvclk.php?aid=100006796&lp=https://www.disneyplus.com/en-cz/browse/entity-45e4a68f-d9df-45f7-8e81-01b4ca5524e9<br>https://srv.clickfuse.com/ads/adclkr.php?id=100006636&url=https://tv.apple.com/cz/movie/home-alone/umc.cmc.43qg0hbj3zyyum9us4nzbz9x5<br>https://srv.tunefindforfans.com/showads/track/srvclk.php?aid=100006796&lp=https://www.disneyplus.com/en-cz/browse/entity-45e4a68f-d9df-45f7-8e81-01b4ca5524e9<br>https://srv.clickfuse.com/ads/adclkr.php?id=100006636&url=https://tv.apple.com/cz/movie/home-alone/umc.cmc.43qg0hbj3zyyum9us4nzbz9x5<br>https://apps.apple.com/cz/app/id6755365206<br>https://play.google.com/store/apps/details?id=cz.csfd.csfdroid<br>;Academy Awards (2x)<br>Golden Globes (2x)<br>;;
252669;Temný rytíř povstal;2012;86.46030105212478;158.0;https://image.pmgstatic.com/cache/resized/w420/files/images/film/posters/019/190/19190995_a78def.jpg;https://www.csfd.cz/film/252669-temny-rytir-povstal/;USA / Velká Británie;Akční / Krimi / Drama / Thriller;The Dark Knight Rises;Je tomu již osm let, co se Batman vytratil do noci, čímž se tak z hrdiny změnil v uprchlíka. Tím, že na něj padla vina za smrt Harveyho Denta, obětoval temný rytíř všechno pro to, co společně s komisařem Gordonem považoval za vyšší dobro. A na čas tato lež skutečně zabírala, když byla kriminální aktivita v Gothamu rozdrcena silou Dentova odkazu. Všechno se ale mění s příchodem prohnané zlodějky a jejích tajemných zájmů. Avšak ještě daleko nebezpečnější je nástup Banea, maskovaného teroristy, jehož nelítostný plán proti Gothamu vyžene Bruce z jeho dobrovolného exilu. Avšak ani pokud si znovu nasadí svou masku a temnou kápi, nemusí jeho síly proti Baneovi stačit.;20.07.2012 Warner Bros. UK;tajemství, policie, strach, město, útěk, zbraně, pomsta, zrada, vězení, souboje, detektiv, gang, podle komiksu, superhrdina, DC Comics, policejní stanice, motorky, bomba, sluha, anarchismus, automobilová honička, maska, Batman, Catwoman, Bane;Christopher Nolan;Christian Bale, Gary Oldman, Tom Hardy, Joseph Gordon-Levitt, Anne Hathaway, Marion Cotillard, Morgan Freeman, Michael Caine, Matthew Modine, Alon Aboutboul;https://www.netflix.com/title/70213514<br>https://srv.clickfuse.com/ads/adclkr.php?id=100006636&url=https://tv.apple.com/cz/movie/the-dark-knight-rises/umc.cmc.4chkhft26y3bhfxrtfjemtp2c<br>https://www.youtube.com/watch?v=FWleCorcsxE<br>https://www.netflix.com/title/70213514<br>https://srv.clickfuse.com/ads/adclkr.php?id=100006636&url=https://tv.apple.com/cz/movie/the-dark-knight-rises/umc.cmc.4chkhft26y3bhfxrtfjemtp2c<br>https://www.youtube.com/watch?v=FWleCorcsxE<br>https://apps.apple.com/cz/app/id6755365206<br>https://play.google.com/store/apps/details?id=cz.csfd.csfdroid<br>;British Academy of Film and Television Arts (BAFTA) (1x)<br>Robert Awards (Danish Film Awards) (1x)<br>Critics Choice Awards (4x)<br>Los Angeles Film Critics Association Awards (1x)<br>The Saturn Awards (6x)<br>;The Saturn Awards (1x)<br>;Bob Kane, Bill Finger
5915;Pro pár dolarů navíc;1965;86.45335057099763;132.0;https://image.pmgstatic.com/cache/resized/w420/files/images/film/posters/159/417/159417472_79471a.jpg;https://www.csfd.cz/film/5915-pro-par-dolaru-navic/;Itálie / Španělsko / Západní Německo;Western;Per qualche dollaro in più;Lovec lidí Clint Eastwood se vydává po stopách obávaného zločince El India, který uprchnl z vězení. Jelikož největší banka na Západě je v El Pasu, je více než jasné, že jeho kroky budou směřovat právě tam... Lovec lidí Mortimer pátrá po hledaném vrahovi Callawayovi. Dopadne ho, vyinkasuje odměnu a vydává se hledat dalšího zločince. Tomu je však na stopě už jiný lovec, Monco, kterému se podaří jej dopadnout i inkasovat vypsanou odměnu. Brzy nato dojde k útěku obávaného lupiče El India z vězení. Monco i Mortimer přijíždějí do El Pasa, kde je největší banka. Oba předpokládají, že se ji El Indio po svém útěku určitě pokusí vykrást. Monco a Mortimer na sebe narazí a je z toho rvačka. Potom se však dohodnou na partnerství pokud El India dopadnou, o odměnu se rozdělí. El Indio mezitím loupež skutečně plánuje. Monco se má podle plánu pokusit proniknout do bandy jako jejich kumpán... (Bontonfilm);25.03.1966 Constantin Film;láska, přátelství, přátelé, vražda, zbraně, peníze, znásilnění, přestřelka, Divoký západ, spaghetti western, pistolníci, lovci lidí;Sergio Leone;Clint Eastwood, Lee Van Cleef, Gian Maria Volonté, Mara Krupp, Luigi Pistilli, Klaus Kinski, Josef Egger, Panos Papadopulos, Benito Stefanelli, Roberto Camardiel;https://srv.clickfuse.com/ads/adclkr.php?id=100006636&url=https://tv.apple.com/cz/movie/for-a-few-dollars-more/umc.cmc.30hqx1trdrqb0gtx46sgkrzoj<br>https://www.youtube.com/watch?v=ojI_1WrGnM8<br>https://srv.clickfuse.com/ads/adclkr.php?id=100006636&url=https://tv.apple.com/cz/movie/for-a-few-dollars-more/umc.cmc.30hqx1trdrqb0gtx46sgkrzoj<br>https://www.youtube.com/watch?v=ojI_1WrGnM8<br>https://apps.apple.com/cz/app/id6755365206<br>https://play.google.com/store/apps/details?id=cz.csfd.csfdroid<br>;The Saturn Awards (2x)<br>;;
234768;Jak vycvičit draka;2010;86.31535984762596;94.0;https://image.pmgstatic.com/cache/resized/w420/files/images/film/posters/000/054/54585_72a8e4.jpg;https://www.csfd.cz/film/234768-jak-vycvicit-draka/;USA;Animovaný / Dobrodružný / Fantasy / Komedie / Rodinný;How to Train Your Dragon;Viděli jste už trojrozměrného draka? A Vikinga? Pokud ne, budete mít příležitost v animované komedii Jak vycvičit draka od studia DreamWorks. Rodičové chlupaté Kung Fu Pandy a zeleného zlobráka Shreka se tentokrát rozhodli pro podívanou, která je ve všech ohledech poněkud drsnější. Jejich nejnovější dobrodružství se odehrává na drsném Severu, který obývají ještě drsnější Vikingové a spolu s nimi i draci. Ti jsou jednoznačně nejdrsnější.Jediný, kdo není drsný ani trochu, je hlavní hrdina Škyťák. Vikinský teenager nějak nemůže zapadnout mezi ostatní obyvatele rodného ostrova Blpu, protože na rozdíl od nich spíš než svaly (kterých má pomálu), používá hlavu. Asi by se to dalo přejít, kdyby Škyťák nebyl synem náčelníka vesnice, Kliďase Velikána. Taťka má syna rád, ale bohužel si uvědomuje jeho „nedostatečnost“. Zvlášť když se blíží Škyťákovo iniciační uvedení mezi dospělé Vikingy, které lze úspěšně absolvovat jediným způsobem – zabitím draka v souboji. Draci jsou totiž na Blpu jediným, zato permanentním problémem. Desítky druhů létajících ještěrů prakticky neustále útočí na vesnici, kradou domácí zvířata, spalují úrodu i hospodářská stavení, a tak je morální povinností každého Vikinga bojovat proti drakům, jak se dá. I Škyťák by samozřejmě rád nějakého toho Nodra smrťáka, Ohavného zipáka nebo Hrůzáka hrozivého skolil, jenže matička příroda ho na to opravdu vybavila nevalně. Nepomáhají ani užitečné lekce v Drakoškole místního samorosta, kováře Tlamouna. Škyťák je naštěstí hlava otevřená a tam, kde schází hrubá síla, pomůže hlava, díky níž zkonstruuje samostříl, kterým zaútočí na nejobávanějšího z draků, prakticky nepolapitelnou Noční fúrii. Jediný výstřel (velmi úspěšný) změní budoucnost soužití lidského a dračího plemene na ostrově Blpu. Když se totiž Škyťák vydá zraněného draka dorazit a stát se tak definitivně mužem, cosi se v něm při pohledu do jasných dračích očí zlomí. A ten zlom bude začátkem jednoho krásného přátelství. Teď už jen zbývá přesvědčit ostatní Vikingy, že skutečný nepřítel číhá jinde.;26.03.2010 Paramount Pictures;podle knihy, přátelství, dívka, tajemství, otec, strach, syn, chlapec, ostrov, lov, draci, vikingové;Chris Sanders, Dean DeBlois;Jay Baruchel, Gerard Butler, Craig Ferguson, America Ferrera, Jonah Hill, Christopher Mintz-Plasse, T.J. Miller, Kristen Wiig, Robin Atkin Downes, Ashley Jensen;https://www.netflix.com/title/70109893<br>https://www.skyshowtime.com/cz/stream/movies/jak-vycvicit-draka/2cb8c36c-5117-3107-804c-3c1c863cb550<br>https://srv.clickfuse.com/ads/adclkr.php?id=100006636&url=https://tv.apple.com/cz/movie/how-to-train-your-dragon/umc.cmc.3028ht7u7qx3a077kxhreuadn<br>https://www.youtube.com/watch?v=zzT3Rhcwq2Y<br>https://www.netflix.com/title/70109893<br>https://www.skyshowtime.com/cz/stream/movies/jak-vycvicit-draka/2cb8c36c-5117-3107-804c-3c1c863cb550<br>https://srv.clickfuse.com/ads/adclkr.php?id=100006636&url=https://tv.apple.com/cz/movie/how-to-train-your-dragon/umc.cmc.3028ht7u7qx3a077kxhreuadn<br>https://www.youtube.com/watch?v=zzT3Rhcwq2Y<br>https://apps.apple.com/cz/app/id6755365206<br>https://play.google.com/store/apps/details?id=cz.csfd.csfdroid<br>;Academy Awards (2x)<br>British Academy of Film and Television Arts (BAFTA) (2x)<br>Golden Globes (1x)<br>Critics Choice Awards (1x)<br>The Saturn Awards (3x)<br>;;Cressida Cowell
307556;Na hraně zítřka;2014;86.34712950600802;108.0;https://image.pmgstatic.com/cache/resized/w420/files/images/film/posters/158/465/158465412_8f3a6a.jpg;https://www.csfd.cz/film/307556-na-hrane-zitrka/;USA / Kanada;Sci-Fi / Akční / Dobrodružný;Edge of Tomorrow;Příběh se odehrává v blízké budoucnosti. Mimikové, mimozemská rasa připomínající včelí kolonii, vytrvale útočí na Zemi, obracejí velká města v hromadu trosek a zanechávají za sebou miliony lidských obětí. Podplukovník Bill Cage (Tom Cruise), který nikdy nebyl v žádné bitvě, je bez cirátů degradován a s nulovým výcvikem a mizernou výzbrojí poslán splnit úkol, který není ničím jiným než sebevražednou misí. Během několika minut je zabit, předtím se mu však podaří zneškodnit Alphu. Ač se to zdá nemožné, procitne opět na začátku toho samého pekelného dne a je nucen znovu bojovat a zemřít... a tak stále dokola. Přímý fyzický kontakt s mimozemšťanem způsobil, že se dostal do časové smyčky a je tak odsouzen prožívat nelítostnou bitvu znovu a znovu. S každým dalším pokusem se však zvyšuje jeho odolnost a pohotovost a své rostoucí schopnosti dokáže v boji s Mimiky lépe využívat. Po jeho boku bojuje členka speciálních jednotek Rita Vrataski (Emily Blunt), která zlikvidovala víc Mimiků než kterýkoliv jiný bojovník na Zemi. Každá další bitva je pro Cagea a Ritu příležitostí najít způsob, jak mimozemské vetřelce porazit a Zemi zachránit. (Warner Bros. CZ);06.06.2014 Warner Bros. US;podle knihy, žena, zbraně, vojáci, válka, podle komiksu, mimozemšťané, budoucnost, trénink, invaze, výcvik, vrtulník, druhá šance, časová smyčka, telepatie;Doug Liman;Tom Cruise, Emily Blunt, Bill Paxton, Brendan Gleeson, Noah Taylor, Kick Gurry, Dragomir Mrsic, Charlotte Riley, Jonas Armstrong, Franz Drameh;https://srv.clickfuse.com/ads/adclkr.php?id=100006636&url=https://tv.apple.com/cz/movie/edge-of-tomorrow/umc.cmc.b5i2nkyck3kyifzh7d72atnd<br>https://www.youtube.com/watch?v=w3PJFznigng<br>https://srv.clickfuse.com/ads/adclkr.php?id=100006636&url=https://tv.apple.com/cz/movie/edge-of-tomorrow/umc.cmc.b5i2nkyck3kyifzh7d72atnd<br>https://www.youtube.com/watch?v=w3PJFznigng<br>https://apps.apple.com/cz/app/id6755365206<br>https://play.google.com/store/apps/details?id=cz.csfd.csfdroid<br>;Critics Choice Awards (3x)<br>The Saturn Awards (6x)<br>;Critics Choice Awards (1x)<br>The Saturn Awards (1x)<br>;Hiroši Sakurazaka
182289;Hotel Rwanda;2004;86.29778233958508;121.0;https://image.pmgstatic.com/cache/resized/w420/files/images/film/posters/000/042/42254_cd438c.jpg;https://www.csfd.cz/film/182289-hotel-rwanda/;Velká Británie / USA / Itálie / Jihoafrická republika;Drama / Válečný / Životopisný;Hotel Rwanda;Píše se rok 1993, ve Rwandě vypukla kmenová válka mezi Hutu a Tutsii. Celý svět v čele s OSN fatálně selhal a nyní jen prostřednictvím médií bezmocně přihlíží jednomu z nejmasovějších a nejkrutějších pogromů od konce 2. světové války. Paul Rusesabagina je managerem hotelu, který za normálních okolností slouží diplomatické smetánce a bohatým cizincům. Bez váhání otevře brány luxusního resortu bezbranným uprchlíkům. Těch se tam až do konce konfliktu postupně tísní 1268. Jeden muž tak zmohl tisíckrát víc, než tisíce vojáků mírových vojsk. Konflikt si za pouhé 3 měsíce trvání vyžádal skoro milion lidských životů.;25.02.2005 Entertainment Film Distributors;muž, žena, rodina, smrt, vražda, 20. století, násilí, dívka, otec, děti, matka, rodiče, strach, mládež, město, útěk, zbraně, vrah, ženy, oběť (autonehody/zločinu), politika, vojáci, pronásledování, podle skutečného příběhu, boj o přežití, bolest, smutek, válka, dilema, tragédie, naděje, novináři, nespravedlnost, diskriminace, Afrika, hotel, rasismus, předsudky, reportéři, hrdina, fotograf, občanská válka, oběť (někomu/něčemu), období 1990-2000, atentát, vyjednávání, kameraman, genocida, válečné zločiny, státní převrat, uprchlický tábor, OSN;Terry George;Don Cheadle, Sophie Okonedo, Nick Nolte, Hakeem Kae-Kazim, Mothusi Magano, Joaquin Phoenix, Cara Seymour, Jean Reno, David O'Hara, Tony Kgoroge;https://apps.apple.com/cz/app/id6755365206<br>https://play.google.com/store/apps/details?id=cz.csfd.csfdroid<br>;Academy Awards (3x)<br>British Academy of Film and Television Arts (BAFTA) (1x)<br>Robert Awards (Danish Film Awards) (1x)<br>Golden Globes (3x)<br>Critics Choice Awards (2x)<br>New York Film Critics Circle Awards (1x)<br>;European Film Awards (1x)<br>Toronto International Film Festival (1x)<br>;
286035;Top Gun: Maverick;2022;86.37809488131322;131.0;https://image.pmgstatic.com/cache/resized/w420/files/images/film/posters/166/313/166313694_26ebe2.jpg;https://www.csfd.cz/film/286035-top-gun-maverick/;USA;Akční / Drama;Top Gun: Maverick;Pete „Maverick“ Mitchell (Tom Cruise) k smrti rád pilotuje stíhačky. Dokonce tak, že se už přes třicet let úspěšně brání povýšení ve strukturách amerického letectva, protože to by ho z kokpitu vyhnalo do vyhřáté kanceláře. Maverick byl navíc vždycky magnetem na průšvihy, což se s armádní kariérou taky docela vylučuje. Pilot je ovšem bravurní, možná ten úplně nejlepší, a proto dostane nabídku stát se instruktorem elitních stíhačů z programu Top Gun, které má připravit na úkol, jenž spadá do kategorie Mission Imposssible. Kromě téhle bude muset Maverick zvládnout i jednu obtížnou soukromou misi. Jedním z pilotů, které má připravit do akce, je i Bradley Bradshaw (Miles Teller), syn jeho kamaráda a navigátora Goose. Znalci prvního Top Gunu vědí, že Goose zahynul, když se neúspěšně katapultoval z neovladatelné stíhačky, pilotované právě Maverickem. A jeho syn mu otcovu smrt klade za vinu. Maverick za žádnou cenu nechce, aby Bradleyho potkal stejný osud jako jeho otce. Přitom si uvědomuje, že pravděpodobnost, že některý z pilotů plánovanou leteckou operaci nepřežije, není vůbec malá. (CinemArt);27.05.2022 Paramount Pictures;muž, láska, žena, přátelství, přátelé, strach, touha, zbraně, vzpomínky, vojáci, rivalita, kolegové, kamarádi, moře, nenávist, dilema, armáda, naděje, voda, lodě, zoufalství, oceán, pocit viny, hádka, předsudky, bar, trénink, pochyby, pláž, hospoda, pobřeží, výbuch, motorky, odpuštění, loajalita, lítost, výčitky svědomí, piloti, výcvik, týmová práce, destrukce, ničení, letectvo, vojenská základna, stíhačky;Joseph Kosinski;Tom Cruise, Miles Teller, Jennifer Connelly, Jon Hamm, Val Kilmer, Glen Powell, Monica Barbaro, Lewis Pullman, Greg Tarzan Davis, Charles Parnell;https://srv.clickfuse.com/ads/adclkr.php?id=100006636&url=https://tv.apple.com/cz/movie/top-gun-maverick/umc.cmc.670544bajp6s4pysx4rvctczz<br>https://www.iprima.cz/filmy/top-gun-maverick?utm_source=csfd&utm_medium=section_vod&utm_campaign=link_exchange<br>https://www.youtube.com/watch?v=EVO9YIxhq6g<br>https://srv.clickfuse.com/ads/adclkr.php?id=100006636&url=https://tv.apple.com/cz/movie/top-gun-maverick/umc.cmc.670544bajp6s4pysx4rvctczz<br>https://www.iprima.cz/filmy/top-gun-maverick?utm_source=csfd&utm_medium=section_vod&utm_campaign=link_exchange<br>https://www.youtube.com/watch?v=EVO9YIxhq6g<br>https://apps.apple.com/cz/app/id6755365206<br>https://play.google.com/store/apps/details?id=cz.csfd.csfdroid<br>;Academy Awards (5x)<br>British Academy of Film and Television Arts (BAFTA) (4x)<br>AACTA International Awards (1x)<br>Golden Globes (2x)<br>Critics Choice Awards (5x)<br>Florida Film Critics Circle Awards (2x)<br>The Saturn Awards (2x)<br>;Academy Awards (1x)<br>Critics Choice Awards (1x)<br>New York Film Critics Circle Awards (1x)<br>The Saturn Awards (3x)<br>;
10125;Vynález zkázy;1958;86.31360537496295;81.0;https://image.pmgstatic.com/cache/resized/w420/files/images/film/posters/164/304/164304008_dc47e8.jpg;https://www.csfd.cz/film/10125-vynalez-zkazy/;Československo;Sci-Fi / Dobrodružný / Fantasy;Vynález zkázy;Geniální vynálezce, profesor Roch, je na pokraji objevu látky, která může ve špatných rukou zničit svět. A právě takové ruce má hrabě Artigas, tajemný a temný dobrodruh, který ve své ponorce brázdí světová moře, potápí lodi a bohatství, kterého se tak zmocní, je mu nástrojem k ovládnutí světa. Artigas unese profesora Rocha ze sanatoria a nutí ho, aby v jeho sídle v kráteru sopky Back Cup vynález dokončil. Shodou okolností Artigas unese i profesorova asistenta, inženýra Harta, který je i vypravěčem příběhu, a který se všemožně pokouší profesora osvobodit a zamezit zkáze. Hart nakonec vyšle jícnem sopky balón s poselstvím k lidstvu, jež se díky tomu spojí a jehož válečné flotily v hodině dvanácté zkáze zamezí. (AČFK);22.08.1958 Ústřední půjčovna filmů;podle knihy, černobílý film, útěk, únos, vězení, ostrov, lodě, piráti, vynálezce, ponorky, potápění, zbraně hromadného ničení, steampunk;Karel Zeman;Lubor Tokoš, Arnošt Navrátil, Miloslav Holub, František Šlégr, Václav Kyzlink, Jana Zatloukalová, Otto Šimánek, František Řehák, Václav Babka, Alena Kreuzmannová;https://www.youtube.com/watch?v=O4gKJvSALXg<br>https://www.youtube.com/watch?v=O4gKJvSALXg<br>https://apps.apple.com/cz/app/id6755365206<br>https://play.google.com/store/apps/details?id=cz.csfd.csfdroid<br>;The Saturn Awards (1x)<br>San Sebastián International Film Festival (1x)<br>;;Jules Verne
9430;Tři oříšky pro Popelku;1973;86.17430596893772;75.0;https://image.pmgstatic.com/cache/resized/w420/files/images/film/posters/161/410/161410294_58b101.jpg;https://www.csfd.cz/film/9430-tri-orisky-pro-popelku/;Československo / Východní Německo;Pohádka;Drei Haselnüsse für Aschenbrödel;;10.03.1974 Progress Film-Verleih;podle knihy, muž, láska, žena, rodina, dívka, tajemství, rodiče, strach, mládež, záhady, dcera, touha, zbraně, ženy, pátrání, manipulace, intriky, sny, rivalita, vášeň, vztahy, nenávist, dilema, naděje, žárlivost, sestry, tanec, chudoba, zima, král, romance, šlechta, závist, oslava, spravedlnost, cizinec (neznámý člověk), třídní boj, královna, bodné zbraně, sečné zbraně, odpuštění, loajalita, princ, naschvály, macecha (nevlastní matka), nevlastní sourozenci, ples, kuše, Popelka, boty;Václav Vorlíček;Libuše Šafránková, Pavel Trávníček, Carola Braunbock, Rolf Hoppe, Karin Lesch, Dana Hlaváčová, Jan Libíček, Vítězslav Jandák, Jaroslav Drbohlav, Vladimír Menšík;https://srv.clickfuse.com/ads/adclkr.php?id=100006636&url=https://tv.apple.com/cz/movie/three-wishes-for-cinderella/umc.cmc.1wcwyh2s9y2pd9vul5gv1guc0<br>https://www.iprima.cz/filmy/tri-orisky-pro-popelku?utm_source=csfd&utm_medium=section_vod&utm_campaign=link_exchange<br>https://www.youtube.com/watch?v=t7-5_b5UKqg<br>https://srv.clickfuse.com/ads/adclkr.php?id=100006636&url=https://tv.apple.com/cz/movie/three-wishes-for-cinderella/umc.cmc.1wcwyh2s9y2pd9vul5gv1guc0<br>https://www.iprima.cz/filmy/tri-orisky-pro-popelku?utm_source=csfd&utm_medium=section_vod&utm_campaign=link_exchange<br>https://www.youtube.com/watch?v=t7-5_b5UKqg<br>https://apps.apple.com/cz/app/id6755365206<br>https://play.google.com/store/apps/details?id=cz.csfd.csfdroid<br>;;;Božena Němcová
8543;Nejistá sezóna;1987;86.2829086599509;88.0;https://image.pmgstatic.com/cache/resized/w420/files/images/film/posters/162/315/162315978_24297a.jpg;https://www.csfd.cz/film/8543-nejista-sezona/;Československo;Komedie;Počkáme si na smích(pracovní název);"S humorem, satirickou příchutí i s nádechem nostalgie líčí tato hořká komedie peripetie malého divadelního souboru (Divadla starých forem), který má sice úspěch u publika, ale zároveň i stálé potíže s nadřízenými orgány. Zachycuje usídlování divadla na nové ""štaci"" v nevyhovujícím sále periferního kulturního domu, průběh zkoušek nové hry i její premiéru, ale také epizody ze zákulisí. Značný prostor tu mají ukázky z her repertoáru Divadla Járy Cimrmana (Němý Bobeš, Akt, Dlouhý, Široký a Krátkozraký, Dobytí Severního pólu, Cimrman v říši hudby, Vizionář), ačkoli tu jméno fiktivního slavného génia ani jednou nepadne. Film vychází ze skutečných situací, není v něm (kromě her) nic vymyšleného. Odehrává se celý v prostorách kulturního domu a jeho těsném okolí. Hlavném dějištěm je pak stísněné zákulisí, kam ovšem doléhají i ozvuky všedních starostí protagonistů.";01.04.1988 Ústřední půjčovna filmů;herci, divadelní prostředí, cenzura, Jára Cimrman;Ladislav Smoljak;Zdeněk Svěrák, Ladislav Smoljak, Jaroslav Weigel, Jan Hraběta, Jaroslav Vozáb, Petr Brukner, Miloň Čepelka, Josef Vondráček, Jan Kašpar, Genadij Rumlena;https://apps.apple.com/cz/app/id6755365206<br>https://play.google.com/store/apps/details?id=cz.csfd.csfdroid<br>;;;
8644;Jurský park;1993;86.10517207692523;127.0;https://image.pmgstatic.com/cache/resized/w420/files/images/film/posters/161/829/161829573_5ce49b.jpg;https://www.csfd.cz/film/8644-jursky-park/;USA;Dobrodružný / Sci-Fi / Thriller;Jurský park;Po fantastickém nálezu miliony let starých D.N.A. se pokusí skupina ambiciózních vědců vytvořit přírodní park s žijícími prehistorickými zvířaty na vzdáleném liduprázdném ostrově. Celý projekt podporuje milionář John Hammond (Richard Attenborough), který těsně před otevřením Jurského parku pro veřejnost pozve na jeho návštěvu svá dvě vnoučata, známého paleontologa s jeho přítelkyní a další odborníky. Průběh jejich klidné návštěvy se rychle změní v noční můru poté, co jeden ze zaměstnanců v naději na tučný zisk od konkurence ukradne embrya dinosaurů. Aby snadno unikl z parku, vypne bezpečnostní systémy a tím i elektřinou napájený plot ohrazující celý Jurský park. Dinosauři se dostávají do volné přírody a souboj lidí s druhohorními obludami začíná.;11.06.1993 Universal Pictures US;podle knihy, muž, žena, smrt, přátelství, přátelé, násilí, děti, strach, útěk, chlapec, zvířata, pátrání, sourozenci, zrada, boj o přežití, moře, divočina, krádež, ostrov, vědci, šílenství, džungle, vědec, korporace, lov, bouře, vrtulník, muzeum, dinosauři, archeologie, šílený vědec, prales, déšť, genetická úprava, klonování, paleontologie, tyranosaurus, fosílie, kozy, raptoři;Steven Spielberg;Sam Neill, Laura Dern, Jeff Goldblum, Richard Attenborough, Bob Peck, Martin Ferrero, BD Wong, Joseph Mazzello, Ariana Richards, Samuel L. Jackson;https://www.skyshowtime.com/cz/stream/movies/jursky-park/66d6aa59-e911-3942-8311-820a2ea808ad<br>https://srv.clickfuse.com/ads/adclkr.php?id=100006636&url=https://tv.apple.com/cz/movie/jurassic-park/umc.cmc.3bp8rj8ab9otj4ug279xhib2f<br>https://www.youtube.com/watch?v=oa38lSuY0bo<br>https://www.skyshowtime.com/cz/stream/movies/jursky-park/66d6aa59-e911-3942-8311-820a2ea808ad<br>https://srv.clickfuse.com/ads/adclkr.php?id=100006636&url=https://tv.apple.com/cz/movie/jurassic-park/umc.cmc.3bp8rj8ab9otj4ug279xhib2f<br>https://www.youtube.com/watch?v=oa38lSuY0bo<br>https://apps.apple.com/cz/app/id6755365206<br>https://play.google.com/store/apps/details?id=cz.csfd.csfdroid<br>;British Academy of Film and Television Arts (BAFTA) (1x)<br>The Saturn Awards (10x)<br>;Academy Awards (3x)<br>British Academy of Film and Television Arts (BAFTA) (2x)<br>Český lev (1x)<br>The Saturn Awards (4x)<br>;Michael Crichton
3094;Císařův pekař - Pekařův císař;1951;86.10315340348865;;https://image.pmgstatic.com/cache/resized/w420/files/images/film/posters/170/190/170190128_z8o80g.jpg;https://www.csfd.cz/film/3094-cisaruv-pekar-pekaruv-cisar/;Československo;Komedie / Historický;Golem(pracovní název);Historická veselohra o císaři Rudolfovi II., pekaři Matějovi a legendárním Golemovi. Tento příběh neodpovídá přesně historické pravdě, ale je zato nadmíru poučný. Příběh filmu nás zavádí do Prahy na císařský dvůr Rudolfa II. Císaře však víc než vladaření zajímá umění, krásné ženy a alchymistická dílna. Ze všeho nejvíc touží objevit elixír mládí a najít legendárního Golema. Zatímco se věnuje svým zálibám, nejvyšší dvořané v čele s komořím Langem se spojí s Rudolfovým bratrem Matyášem, který usiluje o jeho trůn. Díky nechtěné záměně se úlohy vladaře ujme pekař Matěj Kotrba, který je císaři velmi podobný, jen je o 25 let mladší. Ten si poradí s proradnými dvořany, vydá užitečná nařízení a Golemovu sílu využije pro blaho všech.;04.01.1952 Rozdělovna filmů Československého státního filmu;tajemství, podle divadelní hry, útěk, umění, vězení, podvod, magie, mučení, záměna identit, 17. století, vzpoura, zámek, dvojník, císař, alchymie, golem, Rudolf II.;Martin Frič;Jan Werich, Marie Vášová, Nataša Gollová, Bohuš Záhorský, Jiří Plachý st., Zdeněk Štěpánek, František Filipovský, František Černý, Václav Trégl, Vladimír Leraus;https://www.iprima.cz/filmy/pekaruv-cisar?utm_source=csfd&utm_medium=section_vod&utm_campaign=link_exchange<br>https://www.youtube.com/watch?v=iTrp9TnCA6E<br>https://www.iprima.cz/filmy/pekaruv-cisar?utm_source=csfd&utm_medium=section_vod&utm_campaign=link_exchange<br>https://www.youtube.com/watch?v=iTrp9TnCA6E<br>https://apps.apple.com/cz/app/id6755365206<br>https://play.google.com/store/apps/details?id=cz.csfd.csfdroid<br>;;;
2668;Hra;1997;86.14736132186816;129.0;https://image.pmgstatic.com/cache/resized/w420/files/images/film/posters/159/397/159397326_bb9eb7.jpg;https://www.csfd.cz/film/2668-hra/;USA;Drama / Mysteriózní / Thriller;Hra;Investiční bankéř a multimilionář Nicholas Van Orten žije ve velkém luxusním domě, osamělým životem. Může si dovolit cokoli, o nic však nemá zájem. Ani o svého bratra Conrada, který se objeví, aby mu popřál k osmačtyřicátým narozeninám. A předal mu dárek, poukázku na Hru společnosti CRS. O smyslu hry mu však odmítne cokoli prozradit. Bankéř se při pracovním jednání náhodou ocitne v sídle CRS, kde s nechutí projde řadou náročných fyzických i psychických testů, ani tady se však o hře samotné nic nedozví. Sotva však podepíše smlouvu, začíná se roztáčet zpočátku nenápadné soukolí, které hrozí rozdrtit jeho kariéru, bohatství, postavení, svobodu a nakonec i život. Jako první se objeví před jeho domem pohozená figurína, která mu připomene otcovu sebevraždu a vzápětí na něj promluví z televize známý komentátor, který ho uvítá do hry, další den má v restauraci spor se servírkou Christinou, která ho poleje. Dívka dostane okamžitě výpověď a když za ní Nicholas vyběhne z hotelu, ocitne se ve víru podivných a znepokojujících náhod. Když se druhý den vydá do hotelu, kde byla nalezena jeho kreditní karta, tvrdí mu recepční, že se tam včera ubytoval. Ve svém pokoji pak objeví na stole dávku kokainu a kompromitující fotografie, na nichž je s neznámou ženou. Vzápětí se v jeho domě objeví zoufalý Conrad. Tvrdí, že se společnosti nedokáže zbavit a je proti své vůli nucen ve Hře pokračovat. Když ho hra málem připraví o život v taxíku, který se zřítí do vody, požádá o zásah policii. Společně s ní vtrhne do sídla CRS, tady však zjistí, že firma zmizela. Podaří se mu najít Christinu, a když jsou napadeni zabijáky pracujícími pro CRS podaří se jim uniknout a ukrýt se na Nicholasově chatě v horách. Dívka tvrdí, že firma, pro kterou pracuje, se specializuje na okrádání bohatých zákazníků, a protože už se dostala ke všem jeho kontům, nepotřebuje ho a nejspíš se ho zbaví. Příliš pozdě si Nicholas všimne, že mu dívka namíchala do čaje nějakou omamnou látku. Probere se v hrobce zapadlého hřbitova kdesi v Mexiku. Bez peněz, bez dokladů, jen ve špinavém obleku. Nicholas se však nehodlá jen tak vzdát a rozhodne vybojovat si svůj život zpátky.;12.09.1997 Polygram;muž, tajemství, záhady, sourozenci, manipulace, bratři, sledování, neo-noir, narozeniny, loutky;David Fincher;Michael Douglas, Sean Penn, Deborah Kara Unger, James Rebhorn, Peter Donat, Carroll Baker, Armin Mueller-Stahl, Anna Katarina, John Aprea, Kimberly Russell;https://srv.clickfuse.com/ads/adclkr.php?id=100006636&url=https://tv.apple.com/cz/movie/the-game/umc.cmc.4qsoncn3e1vwwz692g01rqw5d<br>https://www.youtube.com/watch?v=44Vj8oFsptQ<br>https://srv.clickfuse.com/ads/adclkr.php?id=100006636&url=https://tv.apple.com/cz/movie/the-game/umc.cmc.4qsoncn3e1vwwz692g01rqw5d<br>https://www.youtube.com/watch?v=44Vj8oFsptQ<br>https://apps.apple.com/cz/app/id6755365206<br>https://play.google.com/store/apps/details?id=cz.csfd.csfdroid<br>;The Saturn Awards (1x)<br>San Sebastián International Film Festival (1x)<br>;;
8668;Dobrý voják Švejk;1956;86.09483414398008;105.0;https://image.pmgstatic.com/cache/resized/w420/files/images/film/posters/160/609/160609074_6c0df0.jpg;https://www.csfd.cz/film/8668-dobry-vojak-svejk/;Československo;Komedie / Válečný;Dobrý vojak Švejk;Kinematografií se už od dob němého filmu táhne pestrá nit pokusů o více či měně věrné adaptace tohoto Haškova slavného románu. Mezi nejznámější patří bezesporu Lamačův film z roku 1926 s Karlem Nollem v roli Švejka, Fričova adaptace se Sašou Rašilovem, natočená na počátku třicátých let či zdařilá animovaná verze Jiřího Trnky. V roce 1957 natočil dvoudílnou a dodnes neznámější adaptaci režisér Karel Steklý. Její první část (Dobrý voják Švejk) zpracovává první díl románu a vy se tedy můžete setkat Josefem Švejkem, pražským obchodníkem se psy a sledovat jeho osudy od chvíle, kdy je po sarajevském atentátu zatčen, vyšetřován a po čase přes diagnózu notorického blba povolán do armády. Dostává se do vězení, odkud je vyreklamován feldkurátem Katzem, jako jeho osobní sluha a když ten jej po čase prohraje v kartách, stává se neštěstím nadporučíka Lukáše.;23.08.1957 Ústřední půjčovna filmů;podle knihy, 20. století, vojáci, válka, období 1910-1920, satira, 1. světová válka, protiválečný;Karel Steklý;Rudolf Hrušínský, Eva Svobodová, Josef Hlinomaz, František Filipovský, Miloš Kopecký, Svatopluk Beneš, Božena Havlíčková, Felix le Breux, Libuše Bokrová, Eman Fiala;https://srv.clickfuse.com/ads/adclkr.php?id=100006636&url=https://tv.apple.com/cz/movie/the-good-soldier-schweik/umc.cmc.3ax1gycrys8mtjknfz7igs8oq<br>https://srv.clickfuse.com/ads/adclkr.php?id=100006636&url=https://tv.apple.com/cz/movie/the-good-soldier-schweik/umc.cmc.3ax1gycrys8mtjknfz7igs8oq<br>https://apps.apple.com/cz/app/id6755365206<br>https://play.google.com/store/apps/details?id=cz.csfd.csfdroid<br>;;;Jaroslav Hašek
4978;Smrt krásných srnců;1986;86.14936594922298;91.0;https://image.pmgstatic.com/cache/resized/w420/files/images/film/posters/158/311/158311890_bff410.jpg;https://www.csfd.cz/film/4978-smrt-krasnych-srncu/;Československo;Drama / Komedie;Smrť krásnych srncov;"Spisovatel Ota Pavel nenapodobitelným způsobem popsal život své smíšené židovsko-české rodiny v předválečných a válečných letech. Karel Kachyňa se těchto překrásných povídek chopil a ve vlastním scénáři ke svému snímku je pospojoval v souvislé dějové pásmo. Výsledkem je působivý film, v němž se prolínají události úsměvné i vážné. Ota Pavel vtělil své dětství do postavy malého kluka přezdívaného Prdelka. V prosluněném kraji poblíž Berounky ho tatínek a ""strejda"" Prošek učí rybařit, chlapec se také dozvídá ledacos důležitého o životě. Pak přijdou tragické chvíle okupace a rodina má náhle starostí až nad hlavu...";01.09.1987 Ústřední půjčovna filmů;podle knihy, rodina, 20. století, děti, období 1940-1950, peníze, 2. světová válka, vojáci, venkov, nevěra, podvod, psi, období 1930-1940, malíř, Židé, obchod (prodejní místo), řeka, ryby, rybolov, Protektorát Čechy a Morava, pytláci, První republika;Karel Kachyňa;Karel Heřmánek, Rudolf Hrušínský, Jiří Krampol, Lubor Tokoš, Marta Vančurová, Dana Vlková, Marek Valter, Ladislav Potměšil, Oldřich Vlach, Milan Riehs;https://apps.apple.com/cz/app/id6755365206<br>https://play.google.com/store/apps/details?id=cz.csfd.csfdroid<br>;;;Ota Pavel
5401;Olověná vesta;1987;86.13938820561337;116.0;https://image.pmgstatic.com/cache/resized/w420/files/images/film/posters/162/469/162469748_392450.jpg;https://www.csfd.cz/film/5401-olovena-vesta/;Velká Británie / USA;Drama / Válečný;Full Metal Jacket;Snímek Stanleyho Kubricka Olověná vesta (1987) patří k vlně filmů, které se v druhé polovině osmdesátých let vyjadřovaly k tématu vietnamské války (např. Četa a Narozen 4. července Olivera Stonea). Mistrovský snímek se odehrává ve dvou stejně dlouhých kapitolách, jejichž hlavním hrdinou je inteligentní voják s přezdívkou Vtipálek. První část se odehrává ve výctikovém středisku námořní pěchoty v Jižní Karolíně, kde sadistický instruktor Hartman psychicky i fyzicky týrá svěřené nováčky. Ne každý je schopen takový dril přežít a zachovat si zdravé myšlení. Druhá část se již odehrává na vietnamské frontě, kde se i Vtipálek musí uchýlit k tomu nejhoršímu činu. Stanley Kubrick se ve svých dílech vždy zajímal o krajní stavy lidské psychiky a není tomu jinak ani v Olověné vestě. Film lze vnímat jako kritiku či odmítnutí válečné mašinerie. Autor však využil válečného tématu spíše k obecnější výpovědi o tom, do jakého stavu se může i humanisticky založený člověk dostat, ocitne-li se v nelidských podmínkách a beznadějných situacích.;10.07.1987 Warner Bros. US;podle knihy, smrt, přátelství, přátelé, násilí, dívka, strach, mládež, zbraně, pomsta, vojáci, putování, rivalita, boj o přežití, kamarádi, krev, mrtvola, bolest, mezilidské vztahy, smutek, nenávist, dilema, umírání, zpěv, střelné zbraně, psychopat, šílenství, zoufalství, krutost, paranoia, panika, pocit viny, přestřelka, chladnokrevnost, šikana, prostitutka, střelba, trénink, Asie, pochyby, odplata, sociopat, lítost, výčitky svědomí, psychika, výcvik, samopal, puška, destrukce, ničení, válka ve Vietnamu, protiválečný, sniper, vojenská základna, Vietnam, Vietkong, nervové zhroucení, Vietnamci, výcvikový tábor, Ofenzíva Tet;Stanley Kubrick;Matthew Modine, Adam Baldwin, Vincent D'Onofrio, R. Lee Ermey, Dorian Harewood, Arliss Howard, Kevyn Major Howard, Ed O'Ross, John Terry, Kieron Jecchinis;https://srv.clickfuse.com/ads/adclkr.php?id=100006636&url=https://tv.apple.com/cz/movie/full-metal-jacket/umc.cmc.5id4m2j0hxd2fu0k5dcbxpxb5<br>https://www.youtube.com/watch?v=uniOsA816QU<br>https://srv.clickfuse.com/ads/adclkr.php?id=100006636&url=https://tv.apple.com/cz/movie/full-metal-jacket/umc.cmc.5id4m2j0hxd2fu0k5dcbxpxb5<br>https://www.youtube.com/watch?v=uniOsA816QU<br>https://apps.apple.com/cz/app/id6755365206<br>https://play.google.com/store/apps/details?id=cz.csfd.csfdroid<br>;Academy Awards (1x)<br>British Academy of Film and Television Arts (BAFTA) (2x)<br>Golden Globes (1x)<br>New York Film Critics Circle Awards (2x)<br>The Saturn Awards (3x)<br>;The Saturn Awards (1x)<br>;Gustav Hasford
277770;Černobílý svět;2011;86.16781361412818;140.0;https://image.pmgstatic.com/cache/resized/w420/files/images/film/posters/000/438/438730_0c23a6.jpg;https://www.csfd.cz/film/277770-cernobily-svet/;USA / Indie / Spojené arabské emiráty;Drama;The Help;Eugenia „Skeeter“ Phelanová právě dokončila školu a je rozhodnuta začít se živit psaním. Na rozdíl od dívek, v jejichž společnosti ve městě Jackson v Mississippi vyrostla, touží Skeeter po kariéře a je zcela smířena s tím, že manželství a děti budou muset nějaký čas počkat. To se setkává s velkým odporem jak u jejích vdaných kamarádek, tak především u její matky. Když se jí podaří získat práci v místních novinách, požádá o pomoc Aibileen, služku své nejlepší kamarádky, a následně začíná na popud nakladatele pracovat na tajném spisovatelském projektu. Aibileen Clarková strávila celý život jako služebná v domech bílých lidí v Jacksonu. Vychovala pro své zaměstnavatele 17 dětí a jednoho vlastního syna, který tragicky a zcela zbytečně zemřel během nehody. Aibileen, zarmoucená ztrátou svého jediného dítěte, je velkou oporou jak víra, tak její nejlepší kamarádka Minny. Když jí do života vstoupí Skeeter, Aibileen zjišťuje, že je poprvé v životě ochotna se s někým podělit o své zážitky a zkušenosti – ačkoliv tento zdánlivě prostý čin s sebou nese velká rizika. Přímočará Minny Jacksonová je třiatřicetiletá služebná, která má pověst nejlepší kuchařky v Mississippi. Pracuje pro Hilly Holbrookovou (Bryce Dallas Howard), ale následkem vzdoru je z práce vyhozena a nucena vydat se na periferii Jacksonu, kde pracuje pro osamělou Celii Footeovou (Jessica Chastain). Minny je Aibileenina nejlepší kamarádka a pomáhala jí vyrovnat se se ztrátou jediného syna. Ačkoliv je silná a nezávislá, je Minny současně velice rozumná a také zdravě skeptická, co se Skeeteřina projektu týče. Mezi trojicí žen vznikne doslova sesterské pouto, které jim pomáhá překonat těžkosti, jimž jsou během svého snažení vystaveny, a pomáhá jim uvědomovat si, že občas je třeba vybočit ze zajetých kolejí – i pokud to znamená nutnost konfrontovat celé město tváří v tvář a ukázat mu, že doba se mění.;10.08.2011 Walt Disney US;podle knihy, žena, přátelství, přátelé, spisovatel, rasismus, sluha, otroctví;Tate Taylor;Emma Stone, Viola Davis, Bryce Dallas Howard, Octavia Spencer, Jessica Chastain, Ahna O'Reilly, Allison Janney, Anna Camp, Christopher Lowell, Cicely Tyson;https://srv.tunefindforfans.com/showads/track/srvclk.php?aid=100006796&lp=https://www.disneyplus.com/en-cz/browse/entity-45859bf8-a327-4118-8789-2d02c7d96db4<br>https://srv.clickfuse.com/ads/adclkr.php?id=100006636&url=https://tv.apple.com/cz/movie/the-help/umc.cmc.1pf0cebe7qpm5p0lyoe6l0g8i<br>https://srv.tunefindforfans.com/showads/track/srvclk.php?aid=100006796&lp=https://www.disneyplus.com/en-cz/browse/entity-45859bf8-a327-4118-8789-2d02c7d96db4<br>https://srv.clickfuse.com/ads/adclkr.php?id=100006636&url=https://tv.apple.com/cz/movie/the-help/umc.cmc.1pf0cebe7qpm5p0lyoe6l0g8i<br>https://apps.apple.com/cz/app/id6755365206<br>https://play.google.com/store/apps/details?id=cz.csfd.csfdroid<br>;Academy Awards (3x)<br>British Academy of Film and Television Arts (BAFTA) (4x)<br>Golden Globes (4x)<br>Critics Choice Awards (5x)<br>;Academy Awards (1x)<br>British Academy of Film and Television Arts (BAFTA) (1x)<br>Golden Globes (1x)<br>Critics Choice Awards (3x)<br>Norwegian International Film Festival Haugesund (2x)<br>;Kathryn Stockett
6251;Sloní muž;1980;86.14316295097373;124.0;https://image.pmgstatic.com/cache/resized/w420/files/images/film/posters/168/831/168831600_qken53.png;https://www.csfd.cz/film/6251-sloni-muz/;USA / Velká Británie;Drama / Životopisný;The Elephant Man;"Jedná se o Lynchův druhý, komerčně neobyčejně úspěšný film. Příběh znetvořeného muže, natočený podle vzpomínek pamětníků F. Trevese a A. Montagua. Lynch v něm projevil zálibu v bizarnosti a krutosti, patrnou už v jeho prvotině. Osud Johna Merricka, ""sloního muže"", který skutečně žil na přelomu století, je však líčen s akcentem na humanistické vyznění příběhu jeho utrpení. D. Lynch pojal film jako odsouzení předpojatosti společnosti vůči ""nenormalitě"" a jako výzvu k přijímání odlišnosti. Film je černobílý a kamera F. Francise mu dává expresionistické ladění souznějící s jeho dramatickým obsahem. Roli ""sloního muže"" vytvořil v důmyslné masce John Hurt, další postavy vytvořili Antony Hopkins, John Gielgud a Anne Bancroftová, kteří svou účastí nesporně přispěli k úspěchu filmu, děsícího krutostí, jíž je člověk schopen, a dojímajícího údělem hrdiny.";10.10.1980 Paramount Pictures;muž, černobílý film, žena, přátelství, přátelé, pátrání, podle skutečného příběhu, doktoři, nemoc, 19. století, nemocnice, nespravedlnost, vědci, Londýn, lékařství, vědec, nevyléčitelná nemoc, tělesné postižení, cirkus, viktoriánská Anglie;David Lynch;Anthony Hopkins, John Hurt, Anne Bancroft, John Gielgud, Wendy Hiller, Freddie Jones, Michael Elphick, Hannah Gordon, Helen Ryan, John Standing;/tvurce/65247-stephen-chbosky/prehled/<br>https://apps.apple.com/cz/app/id6755365206<br>https://play.google.com/store/apps/details?id=cz.csfd.csfdroid<br>;Academy Awards (7x)<br>British Academy of Film and Television Arts (BAFTA) (4x)<br>Golden Globes (4x)<br>;British Academy of Film and Television Arts (BAFTA) (3x)<br>César Awards (1x)<br>Avoriaz International Fantastic Film Festival (1x)<br>;Frederick Treves
1537997;Demon Slayer: Kimetsu no Yaiba Infinity Castle;2025;87.60989010989012;155.0;https://image.pmgstatic.com/cache/resized/w420/files/images/film/posters/170/427/170427423_zgc9fz.jpg;https://www.csfd.cz/film/1537997-gekijouban-kimetsu-no-yaiba-mugen-jou-hen-part-1/;Japonsko;Animovaný / Akční / Drama / Fantasy;Gekijouban Kimetsu no Yaiba: Mugen-jou Hen Part 1;Film Demon Slayer: Kimetsu no Yaiba Infinity Castle je anime adaptací mangy a zaměřuje se na vyvrcholení bitvy mezi Demon Slayer Corps a Muzanem Kibutsujim. Hlavní hrdinové, včetně Tanjiro a Nezuko, se vydávají do tajemného Infinity Castle, aby se utkali s mocnými Upper Rank démony a nakonec s Muzanem samotným. Předtím musí Hashira a další zabijáci démonů porazit členy Twelve Kizuki. Hlavní část filmu se odehrává v magickém Infinity Castle, kde probíhají bitvy s elitními démony. Hrdinové se střetnou s mocnými démony, včetně Upper Rank démonů, kteří jsou součástí Muzanovy armády. Film vyvrcholí bitvou s Muzanem Kibutsujim, hlavním záporákem série. Než dojde na finální střet, musí Demon Slayer Corps překonat další překážky a porazit další démony. (Falcon);18.07.2025 Aniplex;anime, podle mangy;Hikaru Kondó, Haruo Sotozaki;Nacuki Hanae, Akari Kitó, Hiro Šimono, Jošicugu Macuoka, Reina Ueda, Nobuhiko Okamoto, Takahiro Sakurai, Kacujuki Koniši, Kengo Kawaniši, Saori Hajami;https://apps.apple.com/cz/app/id6755365206<br>https://play.google.com/store/apps/details?id=cz.csfd.csfdroid<br>;Golden Globes (1x)<br>The Saturn Awards (1x)<br>;;Kojoharu Gotóge
43924;Hledá se Nemo;2003;86.03308043673464;100.0;https://image.pmgstatic.com/cache/resized/w420/files/images/film/posters/087/191/87191512_f62e2f.jpg;https://www.csfd.cz/film/43924-hleda-se-nemo/;Austrálie / USA;Animovaný / Dobrodružný / Komedie / Rodinný;Finding Nemo;V pestrobarevných a teplých vodách Velké útesové bariéry žije ve svém bezpečném a odlehlém příbytku ze sasanek Marlin a jeho jediný syn Nemo. Marlin se s obavami ze všech nepředvídatelných nebezpečí, které hlubiny oceánu skýtají, snaží svého syna před nástrahami okolí ochránit. Nemo je však, stejně jako všechny malé rybky, velmi zvídavý a chce tajemný útes prozkoumat. Když je pak nečekaně unesen daleko od domova a skončí v akváriu, kterým si vyzdobil ordinaci laciný zubař, ocitne se Marlin nečekaně v roli hrdiny na cestě k záchraně svého syna. Během hledání se k Marlinovi připojí samaritánka Dory - ryba s nejhorší krátkodobou pamětí a největším srdcem v celém oceánu. Její nehynoucí optimismus neustále žene Marlina kupředu a dodává mu odhodlání riskovat a překonávat jeho obavy. Díky tomu Marlin také postupně začne věřit, že se nakonec přece jen podaří všechny problémy zdárně vyřešit. Po střetu s četnými nástrahami podmořského i suchozemského světa včetně žraloků, želv, medúz, mořských ptáků, městské kanalizace i samotného člověka, končí odloučení otce a syna šťastným shledáním a kdysi bojácný Marlin se stane v očích svého potomka i celého oceánu opravdovým hrdinou.;30.05.2003 Buena Vista Pictures US;láska, rodina, přátelství, přátelé, otec, rodiče, strach, mládež, město, touha, syn, útěk, zvířata, škola, cestování, vzpomínky, pronásledování, putování, boj o přežití, kamarádi, moře, bolest, smutek, dilema, tragédie, naděje, voda, lodě, zoufalství, panika, oceán, pocit viny, dobrodruh, pobřeží, ptáci, loajalita, lítost, žraloci, výčitky svědomí, amnézie, ryby, dobrodružství, výchova dětí, přístav, želvy, zubař, medúzy, Sydney, rackové, akvárium;Andrew Stanton, Lee Unkrich;Albert Brooks, Ellen DeGeneres, Alexander Gould, Willem Dafoe, Brad Garrett, Allison Janney, Austin Pendleton, Geoffrey Rush, Andrew Stanton, Elizabeth Perkins;https://srv.tunefindforfans.com/showads/track/srvclk.php?aid=100006796&lp=https://www.disneyplus.com/en-cz/browse/entity-37b62808-2368-4688-9410-2dcf7461e258<br>https://srv.clickfuse.com/ads/adclkr.php?id=100006636&url=https://tv.apple.com/cz/movie/finding-nemo/umc.cmc.6mbogy74hds0btkz7rj83hzhq<br>https://www.youtube.com/watch?v=7lM6W3JKuhc<br>https://srv.tunefindforfans.com/showads/track/srvclk.php?aid=100006796&lp=https://www.disneyplus.com/en-cz/browse/entity-37b62808-2368-4688-9410-2dcf7461e258<br>https://srv.clickfuse.com/ads/adclkr.php?id=100006636&url=https://tv.apple.com/cz/movie/finding-nemo/umc.cmc.6mbogy74hds0btkz7rj83hzhq<br>https://www.youtube.com/watch?v=7lM6W3JKuhc<br>http://disney.go.com/finding-nemo/home/<br>https://apps.apple.com/cz/app/id6755365206<br>https://play.google.com/store/apps/details?id=cz.csfd.csfdroid<br>;Academy Awards (3x)<br>British Academy of Film and Television Arts (BAFTA) (1x)<br>European Film Awards (1x)<br>Amanda Awards (1x)<br>Golden Globes (1x)<br>Critics Choice Awards (1x)<br>New York Film Critics Circle Awards (1x)<br>The Saturn Awards (3x)<br>;Academy Awards (1x)<br>Critics Choice Awards (1x)<br>Florida Film Critics Circle Awards (1x)<br>The Saturn Awards (2x)<br>;
8805;Kolja;1996;86.05783677452332;105.0;https://image.pmgstatic.com/cache/resized/w420/files/images/film/posters/159/397/159397353_5f5f97.jpg;https://www.csfd.cz/film/8805-kolja/;Česko / Velká Británie / Francie;Komedie / Drama;Kolja;Laskavá komedie o muži, který se domníval, že už nemůže být hůře a netušil, že právě prožívá nejkrásnější chvíle svého života. Františkovi už prošedivěly vousy. Kolja ještě nedosáhl školního věku a setkali se díky tragikomické životní situaci. Ti dva zůstali nakonec sami.Starý mládenec a kluk, kteří si navzájem nerozumějí a to ve všech směrech. Čeká je dlouhá a složitá cesta za úsměvem a láskou...;Na Blu-ray od 27.07.2009 Magic Box;20. století, otec, děti, podle skutečného příběhu, komunismus, období 1980-1990, okupace, sametová revoluce;Jan Svěrák;Zdeněk Svěrák, Andrej Chalimon, Libuše Šafránková, Ondřej Vetchý, Stella Zázvorková, Ladislav Smoljak, Irina Bezrukova, Silvia Šuvadová, Lilian Malkina, Karel Heřmánek;https://www.netflix.com/title/60010557<br>https://www.hbomax.com/cz/en/movies/kolya/a493fc59-ab51-4087-b50d-b190aa0c948a<br>https://srv.clickfuse.com/ads/adclkr.php?id=100006636&url=https://tv.apple.com/cz/movie/kolya/umc.cmc.7depij5s0tl4qds1kg3ohc40<br>https://www.iprima.cz/filmy/kolja?utm_source=csfd&utm_medium=section_vod&utm_campaign=link_exchange<br>https://www.netflix.com/title/60010557<br>https://www.hbomax.com/cz/en/movies/kolya/a493fc59-ab51-4087-b50d-b190aa0c948a<br>https://srv.clickfuse.com/ads/adclkr.php?id=100006636&url=https://tv.apple.com/cz/movie/kolya/umc.cmc.7depij5s0tl4qds1kg3ohc40<br>https://www.iprima.cz/filmy/kolja?utm_source=csfd&utm_medium=section_vod&utm_campaign=link_exchange<br>http://www.ceskatelevize.cz/porady/94921-kolja/<br>https://apps.apple.com/cz/app/id6755365206<br>https://play.google.com/store/apps/details?id=cz.csfd.csfdroid<br>;British Academy of Film and Television Arts (BAFTA) (1x)<br>European Film Awards (1x)<br>Český lev (6x)<br>;Academy Awards (1x)<br>Český lev (7x)<br>Golden Globes (1x)<br>Ceny české filmové kritiky (1x)<br>Venice Film Festival (1x)<br>;
5991;Limonádový Joe aneb Koňská opera;1964;86.00232298029769;95.0;https://image.pmgstatic.com/cache/resized/w420/files/images/film/posters/162/885/162885324_2e60c4.png;https://www.csfd.cz/film/5991-limonadovy-joe-aneb-konska-opera/;Československo;Komedie / Muzikál / Western / Dobrodružný;Limonádový Joe aneb Koňská opera;"Jedna z nejslavnějších a nejoblíbenějších českých filmových komedií, kde správní muži pijí pouze kolalokovu lihuprostou limonádu a zákon má podobu pistolníka, vybaveného přesnou muškou, zářivým úsměvem a lahodným tenorem. V Trigger Whisky Saloonu, který stojí v malém městečku Stetson City kdesi na Divokém západě, se strhne rvačka. Majitel podniku Doug Badman uklidní rozvášněné pistolníky vystoupením ""famósní arizonské pěnice"" Tornado Lou, která zazpívá píseň o šampiónu svého srdce. Ve chvíli, kdy se pistolník Grimpo chystá vypít svého oblíbeného ""supercloumáka"", objeví se v saloonu pan Goodman s dcerou Winnifred, kteří se snaží pomocí letáků a písně odvrátit pistolníky od pití alkoholických nápojů. Jedinou odpovědí jim jsou urážky. Tu se však v saloonu objeví sličný kovboj v bělostném oděvu a poručí si sklenici kolalokovy limonády. Potom hravě donutí Grimpa, aby se omluvil půvabné Winifred a než odjede, stačí ještě zlikvidovat bandu bankovních lupičů a probudit v srdcích Winnifred i Tornado Lou hlubokou lásku. Zanedlouho se Trigger Whisky Saloon ocitne na pokraji bankrotu, protože pistolníci popíjejí kolalokovu limonádu v sousedství, kde pan Goodman otevřel nealkoholický bar. Jenže na scéně se objeví Badmanův bratr Horác, padouch známý pod jménem Hogofogo. Ten přetáhne pistolníky zpět k whisky a zmocní se Winnifred. Limonádový Joe vše vidí díky zrcadlení vzduchu, tzv. Fata Morganě, a dívku zachrání. Vyzná jí lásku a pak se vydá zachránit podnik jejího otce před zánikem. Hravě si poradí s pistolníky, ale podlehne zákeřné léčce, kdy je mu ve sklenici kolalokovy limonády podstrčena lihovina. Kdo se však posupně směje, směje se předčasně, protože ani takové drobnosti, jako je dvojitý průstřel srdce, nemohou bělostného hrdinu rozházet.";V TV od 25.02.1967 Československá televize;podle knihy, podle divadelní hry, parodie, Divoký západ, tónovaný film;Oldřich Lipský;Karel Fiala, Miloš Kopecký, Květa Fialová, Olga Schoberová, Rudolf Deyl ml., Bohuš Záhorský, Josef Hlinomaz, Karel Effa, Waldemar Matuška, Eman Fiala;https://apps.apple.com/cz/app/id6755365206<br>https://play.google.com/store/apps/details?id=cz.csfd.csfdroid<br>;San Sebastián International Film Festival (1x)<br>;San Sebastián International Film Festival (1x)<br>;Jiří Brdečka
257071;Zmizení;2013;86.07130956347883;153.0;https://image.pmgstatic.com/cache/resized/w420/files/images/film/posters/157/954/157954403_0b39d4.jpg;https://www.csfd.cz/film/257071-zmizeni/;USA;Thriller / Mysteriózní / Krimi / Drama / Psychologický;Prisoners;Silné téma, vynikající scénář plný zvratů a životní herecké výkony poskládaly dohromady thriller o pátrání po dvou zmizelých děvčatech, který je napínavý až k nesnesení. Keller Dover (Hugh Jackman) čelí asi nejhorší noční můře každého rodiče, jeho šestiletá dcera Anna a její kamarádka Joy jednoho večera na Díkuvzdání zmizí. Jejich hledání nebere konce, hodiny se vlečnou a dívky jsou stále pohřešovány. Do objektu zájmu se při pátrání dostane zchátralý karavan, který parkoval před jejich domem a u kterého si dívky naposledy hrály. K případu je povolán detektiv Loki (Jake Gyllenhaal), který zatýká řidiče karavanu, retardovaného Alexe Jonese (Paul Dano), ale pro nedostatek důkazů je Jones po nějaké době propuštěn. Oficiální pátrání sice stále pokračuje, ale Dover se cítí bezradný, jeho strach se mísí se vztekem a zlobou. Bere spravedlnost do svých rukou a bez ohledu na následky se rozhodne vyslechnout jediné pojítko k případu sám, po svém a bez rukaviček. (Bontonfilm);20.09.2013 Warner Bros. US;muž, rodina, smrt, přátelství, přátelé, vražda, násilí, tajemství, otec, děti, matka, rodiče, policie, strach, záhady, dcera, syn, zbraně, vyšetřování, vrah, oběť (autonehody/zločinu), pátrání, vzpomínky, pomsta, sourozenci, manipulace, intriky, zločin, únos, mrtvola, dům, bolest, detektiv, smutek, trauma, naděje, sériový vrah, zranění, sebevražda, výslech, alkoholismus, rukojmí, závislost, mučení, svědek, svědectví, alkohol, pokus o vraždu, pohřešování;Denis Villeneuve;Hugh Jackman, Jake Gyllenhaal, Viola Davis, Maria Bello, Terrence Howard, Melissa Leo, Paul Dano, Dylan Minnette, Zoë Soul, Erin Gerasimovich;https://apps.apple.com/cz/app/id6755365206<br>https://play.google.com/store/apps/details?id=cz.csfd.csfdroid<br>;Academy Awards (1x)<br>Critics Choice Awards (1x)<br>The Saturn Awards (2x)<br>Toronto International Film Festival (1x)<br>;The Saturn Awards (1x)<br>;
23587;Život Briana;1979;86.0600798749783;94.0;https://image.pmgstatic.com/cache/resized/w420/files/images/film/posters/168/652/168652904_96y3jj.png;https://www.csfd.cz/film/23587-zivot-briana/;Velká Británie;Komedie;Monty Python: Život Briana;Kultovní a kontroverzní komedie Život Briana vypráví příběh Briana (Graham Chapman), který se narodil ve stejný den a na stejném místě jako Ježíš. Po sérii absurdních a vtipných okolností je pak s mesiášem zaměňován. Film Terryho Jonese, který se konstantně vysmívá všem a všemu, nechává zazářit v několika rolích každého člena skupiny Monty Python. Přináší tak pohlcující anarchistickou satiru mířenou jak na náboženství, tak na hollywoodské zobrazování všeho biblického. (Pannonia Ent.);18.04.2019 Trafalgar Releasing;muž, náboženství, víra, mimozemšťané, křesťanství, satira, parodie, mytologie, starověký Řím, záměna identit, Bible, nedorozumění, Ježíš, paleoastronautika;Terry Jones;Graham Chapman, John Cleese, Terry Gilliam, Eric Idle, Terry Jones, Michael Palin, Terence Bayler, Carol Cleveland, Kenneth Colley, George Harrison;https://srv.clickfuse.com/ads/adclkr.php?id=100006636&url=https://tv.apple.com/cz/movie/monty-pythons-life-of-brian/umc.cmc.3gr8pnn3t310ng2zjr9gr79ni<br>https://srv.clickfuse.com/ads/adclkr.php?id=100006636&url=https://tv.apple.com/cz/movie/monty-pythons-life-of-brian/umc.cmc.3gr8pnn3t310ng2zjr9gr79ni<br>https://apps.apple.com/cz/app/id6755365206<br>https://play.google.com/store/apps/details?id=cz.csfd.csfdroid<br>;;;
675173;Gentlemani;2019;85.99822295126786;113.0;https://image.pmgstatic.com/cache/resized/w420/files/images/film/posters/164/059/164059825_15ea0c.jpg;https://www.csfd.cz/film/675173-gentlemani/;Velká Británie / USA;Akční / Komedie / Krimi;The Gentlemen;;03.01.2020 Entertainment Film Distributors;vražda, zbraně, drogy, gangsteři, mafie, gang, podsvětí (svět zločinu), korupce, vydírání, Londýn, nájemný vrah, sledování, marihuana;Guy Ritchie;Matthew McConaughey, Charlie Hunnam, Michelle Dockery, Jeremy Strong, Lyne Renée, Colin Farrell, Henry Golding, Tom Wu, Hugh Grant, Simon Baker;https://www.netflix.com/title/81178299<br>https://srv.clickfuse.com/ads/adclkr.php?id=100006636&url=https://tv.apple.com/cz/movie/the-gentlemen/umc.cmc.2ve60m4mljxeqsf05crvohm9e<br>https://www.youtube.com/watch?v=xGkeMVr1Nf0<br>/novinky/8177-serialovi-gentlemani-na-netflixu-nabiraji-obsazeni/<br>/novinky/8177-serialovi-gentlemani-na-netflixu-nabiraji-obsazeni/<br>/novinky/8177-serialovi-gentlemani-na-netflixu-nabiraji-obsazeni/<br>/novinky/7868-hrany-remake-disneyho-herkula-nasel-rezisera/<br>/novinky/7868-hrany-remake-disneyho-herkula-nasel-rezisera/<br>/novinky/7868-hrany-remake-disneyho-herkula-nasel-rezisera/<br>https://www.netflix.com/title/81178299<br>https://srv.clickfuse.com/ads/adclkr.php?id=100006636&url=https://tv.apple.com/cz/movie/the-gentlemen/umc.cmc.2ve60m4mljxeqsf05crvohm9e<br>https://www.youtube.com/watch?v=xGkeMVr1Nf0<br>https://apps.apple.com/cz/app/id6755365206<br>https://play.google.com/store/apps/details?id=cz.csfd.csfdroid<br>;The Saturn Awards (1x)<br>;;
9558;Společnost mrtvých básníků;1989;86.07162284678151;128.0;https://image.pmgstatic.com/cache/resized/w420/files/images/film/posters/162/505/162505166_058b6b.jpg;https://www.csfd.cz/film/9558-spolecnost-mrtvych-basniku/;USA;Drama;Dead Poets Society;Není snadné vystoupit z davu a slyšet křičet svůj vlastní hlas! Začíná další školní rok a na chlapeckou akademii ve Vermontu přichází nový učitel John Keating (Robin Williams), aby zdejší studenty učil anglické literatuře. John praktikuje velmi nezvyklý způsob výuky, čímž si své studenty nejen získá, ale hlavně je naučí mnohem více, než by se mohli dočíst v knihách. Stane se jejich vzorem a oni se rozhodnou, že budou pokračovat v tradici Společnosti mrtvých básníků, které byl John dříve také členem. Nemají však tušení, jaké následky to může mít… Další z nenápadných filmových klenotů režiséra Petera Weira získal Oscara za scénář a obdržel další tři nominace za film, režii a nejlepší herecký výkon pro Robina Williamse. Kromě něj můžeme v dojemném příběhu o svobodě ducha a nepodrobení vidět také začínající hvězdy Ethana Hawkea a Laru Flynn Boyleovou. (Česká televize);09.06.1989 Buena Vista Pictures US;muž, láska, rodina, smrt, přátelství, přátelé, 20. století, dívka, otec, rodiče, mládež, chlapec, škola, umění, dospívání, kolegové, učitel, tragédie, střední škola, naděje, rvačka, sebevražda, sníh, divadelní prostředí, kniha, iluze, divadlo, období 1950-1960, poezie, internátní škola, filozof, podzim, Nová Anglie, despotismus;Peter Weir;Robin Williams, Robert Sean Leonard, Ethan Hawke, Josh Charles, Gale Hansen, Dylan Kussman, Allelon Ruggiero, James Waterston, Norman Lloyd, Kurtwood Smith;https://srv.tunefindforfans.com/showads/track/srvclk.php?aid=100006796&lp=https://www.disneyplus.com/en-cz/browse/entity-58ab534f-7a68-40f8-b703-654d224dc80b<br>https://srv.clickfuse.com/ads/adclkr.php?id=100006636&url=https://tv.apple.com/cz/movie/dead-poets-society/umc.cmc.40eizj37hvedszozcidhgpari<br>https://www.youtube.com/watch?v=AXU30k6TiX4<br>http://www.ceskatelevize.cz<br>http://www.ceskatelevize.cz<br>https://srv.tunefindforfans.com/showads/track/srvclk.php?aid=100006796&lp=https://www.disneyplus.com/en-cz/browse/entity-58ab534f-7a68-40f8-b703-654d224dc80b<br>https://srv.clickfuse.com/ads/adclkr.php?id=100006636&url=https://tv.apple.com/cz/movie/dead-poets-society/umc.cmc.40eizj37hvedszozcidhgpari<br>https://www.youtube.com/watch?v=AXU30k6TiX4<br>https://apps.apple.com/cz/app/id6755365206<br>https://play.google.com/store/apps/details?id=cz.csfd.csfdroid<br>;Academy Awards (3x)<br>British Academy of Film and Television Arts (BAFTA) (4x)<br>Golden Globes (4x)<br>;Academy Awards (1x)<br>British Academy of Film and Television Arts (BAFTA) (2x)<br>César Awards (1x)<br>Warsaw International Film Festival (1x)<br>;
5696;Most přes řeku Kwai;1957;86.03219429539678;161.0;https://image.pmgstatic.com/cache/resized/w420/files/images/film/posters/163/123/163123282_a88a17.jpg;https://www.csfd.cz/film/5696-most-pres-reku-kwai/;Velká Británie / USA;Dobrodružný / Drama / Válečný;The Bridge on the River Kwai;"Jednoho žhavě slunečného dne roku 1943 přibude do japonského zajateckého tábora uprostřed džungle další várka britských zajatců. Přestože jsou muži zbídačení vyčerpávající cestou, připochodují s říznou písničkou. Jejich nadřízený, plukovník Nicholson (Alec Guinness), totiž nehodlá nepříteli ukázat žádnou slabost. Velitel tábora, plukovník Saito (Sessue Hayakawa), viditelně znervózní: tuší, že na jeho úseku stavby železnice, která má ve vražedně krátkém termínu spojit Bangkok s Rangúnem, nastávají problémy. Jeden ze zajateckých ""starousedlíků"", Američan Shears (William Holden), to všechno ironicky sleduje ze stínu marodky, kam se právě ulil. Plukovník Nicholson si dokáže pro sebe a pro své důstojníky vyvzdorovat právo nepracovat. Postupně pak propadá posedlosti vybudovat dokonalý most. Podle jeho názoru dobře organizovaná práce udrží v mužstvu vysokou morálku a Japonci pochopí, že Brity s jejich schopnostmi a civilizovanou tradicí nikdy neporazí. Zajatci pod Nicholsonovým vedením skutečně postaví skvělý most a jsou na něj patřičně hrdí. Mezitím z tábora uprchnul Shears a brzy se vrací s jednotkou spojeneckých diverzantů. Jejich úkolem je vyhodit dokonalý most přes řeku Kwai do povětří společně s první projíždějícím japonským vlakem. Jak se zachová plukovník Nicholson?";11.10.1957;podle knihy, muž, smrt, 20. století, násilí, strach, útěk, zbraně, oběť (autonehody/zločinu), období 1940-1950, 2. světová válka, vojáci, pronásledování, putování, podle skutečného příběhu, boj o přežití, mrtvola, bolest, divočina, válka, dilema, armáda, voda, střelné zbraně, šílenství, zoufalství, krutost, Japonsko, přestřelka, střelba, posedlost, hádka, vlak, džungle, příroda, tradice, Asie, pochyby, řeka, výbuch, oběť (někomu/něčemu), zajatci, bodné zbraně, sečné zbraně, loajalita, samopal, revolver, puška, kolonizace, trest, kolonie, prales, tajná operace, zajatecký tábor, Thajsko, železnice, most, stavba, Barma, odstřel mostu;David Lean;William Holden, Alec Guinness, Jack Hawkins, Sessue Hajakawa, James Donald, Geoffrey Horne, André Morell, Percy Herbert, Harold Goodwin, John Boxer;https://srv.clickfuse.com/ads/adclkr.php?id=100006636&url=https://tv.apple.com/cz/movie/the-bridge-on-the-river-kwai/umc.cmc.2dszbwan9s01w76tzhzvjubk7<br>https://srv.clickfuse.com/ads/adclkr.php?id=100006636&url=https://tv.apple.com/cz/movie/the-bridge-on-the-river-kwai/umc.cmc.2dszbwan9s01w76tzhzvjubk7<br>https://apps.apple.com/cz/app/id6755365206<br>https://play.google.com/store/apps/details?id=cz.csfd.csfdroid<br>;Academy Awards (1x)<br>Golden Globes (1x)<br>;Academy Awards (7x)<br>British Academy of Film and Television Arts (BAFTA) (4x)<br>Golden Globes (3x)<br>New York Film Critics Circle Awards (3x)<br>;Pierre Boulle
2428;Zpívání v dešti;1952;86.09828943795819;103.0;https://image.pmgstatic.com/cache/resized/w420/files/images/film/posters/162/885/162885329_485c5f.png;https://www.csfd.cz/film/2428-zpivani-v-desti/;USA;Muzikál / Romantický / Komedie;Singin' in the Rain;Jeden z nejlepších muzikálů, které kdy spatřily stříbro plátna, je zároveň výtečnou romantickou komedií, hravou satirou na Hollywood 20. let i mimoděčnou historickou lekcí o jedné z klíčových etap vývoje kinematografie. Hvězdy němé éry se ocitají v osidlech lásky a zvukového filmu a s obojím se vyrovnávají vtipně, vynalézavě a s grácií. A navíc jaksi mimochodem vynaleznou i dabing. (AČFK);27.03.1952 Metro-Goldwyn-Mayer (MGM);muž, láska, žena, přátelství, přátelé, 20. století, tajemství, němý film, peníze, umění, lež, hudba, podvod, sláva, tanec, zpěv, herci, filmařské zákulisí, období 1910-1920, závist, období 1920-1930, Hollywood, déšť;Stanley Donen, Gene Kelly;Gene Kelly, Donald O'Connor, Debbie Reynolds, Jean Hagen, Cyd Charisse, Douglas Fowley, Millard Mitchell, Rita Moreno, Mae Clarke, Bobby Watson;https://srv.clickfuse.com/ads/adclkr.php?id=100006636&url=https://tv.apple.com/cz/movie/singin-in-the-rain/umc.cmc.4y40uv6tngxx1wfrh78p8yzft<br>https://www.youtube.com/watch?v=HQSXEIMW6Xo<br>https://srv.clickfuse.com/ads/adclkr.php?id=100006636&url=https://tv.apple.com/cz/movie/singin-in-the-rain/umc.cmc.4y40uv6tngxx1wfrh78p8yzft<br>https://www.youtube.com/watch?v=HQSXEIMW6Xo<br>https://apps.apple.com/cz/app/id6755365206<br>https://play.google.com/store/apps/details?id=cz.csfd.csfdroid<br>;Academy Awards (2x)<br>British Academy of Film and Television Arts (BAFTA) (1x)<br>Golden Globes (1x)<br>;Golden Globes (1x)<br>;
150988;Ratatouille;2007;85.91017848794037;111.0;https://image.pmgstatic.com/cache/resized/w420/files/images/film/posters/162/376/162376209_df7faf.jpg;https://www.csfd.cz/film/150988-ratatouille-dobru-chut/;USA;Animovaný / Komedie / Dobrodružný / Rodinný / Fantasy;Ratatouille;"Oscarem oceněný režisér Brad Bird a vypravěčští mistři z Pixar Animation Studios uvádějí film Ratatouille, nejoriginálnější komedii letošního léta o tak bizarním přátelství, jaké si jen lze představit. Hlavním hrdinou filmu je krysák Remy, který odvážně sní o tom, že se stane vyhlášeným kuchařem v pařížské pětihvězdičkové restauraci. Společně se zkrachovalým vynašečem kuchyňských odpadků Linguinim se vydají za svým cílem stát se nejvyhlášenějším kuchařem v Paříži. Remy měl celý život dokonalý čich a na krysu také velice neobvyklý sen: vařit v luxusní restauraci. Nenechá se zviklat očividnými potížemi, se kterými se krysa, toužící po kariéře v oboru, který hlodavce přímo nenávidí, nevyhnutelně setká, nemluvě o výtkách ostatních členů rodiny, kteří se mu snaží domluvit, aby se spokojil s tradičním životem na skládce, a své touhy uspokojuje skromným flambováním a smažením. Ale když ho okolnosti doslova vrhnou do restaurace, kterou proslavil jeho kuchařský vzor Auguste Gusteau (jehož heslo ""vařit může každý"" Remyho po celý život inspirovalo), brzy zjistí, že pokud jste krysa a někdo vás uvidí, může vám v kuchyni jít doslova o život. Když už se zdá, že je se splněním Remyho snů konec, potká toho, koho potkat potřebuje, přítele, který mu věří: stydlivého a podřadného vynašeče odpadků, kterého z restaurace čeká vyhazov. Teď, kdy už oba nemají co ztratit, se z Remyho a Linguiniho stanou bizarní společníci, kteří, hnáni Linguiniho nešikovností a Remyho neobvyklými nápady, převrátí Paříž vzhůru nohama na neuvěřitelné cestě plné humorných zápletek, působivých zážitků a těch nejnepravděpodobnějších triumfů, o kterých by jeden bez druhého ani nesnili.";29.06.2007 Buena Vista Pictures US;muž, láska, žena, přátelství, přátelé, tajemství, město, touha, zvířata, vzpomínky, sny, vášeň, kamarádi, vztahy, mezilidské vztahy, Francie, Paříž, jídlo, restaurace, vaření, kuchaři, loutky, krysy, myši, hlodavci;Brad Bird, Jan Pinkava;Patton Oswalt, Ian Holm, Lou Romano, Brian Dennehy, Peter Sohn, Peter O'Toole, Brad Garrett, Janeane Garofalo, Will Arnett, James Remar;https://srv.tunefindforfans.com/showads/track/srvclk.php?aid=100006796&lp=https://www.disneyplus.com/en-cz/browse/entity-ab7c4e29-04f1-46dd-931a-d43be1ce0f8c<br>https://srv.clickfuse.com/ads/adclkr.php?id=100006636&url=https://tv.apple.com/cz/movie/ratatouille/umc.cmc.2i8p6l6cpu6zxmcpqao7bs147<br>https://www.youtube.com/watch?v=dAJTMy0SZQI<br>https://srv.tunefindforfans.com/showads/track/srvclk.php?aid=100006796&lp=https://www.disneyplus.com/en-cz/browse/entity-ab7c4e29-04f1-46dd-931a-d43be1ce0f8c<br>https://srv.clickfuse.com/ads/adclkr.php?id=100006636&url=https://tv.apple.com/cz/movie/ratatouille/umc.cmc.2i8p6l6cpu6zxmcpqao7bs147<br>https://www.youtube.com/watch?v=dAJTMy0SZQI<br>https://apps.apple.com/cz/app/id6755365206<br>https://play.google.com/store/apps/details?id=cz.csfd.csfdroid<br>;Academy Awards (4x)<br>;Academy Awards (1x)<br>British Academy of Film and Television Arts (BAFTA) (1x)<br>Golden Globes (1x)<br>Critics Choice Awards (1x)<br>Florida Film Critics Circle Awards (1x)<br>Los Angeles Film Critics Association Awards (1x)<br>The Saturn Awards (2x)<br>;
221020;Skrytá identita;2006;85.92296109935769;151.0;https://image.pmgstatic.com/cache/resized/w420/files/images/film/posters/159/375/159375556_9285e9.jpg;https://www.csfd.cz/film/221020-skryta-identita/;USA / Hongkong;Drama / Krimi / Thriller;The Departed;Kriminální drama Skrytá identita je zasazeno do Bostonu, kde státní policie vede válku s organizovaným zločinem. Tajný policista Billy Costigan (Leonardo Di Caprio) je pověřen úkolem infiltrovat zločineckou síť, které předsedá boss Costello (Jack Nicholson). Billy si brzy získá Costellovu důvěru, jenže je tu také Colin Sullivan (Matt Damon), který pro změnu infiltroval policejní složky, aby tam získával pro zločinecký syndikát cenné informace. Sullivan stoupá po kariérním žebříčku a stává se významným členem Jednotky pro zvláštní vyšetřování. Životy obou mužů jsou hluboce ovlivněny prostředím, ve kterém se pohybují. Časem však vyjde najevo, že v systému je ještě hráč, který hraje na obě strany. Billyho i Colinova existence je rázem ohrožena a vystavena nepřátelské straně a oba muži musí vyvinout maximální úsilí, aby jejich identity nebyly odhaleny a oni zachránili svůj protějšek. A tím i sebe.;06.10.2006 Warner Bros. US;muž, žena, smrt, vražda, násilí, tajemství, policie, strach, město, záhady, zbraně, vyšetřování, vrah, oběť (autonehody/zločinu), pátrání, pomsta, peníze, manipulace, lež, intriky, pronásledování, zločin, kolegové, nevěra, zrada, podvod, gangsteři, mafie, gang, dilema, podsvětí (svět zločinu), zabijáci, žárlivost, milostný trojúhelník, zranění, agenti, nespravedlnost, korupce, chamtivost, přestřelka, konspirace, bar, sledování, neo-noir, hospoda, spiknutí, FBI, změna identity, psycholog, terapie, tajná policie, období 2000-2010, Irsko, kouření, odposlech, Boston, remake, únik informací, irská komunita v USA, Irové;Martin Scorsese;Leonardo DiCaprio, Matt Damon, Jack Nicholson, Mark Wahlberg, Martin Sheen, Ray Winstone, Vera Farmiga, Anthony Anderson, Alec Baldwin, Kevin Corrigan;https://srv.clickfuse.com/ads/adclkr.php?id=100006636&url=https://tv.apple.com/cz/movie/the-departed/umc.cmc.6795ameca08rcfnqch2u5vmj8<br>https://www.youtube.com/watch?v=wmvBPdnIAm0<br>https://srv.clickfuse.com/ads/adclkr.php?id=100006636&url=https://tv.apple.com/cz/movie/the-departed/umc.cmc.6795ameca08rcfnqch2u5vmj8<br>https://www.youtube.com/watch?v=wmvBPdnIAm0<br>https://apps.apple.com/cz/app/id6755365206<br>https://play.google.com/store/apps/details?id=cz.csfd.csfdroid<br>;Academy Awards (1x)<br>British Academy of Film and Television Arts (BAFTA) (6x)<br>Robert Awards (Danish Film Awards) (1x)<br>Golden Globes (5x)<br>Critics Choice Awards (5x)<br>New York Film Critics Circle Awards (2x)<br>The Saturn Awards (1x)<br>;Academy Awards (4x)<br>Amanda Awards (1x)<br>Golden Globes (1x)<br>Critics Choice Awards (2x)<br>Florida Film Critics Circle Awards (4x)<br>New York Film Critics Circle Awards (1x)<br>;
10129;Návrat do budoucnosti II;1989;85.92735532372511;108.0;https://image.pmgstatic.com/cache/resized/w420/files/images/film/posters/000/009/9702_f271f1.jpg;https://www.csfd.cz/film/10129-navrat-do-budoucnosti-ii/;USA;Dobrodružný / Komedie / Sci-Fi / Akční;Back to the Future Part II;;22.11.1989 Universal Pictures US;muž, rodina, přátelství, přátelé, 20. století, otec, rodiče, mládež, syn, chlapec, pronásledování, podvod, krádež, psi, loupež, chamtivost, dobrodruh, věda, budoucnost, cestování časem, období 1980-1990, období 1950-1960, Kalifornie, vynálezce, šílený vědec, paralelní svět, skateboarding, stroj času;Robert Zemeckis;Michael J. Fox, Christopher Lloyd, Lea Thompson, Tom Wilson, Elisabeth Shue, James Tolkan, Jeffrey Weissman, Casey Siemaszko, Billy Zane, J.J. Cohen;https://srv.clickfuse.com/ads/adclkr.php?id=100006636&url=https://tv.apple.com/cz/movie/back-to-the-future-part-ii/umc.cmc.5voem26uknighvs9ac01dku4y<br>https://www.youtube.com/watch?v=Kq1O9RTbxug<br>https://srv.clickfuse.com/ads/adclkr.php?id=100006636&url=https://tv.apple.com/cz/movie/back-to-the-future-part-ii/umc.cmc.5voem26uknighvs9ac01dku4y<br>https://www.youtube.com/watch?v=Kq1O9RTbxug<br>https://apps.apple.com/cz/app/id6755365206<br>https://play.google.com/store/apps/details?id=cz.csfd.csfdroid<br>;Academy Awards (1x)<br>The Saturn Awards (5x)<br>;British Academy of Film and Television Arts (BAFTA) (1x)<br>The Saturn Awards (1x)<br>;
1634;Apokalypsa;1979;85.98454428365785;147.0;https://image.pmgstatic.com/cache/resized/w420/files/images/film/posters/166/216/166216117_76353a.jpg;https://www.csfd.cz/film/1634-apokalypsa/;USA;Válečný / Drama;Apokalypsa: Final Cut;Kapitán Willard (Martin Sheen) si během služby ve Vietnamu získal pověst vynikajícího vojáka. Je pověřen důležitou misí: musí v džungli najít a zlikvidovat amerického plukovníka Waltera E. Kurtze (Marlon Brando), který dezertoval a vede v čele oddaných domorodců soukromou válku proti Vietnamcům i proti Američanům. Cestou proti proudu Mekongu na hlídkovém člunu Willard se svými muži poznávají nejpodivnější a nejrůznější aspekty válečného pekla. (Hollywood Classic Entertainment (H.C.E.));15.08.1979 United Artists;podle knihy, muž, pátrání, cestování, vojáci, putování, drogy, divočina, válka, trauma, armáda, voda, šílenství, džungle, domorodé kmeny, řeka, sekta, vrtulník, speciální jednotky, kult, diktátor, válka ve Vietnamu, protiválečný, posttraumatická stresová porucha, chrám, Vietnam, Vietkong;Francis Ford Coppola;Marlon Brando, Martin Sheen, Robert Duvall, Frederic Forrest, Sam Bottoms, Laurence Fishburne, Albert Hall, Harrison Ford, Dennis Hopper, G. D. Spradlin;https://srv.clickfuse.com/ads/adclkr.php?id=100006636&url=https://tv.apple.com/cz/movie/apocalypse-now-final-cut/umc.cmc.c44lkj3wcefkos4ixxaf8hor<br>https://srv.clickfuse.com/ads/adclkr.php?id=100006636&url=https://tv.apple.com/cz/movie/apocalypse-now-final-cut/umc.cmc.c44lkj3wcefkos4ixxaf8hor<br>https://apps.apple.com/cz/app/id6755365206<br>https://play.google.com/store/apps/details?id=cz.csfd.csfdroid<br>;Academy Awards (6x)<br>British Academy of Film and Television Arts (BAFTA) (7x)<br>César Awards (1x)<br>Golden Globes (1x)<br>The Saturn Awards (1x)<br>San Sebastián International Film Festival (1x)<br>;Academy Awards (2x)<br>British Academy of Film and Television Arts (BAFTA) (2x)<br>Golden Globes (3x)<br>Cannes Film Festival (2x)<br>;Joseph Conrad
7123;Pink Floyd: The Wall;1982;85.973562736047;95.0;https://image.pmgstatic.com/cache/resized/w420/files/images/film/posters/162/554/162554739_2f6e6e.jpg;https://www.csfd.cz/film/7123-pink-floyd-the-wall/;Velká Británie;Drama / Hudební / Muzikál / Animovaný / Fantasy;Pink Floyd: The Wall;"Je zamčený v pokoji jakéhosi losangelského hotelu a hlavou mu táhnou klíčové okamžiky jeho života. Rocková hvězda Pink, na jehož koncert se už možná kdesi venku scházejí tisíce fanoušků. Sedí tu a utápí se v děsivých představách a vizích. Scény represí a lidské agresivity se střídají s frustrujícími vzpomínkami na dětství bez otce, zato s přehnaně ochranitelskou matkou, na školu, pokoušející se všechny semlít do jedné beztvaré, nemyslící masy, na ženu, která jej zradila. Sedí tu, obehnán pomyslnou ochrannou zdí, kterou si kolem sebe kdysi vybudoval, a neví jak dál. Kultovní snímek ""Pink Floyd: The Wall"" je jedním z mála filmových děl, experimentujících s ryze hudební látkou. Po úspěchu jevištního zpracování dvojalba populární skupiny Pink Floyd se režie celovečerního filmu ujal Alan Parker (Sláva, Hořící Mississippi, Evita atd.), který se tu poetice hudebního tvaru přiblížil v kinematografických dějinách zcela ojedinělým způsobem. Podle scénáře vůdčího ducha skupiny Rogera Waterse vznikl film, jenž je tříští symbolických obrazů a animovaných sekvencí, volně spojených písněmi a situací fiktivní hlavní postavy. Film, který je nadčasovým vyprávěním o osamělosti člověka i o nejrůznějších zdech, jež si kolem sebe stavíme.";08.06.1995 Lucernafilm;20. století, období 1940-1950, 2. světová válka, vojáci, manipulace, hudba, nevěra, soud, nacisté, šikana, vlak, koncert, deprese, letadla, základní škola, halucinace, diktátor, protiválečný;Alan Parker;Bob Geldof, Bob Hoskins, Joanne Whalley, Kevin McKeon, Phil Davis, Roger Waters, Jenny Wright, Alex McAvoy, Nell Campbell, Eddie Tagoe;https://apps.apple.com/cz/app/id6755365206<br>https://play.google.com/store/apps/details?id=cz.csfd.csfdroid<br>;The Saturn Awards (1x)<br>;British Academy of Film and Television Arts (BAFTA) (2x)<br>;
2315;Carlitova cesta;1993;85.98289623717217;144.0;https://image.pmgstatic.com/cache/resized/w420/files/images/film/posters/000/002/2252_117c61.jpg;https://www.csfd.cz/film/2315-carlitova-cesta/;USA;Drama / Krimi / Thriller;Carlito's Way;"Snímek Briana De Palmy svým tématem zdánlivě zapadá do současného proudu gangsterských filmů, ale zpracováním připomíná klasické gangsterky třicátých let. Vypravěčem a hlavním hrdinou příběhu je portorikánský zločinec Carlito Brigante, který je předčasně propuštěn z vězení. Vrací se do života s rozhodnutím definitivně skoncovat s minulostí zabijáka a překupníka drog. Jenže záhy pochopí, že tlak rodné newyorské čtvrti, tlak ""ulice"", v níž se téměř všichni pohybují na opačné straně zákona, bude velmi obtížné překonat. Carlito je mužem ze staré školy, který ještě ctí přátelství. Proto musí v nouzi pomoci narkomanskému advokátu Dave Kleinfeldovi, s nímž se zná už mnoho let. Smysl pro čest, který všichni ostatní už dávno ztratili, je pro něj víc než láska k tanečnici Gail.Režisér Brian De Palma a scénárista David Koepp (mj. JURSKÝ PARK) vycházejí z románů soudce Edwina Torrese, který při psaní těží ze svých bohatých životních zkušeností. Vznikl klasický gangsterský příběh s lehce romantizujícím nádechem a bez módních naturalismů. Velkou zásluhu na jeho nenápadné hodnotě má Al Pacino, který si zahrál gangstera v opačné poloze než v dřívějším De Palmově remaku ZJIZVENÁ TVÁŘ.";12.11.1993 Universal Pictures US;podle knihy, muž, láska, žena, smrt, přátelství, přátelé, vražda, 20. století, násilí, policie, útěk, zbraně, vrah, oběť (autonehody/zločinu), peníze, manipulace, lež, intriky, rivalita, drogy, zločin, zrada, podvod, kamarádi, gangsteři, mafie, gang, nemocnice, podsvětí (svět zločinu), zabijáci, zranění, párty, korupce, právníci, bar, období 1970-1980, oslava, pokus o vraždu, noční klub, disco;Brian De Palma;Al Pacino, Sean Penn, Penelope Ann Miller, John Leguizamo, Ingrid Rogers, Luis Guzmán, James Rebhorn, Joseph Siravo, Viggo Mortensen, Adrian Pasdar;https://apps.apple.com/cz/app/id6755365206<br>https://play.google.com/store/apps/details?id=cz.csfd.csfdroid<br>;Golden Globes (2x)<br>;;Edwin Torres
1474749;Rozzum v divočině;2024;86.098478652053;101.0;https://image.pmgstatic.com/cache/resized/w420/files/images/film/posters/169/298/169298193_1ljr2m.jpg;https://www.csfd.cz/film/1474749-rozzum-v-divocine/;USA;Animovaný / Sci-Fi / Dobrodružný / Rodinný;The Wild Robot;Robotka z výrobní řady typu Rozzum (pro přátele Roz) byla zkonstruována, aby spolehlivě plnila úkoly od svých lidských zadavatelů. Když ovšem vinou nehody ztroskotá na ostrově, kde žádní lidé nejsou, netuší, co si s nabytou svobodou počít. A také se musí naučit, jak se adaptovat na nehostinné podmínky hroudy hlíny uprostřed oceánu obývané jen zvířaty. Roz má naštěstí natolik pokročilý software, že se naučí se zdejšími obyvateli komunikovat a spolupracovat, dokonce se stane adoptivní mámou osiřelého housete. Všechny její zdejší zážitky postupně vedou k tomu, že tam, kde dřív byl jen bezchybný počítačový program, jsou teď myšlenky, názory, nápady a hlavně city, které můžou být občas i nedokonalé. Robotí holka ve světě bez lidí zkrátka zlidštěla. Bohužel ji trochu dělají starosti její výrobci, kterým chybí jeden stroj a usilovně po něm pátrají, a pak taky její adoptivní ptačí synátor. Toho musí připravit na odlet do teplých krajin, než přijde zima. (CinemArt);27.09.2024 Universal Pictures US;podle knihy, rodina, matka, rodiče, zvířata, divočina, ostrov, dobrodruh, příroda, sirotek, roboti, ptáci, umělá inteligence, klimatická krize, trosečníci, lišky, náhradní mateřství, kachny;Chris Sanders;Lupita Nyong'o, Pedro Pascal, Kit Connor, Bill Nighy, Stephanie Hsu, Matt Berry, Ving Rhames, Mark Hamill, Catherine O'Hara, Paul-Mikél Williams;https://www.skyshowtime.com/cz/stream/movies/rozzum-v-divocine/09fadb42-37e4-35bc-8880-16b17a5feae9<br>https://srv.clickfuse.com/ads/adclkr.php?id=100006636&url=https://tv.apple.com/cz/movie/the-wild-robot/umc.cmc.3vk9rngh0rrmpnyhv2qwzm582<br>https://www.youtube.com/watch?v=TLs-msOnQX4<br>https://www.skyshowtime.com/cz/stream/movies/rozzum-v-divocine/09fadb42-37e4-35bc-8880-16b17a5feae9<br>https://srv.clickfuse.com/ads/adclkr.php?id=100006636&url=https://tv.apple.com/cz/movie/the-wild-robot/umc.cmc.3vk9rngh0rrmpnyhv2qwzm582<br>https://www.youtube.com/watch?v=TLs-msOnQX4<br>https://apps.apple.com/cz/app/id6755365206<br>https://play.google.com/store/apps/details?id=cz.csfd.csfdroid<br>;Academy Awards (3x)<br>British Academy of Film and Television Arts (BAFTA) (3x)<br>Golden Globes (4x)<br>Critics Choice Awards (2x)<br>Florida Film Critics Circle Awards (1x)<br>;Critics Choice Awards (1x)<br>The Saturn Awards (1x)<br>;Peter Brown
419102;Tvoje jméno.;2016;86.04925053533191;106.0;https://image.pmgstatic.com/cache/resized/w420/files/images/film/posters/170/365/170365486_pt8yyu.jpg;https://www.csfd.cz/film/419102-tvoje-jmeno/;Japonsko;Animovaný / Fantasy / Romantický / Drama;Kimi no na wa.;Micuha žije v malém horském městečku a sní o životě v Tokiu. Taki je středoškolák z Tokia, který se cítí ztracený uprostřed ruchu velkoměsta. Když se jednoho dne probudí v těle toho druhého, vytvoří se mezi nimi zvláštní pouto — spletitá hra snů, vzpomínek a náhod. S každou další výměnou se jejich životy proplétají hlouběji, až do chvíle, kdy spojení náhle zmizí. Taki se vydává hledat dívku, kterou nikdy nepotkal a přesto se stala součástí jeho srdce. Od vizionářského režiséra Makota Shinkaie (Suzume) přichází Tvoje jméno., podmanivá romance o dvou lidech, které spojuje osud silnější než realita. Magická, dojemná a vizuálně ohromující filmová báseň o paměti, ztrátě a touze po spojení. (Bionaut Zero Gravity);26.08.2016 Toho Company;láska, přátelství, dívka, mládež, město, touha, chlapec, anime, škola, venkov, sny, vesnice, studenti, hory, Japonsko, Tokio, výměna těl, kometa;Makoto Šinkai;Mone Kamiširaiši, Rjúnosuke Kamiki, Aoi Júki, Ecuko Ičihara, Masami Nagasawa, Rjó Narita, Kanon Tani, Čafúrin, Kaito Išikawa, Šin'ja Hamazoe;https://apps.apple.com/cz/app/id6755365206<br>https://play.google.com/store/apps/details?id=cz.csfd.csfdroid<br>;The Saturn Awards (1x)<br>San Sebastián International Film Festival (1x)<br>;Los Angeles Film Critics Association Awards (1x)<br>Sitges Film Festival (1x)<br>;
1625;Harry Potter a vězeň z Azkabanu;2004;85.78376001893875;141.0;https://image.pmgstatic.com/cache/resized/w420/files/images/film/posters/000/001/1558_cb9942.jpg;https://www.csfd.cz/film/1625-harry-potter-a-vezen-z-azkabanu/;Velká Británie / USA;Fantasy / Rodinný / Dobrodružný / Mysteriózní;Harry Potter and the Prisoner of Azkaban;Třináctiletý Harry Potter znovu nerad tráví své další prázdniny u rodiny Dursleyových, letos navíc se zlou tetou Marge. I přes přísný zákaz používání kouzel jí Harry promění v obrovský balón a v noci uteče záchranným autobusem do hospody Děravý kotel. Zde se setká s ministrem kouzel Korneliem Popletalem, který ho překvapivě za jeho provinění nepotrestá. Je to proto, že z vězení v Azkabanu uprchl nebezpečný čaroděj Sirius Black, který podle legend přivedl lorda Voldemorta k Harryho rodičům a je tak zodpovědný za jejich smrt. Nyní Voldemort usiluje také o zabití Harryho. A aby nebyl všem hrůzám konec, hostí Bradavická škola hrozivé azkabanské stráže, zvané mozkomoři. Ti mají za úkol ochraňovatt Harryho a další studenty před černým čarodějem. Střetnutí mezi Harrym a záhadným vězněm Siriem Černým se zdá být nevyhnutelné. Harry Potter bude potřebovat veškerou možnou kuráž, kouzla a podporu, aby dokázal odhalit pravdu a vazby na tajemnou minulost.;31.05.2004 Warner Bros. UK;podle knihy, rodina, smrt, přátelství, přátelé, vražda, dívka, otec, matka, rodiče, dcera, syn, útěk, vrah, škola, dospívání, rivalita, vězení, učitel, studenti, kouzla, politik, vlak, zlo, cestování časem, čarodějnice, vlkodlaci, strýc, čarodějové, profesor, časová smyčka, profesorka, věštkyně;Alfonso Cuarón;Daniel Radcliffe, Rupert Grint, Emma Watson, Pam Ferris, Emma Thompson, Tom Felton, Geraldine Somerville, Lenny Henry, Matthew Lewis, James Phelps;https://www.hbomax.com/cz/en/movies/harry-potter-and-the-prisoner-of-azkaban/73553a76-1658-45f6-9e26-1b9c4443b0d6<br>https://srv.clickfuse.com/ads/adclkr.php?id=100006636&url=https://tv.apple.com/cz/movie/harry-potter-and-the-prisoner-of-azkaban/umc.cmc.1uwqg0s65yo3lzxz96krkieoq<br>https://www.youtube.com/watch?v=Anv5EYRnr88<br>https://sledovanitv.cz/epg/event/HBO2:202603069b6a1dfadae3b33b8ad2494c8fddedfd<br>https://www.hbomax.com/cz/en/movies/harry-potter-and-the-prisoner-of-azkaban/73553a76-1658-45f6-9e26-1b9c4443b0d6<br>https://srv.clickfuse.com/ads/adclkr.php?id=100006636&url=https://tv.apple.com/cz/movie/harry-potter-and-the-prisoner-of-azkaban/umc.cmc.1uwqg0s65yo3lzxz96krkieoq<br>https://www.youtube.com/watch?v=Anv5EYRnr88<br>https://sledovanitv.cz/epg/event/HBO2:202603069b6a1dfadae3b33b8ad2494c8fddedfd<br>https://apps.apple.com/cz/app/id6755365206<br>https://play.google.com/store/apps/details?id=cz.csfd.csfdroid<br>;Academy Awards (2x)<br>British Academy of Film and Television Arts (BAFTA) (4x)<br>Amanda Awards (1x)<br>Critics Choice Awards (3x)<br>The Saturn Awards (9x)<br>;British Academy of Film and Television Arts (BAFTA) (1x)<br>;J. K. Rowling
393331;Avengers: Infinity War;2018;85.82208190591344;149.0;https://image.pmgstatic.com/cache/resized/w420/files/images/film/posters/162/502/162502469_e3418e.jpg;https://www.csfd.cz/film/393331-avengers-nekonecna-vojna/;USA;Akční / Dobrodružný / Sci-Fi;Avengers: Infinity War;Snímek Avengers: Infinity War završuje neuvěřitelnou desetiletou cestu filmovým světem studia Marvel a přináší na stříbrná plátna nejsmrtonosnější a nejultimátnější válku všech dob. Avengers a jejich superhrdinští spojenci musí riskovat úplně vše a pokusit se porazit mocného Thanose dřív, než jeho bleskový útok, provázený ničením a zkázou, zničí vesmír jednou provždy. (Falcon);27.04.2018 Walt Disney US;láska, žena, smrt, pomsta, souboje, armáda, podle komiksu, New York, mimozemšťané, vesmír, magie, superhrdina, bitva, vesmírná loď, Marvel Comics, genocida, bohové, Marvel Cinematic Universe (MCU), Spider-Man, crossover, Captain America, Iron Man, Hulk, Thor (Marvel Comics), Nick Fury, Black Widow, Hawkeye, Black Panther, Loki (Marvel Comics), Ant-Man, Doctor Strange, Avengers, Falcon, Rocket Raccoon, Groot, Scarlet Witch, Red Skull, War Machine, Drax the Destroyer, Strážci Galaxie, Vision, Thanos, Nebula;Anthony Russo, Joe Russo;Robert Downey Jr., Chris Hemsworth, Mark Ruffalo, Chris Evans, Scarlett Johansson, Don Cheadle, Benedict Cumberbatch, Tom Holland, Chadwick Boseman, Zoe Saldaña;https://srv.tunefindforfans.com/showads/track/srvclk.php?aid=100006796&lp=https://www.disneyplus.com/en-cz/browse/entity-9a136e06-852a-41bf-b71d-fa061cb43225<br>https://srv.clickfuse.com/ads/adclkr.php?id=100006636&url=https://tv.apple.com/cz/movie/avengers-infinity-war/umc.cmc.2do0xuo1u4tjmqbfz1p42a0p9<br>https://srv.tunefindforfans.com/showads/track/srvclk.php?aid=100006796&lp=https://www.disneyplus.com/en-cz/browse/entity-9a136e06-852a-41bf-b71d-fa061cb43225<br>https://srv.clickfuse.com/ads/adclkr.php?id=100006636&url=https://tv.apple.com/cz/movie/avengers-infinity-war/umc.cmc.2do0xuo1u4tjmqbfz1p42a0p9<br>https://apps.apple.com/cz/app/id6755365206<br>https://play.google.com/store/apps/details?id=cz.csfd.csfdroid<br>;Academy Awards (1x)<br>British Academy of Film and Television Arts (BAFTA) (1x)<br>Critics Choice Awards (2x)<br>Florida Film Critics Circle Awards (1x)<br>The Saturn Awards (1x)<br>;The Saturn Awards (1x)<br>;Stan Lee, Jack Kirby, Don Heck
8853;Gauneři;1992;85.8302969802845;99.0;https://image.pmgstatic.com/cache/resized/w420/files/images/film/posters/159/208/159208918_daef1c.jpg;https://www.csfd.cz/film/8853-gauneri/;USA;Krimi / Thriller;Reservoir Dogs;Mafián Joe najme na vyloupení klenotnictví partu gangsterů, kteří se vzájemně neznají a oslovují se smyšlenými jmény. Akci však zmaří policie a lupičům nezbývá než uprchnout a ukrýt se ve starém skladišti. Pan Oranžový je postřelen a pan Bílý se ho pokouší udržet naživu, dokud nedorazí pomoc. Napětí ve skladu však narůstá, protože policie je jim v patách a pan Růžový je přesvědčen, že šlo o past – někdo z nich musí být zrádce. Každý má ovšem vlastní verzi toho, co se stalo. Jak dlouho bude trvat, než vytáhnou pistole a drama se změní v masakr? (Magic Box);23.10.1992 Miramax Films;muž, smrt, násilí, tajemství, policie, strach, záhady, zbraně, lež, zrada, krev, gangsteři, mafie, gang, krádež, podsvětí (svět zločinu), zloděj, loupež, zranění, agenti, výslech, mučení, neo-noir, Wilhelm scream;Quentin Tarantino;Harvey Keitel, Tim Roth, Michael Madsen, Chris Penn, Steve Buscemi, Lawrence Tierney, Randy Brooks, Kirk Baltz, Edward Bunker, Quentin Tarantino;https://www.hbomax.com/cz/en/movies/reservoir-dogs/53c33315-e572-4474-b80b-f3128acebfa1<br>https://srv.tunefindforfans.com/showads/track/srvclk.php?aid=100006796&lp=https://www.disneyplus.com/en-cz/browse/entity-6ee38d6f-d30c-4ae2-83df-261ae43df582<br>https://srv.clickfuse.com/ads/adclkr.php?id=100006636&url=https://tv.apple.com/cz/movie/reservoir-dogs/umc.cmc.7iuglffk5zzbfzcki63wclmdo<br>https://www.iprima.cz/filmy/gauneri?utm_source=csfd&utm_medium=section_vod&utm_campaign=link_exchange<br>https://www.hbomax.com/cz/en/movies/reservoir-dogs/53c33315-e572-4474-b80b-f3128acebfa1<br>https://srv.tunefindforfans.com/showads/track/srvclk.php?aid=100006796&lp=https://www.disneyplus.com/en-cz/browse/entity-6ee38d6f-d30c-4ae2-83df-261ae43df582<br>https://srv.clickfuse.com/ads/adclkr.php?id=100006636&url=https://tv.apple.com/cz/movie/reservoir-dogs/umc.cmc.7iuglffk5zzbfzcki63wclmdo<br>https://www.iprima.cz/filmy/gauneri?utm_source=csfd&utm_medium=section_vod&utm_campaign=link_exchange<br>https://apps.apple.com/cz/app/id6755365206<br>https://play.google.com/store/apps/details?id=cz.csfd.csfdroid<br>;Independent Spirit Awards (2x)<br>New York Film Critics Circle Awards (2x)<br>Sundance Film Festival (1x)<br>;Independent Spirit Awards (1x)<br>Toronto International Film Festival (1x)<br>Sitges Film Festival (2x)<br>;
4786;Všichni dobří rodáci;1968;85.85110403282405;115.0;https://image.pmgstatic.com/cache/resized/w420/files/images/film/posters/157/804/157804746_1fe791.jpg;https://www.csfd.cz/film/4786-vsichni-dobri-rodaci/;Československo;Drama;All My Good Countrymen;Téměř už legendární film režiséra Vojtěcha Jasného začíná v jedné malebné moravské vesnici v květnu 1945. Lidé tady prožívají nejkrásnější dny svého života, večer se všichni scházejí v hospodě U Vola při vínku a muzice, kde hlavní prim vede bezstarostný piják Zášínek. Přichází však únor 1948. Vesnice se rozděluje na dva nesmiřitelné tábory. Poklidné časy rodáků končí...Režisér Vojtěch Jasný sbíral materiál pro Rodáky od roku 1946. Spolu s Kachyňovou a Procházkovou Nocí nevěsty přinesl pravdivé svědectví o poválečných osudech vesnice, především o dramatickém přelomu padesátých let Je to jeden z nejkrásnějších a myšlenkově nejhlubších filmů v celé historii naší kinematografie. Mnoho let byl pečlivě ukryt v trezoru, ale přesto mezi lidmi koloval na stovkách videokazet. Není to pouhé popisné vyprávění, ale básnické převyprávění dramatických lidských osudů, které se dostaly do konfliktu s mocí, násilím a krutostí. Vojtěch Jasný ve filmu, který mu mimo jiné přinesl cenu za režii z MFF v Cannes 1968, poskytl mimořádnou příležitost plejádě našich hereckých osobností a životní roli nabídl především Radoslavu Brzobohatému.;04.07.1969 Ústřední půjčovna filmů;muž, žena, přátelství, přátelé, vražda, 20. století, ženy, období 1940-1950, politika, venkov, lež, rivalita, vesnice, zrada, vězení, kamarádi, vztahy, mezilidské vztahy, nenávist, naděje, žárlivost, krutost, zima, chamtivost, komunismus, bar, diktatura, závist, pochyby, oslava, hospoda, alkohol, vyhrožování, sobectví, zemědělství, vyjednávání, vzpoura systému, trest, jaro, trezorové filmy, pozemky, Československo, družstevnictví, Morava;Vojtěch Jasný;Vlastimil Brodský, Radoslav Brzobohatý, Vladimír Menšík, Waldemar Matuška, Drahomíra Hofmanová, Pavel Pavlovský, Václav Babka, Josef Hlinomaz, Karel Augusta, Ilja Prachař;https://srv.clickfuse.com/ads/adclkr.php?id=100006636&url=https://tv.apple.com/cz/movie/all-my-good-countrymen/umc.cmc.6bt07rlw978mrlfis4a57erx3<br>https://srv.clickfuse.com/ads/adclkr.php?id=100006636&url=https://tv.apple.com/cz/movie/all-my-good-countrymen/umc.cmc.6bt07rlw978mrlfis4a57erx3<br>https://apps.apple.com/cz/app/id6755365206<br>https://play.google.com/store/apps/details?id=cz.csfd.csfdroid<br>;Cannes Film Festival (1x)<br>;Cannes Film Festival (2x)<br>;
1482;Kid;1921;85.94954679480179;68.0;https://image.pmgstatic.com/cache/resized/w420/files/images/film/posters/165/516/165516398_f4fa43.png;https://www.csfd.cz/film/1482-kid/;USA;Komedie / Drama / Rodinný;The Kid;Film Kid znamenal na počátku dvacátých let, kdy byl uveden do kin, nápadný obrat ve vývoji Chaplinovy tvorby. Byl to nejenom jeho první dlouhý film, ale lišil se od všech jeho předcházejících krátkých grotesek i námětem a stylem. Toto dickensovským dechem poznamenané melodrama o tulákovi, který se ujme a otcovskou péčí zahrnuje nalezence, mělo svými lidsky hluboce prožitými scénami mimořádně velký ohlas v kinech. Byl to do té doby nejúspěšnější Chaplinův film.;06.02.1921 First National Pictures;černobílý film, přátelství, přátelé, děti, mládež, chlapec, němý film, sirotek, groteska;Charlie Chaplin;Carl Miller, Edna Purviance, Jackie Coogan, Charlie Chaplin, Albert Austin, Beulah Bains, Nellie Bly Baker, Henry Bergman, Edward Biby, Kitty Bradbury;http://www.youtube.com/watch?v=nTlUxNzt5Kw<br>https://apps.apple.com/cz/app/id6755365206<br>https://play.google.com/store/apps/details?id=cz.csfd.csfdroid<br>;;;
1279;Život je krásný;1946;85.95151789759855;130.0;https://image.pmgstatic.com/cache/resized/w420/files/images/film/posters/162/405/162405769_f6bdb1.jpg;https://www.csfd.cz/film/1279-zivot-je-krasny/;USA;Drama / Fantasy / Rodinný / Romantický;It's a Wonderful Life;Nikdo není na světě zbytečný. Klasický vánoční příběh režiséra Franka Capry s Jamesem Stewartem v hlavní roli. Jestli existuje opravdu klasický vánoční filmový příběh, tak je to určitě Caprův Život je krásný, který měl svoji premiéru o Vánocích roku 1946. Byl to Caprův první snímek, natočený po druhé světové válce, kterou trávil jako dokumentarista (známá série Zač jsme bojovali), a známý tvůrce v něm chtěl apelovat na dobrou stránku komplikované lidské povahy. V době své premiéry se Život je krásný dočkal velmi smíšeného přijetí odbornou kritikou a rovněž tak vlažného diváckého zájmu (po prvním uvedení v kinech byl stále prodělečný). Byl sice nominován na pět Oscarů (nejlepší film, režie, herec v hlavní roli – J. Stewart, střih a zvuk), ale žádného nezískal v těžké konkurenci jiného klasického díla, Wylerových Nejlepších let našeho života. Caprovi se ani dalšími filmy nikdy nepodařilo navázat na skvělé úspěchy ve třicátých letech. Zlom přišel v roce 1974, kdy vinou nepozorného úředníka nebyl obnoven copyright filmu a ten přešel do veřejného vlastnictví (public domain). Jakákoli televizní stanice, která měla k dispozici vysílací kopii, ho mohla hrát zadarmo, kolikrát se jí zalíbilo. Díky častému hraní na obrazovce se také tento snímek stal tím, čím je dnes – opravdovou filmovou klasikou. Caprův sen o tom, že tohle bude jeho nejlepší film, se po letech naplnil. Vlastní příběh George Baileyho (vynikající James Stewart), který se dostane do těžké životní deprese, z níž ho dostane anděl druhé kategorie Clarence, vznikal poněkud kuriózním způsobem. Když Philip Van Doren Stern, autor krátké povídky Největší dar, nemohl najít žádný časopis, který by ji publikoval, poslal ji jako vánoční pohlednici svým přátelům. Díky kladnému ohlasu se dočkala nejen zveřejnění ale i prodeje filmových práv společnosti RKO, která její zfilmování nabídla Franku Caprovi. Natáčelo se na filmovém ranči RKO v kalifornském Encinu, kde bylo na ploše čtyřech akrů postaveno fiktivní severoamerické městečko Bedford Falls. Vzhledem k tomu, že mimořádnou úlohu ve filmu hraje sníh, který v Kalifornii existuje jen na vrcholcích hor, bylo nutné použití umělého sněhu. Do té doby používané obílené ovesné vločky byly dost hlučné, což by vylučovalo použití kontaktního zvuku, na němž Capra trval. Proto přišli specialisté z trikového oddělení RKO s náhražkou, tvořenou foamitem (chemická směs z hasicích přístrojů), mýdlem a vodou, a za tento nápad byli oceněni zvláštním technickým Oscarem. Vedle Jamese Stewarta se ve filmu objevují další skvělí herci – Donna Reedová (jeho žena Mary), Lionel Barrymore (zlý pan Potter), Thomas Mitchell (popletený strýček Billy) a Henry Travers (Clarence). (Česká televize);07.01.1947 RKO Radio Pictures;černobílý film, rodina, přátelství, děti, manželé, touha, peníze, Vánoce, naděje, sníh, chamtivost, banka, finanční krize, andělé, nebe;Frank Capra;James Stewart, Donna Reed, Lionel Barrymore, Thomas Mitchell, Henry Travers, Beulah Bondi, Frank Faylen, Ward Bond, Gloria Grahame, H.B. Warner;https://srv.clickfuse.com/ads/adclkr.php?id=100006636&url=https://tv.apple.com/cz/movie/its-a-wonderful-life/umc.cmc.uxp25jw31biuga9xrrskxqrr<br>https://www.youtube.com/watch?v=tzFLF9XvfTI<br>http://www.ceskatelevize.cz<br>http://www.ceskatelevize.cz<br>https://srv.clickfuse.com/ads/adclkr.php?id=100006636&url=https://tv.apple.com/cz/movie/its-a-wonderful-life/umc.cmc.uxp25jw31biuga9xrrskxqrr<br>https://www.youtube.com/watch?v=tzFLF9XvfTI<br>https://apps.apple.com/cz/app/id6755365206<br>https://play.google.com/store/apps/details?id=cz.csfd.csfdroid<br>;Academy Awards (5x)<br>New York Film Critics Circle Awards (1x)<br>;Golden Globes (1x)<br>;
269587;Králova řeč;2010;85.72864685036522;118.0;https://image.pmgstatic.com/cache/resized/w420/files/images/film/posters/159/526/159526070_da0b5d.jpg;https://www.csfd.cz/film/269587-kralova-rec/;Velká Británie / USA / Austrálie;Drama / Životopisný;The King's Speech;Po smrti otce, anglického krále Jiřího V. (Michael Gambon) a skandální abdikaci krále Eduarda VIII. (Guy Pearce), je Bertie (Colin Firth), který celý život trpí vadou řeči, nečekaně korunovaný králem Jiřím VI. Země stojí na prahu 2. světové války a zoufale potřebuje silného vůdce. Proto králova žena Alžběta (Helena Bonham Carter), budoucí královna matka, domluví svému muži setkání s excentrickým terapeutem řeči Lionelem Loguem (Geoffrey Rush). Po tuhém začátku se tito dva ponoří do neobvyklého způsobu léčby a časem mezi nimi vznikne nenarušitelné pouto. S pomocí Loguea, rodiny, vlády a Winstona Churchilla (Timothy Spall) král překoná koktání a pronese zásadní řeč v rádiu, která inspiruje anglický lid a spojí jej ve válečné bitvě.;07.01.2011 Momentum Pictures;rodina, přátelství, přátelé, 20. století, rodiče, strach, město, období 1940-1950, sourozenci, 2. světová válka, politika, podle skutečného příběhu, učitel, bratři, studenti, politik, král, období 1930-1940, šlechta, Londýn, trénink, princ, skandál, rozhlasové studio, lingvistika;Tom Hooper;Colin Firth, Helena Bonham Carter, Derek Jacobi, Geoffrey Rush, Richard Dixon, Jennifer Ehle, Ramona Marquez, David Bamber, Michael Gambon, Guy Pearce;/tvurce/438850-dominic-applewhite/prehled/<br>https://apps.apple.com/cz/app/id6755365206<br>https://play.google.com/store/apps/details?id=cz.csfd.csfdroid<br>;Academy Awards (8x)<br>British Academy of Film and Television Arts (BAFTA) (7x)<br>British Independent Film Awards (BIFA) (3x)<br>European Film Awards (2x)<br>César Awards (1x)<br>Amanda Awards (1x)<br>Golden Globes (6x)<br>Critics Choice Awards (9x)<br>Los Angeles Film Critics Association Awards (3x)<br>;Academy Awards (4x)<br>Independent Spirit Awards (1x)<br>British Academy of Film and Television Arts (BAFTA) (7x)<br>British Independent Film Awards (BIFA) (5x)<br>European Film Awards (3x)<br>Goya Awards (1x)<br>Robert Awards (Danish Film Awards) (1x)<br>Český lev (1x)<br>Polish Film Awards (1x)<br>Golden Globes (1x)<br>Critics Choice Awards (2x)<br>Florida Film Critics Circle Awards (1x)<br>Los Angeles Film Critics Association Awards (1x)<br>New York Film Critics Circle Awards (1x)<br>Toronto International Film Festival (1x)<br>;
6670;Slavnosti sněženek;1983;85.74064464048895;83.0;https://image.pmgstatic.com/cache/resized/w420/files/images/film/posters/167/156/167156280_90c6fe.jpg;https://www.csfd.cz/film/6670-slavnosti-snezenek/;Československo;Komedie;The Snowdrop Festival;;01.01.1984 Ústřední půjčovna filmů;škola, venkov, rivalita, les, podle povídky, jídlo, lov, prasata, myslivost;Jiří Menzel;Rudolf Hrušínský, Jaromír Hanzlík, Josef Somr, Petr Čepek, Miloslav Štibich, Petr Brukner, Rudolf Hrušínský ml., Eugen Jegorov, Bořík Procházka, Jiří Schmitzer;https://www.netflix.com/title/81192868<br>https://www.iprima.cz/filmy/slavnosti-snezenek?utm_source=csfd&utm_medium=section_vod&utm_campaign=link_exchange<br>https://www.netflix.com/title/81192868<br>https://www.iprima.cz/filmy/slavnosti-snezenek?utm_source=csfd&utm_medium=section_vod&utm_campaign=link_exchange<br>https://apps.apple.com/cz/app/id6755365206<br>https://play.google.com/store/apps/details?id=cz.csfd.csfdroid<br>;;;Bohumil Hrabal
32107;Četník ze Saint Tropez;1964;85.71966170849096;95.0;https://image.pmgstatic.com/cache/resized/w420/files/images/film/posters/170/305/170305874_gygw59.jpg;https://www.csfd.cz/film/32107-cetnik-ze-saint-tropez/;Francie / Itálie;Komedie / Krimi;Le Gendarme de Saint-Tropez;Nezapomenutelný Louis De Funes v nezapomenutelné četnické sérii. Energický, ale poněkud chaotický strážce zákona přichází ze zapomenuté vesnice v horách přímo na francouzskou Riviéru, aby tu zjednal pořádek! Bláznivin legendárního četníka Cruchota si můžete užít i ve volných pokračováních Četník v New Yorku, Četník se žení, Četník ve výslužbě, Četník a mimozemšťané a Četník a četnice.;09.09.1964 SND;muž, rodina, tajemství, otec, rodiče, policie, záhady, dcera, vyšetřování, pátrání, lež, kolegové, moře, gangsteři, loupež, Francie, voda, lodě, oceán, pláž, pobřeží, nudismus;Jean Girault;Louis de Funès, Geneviève Grad, Michel Galabru, Daniel Cauchy, Madeleine Delavaivre, Maria Pacôme, Claude Piéplu, Gabriele Tinti, Michèle Wargnier, Christian Marin;https://apps.apple.com/cz/app/id6755365206<br>https://play.google.com/store/apps/details?id=cz.csfd.csfdroid<br>;;;
10995;Svět podle Prota;2001;85.68371453813684;120.0;https://image.pmgstatic.com/cache/resized/w420/files/images/film/posters/160/188/160188625_2f51f9.jpg;https://www.csfd.cz/film/10995-svet-podle-prota/;USA / Německo;Drama / Sci-Fi / Mysteriózní;K-PAX;Kevin Spacey, držitel dvou hereckých Oscarů, v roli pacienta psychiatrické léčebny s jasnou diagnózou: tvrdí, že je na Zemi na návštěvě a pochází z planety K-PAX. Jeff Bridges, několikrát na Oscara nominovaný, v roli jeho lékaře dr. Marca Powella. Přepracovaný psychiatr ze státní nemocnice nachází u svého vesmírného pacienta řadu nezvyklých projevů a navíc naprostou odolnost vůči běžným léčebným prostředkům. Co když je podivný pacient skutečně mimozemšťan? Na filmu, který odstartoval z prvního místa amerického žebříčku, se kromě režiséra Iaina Softleye podílela řada mimořádných filmařských osobností - kameraman John Mathieson, který získal řadu ocenění a nominaci na Oscara za svou práci na Gladiátorovi, střihač Craig McKay, mnohonásobně oceněný a rovněž na Oscara nominovaný za filmy Mlčení jehňátek a Reds.;26.10.2001 Universal Pictures US;podle knihy, doktoři, psychiatrická léčebna;Iain Softley;Kevin Spacey, Jeff Bridges, Mary McCormack, Alfre Woodard, David Patrick Kelly, Saul Williams, Peter Gerety, Celia Weston, Ajay Naidu, Tracy Vilar;https://apps.apple.com/cz/app/id6755365206<br>https://play.google.com/store/apps/details?id=cz.csfd.csfdroid<br>;The Saturn Awards (1x)<br>;;Gene Brewer
8680;Poslušně hlásím;1957;85.70083543296644;91.0;https://image.pmgstatic.com/cache/resized/w420/files/images/film/posters/160/659/160659385_9a740f.jpg;https://www.csfd.cz/film/8680-poslusne-hlasim/;Československo;Komedie / Válečný;I Dutifully Report;"Komedie podle románu Jaroslava Haška ""Osudy dobrého vojáka Švejka za světové války"". Poslušně hlásím: Tak se v úvodu druhého dílu filmové adaptace Haškova románu ""Dobrý voják Švejk"" představuje jeho hlavní postava Josef Švejk. Se svéráznou typicky českou postavičkou vojáka Švejka se tentokrát setkáte na cestě na frontu a nakonec přímo v bojové linii. Můžete se podívat na jeho slavné vlakové příhody a také zřejmě nejslavnější epizodu románu, Švejkovu budějovickou anabázi. Nechybí scéna s tajně koupeným koňakem, epizoda se Švejkem coby falešným ruským zajatcem, včetně soudu, ani scéna v níž je poručík Dub přistižen v bordelu. Přestože kritika nenechala po uvedení do kin, na filmu nit suchou, je dnes Steklého adaptace bezpochyby tou nejslavnější a nezapomenutelnou.";03.01.1958 Ústřední půjčovna filmů;podle knihy, 20. století, vojáci, období 1910-1920, satira, vlak, 1. světová válka, protiválečný;Karel Steklý;Rudolf Hrušínský, Jaroslav Marvan, Josef Hlinomaz, Svatopluk Beneš, František Filipovský, Fanda Mrázek, Otto Hradecký, Bedřich Vrbský, Vladimír Řepa, Miloš Nesvadba;https://srv.clickfuse.com/ads/adclkr.php?id=100006636&url=https://tv.apple.com/cz/movie/beg-to-report-sir/umc.cmc.3dar34npvxvrb2vzfobk4qynp<br>https://www.iprima.cz/filmy/poslusne-hlasim?utm_source=csfd&utm_medium=section_vod&utm_campaign=link_exchange<br>https://srv.clickfuse.com/ads/adclkr.php?id=100006636&url=https://tv.apple.com/cz/movie/beg-to-report-sir/umc.cmc.3dar34npvxvrb2vzfobk4qynp<br>https://www.iprima.cz/filmy/poslusne-hlasim?utm_source=csfd&utm_medium=section_vod&utm_campaign=link_exchange<br>https://apps.apple.com/cz/app/id6755365206<br>https://play.google.com/store/apps/details?id=cz.csfd.csfdroid<br>;;;Jaroslav Hašek
54763;Spider-Man: Paralelní světy;2018;85.79302538203666;117.0;https://image.pmgstatic.com/cache/resized/w420/files/images/film/posters/163/117/163117221_970aa3.jpg;https://www.csfd.cz/film/54763-spider-man-paralelni-svety/;USA;Animovaný / Akční / Dobrodružný / Sci-Fi;Spider-Man: Into the Spider-Verse;Phil Lord a Chris Miller, tvůrci hitů Lego příběh a 21 Jump Street spojili svůj um a talent, aby divákům představili dosud nepoznaný svět Spider-Mana v přelomovém a unikátním vizuálním stylu. Spider-Man: Paralelní světy představí dospívajícího chlapce z Brooklynu Milese Moralese a nekonečné možnosti Paralelních světů, kde je víc než jen jeden maskovaný hrdina. (Falcon);14.12.2018 Sony Pictures;rodina, smrt, přátelství, přátelé, vražda, dívka, tajemství, otec, děti, matka, rodiče, policie, mládež, město, záhady, syn, chlapec, zbraně, zvířata, oběť (autonehody/zločinu), škola, souboje, mafie, tragédie, podsvětí (svět zločinu), podle komiksu, New York, rvačka, superhrdina, hrdina, Marvel Comics, maska, hřbitov, hmyz, prasata, paralelní svět, radioaktivita, pavouci, Spider-Man, Kingpin, černá díra;Bob Persichetti, Peter Ramsey, Rodney Rothman;Shameik Moore, Jake Johnson, Hailee Steinfeld, Mahershala Ali, Brian Tyree Henry, Lily Tomlin, Luna Lauren Velez, Zoë Kravitz, John Mulaney, Kimiko Glenn;https://www.hbomax.com/cz/en/movies/spider-man-into-the-spider-verse/ab9d654a-7972-4fd9-9514-fb90280063c8<br>https://srv.tunefindforfans.com/showads/track/srvclk.php?aid=100006796&lp=https://www.disneyplus.com/en-cz/browse/entity-e4cd7619-7c84-4b4d-acf0-f53ca1b442a3<br>https://srv.clickfuse.com/ads/adclkr.php?id=100006636&url=https://tv.apple.com/cz/movie/spider-man-into-the-spider-verse/umc.cmc.4a2ypxddplsdsahwxrc5fkz4x<br>https://www.youtube.com/watch?v=Mka3hs3FpWQ<br>https://sledovanitv.cz/epg/event/HBO2:20251216f726e2af8c602d848694d8c27a6ed4f6<br>https://www.hbomax.com/cz/en/movies/spider-man-into-the-spider-verse/ab9d654a-7972-4fd9-9514-fb90280063c8<br>https://srv.tunefindforfans.com/showads/track/srvclk.php?aid=100006796&lp=https://www.disneyplus.com/en-cz/browse/entity-e4cd7619-7c84-4b4d-acf0-f53ca1b442a3<br>https://srv.clickfuse.com/ads/adclkr.php?id=100006636&url=https://tv.apple.com/cz/movie/spider-man-into-the-spider-verse/umc.cmc.4a2ypxddplsdsahwxrc5fkz4x<br>https://www.youtube.com/watch?v=Mka3hs3FpWQ<br>https://sledovanitv.cz/epg/event/HBO2:20251216f726e2af8c602d848694d8c27a6ed4f6<br>https://apps.apple.com/cz/app/id6755365206<br>https://play.google.com/store/apps/details?id=cz.csfd.csfdroid<br>;Florida Film Critics Circle Awards (1x)<br>The Saturn Awards (1x)<br>Golden Raspberry Awards (Razzies) (1x)<br>;Academy Awards (1x)<br>British Academy of Film and Television Arts (BAFTA) (1x)<br>Golden Globes (1x)<br>Critics Choice Awards (1x)<br>Los Angeles Film Critics Association Awards (1x)<br>New York Film Critics Circle Awards (1x)<br>The Saturn Awards (1x)<br>;Stan Lee, Steve Ditko
4983;Ucho;1970;85.76453504006885;91.0;https://image.pmgstatic.com/cache/resized/w420/files/images/film/posters/166/568/166568813_bf1547.jpg;https://www.csfd.cz/film/4983-ucho/;Československo;Drama / Psychologický / Thriller;Ucho;"Film Jana Procházky a Karla Kachyni z roku 1970 patřil k těm zapovězeným titulům, které ležely na dně pomyslného trezoru vůbec nejhlouběji. Jednak proto, že jméno spisovatele Jana Procházky se nesmělo veřejně vyslovit, jednak proto, že film s přibývajícím časem kupodivu stále nabíral na aktuálnosti. Do distribuce se dostal až po listopadu 1989, premiéru v kinech měl v červnu 1990. Jde o komorní psychologické drama, v němž se objevují prvky satiry, frašky, grotesky, kriminálního filmu a dokonce i momenty hitchcockovského ladění. I mezi prominenty v padesátých a šedesátých letech platilo heslo ""Důvěřuj, ale prověřuj"". Proto i ve vilách ministrů a dalších vysokých funkcionářů byla montována ""ucha"" - odposlouchávací přístroje, kterými mohla Státní bezpečnost kontrolovat tyto lidi i v jejich intimním soukromí. Výsledkem byla nejistota, bezvýchodnost, strach. To vše ve vrchovaté míře prožívají ministerský náměstek Ludvík a jeho žena Anna, které výborně zahráli Radoslav Brzobohatý a Jiřina Bohdalová.";01.01.1990 Ústřední půjčovna filmů;podle knihy, muž, černobílý film, žena, strach, manželé, syn, paranoia, komunismus, odposlech, trezorové filmy, československá nová vlna, StB;Karel Kachyňa;Jiřina Bohdalová, Radoslav Brzobohatý, Gustav Opočenský, Miloslav Holub, Lubor Tokoš, Bořivoj Navrátil, Jiří Císler, Jaroslav Moučka, Karel Vašíček, Ladislav Křiváček;https://apps.apple.com/cz/app/id6755365206<br>https://play.google.com/store/apps/details?id=cz.csfd.csfdroid<br>;Cannes Film Festival (1x)<br>;;Jan Procházka
8505;Nebe a dudy;1941;85.7870742826495;91.0;https://image.pmgstatic.com/cache/resized/w420/files/images/film/posters/169/921/169921628_tnrw3t.png;https://www.csfd.cz/film/8505-nebe-a-dudy/;Protektorát Čechy a Morava;Komedie / Romantický;Nebe a dudy;Továrník Bartoš byl přísný, nepřístupný protiva, postrach všech svých zaměstnanců. To ovšem platilo pouze do dne, kdy na procházce spadl se srázu. Zranil se, nedokázal sám vyhledat pomoc - a tehdy ho našel skalák Fábera a vzal ho k sobě do chalupy, kde žil s dcerou a dvěma osiřelými synovci. Byl to chudý člověk, jeho domácnost však přímo dýchala láskou a porozuměním. Několik dnů strávených mezi těmi milými lidmi Bartoše hodně poznamenalo, po návratu do svého světa byl jako vyměněný. Choval se laskavě, dělníkům zvýšil platy, pilně navštěvoval rodinu svého nového přítele a radoval se z věcí, jichž si dřív ani nevšiml. Jednoho dne se ovšem dozvěděl, že si jeho synovec chce vzít Fáberovu dceru, a zapomenutá pýcha znovu nabyla vrchu...;31.10.1941 Lucernafilm;černobílý film, láska, rodina, přátelství, přátelé, dívka, otec, dcera, sourozenci, peníze, venkov, bratři, dům, naděje, svatba, nehoda, chudoba, odpuštění, těžký úraz, kostel, ryby, záměna identit, rybolov, rybaření, horníci;Vladimír Slavínský;Jindřich Plachta, Jaroslav Marvan, Antonie Nedošinská, Jana Romanová, Lumír Blahník, Jiří Blahník, Raoul Schránil, Zdeněk Podlipný, Karel Dostal, František Filipovský;https://www.iprima.cz/filmy/nebe-a-dudy?utm_source=csfd&utm_medium=section_vod&utm_campaign=link_exchange<br>https://www.iprima.cz/filmy/nebe-a-dudy?utm_source=csfd&utm_medium=section_vod&utm_campaign=link_exchange<br>https://apps.apple.com/cz/app/id6755365206<br>https://play.google.com/store/apps/details?id=cz.csfd.csfdroid<br>;;;
189557;Obchodník se smrtí;2005;85.63897651594813;122.0;https://image.pmgstatic.com/cache/resized/w420/files/images/film/posters/164/947/164947721_67799f.jpg;https://www.csfd.cz/film/189557-obchodnik-se-smrti/;USA / Francie / Německo;Krimi / Drama / Thriller;Lord of War;"Obchodník se smrtí je akční dobrodružný příběh podle skutečné události, který se odehrává ve světě mezinárodního obchodu se zbraněmi. Příběh filmu pojednává o pozoruhodných výkonech obchodníka se zbraněmi Yuriho Orlova (Nicolas Cage). Yuri, který se pohybuje v nejnebezpečnějších válečných zónách světa, hravě strčí do kapsy Interpol, svoje obchodní konkurenty a dokonce i zákazníky, mezi něž patří většina nejznámějších světových diktátorů. Jeho největším soupeřem se však nakonec stane vlastní svědomí... ""Skoro všechno, co se ve filmu děje, má skutečnou předlohu,"" říká Niccol. ""Vojenské helikoptéry, které byly prodávány jako záchranné, překupníci se zbraněmi, kteří měnili názvy a registrační údaje svých lodí přímo na moři, dobře známý obchodník se zbraněmi, který byl v Americe propuštěn z vazby za velmi podezřelých okolností, skutečnosti o masových krádežích sovětského vojenského arzenálu po pádu Sovětského svazu. to všechno je pravda. Ve filmu se podíváme do více než 13 zemí, jejichž prostředí dramaticky nasnímal kameraman Amir Mokri ve spolupráci s hlavním výtvarníkem Jeanem Vincentem Puzosem. Kombinace jejich talentů nám napomohla věrně znázornit smutnou absurditu světa obchodu se zbraněmi"", říká režisér. Producent filmu Philippe Rousselet si velmi pochvaluje Puzosovu práci na realistických válečných ruinách, mezi nimiž Yuri Orlov buduje svou kariéru. Puzos si při jejich modelování musel vystačit s ""pouhými 50 milióny dolarů"". Podle posledních informací se skutečný Yuri Orlov ukrývá na území Sýrie, některého z afrických států nebo v Karlových Varech.";16.09.2005 Lionsgate US;muž, láska, rodina, smrt, násilí, tajemství, otec, matka, rodiče, manželé, touha, syn, zbraně, vyšetřování, pátrání, politika, vojáci, manipulace, lež, intriky, pronásledování, sny, rivalita, drogy, zrada, bratři, armáda, agenti, lodě, střelné zbraně, manželství, Afrika, chamtivost, výslech, střelba, přistěhovalci, poušť, imigrace, diktatura, korporace, pašování, FBI, prezident, diktátor, Sovětský svaz;Andrew Niccol;Nicolas Cage, Bridget Moynahan, Jared Leto, Ethan Hawke, Eamonn Walker, Ian Holm, Jevgenij Lazarev, Sammi Rotibi, Jean-Pierre Nshanian, Akin Omotoso;https://apps.apple.com/cz/app/id6755365206<br>https://play.google.com/store/apps/details?id=cz.csfd.csfdroid<br>;;;
546;Skála;1996;85.64682168310416;136.0;https://image.pmgstatic.com/cache/resized/w420/files/images/film/posters/159/623/159623521_f3e8bc.jpg;https://www.csfd.cz/film/546-skala/;USA;Akční / Thriller / Dobrodružný;The Rock;"Generál amerického námořnictva Francis Hummel (Ed Harris) je čestný muž, hrdina a veterán několika tajných vojenských operací. Proč tedy s hrstkou svých perfektně vyzbrojených mužů ukradne z přísně střeženého armádního skladu patnáct raket s mimořádně nebezpečným nervovým plynem? A proč se s nimi zabarikáduje ""na skále"" v sanfranciské zátoce, v proslulém bývalém vězení Alcatraz, a namíří je na město? A proč přitom navíc ohrožuje 81 nevinných rukojmí - turistů, kteří si přišli prohlédnout vězení, odkud nikdy nikdo neutekl? Generál žádá jen spravedlnost - chce od Pentagonu získat sto milionů dolarů pro odškodnění rodin padlých vojáků. Přesto je však terorista a muži z FBI horečně pracují na plánech na jeho likvidaci. Ale jak zneškodnit rakety, aniž by byly zmařeny desetitisíce lidských životů? A jak vůbec proniknout do Alcatrazu - labyrintu podzemních chodeb, střeženého mořem a vojenskou supertechnikou? Mohou to dokázat jen dva muži: první je ""šílenec z laboratoře"", špičkový chemický specialista FBI Stanley Goodspeed (Nicolas Cage), který miluje Beatles a svou těhotnou snoubenku a který bledne už jen při slovu ""akce"". Druhý je jediný člověk, který kdy uprchl z Alcatrazu a který proslulé vězení dokonale zná: kdysi polapený britský agent Mason (Sean Connery), který ví o všech amerických státních tajemstvích za poslední půlstoletí. Dnes je z něj zahořklý stařec, trávící v tajném vězení FBI třicátý rok vězení. jak je přesvědčit, aby spolupracovali a vydali se ""na skálu"" pro téměř jistou smrt? A když se to podaří, jak si ti dva poradí s nástrahami generála a jeho po zuby ozbrojených zabijáků?";07.06.1996 Buena Vista Pictures US;muž, žena, rodina, smrt, násilí, otec, rodiče, strach, manželé, město, dcera, útěk, zbraně, oběť (autonehody/zločinu), vojáci, pronásledování, kolegové, zrada, vězení, souboje, armáda, ostrov, zabijáci, těhotenství, agenti, nespravedlnost, rvačka, vydírání, přestřelka, rukojmí, Kalifornie, automobilová honička, rychlá auta, speciální jednotky, San Francisco, biologické zbraně, Navy Seals, Hummer;Michael Bay;Sean Connery, Nicolas Cage, Ed Harris, John Spencer, David Morse, William Forsythe, Michael Biehn, Vanessa Marcil, John C. McGinley, Gregory Sporleder;https://srv.tunefindforfans.com/showads/track/srvclk.php?aid=100006796&lp=https://www.disneyplus.com/en-cz/browse/entity-910adddc-aae6-42ea-a8ec-d85cdebe8022<br>https://srv.clickfuse.com/ads/adclkr.php?id=100006636&url=https://tv.apple.com/cz/movie/the-rock/umc.cmc.47i0usvocowxst4v8crqyue3z<br>https://srv.tunefindforfans.com/showads/track/srvclk.php?aid=100006796&lp=https://www.disneyplus.com/en-cz/browse/entity-910adddc-aae6-42ea-a8ec-d85cdebe8022<br>https://srv.clickfuse.com/ads/adclkr.php?id=100006636&url=https://tv.apple.com/cz/movie/the-rock/umc.cmc.47i0usvocowxst4v8crqyue3z<br>https://apps.apple.com/cz/app/id6755365206<br>https://play.google.com/store/apps/details?id=cz.csfd.csfdroid<br>;Academy Awards (1x)<br>The Saturn Awards (2x)<br>;;
18184;Toy Story: Příběh hraček;1995;85.57915552788663;80.0;https://image.pmgstatic.com/cache/resized/w420/files/images/film/posters/159/257/159257115_9bc60a.jpg;https://www.csfd.cz/film/18184-toy-story-pribeh-hracek/;USA;Animovaný / Dobrodružný / Komedie / Rodinný;Toy Story;"Kdo si myslí, že hračky nemají vlastní život, se mýlí. Sotva dítko vyjde ze dveří, začnou se v jeho pokoji dít podivné věci. Všechny hračky si vydechnou, protože mohou být konečně samy sebou, místo aby předstíraly, že jsou pouhými neživými předměty. Nejoblíbenější hračka - kovboj Woody - má pochopitelně hlavní slovo a všichni ostatní dnes pod jeho vedením připravují speciální průzkumnou akci. Chlapec má totiž narozeniny a Woodyho přátelé se obávají, jaké nové (a lepší) hračky budou muset přivítat ve svém středu. Jejich nejhorší tušení se tentokrát vyplňují a Woodyho konkurentem se stává narozeninový dárek - mluvící superkosmonaut Buzz Rakeťák. Už na první pohled si Woody s Buzzem nepadli do oka, ale když rakeťák nešťastnou náhodou vypadne z okna na dvorek sousedního domu, ve kterém bydlí chlapec, jehož nejoblíbenější zábavou je mučení hraček, musí se Woody vydat na záchrannou výpravu. Čeká ho s Buzzem největší dobrodružství jejich ""života""...";22.11.1995 Buena Vista Pictures US;přátelství, útěk, chlapec, psi, žárlivost, mučení, hračky, panenky, Wilhelm scream, kovbojové;John Lasseter;Tom Hanks, Tim Allen, Don Rickles, Jim Varney, Wallace Shawn, Annie Potts, Erik von Detten, Laurie Metcalf, R. Lee Ermey, Penn Jillette;https://srv.tunefindforfans.com/showads/track/srvclk.php?aid=100006796&lp=https://www.disneyplus.com/en-cz/browse/entity-f6174ebf-cb92-453c-a52b-62bb3576e402<br>https://srv.clickfuse.com/ads/adclkr.php?id=100006636&url=https://tv.apple.com/cz/movie/toy-story/umc.cmc.qrdx9s4xrk47f4taowt4tx82<br>https://www.youtube.com/watch?v=5VjGpDmtre8<br>/novinky/9410-pixar-a-disney-uvedou-v-annecy-nove-filmy/<br>/novinky/9410-pixar-a-disney-uvedou-v-annecy-nove-filmy/<br>/novinky/9410-pixar-a-disney-uvedou-v-annecy-nove-filmy/<br>/novinky/8550-disney-a-flash-v-kinech-zakopli/<br>/novinky/8550-disney-a-flash-v-kinech-zakopli/<br>/novinky/8550-disney-a-flash-v-kinech-zakopli/<br>/novinky/8469-disney-ma-na-konte-nejvetsi-propadak-lonskeho-roku/<br>/novinky/8469-disney-ma-na-konte-nejvetsi-propadak-lonskeho-roku/<br>/novinky/8469-disney-ma-na-konte-nejvetsi-propadak-lonskeho-roku/<br>https://srv.tunefindforfans.com/showads/track/srvclk.php?aid=100006796&lp=https://www.disneyplus.com/en-cz/browse/entity-f6174ebf-cb92-453c-a52b-62bb3576e402<br>https://srv.clickfuse.com/ads/adclkr.php?id=100006636&url=https://tv.apple.com/cz/movie/toy-story/umc.cmc.qrdx9s4xrk47f4taowt4tx82<br>https://www.youtube.com/watch?v=5VjGpDmtre8<br>/film/351946-barbie-birthday-party-at-walt-disney-epcot-94/prehled/<br>https://apps.apple.com/cz/app/id6755365206<br>https://play.google.com/store/apps/details?id=cz.csfd.csfdroid<br>;Academy Awards (3x)<br>British Academy of Film and Television Arts (BAFTA) (1x)<br>Golden Globes (2x)<br>The Saturn Awards (2x)<br>;Academy Awards (1x)<br>Los Angeles Film Critics Association Awards (1x)<br>;
1329;Věc;1982;85.63005153241117;109.0;https://image.pmgstatic.com/cache/resized/w420/files/images/film/posters/160/849/160849041_e32c53.jpg;https://www.csfd.cz/film/1329-vec/;USA;Sci-Fi / Horor / Thriller / Mysteriózní;Tvor;Vědce z americké výzkumné stanice na Antarktidě vystraší vrtulníkový nájezd jejich norských kolegů, kteří se marně snaží zabít prchajícího psa. Lov dopadne neúspěšně a Norové zmizí bez toho, aby situaci Američanům vysvětlili. Ti však postupně zjišťují, že se psem není něco v pořádku. Je totiž infikovaný mimozemským virem, který pro sebezdokonalování využívá tělesné schránky (nejen) lidí a vůbec mu není proti mysli na svých hostitelích ledacos „zkoušet“. A tak vědcům nezbývá nic jiného než vzít do rukou plamenomet, věřit jenom sobě a být stále ve střehu – v kterémkoli z nich se totiž může skrývat „věc“...;25.06.1982 Universal Pictures US;boj o přežití, krev, doktoři, psi, gore, monstra, vědci, mimozemšťané, sníh, paranoia, podle povídky, zima, věda, střelba, vesmírná loď, výbuch, podezření, pokus o vraždu, oheň, piloti, mutanti, samopal, revolver, vrtulník, infekce, izolace, mutace, genetická úprava, Antarktida, pitva, whodunit, počítač, body horror, upálení, nákaza, paraziti, granát, pustina, vědecká expedice, dynamit, paleoastronautika, psí spřežení, survival horror, nedůvěra, mráz, radiostanice, plamenomet, vrak vesmírné lodi, krevní test, létající talíř, kráter, whisky, imitace, resuscitace, radista, asimilace, defibrilátor, systematické vyvražďování;John Carpenter;Kurt Russell, Wilford Brimley, T.K. Carter, David Clennon, Keith David, Richard Dysart, Charles Hallahan, Peter Maloney, Richard Masur, Thomas G. Waites;https://www.skyshowtime.com/cz/stream/movies/vec/c778ab9f-1542-3aa2-b4fd-c09ba7346a84<br>https://srv.clickfuse.com/ads/adclkr.php?id=100006636&url=https://tv.apple.com/cz/movie/the-thing/umc.cmc.70lpgfopfk3gr1pg7uux69znx<br>https://www.youtube.com/watch?v=LRB5lCH5j74<br>https://www.skyshowtime.com/cz/stream/movies/vec/c778ab9f-1542-3aa2-b4fd-c09ba7346a84<br>https://srv.clickfuse.com/ads/adclkr.php?id=100006636&url=https://tv.apple.com/cz/movie/the-thing/umc.cmc.70lpgfopfk3gr1pg7uux69znx<br>https://www.youtube.com/watch?v=LRB5lCH5j74<br>https://apps.apple.com/cz/app/id6755365206<br>https://play.google.com/store/apps/details?id=cz.csfd.csfdroid<br>;The Saturn Awards (2x)<br>Golden Raspberry Awards (Razzies) (1x)<br>;;John Wood Campbell jr.
358992;Whiplash;2014;85.61558839933073;107.0;https://image.pmgstatic.com/cache/resized/w420/files/images/film/posters/159/369/159369322_323286.jpg;https://www.csfd.cz/film/358992-whiplash/;USA;Drama / Hudební;Whiplash;"Andrew Neiman je devatenáctiletý jazzový bubeník, který sní o slávě, ale není si jistý tím, zda se jeho sny někdy naplní. Pronásledovaný neúspěšnou spisovatelskou kariérou svého otce je rozhodnutý vystoupat až na samotný vrchol nejprestižnější hudební konzervatoře. Jednoho večera na Andrewa, který právě cvičí na bicí, narazí Terence Fletcher, dirigent, proslavený svým učitelským talentem ve stejné míře jako svými nemilosrdnými praktikami. Ačkoliv si spolu toho večera příliš mnoho nesdělí, probudí Fletcher v Andrewovi touhu dosáhnout svého cíle. K Andrewovu překvapení dalšího dne Fletcher požádá o to, aby byl Andrew přidělen k jeho kapele. Tento jediný čin mladíkovi navždy změní život. Zpočátku je Andrew nucen fungovat pouze jako „záskok"" a otáčet partituru hlavnímu bubeníkovi. Ale na příští soutěži, které se kapela účastní, hlavní bubeník řízením osudu či něčím přičiněním ztratí svou partituru. Andrew, který zná celý part nazpaměť, dostane šanci hrát. Ačkoliv se tímto činem odcizí ostatním hudebníkům, kapela soutěž nicméně vyhraje a Andrew má šanci stát se Fletcherovým novým oblíbencem. (Falcon)";10.10.2014 Sony Pictures Classics;muž, rodina, dívka, otec, mládež, touha, syn, chlapec, oběť (autonehody/zločinu), škola, pomsta, umění, manipulace, hudba, sny, učitel, studenti, naděje, hudebník, zranění, nehoda, muzikant, rande, kapela, autonehoda, koncert, trénink, dirigent, sobectví, jazz, kino;Damien Chazelle;Miles Teller, J.K. Simmons, Paul Reiser, Melissa Benoist, Austin Stowell, Nate Lang, Chris Mulkey, Damon Gupton, Max Kasch, Jayson Blair;https://www.hbomax.com/cz/en/movies/whiplash/ede72271-f953-4416-a3a4-b501e704befc<br>https://srv.clickfuse.com/ads/adclkr.php?id=100006636&url=https://tv.apple.com/cz/movie/whiplash/umc.cmc.5enfz8k7msxo5wz2ufah31ch4<br>https://www.youtube.com/watch?v=6lGxf8PfAfE<br>https://www.hbomax.com/cz/en/movies/whiplash/ede72271-f953-4416-a3a4-b501e704befc<br>https://srv.clickfuse.com/ads/adclkr.php?id=100006636&url=https://tv.apple.com/cz/movie/whiplash/umc.cmc.5enfz8k7msxo5wz2ufah31ch4<br>https://www.youtube.com/watch?v=6lGxf8PfAfE<br>https://apps.apple.com/cz/app/id6755365206<br>https://play.google.com/store/apps/details?id=cz.csfd.csfdroid<br>;Academy Awards (2x)<br>Independent Spirit Awards (2x)<br>British Academy of Film and Television Arts (BAFTA) (2x)<br>Robert Awards (Danish Film Awards) (1x)<br>Amanda Awards (1x)<br>AACTA International Awards (3x)<br>Critics Choice Awards (3x)<br>The Saturn Awards (2x)<br>Tallinn Black Nights Film Festival (1x)<br>;Academy Awards (3x)<br>Independent Spirit Awards (2x)<br>British Academy of Film and Television Arts (BAFTA) (3x)<br>AACTA International Awards (1x)<br>Golden Globes (1x)<br>Critics Choice Awards (1x)<br>Florida Film Critics Circle Awards (2x)<br>Los Angeles Film Critics Association Awards (1x)<br>New York Film Critics Circle Awards (1x)<br>The Saturn Awards (1x)<br>Sundance Film Festival (2x)<br>;
4562;Česká soda;1998;85.66871165644172;91.0;https://image.pmgstatic.com/cache/resized/w420/files/images/film/posters/000/004/4113_0cbhg9.jpg;https://www.csfd.cz/film/4562-ceska-soda/;Česko;Komedie;Czech Soda;"Na půdorysu parodování televizních zpráv, dokumentů a reklam vznikla zábavná reflexe své doby se solidním nadčasovým přesahem. Na konci každého dílu se objevovala krátká ""sklepácká"" parodie jazykových kursů němčiny Alles gute v podání Milana Šteindlera a Davida Vávry. Prvních pět dílů moderoval Vlastimil Zavřel, zbytek Petr Čtvrtníček. S minimálním rozpočtem se dařilo vytvářet solidní napodobeniny předražených televizních reklam, nevybíravé satirické šlehy se nevyhnuly patrně žádnému z významých politiků a hrubozrnný humor se čas od času setkal se silným odporem ""postižených"" celebrit, jejichž protesty patrně přispěly ke stažení pořadu z vysílacího schématu České televize. Kultovní televizní pořad devadesátých let. (MarekMotor)";26.02.1998 Falcon;politika, satira, parodie;Milan Šteindler, Václav Křístek, Jan Hřebejk;Petr Čtvrtníček, Milan Šteindler, David Vávra, Veronika Žilková, Vlastimil Zavřel, Jaromír Dulava, Pavel Bobek, Karel Dobrý, Jiří Maria Sieber, David Nykl;https://apps.apple.com/cz/app/id6755365206<br>https://play.google.com/store/apps/details?id=cz.csfd.csfdroid<br>;;;
8815;Přednosta stanice;1941;85.62822719449225;88.0;https://image.pmgstatic.com/cache/resized/w420/files/images/film/posters/159/370/159370691_54cf56.jpg;https://www.csfd.cz/film/8815-prednosta-stanice/;Protektorát Čechy a Morava;Komedie;Přednosta stanice;Vlasta Burian jako černý pasažér rozvrátí disciplinovaný chod jednoho nádraží. Pan Ťopka působí dojmem gentlemana trochu chaplinovského typu. Živí se příležitostnou prací, za níž jezdí výhradně jako černý pasažér vlakem. Při jedné jízdě se setká s obávaným generálním inspektorem drah Kokrhelem. Na jedné malé stanici se mu podaří vystoupit a převléknout se do uniformy přednosty stanice. Setkání s inspektorem Kokrhelem se však nevyhne...;12.04.1941 Brom;černobílý film, podle divadelní hry, manželé, útěk, lež, podvod, vlak, záměna identit, ukradená identita;Jan Sviták;Vlasta Burian, Zita Kabátová, Čeněk Šlégl, Antonín Zacpal, Růžena Šlemrová, Jaroslav Marvan, Václav Trégl, Theodor Pištěk, Marie Norrová, Darja Hajská;https://www.youtube.com/watch?v=UjdeMh6DG9M<br>https://www.youtube.com/watch?v=UjdeMh6DG9M<br>https://apps.apple.com/cz/app/id6755365206<br>https://play.google.com/store/apps/details?id=cz.csfd.csfdroid<br>;;;
5475;Ducháček to zařídí;1938;85.61480869045978;86.0;https://image.pmgstatic.com/cache/resized/w420/files/images/film/posters/167/035/167035172_c5e926.jpg;https://www.csfd.cz/film/5475-duchacek-to-zaridi/;Československo;Komedie;Ducháček Will Fix It;Pan Ducháček je sice poněkud svérázný patron, nicméně jako koncipient advokátní kanceláře doktora Faulknera je naprosto nenahraditelný. Zejména v okamžiku, kdy se Faulkner zamiluje do sympatické Julie, dcery Alžběty z Rispaldiců. Nikdo kromě něj totiž netuší, že rozhazovačná rodina, jejíž finanční záležitosti kancelář spravuje, už nemá žádné peníze a že ji doktor z lásky k Julii financuje ze svého. Situace se vyhrotí, když advokát požádá dívku o ruku. Ona, i když ho také miluje a ke své lásce se mu přizná, odmítne, aby vyhověla své povýšené matce, pro kterou mladík není tou správnou partií. Přestože se vinou své finanční podpory Rispaldicům Faulkner sám ocitne na mizině, donutí Ducháčka, aby sehnal pětadvacet tisíc na proplacení směnky, kterou podvodně podepsal Juliin bratr. Koncipient sice peníze opatří, vzápětí však vyrazí na zámek, kde rodinu bez servítků seznámí se skutečným stavem jejich financí a počne organizovat dražbu rodinného majetku, kterým by pokryl dluhy. (TV Nova);03.06.1938 Metropolitan;černobílý film, láska, rodina, podle divadelní hry, dcera, peníze, právníci;Karel Lamač;Vlasta Burian, Ladislav Hemmer, Milada Gampeová, Karel Máj, Adina Mandlová, Čeněk Šlégl, Jaroslav Marvan, Jiřina Sedláčková, Václav Trégl, Marie Blažková;https://www.iprima.cz/filmy/duchacek-to-zaridi?utm_source=csfd&utm_medium=section_vod&utm_campaign=link_exchange<br>https://www.youtube.com/watch?v=EciWY4LOKyw<br>https://www.iprima.cz/filmy/duchacek-to-zaridi?utm_source=csfd&utm_medium=section_vod&utm_campaign=link_exchange<br>https://www.youtube.com/watch?v=EciWY4LOKyw<br>https://apps.apple.com/cz/app/id6755365206<br>https://play.google.com/store/apps/details?id=cz.csfd.csfdroid<br>;;;
4386;Okno do dvora;1954;85.671879791475;112.0;https://image.pmgstatic.com/cache/resized/w420/files/images/film/posters/162/649/162649005_7c3036.png;https://www.csfd.cz/film/4386-okno-do-dvora/;USA;Mysteriózní / Thriller;Okno do dvora;Fotograf J. B. Jeff Jeffries (James Stewart) je kvůli zlomené noze odkázán na kolečkové křeslo. Jeho společníkem se v dlouhých chvílích stane okno vedoucí přímo do dvora, odkud má Jeff výhled do bytů svých sousedů. Sledování osudů nájemníků z protějšího domu ho pohltí natolik, že začne podezřívat jednoho z nich z vraždy své manželky. Jeffries se spolu se svou elegantní přítelkyní (Grace Kelly) pustí do odhalování zapeklitě složitého řetězce událostí... Událostí vedoucích k senzačnímu a strhujícímu konci. (Magic Box);01.03.1990 Ústřední půjčovna filmů;smrt, vražda, tajemství, záhady, vyšetřování, psi, New York, zranění, podle povídky, sousedi, sledování, fotograf, invalidní vozík, novomanželé, voyeurismus;Alfred Hitchcock;James Stewart, Grace Kelly, Wendell Corey, Thelma Ritter, Raymond Burr, Judith Evelyn, Ross Bagdasarian, Georgine Darcy, Frank Cady, Jesslyn Fax;https://srv.clickfuse.com/ads/adclkr.php?id=100006636&url=https://tv.apple.com/cz/movie/rear-window/umc.cmc.21nhg3tvk93lhjp2h9507twn7<br>https://www.youtube.com/watch?v=5FWX7P8B3cI<br>https://srv.clickfuse.com/ads/adclkr.php?id=100006636&url=https://tv.apple.com/cz/movie/rear-window/umc.cmc.21nhg3tvk93lhjp2h9507twn7<br>https://www.youtube.com/watch?v=5FWX7P8B3cI<br>https://apps.apple.com/cz/app/id6755365206<br>https://play.google.com/store/apps/details?id=cz.csfd.csfdroid<br>;Academy Awards (4x)<br>British Academy of Film and Television Arts (BAFTA) (1x)<br>New York Film Critics Circle Awards (1x)<br>The Saturn Awards (2x)<br>;;Cornell Woolrich
1472;Diktátor;1940;85.65744097621364;125.0;https://image.pmgstatic.com/cache/resized/w420/files/images/film/posters/170/135/170135720_ci2zu7.jpg;https://www.csfd.cz/film/1472-diktator/;USA;Komedie / Drama / Válečný;Diktátor;Po skončení války se vrací židovský holič do svého holičství, které sídlí v židovském ghettu hlídaném policií diktátora Hynkela, který tvrdou rukou vládne své zemi Tománii. Hynkel má zájem na tom, aby nakonec všichni židé byli zlikvidováni. Ještě před tím však nachystá expanzi do Osterlichu, o který má však zájem taky druhý diktátor Napoloni, který vládne zemi Baktérii. Mezitím se v židovském ghettu začínají objevovat vzpurné hlasy, které mají zájem na odstranění Hynkela. Do tohoto hnutí je shodou náhod zapleten i holič a jeho přítelkyně Hana. (Isherwood);07.03.1941 United Artists;černobílý film, 20. století, období 1940-1950, 2. světová válka, vojáci, válka, nacisté, nacismus, parodie, bitva, hrdina, amnézie, invaze, propaganda, diktátor, groteska, protiválečný, letadlo v ohrožení, dvojník, zajatecký tábor, ideologie, zákopová válka;Charlie Chaplin;Charlie Chaplin, Jack Oakie, Reginald Gardiner, Henry Daniell, Billy Gilbert, Grace Hayle, Carter DeHaven, Paulette Goddard, Maurice Moscovitch, Emma Dunn;https://apps.apple.com/cz/app/id6755365206<br>https://play.google.com/store/apps/details?id=cz.csfd.csfdroid<br>;Academy Awards (5x)<br>;Jussi Awards (1x)<br>New York Film Critics Circle Awards (1x)<br>;
1731626;Potopa;2025;88.57938718662953;102.0;https://image.pmgstatic.com/cache/resized/w420/files/images/film/posters/170/773/170773611_dhegui.jpg;https://www.csfd.cz/film/1731626-potopa/;Slovensko / Česko / Polsko / Belgie;Drama / Historický;Potopa;Film Potopa vypráví příběh z Československa z roku 1980. Mara je 15 let a touží se stát pilotkou a opustit vesnický život. Její otec Alexander, rusínský rolník a vdovec, však trvá na tom, aby zůstala doma a pokračovala v práci na rodné půdě. Když je dolinu čeká zatopení pro výstavbu vodní nádrže Starina, oba se musí vyrovnat se ztrátou domova a rodinného dědictví. Zároveň hledají cestu ke vzájemnému usmíření uprostřed zápasu mezi tradicí, identitou a touhou po svobodě. (Continental Film);04.12.2025 Continental Film;20. století, období 1980-1990;Martin Gonda;Sára Chripáková, Jozef Pantlikáš, Katarína Babejová, Vladimíra Štefániková, Michal Soltész, Vladimír Čema, Stanislav Pitoňák, Světlana Škovranová, Igor Latta, Jevgenij Libezňuk;https://apps.apple.com/cz/app/id6755365206<br>https://play.google.com/store/apps/details?id=cz.csfd.csfdroid<br>;Slnko v sieti (9x)<br>;;
43677;Láska nebeská;2003;85.47295020348912;135.0;https://image.pmgstatic.com/cache/resized/w420/files/images/film/posters/168/274/168274460_vm1ckf.jpg;https://www.csfd.cz/film/43677-laska-nebeska/;Velká Británie / USA / Francie;Komedie / Drama / Romantický;Láska nebeská;"Láska nebeská, romantická komedie ve stylu Čtyři svatby a jeden pohřeb, Notting Hill a Deník Bridget Jonesové, nás zavede do současného předvánočního Londýna, kde se odehraje příběh skládající se z mnoha nádherných milostných historek - někdy romantických, někdy smutných, někdy pošetilých. Žádná nepostrádá svůj osobitý humor. Všude, kam se podíváte, způsobuje láska chaos. Od nově jmenovaného ministerského předsedy, který se zamiluje 30 vteřin poté, co vejde do úřadu na Downing Street, až po smolařského prodavače sendvičů, který nemá s dívkami ve Velké Británii prostě štěstí a raději proto odjíždí do Wisconsinu; od spisovatele, který dostal košem a vypaří se do jižní Francie utěšit své bolavé srdce, až po stárnoucí rockovou hvězdu, která se snaží o comeback za každou cenu; od nevěsty, které dělá starosti nejlepší přítel jejího muže, až po ženu, které dělá starosti její manžel; od chlapce, který se zakoukal do nejkrásnější dívky ve škole, až po jeho nevlastního otce, který se zakoukal do Claudie Schiffer. Tyto londýnské životy a lásky se setkají, smísí a nakonec vše vyvrcholí na Štědrý večer s romantickými, dráždivými a komickými důsledky pro všechny zúčastněné.";21.08.2020 United International Pictures UK;láska, rodina, přátelství, otec, syn, Vánoce, sex, nevěra, vášeň, svatba, milostný trojúhelník, spisovatel, Londýn, prezident, Štědrý den, něha, nahrávací studio;Richard Curtis;Bill Nighy, Gregor Fisher, Colin Firth, Sienna Guillory, Liam Neeson, Emma Thompson, Kris Marshall, Heike Makatsch, Martin Freeman, Joanna Page;https://srv.clickfuse.com/ads/adclkr.php?id=100006636&url=https://tv.apple.com/cz/movie/love-actually/umc.cmc.4uh20jmb3nmfzl4pp6fvcc1rd<br>https://srv.clickfuse.com/ads/adclkr.php?id=100006636&url=https://tv.apple.com/cz/movie/love-actually/umc.cmc.4uh20jmb3nmfzl4pp6fvcc1rd<br>https://apps.apple.com/cz/app/id6755365206<br>https://play.google.com/store/apps/details?id=cz.csfd.csfdroid<br>;British Academy of Film and Television Arts (BAFTA) (2x)<br>European Film Awards (2x)<br>Golden Globes (2x)<br>Critics Choice Awards (1x)<br>;British Academy of Film and Television Arts (BAFTA) (1x)<br>Los Angeles Film Critics Association Awards (1x)<br>;
18113;Agent bez minulosti;2002;85.48783573726638;119.0;https://image.pmgstatic.com/cache/resized/w420/files/images/film/posters/158/599/158599317_78bb76.jpg;https://www.csfd.cz/film/18113-agent-bez-minulosti/;USA / Německo / Česko;Akční / Mysteriózní / Thriller;Agent beze jména;"Jedné bouřlivé noci vyloví italská rybářská loď z moře muže, spíš mrtvého než živého. V zádech má kulky a pod kůží štítek s číslem bankovního konta ve švýcarské bance. Víc nic. Když se mu konečně vrátí vědomí, nic svým zachráncům o sobě nedokáže povědět. Trpí naprostou ztrátou paměti. Postupně zjišťuje, že ovládá bojová umění, domluví se v několika jazycích a že si poradí s každou zbraní. To signalizuje velice nebezpečnou minulost. Ale kdo a proč ho chtěl zabít, si vybavit nedokáže. V curyšské depozitní schránce, kam se vydá, jakmile loď přistane, nalezne hned několik cestovních dokladů, závratně vysokou hotovost, automatickou pistoli a jméno Jason Bourne s pařížskou adresou. I když o sobě stále nic neví, pochopí záhy, že lidé, kteří ho znají, usilují o jeho život. A tak Marii, první dívce, kterou potká, nabídne 10.000 dolarů za cestu do Paříže. Teprve tady, s pomocí Marie, jejíž život převrátil vzhůru nohama, začíná skládat první kamínky do mozaiky své minulosti... Román Roberta Ludluma, který má přinejmenším stejně široké čtenářské zázemí jako třeba Tom Clancy, byl již před lety zfilmován a uveden na televizních obrazovkách a videu pod názvem Agent beze jména s Richardem Chamberlainem. Doug Liman, režisér nového přepisu, odmítl roli ilustrátora dramatické a dějově nesmírně rozvětvené předlohy. Rozhodl se natočit akční špionážní film, zakotvený v současné realitě, který by oslovil i mladou diváckou generaci. Díky svému otci poznal skutečné agenty a věděl, že jejich život a práce se jen málo podobá tomu, co znal ze špionážních snímků. Proto se - se souhlasem autora - rozhodl k rozsáhlým škrtům a změnám, proto do hlavní role, pro mnohé až překvapivě, obsadil Matta Damona, držitele Oscara za film Dobrý Will Hunting. Ten o svém nejnovějším snímku řekl: ""Věděl jsem s jistotou, že Doug nenatočí standardní hollywoodský akční film"". Vystihl tak stručně a přesně kvalitu, kterou Doug Liman románu z 80. let vtiskl. Na atraktivitě mu v očích našich diváků nepochybně dodává i fakt, že byl natáčen v ulicích Prahy.";14.06.2002 Universal Pictures US;podle knihy, vzpomínky, pomsta, agenti, Paříž, špioni, amnézie, automobilová honička, CIA;Doug Liman;Matt Damon, Franka Potente, Chris Cooper, Clive Owen, Brian Cox, Adewale Akinnuoye-Agbaje, Gabriel Mann, Walton Goggins, Josh Hamilton, Julia Stiles;https://www.netflix.com/title/60022985<br>https://srv.tunefindforfans.com/showads/track/srvclk.php?aid=100006796&lp=https://www.disneyplus.com/en-cz/browse/entity-e72ae12e-0b2b-44b6-97ce-9cdf92700538<br>https://www.skyshowtime.com/cz/stream/movies/agent-bez-minulosti/f1941b10-1ad2-3809-8963-1f17d0a9680b<br>https://srv.clickfuse.com/ads/adclkr.php?id=100006636&url=https://tv.apple.com/cz/movie/the-bourne-identity/umc.cmc.6zfr90m4ghv0pt4l4nsfrm40d<br>https://www.youtube.com/watch?v=rudboZG3c1s<br>https://www.netflix.com/title/60022985<br>https://srv.tunefindforfans.com/showads/track/srvclk.php?aid=100006796&lp=https://www.disneyplus.com/en-cz/browse/entity-e72ae12e-0b2b-44b6-97ce-9cdf92700538<br>https://www.skyshowtime.com/cz/stream/movies/agent-bez-minulosti/f1941b10-1ad2-3809-8963-1f17d0a9680b<br>https://srv.clickfuse.com/ads/adclkr.php?id=100006636&url=https://tv.apple.com/cz/movie/the-bourne-identity/umc.cmc.6zfr90m4ghv0pt4l4nsfrm40d<br>https://www.youtube.com/watch?v=rudboZG3c1s<br>https://apps.apple.com/cz/app/id6755365206<br>https://play.google.com/store/apps/details?id=cz.csfd.csfdroid<br>;The Saturn Awards (1x)<br>;;Robert Ludlum
136076;Bournův mýtus;2004;85.53101503759399;108.0;https://image.pmgstatic.com/cache/resized/w420/files/images/film/posters/158/599/158599329_4b9712.jpg;https://www.csfd.cz/film/136076-bournuv-mytus/;USA / Německo;Akční / Thriller;Bourneův mýtus;"V roce 2002 se ve filmu Agent bez minulosti podle románu Roberta Ludluma objevil nový hrdina: profesionální zabiják, který se pokouší oživit svou paměť a prchá před pronásledujícími stíny ze své minulosti. V napínavém a spletitém thrilleru se výrazně herecky předvedl Matt Damon jako agent Jason Bourne. Jason Bourne se teď na plátno vrací v pokračování. Před dvěma lety se domníval, že své minulosti utekl. Nyní ho minulost opět dohání. Bourne a Marie (Franka Potente) dál žijí v anonymitě. Bournea ženou noční můry a vzpomínky. Vláčí Marii z města do města. Snaží se být vždy aspoň krok před hrozbou, kterou tuší v každém pohledu i v každém telefonním ""omylu"", před nebezpečím, které očekává v každé vteřině. Ale ohrožení jej do světa, z něhož chtěl uniknout, neustále vrací. Když se v poklidné vsi, která je jejich dočasným domovem, objeví tajný agent, Bourne s Marií místo kvapně opouštějí. Začne nová globální hra na kočku a myš a Jason Bourne se musí vrátit ke své minulosti, i když tajná operace Treadstone', která vytvářela profesionální zabijáky, už skončila. Před lety Bourneovi řekli, že nesmí s nikým navázat kontakt. Minulost se přihlásila sama. Měli ho nechat na pokoji.";23.07.2004 Universal Pictures US;podle knihy, vzpomínky, zrada, agenti, špioni, automobilová honička, CIA;Paul Greengrass;Matt Damon, Franka Potente, Brian Cox, Julia Stiles, Karl Urban, Gabriel Mann, Joan Allen, Márton Csókás, Tom Gallop, John Bedford Lloyd;https://www.netflix.com/title/60036239<br>https://srv.tunefindforfans.com/showads/track/srvclk.php?aid=100006796&lp=https://www.disneyplus.com/en-cz/browse/entity-96755f10-e8c5-4e0e-8be5-50288dc61510<br>https://www.skyshowtime.com/cz/stream/movies/bournuv-mytus/96078c25-50fe-3e56-af84-5ce3819732e8<br>https://srv.clickfuse.com/ads/adclkr.php?id=100006636&url=https://tv.apple.com/cz/movie/the-bourne-supremacy/umc.cmc.46rvdwi5244uv7wcjtc5uddp7<br>https://www.youtube.com/watch?v=rc1UR-1BQiI<br>https://www.netflix.com/title/60036239<br>https://srv.tunefindforfans.com/showads/track/srvclk.php?aid=100006796&lp=https://www.disneyplus.com/en-cz/browse/entity-96755f10-e8c5-4e0e-8be5-50288dc61510<br>https://www.skyshowtime.com/cz/stream/movies/bournuv-mytus/96078c25-50fe-3e56-af84-5ce3819732e8<br>https://srv.clickfuse.com/ads/adclkr.php?id=100006636&url=https://tv.apple.com/cz/movie/the-bourne-supremacy/umc.cmc.46rvdwi5244uv7wcjtc5uddp7<br>https://www.youtube.com/watch?v=rc1UR-1BQiI<br>https://apps.apple.com/cz/app/id6755365206<br>https://play.google.com/store/apps/details?id=cz.csfd.csfdroid<br>;Critics Choice Awards (1x)<br>The Saturn Awards (2x)<br>;;Robert Ludlum
16097;Rambo: První krev;1982;85.51056614790362;93.0;https://image.pmgstatic.com/cache/resized/w420/files/images/film/posters/167/663/167663915_fyjtl5.png;https://www.csfd.cz/film/16097-rambo-prvni-krev/;USA;Akční / Dobrodružný / Drama;Rambo;Voják americké armády John Rambo (Sylvester Stallone) se po letech vrací z pekla vietnamské války zpět do své vlasti. Ale politická situace se mezitím změnila, mladý muž se setkává jen s nepochopením a jednoho dne je šerifem malého podhorského městečka (Brian Dennehy) zatčen pro potulku a odveden na místní policejní stanici. Podaří se mu však utéct a v nedalekých horách svádí se svými pronásledovateli nelítostný boj o holý život.;22.10.1982 Orion Pictures;podle knihy, muž, smrt, násilí, policie, útěk, zbraně, oběť (autonehody/zločinu), vzpomínky, pomsta, vojáci, pronásledování, vězení, krev, les, bolest, divočina, válka, trauma, tragédie, armáda, nespravedlnost, rvačka, přepadení, šikana, duševní porucha, deprese, příroda, mučení, maloměsto, policejní stanice, šerif, past, zatčení, válečný veterán, vrtulník, speciální jednotky, válečníci, veteráni, válka ve Vietnamu, strom, posttraumatická stresová porucha;Ted Kotcheff;Sylvester Stallone, Richard Crenna, Brian Dennehy, Bill McKinney, Jack Starrett, Michael Talbott, Chris Mulkey, John McLiam, Alf Humphreys, David Caruso;https://apps.apple.com/cz/app/id6755365206<br>https://play.google.com/store/apps/details?id=cz.csfd.csfdroid<br>;;;David Morrell
18777;Velký útěk;1963;85.55408095554081;165.0;https://image.pmgstatic.com/cache/resized/w420/files/images/film/posters/162/512/162512379_1bccc0.jpg;https://www.csfd.cz/film/18777-velky-utek/;USA;Dobrodružný / Drama / Válečný / Historický;The Great Escape;Za 2. světové války nejvyšší německé velení zřídilo speciální tábor, kam byli deportováni nejproblémovější zajatci spojeneckých armád. Velitel tábora plukovník von Luger upozorní seniora zajatých spojeneckých důstojníků kapitána Ramseye, že z tohoto tábora, který má nejtvrdší opatření proti útěku, se nikomu uniknout nepodaří. Ten však von Lugerovi připomene, že pokusit se o útěk ze zajetí je povinností každého správného důstojníka. A hned první den se tuto povinnost pokusí splnit hned několik čestných mužů. Neúspěšně. Velitel Barlett, jemuž se podařilo zorganizovat už několik útěků, proto navrhne Ramseymu neuvěřitelnou akci, při níž by z tábora zmizelo najednou dvě stě padesát zajatců. A tak se rozjedou dokonale utajené přípravy na největší útěk této války, v němž klíčovou roli hrají Američané Hendley a Hilts, Angličan Blythe, Australan Sedgwick a Polák Velinski...;04.07.1963 United Artists;muž, přátelství, přátelé, 20. století, strach, útěk, období 1940-1950, 2. světová válka, vojáci, pronásledování, boj o přežití, kamarádi, válka, armáda, naděje, nacisté, nacismus, vlak, letadla, motorky, loajalita, Německo, tajná policie, zajatecký tábor, gestapo, tunel;John Sturges;Steve McQueen, James Garner, Richard Attenborough, James Donald, Charles Bronson, Donald Pleasence, James Coburn, Hannes Messemer, David McCallum, Gordon Jackson;https://srv.clickfuse.com/ads/adclkr.php?id=100006636&url=https://tv.apple.com/cz/movie/the-great-escape/umc.cmc.25wh6g4f4ayem0ia86iljy3gm<br>https://www.youtube.com/watch?v=xWiRLDDM74k<br>https://srv.clickfuse.com/ads/adclkr.php?id=100006636&url=https://tv.apple.com/cz/movie/the-great-escape/umc.cmc.25wh6g4f4ayem0ia86iljy3gm<br>https://www.youtube.com/watch?v=xWiRLDDM74k<br>https://apps.apple.com/cz/app/id6755365206<br>https://play.google.com/store/apps/details?id=cz.csfd.csfdroid<br>;Academy Awards (1x)<br>Golden Globes (1x)<br>The Saturn Awards (1x)<br>;;Paul Brickhill
227786;Interstellar;2014;85.44107883205217;169.0;https://image.pmgstatic.com/cache/resized/w420/files/images/film/posters/158/991/158991267_b07f3e.jpg;https://www.csfd.cz/film/227786-interstellar/;USA / Velká Británie / Kanada;Sci-Fi / Dobrodružný / Drama;Interstellar;;07.11.2014 Warner Bros. UK;rodina, otec, dcera, cestování, lež, vesmír, budoucnost, farma, postapokalyptická budoucnost, cestování časem, vesmírná loď, piloti, slib, NASA, červí díra, černá díra, kolonizace vesmíru, kolonizace cizí planety;Christopher Nolan;Matthew McConaughey, Anne Hathaway, Jessica Chastain, Matt Damon, Mackenzie Foy, Wes Bentley, David Gyasi, Michael Caine, Casey Affleck, John Lithgow;https://www.netflix.com/title/70305903<br>https://srv.clickfuse.com/ads/adclkr.php?id=100006636&url=https://tv.apple.com/cz/movie/interstellar/umc.cmc.1vrwat5k1ucm5k42q97ioqyq3<br>https://www.youtube.com/watch?v=qo-6NY0nBoM<br>https://www.netflix.com/title/70305903<br>https://srv.clickfuse.com/ads/adclkr.php?id=100006636&url=https://tv.apple.com/cz/movie/interstellar/umc.cmc.1vrwat5k1ucm5k42q97ioqyq3<br>https://www.youtube.com/watch?v=qo-6NY0nBoM<br>https://apps.apple.com/cz/app/id6755365206<br>https://play.google.com/store/apps/details?id=cz.csfd.csfdroid<br>;Academy Awards (4x)<br>British Academy of Film and Television Arts (BAFTA) (3x)<br>Robert Awards (Danish Film Awards) (1x)<br>Amanda Awards (1x)<br>Golden Globes (1x)<br>Critics Choice Awards (6x)<br>Florida Film Critics Circle Awards (1x)<br>The Saturn Awards (6x)<br>;Academy Awards (1x)<br>British Academy of Film and Television Arts (BAFTA) (1x)<br>Critics Choice Awards (1x)<br>Florida Film Critics Circle Awards (2x)<br>The Saturn Awards (6x)<br>;
231978;96 hodin;2008;85.39918016787038;89.0;https://image.pmgstatic.com/cache/resized/w420/files/images/film/posters/000/053/53546_c6b93c.jpg;https://www.csfd.cz/film/231978-96-hodin/;Francie / USA / Velká Británie;Akční / Krimi / Thriller / Drama;Taken;;26.09.2008 20th Century Fox UK;rodina, smrt, vražda, násilí, otec, matka, rodiče, dcera, pomsta, rivalita, únos, mafie, zabijáci, Francie, Paříž, prostituce;Pierre Morel;Liam Neeson, Maggie Grace, Leland Orser, Jon Gries, David Warshofsky, Holly Valance, Katie Cassidy, Xander Berkeley, Olivier Rabourdin, Gérard Watkins;https://srv.clickfuse.com/ads/adclkr.php?id=100006636&url=https://tv.apple.com/cz/movie/taken/umc.cmc.1vo8cfoq5bbiib215blrnxspw<br>https://www.iprima.cz/filmy/96-hodin?utm_source=csfd&utm_medium=section_vod&utm_campaign=link_exchange<br>https://srv.clickfuse.com/ads/adclkr.php?id=100006636&url=https://tv.apple.com/cz/movie/taken/umc.cmc.1vo8cfoq5bbiib215blrnxspw<br>https://www.iprima.cz/filmy/96-hodin?utm_source=csfd&utm_medium=section_vod&utm_campaign=link_exchange<br>https://apps.apple.com/cz/app/id6755365206<br>https://play.google.com/store/apps/details?id=cz.csfd.csfdroid<br>;The Saturn Awards (1x)<br>;;
5990;Jáchyme, hoď ho do stroje!;1974;85.385199696158;95.0;https://image.pmgstatic.com/cache/resized/w420/files/images/film/posters/166/327/166327443_fc14fd.jpg;https://www.csfd.cz/film/5990-jachyme-hod-ho-do-stroje/;Československo;Komedie;Velký den Františka Koudelky(pracovní název);;30.08.1974 Ústřední půjčovna filmů;láska, psychiatrická léčebna, úplatky, judo;Oldřich Lipský;Luděk Sobota, Marta Vančurová, Věra Ferbasová, Josef Dvořák, Ladislav Smoljak, Zdeněk Svěrák, Karel Novák, Václav Lohniský, Eva Fiedlerová, František Husák;https://www.iprima.cz/filmy/jachyme-hod-ho-do-stroje?utm_source=csfd&utm_medium=section_vod&utm_campaign=link_exchange<br>https://www.iprima.cz/filmy/jachyme-hod-ho-do-stroje?utm_source=csfd&utm_medium=section_vod&utm_campaign=link_exchange<br>https://apps.apple.com/cz/app/id6755365206<br>https://play.google.com/store/apps/details?id=cz.csfd.csfdroid<br>;;;
243655;Hačikó - příběh psa;2009;85.4307116104869;89.0;https://image.pmgstatic.com/cache/resized/w420/files/images/film/posters/159/497/159497688_2a9a70.jpg;https://www.csfd.cz/film/243655-haciko-pribeh-psa/;USA / Velká Británie;Drama / Rodinný;Hachiko: A Dog's Story;Dojemný příběh je americkou adaptací japonského skutečného příběhu, který vypráví o jednom oddaném psovi jménem Hačikó. Tenhle mimořádný pes doprovází svého pána Parkera Wilsona (Richard Gere), univerzitního profesora, každé ráno na nádraží a odpoledne se tam vrací, aby ho přivítal. Jednoho dne však Parker zemře a na stanici se už nikdy nevrátí. Ovšem Hačikó věrně čeká na stejném místě na svého pána den co den, celých devět let. Legenda o nesmrtelném poutu se traduje v Japonsku dodnes. Legenda o věrné oddanosti psa ke svému pánovi a o tom, jak se i ten nejobyčejnější rituál může stát největším a nejčistším vyznáním lásky. (HBO Europe);12.03.2010 Entertainment Film Distributors;rodina, smrt, přátelství, manželé, dcera, zvířata, podle skutečného příběhu, učitel, psi, vlak;Lasse Hallström;Richard Gere, Joan Allen, Cary-Hirojuki Tagawa, Sarah Roemer, Jason Alexander, Erick Avari, Davenia McFadden, Robbie Sublett, Tora Hallström, Troy Doherty;http://www.hbo.eu<br>http://www.hbo.eu<br>/uzivatel/70932-applecore/prehled/<br>/uzivatel/70932-applecore/recenze/<br>https://apps.apple.com/cz/app/id6755365206<br>https://play.google.com/store/apps/details?id=cz.csfd.csfdroid<br>;;;
116574;Těžká váha;2005;85.4219647947871;144.0;https://image.pmgstatic.com/cache/resized/w420/files/images/film/posters/159/623/159623911_09e8ed.jpg;https://www.csfd.cz/film/116574-tezka-vaha/;USA;Drama / Sportovní / Životopisný / Historický;Cinderella Man;Uprostřed Velké hospodářské krize, která ve 30. letech 20. století téměř srazila Ameriku na kolena, se zničehonic objevil hrdina, jemuž se díky pevnému odhodlání a železné vůli podařilo nejen vybojovat druhou šanci pro svou rodinu a sebe samotného, ale také stát se idolem celého národa. Tím hrdinou z lidu byl James J. Braddock (Russell Crowe), muž, který se i přes nepřízeň osudu měl brzy stát jednou z nejinspirativnějších legend v dějinách sportu. Na začátku 30. let byl tento bývalý boxer na dně - stejně jako zbytek americké populace, zasažené obrovskou ekonomickou katastrofou. Jeho kariéra se zdála být u konce, neměl z čeho zaplatit účty a jediná věc, na které mu v životě záleželo - jeho rodina - se ocitla v nebezpečí. Hluboko uvnitř však stále dřímalo jeho odhodlání. Láska, čest a silná vůle mu pomohly proměnit v realitu zdánlivě neuskutečnitelný sen. Braddock se pokusil využít poslední šance k záchraně své rodiny a vrátil se do ringu. Nikdo nevěřil, že má sebemenší šanci uspět, ale podceňovaný boxer začal vyhrávat jeden zápas za druhým. Z obyčejného člověka, který měl problém najít práci, se najednou stal téměř mýtický, neporazitelný hrdina a zároveň symbol nadějí a snů lidí, sužovaných hospodářskou krizí. Jeho strmý vzestup nakonec vyvrcholil soubojem, o kterém zpočátku nikdo ani nesnil: Braddock se postavil světovému šampiónovi těžké váhy Maxi Baerovi - nezastavitelnému boxerovi, který v ringu usmrtil již dva své protivníky.;03.06.2005 Universal Pictures US;podle knihy, 20. století, období 1930-1940, box;Ron Howard;Russell Crowe, Renée Zellweger, Paul Giamatti, Craig Bierko, Paddy Considine, Bruce McGill, David Huband, Connor Price, Ariel Waller, Rosemarie DeWitt;https://srv.tunefindforfans.com/showads/track/srvclk.php?aid=100006796&lp=https://www.disneyplus.com/en-cz/browse/entity-b53602bf-612b-460e-8c3b-ecef557c1782<br>https://srv.tunefindforfans.com/showads/track/srvclk.php?aid=100006796&lp=https://www.disneyplus.com/en-cz/browse/entity-b53602bf-612b-460e-8c3b-ecef557c1782<br>https://apps.apple.com/cz/app/id6755365206<br>https://play.google.com/store/apps/details?id=cz.csfd.csfdroid<br>;Academy Awards (3x)<br>British Academy of Film and Television Arts (BAFTA) (1x)<br>Golden Globes (2x)<br>Critics Choice Awards (3x)<br>;Critics Choice Awards (1x)<br>Florida Film Critics Circle Awards (1x)<br>;
91936;Howlův kráčející hrad;2004;85.45135664912824;118.0;https://image.pmgstatic.com/cache/resized/w420/files/images/film/posters/162/956/162956614_d97198.jpg;https://www.csfd.cz/film/91936-howluv-kracejici-hrad/;Japonsko;Animovaný / Dobrodružný / Fantasy / Romantický;Zámek v oblacích;I v pokojném anglickém městečku se mohou dít čáry a kouzla. Mladá a skromná Sofie, nejlepší kloboučnice v salonu, vůbec neví, čím si zasloužila, že ji jednoho dne na ulici zachrání před dotěrnými vojáky krásný čaroděj. Vezme ji pod svou ochranu a udivená Sofie najednou ztrácí půdu pod nohama, stoupají spolu nad městečko, letí jako ptáci... Jenže pak ji čeká trest v podobě zlé čarodějnice. Sofie přijde o své mládí i krásu a dál se musí protloukat světem jako stařena. Její jedinou nadějí je ten krásný mladý čaroděj Howl, který ve svém zámku na muřích nohách obchází krajem. Pohádkový příběh dívky Sofie a mladého čaroděje Howla vypráví především o lidské svobodě a síle lásky. Film získal řadu mezinárodních ocenění, včetně nominace na Oscara za nejlepší celovečerní animovaný film. (Aerofilms);20.11.2004 Toho Company;láska, přátelství, anime, válka, stáří, kouzla, magie, čarodějnice, oheň, čarodějové, kletba, něha, steampunk;Hajao Mijazaki;Takuja Kimura, Čieko Baišó, Akio Ócuka, Rjúnosuke Kamiki, Jó Óizumi, Šigejuki Tocugi, Akihiro Miwa, Haruko Kató, Makoto Jasumura, Majuno Jasokawa;https://www.netflix.com/title/70028883<br>https://www.netflix.com/title/70028883<br>http://disney.go.com/disneypictures/castle/<br>https://apps.apple.com/cz/app/id6755365206<br>https://play.google.com/store/apps/details?id=cz.csfd.csfdroid<br>;Academy Awards (1x)<br>Hong Kong Film Awards (1x)<br>Critics Choice Awards (1x)<br>The Saturn Awards (1x)<br>Venice Film Festival (1x)<br>;Los Angeles Film Critics Association Awards (1x)<br>New York Film Critics Circle Awards (1x)<br>Venice Film Festival (1x)<br>Sitges Film Festival (1x)<br>;
5405;Stezky slávy;1957;85.54670528602462;88.0;https://image.pmgstatic.com/cache/resized/w420/files/images/film/posters/159/397/159397278_023bd1.jpg;https://www.csfd.cz/film/5405-stezky-slavy/;USA;Drama / Válečný;Paths of Glory;Francie v době první světové války, rok 1916. Snaživý generál Mireau velí při útoku vojenské jednotky na silně opevněné německé postavení. Ze zištného důvodu, usiluje totiž o povýšení, vydá rozkaz k útoku, který nemá naději na úspěch. Plukovník Dax (Kirk Douglas) odvážně útočí se svými vojáky pod nejprudší dělostřeleckou palbou nepřítele. Nakonec on a jeho jednotka z nesmyslného útoku ustoupí a vrátí se do vlastních zákopů. Mireau odsoudí sto vojáků k smrti za zbabělost. Ani Dax, který své vojáky hájí, je neubrání před brutální mašinérií. Generál sice zmírní rozsah potrestání, přesto však nechá tři vojáky popravit. Plukovníka Daxe, který by pro něho mohl být nebezpečný, se obratně zbaví tím, že ho pošle na frontu do první linie.Kubrick, jenž vyšel ze skutečné události, nemilosrdně zúčtoval s vojenským mýtem a odhalil nelidské důsledky striktních rozdílů ve vojenských hodnostech a možnost jejich zneužití. Uvedení protiválečného filmu Stanleyho Kubricka Paths of Glory, drsného útoku na hierarchii, která je zavedena uvnitř armády, vyprovokovalo k činnosti cenzuru v mnoha zemích: ve Francii, ve Švýcarsku a ve vojenských kinech jednotek USA v Evropě byl film dočasně zakázán. (Quentin T.);20.12.1957 United Artists;podle knihy, muž, černobílý film, smrt, 20. století, zbraně, oběť (autonehody/zločinu), politika, vojáci, manipulace, lež, intriky, kolegové, podvod, mrtvola, bolest, smutek, válka, dilema, armáda, umírání, soud, nespravedlnost, střelné zbraně, zoufalství, krutost, období 1910-1920, přestřelka, chladnokrevnost, střelba, hádka, 1. světová válka, bitva, pochyby, oběť (někomu/něčemu), poprava, moc, trest smrti, revolver, puška, válečníci, trest, protiválečný, zákopová válka, generál, plukovník;Stanley Kubrick;Kirk Douglas, Ralph Meeker, Adolphe Menjou, George Macready, Wayne Morris, Richard Anderson, Joe Turkel, Timothy Carey, Christiane Kubrick, Jerry Hausner;https://srv.clickfuse.com/ads/adclkr.php?id=100006636&url=https://tv.apple.com/cz/movie/paths-of-glory/umc.cmc.6r57bqpaox2n1mpx2sc9uk174<br>https://www.youtube.com/watch?v=R4urtrpkFCQ<br>https://srv.clickfuse.com/ads/adclkr.php?id=100006636&url=https://tv.apple.com/cz/movie/paths-of-glory/umc.cmc.6r57bqpaox2n1mpx2sc9uk174<br>https://www.youtube.com/watch?v=R4urtrpkFCQ<br>https://apps.apple.com/cz/app/id6755365206<br>https://play.google.com/store/apps/details?id=cz.csfd.csfdroid<br>;British Academy of Film and Television Arts (BAFTA) (1x)<br>;;Humphrey Cobb
33360;Poklad na Stříbrném jezeře;1962;85.32510740010981;111.0;https://image.pmgstatic.com/cache/resized/w420/files/images/film/posters/170/317/170317353_b6tamo.jpg;https://www.csfd.cz/film/33360-poklad-na-stribrnem-jezere/;Západní Německo / Jugoslávie / Francie;Dobrodružný / Western;Der Schatz im Silbersee;Vinnetou a Old Shatterhand v souboji s bandity o mapu k bájnému pokladu... Ve filmu ožívají známé postavy proslulých indiánek v čele s neporazitelným Old Shatterhandem a jeho rudým bratrem, ušlechtilým náčelníkem Apačů Vinnetouem, kteří doprovázejí mladého Freda Engela a jeho snoubenku Ellen Pattersonovou na cestě za starým indiánským pokladem. Společně se postarají, aby spravedlnost zvítězila a zločinci, kteří chtějí poklad uloupit, byli potrestáni... Nápad adaptovat knižní předlohu z pera Karla Maye se zrodil v hlavě producenta Horsta Wendlandta, který začátkem šedesátých let patřil mezi přední tvůrce komerčně orientovaných snímků. Po sérii kasovně úspěšných adaptací kriminálních románů z pera Edgara Wallace pojal troufalý plán natočit v německé produkci velkolepý dobrodružný western ve stylu klasických hollywoodských snímků, který by do kin přilákal mladé diváky. Ke spolufinancování projektu, jenž svého času byl nejnákladnější německou produkcí, se mu podařilo přesvědčit šéfa distribuční firmy Constantin Waldfrieda Barthela. S ohledem na úsporu tvůrci upustili od původního plánu natáčet v autentických lokalitách v Americe. Namísto toho se produkce přesunula do úchvatných scenérií Plitvických jezer a Grobničko polje v Jugoslávii. Ikonických rolí Olda Shatterhanda a Vinnetoua se zhostili americká hvězda nižší svítivosti Lex Barker a francouzský herec Pierre Brice. Barker sice v USA na přelomu čtyřicátých a padesátých let získal relativní popularitu coby představitel Tarzana, ale nad úroveň béčkových snímků zde nikdy neprorazil. Koncem padesátých let přesídlil profesně do Itálie, kde se objevoval v dobrodružných snímcích, ale můžeme ho vidět také ve Felliniho Sladkém životě. Ještě před přijetím role Old Shatterhanda, která mu alespoň v části světa vynesla ohromnou slávu, již v Německu přijal role v sérii mysteriózních kriminálek o geniálním padouchovi Dr. Mabusem, které režíroval Harald Reinl. Brice po začátcích ve vedlejších partech ve francouzských filmech také přesídlil do Itálie, kde získal relativní popularitu. Díky hlavní roli ve španělském filmu Los Atracadores se dostal v roce 1962 na berlínský filmový festival, kde se s ním náhodou setkal Horst Wendlandt. Ten v něm spatřil ideálního představitele Vinnetoua, jenž se navzdory počátečním hercovým rozpakům stal jeho životní rolí. Stejně jako v ostatních snímcích režírovaných Reinlem byla do ústřední ženské role obsazena jeho manželka, pohledná Karin Dorová. Poklad na Stříbrném jezeře se stal ohromným hitem, dokonce nejnavštěvovanějším německým filmem svého roku. Vedle toho, že svým úspěchem v Německu inicioval natáčení dalších mayovek, byl prodán do desítek dalších zemí a lze ho vidět jako jeden z iniciačních bodů pro celý boom evropských westernových produkcí šedesátých let, včetně věhlasných spaghetti westernů. (Česká televize);12.12.1962 Constantin Film;podle knihy, smrt, přátelství, přátelé, vražda, město, útěk, zbraně, vrah, pátrání, pronásledování, souboje, les, 19. století, hory, chamtivost, koně, přestřelka, dobrodruh, předsudky, indiáni, Divoký západ, svoboda, odpuštění, bandité, zlato, jezero, kovbojové, lovci pokladů, pevnost, stopař, dostavník, mapa, prérie;Harald Reinl;Lex Barker, Pierre Brice, Herbert Lom, Götz George, Karin Dor, Marianne Hoppe, Eddi Arent, Ralf Wolter, Sima Janićijević, Ilija Ivezič;http://www.ceskatelevize.cz<br>http://www.ceskatelevize.cz<br>https://apps.apple.com/cz/app/id6755365206<br>https://play.google.com/store/apps/details?id=cz.csfd.csfdroid<br>;;;Karl May
4424;Stvoření světa;1957;85.38159855674955;80.0;https://image.pmgstatic.com/cache/resized/w420/files/images/film/posters/159/951/159951603_e954d3.jpg;https://www.csfd.cz/film/4424-stvoreni-sveta/;Francie / Československo;Animovaný / Komedie / Rodinný / Hudební;La Création du monde;V Písmu svatém se praví, že na počátku všeho života na Zemi byla tma a Pánbůh. V případě tohoto animovaného snímku Pánbůh roztomile roztržitý, který měl před sebou spoustu práce. Aby na ni nebyl sám, pořídil si vejce, jež poctivě zahříval, až se z nich po čase vyklubali andílci. Jenže z posledního vejce, které bylo pěkně kropenaté, se vyloupl neposedný ďáblík. Poté, co měl pomocníky pohromadě, potřeboval Pánbůh ke své další práci světlo. Marně však škrtal zapalovačem. Jako vždy totiž nefungoval. Stvořitel proto musel použít slavného triku se zvoláním: Budiž světlo!. Světlo bylo a Pánbůh se mohl s pomocí andílků pustit do tvoření, jež mu s nevyčerpatelným vtipem a nekonečnou řadou skvělých nápadů kazil neposedný ďáblík. Nejvíce se samozřejmě vyřádil ve chvíli, kdy Pánbůh začal tvořit člověka. Adama si ještě Stvořitel ohlídal, ale Evu ďáblík okamžitě zkazil tím, že ji naučil trsat rocknroll (a je to vůbec první rocknroll, jaký kdy zazněl v českém filmu)...;04.04.1958 Ústřední půjčovna filmů;zvířata, moře, hory, vesmír, Ďábel, Bible, Bůh, Měsíc, andělé, čerti, Slunce;Eduard Hofman;Jan Werich, Antonín Jedlička, Bohuslav Kupšovský, François Périer, Martine Sarcey, Georges Aminel;https://apps.apple.com/cz/app/id6755365206<br>https://play.google.com/store/apps/details?id=cz.csfd.csfdroid<br>;;;
246291;Ip Man;2008;85.36634093376765;106.0;https://image.pmgstatic.com/cache/resized/w420/files/images/film/posters/164/143/164143645_802efc.jpg;https://www.csfd.cz/film/246291-ip-man/;Hongkong / Čína;Akční / Drama / Sportovní / Životopisný;Ye Wen;Čína, rok 1935. Kluby bojových umění v městě Foshan nabírají na popularitě a Ip Man (DONNIE YEN) je nezpochybnitelným vládcem umění wing chun, čím dál populárnější verze kung fu. Klidný život jeho rodiny a přátel však převrátí vzhůru nohama japonská invaze. Poté, co odmítne učit okupační vojáky svému umění, je přinucen bojovat o své vlastní přežití v sérii výzev, jež vyvrcholí soubojem na život a na smrt s nejlepším japonským bojovníkem.;Na DVD od 22.02.2010 Urania;válka, bojová umění, kung-fu, wuxia;Wilson Yip;Donnie Yen, Simon Yam, Lynn Hung, Hirojuki Ikeuči, Gordon Lam, Terry Fan, Dennis To, Yanneng Shi, You-Nam Wong, Tony Siu-Hung Leung;https://apps.apple.com/cz/app/id6755365206<br>https://play.google.com/store/apps/details?id=cz.csfd.csfdroid<br>;Hong Kong Film Awards (10x)<br>;Hong Kong Film Awards (2x)<br>Sitges Film Festival (1x)<br>;
29067;Zvíře;1977;85.36538636985676;96.0;https://image.pmgstatic.com/cache/resized/w420/files/images/film/posters/159/386/159386922_287f81.jpg;https://www.csfd.cz/film/29067-zvire/;Francie;Komedie / Akční / Romantický;L'Animal;Francouzská filmová komedie o potížích odvážného kaskadéra s tíživou finanční situací, svéhlavou snoubenkou a zženštilým hercem, kterého má zastupovat. Kaskadér Jean-Paul Belmondo má před svatbou s krásnou Raquel Welch, jenže jí dojde trpělivost! Navíc se o ni začal ucházet bohatý hrabě a tak získat znovu její lásku nebude vůbec jednoduché...;05.10.1977 AMLF;láska, zvířata, herci, filmařské zákulisí, Paříž, snoubenci, letadla, dvojník, kaskadér, panství;Claude Zidi;Jean-Paul Belmondo, Raquel Welch, Dany Saval, Jane Birkin, Johnny Hallyday, Charles Gérard, Claude Chabrol, Mario David, Julien Guiomar, Aldo Maccione;https://apps.apple.com/cz/app/id6755365206<br>https://play.google.com/store/apps/details?id=cz.csfd.csfdroid<br>;César Awards (1x)<br>;;
11970;Příběh z Bronxu;1993;85.35709895513214;122.0;https://image.pmgstatic.com/cache/resized/w420/files/images/film/posters/160/504/160504790_d12a5b.jpg;https://www.csfd.cz/film/11970-pribeh-z-bronxu/;USA;Krimi / Drama;A Bronx Tale;;29.09.1993 Savoy Pictures;muž, láska, rodina, smrt, přátelství, přátelé, vražda, 20. století, násilí, dívka, děti, rodiče, podle divadelní hry, mládež, město, touha, syn, chlapec, vrah, oběť (autonehody/zločinu), pomsta, dospívání, sny, rivalita, zločin, vášeň, kamarádi, mrtvola, vztahy, bolest, mezilidské vztahy, kriminalita, smutek, gangsteři, mafie, nenávist, gang, dilema, tragédie, naděje, podsvětí (svět zločinu), zabijáci, New York, střelné zbraně, diskriminace, výslech, střelba, rasismus, hádka, předsudky, bar, období 1960-1970, pochyby, svědek, odplata, restaurace, vztek, iluze, pohřeb, hospoda, svědectví, loajalita, požár, oheň, řidič, rodičovství, revolver, žhářství, italská komunita v USA;Robert De Niro;Robert De Niro, Chazz Palminteri, Lillo Brancato, Francis Capra, Taral Hicks, Kathrine Narducci, Joe Pesci, Joe D'Onofrio, William DeMeo, David Batiste;https://apps.apple.com/cz/app/id6755365206<br>https://play.google.com/store/apps/details?id=cz.csfd.csfdroid<br>;Venice Film Festival (1x)<br>;;
23827;Tichá bolest;1990;85.42310202305852;86.0;https://image.pmgstatic.com/cache/resized/w420/files/images/film/posters/168/697/168697619_h7dhmv.jpg;https://www.csfd.cz/film/23827-ticha-bolest/;Československo;Drama;Silent Pain;Autobiografický film scenáristy Jiřího Křižana se vrací do padesátých let minulého století, do doby poznamenané lidskými tragédiemi a utrpením. Vypráví baladický příběh chlapce Janka Kadavého, jehož otec byl v roce 1949 zatčen, odsouzen a popraven jako „třídní nepřítel“. Matka krátce nato zemřela a Jankovi zbyl jen děda. Děj filmu se odehrává ve dvou časových rovinách: zachycuje tragikomické epizody z vojenské služby u pétépáků a trpké vzpomínky na dětství plné ústrků ze strany spolužáků i dospělých. Jediným světlým bodem Jankových vzpomínek je děda. Moudrý a poctivý starý muž, který jej po smrti rodičů v malé valašské vesnici vychoval… (Česká televize);21.06.1991;20. století, útěk, chlapec, vojáci, venkov, vězení, komunismus, děda, období 1950-1960, poprava, tank;Martin Hollý ml.;Rudolf Hrušínský, Ivan Jiřík, Vítězslav Jandák, Miroslav Táborský, Jiří Sedláček, Martin Dejdar, Tomáš Juřička, Jiří Pomeje, Dušan Cinkota, Jiří Langmajer;http://www.ceskatelevize.cz<br>http://www.ceskatelevize.cz<br>https://apps.apple.com/cz/app/id6755365206<br>https://play.google.com/store/apps/details?id=cz.csfd.csfdroid<br>;;;
9796;Sunset Boulevard;1950;85.41027351567712;110.0;https://image.pmgstatic.com/cache/resized/w420/files/images/film/posters/160/871/160871883_4eff75.jpg;https://www.csfd.cz/film/9796-sunset-boulevard/;USA;Drama / Film-Noir;Sunset Blvd.;;10.08.1950 Paramount Pictures;muž, černobílý film, láska, žena, vražda, dívka, tajemství, strach, manželé, město, záhady, touha, zbraně, vrah, ženy, oběť (autonehody/zločinu), němý film, pomsta, peníze, umění, manipulace, intriky, sny, kolegové, vášeň, mrtvola, vztahy, dům, bolest, mezilidské vztahy, smutek, sláva, nenávist, dilema, tragédie, naděje, žárlivost, voda, sebevražda, střelné zbraně, psychopat, šílenství, zoufalství, manželství, herci, filmařské zákulisí, panika, chamtivost, střelba, posedlost, hádka, duševní porucha, deprese, závist, celebrity, pochyby, odplata, legenda, iluze, bohatství, režisér, sociopat, Kalifornie, Los Angeles, herec, sluha, řidič, revolver, Hollywood, kameraman, konverzace o filmu, producent, herectví, bazén, filmové studio, natáčení filmu, herečka;Billy Wilder;William Holden, Gloria Swanson, Erich von Stroheim, Nancy Olson, Fred Clark, Franklyn Farnum, Jack Webb, Lloyd Gough, Cecil B. DeMille, Hedda Hopper;https://srv.clickfuse.com/ads/adclkr.php?id=100006636&url=https://tv.apple.com/cz/movie/sunset-boulevard/umc.cmc.qi2fx1gye3tajufjsaqqxx2t<br>https://www.youtube.com/watch?v=4Va36Ry4D5A<br>https://srv.clickfuse.com/ads/adclkr.php?id=100006636&url=https://tv.apple.com/cz/movie/sunset-boulevard/umc.cmc.qi2fx1gye3tajufjsaqqxx2t<br>https://www.youtube.com/watch?v=4Va36Ry4D5A<br>https://apps.apple.com/cz/app/id6755365206<br>https://play.google.com/store/apps/details?id=cz.csfd.csfdroid<br>;Academy Awards (8x)<br>Golden Globes (3x)<br>New York Film Critics Circle Awards (3x)<br>;Academy Awards (3x)<br>Golden Globes (4x)<br>;
8995;Bio Ráj;1988;85.51584625758598;155.0;https://image.pmgstatic.com/cache/resized/w420/files/images/film/posters/162/555/162555865_8cc2d8.jpg;https://www.csfd.cz/film/8995-bio-raj/;Itálie / Francie;Drama / Romantický / Komedie;Nuovo Cinema Paradiso;Film má dvě časové roviny. Úspěšný filmový režisér si při zprávě o smrti starého vesnického promítače Alfreda vzpomíná na své dětství. Na pozadí poválečné bídy se rozvíjí vztah mezi malým Totem, neodbytně přitahovaným tmavým sálem kina a promítací kabinou (s hučícími praskajícími stroji, paprsky světla rozptýlenými v prachu, převíječkami a prázdnými cívkami rozvěšenými po zdech), ve které kraluje Alfred, zastupujíci mu autoritu otce, nezvěstného od války. Dospívající Toto se Alfredem nechá přemluvit k odchodu z vesnice, aby rozvinul svůj talent. Když se po letech vrací na pohřeb, stařičké kino je právě bouráno a dojatý Toto si promítá film, sestavený ze scén polibků, které musel Alfred na příkaz místního farářa vystřihovat, aby je teď odkázal svému příteli a žákovi. Svěží, divácky vřele přijatý film nesklouzl do sentimentality, ale s přesně dávkovaným sentimentem nostalgicky evokuje dobu, v které kino bylo pro vesničany jediným kulturně-společenským zážitkem.;20.09.1989 Ariane Distribution;muž, láska, žena, smrt, 20. století, dívka, matka, chlapec, období 1940-1950, kněz, Itálie, období 1950-1960, slepota, kino, Sicílie, sledování filmu;Giuseppe Tornatore;Philippe Noiret, Enzo Cannavale, Salvatore Cascio, Leo Gullotta, Isa Danieli, Pupella Maggio, Agnese Nano, Tano Cimarosa, Jacques Perrin, Brigitte Fossey;https://apps.apple.com/cz/app/id6755365206<br>https://play.google.com/store/apps/details?id=cz.csfd.csfdroid<br>;British Academy of Film and Television Arts (BAFTA) (6x)<br>European Film Awards (1x)<br>César Awards (1x)<br>Amanda Awards (1x)<br>New York Film Critics Circle Awards (1x)<br>Cannes Film Festival (1x)<br>;Academy Awards (1x)<br>British Academy of Film and Television Arts (BAFTA) (5x)<br>European Film Awards (2x)<br>César Awards (1x)<br>Robert Awards (Danish Film Awards) (1x)<br>Golden Globes (1x)<br>Cannes Film Festival (1x)<br>Norwegian International Film Festival Haugesund (1x)<br>;
231646;VALL-I;2008;85.2381042118157;98.0;https://image.pmgstatic.com/cache/resized/w420/files/images/film/posters/165/162/165162616_2d4101.jpg;https://www.csfd.cz/film/231646-vall-i/;USA;Animovaný / Dobrodružný / Rodinný / Sci-Fi;WALL-E;Film začíná v roce 2700. Poslední operační stroj VALL-I stále plní úkol čištění Země se svým jediným mazlíčkem – švábem Halem, který mu dělá společnost. Malý robot, roztomilý a působivý, si za ta léta docela vyvinul svou osobnost. Bydlí v maringotce plné zvláštností a artefaktů z lidského života jako je Rubikova kostka, kuchyňský šlehač a jeho největší poklad – stará video kazeta s filmem Hello Dolly. Během začátku filmu si přidá do své sbírky novou věc – malou rostlinku, kterou zasadí do staré boty. Jednoho dne jde VALL-I po své obvyklé práci, ale blízko přistane kosmická loď. Kosmická loď vyšle malou, létající robotku Eve, která začíná na povrchu planety něco hledat. VALL-I se beznadějně zamiluje. Rodinná animovaná pohádka ze studia Pixar.;27.06.2008 Walt Disney US;podle knihy, vesmír, osamělost, postapokalyptická budoucnost, roboti, vesmírná loď, rostliny;Andrew Stanton;Ben Burtt, Elissa Knight, Jeff Garlin, Sigourney Weaver, Fred Willard, Kathy Najimy, MacInTalk, Kim Kopf, Garrett Palmer, Teddy Newton;https://srv.tunefindforfans.com/showads/track/srvclk.php?aid=100006796&lp=https://www.disneyplus.com/en-cz/browse/entity-280395a4-d5ef-4dd0-bd09-d91c31593d3d<br>https://srv.clickfuse.com/ads/adclkr.php?id=100006636&url=https://tv.apple.com/cz/movie/wall-e/umc.cmc.4hey5l45tegyvjbr84vuihdqf<br>https://www.youtube.com/watch?v=r3KlugX6NiE<br>https://srv.tunefindforfans.com/showads/track/srvclk.php?aid=100006796&lp=https://www.disneyplus.com/en-cz/browse/entity-280395a4-d5ef-4dd0-bd09-d91c31593d3d<br>https://srv.clickfuse.com/ads/adclkr.php?id=100006636&url=https://tv.apple.com/cz/movie/wall-e/umc.cmc.4hey5l45tegyvjbr84vuihdqf<br>https://www.youtube.com/watch?v=r3KlugX6NiE<br>https://apps.apple.com/cz/app/id6755365206<br>https://play.google.com/store/apps/details?id=cz.csfd.csfdroid<br>;Academy Awards (5x)<br>British Academy of Film and Television Arts (BAFTA) (2x)<br>Robert Awards (Danish Film Awards) (1x)<br>Golden Globes (1x)<br>Critics Choice Awards (2x)<br>The Saturn Awards (1x)<br>;Academy Awards (1x)<br>British Academy of Film and Television Arts (BAFTA) (1x)<br>Golden Globes (1x)<br>Critics Choice Awards (1x)<br>Florida Film Critics Circle Awards (1x)<br>Los Angeles Film Critics Association Awards (1x)<br>New York Film Critics Circle Awards (1x)<br>The Saturn Awards (1x)<br>;Andrew Stanton, Pete Docter
7244;Nekonečný příběh;1984;85.26791403579911;94.0;https://image.pmgstatic.com/cache/resized/w420/files/images/film/posters/159/598/159598445_07e2bd.jpg;https://www.csfd.cz/film/7244-nekonecny-pribeh/;Západní Německo / USA;Fantasy / Dobrodružný / Rodinný / Drama;Die unendliche Geschichte;Pohádkovou fantazii pro malé i velké diváky natočil režisér Wolfgang Petersen v roce 1984, tehdy se značnými finančními náklady kolem 27 milionů dolarů. Film vznikal v mnichovských ateliérech a podílelo se na něm spoustu trikových specialistů. Jde o příběh malého chlapce Bastiena, kterému se v antikvariátě dostane do rukou kouzelná knížka. Chlapec se tam schová před svými pronásledovateli a stařičký majitel si brzy všimne chlapcova zájmu o knihu. Při jejím čtení se Bastien stane součástí Nekonečného příběhu. Příběh apeluje na potřebu porozumění, lidských citů a imaginace, bez nichž není možná existence říše Fantazie, jež je součástí každého z nás. Úspěšný film se dočkal dalších dvou pokračování, jejichž hrdinou je opět dorůstající Bastien.;06.04.1984 Neue Constantin Film;podle knihy, chlapec, škola, putování, naděje, oceán, koně, šikana, kniha, královna, draci, bouře, vlci, rytíři, lék, bažina, zrcadlo;Wolfgang Petersen;Barret Oliver, Noah Hathaway, Gerald McRaney, Drum Garrett, Darryl Cooksey, Thomas Hill, Tilo Prückner, Moses Gunn, Sydney Bromley, Deep Roy;https://www.hbomax.com/cz/en/movies/neverending-story/c932101c-a9b0-412e-97a9-0771a5b80f1b<br>https://srv.clickfuse.com/ads/adclkr.php?id=100006636&url=https://tv.apple.com/cz/movie/the-neverending-story/umc.cmc.2coczqplj0l256y0qmm1mwazz<br>https://www.iprima.cz/filmy/nekonecny-pribeh?utm_source=csfd&utm_medium=section_vod&utm_campaign=link_exchange<br>https://www.hbomax.com/cz/en/movies/neverending-story/c932101c-a9b0-412e-97a9-0771a5b80f1b<br>https://srv.clickfuse.com/ads/adclkr.php?id=100006636&url=https://tv.apple.com/cz/movie/the-neverending-story/umc.cmc.2coczqplj0l256y0qmm1mwazz<br>https://www.iprima.cz/filmy/nekonecny-pribeh?utm_source=csfd&utm_medium=section_vod&utm_campaign=link_exchange<br>https://apps.apple.com/cz/app/id6755365206<br>https://play.google.com/store/apps/details?id=cz.csfd.csfdroid<br>;The Saturn Awards (2x)<br>;German Film Awards (1x)<br>;Michael Ende
11124;Příšerky s.r.o.;2001;85.2335998071747;90.0;https://image.pmgstatic.com/cache/resized/w420/files/images/film/posters/160/205/160205770_2e9e7b.jpg;https://www.csfd.cz/film/11124-priserky-s-r-o/;USA;Animovaný / Rodinný / Komedie / Fantasy;Monsters, Inc.;Monsters Incorporated je strašidelná továrna vedená Henrym J. Waternoosem a jedním z jejích hlavních strašidel je James P. Sullivan, jehož strašidelným asistentem a nejlepším přítelem a spolubydlícím je Mike Wazowski. Do tajemného světa příšer a strašidel, kde se elektrická energie získává z dětského (vyděšeného) křiku se nedopatřením dostane holčička Boo...;02.11.2001 Buena Vista Pictures US;přátelé, děti, strach, strašidla;Pete Docter, Lee Unkrich, David Silverman;John Goodman, Billy Crystal, Mary Gibbs, Steve Buscemi, James Coburn, Jennifer Tilly, Frank Oz, Bonnie Hunt, Bob Bergen, Rodger Bumpass;https://srv.tunefindforfans.com/showads/track/srvclk.php?aid=100006796&lp=https://www.disneyplus.com/en-cz/browse/entity-3c90b85f-ba5e-4351-be87-e625d5706952<br>https://srv.clickfuse.com/ads/adclkr.php?id=100006636&url=https://tv.apple.com/cz/movie/monsters-inc/umc.cmc.3ilsdzy6ghi4adtg3tnwf6jcb<br>https://srv.tunefindforfans.com/showads/track/srvclk.php?aid=100006796&lp=https://www.disneyplus.com/en-cz/browse/entity-3c90b85f-ba5e-4351-be87-e625d5706952<br>https://srv.clickfuse.com/ads/adclkr.php?id=100006636&url=https://tv.apple.com/cz/movie/monsters-inc/umc.cmc.3ilsdzy6ghi4adtg3tnwf6jcb<br>https://apps.apple.com/cz/app/id6755365206<br>https://play.google.com/store/apps/details?id=cz.csfd.csfdroid<br>;Academy Awards (3x)<br>Critics Choice Awards (1x)<br>Los Angeles Film Critics Association Awards (1x)<br>New York Film Critics Circle Awards (1x)<br>The Saturn Awards (3x)<br>;Academy Awards (1x)<br>;
229841;Útěk do divočiny;2007;85.22648408206992;148.0;https://image.pmgstatic.com/cache/resized/w420/files/images/film/posters/164/951/164951402_f0a490.jpg;https://www.csfd.cz/film/229841-utek-do-divociny/;USA;Dobrodružný / Drama / Životopisný;Into the Wild;Málokdo z nás má takovou odvahu jako Christopher McCandless (Emile Hirsch). Bylo mu dvacet dva, když dostudoval vysokou školu, ale místo toho, aby zaplul do civilizačního proudu, ukázal mu vztyčený prostředník a z naivního snílka se proměnil v symbol jedné generace Američanů. Každý krok jeho cesty z města do té nejsyrovější divočiny sledoval slavný herec Sean Penn, který se tentokrát spokojil s rolí režiséra a scenáristy. (Bontonfilm);19.10.2007 Paramount Vantage AU;podle knihy, cestování, putování, podle skutečného příběhu, divočina, svoboda, autobus, Aljaška;Sean Penn;Emile Hirsch, Marcia Gay Harden, William Hurt, Jena Malone, Brian H. Dierker, Catherine Keener, Vince Vaughn, Kristen Stewart, Hal Holbrook, Thure Lindhardt;https://www.skyshowtime.com/cz/stream/movies/utek-do-divociny/4357a22c-ecb4-3ec0-82dc-6181d1341515<br>https://srv.clickfuse.com/ads/adclkr.php?id=100006636&url=https://tv.apple.com/cz/movie/into-the-wild/umc.cmc.3nuas5m80l7dxppd8iu2n3n2p<br>https://www.youtube.com/watch?v=ukc6ewzYBQA<br>https://www.skyshowtime.com/cz/stream/movies/utek-do-divociny/4357a22c-ecb4-3ec0-82dc-6181d1341515<br>https://srv.clickfuse.com/ads/adclkr.php?id=100006636&url=https://tv.apple.com/cz/movie/into-the-wild/umc.cmc.3nuas5m80l7dxppd8iu2n3n2p<br>https://www.youtube.com/watch?v=ukc6ewzYBQA<br>https://apps.apple.com/cz/app/id6755365206<br>https://play.google.com/store/apps/details?id=cz.csfd.csfdroid<br>;Academy Awards (2x)<br>César Awards (1x)<br>Golden Globes (1x)<br>Critics Choice Awards (7x)<br>Los Angeles Film Critics Association Awards (1x)<br>;Golden Globes (1x)<br>;Jon Krakauer
10130;Návrat do budoucnosti III;1990;85.18572646449884;118.0;https://image.pmgstatic.com/cache/resized/w420/files/images/film/posters/000/009/9700_346438.jpg;https://www.csfd.cz/film/10130-navrat-do-budoucnosti-iii/;USA;Dobrodružný / Komedie / Sci-Fi / Western;Back to the Future Part III;;25.05.1990 Universal Pictures US;láska, rodina, smrt, přátelství, přátelé, 20. století, mládež, touha, chlapec, zbraně, souboje, 19. století, dobrodruh, věda, vlak, novověk, cestování časem, Divoký západ, období 1980-1990, Kalifornie, pistolníci, vynálezce, šílený vědec, hrobka, období 1880-1890, steampunk, stroj času;Robert Zemeckis;Michael J. Fox, Christopher Lloyd, Mary Steenburgen, Tom Wilson, Lea Thompson, Elisabeth Shue, James Tolkan, Matt Clark, Harry Carey Jr., Dub Taylor;https://srv.clickfuse.com/ads/adclkr.php?id=100006636&url=https://tv.apple.com/cz/movie/back-to-the-future-part-iii/umc.cmc.4d7ojms7zga4x1xifz9o02je9<br>https://www.youtube.com/watch?v=TpKGB5sjw2g<br>https://srv.clickfuse.com/ads/adclkr.php?id=100006636&url=https://tv.apple.com/cz/movie/back-to-the-future-part-iii/umc.cmc.4d7ojms7zga4x1xifz9o02je9<br>https://www.youtube.com/watch?v=TpKGB5sjw2g<br>https://apps.apple.com/cz/app/id6755365206<br>https://play.google.com/store/apps/details?id=cz.csfd.csfdroid<br>;The Saturn Awards (6x)<br>;The Saturn Awards (2x)<br>;
2339;Neúplatní;1987;85.19585638436119;119.0;https://image.pmgstatic.com/cache/resized/w420/files/images/film/posters/166/709/166709581_151d56.jpg;https://www.csfd.cz/film/2339-neuplatni/;USA;Krimi / Drama / Thriller;Nedotknutelní;Píše se rok 1930, v USA panuje prohibice a Chicago ovládá gang Al Caponeho. V boji o miliardy dolarů plynoucích z nelegálního prodeje alkoholu korumpuje úplatky představitele města a policie a likviduje obchodníky, kteří od něj alkohol odmítnou koupit. Jeho heslem je, že s dobrým slovem a pistolí dojde dál než jen s dobrým slovem. Do Chicaga je vyslán zvláštní zmocněnec ministerstva financí Eliot Ness, který má řídit vládní akci proti distribuci lihovin a proti násilí. Dozví se o velké zásilce whisky a ve spolupráci se zvláštní policejní jednotkou vykoná razii ve skladu. V bednách však alkohol není. Al Capone, tisk i zkorumpovaní policisté se mu vysmívají. Setkání s poctivým pochůzkářem Jimem Malonem ho přivede k myšlence vytvořit malý neúplatný tým. Spolu s Malonem vyberou na policejní střelnici nejlepšího střelce, Itala Georga Stonea, původním jménem Guiseppa Petriho. Čtvrtým mužem se stane policejní účetní Oscar Wallace, kterého Nessovi poslali z Washingtonu. Ness prohlašuje, že chce využít všechny zákonné prostředky k tomu, aby Al Caponeho dostal do vězení… (TV Prima);01.07.1990 Ústřední půjčovna filmů;vražda, 20. století, policie, zbraně, gangsteři, mafie, gang, soud, korupce, období 1930-1940, cosa nostra, prohibice, Al Capone;Brian De Palma;Kevin Costner, Charles Martin Smith, Andy Garcia, Richard Bradford, Jack Kehoe, Robert De Niro, Sean Connery, Brad Sullivan, Billy Drago, Patricia Clarkson;https://srv.clickfuse.com/ads/adclkr.php?id=100006636&url=https://tv.apple.com/cz/movie/the-untouchables/umc.cmc.6jtc5m0t2ltm9mjc8w525ts14<br>https://www.youtube.com/watch?v=HgkpGfImg38<br>https://srv.clickfuse.com/ads/adclkr.php?id=100006636&url=https://tv.apple.com/cz/movie/the-untouchables/umc.cmc.6jtc5m0t2ltm9mjc8w525ts14<br>https://www.youtube.com/watch?v=HgkpGfImg38<br>https://apps.apple.com/cz/app/id6755365206<br>https://play.google.com/store/apps/details?id=cz.csfd.csfdroid<br>;Academy Awards (3x)<br>British Academy of Film and Television Arts (BAFTA) (3x)<br>César Awards (1x)<br>Golden Globes (1x)<br>Los Angeles Film Critics Association Awards (1x)<br>New York Film Critics Circle Awards (1x)<br>San Sebastián International Film Festival (1x)<br>;Academy Awards (1x)<br>British Academy of Film and Television Arts (BAFTA) (1x)<br>Golden Globes (1x)<br>;Eliot Ness, Oscar Fraley
32430;Muž z Acapulca;1973;85.24910322837783;90.0;https://image.pmgstatic.com/cache/resized/w420/files/images/film/posters/170/643/170643735_g0wu7k.jpg;https://www.csfd.cz/film/32430-muz-z-acapulca/;Francie / Itálie;Komedie / Akční / Romantický;Le Magnifique;Bob Saint-Clare je nejschopnějším agentem na světě. Železné nervy, svaly z ocele, urostlá postava, obávaný protivník a neodolatelný svůdník, který střelbu a karate ovládá stejně dokonale jako hru na klavír a poezii. Není divu, že je tím jediným, kdo dokáže pomoci plukovníku Collinsovi, jehož agenty likviduje v Acapulcu neznámý hrozivý protivník. Bob se o tom přesvědčí už během mezipřistání v Paříži, kde mu neznámý pošle jeho informátora se sekerou v hlavě a Bob na oplátku hravě odhalí a zlikviduje po přistání v Mexiku řadu jeho mužů ukrytých v různých převlecích na různých místech. Setká se se svou spojkou, krásnou Arianne a společně s ní odrazí útok žabích mužů, kteří je napadnou v jejich přepychovém bungalovu. Jenže pak se objeví uklízečka se svým vysavačem, který všechno zmaří. Vytrhne totiž z tvůrčího zaujetí spisovatele Francoise Merlina, který je autorem už jedenačtyřiceti románů o příhodách nepřemožitelného agenta a právě dokončuje další. Na rozdíl od svého hrdiny se však nemotorný Francoise neustále potýká nejen s všedními starostmi, ale také s nedostatkem peněz, a to navzdory skutečnosti, že jeho romány hltají po světě miliony čtenářů. Své trable si spisovatel vybíjí pouze tím, že všechny, kteří mu komplikují a znepříjemňují život, přenáší do svých románů jako záporné postavy, se kterými si jeho agent Bob hravě poradí. Svého lakomého nakladatele Charrona, který na něm vydělává velké peníze, ale odmítá mu vyplácet zálohy, projektuje do role svého úhlavního nepřítele, Karpofa a Arianne má svůj předobraz v půvabné sousedce, studentce sociologie Christine. Ta si jednoho dne půjčí jednu jeho knihu, aby s její pomocí mohla napsat sociologickou studii o důvodech obliby podobné literatury, což si Francois špatně vyloží a začne se o ni ucházet stylem svého hrdiny Boba. Tím však u dívky neuspěje. Francois už má dost krvavých dobrodružství, sní o kvalitní knize, kterou chtěl kdysi napsat a rozhodne se svého agenta zlikvidovat. Bobovi se náhle nic nedaří, dostane rýmu, přehlédne Karpofovu léčku a nakonec je pohřben v masovém hrobě. Jenže to zdaleka není konec románového hrdiny ani jeho stvořitele.;23.11.1973 Compagnie Commerciale Française Cinématographique (CCFC);podle knihy, muž, násilí, dívka, zbraně, studenti, moře, zabijáci, spisovatel, agenti, léto, Paříž, satira, parodie, špioni, kniha, Mexiko, eurospy, tropy;Philippe de Broca;Jean-Paul Belmondo, Jacqueline Bisset, Vittorio Caprioli, Monique Tarbès, Mario David, Raymond Gerôme, Jean Lefebvre, Hans Meyer, André Weber, Hubert Deschamps;https://apps.apple.com/cz/app/id6755365206<br>https://play.google.com/store/apps/details?id=cz.csfd.csfdroid<br>;;;
6977;Absolvent;1967;85.2442045655636;106.0;https://image.pmgstatic.com/cache/resized/w420/files/images/film/posters/162/403/162403147_f2a0aa.jpg;https://www.csfd.cz/film/6977-absolvent/;USA;Drama / Komedie;The Graduate;Dustin Hoffman jako mladík, který se bouří proti přetvářce a maloměšťáctví. Benjamin Braddock se vrací domů z vysokoškolských studií a rodiče uspořádají na jeho počest slavnostní párty. Jak se zdá, čeká na něj jasně nalinkovaná kariéra a skvělá budoucnost, o nichž všichni kolem stále mluví. Benjamin nemá žádnou chuť, ale ani důvod o těchto věcech přemýšlet, podobné plány jej nudí a jediné, po čem touží, je klid a trochu soukromí. Přesto nedává nic najevo. Poněkud nesmělého mladíka ale potkává osud v podobě atraktivní paní Robinsonové a její dcery... Slavná kontroverzní komedie režiséra Mikea Nicholse vznikla podle románu Charlese Webba, svým tématem přitom více než souzněla se značně rozbouřenými vodami americké společnosti šedesátých let minulého století. Hlavní hrdina se prudce vyvíjí a z jakéhosi prototypu americké dokonalosti se stává nezkrotným rebelem, jenž nemá v úmyslu nechat se ničím omezovat. Film zachycující vášnivou touhu mladých lidí porušovat konvence, které byly pro jejich rodiče téměř posvátné, se nakonec stal kultovním. Dodnes zaujme skvělým hereckým výkonem Dustina Hoffmana a hudbou dvojice Simon & Garfunkel, s nezapomenutelnou provokující písní Mrs. Robinson. Ze sedmi oscarových nominací film Absolvent získal Oscara za nejlepší režii, kromě toho obdržel řadu dalších významných ocenění. (Česká televize);21.12.1967 Embassy Pictures;podle knihy, muž, láska, žena, rodina, dívka, tajemství, otec, matka, rodiče, mládež, manželé, dcera, syn, chlapec, dospívání, lež, sex, pronásledování, nevěra, svatba, žárlivost, milostný trojúhelník, pocit viny, rande, alkoholismus, hotel, milenka, rozvod, deprese, zakázaná láska;Mike Nichols;Anne Bancroft, Dustin Hoffman, Katharine Ross, William Daniels, Murray Hamilton, Elizabeth Wilson, Buck Henry, Brian Avery, Walter Brooke, Norman Fell;http://www.ceskatelevize.cz<br>http://www.ceskatelevize.cz<br>https://apps.apple.com/cz/app/id6755365206<br>https://play.google.com/store/apps/details?id=cz.csfd.csfdroid<br>;Academy Awards (6x)<br>British Academy of Film and Television Arts (BAFTA) (2x)<br>Golden Globes (2x)<br>New York Film Critics Circle Awards (2x)<br>;Academy Awards (1x)<br>British Academy of Film and Television Arts (BAFTA) (5x)<br>Golden Globes (3x)<br>New York Film Critics Circle Awards (1x)<br>;Charles Webb
859177;Vlny;2024;85.20923787528868;131.0;https://image.pmgstatic.com/cache/resized/w420/files/images/film/posters/169/002/169002978_123omn.jpg;https://www.csfd.cz/film/859177-vlny/;Česko / Slovensko;Drama / Thriller / Historický;Vlny;Dobový film Vlny režiséra Jiřího Mádla ukáže napínavé a doposud utajené příběhy novinářů Československého rozhlasu. Na konci 60. let, kdy zněl z rádiových vln rokenrol a studentské revolty měnily svět, nastoupí starší z bratrů do prestižní redakce rozhlasu. Záhy se ocitne v nebezpečném souboji redaktorů a tajných služeb. Ve víru událostí půjde brzy všem o život a hlavní hrdina stojí před drsnou volbou: ochránit bratra, nebo pravdu a kolegy? Film je inspirován skutečným příběhem skupiny novinářů mezinárodní redakce Československého rozhlasu a jejich odhodláním přinášet nezávislé zprávy za každou cenu (Bontonfilm);01.08.2024 Bontonfilm SK;muž, láska, žena, rodina, 20. století, policie, město, ženy, sourozenci, politika, manipulace, podle skutečného příběhu, kolegové, bratři, studenti, novináři, léto, politik, aktivismus, komunismus, období 1960-1970, diktatura, Praha, svoboda, prezident, okupace, invaze, vzpoura systému, tajná policie, rozhlasové studio, Sovětský svaz, StB, cenzura, pražské jaro, radiostanice;Jiří Mádl;Vojtěch Vodochodský, Ondřej Stupka, Táňa Pauhofová, Stanislav Majer, Vojtěch Kotek, Marika Šoposká, Petr Lněnička, Martin Hofmann, Petr Halíček, Matyáš Řezníček;https://www.netflix.com/title/82169553<br>https://srv.clickfuse.com/ads/adclkr.php?id=100006636&url=https://tv.apple.com/cz/movie/waves/umc.cmc.19zzbi91la00zx0ljw8inbvxv<br>https://www.youtube.com/watch?v=cFsBNEbVSeI<br>https://www.netflix.com/title/82169553<br>https://srv.clickfuse.com/ads/adclkr.php?id=100006636&url=https://tv.apple.com/cz/movie/waves/umc.cmc.19zzbi91la00zx0ljw8inbvxv<br>https://www.youtube.com/watch?v=cFsBNEbVSeI<br>https://apps.apple.com/cz/app/id6755365206<br>https://play.google.com/store/apps/details?id=cz.csfd.csfdroid<br>;Český lev (8x)<br>Slnko v sieti (5x)<br>Ceny české filmové kritiky (3x)<br>;Český lev (7x)<br>Slnko v sieti (9x)<br>Mezinárodní filmový festival Karlovy Vary (1x)<br>;
646;Kramerová versus Kramer;1979;85.26046986721144;105.0;https://image.pmgstatic.com/cache/resized/w420/files/images/film/posters/161/277/161277919_75092e.jpg;https://www.csfd.cz/film/646-kramerova-versus-kramer/;USA;Drama;Kramerová vs. Kramer;Slavné filmové drama se hned po svém uvedení v amerických a následně i ve světových kinech zařadilo mezi komerčně nejúspěšnější tituly 70. let. Příběh úspěšného reklamního pracovníka Teda Kramera, který po nečekaném odchodu manželky zůstává sám se svým sedmiletým synem, vzniklo podle stejnojmenného románu Averyho Cormana (přeloženého i do češtiny) a svojí tematikou se přesně strefilo do ožehavých problémů neúplné rodiny a ženské emancipace, jež se v té době řešily snad ve všech médiích. Působivě realizovaný film je postaven na bezchybných hereckých výkonech protagonistů titulních úloh, tehdy už zavedené herecké hvězdy Dustina Hoffmana a pomalu ale jistě se prosazující Meryl Streepové. Jim velmi zdařile sekundují i herci v epizodních rolích (zejména Jane Alexanderová v roli rodinné přítelkyně Margaret a Howard Duff jako advokát Shaunessy). Zvláštní zmínku si zaslouží představitel sedmiletého Billyho Justin Henry. Jeho výkon je mimořádně přesvědčivý, k čemuž nepochybně přispělo i režisérovo moudré rozhodnutí natáčet celý film v chronologickém sledu. Za pozornost stojí i promyšlená výtvarná stránka filmu, na níž měl lví podíl francouzský kameraman kubánského původu Nestor Almendros, a využití klasických hudebních motivů z děl Henryho Purcella a Antonia Vivaldiho. Kromě diváckého úspěchu film Kramerová versus Kramer posbíral i desítky nejrůznějších ocenění, mezi nimiž vyniká pět Oscarů (nejlepší film, režie, scénář podle předlohy, mužský herecký výkon v hlavní roli - D. Hoffman, ženský herecký výkon ve vedlejší roli - M. Streepová). Rozhodnutí hollywoodského studia Columbia klasifikovat kvůli lepším oscarovým šancím roli Joanny Kramerové jako vedlejší nakonec paradoxně zabránilo filmu v zisku všech pěti hlavních Oscarů, k čemuž do té doby došlo pouze dvakrát (Stalo se jedné noci - 1934, Přelet nad kukaččím hnízdem - 1975) a potom zatím jen jednou (Mlčení jehňátek - 1991).;19.12.1979 Columbia Pictures US;podle knihy, muž, láska, žena, rodina, otec, děti, matka, rodiče, mládež, manželé, město, touha, syn, chlapec, rivalita, bolest, smutek, nenávist, dilema, naděje, žárlivost, soud, zoufalství, manželství, pocit viny, právníci, hádka, rozvod, závislost, pochyby, iluze, lítost, výčitky svědomí, psychika, rodičovství, výchova dětí, workoholismus, soudní spor;Robert Benton;Dustin Hoffman, Meryl Streep, Jane Alexander, Justin Henry, Howard Duff, George Coe, JoBeth Williams, Bill Moor, Jack Ramage, Howland Chamberlain;https://srv.clickfuse.com/ads/adclkr.php?id=100006636&url=https://tv.apple.com/cz/movie/kramer-vs-kramer/umc.cmc.2ejhhxfkbn2hm6skuojrewp68<br>https://srv.clickfuse.com/ads/adclkr.php?id=100006636&url=https://tv.apple.com/cz/movie/kramer-vs-kramer/umc.cmc.2ejhhxfkbn2hm6skuojrewp68<br>https://apps.apple.com/cz/app/id6755365206<br>https://play.google.com/store/apps/details?id=cz.csfd.csfdroid<br>;Academy Awards (4x)<br>British Academy of Film and Television Arts (BAFTA) (6x)<br>César Awards (1x)<br>Golden Globes (3x)<br>New York Film Critics Circle Awards (2x)<br>;Academy Awards (5x)<br>Golden Globes (4x)<br>Los Angeles Film Critics Association Awards (5x)<br>New York Film Critics Circle Awards (3x)<br>;Avery Corman
7395;Nebeští jezdci;1968;85.2621895124195;92.0;https://image.pmgstatic.com/cache/resized/w420/files/images/film/posters/170/050/170050327_o6ewxo.jpg;https://www.csfd.cz/film/7395-nebesti-jezdci/;Československo;Válečný / Drama;Riders of the Sky;Podzim roku 1942. Posádku bombardéru typu Wellington tvoří první pilot a kapitán letadla Čechoslovák Pavel, druhý pilot Angličan Frank, navigátor Angličan George, telegrafista Kanaďan Tommy a palubní střelci Študent a Prcek, oba Čechoslováci. Noční nálet na Düsseldorf skončí úspěšně a jejich letoun se vrací šťastně na základnu. Takové štěstí už však neměla posádka dalšího letounu, který byl nucen nouzově přistát na moři a je považován za ztracený. Mladičká příslušnice WAAF Patricia odváží posádku do jídelny. Kapitán Pavel i ostatní dobře vědí o jejím vztahu se Študentem a mají pro ně porozumění. V jídelně se setkávají s polskou posádkou letounu, který nouzově přistál na jejich letišti. Večer si všichni jedou do městečka zatančit, uprostřed nejbujnějšího veselí však ohlásí hlídka nepřátelský nálet...;20.12.1968 Ústřední půjčovna filmů;podle knihy, černobílý film, láska, žena, přátelství, přátelé, 20. století, ženy, období 1940-1950, 2. světová válka, vojáci, válka, cizinec (někdo ze zahraničí), letadla, cizinec (neznámý člověk), piloti, letectvo;Jindřich Polák;Jiří Bednář, Jiří Hrzán, Svatopluk Matyáš, Elsie Randolph, Joan Seton, Charles Cameron, Jana Nováková, Gunter Schoß, Winston Chrislock, Vojtěch Holý;https://apps.apple.com/cz/app/id6755365206<br>https://play.google.com/store/apps/details?id=cz.csfd.csfdroid<br>;;;Filip Jánský
197196;Vzpomínky na lásku;2004;85.31922398589066;117.0;https://image.pmgstatic.com/cache/resized/w420/files/images/film/posters/161/931/161931361_557480.jpg;https://www.csfd.cz/film/197196-vzpominky-na-lasku/;Jižní Korea;Drama / Romantický;Nae meorisogui jiugae;Působivý příběh mladé dívky z dobré a honosné rodiny, která se bláznivě zamiluje do jednoho ze zaměstnanců svého otce. Přestože je zklamaná ze svého předchozího vztahu, probudí v ní náhodné setkání s mladým tesařem hluboké city. Zprvu nepřístupný mladík podlehne jejímu nevinnému kouzlu a společně překonají společenské rozdíly, vezmou se a odstěhují se na venkov.Ačkoliv zní tento příběh jako z pohádky, vyústí do kruté reality. Do reality, kterou připravil osud, zcela nečekaně a zcela radikálně. Ale... i když paměť vypíná, hluboký cit zůstává. Tento silný příběh je nejen o lásce, ale také o obrovské síle a víře. A o tom, že zapomenout se nedá, i když tomu osud chce jinak. (charlosina);05.11.2004 CJ Entertainment;láska, manželé, nevyléčitelná nemoc, Alzheimer, něha;Jae-han Lee;Woo-seong Jeong, Ye-jin Son, Jong-hak Baek, Kwang-rok Oh, Joong-ki Kim, Sang-gyoo Park, Hie-ryeong Kim, Ji-hyun Seon, Boo-seon Kim, Min-seong Jeong;/tvurce/65247-stephen-chbosky/prehled/<br>https://apps.apple.com/cz/app/id6755365206<br>https://play.google.com/store/apps/details?id=cz.csfd.csfdroid<br>;;;
8301;Atentát;1964;85.26664145234493;100.0;https://image.pmgstatic.com/cache/resized/w420/files/images/film/posters/166/287/166287276_3673e0.jpg;https://www.csfd.cz/film/8301-atentat/;Československo;Drama / Válečný / Historický / Thriller;The Assassination;Český film o dramatických událostech kolem útoku na jednoho z nejmocnějších mužů Třetí říše Reinharda Heydricha. Od podzimu 1941 vládne nad okupovanými územími Čech a Moravy zastupující říšský protektor Reinhard Heydrich. Jeho krutost vyvolává v zemi velkou nenávist. Exilová československá vláda ve Velké Británii proto na jaře 1942 vybere několik československých parašutistů a pověří je úkolem historického významu. Do rodné země se vydá několik dobře vycvičených paradesantních skupin. Jednu z nich vede nadporučík Král (Radoslav Brzobohatý). Jejich hlavní úkol je nebezpečný, ale jasný: provést atentát na Reinharda Heydricha. Koncem května 1942 se rotmistři Strnad (Rudolf Jelínek) a Vyskočil (Ladislav Mrkvička) připraví v ostré zatáčce v pražské Libni, kudy má projíždět Heydrich v otevřeném mercedesu. Přes potíže se zaseknutým samopalem se nakonec přece jen podaří Heydricha smrtelně zranit. Následují kruté represe, popravy nevinných a zběsilé pátrání po pachatelích... Český film Atentát natočil režisér Jiří Sequens jako pečlivou rekonstrukci událostí, díky nimž Spojenci a světová veřejnost uznali, že Československo s nacistickou okupací nesouhlasí a že jeho legitimní vládu tvoří exilový úřad prezidenta Edvarda Beneše. Provedení atentátu a následné události jsou ve filmu zachyceny věrně podle skutečnosti. Atentátníci ve filmu vystupují pod krycími jmény, která jim byla přidělena ve Velké Británii a na která zněly jejich falešné osobní doklady.;20.08.1965 Ústřední půjčovna filmů;černobílý film, 20. století, období 1940-1950, 2. světová válka, nacisté, nacismus, odboj, Praha, atentát, okupace, Protektorát Čechy a Morava, gestapo, kolaborace, heydrichiáda;Jiří Sequens st.;Radoslav Brzobohatý, Rudolf Jelínek, Ladislav Mrkvička, Luděk Munzar, Jiří Kodet, Josef Vinklář, Siegfried Loyda, Harry Studt, Wolf Goette, Gerhard Rachold;http://www.youtube.com/watch?v=of8EI7RFVKY<br>https://apps.apple.com/cz/app/id6755365206<br>https://play.google.com/store/apps/details?id=cz.csfd.csfdroid<br>;;;
8344;Ve jménu otce;1993;85.27712264150944;133.0;https://image.pmgstatic.com/cache/resized/w420/files/images/film/posters/117/160/117160380_240e76.jpg;https://www.csfd.cz/film/8344-ve-jmenu-otce/;Irsko / Velká Británie / USA;Drama / Životopisný / Thriller;In the Name of the Father;"Politické drama režiséra Jima Sheridana Ve jménu otce se zabývá známým případem tzv. Guilfordské čtyřky. Po atentátu IRA na hospodu v Guilfordu v roce 1974, při němž bylo pět mrtvých a několik desítek těžce raněných, což mělo za následek tvrdá opatření proti terorismu, byli ze zločinu obviněni a odsouzeni čtyři mladí lidé a sedm dalších obžalovaných (včetně dětí) dostalo vysoké tresty za spoluúčast. Až patnáct let po vynesení rozsudku byla v odvolacím soudu pod tlakem veřejného mínění kauza zrušena, ale úplné spravedlnosti nebylo a ani nemohlo být učiněno zadost. Snímek vznikl na základě autobiografické knihy hlavního z odsouzených, Gerryho Conlona, ""Prokázaná nevina"". Ve vyprávění protagonisty se odvíjejí události tak, jak je líčí na kazetě své zástupkyni u odvolacího soudu, advokátce Gareth Peirceové, která měla později hlavní zásluhu na osvobozujícím rozsudku. Jsou tu zachyceny události před atentátem, zadržení domnělých pachatelů, soudní proces, pobyt ve vězení a konečně vítězný odvolací soud. V centru stojí vztah Gerryho k jeho otci, který byl odsouzen spolu s ním a žil s ním v jedné cele, ale který se bohužel svobody nedočkal. Otec jako věřící irský katolík dodržoval zásady Písma a těžce nesl, že jeho syn byl lehkomyslný flákač a zloděj. Generační a rodinný střet je ovšem provázen závěrečným smířením. Film sice jednoznačně odsuzuje praktiky IRA, ale zároveň předkládá jako objektivní fakta tvrzení, jež mohou být zpochybňována. Vychází jen ze subjektivního pohledu oběti a místy až zbytečně démonizuje policejní zvůli. V zásadě však klade důraz na obecně lidské hledisko, prezentované obtížným bojem proti nespravedlnosti.";11.02.1994;podle knihy, muž, 20. století, podle skutečného příběhu, vězení, soud, víra, křesťanství, teroristé, křivé obvinění, období 1970-1980, Irsko, Irská republikánská armáda (IRA);Jim Sheridan;Daniel Day-Lewis, Pete Postlethwaite, Emma Thompson, Mark Sheppard, John Lynch, Saffron Burrows, Jamie Harris, Corin Redgrave, Gerard McSorley, Phil Davis;https://srv.clickfuse.com/ads/adclkr.php?id=100006636&url=https://tv.apple.com/cz/movie/in-the-name-of-the-father/umc.cmc.27ahnmqrtuxqxc2l47lpnflzw<br>https://www.youtube.com/watch?v=qx6Wqy_kxY0<br>https://srv.clickfuse.com/ads/adclkr.php?id=100006636&url=https://tv.apple.com/cz/movie/in-the-name-of-the-father/umc.cmc.27ahnmqrtuxqxc2l47lpnflzw<br>https://www.youtube.com/watch?v=qx6Wqy_kxY0<br>https://apps.apple.com/cz/app/id6755365206<br>https://play.google.com/store/apps/details?id=cz.csfd.csfdroid<br>;Academy Awards (7x)<br>British Academy of Film and Television Arts (BAFTA) (2x)<br>European Film Awards (1x)<br>Golden Globes (4x)<br>Los Angeles Film Critics Association Awards (1x)<br>;Berlinale (Berlin International Film Festival) (1x)<br>;Gerry Conlon
1488;Moderní doba;1936;85.36847767616999;87.0;https://image.pmgstatic.com/cache/resized/w420/files/images/film/posters/000/001/1503_f0eb98.jpg;https://www.csfd.cz/film/1488-moderni-doba/;USA;Komedie / Drama / Romantický;Modern Times;Charles Chaplin a jeho souboj se stroji v éře, která není příliš nakloněna lidem. Společenská satira natáčená ještě v konvencích pantomimy němého období. Protest proti nehumánním aspektům technické civilizace a automatizace lidského života. Film je vybudovaný jako mozaika epizod, každá z nich má vlastní výstavbu gagů, geniálně se v ní uplatňuje smysl pro humor ironii i sarkasmus.;25.02.1936 United Artists;černobílý film, vězení, zloděj, chudoba, satira, sirotek, továrna, groteska;Charlie Chaplin;Charlie Chaplin, Paulette Goddard, Henry Bergman, Tiny Sandford, Chester Conklin, Hank Mann, Stanley Blystone, Al Ernest Garcia, Richard Alexander, Mira McKinney;https://apps.apple.com/cz/app/id6755365206<br>https://play.google.com/store/apps/details?id=cz.csfd.csfdroid<br>;;Jussi Awards (1x)<br>;
812957;Vlkochodci;2020;85.5311778290993;102.0;https://image.pmgstatic.com/cache/resized/w420/files/images/film/posters/164/860/164860300_1c5d29.jpg;https://www.csfd.cz/film/812957-vlkochodci/;Irsko / USA;Animovaný / Dobrodružný / Fantasy / Rodinný;Wolfwalkers;;Na VOD od 11.12.2020 Apple TV+;muž, rodina, dívka, tajemství, otec, děti, rodiče, mládež, záhady, dcera, zbraně, zvířata, cestování, putování, les, divočina, ostrov, příroda, lov, vlkodlaci, vlci, Irsko;Tomm Moore, Ross Stewart;Sean Bean, Honor Kneafsey, Simon McBurney, Maria Doyle Kennedy, Jon Kenny, Nora Twomey, John Morton, Eva Whittaker, Michael McGrath, Alan Slattery;https://srv.clickfuse.com/ads/adclkr.php?id=100006636&url=https://tv.apple.com/cz/movie/wolfwalkers/umc.cmc.amuoq00hqelfi98j0gvg641x<br>https://www.apple.com/cz/apple-tv-plus/<br>https://srv.clickfuse.com/ads/adclkr.php?id=100006636&url=https://tv.apple.com/cz/movie/wolfwalkers/umc.cmc.amuoq00hqelfi98j0gvg641x<br>https://www.csfd.cz/vod/apple-tv/<br>https://apps.apple.com/cz/app/id6755365206<br>https://play.google.com/store/apps/details?id=cz.csfd.csfdroid<br>;Academy Awards (1x)<br>British Academy of Film and Television Arts (BAFTA) (1x)<br>European Film Awards (2x)<br>Golden Globes (1x)<br>Florida Film Critics Circle Awards (1x)<br>Zlín Film Festival (1x)<br>;Los Angeles Film Critics Association Awards (1x)<br>New York Film Critics Circle Awards (1x)<br>Zlín Film Festival (1x)<br>;
1250;Titanic;1997;85.13749883563274;194.0;https://image.pmgstatic.com/cache/resized/w420/files/images/film/posters/167/088/167088422_13ff33.jpg;https://www.csfd.cz/film/1250-titanic/;USA;Drama / Romantický / Historický / Katastrofický;Titanic 3D;V dubnu 1912 vyrazila luxusní zaoceánská loď Titanic z Anglie na svou první, a bohužel i poslední plavbu. Své pasažéry ale do cíle cesty nikdy nedovezla – narazila na ledovec a klesla pod hladinu. Tím začalo drama největší námořní katastrofy v dějinách lidstva. V ledových vodách Atlantiku skončilo mnoho životů a osudů. Mezi nimi byla i jedna láska, která vlastně ani pořádně nezačala. Americký velkofilm v režii Jamese Camerona, oceněný jedenácti Oscary®, katapultoval mezi nejzářivější hvězdy Hollywoodu oba představitele hlavních rolí – Kate Winsletovou a Leonarda DiCapria. (Cinemax);19.12.1997 Paramount Pictures;muž, láska, rodina, smrt, 20. století, dívka, otec, matka, rodiče, strach, mládež, dcera, touha, oběť (autonehody/zločinu), cestování, sny, podle skutečného příběhu, boj o přežití, vášeň, moře, nenávist, naděje, žárlivost, milostný trojúhelník, nehoda, voda, lodě, chudoba, oceán, období 1910-1920, výlet, novověk, snoubenci, malíř, závist, zakázaná láska, třídní boj, katastrofa, Wilhelm scream, domluvené manželství, přístav, loď v ohrožení, ledovec, Titanic;James Cameron;Leonardo DiCaprio, Kate Winslet, Billy Zane, Kathy Bates, Frances Fisher, Gloria Stuart, Bill Paxton, Bernard Hill, David Warner, Victor Garber;https://srv.tunefindforfans.com/showads/track/srvclk.php?aid=100006796&lp=https://www.disneyplus.com/en-cz/browse/entity-ed94de01-f394-4d37-9888-1186bd143ec8<br>https://srv.clickfuse.com/ads/adclkr.php?id=100006636&url=https://tv.apple.com/cz/movie/titanic/umc.cmc.2xfg89gkgo2469x0985e0eqq7<br>https://www.youtube.com/watch?v=PAXvWAWXMv4<br>https://srv.tunefindforfans.com/showads/track/srvclk.php?aid=100006796&lp=https://www.disneyplus.com/en-cz/browse/entity-ed94de01-f394-4d37-9888-1186bd143ec8<br>https://srv.clickfuse.com/ads/adclkr.php?id=100006636&url=https://tv.apple.com/cz/movie/titanic/umc.cmc.2xfg89gkgo2469x0985e0eqq7<br>https://www.youtube.com/watch?v=PAXvWAWXMv4<br>https://apps.apple.com/cz/app/id6755365206<br>https://play.google.com/store/apps/details?id=cz.csfd.csfdroid<br>;Academy Awards (3x)<br>British Academy of Film and Television Arts (BAFTA) (10x)<br>European Film Awards (1x)<br>César Awards (1x)<br>Golden Globes (4x)<br>Los Angeles Film Critics Association Awards (2x)<br>New York Film Critics Circle Awards (1x)<br>The Saturn Awards (2x)<br>;Academy Awards (11x)<br>European Film Awards (1x)<br>Český lev (1x)<br>Amanda Awards (1x)<br>Golden Globes (4x)<br>Critics Choice Awards (1x)<br>Florida Film Critics Circle Awards (1x)<br>Los Angeles Film Critics Association Awards (1x)<br>The Saturn Awards (1x)<br>;
628813;Joker;2019;85.08294305598109;122.0;https://image.pmgstatic.com/cache/resized/w420/files/images/film/posters/163/765/163765982_7d0a9e.jpg;https://www.csfd.cz/film/628813-joker/;USA;Krimi / Drama / Thriller;Joker;Zkrachovalý komediant Arthur Fleck (Joaquin Phoenix) se dlouho pohybuje na tenké hranici mezi realitou a šílenstvím. Jednoho dne se ve svém obleku klauna potuluje po ulicích Gotham City a dostává se do konfliktu s brutálními zloději. Pomalu se roztáčí spirála událostí dosahující hrozivých rozměrů. Všemi opuštěný Fleck se začne čím dál více propadat do hlubin šílenství a postupně se mění v ikonu zločinu, kterou svět brzy bude znát pod jménem Joker. (Vertical Entertainment);04.10.2019 Warner Bros. US;vražda, 20. století, násilí, tajemství, matka, město, podle komiksu, sériový vrah, psychopat, šílenství, paranoia, samota, osamělost, duševní porucha, deprese, období 1980-1990, DC Comics, neo-noir, třídní boj, anarchismus, televizní studio, křivda, klauni, metro, komik, Joker;Todd Phillips;Joaquin Phoenix, Robert De Niro, Zazie Beetz, Frances Conroy, Brett Cullen, Shea Whigham, Bill Camp, Glenn Fleshler, Leigh Gill, Josh Pais;https://www.netflix.com/title/81092221<br>https://www.hbomax.com/cz/en/movies/joker/e37195fe-c232-4ba0-bb9e-c4004279b6fa<br>https://srv.clickfuse.com/ads/adclkr.php?id=100006636&url=https://tv.apple.com/cz/movie/joker/umc.cmc.3xaju2323jxib2du70d9ey4b4<br>https://www.youtube.com/watch?v=ZhAk2f9V3q0<br>https://www.netflix.com/title/81092221<br>https://www.hbomax.com/cz/en/movies/joker/e37195fe-c232-4ba0-bb9e-c4004279b6fa<br>https://srv.clickfuse.com/ads/adclkr.php?id=100006636&url=https://tv.apple.com/cz/movie/joker/umc.cmc.3xaju2323jxib2du70d9ey4b4<br>https://www.youtube.com/watch?v=ZhAk2f9V3q0<br>https://apps.apple.com/cz/app/id6755365206<br>https://play.google.com/store/apps/details?id=cz.csfd.csfdroid<br>;Academy Awards (9x)<br>British Academy of Film and Television Arts (BAFTA) (8x)<br>César Awards (1x)<br>AACTA International Awards (4x)<br>Golden Globes (2x)<br>Critics Choice Awards (5x)<br>Florida Film Critics Circle Awards (2x)<br>The Saturn Awards (4x)<br>Golden Raspberry Awards (Razzies) (1x)<br>;Academy Awards (2x)<br>British Academy of Film and Television Arts (BAFTA) (3x)<br>Robert Awards (Danish Film Awards) (1x)<br>Amanda Awards (1x)<br>Golden Globes (2x)<br>Critics Choice Awards (2x)<br>The Saturn Awards (1x)<br>Venice Film Festival (1x)<br>;
5981;Adéla ještě nevečeřela;1978;85.12485687139133;105.0;https://image.pmgstatic.com/cache/resized/w420/files/images/film/posters/160/422/160422736_896b6f.jpg;https://www.csfd.cz/film/5981-adela-jeste-nevecerela/;Československo;Komedie / Krimi / Sci-Fi;Adéla ještě nevečeřela;Neporazitelný soukromý detektiv Nick Carter přijíždí do Prahy řešit případ, s nímž si zdejší policie neví rady. Je vyzbrojen geniálním mozkem a nejnovějšími převratnými vynálezy, cestou z New Yorku hravě zvádl češtinu. Na místě, zejména v malebných hospůdkách nad orosenou sklenicí, ovšem zjišťuje, že v Čechách všechno chodí trochu jinak než v Americe. Podaří se mu překazit ďábelské plány zločinného hraběte von Kratzmar a zachránit květ nevinnosti líbezné Květušky? Parodii na laciné sešitové detektivky natočil v roce 1977 Oldřich Lipský podle námětu a scénáře Jiřího Brdečky (v té době spolu měli na kontě už několik filmů, zejména nedostižného Limonádového Joea). Při realizaci snímku se sešla celá řada význačných osobností. I do malých rolí obsadil režisér slavné herce, působivé kostýmy navrhl Theodor Pištěk, výtvarnou spoluprací a animací přispěl Jan Švankmajer, hudbu složil Luboš Fišer. Výsledkem je nestárnoucí komedie, kterou je možno vidět opakovaně, neboť se při ní vždy znovu spolehlivě pobavíte.;01.08.1978 Ústřední půjčovna filmů;vyšetřování, pomsta, detektiv, parodie, Praha, rostliny, steampunk, masožravé rostliny;Oldřich Lipský;Michal Dočolomanský, Rudolf Hrušínský, Miloš Kopecký, Václav Lohniský, Ladislav Pešek, Naďa Konvalinková, Květa Fialová, Martin Růžek, Olga Schoberová, Zdeněk Dítě;https://www.netflix.com/title/81289306<br>https://srv.clickfuse.com/ads/adclkr.php?id=100006636&url=https://tv.apple.com/cz/movie/adela-jeste-nevecerela/umc.cmc.44i26p3b63dl1d3dsr1ls1kfz<br>https://www.iprima.cz/filmy/adela-jeste-nevecerela?utm_source=csfd&utm_medium=section_vod&utm_campaign=link_exchange<br>https://www.netflix.com/title/81289306<br>https://srv.clickfuse.com/ads/adclkr.php?id=100006636&url=https://tv.apple.com/cz/movie/adela-jeste-nevecerela/umc.cmc.44i26p3b63dl1d3dsr1ls1kfz<br>https://www.iprima.cz/filmy/adela-jeste-nevecerela?utm_source=csfd&utm_medium=section_vod&utm_campaign=link_exchange<br>https://apps.apple.com/cz/app/id6755365206<br>https://play.google.com/store/apps/details?id=cz.csfd.csfdroid<br>;The Saturn Awards (1x)<br>;The Saturn Awards (1x)<br>Sitges Film Festival (1x)<br>;
1646;Kmotr III;1990;85.08502772643253;162.0;https://image.pmgstatic.com/cache/resized/w420/files/images/film/posters/162/362/162362468_afa001.jpg;https://www.csfd.cz/film/1646-kmotr-iii/;USA;Drama / Krimi;The Godfather: Part III;Člověk financí a politiky. Al Pacino v hlavní roli závěrečné části proslulé mafiánské trilogie. Francis Ford Coppola uzavřel svou mafiánskou trilogii snímkem Kmotr III (1990) po více než patnáctileté odmlce. Začátek jejího děje umístil do roku 1979, tedy plná dvě desetiletí od závěru Kmotra II. Michael Corleone (Al Pacino), nyní šedesátiletý, dál ovládá pevnou rukou své obchodní zájmy. Velmi usilovně se však snaží odpoutat od vlastní kriminální minulosti a své obchody legalizovat. Jeho zájem se přesunul od hazardu k nemovitostem a investičním bankám. A stal se z něho zbožný a vůči církvi nesmírně štědrý člověk, neboť přízeň Vatikánu, kde má několik vysoce postavených přátel, má v jeho proměně v bezúhonného byznysmena sehrát rozhodující úlohu. Jako svého nástupce jmenuje Vincenta Manciniho (Andy Garcia), nelegitimního potomka Sonnyho Corleona. Násilí však z vlastního života nelze jen tak jednoduše vymazat a je jen otázkou času, kdy minulost začne promlouvat do přítomnosti. Na rozdíl od prvních dvou částí vznikal Kmotr III až na několik newyorských scén prakticky celý v Itálii (v exteriérech v Římě a jeho okolí, v sicilském Palermu a Taormině a také v dekoracích postavených ve čtyřech největších ateliérech římského studia Cinecitta). Z klíčových členů štábu zůstali jen kameraman Gordon Willis, výtvarník Dean Tavoularis a samozřejmě spoluautor scénáře Mario Puzo... Třetí díl Kmotra je považován za nejslabší, což ve srovnání s oběma předchozími částmi, jež patří k nejlepším snímkům světové kinematografie (momentálně obsazují druhé a třetí místo ve známé internetové databázi IMDb), neznamená, že to je špatný film. Je třeba ho chápat jako důstojné uzavření ambiciózní filmové série o lidském snu, který zhořkl. Možná největším paradoxem je někdejší tvrzení, že komerční filmy ve stylu Kmotra umožňovaly Coppolovi realizaci mnohem osobnějších projektů, jakým byl např. Rozhovor. Dnes je nad slunce jasnější, že právě Kmotr a jeho pokračování tvoří bezesporu Coppolovo nejosobnější dílo. Ve světle tohoto faktu blednou i výtky, jež se na Kmotra III snesly po jeho uvedení a jež se soustředily vedle vatikánské dějové linie zejména na obsazení režisérovy dcery Sofie do klíčové role Michaelovy dcery Mary (v důsledku onemocnění Winony Ryderové těsně před natáčením). Americká akademie film ocenila sedmi oscarovými nominacemi (nejlepší film, režie, kamera, výprava, střih, píseň a herecký výkon ve vedlejší roli - A. Garcia). Všechny nominace však zůstaly neproměněny, neboť rok 1990 se stal rokem Costnerova westernu Tanec s vlky. (Česká televize);25.12.1990 Paramount Pictures;podle knihy, rodina, smrt, vražda, 20. století, násilí, otec, rodiče, město, dcera, vrah, oběť (autonehody/zločinu), peníze, zrada, gangsteři, mafie, gang, podsvětí (svět zločinu), náboženství, New York, víra, opera, posedlost, nájemný vrah, Itálie, období 1970-1980, dědictví, období 1980-1990, církev, obchod (transakční), Sicílie, cosa nostra;Francis Ford Coppola;Al Pacino, Diane Keaton, Talia Shire, Andy Garcia, Eli Wallach, Joe Mantegna, George Hamilton, Bridget Fonda, Sofia Coppola, Raf Vallone;https://www.netflix.com/title/81603987<br>https://www.skyshowtime.com/cz/stream/movies/kmotr-iii/ef1bde4e-1143-30c4-88e9-07f4ace60ef3<br>https://srv.clickfuse.com/ads/adclkr.php?id=100006636&url=https://tv.apple.com/cz/movie/the-godfather-coda-the-death-of-michael-corleone/umc.cmc.3swfmkx3564nbwvr39sxnqs2k<br>https://www.youtube.com/watch?v=Icb5qk3Scso<br>http://www.ceskatelevize.cz<br>http://www.ceskatelevize.cz<br>https://www.netflix.com/title/81603987<br>https://www.skyshowtime.com/cz/stream/movies/kmotr-iii/ef1bde4e-1143-30c4-88e9-07f4ace60ef3<br>https://srv.clickfuse.com/ads/adclkr.php?id=100006636&url=https://tv.apple.com/cz/movie/the-godfather-coda-the-death-of-michael-corleone/umc.cmc.3swfmkx3564nbwvr39sxnqs2k<br>https://www.youtube.com/watch?v=Icb5qk3Scso<br>https://apps.apple.com/cz/app/id6755365206<br>https://play.google.com/store/apps/details?id=cz.csfd.csfdroid<br>;Academy Awards (7x)<br>Golden Globes (7x)<br>The Saturn Awards (1x)<br>;The Saturn Awards (1x)<br>Golden Raspberry Awards (Razzies) (2x)<br>;
32115;Velký flám;1966;85.16103807243047;132.0;https://image.pmgstatic.com/cache/resized/w420/files/images/film/posters/164/703/164703164_904bf2.jpg;https://www.csfd.cz/film/32115-velky-flam/;Francie / Velká Británie;Komedie / Válečný;La Grande Vadrouille;Letadlo plné britských letců se omylem dostane až nad okupovanou Paříž a je sestřeleno. Každý z nich pak požádá o pomoc jednoho civilistu. Malíř pokojů, dirigent opery, krásná blondýnka a odvážná jeptiška se tak setkávají na cestě napříč sladkou Francií, když prchají před německými vojáky. Autem, letadlem, vlakem, pařížskými kanály, dokonce i v sudu. Tohle bude VELKÝ FLÁM! (Hollywood Classic Entertainment (H.C.E.));08.12.1966 StudioCanal;20. století, útěk, období 1940-1950, 2. světová válka, nacisté, opera, Paříž, hotel, vlak, letadla, piloti, okupace, podzemí;Gérard Oury;Bourvil, Louis de Funès, Claudio Brook, Andréa Parisy, Colette Brosset, Mike Marshall, Mary Marquet, Pierre Bertin, Benno Sterzenbach, Marie Dubois;https://apps.apple.com/cz/app/id6755365206<br>https://play.google.com/store/apps/details?id=cz.csfd.csfdroid<br>;;;
1837;My Fair Lady;1964;85.18152341466008;170.0;https://image.pmgstatic.com/cache/resized/w420/files/images/film/posters/164/948/164948556_eb93de.jpg;https://www.csfd.cz/film/1837-my-fair-lady/;USA;Komedie / Drama / Muzikál / Romantický;My Fair Lady;"Slavný film George Cukora My Fair Lady, ověnčený v roce 1964 celkem osmi Oscary, vychází z úspěšného broadwayského muzikálu, inspirovaného hrou anglického dramatika a mistra chytrého humoru G. B. Shawa ""Pygmalion"" (tato hra se poprvé ocitla na filmovém plátně již v roce 1938). Příběh květinářky Lízy Doolittleové a profesora Henryho Higginse, který se vsadí, že z prostého chudého děvčete udělá pravou dámu, splnil očekávání producentů a brzy po svém uvedení vydělal dvojnásobek výrobních nákladů ve výši 17 milionů dolarů. Oproti originální předloze se tu dočkáme i tolik žádaného šťastného konce. Rex Harrison si svoji úlohu zahrál již na Broadwayi a později v Londýně, zatímco Audrey Hepburnová vystřídala na přání producenta broadwayskou divadelní hvězdu Julii Andrewsovou. Pro tu bylo jistě satisfakcí oscarové ocenění téhož roku za hlavní roli v muzikálu Mary Poppins, když její sokyně vyšla naprázdno. Přestože je ve zpívaných pasážích Audrey Hepburnová dabována, přispěl její křehký půvab, uvolněnost a smysl pro muzikálové herectví k úspěchu snímku, který dodnes učí další generace, v čem je podstata kvalitního scénického provedení muzikálu. Bohatá výprava a kostýmy, krásné melodie a vynikající herecké výkony a navíc nově restaurovaná kopie – to vše činí z tohoto filmu ojedinělý sváteční zážitek. (Česká televize)";25.12.1964 Warner Bros. US;láska, žena, přátelství, přátelé, 20. století, podle divadelní hry, období 1910-1920, ples;George Cukor;Audrey Hepburn, Rex Harrison, Stanley Holloway, Wilfrid Hyde-White, Gladys Cooper, Jeremy Brett, Theodore Bikel, Bill Shirley, Alan Napier, Monika Henreid;/tvurce/94904-mona-washbourne/prehled/<br>http://www.ceskatelevize.cz<br>http://www.ceskatelevize.cz<br>https://apps.apple.com/cz/app/id6755365206<br>https://play.google.com/store/apps/details?id=cz.csfd.csfdroid<br>;Academy Awards (4x)<br>British Academy of Film and Television Arts (BAFTA) (1x)<br>Golden Globes (2x)<br>New York Film Critics Circle Awards (2x)<br>;Academy Awards (8x)<br>British Academy of Film and Television Arts (BAFTA) (1x)<br>Golden Globes (3x)<br>New York Film Critics Circle Awards (2x)<br>;
142019;Zlo mezi námi;2003;85.18141870684244;113.0;https://image.pmgstatic.com/cache/resized/w420/files/images/film/posters/000/038/38370_808711.jpg;https://www.csfd.cz/film/142019-zlo-mezi-nami/;Švédsko;Drama;Zlo;Dramatický příběh o překonání lidského zla, o přátelství a zrodu lásky Erikovi je 18 let a jeho životem se táhne linie násilí a konfliktů. Po vyhození ze školy, je poslán na internátní školu Stjärnsberg. Ta má být poslední šancí jak jej odtrhnout od starého života a vrátit zpět ke studiu. Na internátě se ale dá zlu těžko uniknout - panuje zde systematický teror páchaný na mladších studentech. Dokáže Erik zlu čelit, aniž by porušil pravidla a riskoval tak své vyloučení a celou budoucnost? Zlo mezi námi je dramatický příběh o mezilidském násilí, ale také o opravdovém přátelství a zrodu lásky.;26.09.2003 Columbia TriStar Films Swe.;podle knihy, láska, násilí, děti, mládež, chlapec, škola, pomsta, učitel, studenti, šikana, zlo, internátní škola, plavání;Mikael Håfström;Andreas Wilson, Henrik Lundström, Gustaf Skarsgård, Linda Zilliacus, Jesper Salén, Filip Berg, Fredrik af Trampe, Richard Danielsson, Martin Svane, Rustan Blomqvist;https://apps.apple.com/cz/app/id6755365206<br>https://play.google.com/store/apps/details?id=cz.csfd.csfdroid<br>;Academy Awards (1x)<br>Guldbagge Awards (4x)<br>;Robert Awards (Danish Film Awards) (1x)<br>Guldbagge Awards (3x)<br>Shanghai International Film Festival (2x)<br>;Jan Guillou
8755;JFK;1991;85.1903165735568;189.0;https://image.pmgstatic.com/cache/resized/w420/files/images/film/posters/167/398/167398531_569bd6.jpg;https://www.csfd.cz/film/8755-jfk/;USA / Francie;Drama / Historický / Thriller;JFK;Neworleanský státní zástupce Jim Garrison od počátku nevěří oficiální verzi o atentátu na prezidenta Kennedyho potvrzené zprávou Warrenovy komise, která vraždu označila za akt jedince. Podle jeho přesvědčení byl Lee Harvey Oswald pouze nastrčenou figurkou a atentát byl dílem spiknutí pravicových kruhů. Garrison s týmem spolupracovníků zkoumá všechny dostupné obrazové záznamy dallaského atentátu, jež potvrzují teorii o více střelcích. Další svědectví ho přivádějí na stopu skupinky pravicových kubánských emigrantů, ale nitky možného spiknutí vedou ještě dál k vysokým představitelům CIA a vojensko-průmyslového komplexu, kteří se obávali, že prezident Kennedy se po svém znovuzvolení odhodlá stáhnout americká vojska z Vietnamu. Řada výpovědí tuto teorii podporuje, ale nikdo nechce svědčit před soudem. Otřesen dalšími atentáty na Martina Luthera Kinga a Roberta Kennedyho, se Garrison rozhodne obžalovat uhlazeného kubánského obchodníka Claye Shawa z přípravy spiknutí proti prezidentovi USA. Tento zatím jediný soudní proces v souvislosti s atentátem na Kennedyho má negativní ohlas ve sdělovacích prostředcích a Shaw je nakonec pro nedostatek důkazů osvobozen. Otazníky kolem atentátu, který možná změnil moderní světové dějiny, stále zůstávají...;20.12.1991 Warner Bros. US;muž, rodina, smrt, přátelství, přátelé, vražda, 20. století, tajemství, policie, strach, manželé, město, záhady, zbraně, vyšetřování, oběť (autonehody/zločinu), pátrání, gay, peníze, politika, manipulace, intriky, podle skutečného příběhu, kolegové, zrada, vězení, mrtvola, doktoři, LGBTQ+, naděje, ostrov, soud, agenti, homosexualita, paranoia, politik, konspirace, období 1960-1970, svědek, iluze, soudce, prezident, atentát, CIA, partyzáni, tajná organizace, sniper, Texas, Karibik, Kuba;Oliver Stone;Kevin Costner, Kevin Bacon, Tommy Lee Jones, Laurie Metcalf, Gary Oldman, John Larroquette, Beata Poźniak Daniels, Michael Rooker, Ron Rifkin, Jay O. Sanders;https://srv.clickfuse.com/ads/adclkr.php?id=100006636&url=https://tv.apple.com/cz/movie/jfk/umc.cmc.2vfwthklnj7is008ffuz414rw<br>https://srv.clickfuse.com/ads/adclkr.php?id=100006636&url=https://tv.apple.com/cz/movie/jfk/umc.cmc.2vfwthklnj7is008ffuz414rw<br>https://apps.apple.com/cz/app/id6755365206<br>https://play.google.com/store/apps/details?id=cz.csfd.csfdroid<br>;Academy Awards (6x)<br>British Academy of Film and Television Arts (BAFTA) (2x)<br>Golden Globes (3x)<br>;Academy Awards (2x)<br>British Academy of Film and Television Arts (BAFTA) (2x)<br>Golden Globes (1x)<br>;
9876;Ben Hur;1959;85.15898597438802;212.0;https://image.pmgstatic.com/cache/resized/w420/files/images/film/posters/158/283/158283630_38b57b.jpg;https://www.csfd.cz/film/9876-ben-hur/;USA;Dobrodružný / Drama / Historický;Ben-Hur;Film, který získal nevídaných jedenáct Oscarů a stal se jedním z nejúspěšnějších filmů všech dob. Ben Hur je mírumilovný syn z významného židovského rodu, který je nešťastnou shodou okolností odsouzen na galeje a po mnoha útrapách si musí svoji svobodu vybojovat zpět v šíleném závodě kvadrig se sadistickým římanem Messalou...;18.11.1959 Metro-Goldwyn-Mayer (MGM);podle knihy, láska, žena, rodina, smrt, přátelství, přátelé, násilí, děti, matka, strach, město, dcera, syn, útěk, zbraně, pomsta, peníze, vojáci, lež, pronásledování, zrada, vězení, souboje, nemoc, moře, válka, nenávist, armáda, naděje, víra, nespravedlnost, voda, lodě, oceán, koně, křesťanství, křivé obvinění, poušť, bitva, Židé, mučení, odboj, svoboda, odpuštění, závody, poprava, sluha, starověký Řím, výcvik, Arabové, bouře, jezero, trest smrti, otroctví, vzpoura, Meč a sandály, námořnictvo, statečnost, slib, judaismus, křivda, druhá šance, Ježíš, císař, palác, vězeňská vzpoura, námořní pěchota;William Wyler;Charlton Heston, Jack Hawkins, Haya Harareet, Stephen Boyd, Hugh Griffith, Martha Scott, Cathy O'Donnell, Sam Jaffe, Finlay Currie, Frank Thring;https://srv.clickfuse.com/ads/adclkr.php?id=100006636&url=https://tv.apple.com/cz/movie/ben-hur/umc.cmc.523sgjwmhal494z5qfp0xz51g<br>https://www.youtube.com/watch?v=rYn2JJV_ja8<br>https://srv.clickfuse.com/ads/adclkr.php?id=100006636&url=https://tv.apple.com/cz/movie/ben-hur/umc.cmc.523sgjwmhal494z5qfp0xz51g<br>https://www.youtube.com/watch?v=rYn2JJV_ja8<br>https://apps.apple.com/cz/app/id6755365206<br>https://play.google.com/store/apps/details?id=cz.csfd.csfdroid<br>;Academy Awards (1x)<br>Golden Globes (1x)<br>New York Film Critics Circle Awards (2x)<br>The Saturn Awards (1x)<br>;Academy Awards (11x)<br>British Academy of Film and Television Arts (BAFTA) (1x)<br>Golden Globes (3x)<br>New York Film Critics Circle Awards (1x)<br>;Lew Wallace
5307;Norimberský proces;1961;85.31789381691064;186.0;https://image.pmgstatic.com/cache/resized/w420/files/images/film/posters/160/832/160832433_dca7f6.jpg;https://www.csfd.cz/film/5307-norimbersky-proces/;USA;Drama / Historický / Válečný;Judgment at Nuremberg;"Spravedlnost je slepá. A tak někdy narazí.... Píše se rok 1948. V německém městě Norimberk pokračují procesy s nacistickými válečnými zločinci. Ti nejvyšší již své rozsudky vyslyšeli, teď jsou však na řadě lidé, kteří „jen"" sloužili režimu. Jednomu z poválečných tribunálů předsedá penzionovaný americký soudce Haywood (Spencer Tracy). O svém poslání si nedělá žádné iluze: ví, že největší případy už proběhly a lidé v Německu i Americe se raději ohlížejí dopředu než dozadu. Přesto se Haywood svého úkolu chopí s cílem dobrat se objektivního poznání o tom, jakou vinu na zvrácenostech nacistické říše nesou běžní občané. Před tribunálem se navíc ocitli Haywoodovi kolegové, všichni čtyři obžalovaní totiž sami vykonávali soudcovskou praxi. Z moci svého úřadu odsuzovali lidi k smrti na základě jejich politického přesvědčení nebo rasové příslušnosti. Nejvýše postaveným byl Ernst Janning (Burt Lancaster), který se vypracoval až na říšského ministra spravedlnosti. Čtveřice bývalých nacistů má však mimořádně schopného obhájce... Film režiséra Stanleyho Kramera je již klasickým dílem, které se pokouší vyrovnat s nelehkou otázkou: jaký podíl nesou jednotliví „obyčejní"" lidé na zvěrstvech druhé světové války, potažmo na každém totalitním politickém systému? Jako ideální se v tomto směru ukázal žánr soudního dramatu. Třebaže se většina děje odehrává v uzavřeném prostoru soudní síně, neztrácí film ani na chvíli strhující tempo. (Česká televize)";19.12.1961 United Artists;muž, černobílý film, žena, smrt, 20. století, manželé, město, období 1940-1950, 2. světová válka, politika, vojáci, rivalita, vězení, válka, nenávist, dilema, armáda, soud, nacisté, manželství, diskriminace, právníci, nacismus, politik, výslech, rasismus, hádka, předsudky, svědek, svědectví, spravedlnost, soudce, Německo, poprava, holocaust, trest smrti, byt, trest, vězeň, genocida, válečné zločiny, antisemitismus, soudní spor, soudní síň, vězeňská cela, systémový rasismus, překladatel, tlumočník;Stanley Kramer;Spencer Tracy, Burt Lancaster, Richard Widmark, Marlene Dietrich, Maximilian Schell, Judy Garland, Montgomery Clift, William Shatner, Werner Klemperer, Kenneth MacKenna;http://www.ceskatelevize.cz<br>http://www.ceskatelevize.cz<br>https://apps.apple.com/cz/app/id6755365206<br>https://play.google.com/store/apps/details?id=cz.csfd.csfdroid<br>;Academy Awards (9x)<br>British Academy of Film and Television Arts (BAFTA) (3x)<br>Golden Globes (4x)<br>New York Film Critics Circle Awards (1x)<br>;Academy Awards (2x)<br>Golden Globes (2x)<br>New York Film Critics Circle Awards (2x)<br>;
944;Lepší už to nebude;1997;85.06924007026669;139.0;https://image.pmgstatic.com/cache/resized/w420/files/images/film/posters/158/961/158961557_c12457.jpg;https://www.csfd.cz/film/944-lepsi-uz-to-nebude/;USA;Komedie / Drama / Romantický;As Good as It Gets;Melvin Udall je úspěšný spisovatel kýčovitých románků. Žije sám na Manhattanu a s požitkem znepříjemňuje život všem v okolí. Tradiční oběti Melvinova mrzoutství je jeho soused - talentovaný umělec Simon. Vhodným objektem pro zlomyslné kousky je hned ze dvou důvodů. Za prvé je homosexuál a za druhé má psa, kterého Melvin upřímně nesnáší. Svými uštěpačnými poznámkami umí spisovatel znechutit kohokoliv. Pouze protřelá číšnice Carol Connellyová má jazyk dost ostrý na to, aby dokázala svérázného zákazníka usadit. Když se Melvin dozví, že má těžce nemocného syna, rozhodne se jí pomoci. Stejně jako před nedávnem pomohl Simonovi, který se stal obětí loupežného přepadení. Během jeho pobytu v nemocnici se mu Melvin postaral o psa. Proč se ze starého mrzouta stává lidumil? Chybí mu kvalitní obsluha při každodenní snídani v restauraci? Nebo se do Carol zamiloval a chce na ni udělat dojem? Pokud ano, ze strany těžce zkoušené číšnice rozhodně nejde o vysněný romantický vztah...;25.12.1997 TriStar Pictures;láska, matka, syn, gay, psi, stáří, sousedi, výlet, duševní porucha, babička;James L. Brooks;Jack Nicholson, Helen Hunt, Greg Kinnear, Cuba Gooding Jr., Skeet Ulrich, Shirley Knight, Yeardley Smith, Lupe Ontiveros, Bibi Osterwald, Jaffe Cohen;https://srv.clickfuse.com/ads/adclkr.php?id=100006636&url=https://tv.apple.com/cz/movie/as-good-as-it-gets/umc.cmc.748368npxb0ckdx6q6i3zj4xu<br>https://www.youtube.com/watch?v=P3P2LVmVSj8<br>https://srv.clickfuse.com/ads/adclkr.php?id=100006636&url=https://tv.apple.com/cz/movie/as-good-as-it-gets/umc.cmc.748368npxb0ckdx6q6i3zj4xu<br>https://www.youtube.com/watch?v=P3P2LVmVSj8<br>https://apps.apple.com/cz/app/id6755365206<br>https://play.google.com/store/apps/details?id=cz.csfd.csfdroid<br>;Academy Awards (5x)<br>Amanda Awards (1x)<br>Golden Globes (3x)<br>Los Angeles Film Critics Association Awards (2x)<br>;Academy Awards (2x)<br>Golden Globes (3x)<br>Critics Choice Awards (1x)<br>Florida Film Critics Circle Awards (1x)<br>;
2355;Philadelphia;1993;85.01620502764386;125.0;https://image.pmgstatic.com/cache/resized/w420/files/images/film/posters/159/401/159401349_30e5e2.jpg;https://www.csfd.cz/film/2355-philadelphia/;USA;Drama;Philadelphia;Andrew Beckett je právník. Mladý, brilantní právník. Homosexuál, infikovaný virem HIV. Svou nemoc dlouho tají, přesvědčen o tom, že s jeho službou klientům nesouvisí. A pak je jednoho dne propuštěn, údajně pro pracovní neschopnost. Ale Andy ví, proč přišel o místo. Připravily ho o ní předsudky, strach, panika a odpor. Diskriminace. Ví, že jeho čas je sečten, ale nevzdává se. Hledá právníka, který by mu pomohl v procesu s jeho mateřskou firmou - a nachází. Černý Joe Miller není tak úspěšný, jako býval Andy, ale jeho vytrvalá víra v právo z něj činí ideálního spojence. Přesto se však zdráhá přijmout Beckettův případ. Stejně jako obžalovaní, jako porota, jako všichni ostatní, i on nemá rád homosexuály, oškliví si je a štítí se AIDS. A snad právě pro svůj odpor nakonec přijímá, přesvědčen o tom, že ve městě, kde byla vyhlášena americká ústava, zaručují rovnost všech, nelze tento boj vzdát. Soudní spor začíná... Inspiraci k natočení filmu bylo údajně onemocnění blízkého přítele režiséra J. Demmeho na AIDS. (Guild);14.01.1994 TriStar Pictures;muž, smrt, město, gay, vztahy, nemoc, LGBTQ+, bolest, mezilidské vztahy, umírání, soud, nespravedlnost, diskriminace, právníci, předsudky, nevyléčitelná nemoc, soudce, homofobie, kancelář, AIDS, virus HIV, soudní spor, soudní síň, porota (u soudu), lidská společnost, vyhazov, pracovní vztahy, Pensylvánie;Jonathan Demme;Tom Hanks, Denzel Washington, Roberta Maxwell, Daniel Chapman, Mark Sorensen Jr., Jeffrey Williamson, Charles Glenn, Ron Vawter, Anna Deavere Smith, Stephanie Roth Haberle;https://srv.clickfuse.com/ads/adclkr.php?id=100006636&url=https://tv.apple.com/cz/movie/philadelphia/umc.cmc.5vc9nwsxjjgh04ry6gdvnplq9<br>https://www.youtube.com/watch?v=csiF4zhHKJw<br>https://srv.clickfuse.com/ads/adclkr.php?id=100006636&url=https://tv.apple.com/cz/movie/philadelphia/umc.cmc.5vc9nwsxjjgh04ry6gdvnplq9<br>https://www.youtube.com/watch?v=csiF4zhHKJw<br>https://apps.apple.com/cz/app/id6755365206<br>https://play.google.com/store/apps/details?id=cz.csfd.csfdroid<br>;Academy Awards (3x)<br>British Academy of Film and Television Arts (BAFTA) (1x)<br>Golden Globes (1x)<br>Berlinale (Berlin International Film Festival) (1x)<br>;Academy Awards (2x)<br>Golden Globes (2x)<br>Berlinale (Berlin International Film Festival) (1x)<br>;
4567;Musíme si pomáhat;2000;84.97960308710033;120.0;https://image.pmgstatic.com/cache/resized/w420/files/images/film/posters/161/278/161278057_6fda76.jpg;https://www.csfd.cz/film/4567-musime-si-pomahat/;Česko;Komedie / Drama / Válečný;Musíme si pomáhať;Velmi úspěšná okupační komedie je dalším společným dílem autorské dvojice scenáristy Petra Jarchovského a režiséra Jana Hřebejka. Tvůrci se dívají na tragické období českých dějin s odstupem, s komediální nadsázkou i s porozuměním pro lidskou slabost. V místy až překvapivě napínavém příběhu vycházejí ze skutečných epizod, jež se odehrály během protektorátu. Smutným hrdinou vyprávění je maloměstský penzionovaný úředník Josef Čížek, který pod tlakem okolností schová ve svém bytě mladého židovského uprchlíka. Situaci mu značně komplikuje zejména čechoněmecký kolaborant Prohaska, který nadbíhá jeho půvabné ženě Marii. Určitou smířlivostí k různým typům postojů českých lidí vůči okupantům, jež je ostatně naznačena již názvem, vyvolal snímek polemiku. Ta však byla zcela zastíněna obrovským diváckým ohlasem i řadou cen z domácích i zahraničních filmových akcí. Film získal mj. pět Českých lvů a Cenu české filmové kritiky a byl nominován na Oscara v kategorii cizojazyčných filmů.;Na Blu-ray od 23.06.2021 Magic Box;podle knihy, muž, žena, přátelství, přátelé, 20. století, ženy, období 1940-1950, 2. světová válka, nevěra, těhotenství, nacisté, období 1930-1940, Židé, okupace, holocaust, ulice, Protektorát Čechy a Morava, králíci, kolaborace;Jan Hřebejk;Bolek Polívka, Anna Šišková, Csongor Kassai, Jaroslav Dušek, Martin Huba, Jiří Pecha, Simona Stašová, Richard Tesařík, Karel Heřmánek, Vladimír Marek;https://www.hbomax.com/cz/en/movies/divided-we-fall/a545d665-792f-4a5f-a860-eac5a849c946<br>https://www.iprima.cz/filmy/musime-si-pomahat?utm_source=csfd&utm_medium=section_vod&utm_campaign=link_exchange<br>https://www.youtube.com/watch?v=78ZOv5oAndA<br>https://www.hbomax.com/cz/en/movies/divided-we-fall/a545d665-792f-4a5f-a860-eac5a849c946<br>https://www.iprima.cz/filmy/musime-si-pomahat?utm_source=csfd&utm_medium=section_vod&utm_campaign=link_exchange<br>https://www.youtube.com/watch?v=78ZOv5oAndA<br>http://www.ceskatelevize.cz/specialy/musimesipomahat/<br>https://apps.apple.com/cz/app/id6755365206<br>https://play.google.com/store/apps/details?id=cz.csfd.csfdroid<br>;Academy Awards (1x)<br>Český lev (2x)<br>;Český lev (6x)<br>Ceny Asociace českých kameramanů (AČK) (1x)<br>;Petr Jarchovský
8542;Kulový blesk;1978;84.98772615692336;82.0;https://image.pmgstatic.com/cache/resized/w420/files/images/film/posters/161/473/161473007_b29a1d.jpg;https://www.csfd.cz/film/8542-kulovy-blesk/;Československo;Komedie;Ball Lightning;Komedie o dvanáctinásobné směně bytů, kterou její organizátor, advokát Radosta, právem nazval Akce kulový blesk. Připravit, zorganizovat a provést výměnu dvanácti bytů je dílo hodné mistra. Tím ovšem dr. Radosta, jehož excelentně ztvárnil Rudolf Hrušínský, také je. Náhlé těžkosti a komplikace řeší s grácií za pochodu a pro jistotu, aby se v den D všechno povedlo, provede malou generální zkoušku, která odhalí mnohé. Objeví se rovněž drobné problémy, způsobené např. svatbou objednanou na nevhodný termín nebo váháním některých účastníků akce. Zmatek, jenž málem zhatí celou operaci, vyvolá noční cvičení, vyhlášené opilým psychologem Knotkem...;01.08.1979 Ústřední půjčovna filmů;děti, doktoři, svatba, stáří, zpěv, právníci, sousedi, stěhování, Praha, klavírista, housle, psycholog, vynálezce, sklep;Ladislav Smoljak, Zdeněk Podskalský st.;Rudolf Hrušínský, Karel Kalaš, Josef Abrhám, Daniela Kolářová, Bedřich Prokoš, Zita Kabátová, Milada Ježková, Ladislav Smoljak, Zdeněk Svěrák, Karolina Slunéčková;https://www.iprima.cz/filmy/kulovy-blesk?utm_source=csfd&utm_medium=section_vod&utm_campaign=link_exchange<br>https://www.iprima.cz/filmy/kulovy-blesk?utm_source=csfd&utm_medium=section_vod&utm_campaign=link_exchange<br>https://apps.apple.com/cz/app/id6755365206<br>https://play.google.com/store/apps/details?id=cz.csfd.csfdroid<br>;;;
7275;Páni kluci;1975;85.04677464395421;87.0;https://image.pmgstatic.com/cache/resized/w420/files/images/film/posters/160/785/160785759_a92790.jpg;https://www.csfd.cz/film/7275-pani-kluci/;Československo;Dobrodružný / Rodinný / Komedie;Páni kluci;Tři nerozluční kamarádi Tomáš, Jožka a tulák Hubert žijí v poklidném městečku Levín počátkem století. Tomáš žije u energické tety Apoleny a strýce Václava, kterým pořádně koření život. Jemu zase dělá naschvály bratranec Štěpán, žalobník a zlomyslný kluk. Po pozdním příchodu a následném trestu před celou třídou se Tomáš rozhodne získat odměnu pro nejlepšího žáka. Začne od spolužáků za různé protislužby dostávat pochvalné lístečky, ale pořád jich má málo. Za pomoci Huberta vniknou s Jožkou do ředitelny, kde se zásobí lístečky. Na školní slavnosti ale kluci svým vítězstvím vzbudí poprask a jsou ředitelem a učitelem Lopatou a zamčeni v kabinetě, než se rozhodne, co s nimi bude dál. Hubert jim však pomůže ven a všichni se rozhodnou pro útěk na místní hrad Pokštejn. Cestou hodí své šaty do řeky, aby vzbudili zdání, že se utopili. Druhý den je v městečku poprask utopili se tři kluci a navíc někdo vyloupil místní záložnu! Kluci na hradě najdou poklad ale jak to, že jsou v něm současné peníze?;01.03.1976 Ústřední půjčovna filmů;podle knihy, žena režisérka, přátelství, děti, útěk, peníze, učitel, 19. století, loupež, vlak, základní škola, hrad, naschvály;Věra Plívová-Šimková;Michael Dymek, Petr Voříšek, Petr Starý, Magdalena Reifová, Jitka Chalupníková, David Vlček, Bohumil Luxík, Iva Janžurová, Zdena Hadrbolcová, Josef Somr;https://www.iprima.cz/filmy/pani-kluci?utm_source=csfd&utm_medium=section_vod&utm_campaign=link_exchange<br>https://www.ceskatelevize.cz/porady/17961-pani-kluci?utm_source=csfd&utm_medium=section_vod&utm_campaign=link<br>https://www.iprima.cz/filmy/pani-kluci?utm_source=csfd&utm_medium=section_vod&utm_campaign=link_exchange<br>https://www.ceskatelevize.cz/porady/17961-pani-kluci?utm_source=csfd&utm_medium=section_vod&utm_campaign=link<br>https://apps.apple.com/cz/app/id6755365206<br>https://play.google.com/store/apps/details?id=cz.csfd.csfdroid<br>;;Zlín Film Festival (1x)<br>;Mark Twain
49569;Fimfárum Jana Wericha;2002;85.02654176424669;100.0;https://image.pmgstatic.com/cache/resized/w420/files/images/film/posters/167/021/167021690_5395e0.png;https://www.csfd.cz/film/49569-fimfarum-jana-wericha/;Česko;Animovaný / Loutkový / Pohádka / Povídkový / Fantasy;;"Celovečerné animované pásmo na motívy rovnomennej knihy Jana Wericha. Vtipné i poučné rozprávanie o veciach rozprávkových i každodenných, o čertoch, zázrakoch, ale aj o úplne obyčajných ľudských slabostiach a chytráctvach. Výtvarné poňatie bábkových príbehov presne vystihuje humor a atmosféru rozprávok ""Fimfárum"", ""Až opadá listí z dubu"", ""Franta Nebojsa"", ""Splněný sen"" a ""Lakomá Barka"", ktoré Jan Werich narozprával na gramofónovú platňu v šesťdesiatych rokoch a knižne vydal pod titulom Fimfárum.";Na DVD od 01.11.2003 Bontonfilm;podle knihy, sázka, peklo, čerti;Vlasta Pospíšilová, Aurel Klimt;Jan Werich, Ota Jirák;https://www.ceskatelevize.cz/porady/1092744155-fimfarum-jana-wericha?utm_source=csfd&utm_medium=section_vod&utm_campaign=link<br>https://www.ceskatelevize.cz/porady/1092744155-fimfarum-jana-wericha?utm_source=csfd&utm_medium=section_vod&utm_campaign=link<br>http://www.ceskatelevize.cz/specialy/fimfarum/fimfarum1/<br>https://apps.apple.com/cz/app/id6755365206<br>https://play.google.com/store/apps/details?id=cz.csfd.csfdroid<br>;Český lev (3x)<br>;Český lev (1x)<br>;Jan Werich
5612;Metropolis;1927;85.15942726507039;153.0;https://image.pmgstatic.com/cache/resized/w420/files/images/film/posters/169/415/169415788_h3q4oe.jpg;https://www.csfd.cz/film/5612-metropolis/;Německá říše;Sci-Fi / Drama;Metropolis;Obyvatelé města Metropolis žijí v přísně dvoutřídní společnosti. Nad zemí se odehrává život bohatých a privilegovaných a v podzemí je svět vykořisťovaných dělníků. Joh Fredersen, vládce města, tahá za nitky a ovládá srdce systému města Metropolis. Jeho syn Freder jako jediný z privilegovaných zpochybňuje panující nerovnost a vydává se do dělnického města pomoct andělské Marii. Jeho autoritativní otec se však snaží jakékoliv povstání potlačit a nařizuje vynálezci Rotwangovi, aby vytvořil Mariina robotického dvojníka, který by pomohl dělníky zničit. Monumentální němá klasika Fritze Langa je považována za prototyp dystopických sci-fi filmů, který svým obsahem i vizuálním stylem ovlivnil mnoho dalších děl. (Film Europe);10.01.1927 ufa;podle knihy, černobílý film, němý film, únos, párty, postapokalyptická budoucnost, sledování, roboti, třídní boj, katastrofa, antiutopie, apokalypsa, vynálezce, umělá inteligence, destrukce, šílený vědec, ničení, sabotáž, kyberpunk, striptérka, revoluce, proroctví, povodeň, vykořisťování, Smrťák, lynč, záplava, retrofuturismus, kázání, dekadence, strojovna, směs žánrů;Fritz Lang;Alfred Abel, Gustav Fröhlich, Rudolf Klein-Rogge, Fritz Rasp, Theodor Loos, Erwin Biswanger, Brigitte Helm, Fritz Alberti, Grete Berger, Olly Boeheim;https://apps.apple.com/cz/app/id6755365206<br>https://play.google.com/store/apps/details?id=cz.csfd.csfdroid<br>;The Saturn Awards (3x)<br>Golden Raspberry Awards (Razzies) (2x)<br>;New York Film Critics Circle Awards (1x)<br>The Saturn Awards (2x)<br>;Thea von Harbou
36567;Bídníci;1958;85.1287161601063;217.0;https://image.pmgstatic.com/cache/resized/w420/files/images/film/posters/160/870/160870308_7ace1d.jpg;https://www.csfd.cz/film/36567-bidnici/;Francie / Východní Německo / Itálie;Drama;Les Misérables;"Hlavním hrdinou románu Victora Huga je Jean Valjean, který byl pro nepatrnou krádež chleba poslán na galeje, kde prožil devatenáct let svého života. Jako navždy poznamenaný člověk se vrací zpět do života. Setkání s monsignorem Myrielem, biskupem proslulým svou prostotou a nákloností k chudým, osudově poznamenává celý jeho život, další Valjeanovy činy, charakter se už nikdy nezpronevěří tomuto setkání s čistotou a dobrem. Jean Valjean, vězeň číslo 24601... Mezi nejznámější a nejoblíbenější díla francouzského básníka, spisovatele Victora Huga patří bezesporu román ""Bídníci"" z roku 1862. Jedním z nejúspěšnějších filmových Jeanů Valjeanů byl Jean Gabin, který ztvárnil tuto postavu v přepisu režiséra Jeana-Paula Le Chanoise z r. 1957. Po jeho boku se v roli nesmiřitelného Javerta objevil Bernard Blier, Bourvil, Serge Reggiani. (Česká televize)";16.01.1959 Progress Film-Verleih;podle knihy, 19. století;Jean-Paul Le Chanois;Jean Gabin, Bernard Blier, Bourvil, Lucien Baroux, Gerhard Bienert, Christian Fourcade, Danièle Delorme, Jean Murat, Jacques Marin, Silvia Monfort;http://www.ceskatelevize.cz<br>http://www.ceskatelevize.cz<br>https://apps.apple.com/cz/app/id6755365206<br>https://play.google.com/store/apps/details?id=cz.csfd.csfdroid<br>;;;Victor Hugo
5104;Frigo na mašině;1926;85.23507462686567;79.0;https://image.pmgstatic.com/cache/resized/w420/files/images/film/posters/170/120/170120687_kz6rxl.jpg;https://www.csfd.cz/film/5104-frigo-na-masine/;USA;Komedie / Romantický / Dobrodružný / Válečný / Akční;The General;;15.01.1927 United Artists;černobílý film, útěk, němý film, vojáci, únos, les, armáda, vlak, snoubenci, špioni, občanská válka, groteska, statečnost;Buster Keaton, Clyde Bruckman;Buster Keaton, Marion Mack, Glen Cavender, Jim Farley, Frederick Vroom, Joe Keaton, Frank Hagney, Edward Hearn, Eddie Foster, Al St. John;https://srv.clickfuse.com/ads/adclkr.php?id=100006636&url=https://tv.apple.com/cz/movie/the-general/umc.cmc.6de1w3fmaggxhxfpen10h62th<br>https://srv.clickfuse.com/ads/adclkr.php?id=100006636&url=https://tv.apple.com/cz/movie/the-general/umc.cmc.6de1w3fmaggxhxfpen10h62th<br>https://apps.apple.com/cz/app/id6755365206<br>https://play.google.com/store/apps/details?id=cz.csfd.csfdroid<br>;The Saturn Awards (1x)<br>;;
433329;Ten den přijde;2016;85.50248756218906;110.0;https://image.pmgstatic.com/cache/resized/w420/files/images/film/posters/160/630/160630876_f04e52.jpg;https://www.csfd.cz/film/433329-ten-den-prijde/;Dánsko;Drama;Der kommer en dag;;21.04.2016 Nordisk Film Den.;násilí, děti, matka, strach, útěk, chlapec, učitel, bratři, naděje, krádež, šikana, sirotek, tělesné postižení, internátní škola, sirotčinec, dětský domov;Jesper W. Nielsen;Lars Mikkelsen, Sofie Gråbøl, Harald Kaiser Hermann, Albert Rudbeck Lindhardt, Laurids Skovgaard Andersen, Lars Ranthe, Søren Sætter-Lassen, David Dencik, Sonja Richter, Solbjørg Højfeldt;https://apps.apple.com/cz/app/id6755365206<br>https://play.google.com/store/apps/details?id=cz.csfd.csfdroid<br>;Robert Awards (Danish Film Awards) (5x)<br>;Robert Awards (Danish Film Awards) (6x)<br>Norwegian International Film Festival Haugesund (1x)<br>;
43582;Poslední samuraj;2003;84.87759541229978;148.0;https://image.pmgstatic.com/cache/resized/w420/files/images/film/posters/164/059/164059793_0ee836.jpg;https://www.csfd.cz/film/43582-posledni-samuraj/;USA / Nový Zéland / Japonsko;Akční / Dobrodružný / Drama;The Last Samurai;Nathan Algren se stal hrdinou občanské války a tažení proti indiánům. V roce 1876 je z něj však troska a alkoholik. Poručík Gant ho přivede na setkání s japonským průmyslníkem Omurou, který mu nabídne práci při výcviku modernizované japonské armády. V Japonsku čeká Nathana tlumočník Simon Graham, který mu vysvětlí, že mladý císař Meidži chce otevřít zemi západní civilizaci, proti sobě však má rebely z řad samurajů, kteří brání dávné japonské tradice. Když rebelové, vedení samurajem Kacumotem, napadnou železniční stanici, dostane jednotka příkaz k nasazení do boje. Je poražena a těžce zraněný Nathan je zajat. Kacumoto ho ubytuje u své sestry, manželky samuraje, kterého Nathan v boji zabil. Žena o zraněného pečuje jen s velkým přemáháním, ale on se snaží pochopit mentalitu vesničanů i samurajů a učí se bojovat jejich zbraněmi. Překvapivě zde nalézá klid, po kterém vždy toužil. Když je vesnice napadena maskovanými bojovníky, postaví se na stranu obyvatel. Definitivně se přitom sblíží s Kacumotem a pochopí, že se nepostavil proti císaři, ale podle svého nejlepšího svědomí mu stále slouží. Když je samuraj pod záminkou jednání vlákán do pasti, Nathan ho osvobodí. Kacumotovi je jasné, že bitvu o záchranu císaře a tradičního Japonska prohrál, a chce spáchat harakiri. Nathan ho však přesvědčí, že lepší je padnout v boji. Poslední samurajové tedy vyjíždějí do bitvy a Nathan je odhodlán bojovat po jejich boku. (TV Nova);05.12.2003 Warner Bros. US;bitva, samurajové, povstání, období 1870-1880;Edward Zwick;Ken Watanabe, Tom Cruise, William Atherton, Timothy Spall, Chad Lindberg, Billy Connolly, Tony Goldwyn, Masato Harada, Kojuki Kató, Šun Sugata;https://srv.clickfuse.com/ads/adclkr.php?id=100006636&url=https://tv.apple.com/cz/movie/the-last-samurai/umc.cmc.4vzvtd5vh1p5isy91y7zsj0y9<br>https://www.youtube.com/watch?v=vbgjXzelRbk<br>https://srv.clickfuse.com/ads/adclkr.php?id=100006636&url=https://tv.apple.com/cz/movie/the-last-samurai/umc.cmc.4vzvtd5vh1p5isy91y7zsj0y9<br>https://www.youtube.com/watch?v=vbgjXzelRbk<br>https://apps.apple.com/cz/app/id6755365206<br>https://play.google.com/store/apps/details?id=cz.csfd.csfdroid<br>;Academy Awards (4x)<br>Golden Globes (3x)<br>Critics Choice Awards (3x)<br>The Saturn Awards (5x)<br>;;
8221;Volný pád;1993;84.96494276982082;113.0;https://image.pmgstatic.com/cache/resized/w420/files/images/film/posters/159/630/159630184_fb9c54.jpg;https://www.csfd.cz/film/8221-volny-pad/;USA / Francie / Velká Británie;Drama / Krimi / Psychologický / Thriller;Falling Down;"Je 12. června 1991. Za nesnesitelného horka uvízly v dopravní zácpě uprostřed Los Angeles desítky řidičů. Nervozita a napětí houstne, až jednomu z nich povolí nervy. William Foster vystoupí z vozu a se slovy ""Jdu domů!"" se vydá na cestu z níž, jak se později ukáže, není návratu. V okamžiku, kdy mu arogantní prodavač odmítne vyhovět a rozměnit na telefon, se totiž osobní vzpoura muže nazývaného dále jen D-Fens (defence = angl. obrana) mění v pomstu. Pomstu světu, městu, společnosti, lidem. Baseballovou pálku, jeho první zbraň postupně nahradí nože, puška, samopal. Jeho cesta je stále víc destruktivní, zůstávají za ním trosky a později i mrtví. A přesto jej plně chápete, protože dělá to, co byste často nejraději udělali sami. Po stopách tragického hrdiny se vydává policista Prendergast, který má právě odejít do výslužby. Přestože chápe, co se odehrává ve Fosterově nitru, je přesvědčen, že ho musí zastavit.";26.02.1993 Warner Bros. US;muž, rodina, násilí, otec, rodiče, policie, manželé, město, dcera, zbraně, pomsta, nenávist, krádež, loupež, nespravedlnost, léto, přepadení, rozvod, Kalifornie, Los Angeles, vzpoura systému, finanční krize;Joel Schumacher;Michael Douglas, Robert Duvall, Barbara Hershey, Rachel Ticotin, Tuesday Weld, Frederic Forrest, Lois Smith, Joey Hope Singer, Ebbe Roe Smith, Michael Paul Chan;https://apps.apple.com/cz/app/id6755365206<br>https://play.google.com/store/apps/details?id=cz.csfd.csfdroid<br>;Cannes Film Festival (1x)<br>;;
33362;Vinnetou;1963;84.89901477832512;97.0;https://image.pmgstatic.com/cache/resized/w420/files/images/film/posters/170/317/170317347_pc8scf.jpg;https://www.csfd.cz/film/33362-vinnetou/;Západní Německo / Jugoslávie / Itálie;Western / Dobrodružný;Winnetou - 1. Teil;"Rozlehlou prérií amerického Západu duní výbuchy dynamitových náloží. Napříč územím indiánského kmene Apačů Mescallerů se staví dráha pro ""železného oře"". Porušením smlouvy s indiány chce dobrodruh Santer ušetřit peníze, které do stavby železnice vložila společnost Great Western. Neváhá se spojit s Kiowy, odvěkými nepřáteli Apačů. Cestu mu však zkříží mladý inženýr, přezdívaný Old Shatterhand, který byl vyslán, aby dohlédnul na dodržení původních plánů. Není však již příliš pozdě?";11.12.1963 Constantin Film;podle knihy, láska, žena, rodina, přátelství, přátelé, vražda, dívka, otec, dcera, syn, útěk, zbraně, vrah, peníze, zrada, souboje, 19. století, naděje, soud, zranění, koně, přestřelka, dobrodruh, vlak, indiáni, rukojmí, Divoký západ, řeka, svoboda, odpuštění, bandité, trest smrti, běh, druhá šance, železnice, Apači, prérie, bizoni;Harald Reinl;Lex Barker, Pierre Brice, Mario Adorf, Marie Versini, Walter Barnes, Ralf Wolter, Milivoj Popovič-Mavid, Branko Špoljar, Nikša Stefanini, Dunja Rajter;https://apps.apple.com/cz/app/id6755365206<br>https://play.google.com/store/apps/details?id=cz.csfd.csfdroid<br>;;;Karl May
108769;Mach a Šebestová k tabuli!;1985;84.98747028207929;69.0;https://image.pmgstatic.com/cache/resized/w420/files/images/film/posters/000/377/377245_9de2a5.jpg;https://www.csfd.cz/film/108769-mach-a-sebestova-k-tabuli/;Československo;Animovaný / Komedie / Rodinný;;Žáci III. B. Mach a Šebestová a jejich věrný pes Jonatán prožili svá legrační i poučná dobrodružství již v roce 1976 ve snímku O utrženém sluchátku. Právě toto kouzelné sluchátko dokáže splnit každé přání. Celovečerní film vznikl z třinácti krátkých snímků televizního seriálu spojených krátkými dotáčkami. Školáci využívají kouzelného sluchátka vždy jen pro dobrou věc, a tak i když občas něco zkazí, nakonec vše dopadne tak, jak to má v pohádkovém vyprávění být. Poslední nově natočený díl je o jejich dětech Machovi a Machové, kteří s pomocí sluchátka pomohou věčným repetentům Horáčkovi a Pažoutovi.;Na DVD od 01.10.2004 Bontonfilm;podle knihy, přátelé, psi, kouzla, základní škola, přání;Miloš Macourek, Jaroslav Doubrava, Adolf Born;Petr Nárožný;https://www.ceskatelevize.cz/porady/23856-mach-a-sebestova-k-tabuli?utm_source=csfd&utm_medium=section_vod&utm_campaign=link<br>https://www.youtube.com/watch?v=XvgA441esx4<br>https://www.ceskatelevize.cz/porady/23856-mach-a-sebestova-k-tabuli?utm_source=csfd&utm_medium=section_vod&utm_campaign=link<br>https://www.youtube.com/watch?v=XvgA441esx4<br>https://apps.apple.com/cz/app/id6755365206<br>https://play.google.com/store/apps/details?id=cz.csfd.csfdroid<br>;;;Miloš Macourek
7197;Malý velký muž;1970;84.9309781801989;147.0;https://image.pmgstatic.com/cache/resized/w420/files/images/film/posters/167/226/167226531_e557ed.jpg;https://www.csfd.cz/film/7197-maly-velky-muz/;USA;Western / Drama / Komedie / Dobrodružný;Little Big Man;Jacku Crabbovi je asi sto dvacet let, když reportérovi začíná vyprávět příběh svého života. Jako malý kluk byl po přepadení skupiny osídlenců západu vychován kmenem Čejenů. Pak se vrací zpátky mezi bílé a stává se pistolníkem a obchodníkem. Později si bere za ženu indiánku. Když je kmen, mezi jehož členy žije, vyvražděn, nechává se najmout jako stopař armády, kterou vede úhlavní nepřítel indiánů – generál George Armstrong Custer… Scénář k slavnému filmu napsal Calder Willingham podle románu spisovatele Thomase Bergera. Společně s ním režisér Arthur Penn pojal svůj western velmi neobvyklým způsobem. Prokládá vše humorem, ironií a burleskními prvky. Příběh Jacka Crabba přitom zachycuje část americké historie druhé poloviny devatenáctého století bez příchuti všech zbytečných mýtů. Podobně jako jiný slavný snímek Tanec s vlky, opouští tradici hodných bělochů a zlých indiánů, kreslí americké občany rudé pleti jako důstojné lidské bytosti, jako národ s vlastní civilizací, který musel projít nelítostnou genocidou. Film zaujme zpracováním, realistickou i poetickou kamerou, hereckými výkony a dodnes patří mezi nejlepší díla tohoto žánru. Roli Jacka Crabba pozoruhodným způsobem ztvárnil Dustin Hoffman. V dalších úlohách se představí Faye Dunawayová a Martin Balsam. (Česká televize);23.12.1970 National General Pictures;podle knihy, vražda, vzpomínky, vojáci, svatba, indiáni, Divoký západ, kovbojové;Arthur Penn;Dustin Hoffman, Faye Dunaway, náčelník Dan George, Martin Balsam, Richard Mulligan, Jeff Corey, William Hickey, Aimee Eccles, Kelly Jean Peters, Jesse Vint;http://www.ceskatelevize.cz<br>http://www.ceskatelevize.cz<br>https://apps.apple.com/cz/app/id6755365206<br>https://play.google.com/store/apps/details?id=cz.csfd.csfdroid<br>;Academy Awards (1x)<br>British Academy of Film and Television Arts (BAFTA) (3x)<br>Golden Globes (1x)<br>;New York Film Critics Circle Awards (1x)<br>;Thomas Berger
5999;Happy end;1967;85.00777202072538;71.0;https://image.pmgstatic.com/cache/resized/w420/files/images/film/posters/168/376/168376475_2nc7fn.jpg;https://www.csfd.cz/film/5999-happy-end/;Československo;Komedie / Experimentální;Šťastný konec(neoficiální název);Lidé zde chodí pozpátku, koně skáčou přes překážky pozpátku, smrt se stává zrozením a naopak, při jídle vycházejí potraviny lidem z úst na talíř… Jen tak se může stát, že po dopadu se ostří gilotiny zvedne, odsouzencova hlava opět sedí na krku a odsouzenec – řezník Bedřich Frydrych obživne, neboli podle jeho vlastního komentáře „se za poněkud zvláštních okolností narodí“. Pozoruhodná na Happy endu ovšem zůstává hlavně základní myšlenka pracující s tím, že zpětným chodem se divák dopracuje ke zcela protikladnému vnímání původního významu: rozřezávaná manželka je „složena“, smrt se jeví jako zrození, pohřeb tchána jako „doručení“ v rakvi… Především se však tragický – a banální – příběh podváděného manžela-vraha mění v nevšední komedii s dobrým koncem. (KVIFF.TV);01.09.1967 Ústřední půjčovna filmů;černobílý film, smrt, vražda, trest smrti;Oldřich Lipský;Vladimír Menšík, Jaroslava Obermaierová, Josef Abrhám, Bohuš Záhorský, Stella Zázvorková, Jiří Steimar, Martin Růžek, Bedřich Prokoš, Josef Hlinomaz, Jaroslav Štercl;https://apps.apple.com/cz/app/id6755365206<br>https://play.google.com/store/apps/details?id=cz.csfd.csfdroid<br>;;;
12036;Dva muži ve městě;1973;85.03947368421052;90.0;https://image.pmgstatic.com/cache/resized/w420/files/images/film/posters/000/011/11008_698d4f.jpg;https://www.csfd.cz/film/12036-dva-muzi-ve-meste/;Francie / Itálie;Krimi / Drama;Deux hommes dans la ville;Bankovní lupič Gino Strabliggi strávil deset let ve vězení, měl tedy spoustu času k úvahám. Rozhodl se nadále žít poctivě. Vychovatel Cazaneuve mu věřil, přimluvil se tedy, aby Gina podmínečně propustili. Na toho čeká nejen manželka, ale i bývalí kumpáni. Bývalý kriminálník je pevně rozhodnut nesklouznout do starých kolejí, kontakt s podsvětím odmítá. Pracuje v tiskárně, stále se stýká s moudrým Cazaneuvem. Jednoho dne však zasáhne krutý osud - Gino ztrácí milovanou ženu. Navíc po něm pase policejní inspektor, který ho kdysi dostal za mříže. Je totiž přesvědčen, že lidé se nemohou od základu změnit, a špehuje Gina na každém kroku...;25.10.1973 Valoria Films;muž, láska, žena, přátelé, násilí, policie, vězení, krádež, zloděj, loupež, soud, nehoda, Paříž, autonehoda, poprava, bankovní loupež, banka, trest smrti, inspektor, vězeňská vzpoura;José Giovanni;Jean Gabin, Alain Delon, Mimsy Farmer, Victor Lanoux, Cécile Vassort, Ilaria Occhini, Guido Alberti, Malka Ribowska, Christine Fabréga, Gérard Depardieu;https://www.ceskatelevize.cz/porady/10147287056-dva-muzi-ve-meste?utm_source=csfd&utm_medium=section_vod&utm_campaign=link<br>https://www.ceskatelevize.cz/porady/10147287056-dva-muzi-ve-meste?utm_source=csfd&utm_medium=section_vod&utm_campaign=link<br>https://apps.apple.com/cz/app/id6755365206<br>https://play.google.com/store/apps/details?id=cz.csfd.csfdroid<br>;;;
129496;Hrob světlušek;1988;85.03918379417418;89.0;https://image.pmgstatic.com/cache/resized/w420/files/images/film/posters/170/425/170425808_iqrb9e.jpg;https://www.csfd.cz/film/129496-hrob-svetlusek/;Japonsko;Animovaný / Drama / Válečný;Hotaru no haka;Ponurý příběh vypráví o dvou sourozencích, kteří se snaží přežít hrůzy Druhé světové války. Seita a jeho malá sestřička Setsuko jsou ponecháni osudu, když jejich maminka zemře na následky zranění po ničivém bombardování. Otec slouží u japonského námořnictva, ale rodina od něj už dlouhou dobu nedostala žádné zprávy. Dětí se ujme teta, avšak kvůli častým neshodám Seita se Setsuko odchází. Najdou si přístřeší, ale obstarat dostatek jídla je téměř nemožné... Hrob světlušek je založen na stejnojmenném románu podle skutečných událostí Akiyuki Nosaky. Bývá považován za jeden z nejpůsobivějších protiválečných snímků. V kinech byl promítán společně s pohádkovým anime Můj soused Totoro, který měl diváky po traumatickém zážitku povzbudit. (Fabienne);28.08.2025 Piece of Magic Entertainment;20. století, anime, období 1940-1950, 2. světová válka, sirotek, protiválečný;Isao Takahata;Cutomu Tacumi, Ajano Širaiši, Jošiko Šinohara, Acuo Omote, Akemi Jamaguči, Tadaši Nakamura, Hiroši Tanaka, Mičio Denpó, Keiko Ueda, Teruhisa Harita;https://www.netflix.com/title/557010<br>/novinky/6372-studio-ghibli-zamiri-na-netflix/<br>/novinky/6372-studio-ghibli-zamiri-na-netflix/<br>/novinky/6372-studio-ghibli-zamiri-na-netflix/<br>https://www.netflix.com/title/557010<br>https://apps.apple.com/cz/app/id6755365206<br>https://play.google.com/store/apps/details?id=cz.csfd.csfdroid<br>;;;
9878;Velká země;1958;85.11203319502074;165.0;https://image.pmgstatic.com/cache/resized/w420/files/images/film/posters/162/405/162405745_9d1d0a.jpg;https://www.csfd.cz/film/9878-velka-zeme/;USA;Western / Drama / Romantický;The Big Country;Bývalý námořní kapitán James McKay přijede na Západ se svou snoubenkou Patricií Terrillovou. Mladá žena je dcerou nejmocnějšího muže v kraji, majitele obrovského ranče Henryho Terrilla. James se budoucímu tchánovi zamlouvá, ovšem jen do chvíle, kdy odmítne bránit se proti násilí. Do tohoto kraje ruka zákona nedosáhne a muži musejí často bojovat s honáky Terrillova konkurenta Rufuse Hannasseyho. V sázce je totiž drahocenná voda, kterou oba rančeři potřebují pro svůj dobytek. Nenávist mezi oběma rody vrcholí a schyluje se k válce. James neví, jak to na Divokém západě chodí, přesto však stále odmítá změnit své zásady. Jen málokdo vidí, že je v mnoha ohledech statečnějším mužem než místní rváči a siláci... Klasický film Williama Wylera vznikl v roce 1958. Je ukázkou toho, že i western lze vytvořit bez zbytečné surovosti, s důrazem na hloubku charakterů a přitom divácky přitažlivě. Své samozřejmě sehrálo vynikající herecké obsazení s Gregorym Peckem v čele.;V TV od 20.05.1967 Československá televize;podle knihy, láska, žena, rodina, smrt, přátelství, přátelé, otec, dcera, syn, zbraně, zvířata, cestování, pomsta, venkov, únos, souboje, nenávist, naděje, milostný trojúhelník, zranění, voda, koně, přestřelka, hotel, farma, poušť, Divoký západ, odpuštění, loajalita, pistolníci, krávy, kovbojové, ranč, dostavník, prérie;William Wyler;Gregory Peck, Jean Simmons, Carroll Baker, Charlton Heston, Burl Ives, Charles Bickford, Alfonso Bedoya, Chuck Connors, Chuck Hayward, Richard Alexander;https://srv.clickfuse.com/ads/adclkr.php?id=100006636&url=https://tv.apple.com/cz/movie/the-big-country/umc.cmc.1oc3yuqz5wusb2bsr3bcvu7q8<br>https://www.youtube.com/watch?v=C1UIqoGB1a4<br>https://srv.clickfuse.com/ads/adclkr.php?id=100006636&url=https://tv.apple.com/cz/movie/the-big-country/umc.cmc.1oc3yuqz5wusb2bsr3bcvu7q8<br>https://www.youtube.com/watch?v=C1UIqoGB1a4<br>https://apps.apple.com/cz/app/id6755365206<br>https://play.google.com/store/apps/details?id=cz.csfd.csfdroid<br>;Academy Awards (1x)<br>British Academy of Film and Television Arts (BAFTA) (1x)<br>;Academy Awards (1x)<br>Golden Globes (1x)<br>;Donald Hamilton
12058;Jean od Floretty;1986;85.14686768910839;120.0;https://image.pmgstatic.com/cache/resized/w420/files/images/film/posters/159/803/159803624_6a0de0.jpg;https://www.csfd.cz/film/12058-jean-od-floretty/;Francie / Švýcarsko / Itálie;Drama;Jean de Florette;"Kraj kolem Aubagne, vyprahlé podhůří Alp, nedává jeho obyvatelům velkou příležitost k obživě. Vše závisí na dostatku vody a kvalitě půdy. Horké slunce a práce tvrdá jako kamení na polích formují charaktery lidí, kteří jsou často velmi neúprosní k sobě, stejně jako k ostatním. César se svým synovcem Ugolinem se těší, že lacino vykoupí majetek po zemřelém sousedovi. Jeho pozemek má totiž cenu zlata, je na něm pramen, o kterém zdánlivě nikdo neví... Nejrozsáhlejší prózou francouzského spisovatele Marcela Pagnola je jeho dvoudílný román ""Živá voda"". Vrací se v něm, tak jako ve většině svých děl, do rodného kraje Provence, okolí městečka Aubagne blízko Marseille. V roce 1952 Pagnol svůj román sám zfilmoval pod názvem Manon od pramene. O třicet let později francouzský režisér Claude Berri vytvořil novou dvoudílnou adaptaci. Scénář napsal spolu s Gérardem Brachem, ke kameře si pozval renomovaného kameramana Bruna Nuyttena. Také při hereckém obsazování měl režisér šťastnou ruku: pro Yvese Montanda byla role Césara jednou z životních příležitostí a Daniel Auteuil získal za interpretaci prosťáčka Ugolina francouzskou prestižní cenu Césara. Hvězdné obsazení doplňuje Gérard Depardieu a půvabná Emmanuelle Béartová. (Česká televize)";27.08.1986 AMLF;podle knihy, venkov, vesnice, voda, závist, sabotáž;Claude Berri;Yves Montand, Gérard Depardieu, Daniel Auteuil, Elisabeth Depardieu, Margarita Lozano, Ernestine Mazurowna, Roger Souza, Chantal Liennel, Armand Meffre, Marcel Champel;http://www.ceskatelevize.cz<br>http://www.ceskatelevize.cz<br>https://apps.apple.com/cz/app/id6755365206<br>https://play.google.com/store/apps/details?id=cz.csfd.csfdroid<br>;British Academy of Film and Television Arts (BAFTA) (6x)<br>César Awards (7x)<br>Golden Globes (1x)<br>New York Film Critics Circle Awards (1x)<br>;British Academy of Film and Television Arts (BAFTA) (4x)<br>César Awards (1x)<br>;Marcel Pagnol
9797;Svědek obžaloby;1957;85.22485410230003;116.0;https://image.pmgstatic.com/cache/resized/w420/files/images/film/posters/165/541/165541006_2b9338.jpg;https://www.csfd.cz/film/9797-svedek-obzaloby/;USA;Krimi / Drama / Mysteriózní / Thriller;Svědek pro obžalobu;Ve hře je těžký hrdelní zločin, proto obžalovaný zaslouží tu nejlepší obhajobu... Napínavé drama ze soudní síně Svědek obžaloby bývá divadelními kritiky označováno za nejlepší divadelní hru legendární anglické spisovatelky Agathy Christie (1890–1976). V divadelní hře rozvedla zápletku stejnojmenné krátké povídky. Premiéra proběhla v roce 1953 na prknech londýnského divadla Winter Garden Theatre, o rok později se hra dočkala uvedení na Broadwayi. Tam slavila ještě větší divácký úspěch, proto o námět rychle projevili zájem filmoví producenti. Zakázku na zfilmování divadelní hry přijal jeden z nejvýznamnějších režisérů tehdejší doby Billy Wilder. Ten se poměrně věrně držel divadelní předlohy, zásadní rozdíl ale představuje ztvárnění postavy respektovaného právníka Sira Wilfrida Robartse. Slavný britský herec Charles Laughton ve filmu oproti seriózní podobě v předloze představuje osobitého lišáka, který srší hláškami a sarkasmem. Nejzkušenější soudní obhájce v Londýně se ujímá komplikovaného případu mladého muže, který byl obviněn z brutální vraždy starší zámožné vdovy. V roli obžalovaného naposledy zazářil na stříbrném plátně populární herec zlaté éry Hollywoodu Tyrone Power, který později tragicky zesnul při natáčení filmu Šalamoun a královna ze Sáby (1959). Obžalovaný Leonard Vole trvá na své nevině a díky svému osobnímu kouzlu dokáže přesvědčit mistra beznadějných případů, aby mu u soudu pomohl dokázat, že představuje spíš oběť než chladnokrevného vraha. Sir Robarts vymyslí důmyslný plán obhajoby, který ale fatálně závisí na výpovědi Leonardovy německé manželky Christine. V typické roli osudové ženy se zde představila Marlene Dietrichová. Její výpověď pod přísahou v soudní síni zcela změní průběh šetření a vede k mnoha šokujícím zvratům. Rameno spravedlnosti se totiž může načas vychýlit, pravda ale nakonec stejně vyjde najevo. (Česká televize);06.02.1958 United Artists;podle knihy, muž, černobílý film, žena, smrt, vražda, tajemství, podle divadelní hry, záhady, lež, soud, právníci, přistěhovalci, imigrace, svědek, svědectví, soudce, femme fatale, soudní síň, státní zástupce;Billy Wilder;Tyrone Power, Marlene Dietrich, Charles Laughton, Elsa Lanchester, John Williams, Henry Daniell, Ian Wolfe, Torin Thatcher, Norma Varden, Una O'Connor;https://srv.clickfuse.com/ads/adclkr.php?id=100006636&url=https://tv.apple.com/cz/movie/witness-for-the-prosecution/umc.cmc.53tk0gpaaqophux9ex7ad5ucl<br>https://www.youtube.com/watch?v=1I8lO1ttW3c<br>http://www.ceskatelevize.cz<br>http://www.ceskatelevize.cz<br>https://srv.clickfuse.com/ads/adclkr.php?id=100006636&url=https://tv.apple.com/cz/movie/witness-for-the-prosecution/umc.cmc.53tk0gpaaqophux9ex7ad5ucl<br>https://www.youtube.com/watch?v=1I8lO1ttW3c<br>https://apps.apple.com/cz/app/id6755365206<br>https://play.google.com/store/apps/details?id=cz.csfd.csfdroid<br>;Academy Awards (6x)<br>British Academy of Film and Television Arts (BAFTA) (1x)<br>Golden Globes (4x)<br>;Golden Globes (1x)<br>;Agatha Christie
251188;X-Men: První třída;2011;84.76997358112416;126.0;https://image.pmgstatic.com/cache/resized/w420/files/images/film/posters/159/482/159482650_ad34a4.jpg;https://www.csfd.cz/film/251188-x-men-prvni-trida/;USA;Akční / Dobrodružný / Sci-Fi / Thriller;X-Men: First Class;X-Men: První třída se dějově se vrací ještě před film X-Men Origins: Wolverine a odehrává se v polovině minulého století. V době, kdy mladý Charles Xavier (James McAvoy) a Erik Lensherr (Michael Fassbender) byli velmi blízcí přátelé a teprve odkrývali své jedinečné schopnosti. V době studené války, kdy společně s dalšími mutanty museli čelit největší hrozbě, jakou kdy zatím lidstvo poznalo. Proč se ale z nejlepších přátel stali nepřátelé na život a na smrt? Co předcházelo okamžiku, kdy se z Charlese stal Profesor X a z Erika Magneto? Válka mezi X-Meny a Bratrstvem začíná!;03.06.2011 20th Century Fox;vražda, matka, pomsta, válka, podle komiksu, agenti, diskriminace, superhrdina, trénink, Marvel Comics, výcvik, mutanti, CIA, studená válka, zbraně hromadného ničení, Miami, telepatie, teleportace, Wolverine, X-Men, Professor X, Magneto, Beast (Marvel Comics), Mystique;Matthew Vaughn;James McAvoy, Michael Fassbender, Jennifer Lawrence, Kevin Bacon, January Jones, Nicholas Hoult, Rose Byrne, Lucas Till, Edi Gathegi, Jason Flemyng;https://srv.tunefindforfans.com/showads/track/srvclk.php?aid=100006796&lp=https://www.disneyplus.com/en-cz/browse/entity-9f9e9ae3-88d8-467b-8969-28d253cc4687<br>https://srv.clickfuse.com/ads/adclkr.php?id=100006636&url=https://tv.apple.com/cz/movie/x-men-first-class/umc.cmc.61skusxhpa1uk2zap430x01j3<br>https://www.youtube.com/watch?v=nUxrOsGb_W4<br>https://srv.tunefindforfans.com/showads/track/srvclk.php?aid=100006796&lp=https://www.disneyplus.com/en-cz/browse/entity-9f9e9ae3-88d8-467b-8969-28d253cc4687<br>https://srv.clickfuse.com/ads/adclkr.php?id=100006636&url=https://tv.apple.com/cz/movie/x-men-first-class/umc.cmc.61skusxhpa1uk2zap430x01j3<br>https://www.youtube.com/watch?v=nUxrOsGb_W4<br>https://apps.apple.com/cz/app/id6755365206<br>https://play.google.com/store/apps/details?id=cz.csfd.csfdroid<br>;The Saturn Awards (1x)<br>;The Saturn Awards (1x)<br>;
407365;Zootropolis: Město zvířat;2016;84.84823848238483;108.0;https://image.pmgstatic.com/cache/resized/w420/files/images/film/posters/160/442/160442355_b4ad6a.jpg;https://www.csfd.cz/film/407365-zootropolis-mesto-zvirat/;USA;Animovaný / Mysteriózní / Dobrodružný / Krimi / Komedie / Rodinný;Zootopia;Moderní metropole zvířat Zootropolis je město jako žádné jiné. Jen v Zootropolisu najdete luxusní čtvrti jako je Sousedství Sahara nebo chladný Tundrov. Je to velkolepé velkoměsto, ve kterém žijí pospolu zvířata ze všech koutů světa. Je to metropole, kde můžete být kýmkoli bez ohledu na to, zda jste obří slon nebo malá myška. Když však do města dorazí optimistická strážnice Judy Hopkavá, zjistí, že být prvním králíkem v policejním sboru velkých a drsných zvířat není žádná legrace. A protože chce všem dokázat, že na to má, skočí po první příležitosti řešit náročný a záhadný případ, i když to znamená vzít do party upovídaného a všemi mastmi mazaného lišáka Nicka Wilda. (Falcon);04.03.2016 Walt Disney US;rodina, přátelství, tajemství, rodiče, policie, strach, město, útěk, vyšetřování, zvířata, lež, sny, únos, detektiv, naděje, zloděj, diskriminace, politik, šikana, předsudky, vlak, policejní stanice, spiknutí, výcvik, pokusy na zvířatech, 3D, lvi, CGI animace, ovce, lišky, králíci, zajíci, lenochodi;Byron Howard, Rich Moore, Jared Bush;Ginnifer Goodwin, Jason Bateman, Idris Elba, Jenny Slate, Nate Torrence, Bonnie Hunt, Don Lake, Tommy Chong, J.K. Simmons, Octavia Spencer;https://srv.tunefindforfans.com/showads/track/srvclk.php?aid=100006796&lp=https://www.disneyplus.com/en-cz/browse/entity-319bcc7d-be84-4b00-8548-9e2ec0ae017b<br>https://srv.clickfuse.com/ads/adclkr.php?id=100006636&url=https://tv.apple.com/cz/movie/zootopia/umc.cmc.24f3dqmqxdcw4bmcv1c9zw9gj<br>/uzivatel/563267-disney-best/prehled/<br>/novinky/8898-disney-oznamuje-pokracovani-a-premiery-svych-hitu/<br>/novinky/8898-disney-oznamuje-pokracovani-a-premiery-svych-hitu/<br>/novinky/8898-disney-oznamuje-pokracovani-a-premiery-svych-hitu/<br>/novinky/8372-disney-oznamilo-kupu-animaku-a-taky-vyhazovy/<br>/novinky/8372-disney-oznamilo-kupu-animaku-a-taky-vyhazovy/<br>/novinky/8372-disney-oznamilo-kupu-animaku-a-taky-vyhazovy/<br>/novinky/7077-netflix-vevodi-zebricku-streamovaci-sledovanosti/<br>/novinky/7077-netflix-vevodi-zebricku-streamovaci-sledovanosti/<br>/novinky/7077-netflix-vevodi-zebricku-streamovaci-sledovanosti/<br>https://srv.tunefindforfans.com/showads/track/srvclk.php?aid=100006796&lp=https://www.disneyplus.com/en-cz/browse/entity-319bcc7d-be84-4b00-8548-9e2ec0ae017b<br>https://srv.clickfuse.com/ads/adclkr.php?id=100006636&url=https://tv.apple.com/cz/movie/zootopia/umc.cmc.24f3dqmqxdcw4bmcv1c9zw9gj<br>https://apps.apple.com/cz/app/id6755365206<br>https://play.google.com/store/apps/details?id=cz.csfd.csfdroid<br>;British Academy of Film and Television Arts (BAFTA) (1x)<br>Florida Film Critics Circle Awards (1x)<br>The Saturn Awards (1x)<br>;Academy Awards (1x)<br>Golden Globes (1x)<br>Critics Choice Awards (1x)<br>New York Film Critics Circle Awards (1x)<br>;
32099;Fantomas;1964;84.79711275848615;105.0;https://image.pmgstatic.com/cache/resized/w420/files/images/film/posters/161/197/161197350_01c1aa.jpg;https://www.csfd.cz/film/32099-fantomas/;Francie / Itálie;Komedie / Krimi / Dobrodružný / Fantasy;Fantomas;Fantomas, záhadný netvor s ocelovou tváří terorizuje Paříž. O jeho skutečné existenci jsou však stále pochybnosti, neboť ho dosud nikdo na vlastní oči nespatřil. Prvním hostem tajuplného Fantomasova paláce se nedobrovolně stane novinář Fandor, který napsal o netvorovi senzační článek. Fantomas potrestá tuto troufalost osobitě: vezme na sebe Fandorovu podobu a spáchá fantastickou loupež. Později si nasadí i masku komisaře Juvea, který se neúspěšně již dlouho snaží Fantomase dopadnout. (Intersonic);Na Blu-ray od 23.11.2016 Magic Box;podle knihy, policie, krádež, zloděj, novináři, Paříž, neo-noir, záměna identit, vrtulník, eurospy, ponorky, šperky;André Hunebelle;Jean Marais, Louis de Funès, Mylène Demongeot, Jacques Dynam, Robert Dalban, Marie-Hélène Arnaud, Christian Toma, Michel Duplaix, Andrée Tainsy, Hugues Wanner;https://apps.apple.com/cz/app/id6755365206<br>https://play.google.com/store/apps/details?id=cz.csfd.csfdroid<br>;;;Pierre Souvestre, Marcel Allain
6449;Poslední Mohykán;1992;84.81387618075898;107.0;https://image.pmgstatic.com/cache/resized/w420/files/images/film/posters/165/050/165050323_3d9770.jpg;https://www.csfd.cz/film/6449-posledni-mohykan/;USA;Akční / Dobrodružný / Drama / Romantický / Válečný;The Last of the Mohicans;Daniel Day-Lewis jako statečný přítel Indiánů ve filmovém přepisu slavného románu J. F. Coopera... Filmaři již mnohokráte zvolili za předlohu svých děl pentalogii spisovatele Jamese Fenimora Coopera o dobrodružstvích bílého lovce, přezdívaného Sokolí Oko, a jeho indiánských přátel v době bojů Francouzů a Angličanů o nová území v Severní Americe. Nejslavnější se stala kniha úvodní Poslední Mohykán. Sokolí Oko spolu s posledními potomky z kmene Mohykánů Čingačgúkem a jeho synem Unkasem pomáhají anglické posádce bránit jednu z pevností. Znepřátelené strany využívají pro své cíle indiánské bojovníky. Huron Magua, který bojuje se svými muži po boku Francouzů, přísahal veliteli dobývané pevnosti pomstu za vyvraždění své rodiny. Po podpisu kapitulace se rozhodne vyprovokovat střetnutí s odcházejícími britskými jednotkami, při němž velitele zabije a zmocňuje se jeho dvou dcer Cory a Alice. Sokolí Oko se zavázal ochránit čest dívek a nechce je nechat ve spárech primitivního divocha. Navíc ke Coře cítí více než přátelství a také Unkasovi není Alice lhostejná. Pro postavu bílého lovce zvolil režisér Michael Mann u nás tehdy nepříliš známého Daniela Day-Lewise, který si však již získal uznání v podobě Oscara za hlavní roli ve snímku Moje levá noha (1989). (Česká televize);25.09.1992 20th Century Fox;podle knihy, muž, láska, žena, smrt, přátelství, násilí, touha, zbraně, ženy, pomsta, rivalita, únos, zrada, boj o přežití, souboje, sestry, sebevražda, indiáni, novověk, džungle, domorodé kmeny, 18. století, kolonizace, kolonie, statečnost, pevnost, upálení, dělostřelectvo, osadníci, Francouzsko-indiánská válka;Michael Mann;Daniel Day-Lewis, Madeleine Stowe, Jodhi May, Russell Means, Wes Studi, Eric Schweig, Steven Waddington, Maurice Roëves, Patrice Chéreau, Edward Blatchford;https://www.netflix.com/title/686619<br>http://www.ceskatelevize.cz<br>http://www.ceskatelevize.cz<br>/novinky/6350-hbo-se-vyda-za-mohykany/<br>/novinky/6350-hbo-se-vyda-za-mohykany/<br>/novinky/6350-hbo-se-vyda-za-mohykany/<br>/novinky/6231-michael-mann-natoci-tokyo-vice-pro-hbo-max/<br>/novinky/6231-michael-mann-natoci-tokyo-vice-pro-hbo-max/<br>/novinky/6231-michael-mann-natoci-tokyo-vice-pro-hbo-max/<br>https://www.netflix.com/title/686619<br>https://apps.apple.com/cz/app/id6755365206<br>https://play.google.com/store/apps/details?id=cz.csfd.csfdroid<br>;British Academy of Film and Television Arts (BAFTA) (5x)<br>Golden Globes (1x)<br>;Academy Awards (1x)<br>British Academy of Film and Television Arts (BAFTA) (2x)<br>;James Fenimore Cooper
4099;Co žere Gilberta Grapea;1993;84.85253157312374;118.0;https://image.pmgstatic.com/cache/resized/w420/files/images/film/posters/162/691/162691173_dfeb37.jpg;https://www.csfd.cz/film/4099-co-zere-gilberta-grapea/;USA;Drama;What's Eating Gilbert Grape;Život nelze prospat, život se musí žít! Příběh podle románové předlohy a vzápětí scénáře Petera Hedgese nás zavede do poklidně vyhlížejícího městečka Endora. Mladý Gilbert, představovaný Johnnym Deppem, žije v domě na kraji města se svou neustále tloustnoucí nehybnou matkou, mladším bratrem Arniem a sestrami Amy a Ellen.Vše plyne stejně den za dnem. Každodenní péče o obludně vyhlížející matku, retardovaného a věčně se ztrácejícího Arnieho, milostná aféra s bohatou a nespokojenou místní paničkou, kamarádi Tucker a Bobby - to je celý jeho svět. Když ale jednoho dne přijíždí do města tajemná a krásná dívka Becky, život Gilberta Grapea se začíná měnit. Jako by do té doby procházel svým životem v dlouhém táhlém spánku a potřeboval jen otevřít oči... Švédský režisér Lasse Hallström ve filmu Co žere Gilberta Grapea vsadil na hvězdné herecké obsazení. Ne však samoúčelně, neboť part svěřený mladičkému Leonardu DiCapriovi patří skutečně k nejtěžším hereckým úlohám a po právu mu přinesl oscarovou nominaci za vedlejší roli a nominaci na Zlatý Globus. Ke kvalitě a lidskému vyznění snímku přispěla i dokonale profesionální a citlivá kamera Svena Nykvista. Samotná literární předloha Petera Hedgese, jinak úspěšného autora divadelních her, byla jako debut publikována v roce 1991 a vzápětí přeložena do sedmi jazyků. Neméně významnou hvězdou snímku je i nositelka oscarové nominace za film Mys hrůzy (1991) Juliette Lewisová. (Česká televize);04.03.1994 Paramount Pictures;podle knihy, rodina, smrt, matka, venkov, bratři, dům, maloměsto, požár, autismus, obezita, karavan;Lasse Hallström;Johnny Depp, Leonardo DiCaprio, Juliette Lewis, Mary Steenburgen, Darlene Cates, Laura Harrington, Mary Kate Schellhardt, Kevin Tighe, John C. Reilly, Crispin Glover;http://www.ceskatelevize.cz<br>http://www.ceskatelevize.cz<br>https://apps.apple.com/cz/app/id6755365206<br>https://play.google.com/store/apps/details?id=cz.csfd.csfdroid<br>;Academy Awards (1x)<br>Golden Globes (1x)<br>New York Film Critics Circle Awards (1x)<br>;Los Angeles Film Critics Association Awards (1x)<br>;Peter Hedges
23;Skleněné peklo;1974;84.89508437270726;165.0;https://image.pmgstatic.com/cache/resized/w420/files/images/film/posters/159/623/159623524_9bcdaa.jpg;https://www.csfd.cz/film/23-sklenene-peklo/;USA;Thriller / Drama / Akční / Katastrofický;The Towering Inferno;Mrakodrap, který má stopětatřicet poschodí a před sebou slavnostní uvedení do provozu, postavil stavební magnát Jim Duncan podle návrhu architekta Douga Robertse, který využil nejen všech svých znalostí a zkušeností, ale také nejmodernějšího vybavení a poznatků v oblasti bezpečnosti. Ani jeden z nich však netuší, že Duncanův zeť Roger do stavebních prací nejednou zasáhl a v rámci pochybných úspor udělal z mrakodrapu smrtící past. Zatímco se na slavnostní otevření sjíždějí významné osobnosti, vznikne v jednom z malých skladišť pro údržbu k malému požáru. Nikdo netuší, že polovina supermoderního bezpečnostního systému nefunguje a požár se pomalu šíří. Následuje selhání elektrického systému, a když se oheň setká s plynem, dojde k explozi, která promění mrakodrap v planoucí pochodeň a odřízne hosty od možnosti uniknout smrtícímu žáru. Do boje s živlem se pouští nejen zoufalí lidé uvěznění v nebezpečné pasti, ale také hasiči pod vedením chladnokrevného a odvážného Michaela O'Hallorhana. Je to závod s časem, závod, v němž padají masky a na povrch vyplouvá pravá a často nečekaná tvář jednotlivých postav. O poslední odvážný kousek se pokusí Doug s Michaelem, kteří chtějí odpálit obrovský rezervoár na střeše mrakodrapu, obsahující téměř dva miliony galonů vody. (TV Nova);10.12.1974 20th Century Fox;podle knihy, muž, smrt, strach, město, oběť (autonehody/zločinu), boj o přežití, tragédie, párty, výbuch, Kalifornie, katastrofa, požár, oheň, vrtulník, architekt, záchranáři, hasiči, starosta, San Francisco, záchranná operace, výtah, popáleniny, mrakodrap, stavebnictví, výbušniny, senátor, výbuch plynu, schodiště;John Guillermin;Steve McQueen, Paul Newman, William Holden, Faye Dunaway, Fred Astaire, Susan Blakely, Richard Chamberlain, Jennifer Jones, O.J. Simpson, Robert Vaughn;https://srv.clickfuse.com/ads/adclkr.php?id=100006636&url=https://tv.apple.com/cz/movie/the-towering-inferno/umc.cmc.6qf982u2lm60orbzd8bv93mp7<br>https://srv.clickfuse.com/ads/adclkr.php?id=100006636&url=https://tv.apple.com/cz/movie/the-towering-inferno/umc.cmc.6qf982u2lm60orbzd8bv93mp7<br>https://apps.apple.com/cz/app/id6755365206<br>https://play.google.com/store/apps/details?id=cz.csfd.csfdroid<br>;Academy Awards (5x)<br>British Academy of Film and Television Arts (BAFTA) (2x)<br>Golden Globes (3x)<br>;Academy Awards (3x)<br>British Academy of Film and Television Arts (BAFTA) (2x)<br>Golden Globes (1x)<br>;Richard Martin Stern, Thomas N. Scortia, Frank M. Robinson
102865;Asterix v Británii;1986;84.89496248660235;79.0;https://image.pmgstatic.com/cache/resized/w420/files/images/film/posters/159/371/159371472_1a9b14.jpg;https://www.csfd.cz/film/102865-asterix-v-britanii/;Francie;Animovaný / Dobrodružný / Komedie / Rodinný;Astérix chez les Bretons;;Na DVD od 07.10.2009 Blesk;přátelství, přátelé, cestování, vesnice, souboje, podle komiksu, starověký Řím, alternativní historie, Julius Caesar, druidové;Pino Van Lamsweerde;Roger Carel, Serge Sauvion, Pierre Tornade, Henri Labussière, Pierre Mondy, Nicolas Silberg, Maurice Risch, Billy Kearns, Alain Doutey, Pierre Mirat;https://srv.clickfuse.com/ads/adclkr.php?id=100006636&url=https://tv.apple.com/cz/movie/asterix-in-britain/umc.cmc.12u3f8290k75y4z7rod2hw8ql<br>https://srv.clickfuse.com/ads/adclkr.php?id=100006636&url=https://tv.apple.com/cz/movie/asterix-in-britain/umc.cmc.12u3f8290k75y4z7rod2hw8ql<br>https://apps.apple.com/cz/app/id6755365206<br>https://play.google.com/store/apps/details?id=cz.csfd.csfdroid<br>;;;René Goscinny, Albert Uderzo
6669;Skřivánci na niti;1969;84.85924312551049;95.0;https://image.pmgstatic.com/cache/resized/w420/files/images/film/posters/166/001/166001531_01874c.jpg;https://www.csfd.cz/film/6669-skrivanci-na-niti/;Československo;Komedie / Podobenství;Larks on a String;"Skřivánky na niti natočil v roce 1969 Jiří Menzel na motivy povídek z knihy Bohumila Hrabala Inzerát na dům, ve kterém už nechci bydlet (1965). Dvacet let zůstal film uzavřen v trezoru, protože odkrýval skutečnosti padesátých let, jež měly zůstat skryty. Jeho děj se odehrává v kladenských ocelárnách, kam byli posíláni na brigádu ""političtí provinilci"" (živnostníci, intelektuálové i lidi pevní v náboženské víře). Vedle nich pracují na šrotišti i ženy a dívky, uvězněné za pokus o útěk za hranice, tzv. ""kopečkářky"". Celý film je jediným pásmem paradoxních, někdy groteskních, jindy lyrických situací. Adekvátně zachycuje Hrabalovu snahu přenést na čtenáře - a nyní i na diváka - vzrušení z nevyčerpatelnosti a krásy života, překonávajícího i ty nejhorší překážky v době bezohledné a prolhané diktatury, kterou současně zdánlivě nenápadně, leč rozhodně odsuzuje.";01.02.1990 Ústřední půjčovna filmů;podle knihy, láska, svatba, komunismus, Romové, trezorové filmy, československá nová vlna;Jiří Menzel;Rudolf Hrušínský, Vlastimil Brodský, Václav Neckář, Jitka Zelenohorská, Jaroslav Satoranský, Vladimír Šmeral, Ferdinand Krůta, František Řehák, Leoš Suchařípa, Vladimír Ptáček;https://apps.apple.com/cz/app/id6755365206<br>https://play.google.com/store/apps/details?id=cz.csfd.csfdroid<br>;;Berlinale (Berlin International Film Festival) (1x)<br>;Bohumil Hrabal
14559;O myších a lidech;1992;84.84262919045527;115.0;https://image.pmgstatic.com/cache/resized/w420/files/images/film/posters/159/255/159255739_7e1af7.jpg;https://www.csfd.cz/film/14559-o-mysich-a-lidech/;USA;Drama;Of Mice and Men;Amerika po hospodářské krizi, dva přátelé putují z farmy na farmu a hledají práci a touží si vydělat na svuj vlastní vysněný statek. George (Gary Sinise) slíbil Lennieho (John Malkovich) rodině, že se o něj postará, protože Lennie na tom není po duševní stránce nejlépe a má obrovskou slabost pro hebké věci, ale za to má obrovskou sílu a odvede práci za dva. Na nové farmě je čeká práce, přátelé i nepřátelé... (Sonnik);02.10.1992 Metro-Goldwyn-Mayer (MGM);podle knihy, vražda, 20. století, útěk, sny, období 1930-1940, duševní porucha, farma, Velká hospodářská krize;Gary Sinise;John Malkovich, Gary Sinise, Ray Walston, Casey Siemaszko, Sherilyn Fenn, John Terry, Richard Riehle, Alexis Arquette, Joe Morton, Noble Willingham;https://srv.clickfuse.com/ads/adclkr.php?id=100006636&url=https://tv.apple.com/cz/movie/of-mice-and-men/umc.cmc.2drs8w1lhj74v1qcf3jo4xox2<br>https://www.youtube.com/watch?v=8wQc-wdXKKc<br>https://srv.clickfuse.com/ads/adclkr.php?id=100006636&url=https://tv.apple.com/cz/movie/of-mice-and-men/umc.cmc.2drs8w1lhj74v1qcf3jo4xox2<br>https://www.youtube.com/watch?v=8wQc-wdXKKc<br>https://apps.apple.com/cz/app/id6755365206<br>https://play.google.com/store/apps/details?id=cz.csfd.csfdroid<br>;Cannes Film Festival (1x)<br>;;John Steinbeck
32440;Profesionál;1981;84.90185988384916;109.0;https://image.pmgstatic.com/cache/resized/w420/files/images/film/posters/000/481/481548_884d9d.jpg;https://www.csfd.cz/film/32440-profesional/;Francie;Akční / Krimi / Drama / Thriller;Le Professionnel;"Francouzského tajného agenta Josselina ""Josse"" Beaumonta pošlou do jisté africké země, aby tam odstranil diktátora Njalu. Politická situace se však radikálně změní a předtím nepohodlný diktátor se stane pro francouzskou vládu důležitou osobností. Tajná služba Josse zradí a africká vláda ho odsoudí za přípravu atentátu. Jossovi se po dvou letech podaří utéct a vrátit se do Francie, kde úmyslně informuje bývalé nadřízené, že splní svůj původní úkol a zabije prezidenta Njalu, který právě přicestoval na oficiální státní návštěvu. Tajná služba všemožně usiluje atentátu zabránit.";21.10.1981 Gaumont;útěk, zbraně, pomsta, agenti, Afrika, Paříž, atentát, automobilová honička, vrtulník, eurospy;Georges Lautner;Jean-Paul Belmondo, Jean Desailly, Cyrielle Clair, Marie-Christine Descouard, Elisabeth Margoni, Jean-Louis Richard, Michel Beaune, Bernard-Pierre Donnadieu, Pierre Saintons, Gérard Darrieu;https://apps.apple.com/cz/app/id6755365206<br>https://play.google.com/store/apps/details?id=cz.csfd.csfdroid<br>;César Awards (1x)<br>;;Patrick Alexander
28495;Laputa: Nebeský zámek;1986;84.95932241167948;124.0;https://image.pmgstatic.com/cache/resized/w420/files/images/film/posters/042/872/42872529_uk5n4z.jpg;https://www.csfd.cz/film/28495-laputa-nebesky-zamek/;Japonsko;Animovaný / Akční / Dobrodružný / Fantasy;Laputa: Zámek v oblacích;Chlapec z hornického městečka a dívka, jejíž původ je zahalen tajemstvím, jsou zataženi do honby za pokladem ukrytým v bájném létajícím městě Laputa. Během krkolomných dobrodružství, razantních honiček i dechberoucích odhalení musejí čelit nejen hamižným vzdušným pirátům, ale také armádě a tajným agentům. Celosvětově uznávaný režisér a scenárista Hajao Mijazaki do snímku promítl svou fascinaci létáním, vášeň pro klasickou evropskou dobrodružnou prózu a pro fascinující epochu konce 19. století, která s sebou přinesla rozmach letectví a vzducholodí. Díky těmto vlivům se Laputa: Nebeský zámek vyznačuje výrazně evropským, až verneovským nádechem, ale současně si uchovává kvality charakteristické pro produkci Studia Ghibli i japonskou animaci obecně. (Aerofilms);02.08.1986 Toei;tajemství, děti, anime, vlak, letadla, roboti, piráti, horníci, steampunk, vzducholoď;Hajao Mijazaki;Keiko Jokozawa, Majumi Tanaka, Ičiró Nagai, Megumi Hajašibara, Tošihiko Seki, Minori Terada, Kotoe Hacui, Tarako, Hóčú Ócuka, Šin'ja Ótaki;https://www.netflix.com/title/60027393<br>https://www.netflix.com/title/60027393<br>https://apps.apple.com/cz/app/id6755365206<br>https://play.google.com/store/apps/details?id=cz.csfd.csfdroid<br>;;;
6200;Pahorek;1965;84.95328534231888;121.0;https://image.pmgstatic.com/cache/resized/w420/files/images/film/posters/158/322/158322821_da7d7e.jpg;https://www.csfd.cz/film/6200-pahorek/;Velká Británie;Drama / Válečný;The Hill;Film se odehrává za II. světové války v kárném zařízení pro anglické vojáky v libyjské poušti. Podmínky v táboře jsou nelidské samy o sobě a jsou ještě zhoršovány sadistickým velitelem, seržantem Williamsem. Pod heslem „přišli jako lidé, odejdou jako zvířata“ je den co den nutí stavět na žhavém slunci uprostřed tábora vysokou horu z písku. Vězni postupně ztrácejí nejen fyzickou, ale hlavně psychickou sílu a vůli. A zřejmě o to Williamsovi i jeho nadřízeným jde. Zlomit je a zpracovat v poslušné a tvárné roboty, kteří budou v budoucnu bezpodmínečně plnit jakékoli příkazy. Většině strážných se tato nesmyslná práce nelíbí, ale jen málokterý má odvahu Williamsovi oponovat. Pokud ano, je nucen nést následky. Vězni tak jen pasivně snášejí režim zrůdné mašinerie, protože každý sebemenší prohřešek je tvrdě trestán. Objeví se však jeden, který je pevně rozhodnut nenechat se zlomit ani zastrašit. A ostatním se začnou otevírat oči.;;muž, černobílý film, smrt, 20. století, násilí, podle divadelní hry, oběť (autonehody/zločinu), období 1940-1950, 2. světová válka, vojáci, kolegové, vězení, válka, nenávist, armáda, naděje, umírání, nespravedlnost, rvačka, krutost, Afrika, nebezpečí, chladnokrevnost, šikana, hádka, poušť, vztek, spravedlnost, vyhrožování, loajalita, psychika, výcvik, vzpoura systému, trest, vězeňská cela, beznaděj, dezerce, nervové zhroucení, dezertéři;Sidney Lumet;Sean Connery, Harry Andrews, Ian Bannen, Alfred Lynch, Ossie Davis, Roy Kinnear, Jack Watson, Ian Hendry, Michael Redgrave, Norman Bird;https://srv.clickfuse.com/ads/adclkr.php?id=100006636&url=https://tv.apple.com/cz/movie/the-hill/umc.cmc.1e296a3lynfrqtin4vfnthyrd<br>https://www.youtube.com/watch?v=YQ-m_henJso<br>https://srv.clickfuse.com/ads/adclkr.php?id=100006636&url=https://tv.apple.com/cz/movie/the-hill/umc.cmc.1e296a3lynfrqtin4vfnthyrd<br>https://www.youtube.com/watch?v=YQ-m_henJso<br>https://apps.apple.com/cz/app/id6755365206<br>https://play.google.com/store/apps/details?id=cz.csfd.csfdroid<br>;British Academy of Film and Television Arts (BAFTA) (5x)<br>Cannes Film Festival (1x)<br>;British Academy of Film and Television Arts (BAFTA) (1x)<br>Cannes Film Festival (1x)<br>;
1461;Světla velkoměsta;1931;85.0566454821774;87.0;https://image.pmgstatic.com/cache/resized/w420/files/images/film/posters/162/994/162994959_067694.jpg;https://www.csfd.cz/film/1461-svetla-velkomesta/;USA;Komedie / Drama / Romantický;City Lights;Když tulák Charlie (Charles Chaplin) náhodou zachrání opilého milionáře (Harry Myers) před sebevraždou, je od něho napřed bohatě obdarován, ale příštího rána vyhozen za dveře. Později se Charlie setká se slepou květinářkou (Virginia Cherillová), jejíž osud ho natolik dojme, že jí chce uhradit drahou operaci. Aby sehnal peníze, pokusí se dokonce boxovat o cenu. Přitom potká znovu milionáře, který mu - zase v opilosti - dá tisíc dolarů. Charlie je podstrčí dívce a vzápětí je zatčen, poněvadž na něj padne podezření, že dolary ukradl. Když je propuštěn z vězení, setká se znovu s dívkou, jež se mezitím vyléčila a stala se majitelkou malého květinářství. Přestože svého jediného dobrodince pozná, k happy-endu překvapivě nedojde.Chaplinův němý film, natočený již za éry zvukového filmu, je tragikomickým útokem proti buržoázní společnosti. (Quentin T.);07.03.1931 United Artists;černobílý film, láska, němý film, peníze, box, slepota;Charlie Chaplin;Charlie Chaplin, Virginia Cherrill, Harry Myers, Albert Austin, Jean Harlow, Henry Bergman, Robert Parrish, Tiny Ward, Hank Mann, Robert Graves;https://apps.apple.com/cz/app/id6755365206<br>https://play.google.com/store/apps/details?id=cz.csfd.csfdroid<br>;;;
350930;Krtek;2011;85.39911308203992;74.0;https://image.pmgstatic.com/cache/resized/w420/files/images/film/posters/157/934/157934680_b60ccb.jpg;https://www.csfd.cz/film/350930-krtek/;Česko / Finsko;Animovaný / Dobrodružný;Täältä tulee Myyrä;;23.12.2011 Future film;;Zdeněk Miler;;https://apps.apple.com/cz/app/id6755365206<br>https://play.google.com/store/apps/details?id=cz.csfd.csfdroid<br>;;;
346856;Zmizelá;2014;84.67493551813078;149.0;https://image.pmgstatic.com/cache/resized/w420/files/images/film/posters/158/988/158988876_92acb5.jpg;https://www.csfd.cz/film/346856-zmizela/;USA;Mysteriózní / Thriller / Drama / Krimi;Gone Girl;Amy se ztratila v den pátého výročí svatby s Nickem. Vše naznačuje, že nezmizela dobrovolně. Zoufalý manžel organizuje rozsáhlé pátrací akce a snaží se dělat vše možné pro to, aby se jeho žena našla. Pokud možno živá. Paralelně s tím probíhá policejní vyšetřování, které kromě Amy hledá i člověka, jenž má její zmizení na svědomí. Všechny stopy, nalezené důkazy a svědectví Amyiných blízkých ale ukazují právě na Nicka. Kdo to vlastně je? Trpící oběť zločinu, nebo cynická zrůda, která vodí policii i veřejnost za nos, aby ze sebe sňala podezření? Kdo má pravdu? Jak ji poznat? A co se vlastně stalo s Amy? Na znepokojivé otázky se vrší další a odpovědi zoufale chybějí. Trpí tím především Nick, který se z miláčka médií proměnil ve veřejného nepřítele číslo jedna. Dobře ví, že když se Amy nebo strůjce jejího únosu nenajdou, ponese si cejch až do konce života, který možná stráví za mřížemi. Pokud ovšem nemá Amy skutečně na svědomí. (CinemArt);03.10.2014 20th Century Fox;podle knihy, vražda, rodiče, policie, manželé, útěk, vyšetřování, pomsta, manipulace, sex, nevěra, detektiv, právníci, vydírání, křivé obvinění, deprese, média, deník;David Fincher;Ben Affleck, Rosamund Pike, Neil Patrick Harris, Tyler Perry, Carrie Coon, Kim Dickens, Patrick Fugit, David Clennon, Lisa Banes, Missi Pyle;https://srv.clickfuse.com/ads/adclkr.php?id=100006636&url=https://tv.apple.com/cz/movie/gone-girl/umc.cmc.60iqscr23rfe93khaawil8edc<br>https://www.youtube.com/watch?v=6oqwPbKXKDU<br>https://srv.clickfuse.com/ads/adclkr.php?id=100006636&url=https://tv.apple.com/cz/movie/gone-girl/umc.cmc.60iqscr23rfe93khaawil8edc<br>https://www.youtube.com/watch?v=6oqwPbKXKDU<br>https://apps.apple.com/cz/app/id6755365206<br>https://play.google.com/store/apps/details?id=cz.csfd.csfdroid<br>;Academy Awards (1x)<br>British Academy of Film and Television Arts (BAFTA) (2x)<br>AACTA International Awards (1x)<br>Golden Globes (4x)<br>Critics Choice Awards (5x)<br>Florida Film Critics Circle Awards (1x)<br>;Critics Choice Awards (1x)<br>Florida Film Critics Circle Awards (2x)<br>The Saturn Awards (2x)<br>;Gillian Flynn
4061;Ďáblův advokát;1997;84.7508766618734;144.0;https://image.pmgstatic.com/cache/resized/w420/files/images/film/posters/159/533/159533421_f6fedd.jpg;https://www.csfd.cz/film/4061-dabluv-advokat/;USA / Německo;Drama / Mysteriózní / Thriller;The Devil's Advocate;Mladý právník Kevin Lomax z Floridy ještě nikdy svůj případ neprohrál. Právě obhajuje učitele matematiky Gettyse, který je obžalován ze sexuálního obtěžování studentky Barbary. Zdá se, že i tentokrát bude učitel osvobozen, přestože všem v sále musí být jasné, že je vinen. V přestávce přelíčení se Lomax na toaletě setká s novinářem Larrym, který se ho vyptává, jak se cítí, když chce vrátit Gettyse mezi slušné lidi. Lomaxe přepadne na chvíli podivný pocit. Porota Gettyse skutečně osvobodí. Když pak Lomax se svou manželkou Mary Ann oslavuje v baru, neznámý muž mu nabídne za skvělých podmínek práci u nejlepší právní firmy na světě, kterou z New Yorku řídí John Milton. Lomax nabídku přijme a se ženou se odstěhují do New Yorku. Lomax dostane od Miltona nádherný byt v jeho rodinném domě. Při pohovoru mu Milton představí svůj tým, v němž je také krásná Christabella. Milton tvrdí, že jeho nejmilejší vlastností je ješitnost a jeho strategií vlídnost. Lomax mu na oplátku prozradí, že jeho úspěch spočívá v tom, že si umí vybrat lidi do poroty. V prvních kauzách, které dostane na starost, se Lomaxovi podaří osvobodit vinné a sebevědomí mu stoupá. Milton ho však učí, že musí zůstat nenápadný stejně jako on. Obchodní ředitel firmy Eddie Barzoon Lomaxe upozorní na nekalé praktiky, ale ten na to nedbá. Milton svěří Lomaxovi téměř ztracený případ vlivného newyorského stavitele Alexandra Cullena, který je obviněn z toho, že veden finančními motivy zavraždil svou manželku, nevlastního syna a služku. Mary Ann se cítí v New Yorku nešťastná a osamělá. Chtěla by dítě, ale Lomax na ni nemá čas. Začínají se u ní projevovat příznaky schizofrenie a má vidiny, že jsou obklopeni zrůdami. Milton chce Lomaxe kvůli jeho nemocné ženě odvolat z případu, ale Lomax chce případ dokončit. Mary Ann mu řekne, že jí ďáblové vzali vaječníky a Milton znásilnil. Lomax ji odveze do psychiatrické léčebny. Cullenova asistentka Melissa Blakeová je ochotna před soudem dosvědčit, že je jeho milenkou a že v noci, kdy došlo k vraždě, byl Cullen u ní. Přestože Lomax ví, že lže a že Cullen rodinu zabil, připravuje ji na prokurátorovy otázky. Barzoon vyhrožuje, že Lomaxovy nekalé praktiky zveřejní, ale záhy je v parku ubit bezdomovci. Lomaxem jeho smrt otřese a z pohřbu odejde. Venku ho kontaktuje člen ministerské komise Weaver a upozorní ho, že Milton nevede jen právní firmu, ale i obchod se zbraněmi, drogami, toxickým odpadem a pere špinavé peníze. Také mu řekne, že učitele Gettyse chytili na Floridě – měl v kufru auta mrtvou holčičku. Brzy nato Weavera na ulici srazí auto. Mary Ann si v léčebně podřízne střepem hrdlo. Lomaxova matka mu pak řekne, že Milton je ve skutečnosti jeho otec. Lomax jde za Miltonem a chce ho zastřelit. Milton se mu však jen vysmívá. Připomene mu, že Mary Ann chtěla lásku a Lomax na ni neměl čas. Pak mu představí Christabellu, která Lomaxe od začátku velmi přitahovala, jako jeho nevlastní sestru. Chce, aby oni dva převzali jeho firmu a měli spolu dítě, které bude klíčem k budoucnosti.;17.10.1997 Warner Bros. US;muž, žena, tajemství, strach, manželé, město, záhady, touha, lež, podvod, dilema, soud, New York, právníci, mytologie, Ďábel;Taylor Hackford;Keanu Reeves, Al Pacino, Charlize Theron, Jeffrey Jones, Judith Ivey, Connie Nielsen, Craig T. Nelson, Tamara Tunie, Ruben Santiago-Hudson, Debra Monk;https://srv.clickfuse.com/ads/adclkr.php?id=100006636&url=https://tv.apple.com/cz/movie/the-devils-advocate/umc.cmc.6xlnc88ukwbgt8lxv6hwn24eh<br>https://www.youtube.com/watch?v=QkYBNca0OZ0<br>https://srv.clickfuse.com/ads/adclkr.php?id=100006636&url=https://tv.apple.com/cz/movie/the-devils-advocate/umc.cmc.6xlnc88ukwbgt8lxv6hwn24eh<br>https://www.youtube.com/watch?v=QkYBNca0OZ0<br>https://apps.apple.com/cz/app/id6755365206<br>https://play.google.com/store/apps/details?id=cz.csfd.csfdroid<br>;The Saturn Awards (3x)<br>;The Saturn Awards (1x)<br>;
8643;Čelisti;1975;84.70137352744483;124.0;https://image.pmgstatic.com/cache/resized/w420/files/images/film/posters/170/346/170346527_2mf98g.jpg;https://www.csfd.cz/film/8643-celisti/;USA;Dobrodružný / Horor / Thriller;Jaws;Písečné pláže, modré moře a zářivé nebe vítají návštěvníky rekreačního města Amity. Nikdo netuší, že pod hladinou někde čeká obrovský bílý žralok. Brzy si nalezne první oběť, posléze další a další. Zástupci města se zprvu vše snaží utajit, nakonec s napětím čekají, až se objeví někdo, kdo obrovského žraloka zabije. Na moře vyplouvají tři muži, ichtyolog Hooper, lovec žraloků Quint a šéf místní policie Brody, aby zkusili své štěstí...;20.06.1975 Universal Pictures US;podle knihy, smrt, rodiče, policie, strach, syn, krev, moře, gore, lodě, panika, léto, oceán, vědec, pláž, žraloci, ryby, rybolov, natural horror, plavání, turistika, loď v ohrožení, Nová Anglie;Steven Spielberg;Roy Scheider, Robert Shaw, Richard Dreyfuss, Lorraine Gary, Murray Hamilton, Carl Gottlieb, Jeffrey Kramer, Susan Backlinie, Jonathan Filley, Ted Grossman;https://srv.clickfuse.com/ads/adclkr.php?id=100006636&url=https://tv.apple.com/cz/movie/jaws/umc.cmc.2bz6csnv519zyivpg4qb9cgbn<br>https://www.youtube.com/watch?v=P61m4uWZET4<br>https://srv.clickfuse.com/ads/adclkr.php?id=100006636&url=https://tv.apple.com/cz/movie/jaws/umc.cmc.2bz6csnv519zyivpg4qb9cgbn<br>https://www.youtube.com/watch?v=P61m4uWZET4<br>https://apps.apple.com/cz/app/id6755365206<br>https://play.google.com/store/apps/details?id=cz.csfd.csfdroid<br>;Academy Awards (1x)<br>British Academy of Film and Television Arts (BAFTA) (6x)<br>Golden Globes (3x)<br>The Saturn Awards (3x)<br>San Sebastián International Film Festival (1x)<br>;Academy Awards (3x)<br>British Academy of Film and Television Arts (BAFTA) (1x)<br>Golden Globes (1x)<br>The Saturn Awards (2x)<br>Golden Raspberry Awards (Razzies) (1x)<br>;Peter Benchley
2975;Hoří, má panenko;1967;84.72051794854411;71.0;https://image.pmgstatic.com/cache/resized/w420/files/images/film/posters/162/262/162262575_e1488c.jpg;https://www.csfd.cz/film/2975-hori-ma-panenko/;Československo / Itálie;Komedie;Hoří, má panenko;"Autorem námětu a scénáře je známá a osvědčená trojka Miloš Forman, Jaroslav Papoušek a Ivan Passer. Modelový průzkum českého maloměšťáctví ve vypouklém zrcadle zvýrazňujícím hospodské vztahy, prázdné hlavy, dlouhé prsty a plytké svědomí, se odehrává na pozadí hasičského bálu. V karikování a pranýřování české národní povahy jsou režisér Forman a kameraman Miroslav Ondříček doslova nelítostní. Komedie se brzy mění v tragickou frašku s citem pro detail, gesto a dialog. V zobrazení požárnického plesu se spojují groteskní gagy s nekompromisním odhalením lidské přízemnosti a tuposti. Mravní stav společnosti se tu zrcadlí především v postavách starých lidí, obětí organizačních zmatků, živelných katastrof a hlouposti svých bližních, kteří svoji nekulturnost a nesvobodu považují za normální... První Formanův barevný film byl opět obsazen neherci známými z předcházejících filmů (za všechny jmenujme Jana Vostrčila v roli předsedy plesového výboru a Miladu Ježkovou jako ženu hlídající tombolu). Upocenou atmosféru vesnické tancovačky podtrhují dechovkové coververze soudobých beatových hitů, např. ""Hvězdy na vrbě"" či ""From Me To You"" od Beatles. Hovorová řeč představuje katalog komunikačních defektů, zvlášť když se postavy snaží být oficiální. Pamflet o společnosti, ve které přestávají fungovat kamufláže, ale není si schopná přiznat pravý stav věcí, se tehdy stal synonymem společensky podvratného filmového cynismu - proti filmu například zcela oficiálně protestovali čeští hasiči. Italský koproducent snímku Carlo Ponti se dokonce díla zřekl a žádal zpět vložený kapitál. Finanční trn z režisérovy paty nakonec vytrhl francouzský producent Claude Berri, který uhradil chybějící částku. Ponti ale udělal chybu, neboť film byl nakonec nominován na Oscara v kategorii cizojazyčný film. Text k písni ""Hoří!"", jejíž refrén dal jméno filmu, napsal Fanda Mrázek, ale zde je skladba uvedena pouze v orchestrální podobě. Mimopražská premiéra se uskutečnila ve Vrchlabí v říjnu 1967.";15.12.1967 Ústřední půjčovna filmů;požár, hasiči, trezorové filmy, československá nová vlna;Miloš Forman;Jan Vostrčil, Josef Šebánek, Josef Valnoha, František Debelka, Josef Kolb, Jan Stöckl, Vratislav Čermák, Josef Řehořek, Václav Novotný, František Reinstein;https://srv.clickfuse.com/ads/adclkr.php?id=100006636&url=https://tv.apple.com/cz/movie/the-firemens-ball/umc.cmc.kfg2sqffliewb45is1948ak9<br>https://www.iprima.cz/filmy/hori-ma-panenko?utm_source=csfd&utm_medium=section_vod&utm_campaign=link_exchange<br>https://srv.clickfuse.com/ads/adclkr.php?id=100006636&url=https://tv.apple.com/cz/movie/the-firemens-ball/umc.cmc.kfg2sqffliewb45is1948ak9<br>https://www.iprima.cz/filmy/hori-ma-panenko?utm_source=csfd&utm_medium=section_vod&utm_campaign=link_exchange<br>https://apps.apple.com/cz/app/id6755365206<br>https://play.google.com/store/apps/details?id=cz.csfd.csfdroid<br>;Academy Awards (1x)<br>Cannes Film Festival (1x)<br>;;
7101;Ecce homo Homolka;1969;84.7564967072834;80.0;https://image.pmgstatic.com/cache/resized/w420/files/images/film/posters/170/092/170092234_59szv4.jpg;https://www.csfd.cz/film/7101-ecce-homo-homolka/;Československo;Komedie;Ecce homo Homolka;Trpká komedie o obyčejné neděli v rodině pražského taxikáře. Manželé Ludva a Heduš Homolkovi žijí se svými kluky-dvojčaty a Ludvovými rodiči v pražském bytě. V neděli všichni společně vyrazí na výlet do přírody, aby si užili zdravého vzduchu. Suverénní děda, starostlivá, leč nekompromisní babi, poněkud ušlápnutý Ludva s nespokojenou Heduš a zvídavými dvojčaty si ale moc užít nedokážou. Celý den je snůškou malicherných sporů a hádek, které jako by k jejich životům neodmyslitelně patřily. Ironická komedie má silný satiricko-kritický podtext. Můžeme se Homolkovým smát, ale zároveň nás při tom smíchu trochu mrazí...;08.03.1970 Ústřední půjčovna filmů;černobílý film, rodina, dvojčata, československá nová vlna;Jaroslav Papoušek;Josef Šebánek, Marie Motlová, František Husák, Helena Růžičková, Petr Forman, Matěj Forman, Yvonne Kodoňová, Miki Jelínek, Jiří Dědík, Růžena Pružinová;https://apps.apple.com/cz/app/id6755365206<br>https://play.google.com/store/apps/details?id=cz.csfd.csfdroid<br>;San Sebastián International Film Festival (1x)<br>;;
33891;Lady a Tramp;1955;84.78582191289374;75.0;https://image.pmgstatic.com/cache/resized/w420/files/images/film/posters/159/533/159533677_ae9f77.jpg;https://www.csfd.cz/film/33891-lady-a-tramp/;USA;Animovaný / Rodinný / Romantický / Hudební;Lady a Tramp;Roztomilá psí slečna Lady žije spokojeně s mladou manželskou dvojicí. Spí v měkce vystlaném košíku a pyšní se třpytivou psí známkou, která je v jejích očích krásným šperkem. Hodně času tráví se svými kamarády, dvorným Fouskem a stárnoucím Barykem, který už dávno ztratil svůj proslulý čich. ve stejném městě, v rozeschlém sudu na okraji nádraží, žije toulavý pes Tramp. Živí se zbytky jídla na dvorcích místních hostinců a úspěšně uniká nástrahám svého úhlavního nepřítele, pohodného. Náhodné setkání Lady se světáckým Trampem na fenku silně zapůsobí. Láká ji volnost jeho života, neboť se u svých pánů cítí odstrkovaná kvůli očekávanému přírůstku do jejich rodiny. A když se k manželům nastěhuje diktátorská teta Sára se svými siamskými kočkami, Lady uteče a okusí nezávislý život po boku Trampa. jejich dobrodružství však pro Lady skončí v síti pohodného a před smutným osudem ji zachrání jen její známka. Psí tulák se ale nevzdává. Ví, že tahle psí slečna je mu souzena a je ochoten pro ni nasadit i vlastní život.;16.06.1955 Metro-Goldwyn-Mayer (MGM);láska, přátelství, přátelé, Vánoce, psi, sníh, podle povídky, útulek;Hamilton Luske, Wilfred Jackson, Clyde Geronimi;Peggy Lee, Verna Felton, George Givot, Bill Thompson, Dal McKennon, Alan Reed;/tvurce/3426-walt-disney/prehled/<br>https://srv.tunefindforfans.com/showads/track/srvclk.php?aid=100006796&lp=https://www.disneyplus.com/en-cz/browse/entity-f8a68a49-f7c3-417d-baed-1ff7c7b862de<br>https://srv.clickfuse.com/ads/adclkr.php?id=100006636&url=https://tv.apple.com/cz/movie/lady-and-the-tramp/umc.cmc.1zb2nq3r3yjbysv69c7nc2sue<br>https://srv.tunefindforfans.com/showads/track/srvclk.php?aid=100006796&lp=https://www.disneyplus.com/en-cz/browse/entity-f8a68a49-f7c3-417d-baed-1ff7c7b862de<br>https://srv.clickfuse.com/ads/adclkr.php?id=100006636&url=https://tv.apple.com/cz/movie/lady-and-the-tramp/umc.cmc.1zb2nq3r3yjbysv69c7nc2sue<br>https://apps.apple.com/cz/app/id6755365206<br>https://play.google.com/store/apps/details?id=cz.csfd.csfdroid<br>;British Academy of Film and Television Arts (BAFTA) (1x)<br>;;Ward Greene
389064;Kocour v botách: Poslední přání;2022;84.76884422110552;101.0;https://image.pmgstatic.com/cache/resized/w420/files/images/film/posters/166/887/166887811_a46ea6.jpg;https://www.csfd.cz/film/389064-kocour-v-botach-posledni-prani/;USA;Animovaný / Akční / Dobrodružný / Komedie / Rodinný / Fantasy;Puss in Boots: The Last Wish;Když máte k dispozici devět životů, tak vám na tom, že tu a tam něco odskáčete, vůbec nezáleží, zvlášť když jste legendární hrdina, který se dobrovolně vrhá do těch nejbláznivějších dobrodružství. Kocour v botách právě zachránil obyvatele jednoho městečka před řáděním zuřivého obra, jenže při tom přišel o předposlední ze svých životů. Takové zjištění by zamávalo s mnohem odolnějším charakterem. Kocour se proto rozhodne pověsit boty na hřebík a žít dál v relativním bezpečí kočičího útulku jako obyčejný chlupatý mazlíček. To by ovšem nesměl mít v patách drsnou Zlatovlásku a její tři drsné medvědí parťáky, kteří s ním mají nevyrovnané účty, a také tajemného Vlka, který šermuje jako ďábel (a možná taky ďábel je). Naděje naštěstí umírá poslední – v Kocourově případě má podobu legendární Hvězdy přání, která by mu mohla obnovit ztracené životy. Jenže taková vzácná věc se nesmírně těžko hledá. Kocour v botách musí spolknout hrdost a uzavřít příměří se svou věčnou soupeřkou, kočičí zlodějkou Čiči Pacičkou. Spolu s ní a novým kamarádem Psem, který kdovíproč předstírá, že je kočka, se vydává vstříc pohádkovému dobrodružství, na jehož konci na všechny čeká odměna. Tedy pokud najdou Hvězdu přání jako první. (CinemArt);21.12.2022 Universal Pictures US;láska, smrt, přátelství, přátelé, strach, zrada, nájemný vrah, hrdina, kočky, odpuštění, medvědi, vlci, přání;Joel Crawford, Januel Mercado;Antonio Banderas, Salma Hayek, Harvey Guillén, Florence Pugh, Olivia Colman, Ray Winstone, Samson Kayo, John Mulaney, Wagner Moura, Da'Vine Joy Randolph;https://srv.clickfuse.com/ads/adclkr.php?id=100006636&url=https://tv.apple.com/cz/movie/puss-in-boots-the-last-wish/umc.cmc.3ysvrfdjp7h6q8dt73t3bq23i<br>https://www.youtube.com/watch?v=ds9PjKdn3kg<br>https://srv.clickfuse.com/ads/adclkr.php?id=100006636&url=https://tv.apple.com/cz/movie/puss-in-boots-the-last-wish/umc.cmc.3ysvrfdjp7h6q8dt73t3bq23i<br>https://www.youtube.com/watch?v=ds9PjKdn3kg<br>https://apps.apple.com/cz/app/id6755365206<br>https://play.google.com/store/apps/details?id=cz.csfd.csfdroid<br>;Academy Awards (1x)<br>British Academy of Film and Television Arts (BAFTA) (1x)<br>Golden Globes (1x)<br>Critics Choice Awards (1x)<br>The Saturn Awards (1x)<br>;;
4379;Na sever Severozápadní linkou;1959;84.84208541529179;131.0;https://image.pmgstatic.com/cache/resized/w420/files/images/film/posters/160/961/160961047_3dc366.jpg;https://www.csfd.cz/film/4379-na-sever-severozapadni-linkou/;USA;Thriller / Mysteriózní / Dobrodružný / Romantický;North by Northwest;Americká kontrašpionáž si vymyslí neexistujícího agenta. Tajné služby si tohoto agenta ztotožní s reklamním odborníkem Rogerem Thornhillem (Cary Grant), který se tak jako volavka dostane do neproniknutelné hry agentů. Thornhill, pokoušející se celou věc objasnit, jen v poslední chvíli ujde jisté smrti při náletu letadla uprostřed pustiny, jehož iniciátorem byl nepřátelský agent Phillip Vandamm. Pouze krásná Eva (Eva Marie Saintová) mu nakonec podá pomocnou ruku, přestože ho zpočátku oklamala;17.07.1959 Metro-Goldwyn-Mayer (MGM);muž, láska, žena, smrt, vražda, násilí, tajemství, policie, strach, město, záhady, touha, útěk, zbraně, vyšetřování, vrah, oběť (autonehody/zločinu), cestování, manipulace, lež, intriky, pronásledování, putování, únos, zrada, boj o přežití, podvod, gangsteři, mafie, gang, podsvětí (svět zločinu), New York, agenti, křivé obvinění, vlak, letadla, špioni, výbuch, FBI, záměna identit, tajná organizace;Alfred Hitchcock;Cary Grant, Eva Marie Saint, James Mason, Jessie Royce Landis, Leo G. Carroll, Josephine Hutchinson, Philip Ober, Martin Landau, Adam Williams, Les Tremayne;https://srv.clickfuse.com/ads/adclkr.php?id=100006636&url=https://tv.apple.com/cz/movie/north-by-northwest/umc.cmc.1devtykmj8p9grkv02h7cvbk5<br>https://www.youtube.com/watch?v=TFqWlbaQp1Q<br>https://srv.clickfuse.com/ads/adclkr.php?id=100006636&url=https://tv.apple.com/cz/movie/north-by-northwest/umc.cmc.1devtykmj8p9grkv02h7cvbk5<br>https://www.youtube.com/watch?v=TFqWlbaQp1Q<br>https://apps.apple.com/cz/app/id6755365206<br>https://play.google.com/store/apps/details?id=cz.csfd.csfdroid<br>;Academy Awards (3x)<br>The Saturn Awards (1x)<br>San Sebastián International Film Festival (1x)<br>;San Sebastián International Film Festival (1x)<br>;
7121;Hořící Mississippi;1988;84.7885096850705;121.0;https://image.pmgstatic.com/cache/resized/w420/files/images/film/posters/158/597/158597903_5ad670.jpg;https://www.csfd.cz/film/7121-horici-mississippi/;USA;Krimi / Thriller / Drama;Mississippi Burning;Trojnásobná vražda na pozadí rasových nepokojů, to je výbušná kombinace. Americký film podle skutečných událostí, oceněný Oscarem. V roce 1964 dojde ve státě Mississippi k vraždě tří aktivistů za občanská práva, dvou bělochů a jednoho černocha. Vzápětí shoří dřevěný kostel, který měl sloužit jako volební místnost pro občany tmavé barvy pleti. Události vyšetřují dva agenti FBI, mladý Alan Ward (Willem Dafoe) a jeho zkušenější kolega Rupert Anderson (Gene Hackman). Idealistického Warda pobuřuje všudypřítomný rasismus amerického jihu. Mladík věří, že bude-li se přísně držet zákona, podaří se jim viníky odhalit a pohnat před soud. Jenže Anderson před lety sloužil jako šerif v jiném jižanském městečku, zná mentalitu zdejších obyvatel a dobře ví, jak moc bude jejich úkol složitý... (Česká televize);01.08.1990 Ústřední půjčovna filmů;násilí, policie, vyšetřování, podle skutečného příběhu, diskriminace, korupce, rasismus, FBI, domácí násilí, americký jih, Ku-klux-klan;Alan Parker;Gene Hackman, Willem Dafoe, Frances McDormand, Brad Dourif, R. Lee Ermey, Gailard Sartain, Stephen Tobolowsky, Michael Rooker, Pruitt Taylor Vince, Badja Djola;https://srv.clickfuse.com/ads/adclkr.php?id=100006636&url=https://tv.apple.com/cz/movie/mississippi-burning/umc.cmc.2ip1aec0kraclwpkyxzjzj6ia<br>http://www.ceskatelevize.cz<br>http://www.ceskatelevize.cz<br>https://srv.clickfuse.com/ads/adclkr.php?id=100006636&url=https://tv.apple.com/cz/movie/mississippi-burning/umc.cmc.2ip1aec0kraclwpkyxzjzj6ia<br>https://apps.apple.com/cz/app/id6755365206<br>https://play.google.com/store/apps/details?id=cz.csfd.csfdroid<br>;Academy Awards (6x)<br>British Academy of Film and Television Arts (BAFTA) (2x)<br>Golden Globes (4x)<br>Los Angeles Film Critics Association Awards (1x)<br>New York Film Critics Circle Awards (2x)<br>Berlinale (Berlin International Film Festival) (1x)<br>;Academy Awards (1x)<br>British Academy of Film and Television Arts (BAFTA) (3x)<br>Berlinale (Berlin International Film Festival) (1x)<br>;
230120;Payback: Straight Up;2006;84.83324781939456;90.0;https://image.pmgstatic.com/cache/resized/w420/files/images/film/posters/000/052/52588_1c760s.jpg;https://www.csfd.cz/film/230120-payback-straight-up/;USA;Akční / Krimi / Drama / Thriller;;Dvaja profesionálni zlodeji, Porter a Resnick, naplánujú jednorazovú akciu priamo v uliciach mesta, pri ktorej by mohli zinkasovať až pol milióna dolárov. Úspešne olúpia čínsku mafiu o 140 tisíc, no keď má prísť k deleniu peňazí, všetko sa zvrhne. Resnick kvôli finančným pohľadávkam syndikátu svojho parťáka podrazí a tým ho pripraví nielen o polovicu peňazí, ale aj o život... aspoň to si všetci mysleli. Porter sa však vracia – drsnejší a neústupnejší ako kedykoľvek predtým. A chce svoj podiel.Dlhých sedem rokov museli diváci čakať na pôvodnu verziu temnej kriminálky ODPLATA, ktorá bola v roku 1999 prestrihaná na požiadavku producentov, ktorí považovali Helgelandov režijný debut za príliš brutálny. Scenárista oscarového L.A. CONFIDENTIAL bol z pozície režiséra vyhodený a nahradený Johnom Myhrem, ktorý znova natočil tretinu filmu. Nová a vylepšená ODPLATA je výsledkom niekoľkoročnej práce Briana Helgelanda, ktorý chcel divákom predstaviť svoj film – v takej podobe, akú mali zhliadnuť už pred rokmi. (Visáč);;podle knihy, vražda, tajná organizace;Brian Helgeland;Mel Gibson, Gregg Henry, Maria Bello, Bill Duke, Deborah Kara Unger, John Glover, William Devane, Lucy Liu, David Paymer, Sally Kellerman;https://apps.apple.com/cz/app/id6755365206<br>https://play.google.com/store/apps/details?id=cz.csfd.csfdroid<br>;;;Donald E. Westlake
434921;Volyň;2016;84.9101163200564;150.0;https://image.pmgstatic.com/cache/resized/w420/files/images/film/posters/160/655/160655812_82a31b.jpg;https://www.csfd.cz/film/434921-volyn/;Polsko;Drama / Historický / Válečný;Wołyń;Píše se rok 1939. Zosia Głowacká je z malé vesnice v jihozápadní části Volyně, obývané Ukrajinci, Poláky a Židy. Láska ji poutá k ukrajinskému mladíkovi, ale otec ji provdá za bohatšího statkáře Macieje Skibu, staršího vdovce s dvěma dětmi. Život vesnice drsně a tragicky mění náznak okupace Sovětského svazu fašisty, později židovský pogrom, příchod Němců a nepovedené ukrajinské snahy o vytvoření nezávislého státu. Další bolestí poznamenává místo vlna vojsk vítězící Rudé armády, genocidu – v níž lidé tu doslova mizí, mají na svědomí bandy Banderovců. Uprostřed tohoto moře nenávisti mladá Zosia trpí, ztrácí manžela, dočasného milence a zoufale se snaží zachránit své děti… Rodinné drama, válečné drama, národnostní tragédie. Příběh tisíců vesničanů, z nichž přežije jen několik stovek, je vyprávěný právě „skrze osud jedné ženy“, v němž se zrcadlí veškerá složitost tehdejší doby. Přes komplikovanost reality a faktů ponechává režisér možnost orientace v historických událostech, daří se mu prolnout hlavní linii vyprávění se zlomky dalších lidských osudů, stejně jako nechá diváka cele projít skrze bezpráví, násilí, lidskou bolest (v poslední čtvrtině je toho navršeného zla i násilí hodně) až k symbolickému, smírnému konci. Skvělý scénář plně naplnila mimořádná realizace, podpořená folklórními prvky, úchvatnou výtvarnou stránkou, mistrnou zkratkou v zobrazení násilných či bojových akcí, desítkami válečných scén. Působivá kamera se nebojí silné exprese při zobrazování jednoduchých či několikanásobných plánů scény. Ocenění zaslouží režijní vedení hlavní ženské role i hereckých představitelů desítek drobných postav... Wojciech Smarzowski vypráví o vraždění polských civilistů ukrajinskými nacionalisty v letech 1943–1944, které je známo jako volyňský masakr. Etnické čistky a genocida byly namířeny nejen proti Polákům, ale i Ukrajincům, kteří nebyli příznivci UPA a pomáhali Polákům, v malé míře i proti ruskému obyvatelstvu, Židům, Arménům a obyvatelům jiných národností žijících v oblasti Volyně. „Neodpouštělo se“ ani smíšené manželství... Přesný počet obětí není znám. Historici odhadují, že bylo zavražděno asi 50 – 60 000 Poláků a 2 – 3 000 Ukrajinců. Tyto zločiny byly páchány a organizovány Ukrajinskou povstaleckou armádou (UPA) a Organizací ukrajinských nacionalistů (OUN). (Česká televize);07.10.2016 Forum Film PL;láska, 20. století, násilí, útěk, období 1940-1950, 2. světová válka, vojáci, vesnice, válka, armáda, nacisté, nacismus, komunismus, Židé, Rudá armáda, banderovci;Wojciech Smarzowski;Michalina Łabacz, Arkadiusz Jakubik, Wasyl Wasylik, Adrian Zaremba, Jacek Braciak, Tomasz Sapryk, Izabela Kuna, Kinga Preis, Jarosław Gruda, Wojciech Zieliński;http://www.ceskatelevize.cz<br>http://www.ceskatelevize.cz<br>https://apps.apple.com/cz/app/id6755365206<br>https://play.google.com/store/apps/details?id=cz.csfd.csfdroid<br>;Polish Film Awards (6x)<br>;Polish Film Awards (9x)<br>;
77143;Na západní frontě klid;1930;85.03058654192155;138.0;https://image.pmgstatic.com/cache/resized/w420/files/images/film/posters/167/228/167228375_9c9bf7.jpg;https://www.csfd.cz/film/77143-na-zapadni-fronte-klid/;USA;Válečný / Drama;All Quiet on the Western Front;"Zatímco většina filmů zastarává velmi rychle, neuhlazené a hluboce procítěné adaptaci protiválečné knihy Ericha Maria Remarque od režiséra Lewise Milestona léta neubrala nic z její působivosti. Ještě mnoho let po své premiéře se film nesměl promítat v zemích, které mobilizovaly do války. Film vypráví příběh skupiny mladých německých branců v době první světové války na jejich cestě od mladistvého idealismu k trpkému životnímu rozčarování. Slovy hlavního hrdiny, Paula Baumera (Lew Ayres): Žijeme v zákopech, bojujeme a snažíme se nenechat se zabít. To je celé. Příběh je antologií dnes již klasických scén: Ayers uvězněný v dělostřeleckém kráteru s Francouzem, kterého sám smrtelně zranil; první setkání branců s veterány; krutý masakr pěchoty kulometnou palbou; půlnoční plavání s dívkami z francouzské vesnice; Ayersův pacifistický proslov k ohromeným spolužákům a finální záběr vojákovi ruky, která se ve fatálním pohybu snaží dosáhnout na nedalekého motýla. (Magic Box)";19.12.1930 Universalfilm;podle knihy, černobílý film, 20. století, období 1910-1920, 1. světová válka, protiválečný;Lewis Milestone;Louis Wolheim, Lew Ayres, John Wray, Arnold Lucy, Ben Alexander, Scott Kolk, Owen Davis Jr., Walter Rogers, William Bakewell, Russell Gleason;https://srv.clickfuse.com/ads/adclkr.php?id=100006636&url=https://tv.apple.com/cz/movie/all-quiet-on-the-western-front/umc.cmc.1df99n64rb9z199xsojz7kzuz<br>https://www.youtube.com/watch?v=JnVfbDfNjuA<br>https://srv.clickfuse.com/ads/adclkr.php?id=100006636&url=https://tv.apple.com/cz/movie/all-quiet-on-the-western-front/umc.cmc.1df99n64rb9z199xsojz7kzuz<br>https://www.youtube.com/watch?v=JnVfbDfNjuA<br>https://apps.apple.com/cz/app/id6755365206<br>https://play.google.com/store/apps/details?id=cz.csfd.csfdroid<br>;Academy Awards (2x)<br>;Academy Awards (2x)<br>;Erich Maria Remarque
352865;Sowon;2013;85.26925303995368;123.0;https://image.pmgstatic.com/cache/resized/w420/files/images/film/posters/158/049/158049277_01e907.jpg;https://www.csfd.cz/film/352865-sowon/;Jižní Korea;Drama;소원;V příběhu, v jehož jádru tkví pravda o chladné skutečnosti mnoha lidí, se jen po malých dětských krůčcích pohybuje sotva osmiletá Se-won (Re Lee). Ta se na svět kolem sebe dívá i přes tíživou ekonomickou situaci rodičů, zatížených dvojím zaměstnáním a nevyzpytatelnou ekonomickou krizí, očima nadšené dívenky, očekávající za každým rohem klauna s červeným nosem či jiné radostné povyražení. Svět kolem ní hýří pestrými barvami a poletujícími úsměvy. Její mysl krouží vysoko v oblacích, když v tom se její naděje mění v živoucí peklo, když je jednoho deštivého rána, přesně takového, jaké si každý z nás dokáže při pohledu za okenní tabuli sám představit, oslovena neznámým vrávorajícím mužem. Její dětská důvěřivost ji přivádí na scestí, z něhož vede cesta jen k utrpení a nepolevující bolesti, provázející ji po celý zbytek života. Se-won je neznámým mužem na blízkém opuštěném staveništi krutě zbita a sexuálně zneužita. Díky mobilnímu telefonu je dívenka schopna dovolat se policii. Na záchranu podlomeného psychického zdraví, doprovázející ji jako bludný stín, je však již pozdě. Sexuálně zneužité dívence je po sérii operačních zákroků sděleno množství a výše fyziologických problémů, orientujících se na fatálně poškozené oblasti vývodu tlustého střeva, s nimiž se bude muset potýkat až do konce svého života. A zatímco se dívenka nachází v péči lékařů, policie zatýká podezřelého. (Conspi);02.10.2013 Lotte Entertainment;rodina, dívka, podle skutečného příběhu, trauma, nemocnice, soud, nespravedlnost, pocit viny, znásilnění, těžký úraz, pedofilie;Joon-ik Lee;Re Lee, Kjong-gu Sol, Ji-won Eom, Mi-ran Ra, Sang-ho Kim, Hae-sook Kim, Jin-seong Yang, Tae-won Kwon, Jin-hyeok Kim, Bok-rae Jo;https://apps.apple.com/cz/app/id6755365206<br>https://play.google.com/store/apps/details?id=cz.csfd.csfdroid<br>;;;Jae-won So
29221;Amélie z Montmartru;2001;84.63480414640858;117.0;https://image.pmgstatic.com/cache/resized/w420/files/images/film/posters/166/210/166210157_10bfbf.jpg;https://www.csfd.cz/film/29221-amelie-z-montmartru/;Francie / Německo;Komedie / Drama / Romantický;Le Fabuleux Destin d'Amélie Poulain;Amélie žije v pařížské čtvrti Montmartre, která je světem sama pro sebe. Je číšnicí v místním bistru, nakupuje u místního zelináře, zdraví sousedy jako na malém městě. V jejím životě se nikdy neudálo nic zvláštního, až na matčinu kuriózní smrt, nad níž Améliin tatínek stále truchlí. Amélie by asi zůstala smířená se svým osamělým údělem, kdyby jednoho dne neobjevila ve svém bytě ukrytý poklad v podobě staré krabice s památkami na dětství někdejšího nájemníka. Nejenže se Amélie rozhodne po letech doručit krabici jejímu majiteli, ale dospěje současně k poznání, že může pomáhat zlepšit a napravovat okolní svět. Když pak jednoho dne objeví člověka sbírajícího u nádražních fotoautomatů zahozené podobenky cizích lidí, Amélie se zamiluje. Trvá to ale ještě nějaký čas, než se seznámí s Ninem a než mu dovolí rozšifrovat její tajemné zprávy.;16.08.2001 PROKINO;láska, žena, otec, matka, dcera, samota, Paříž, kavárna, něha;Jean-Pierre Jeunet;Audrey Tautou, Mathieu Kassovitz, Rufus, Jamel Debbouze, Clotilde Mollet, Isabelle Nanty, Dominique Pinon, Yolande Moreau, Maurice Bénichou, Claire Maurier;https://www.ceskatelevize.cz/porady/14885668138-amelie-z-montmartru?utm_source=csfd&utm_medium=section_vod&utm_campaign=link<br>https://www.ceskatelevize.cz/porady/14885668138-amelie-z-montmartru?utm_source=csfd&utm_medium=section_vod&utm_campaign=link<br>https://apps.apple.com/cz/app/id6755365206<br>https://play.google.com/store/apps/details?id=cz.csfd.csfdroid<br>;Academy Awards (5x)<br>British Academy of Film and Television Arts (BAFTA) (7x)<br>European Film Awards (1x)<br>César Awards (9x)<br>Golden Globes (1x)<br>;Independent Spirit Awards (1x)<br>British Academy of Film and Television Arts (BAFTA) (2x)<br>European Film Awards (4x)<br>César Awards (4x)<br>Goya Awards (1x)<br>Robert Awards (Danish Film Awards) (1x)<br>Český lev (1x)<br>Guldbagge Awards (1x)<br>Amanda Awards (1x)<br>Critics Choice Awards (1x)<br>Florida Film Critics Circle Awards (2x)<br>Toronto International Film Festival (1x)<br>Mezinárodní filmový festival Karlovy Vary (1x)<br>Tallinn Black Nights Film Festival (1x)<br>Norwegian International Film Festival Haugesund (1x)<br>;
5;Žhavé výstřely 2;1993;84.65033689280241;86.0;https://image.pmgstatic.com/cache/resized/w420/files/images/film/posters/158/732/158732034_6c05c1.jpg;https://www.csfd.cz/film/5-zhave-vystrely-2/;USA;Akční / Komedie / Válečný;Hot Shots! Part Deux;Machr Harley opět v akci, a to v pokračování mimořádně úspěšné parodie. Topper Harley žije v pánském klášteře, jeho nezpůsobilý ex-velitel je v Bílém domě a na Středním východě je třeba vysvobodit skupinu amerických rukojmí. Topper je jediný muž, který to může dokázat, ale příliš se váže na svou ex-přítelkyni, než aby šel podruhé do akce - dokud ho krásná agentka CIA nedostane znovu do sedla. Harley a jeho Žhavé výstřely podnikají zábavnou misi na život a na smrt, misi ve stopách akce a napětí, nastražených léček a parodií na veškeré filmové klasiky, kde unikne zesměšnění jen málokterá známá filmová tvář.;21.05.1993 20th Century Fox;zbraně, vojáci, armáda, agenti, lodě, parodie, rukojmí, džungle, prezident, CIA;Jim Abrahams;Charlie Sheen, Lloyd Bridges, Valeria Golino, Richard Crenna, Brenda Bakke, Miguel Ferrer, Rowan Atkinson, David Wohl, Ryan Stiles, Mitchell Ryan;https://srv.tunefindforfans.com/showads/track/srvclk.php?aid=100006796&lp=https://www.disneyplus.com/en-cz/browse/entity-071144d0-cfb6-4907-8b26-0962b4e86713<br>https://srv.clickfuse.com/ads/adclkr.php?id=100006636&url=https://tv.apple.com/cz/movie/hot-shots-part-deux/umc.cmc.192c4osinxb8jaboshzuct1vq<br>https://www.youtube.com/watch?v=6327ae2h05k<br>https://srv.tunefindforfans.com/showads/track/srvclk.php?aid=100006796&lp=https://www.disneyplus.com/en-cz/browse/entity-071144d0-cfb6-4907-8b26-0962b4e86713<br>https://srv.clickfuse.com/ads/adclkr.php?id=100006636&url=https://tv.apple.com/cz/movie/hot-shots-part-deux/umc.cmc.192c4osinxb8jaboshzuct1vq<br>https://www.youtube.com/watch?v=6327ae2h05k<br>https://apps.apple.com/cz/app/id6755365206<br>https://play.google.com/store/apps/details?id=cz.csfd.csfdroid<br>;;;
18185;Toy Story 2: Příběh hraček;1999;84.63035552753489;89.0;https://image.pmgstatic.com/cache/resized/w420/files/images/film/posters/158/083/158083403_ebbc2f.jpg;https://www.csfd.cz/film/18185-toy-story-2-pribeh-hracek/;USA;Animovaný / Dobrodružný / Komedie / Rodinný;Toy Story 2;Andy odjíždí do kovbojského kampu a zanechává své hračky jejich osudu. Věci se dostanou do obrátek, když posedlý sběratel hraček Al McWhiggin, vlastník Alovy továrny na hračky, unese Woodyho. V Alově bytě Woody zjistí, že je velmi cenným sběratelským kouskem z televizní show z 50. let 20. století s názvem „Woody's Roundup“ a setkává se s dalšími cennými hračkami z této show - Jessie kovbojkou, Bullseye - koněm a Stinky Petem - prospektorem. Zpátky na místě činu Buzz Lightyear a gang z Andyho místnosti – Mr. Potato Head, Slinky Dog, Rex a Hamm – rozjedou akci, aby zachránili svého přítele, který by skončil jako muzejní kousek. Hračky se dostávají do jedné nesnáze za druhou v jejich odvážném závodu, aby dostaly Woodyho zpátky domů, než se Andy vrátí.;24.11.1999 Buena Vista Pictures US;přátelé, útěk, chlapec, únos, hračky, panenky;Ash Brannon, John Lasseter, Lee Unkrich;Tom Hanks, Tim Allen, Joan Cusack, Kelsey Grammer, Don Rickles, Jim Varney, Wallace Shawn, Carly Schroeder, Annie Potts, Wayne Knight;https://srv.tunefindforfans.com/showads/track/srvclk.php?aid=100006796&lp=https://www.disneyplus.com/en-cz/browse/entity-55bb8618-baac-449e-9f63-f402f41371a2<br>https://srv.clickfuse.com/ads/adclkr.php?id=100006636&url=https://tv.apple.com/cz/movie/toy-story-2/umc.cmc.26fwluo98zc2e2d9i595455t2<br>https://srv.tunefindforfans.com/showads/track/srvclk.php?aid=100006796&lp=https://www.disneyplus.com/en-cz/browse/entity-55bb8618-baac-449e-9f63-f402f41371a2<br>https://srv.clickfuse.com/ads/adclkr.php?id=100006636&url=https://tv.apple.com/cz/movie/toy-story-2/umc.cmc.26fwluo98zc2e2d9i595455t2<br>/film/351946-barbie-birthday-party-at-walt-disney-epcot-94/prehled/<br>https://apps.apple.com/cz/app/id6755365206<br>https://play.google.com/store/apps/details?id=cz.csfd.csfdroid<br>;Academy Awards (1x)<br>Golden Globes (1x)<br>New York Film Critics Circle Awards (1x)<br>The Saturn Awards (2x)<br>;Golden Globes (1x)<br>Critics Choice Awards (1x)<br>;
4541;Apollo 13;1995;84.59520553679569;140.0;https://image.pmgstatic.com/cache/resized/w420/files/images/film/posters/158/961/158961251_9a8cc0.jpg;https://www.csfd.cz/film/4541-apollo-13/;USA;Dobrodružný / Drama / Historický;Apollo 13;"""Nejúspěšnější neúspěšná"" akce v dějinách americké astronautiky se odehrála ve dnech 11. až 17. dubna 1970. Tehdy po pečlivých přípravách, zcela bez povšimnutí veřejnosti, která už podobné lety brala jako samozřejmost, vystartovala k měsíci posádka ve složení Jim Lovell, Fred Haise a Jack Swiger, který na poslední chvíli nahradil kvůli zdravotním potížím původního člena posádky, Kena Mattingliho. První dny letu proběhly hladce, ale pak, 13. dubna se z reproduktorů v řídícím středisku ozvalo legendární ""Houstone, máme problém."" Utrhla se jedna z nádrží s kyslíkem a poškodila přitom druhou. Začal klesat tlak, objevily se potíže se spojením. Posádka pochopila, že jejich sen, stanout na povrchu měsíce, je ztracen a změnil se v zoufalou bitvu o život. Aby ušetřili vzduch, přesunou se astronauti do přistávacího modulu a pokouší se udržet loď ve směru. V Houstonu je rozhodnuto využít pro návrat gravitační sílu Měsíce a tak astronauty čeká nesmírně obtížný, ne-li nemožný úkol. Obletět s těžce poškozenou lodí Měsíc, vrátit se k Zemi a bezpečně přistát. Celý svět se zatajeným dechem sleduje drama odehrávající se daleko za hranicemi zemské atmosféry... Film byl nominovaný na Oskara v 9 kategoriích, nakonec se mu podařilo získat dva.";30.06.1995 Universal Pictures US;podle knihy, muž, 20. století, strach, podle skutečného příběhu, kolegové, boj o přežití, vědci, vesmír, věda, období 1970-1980, vesmírná loď, kosmonauti, Měsíc, NASA, vesmírná nehoda, posádka vesmírné lodi;Ron Howard;Tom Hanks, Bill Paxton, Kevin Bacon, Gary Sinise, Ed Harris, Kathleen Quinlan, Miko Hughes, Max Elliott Slade, David Andrews, Chris Ellis;https://www.skyshowtime.com/cz/stream/movies/apollo-13/40011f23-c07e-34aa-8649-251808581c32<br>https://srv.clickfuse.com/ads/adclkr.php?id=100006636&url=https://tv.apple.com/cz/movie/apollo-13/umc.cmc.5vgm2wvd7nt2eklpd7lk1arpz<br>https://www.youtube.com/watch?v=z-gvJOmgeFU<br>https://www.skyshowtime.com/cz/stream/movies/apollo-13/40011f23-c07e-34aa-8649-251808581c32<br>https://srv.clickfuse.com/ads/adclkr.php?id=100006636&url=https://tv.apple.com/cz/movie/apollo-13/umc.cmc.5vgm2wvd7nt2eklpd7lk1arpz<br>https://www.youtube.com/watch?v=z-gvJOmgeFU<br>https://apps.apple.com/cz/app/id6755365206<br>https://play.google.com/store/apps/details?id=cz.csfd.csfdroid<br>;Academy Awards (7x)<br>British Academy of Film and Television Arts (BAFTA) (3x)<br>Golden Globes (4x)<br>The Saturn Awards (1x)<br>;Academy Awards (2x)<br>British Academy of Film and Television Arts (BAFTA) (2x)<br>Critics Choice Awards (1x)<br>;Jim Lovell, Jeffrey Kluger
7570;Na Hromnice o den více;1993;84.59935013181288;101.0;https://image.pmgstatic.com/cache/resized/w420/files/images/film/posters/164/500/164500458_cd40e2.jpg;https://www.csfd.cz/film/7570-na-hromnice-o-den-vice/;USA;Fantasy / Komedie / Romantický;Groundhog Day;Samolibý a vším otrávený moderátor počasí Bill Murray je pověřen natočením reportáže o každoročních oslavách Hromnic. Na cestě z města se dostane do ohromné bouře, která přeruší dopravu. Od té chvíle se ocitne v časové smyčce, díky které má spoustu času, aby se nad sebou mohl zamyslet... V městečku Punysutawney se vždy 2. února za svítání koná tradiční slavnost. Pomocí místního maskota - sviště Phila, se má zjistit blížící se začátek jara. Tuto kuriozitu již po několikáté se svým štábem natáčí a komentuje televizní specialista na meteorologii - jmenovec populárního sviště - Phil. Blazeovaného snoba a cynika tato záležitost nudí a naléhá na okamžitý návrat, který je znemožněn sněhovou kalamitou. Phil odmítne pozvání své mladé produkční Rity na večírek v místním hotelu a odchází spát. Ráno se probudí a je opět 2. února - opět se odehrává slavnostní ceremoniál, který je potřeba natočit. Čas se zastavil a jediný, který si to uvědomuje, je Phil. Zprvu je touto situací zaskočen, pak se začne cynicky bavit, ale když se události 2. února stále opakují, začne využívat svých znalostí o tom, co se ten den stane, také i ve prospěch svého okolí. Philova povaha se mění a on získává Ritiny sympatie. Když se jednou společně probudí, je před nimi nový den...;12.02.1993 Columbia/Sony;láska, rande, hotel, reportéři, bar, tradice, maloměsto, cestování časem, druhá šance, časová smyčka;Harold Ramis;Bill Murray, Andie MacDowell, Chris Elliott, Stephen Tobolowsky, Brian Doyle-Murray, Marita Geraghty, Rick Ducommun, Rick Overton, Robin Duke, Ken Hudson Campbell;https://www.hbomax.com/cz/en/movies/groundhog-day/2604d84b-06e9-4ddc-a746-7869b49b6c64<br>https://srv.clickfuse.com/ads/adclkr.php?id=100006636&url=https://tv.apple.com/cz/movie/groundhog-day/umc.cmc.1w6jlmh7a3csaxq764zd0b6f0<br>https://www.youtube.com/watch?v=n4uB9hdzwjc<br>https://www.hbomax.com/cz/en/movies/groundhog-day/2604d84b-06e9-4ddc-a746-7869b49b6c64<br>https://srv.clickfuse.com/ads/adclkr.php?id=100006636&url=https://tv.apple.com/cz/movie/groundhog-day/umc.cmc.1w6jlmh7a3csaxq764zd0b6f0<br>https://www.youtube.com/watch?v=n4uB9hdzwjc<br>https://apps.apple.com/cz/app/id6755365206<br>https://play.google.com/store/apps/details?id=cz.csfd.csfdroid<br>;New York Film Critics Circle Awards (1x)<br>The Saturn Awards (5x)<br>;British Academy of Film and Television Arts (BAFTA) (1x)<br>The Saturn Awards (1x)<br>;
134171;Crash;2004;84.65271047360599;112.0;https://image.pmgstatic.com/cache/resized/w420/files/images/film/posters/159/497/159497614_cbd658.jpg;https://www.csfd.cz/film/134171-crash/;USA / Německo;Drama / Krimi;Crash;"Hospodyně z Brentwoodu a její manžel, okresní prokurátor. Perský majitel obchodu. Dva policejní detektivové, kteří jsou milenci. Ředitel televize tmavé pleti a jeho manželka. Mexický zámečník. Dva zloději aut. Policejní nováček. Korejský pár ve středním věku. Všichni žijí v Los Angeles. A během následujících 36 hodin se všichni střetnou. Snímek Crash, provokativní a nebojácný pohled na složitost rasové problematiky v Americe, je jedním z mála filmů, které se snaží v publiku vyvolat zamyšlení nad vlastními předsudky. Podmanivé městské drama se noří do atmosféry Los Angeles po 11. září a sleduje protínání příběhů jeho hlavních hrdinů, pocházejících z různých etnických skupin. Zatímco postavy vzájemně vstupují do svých životů a zase je opouštějí, zkoumá film strach a bigotnost z mnoha různých perspektiv. V bojové zóně intolerance není nikdo v bezpečí. A nikdo není imunní vůči zuřivosti, která podněcuje násilí a mění životy... Zajímavé, silné a nepředvídatelné drama Crash odvážně zkoumá šedé místo mezi černou a bílou, místo mezi obětí a agresorem. a nenachází žádná jednoduchá řešení. V hlavních rolích dynamického celovečerního debutu držitele ceny Emmy, režiséra, scénáristy a producenta Paula Haggise, se představí Sandra Bullock, Don Cheadle, Matt Dillon, Jennifer Esposito, William Fichtner, Brendan Fraser, Terrence Howard, Chris ""Ludacris"" Bridges, Thandie Newton, Ryan Phillippe a Larenz Tate. Producenty filmu jsou Cathy Schulman, Don Cheadle, Bob Yari, Mark R. Harris, Bobby Moresco a Paul Haggis.";06.05.2005 Lionsgate US;muž, láska, žena, rodina, smrt, vražda, dívka, tajemství, otec, děti, matka, rodiče, policie, strach, mládež, manželé, město, záhady, dcera, syn, zbraně, vyšetřování, ženy, oběť (autonehody/zločinu), pátrání, pomsta, sourozenci, lež, zločin, boj o přežití, podvod, mrtvola, bratři, dům, kriminalita, nenávist, dilema, naděje, krádež, zloděj, umírání, loupež, nehoda, nespravedlnost, střelné zbraně, zoufalství, manželství, diskriminace, paranoia, panika, korupce, pocit viny, přepadení, právníci, šikana, střelba, rasismus, hádka, autonehoda, předsudky, přistěhovalci, imigrace, obchod (prodejní místo), pochyby, vztek, cizinec (neznámý člověk), pašování, místo činu, Kalifornie, Los Angeles, vyhrožování, požár, lítost, noc, oheň, výčitky svědomí, emoce, bratr, úplatky, kriminální policie, stopař, záchranná operace, státní zástupce, uklízečka, zloděj aut;Paul Haggis;Sandra Bullock, Don Cheadle, Matt Dillon, Jennifer Esposito, William Fichtner, Brendan Fraser, Terrence Howard, Ludacris, Thandiwe Newton, Ryan Phillippe;https://apps.apple.com/cz/app/id6755365206<br>https://play.google.com/store/apps/details?id=cz.csfd.csfdroid<br>;Academy Awards (3x)<br>British Academy of Film and Television Arts (BAFTA) (7x)<br>European Film Awards (1x)<br>Robert Awards (Danish Film Awards) (1x)<br>Golden Globes (2x)<br>Critics Choice Awards (4x)<br>New York Film Critics Circle Awards (1x)<br>;Academy Awards (3x)<br>Independent Spirit Awards (2x)<br>British Academy of Film and Television Arts (BAFTA) (2x)<br>Critics Choice Awards (2x)<br>;
19977;Planeta opic;1968;84.6772958759112;112.0;https://image.pmgstatic.com/cache/resized/w420/files/images/film/posters/166/003/166003470_460374.jpg;https://www.csfd.cz/film/19977-planeta-opic/;USA;Sci-Fi / Dobrodružný / Drama;Planet of the Apes;Někde ve vesmíru přece musí být něco, co je lepší než člověk. Když se Charlton Heston a a další dva astronauti proberou z hluboké hybernace, zjistí, že jejich kosmická loď je zničena. Při útěku zjistí, že přistáli na planetě, na které žijí inteligentní opice. Heston je odchycen a uvězněn ve městě - zbytek posádky a později i několik opic se mu samozřejmě snaží pomoci z vězení uprchnout. To se nakonec podaří a všichni jsou volní, aby ale v samém závěru všichni zjistili strašnou věc... (Magic Box);03.04.1968 20th Century Fox;podle knihy, muž, útěk, soud, budoucnost, postapokalyptická budoucnost, cestování časem, opice, kosmonauti, gorily, šimpanzi, orangutani;Franklin J. Schaffner;Charlton Heston, Roddy McDowall, Kim Hunter, Maurice Evans, James Whitmore, James Daly, Linda Harrison, Robert Gunner, Lou Wagner, Woodrow Parfrey;https://srv.tunefindforfans.com/showads/track/srvclk.php?aid=100006796&lp=https://www.disneyplus.com/en-cz/browse/entity-cc1ecc55-f081-40d0-82c7-50e67b85995c<br>https://srv.clickfuse.com/ads/adclkr.php?id=100006636&url=https://tv.apple.com/cz/movie/planet-of-the-apes/umc.cmc.22ghp9irlqn1ch8ijtgsuli99<br>https://www.youtube.com/watch?v=0406FkqYXV8<br>https://srv.tunefindforfans.com/showads/track/srvclk.php?aid=100006796&lp=https://www.disneyplus.com/en-cz/browse/entity-cc1ecc55-f081-40d0-82c7-50e67b85995c<br>https://srv.clickfuse.com/ads/adclkr.php?id=100006636&url=https://tv.apple.com/cz/movie/planet-of-the-apes/umc.cmc.22ghp9irlqn1ch8ijtgsuli99<br>https://www.youtube.com/watch?v=0406FkqYXV8<br>https://apps.apple.com/cz/app/id6755365206<br>https://play.google.com/store/apps/details?id=cz.csfd.csfdroid<br>;Academy Awards (2x)<br>The Saturn Awards (1x)<br>;Academy Awards (1x)<br>;Pierre Boulle
221284;Let číslo 93;2006;84.64633140972795;111.0;https://image.pmgstatic.com/cache/resized/w420/files/images/film/posters/159/512/159512361_d46efd.jpg;https://www.csfd.cz/film/221284-let-cislo-93/;Velká Británie / USA / Francie;Historický / Drama / Krimi / Thriller;United 93;"Let číslo 93 aerolinek United Airlines startoval kvůli čekání na ranveji o něco později. Když letadlo dosáhlo letové výšky, už byly dostupné zprávy o unesených letadlech. Piloti dostali textovou zprávu: ""Pozor na vpád do kokpitu, dvě letadla narazila do Světového obchodního centra."" O chvilku později do kokpitu vtrhli únosci, z rádia se ozvalo dvakrát Mayday, pak se řízení zmocnil únosce. Pravděpodobným cílem letadla měl být důležitý objekt ve Washingtonu, spekuluje se o sídle Kongresu nebo Bílém domě. Pasažéři uneseného boeingu se telefonicky spojili s policií, linkou United Airlines i svými blízkými na zemi. Dozvěděli se o únosech letadel a jejich nárazech do budovy Světového obchodního centra. Podle rekonstrukce událostí se pak pasažéři odhodlali k odporu. (TV Nova)";02.06.2006 United International Pictures UK;vražda, únos, teroristé, výbuch, bomba, letadlo v ohrožení, útoky z 11. září 2001;Paul Greengrass;Cheyenne Jackson, Khalid Abdalla, Lewis Alsamari, Trish Gates, Omar Berdouni, Jamie Harding, Gregg Henry, Ben Sliney, John Rothman, Corey Johnson;https://www.youtube.com/watch?v=3kHolS-N-AI<br>https://www.youtube.com/watch?v=3kHolS-N-AI<br>https://apps.apple.com/cz/app/id6755365206<br>https://play.google.com/store/apps/details?id=cz.csfd.csfdroid<br>;Academy Awards (2x)<br>British Academy of Film and Television Arts (BAFTA) (4x)<br>Critics Choice Awards (2x)<br>;British Academy of Film and Television Arts (BAFTA) (2x)<br>Los Angeles Film Critics Association Awards (1x)<br>New York Film Critics Circle Awards (1x)<br>;
253387;Mary a Max;2009;84.68067382450944;89.0;https://image.pmgstatic.com/cache/resized/w420/files/images/film/posters/000/060/60163_3961f6.jpg;https://www.csfd.cz/film/253387-mary-a-max/;Austrálie;Animovaný / Komedie / Drama;Mary and Max;Dvě rozdílné povahy, dva rozdílné osudy a půlka světa spojuje tento animovaný příběh, který vypráví o přátelství dvou zcela odlišných lidí, kteří se znají jen prostřednictvím svých dopisů. Mary Daisy Dinkle, baculaté osmileté holčičky žijící na předměstí australského Melbourne a Maxe Horowitze, velmi obézního čtyřiačtyřicetiletého Žida žijícího v pulsujícím New Yorku, trpícího Aspergerovým syndromem. Film sleduje Maryino dospívání a Maxův přechod ze středního k pozdnímu věku a objevuje mezi nimi silné pouto, které překoná o hodně víc než obvyklé kamarádské vzestupy a pády. Mary a Max nás vedou cestou neobyčejného přátelství, které musí čelit autismu, taxidermii, psychiatrii, alkoholismu, obezitě, kleptománii, sexuálním rozdílům, důvěře, kopulujícím psům, náboženským rozdílům, agorafobii a mnoha dalším životním překvapením. Celovečerní animovaný film MARY A MAX byl poprvé uveden na filmovém festivalu Sundance v roce 2009. Tento film autora a režiséra Adama Elliota produkovala Melanie Coombs a postavičky namluvili Toni Collette (Mary), Philip Seymour Hoffman (Max), Barry Humphries (Vypravěč) a Eric Bana (Damien).;09.04.2009 Icon Film Distribution;muž, přátelství, přátelé, dívka, děti, mládež, město, nemoc, New York, samota, alkoholismus, duševní porucha, deprese, Židé, Austrálie, stop motion animace, autismus, obezita, Aspergerův syndrom, agorafobie;Adam Elliot;Toni Collette, Philip Seymour Hoffman, Eric Bana, Barry Humphries, Bethany Whitmore, Christopher Massey, Julie Forsyth, Alf Klimek, Melanie Coombs, Hamish Hughes;https://apps.apple.com/cz/app/id6755365206<br>https://play.google.com/store/apps/details?id=cz.csfd.csfdroid<br>;;Berlinale (Berlin International Film Festival) (1x)<br>;
26204;Jestli se rozzlobíme, budeme zlí;1974;84.67276499434176;101.0;https://image.pmgstatic.com/cache/resized/w420/files/images/film/posters/000/031/31203_ie0mgz.jpg;https://www.csfd.cz/film/26204-jestli-se-rozzlobime-budeme-zli/;Itálie / Španělsko;Komedie / Akční;Jestliže se rozzlobíme...;Hlavní cenou pro vítěze automobilových závodů je zbrusu nový závodní speciál. Potíž je v tom, že po dramatickém závodu projedou cílem, zaklesnuti do sebe, dva závodníci současně. Kid a Ben. Vůz je však jen jeden, a tak Kid navrhne, aby si dali závod v tom, kdo sní víc párků a vypije víc piva a vítězi pak připadne výhra. Vypraví se do lunaparku poblíž Benovy dílny a ve zdejší restauraci se pustí do závodu. Těsně před rozhodujícím párkem se však v lunaparku objeví banda gangsterů, kteří pod vedením Attily a Binga začnou demolovat vše kolem sebe a jednou z věcí, které zničí, je také nový vůz Bena a Kida. Jediným důvodem, proč gangsteři v lunaparku řádili, je šéf, který se na radu svého psychiatra rozhodl ukázat všem jak moc je zlý. Neurotický doktor nutí šéfa, aby v podobných akcích pokračoval. Cílem je dosáhnout uzavření lunaparku a pak na jeho místě postavit mrakodrap, z něhož by doktor dostal deset procent zisku. Zatímco Kid se v lunaparku seznámí s pohlednou provazochodkyní, Ben zpívá v místním sboru a pak v dílně nacvičuje novou píseň. Navštíví ho tu Kid, který ho přesvědčí, že by měli po šéfovi gangsterů chtít náhradu za zničený vůz. Vypraví se do jeho restaurace a dají mu ultimátum. Pokud nedostanou nový vůz do zítřejšího poledne, rozzlobí se a budou zlí. Psychiatr však šéfa přesvědčí, že k nim musí být nemilosrdný. Šéf proto nařídí Attilovi, aby to s nimi vyřídil. Ať se však gangster snaží seč může, jeho pokusy zlikvidovat Kida a Bena se nedaří. Dvojic hlavních hrdinů si hravě poradí i s několikanásobnou přesilou. Druhý den se před Benovou dílnou objeví deset motocyklistů, kteří začnou dvojici závodníků provokovat. Těm se je po divoké honičce podaří vylákat na rozlehlou louku za městem, kde je postupně jednoho po druhém zlikvidují. Doktor najme na zlikvidování dvojice nejlepšího zabijáka z podsvětí, přezdívaného Paganini. Ani ten si však na dvojici hrdinů nepřijde. Nakonec se dvojice objeví před dveřmi šéfovy restaurace. A to už se opravdu zlobí. Je jisté, že šéf a jeho banda vzápětí zažijí velmi krušné chvíle.;V TV od 05.01.1980 Československá televize;přátelství, souboje, mafie, vydírání, bar, nájemný vrah, motorky, rychlá auta, buddy movie, pěvecký sbor;Marcello Fondato;Terence Hill, Bud Spencer, John Sharp, Patty Shepard, Donald Pleasence, Manuel de Blas, Deogratias Huerta, Luis Barbero, Emilio Laguna, Rafael Albaicín;https://www.youtube.com/watch?v=ev1REgOWIbI<br>https://www.youtube.com/watch?v=ev1REgOWIbI<br>https://apps.apple.com/cz/app/id6755365206<br>https://play.google.com/store/apps/details?id=cz.csfd.csfdroid<br>;;;
2231;Billy Elliot;2000;84.60798308220988;110.0;https://image.pmgstatic.com/cache/resized/w420/files/images/film/posters/159/532/159532952_513a9a.jpg;https://www.csfd.cz/film/2231-billy-elliot/;Velká Británie / Francie;Drama / Komedie / Hudební;Billy Elliot;"Drsný ""macho"" otec (Gary Lewis) jedenáctiletého Billyho (Jamie Bell) se rozhodne, aby se synek pochlapil, že ho pošle do kurzů boxu v místním sportovním středisku. Billy se snaží proniknout do tajů tohoto drsného sportu, když se ale vedle v sále roztočí sukénky malých budoucích primabalerin, učarován ladností jejich pohybů, zůstává jako přilepený na místě a hlavou mu víří myšlenky typu ""co by tomu řekl jeho otec, co by tomu řekl jeho militantní bratr"". Touha je ale silnější než on a tak se domluví s paní Wilkinsonovou (Julie Walters), která má na starosti baletní potěr, aby ho zařadila mezi dívky. Po krátké době Billy objevil nový svět a bylo jasné, že jeho talent je obrovský. Paní Wilkinsonová ho přihlásí do konkurzu na prestižní Královskou baletní školu, ale ještě ho čeká další těžká zkouška - získat pochopení ze strany otce a bratra...";21.08.2020 Park Circus;rodina, přátelství, přátelé, 20. století, otec, děti, podle divadelní hry, policie, mládež, syn, chlapec, gay, škola, sourozenci, umění, učitel, bratři, studenti, LGBTQ+, homosexualita, tanec, diskriminace, chudoba, období 1980-1990, třídní boj, box, balet, důl, přání, horníci, stávka;Stephen Daldry;Jamie Bell, Julie Walters, Gary Lewis, Jamie Draven, Jean Heywood, Mike Elliot, Nicola Blackwell, Colin Maclachlan, Trevor Fox, Charlie Hardwick;https://srv.clickfuse.com/ads/adclkr.php?id=100006636&url=https://tv.apple.com/cz/movie/billy-elliot/umc.cmc.3qqhuxhoaid1oeo386c4jpib2<br>https://srv.clickfuse.com/ads/adclkr.php?id=100006636&url=https://tv.apple.com/cz/movie/billy-elliot/umc.cmc.3qqhuxhoaid1oeo386c4jpib2<br>https://apps.apple.com/cz/app/id6755365206<br>https://play.google.com/store/apps/details?id=cz.csfd.csfdroid<br>;Academy Awards (3x)<br>British Academy of Film and Television Arts (BAFTA) (10x)<br>European Film Awards (3x)<br>César Awards (1x)<br>Goya Awards (1x)<br>Golden Globes (2x)<br>;British Academy of Film and Television Arts (BAFTA) (3x)<br>British Independent Film Awards (BIFA) (4x)<br>Amanda Awards (1x)<br>Critics Choice Awards (1x)<br>Norwegian International Film Festival Haugesund (1x)<br>;
3116;Kristian;1939;84.69255124145975;95.0;https://image.pmgstatic.com/cache/resized/w420/files/images/film/posters/168/751/168751115_v4kjmi.jpg;https://www.csfd.cz/film/3116-kristian/;Protektorát Čechy a Morava;Komedie / Romantický;Kristian;"Na jaře 1939 byl natočen jeden z lepších filmů československé kinematografie – Kristian. Tato společenská komedii v režii Martina Friče vznikla podle francouzské divadelní hry ""Kristian"". Hlavním hrdinou je úředník cestovní kanceláře Alois Novák (Oldřich Nový), který se jednou za měsíc vydává do „velkého světa“ baru Orient. Zde se také seznámí s mladou a bohatou Zuzanou Rendlovou (Adina Mandlová). Ta prohlédne jeho dvojí život a vrátí jej do reality po boku věrné manželky Mařenky (Nataša Gollová). Zuzanina snoubence Freda hrál v tomto filmu Raoul Schránil, stejně jako v několika dřívějších filmech. Přestože námět filmu nebyl nijak objevný, vkusná realizace a oduševnělé výkony obou hlavních představitelů učinily z Kristiana evergreen českého filmu. Kristian byl uveden na mezinárodním filmovém festivalu v Benátkách a Adina Mandlová s Martinem Fričem dostala za svou roli cenu ministra průmyslu a obchodu. V Kristianovi se Adina Mandlová poprvé sešla s vycházející hvězdou Natašou Gollovou, která pak v letech 1939 - 1943 hrála hlavní role v šestnácti filmech a v šesti z nich hrála spolu s Mandlovou. Mandlová s Gollovou se v soukromém životě staly přítelkyněmi, jak o tom vypráví Adina Mandlová ve svých pamětech, přestože v době druhé světové války se dělily o přízeň jednoho muže (německo - český producent Willy Söhnel). Kristian měl premiéru 8. září 1939 a v premiérovém nasazení byl uváděn pět týdnů. Po druhé světové válce byl film uveden znovu, ale tehdy z něj byly vystřiženy některé scény Adiny Mandlové s Járou Kohoutem. Název filmu na originálních úvodních titulcích: Kristian. V dobových popiscích i v jiných písemných materiálech: Kristián. Bytové zařízení dodaly Spojené UP závody.";08.09.1939 AB;černobílý film, láska, podle divadelní hry, manželé, lež, podvod, bar, změna identity;Martin Frič;Oldřich Nový, Adina Mandlová, Nataša Gollová, Raoul Schránil, Bedřich Veverka, Jára Kohout, Anna Steimarová, Jaroslav Marvan, Čeněk Šlégl, Josef Bělský;https://apps.apple.com/cz/app/id6755365206<br>https://play.google.com/store/apps/details?id=cz.csfd.csfdroid<br>;;;
10099;Baron Prášil;1961;84.64879671297201;83.0;https://image.pmgstatic.com/cache/resized/w420/files/images/film/posters/164/304/164304006_1277cd.jpg;https://www.csfd.cz/film/10099-baron-prasil/;Československo;Dobrodružný / Fantasy / Sci-Fi / Animovaný;The Outrageous Baron Munchausen;Novodobý astronaut Toník přistane na Měsíci, kde se setká se zvláštní společností. Patří k ní Cyrano z Bergeracu, hrdinové verneovky Do Měsíce, ale především chvástavý baron Prášil. Všichni jej srdečně vítají se sklenkou vína a přejí si, aby domnělý Měsíčňan poznal kouzlo života na Zemi. Baron Prášil se pak spolu s Toníkem vypraví do Turecka, kde ze zajetí zákeřného sultána vysvobodí půvabnou princeznu Bianku. Vychloubačný baron se ji snaží okouzlit a vrhá se proto do bláznivých dobrodružství – ocitá se v útrobách mořské velryby, proletí se na pařátech obrovitého ptáka, na mořském koníkovi plave pod vodní hladinou, na dělové kouli se přesunuje do válečných vřav. Bianku však během fantaskních eskapád učaruje odvážný snílek Toník a nakonec společně doputují tam, kde příběh začal – na bledý Měsíc. Ten totiž patří nejen básníkům a fantastům, ale především milencům. (AČFK);21.09.1962 Ústřední půjčovna filmů;podle knihy, vojáci, ostrov, lodě, 18. století, princezna, vynálezce, kosmonauti, Měsíc, velryby, tónovaný film;Karel Zeman;Miloš Kopecký, Jana Brejchová, Rudolf Jelínek, Karel Höger, Eduard Kohout, Jan Werich, Bohuš Záhorský, Rudolf Hrušínský, Miloslav Holub, František Šlégr;https://srv.clickfuse.com/ads/adclkr.php?id=100006636&url=https://tv.apple.com/cz/movie/the-fabulous-baron-munchausen/umc.cmc.1xpxqxi7t2gznj7lqy5ptwk1s<br>https://www.youtube.com/watch?v=A7gBYWQC29s<br>https://srv.clickfuse.com/ads/adclkr.php?id=100006636&url=https://tv.apple.com/cz/movie/the-fabulous-baron-munchausen/umc.cmc.1xpxqxi7t2gznj7lqy5ptwk1s<br>https://www.youtube.com/watch?v=A7gBYWQC29s<br>https://apps.apple.com/cz/app/id6755365206<br>https://play.google.com/store/apps/details?id=cz.csfd.csfdroid<br>;The Saturn Awards (1x)<br>;;Gottfried August Bürger
222173;Životy těch druhých;2006;84.67855537239622;137.0;https://image.pmgstatic.com/cache/resized/w420/files/images/film/posters/159/482/159482704_2b81e3.jpg;https://www.csfd.cz/film/222173-zivoty-tech-druhych/;Německo;Drama / Thriller;Das Leben der Anderen;"Na začátku osmdesátých let minulého století je Východní Německo prolezlé tajnou vnitřní policií Stasi, jež má třicet pět tisíc tajných agentů a šestinásobek přisluhovačů a informátorů. Na každého občana země si vedou složku a postupně je všechny doplňují. Úspěšný dramatik Georg Dreyman (Sebastian Koch) a jeho dlouholetá společnice herečka Christa-Maria Sieland (Martina Gedeck) jsou velmi populární a režimem podporovaní umělci, přesto ani oni nejsou vždy loajální. Když se jednoho dne ministr kultury Bruno Hempf (Thomas Thieme) ""zamiluje"" do Christy, nechá ji sledovat tajnou službou. Gerd Wiesler (Ulrich Mühe) kdysi chtěl sám jít k divadlu, ale svou životní dráhu skončil u Stasi. Nyní sleduje Christu a jeho sny a její život ho fascinují stále víc a jeho víra v správnost a vůbec v existenci jeho práce ho nenávratně opouštějí.Mladý a nadějný německý režisér Florian Henckel von Donnersmarck natočil dramatický a téměř dokumentární film o praktikách práce východoněmecké tajné služby podle vlastního scénáře. Pedantsky se držel skutečných lokací i agenty používaných postupů a vytvořil obraz neutěšeného života pod dozorem. Jeho film byl oceněn mnoha německými filmovými cenami a Oscarem za nejlepší cizojazyčný film. (monolog)";23.03.2006 Buena Vista Int. DE;muž, láska, žena, 20. století, manželé, město, politika, sláva, spisovatel, agenti, herci, politik, komunismus, divadelní prostředí, špioni, sledování, období 1980-1990, divadlo, Německo, studená válka, Berlín, tajná policie, voyeurismus, odposlech, Stasi;Florian Henckel von Donnersmarck;Martina Gedeck, Ulrich Mühe, Sebastian Koch, Ulrich Tukur, Thomas Thieme, Hans-Uwe Bauer, Herbert Knaup, Charly Hübner, Martin Brambach, Volker Michalowski;https://apps.apple.com/cz/app/id6755365206<br>https://play.google.com/store/apps/details?id=cz.csfd.csfdroid<br>;British Academy of Film and Television Arts (BAFTA) (4x)<br>European Film Awards (3x)<br>German Film Awards (4x)<br>Golden Globes (1x)<br>;Academy Awards (1x)<br>Independent Spirit Awards (1x)<br>British Academy of Film and Television Arts (BAFTA) (1x)<br>European Film Awards (3x)<br>César Awards (1x)<br>German Film Awards (7x)<br>Robert Awards (Danish Film Awards) (1x)<br>Polish Film Awards (1x)<br>Guldbagge Awards (1x)<br>Los Angeles Film Critics Association Awards (1x)<br>New York Film Critics Circle Awards (1x)<br>Warsaw International Film Festival (1x)<br>Norwegian International Film Festival Haugesund (2x)<br>;
