idCsfd;sTitle;iYear;iRating;iRuntime;urlPoster;urlCsfd;sCountry;sGenre;sTitle_EN;sStory;sCopyright;sTags;sSeries;sEpisodes;sDirector;sActor;sAuthor;sPlatforms;sNominated;sWinner
407733;Mamon;2015;79.92134242265338;;https://image.pmgstatic.com/cache/resized/w420/files/images/film/posters/160/174/160174012_7ddc60.jpg;https://www.csfd.cz/film/407733-mamon/;Česko;Krimi / Thriller;;Hlavním hrdinou příběhu je novinář, který se zabývá kauzou kolem významného státem řízeného podniku. Při zajišťování podkladů ke vznikající reportáži narazí novinář na kontroverzní informace týkající se jeho vlastního bratra, který je do skandálního případu osobně zapleten. (HBO Europe);Na DVD od 07.09.2016 Magic Box;láska, rodina, smrt, otec, policie, syn, vyšetřování, politika, podvod, bratři, novináři, sebevražda, korupce, výslech, sledování, policejní stanice, Praha;0.0;6.0;Vladimír Michálek;Matěj Hádek, Eva Leimbergerová, Gabriela Míčová, Michal Dlouhý, Tereza Hof, Daniel Tůma, Igor Bareš, Ondřej Malý, Dušan Sitek, Pavlína Štorková;;http://www.hbo.eu<br>http://www.hbo.cz/mamon<br>https://apps.apple.com/cz/app/id6755365206<br>https://play.google.com/store/apps/details?id=cz.csfd.csfdroid<br>;;Český lev (1x)<br>
191229;Příhody dráčka Soptíka;1975;80.1639344262295;;https://image.pmgstatic.com/cache/resized/w420/files/images/film/posters/158/599/158599492_7da9b4.jpg;https://www.csfd.cz/film/191229-prihody-dracka-soptika/;Itálie;Animovaný / Rodinný;Draghetto Grisù;Kdo by ho neznal. Malý dráček Soptík, který si i přes rozhořčení svého otce vzal do hlavy, že se stane hasičem. Nicméně nejspíš díky nedostatku pracovních míst u požárníků si Soptík nakonec vyzkouší řadu různých povolání, jako vlakvedoucí, tajný agent, astronaut, nebo fyzik. Nic není tomuto malému dráčkovi za těžko a přes to přese všechno stále touží po jediném - stát se hasičem. (Fary);Na DVD od 03.12.2009 BH Promo;podle komiksu, draci;;;Toni Pagot;Paolo Torrisi;Nino Pagot;https://apps.apple.com/cz/app/id6755365206<br>https://play.google.com/store/apps/details?id=cz.csfd.csfdroid<br>;;
77117;Ren a Stimpy;1991;80.14176018901358;;https://image.pmgstatic.com/cache/resized/w420/files/images/film/posters/170/155/170155339_s33cxw.jpg;https://www.csfd.cz/film/77117-ren-a-stimpy/;USA / Kanada;Animovaný / Komedie / Dobrodružný;Show Rena a Stimpyho;"Ren a Stimpy, celými jmény Ren Höek a Stimpson J. Cat jsou pes a kocour, kteří se však jen těžko ke svým živočišným druhům dají přiřadit. Ren je psychotická nervní čivava s astmatem, Stimpy je tlustý líný kocour s modrým nosem. Ale hlavně jsou oba velmi, velmi, velmi nechutní. Na televizní obrazovky byli svými tvůrci vypuštěni 11. srpna 1991 a nadělali tam pěknou paseku. během pěti serií obsahujících 52 dílů předvedli milionům lidí, jak lze honit pšouk po celém městě, zúčastnit se soutěže o nejodpornější zvíře na světě a podobné vylomeniny. V roce 2003 zaznamenali comeback v ještě drsnější verzi pod názvem Ren & Stimpy ""Adult Party Cartoon"" čili animák pro dospělé. Odvysílány však byly pouze tři díly, více jich televizní společnost nedokázala skousnout. Zajímavostí také je, že v epizodě Powdered Toast Man daboval roli papeže Frank Zappa. (filiperros)";V TV od 11.08.1991 Nickelodeon;;5.0;52.0;Bob Camp, John Kricfalusi, Gregg Vanzo;Billy West, Harris Peet, Bob Camp, Cheryl Chase, John Kricfalusi, Jack Carter, Vincent Waller, Charlie Brissette, Jim Smith, Gary Owens;;https://apps.apple.com/cz/app/id6755365206<br>https://play.google.com/store/apps/details?id=cz.csfd.csfdroid<br>;The Saturn Awards (1x)<br>;
221543;Blood+;2005;80.18043025676613;;https://image.pmgstatic.com/cache/resized/w420/files/images/film/posters/165/812/165812704_52349d.jpg;https://www.csfd.cz/film/221543-blood/;Japonsko;Animovaný / Akční / Drama / Horor;Blood+;Říká se jim Chiropterani – věčně hladová nesmrtelná monstra, která mohou libovolně měnit svůj vzhled. Nejčastěji volí podobu lidskou a skrývají se přímo mezi námi. Proti nim stojí organizace Rudý štít. Tato válka postupně nabývá čím dál hrozivějších podob... Saya Otonashi je normální středoškolskou studentkou. Má jediný problém – pamatuje si pouze poslední rok svého života. Jednoho dne se objeví muž jménem Hagi a předá ji katanu. Cesta za pravdou začíná... (Fabienne);V TV od 08.10.2005 MBS;anime, upíři;0.0;50.0;Džun'iči Fudžisaku, Kazuto Nakazawa, Susumu Kudó;Eri Kitamura, Kacujuki Koniši, Hirojuki Jošino, Akiko Jadžima, Hóčú Ócuka, Keidži Fudžiwara, Akira Išida, Kentaró Itó, Júko Kaida, Ami Košimizu;;https://apps.apple.com/cz/app/id6755365206<br>https://play.google.com/store/apps/details?id=cz.csfd.csfdroid<br>;;
282521;Ve znamení raka;2010;80.28941355674029;;https://image.pmgstatic.com/cache/resized/w420/files/images/film/posters/164/680/164680805_08386d.jpg;https://www.csfd.cz/film/282521-ve-znameni-raka/;USA;Komedie / Drama;The Big C;Ústřední postavou tohoto seriálu je učitelka Cathy. Její život vypadá naprosto stejně jako příběh jakékoliv jiné ženy z amerického předměstí - nudně a stále stejně. Vše se ale otočí vzhůru nohama v momentě, kdy se Cathy dozví, že má rakovinu a že ji pravděpodobně nezbývá mnoho času. Rozhodne se tedy zahodit konvence a tradice a konečně se pro jednou chovat jak chce ona a ne, jak chtějí druzí. Způsob, jakým se s údělem vyrovnává ve společnosti jejího lehce nevyspělého manžela, pubertálního syna či bratra, radikálně bojujícího za záchranu celé planety, překvapí a rozesměje asi každého. (xxx-ivush);V TV od 16.08.2010 Showtime;rodina, smrt, přátelství, přátelé, otec, matka, rodiče, syn, chlapec, škola, sourozenci, lež, podvod, učitel, doktoři, nemoc, studenti, střední škola, nemocnice, umírání, těhotenství, prostituce, prostitutka, sousedi, snoubenci, rakovina, potrat, lék, skupinová terapie;4.0;40.0;Michael Engler, Craig Zisk, Tricia Brock;Laura Linney, Oliver Platt, Gabriel Basso, John Benjamin Hickey, Gabourey Sidibe, Phyllis Somerville, Cynthia Nixon, Reid Scott, Hugh Dancy, Susan Sarandon;;https://www.netflix.com/title/70180085<br>https://www.netflix.com/title/70180085<br>https://apps.apple.com/cz/app/id6755365206<br>https://play.google.com/store/apps/details?id=cz.csfd.csfdroid<br>;Golden Globes (2x)<br>;Golden Globes (1x)<br>
765359;Criminal: Velká Británie;2019;80.42267050912584;;https://image.pmgstatic.com/cache/resized/w420/files/images/film/posters/163/996/163996374_77aa71.jpg;https://www.csfd.cz/film/765359-criminal-velka-britanie/;Velká Británie;Drama / Krimi;Criminal: UK;Detektivové v londýnské vyšetřovně svádí souboj s časem a pokouší se dostat pod kůži třem podezřelým, kteří jsou obvinění z vážných zločinů. (Netflix);Na VOD od 20.09.2019 Netflix (Série 1);vražda, policie, vyšetřování, vrah, detektiv, znásilnění, výslech, Londýn, policejní stanice, emigrace, jed;2.0;7.0;Jim Field Smith;David Tennant, Daniel Chamorro, Lee Ingleby, Katherine Kelly, Nicholas Pinnock, Mark Stanley, Hayley Atwell, Clare-Hope Ashitey, Youssef Kerkour, Lolita Chakrabarti;;https://www.netflix.com/title/80216172<br>https://www.netflix.com/<br>https://www.netflix.com/title/80216172<br>https://www.netflix.com/cz/title/80216172<br>https://www.csfd.cz/vod/netflix/<br>https://www.csfd.cz/vod/netflix/<br>https://apps.apple.com/cz/app/id6755365206<br>https://play.google.com/store/apps/details?id=cz.csfd.csfdroid<br>;;
334795;Utopia;2013;80.43478260869566;;https://image.pmgstatic.com/cache/resized/w420/files/images/film/posters/160/242/160242855_b4c7db.jpg;https://www.csfd.cz/film/334795-utopia/;Velká Británie;Drama / Mysteriózní / Thriller / Sci-Fi;;"Příběh sleduje malou skupinu lidí, kteří se dostanou k rukopisu kultovního grafického románu s názvem ""Experimenty Utopie"", o nemž kolují zvěsti, že předpověděl nejhorší katastrofy minulého století. To má za následek, že se na skupinu zaměří vládní organizace známá pouze jako ""The Network"", které se musí nálezci románu vyhnout, aby vůbec přežili. (mac000)";V TV od 15.01.2013 Channel 4;vražda, útěk, agenti, křivé obvinění, konspirace, přelidnění;2.0;12.0;Marc Munden, Alex Garcia Lopez, Wayne Che Yip;Fiona O'Shaughnessy, Alexandra Roach, Nathan Stewart-Jarrett, Adeel Akhtar, Paul Higgins, Oliver Woollford, Neil Maskell, James Fox, Geraldine James, Stephen Rea;;https://www.youtube.com/watch?feature=player_embedded&v=zh6OW0oeN1g<br>https://apps.apple.com/cz/app/id6755365206<br>https://play.google.com/store/apps/details?id=cz.csfd.csfdroid<br>;;
157282;Haibane renmei;2002;80.53811659192826;;https://image.pmgstatic.com/cache/resized/w420/files/images/film/posters/161/697/161697411_af1ee7.jpg;https://www.csfd.cz/film/157282-haibane-renmei/;Japonsko;Animovaný / Drama / Fantasy / Mysteriózní / Psychologický;灰羽連盟;V dlouho zapomenutém městě spolu žijí lidé a Haibane, bytosti podobné andělům neznámého původu. Rakka, poté, co se probudí ze zvláštního snu a vyškrábe se z obrovského kokonu, stane se nejnovější Haibane. Nemaje vzpomínky na svůj předchozí život, snaží se Rakka přizpůsobit novému okolí. Pálivé otázky však v koutku mysli zůstávají. Kdo jsou Haibane a jaký je jejich smysl? Co leží za obrovskou, zakázanou městskou hradbou? A tak Rakka začíná tesknou cestu svým sebeobjevováním a zvědavostí. (Idaho);V TV od 09.10.2002 Fuji Television;smrt, dívka, děti, město, anime, sny, žárlivost, pocit viny, osamělost, ptáci, odpuštění, amnézie, klášter, andělé, posmrtný život;0.0;13.0;Tomokazu Tokoro, Takahiro Ómori, Icuki Imazaki;Džunko Noda, Fumiko Orikasa, Tamio Óki, Aja Hisakawa, Akiko Jadžima, Tomoe Hanba, Miju Macuki, Kumiko Higa, Jasuhiro Fudžiwara, Hadžime Iidžima;Jošitoši Abe;https://apps.apple.com/cz/app/id6755365206<br>https://play.google.com/store/apps/details?id=cz.csfd.csfdroid<br>;;
95426;Sedmnáct zastavení jara;1973;80.88998763906056;;https://image.pmgstatic.com/cache/resized/w420/files/images/film/posters/000/074/74971_d95485.jpg;https://www.csfd.cz/film/95426-sedmnact-zastaveni-jara/;Sovětský svaz;Dobrodružný / Válečný;Sjemnadcať mgnovenij vesny;"Otto von Stierlitz je hlavní hrdina ruské románové série Juliana Semjonova Sedmnáct zastavení jara. První kniha vyšla v roce 1970), a stejnojmenný televizní seriál, byl natočen v roce 1973. SS-Standartenführer Otto von Stierlitz byl ve skutečnosti plukovník Maxim Isajev, tajný agent KGB, který před infiltrováním SS Sicherheitsdienst operoval v Paříži a v Šanghaji. Podobně jako v románech Iana Fleminga o Jamesi Bondovi byly knihy inspirovány skutečnými událostmi. Stierlitz v nich například potlačil fiktivní Churchillův plán uzavřít mír s nacistickým Německem a zaútočit na Sovětský svaz. Také po svém návratu do Ruska byl Stierlitz/Isajev zatčen sympatizanty Beriji a před gulagem jej zachránila Stalinova smrt. Protože knihy poskytovaly poměrně přesný náhled na KGB a její operační metody, vyskytly se spekulace, že Semjonov sám byl agentem KGB. Dílo poprvé publikováno v době, kdy se sovětský režim pokoušel obnovit reputaci KGB, která značně utrpěla rolí vykonavatele Stalinových excesů. Má se za to, že popularita Stierlitze vnímání KGB v Rusku pomohla. Stierlitz/Isajev byl považován za ideálního agenta. Narodil se ve středu Rusi a byl to renesanční člověk, schopný dokončit všechny mise, ale současně znalý i kultury a umění. Mluvil všemi evropskými jazyky vyjma irštiny a albánštiny. Nedával přednost násilí – má se za to, že ve své padesátileté kariéře agenta zabil pouze jednou. Podobně jako James Bond měl svůj oblíbený nápoj, kterým byl koňak. Jezdil automobilem značky Horch a na rozdíl od svého západního protějšku neměl slabost pro ženy. Na svých cestách Evropou se Stierlitzovi stýskalo po rodném Rusku a často snil o návratu. Vypravěčem v ruské verzi TV seriálu ""Sedmnáct zastavení jara"" byl herec Kopeljan. Jeho úkolem bylo divákům se sníženou chápavostí objasňovat Stierlitzovy hluboké psychologické úvahy a vychytralé intriky.";Na DVD od 01.04.2006 Řitka video;20. století, období 1940-1950, 2. světová válka, Velká vlastenecká válka;;;Taťjana Lioznova;Vjačeslav Tichonov, Oleg Tabakov, Leonid Kuravljov, Lev Durov, Valentin Gaft, Nikolaj Prokopovič, Nikolaj Gricenko, Oleg Fjodorov, Otto Mellies, Fritz Diez;;https://apps.apple.com/cz/app/id6755365206<br>https://play.google.com/store/apps/details?id=cz.csfd.csfdroid<br>;;
296575;Looney Tunes: Úžasná show;2011;80.62344139650872;;https://image.pmgstatic.com/cache/resized/w420/files/images/film/posters/000/471/471592_d766cb.jpg;https://www.csfd.cz/film/296575-looney-tunes-uzasna-show/;USA;Animovaný / Komedie / Rodinný;The Looney Tunes Show;Potěšte se novou populární sérií animovaných grotesek, které navazují na milované postavy Looney Tunes a přinášejí vám neuvěřitelně bláznivá dobrodružství, která si zamiluje celá rodina. Nejdříve si králíček Bugs a kačer Daffy v Nejlepších kámoších vyzkoušejí své přátelství v soutěžní hře. Když Bugse a Daffyho chytí při dělání nepořádku, zjistí Krimipták a krimikrálík, že se jim život v base líbí. V Pouze pro členy Bugs a Daffy předstírají, že patří do exkluzivního country klubu, kde Bugs potká nádhernou... ale strašně užvaněnou... králici Lolu, která se do něj šíleně zamiluje. Výpadek proudu pak nakonec v epizodě Sousedská výpomoc přivede do jejich domu souseda Yosemite Sama a díky jeho výbušné povaze začnou lítat jiskry. A jiskry se změní v ohňostroj legrace ve videoklipech, v nichž účinkují marťan Marvin, Yosemite Sam a další hvězdy.;V TV od 03.05.2011 Cartoon Network;Looney Tunes;2.0;52.0;Matt Danner, Jeff Siergey, Swinton O. Scott III;Jeff Bergman, Bob Bergen, John Kassir, Kristen Wiig, Joe Alaskey, Fred Armisen, Jim Cummings, June Foray, Maurice LaMarche, Billy West;;/uzivatel/563267-disney-best/oblibene/filmy-serialy-a-porady/<br>https://apps.apple.com/cz/app/id6755365206<br>https://play.google.com/store/apps/details?id=cz.csfd.csfdroid<br>;;
143925;Obloukovi;2001;81.57635467980296;;https://image.pmgstatic.com/cache/resized/w420/files/images/film/posters/000/038/38463_3157ef.jpg;https://www.csfd.cz/film/143925-obloukovi/;Kanada / USA;Animovaný / Komedie;The Oblongs...;"Seriál pojednává o šestičlenné zdeformované rodince Obloukových, která žije v chudém údolí plném toxického odpadu a nepořádku. Otec Bob je bez končetin, matka Pickles má rakovinu, prostřední syn Milo je hyperaktivní, nejstarší bratři Chip a Biff jsou siamská dvojčata a poslední a zároveň nejmladší dcerka Beth má na hlavě ""výběžek"" připomínající penis. I přesto, že nejsou nejbohatší a mají jisté handicapy, žijí si poklidný život. (Martin_W)";V TV od 01.04.2001 The WB;;0.0;13.0;Mike Kim, Gary McCarver, Kelly Armstrong;Pamela Adlon, Will Ferrell, Jean Smart, Randy Sklar, Jeannie Elias, Billy West, Jim Ward, Susan Krebs, Debra Wilson, Lea DeLaria;;/film/143925-obloukovi/874311-pickles-little-amazons/prehled/<br>https://apps.apple.com/cz/app/id6755365206<br>https://play.google.com/store/apps/details?id=cz.csfd.csfdroid<br>;;
336041;Bimileui seob;2017;81.72323759791122;;https://image.pmgstatic.com/cache/resized/w420/files/images/film/posters/161/762/161762745_00ca97.jpg;https://www.csfd.cz/film/336041-bimileui-seob/;Jižní Korea;Thriller / Mysteriózní;비밀의 숲;Jako dítě Hwang Shi-Mok (Cho Seung-Woo) podstoupil operaci mozku, což způsobilo, že není schopen empatie. Nyní Hwang Shi-Mok pracuje jako státní zástupce. Je racionální, ale chladný a osamělý. Je také jedním z mála státních zástupců, kteří nejsou zapojeni do korupce. Jednoho dne se ocitne na mistě vraždy, kde potkává poručík Han Yeo-jin (Bae Doo-Na). Spolu vytvoří jedinečný tým s cílem vymýcení korupce ve státním zastupitelství a vyřešení případu sériových vražd. (Muerta);V TV od 10.06.2017 tvN (Total Variety Network);vražda, vyšetřování, soud, korupce;2.0;32.0;Gil-ho Ahn;Seung-woo Jo, Du-na Bae, Jae-woong Choi, Joon-hyeok Lee, Kyeong-yeong Lee, Jae-myeong Yoo, Se-ah Yoon, Hye-seon Shin, Kyu-hyung Lee, Jin-woo Park;;https://www.netflix.com/title/80187302<br>https://www.youtube.com/watch?v=Ann0YSB54eA<br>https://www.youtube.com/watch?v=nJ_ApIHEYg8<br>https://www.netflix.com/title/80187302<br>https://apps.apple.com/cz/app/id6755365206<br>https://play.google.com/store/apps/details?id=cz.csfd.csfdroid<br>;;
962833;Horimiya;2021;82.09876543209876;;https://image.pmgstatic.com/cache/resized/w420/files/images/film/posters/165/230/165230321_d1c0a7.jpg;https://www.csfd.cz/film/962833-horimiya/;Japonsko;Animovaný / Komedie / Romantický;Horimija;Seznamte se, Kyouko Hori je věčně veselá, společenská a studijně nadaná středoškolačka, kterou každý obdivuje. Naopak Izumi Miyamura je tichý a zasmušilý otaku, kterému učení dělá značné potíže. Realita je ale trochu jiná, protože každý z nich skrývá několik tajemství. Ochotná Kyouko musí vypomáhat v domácnosti a neustále se starat o svého mladšího bratříčka, protože rodiče jsou věčně služebně pryč, čímž jí nezbývá téměř žádný čas na jakékoliv koníčky. Dobrosrdečný Izumi pod hustými kadeřemi zase skrývá devět piercingů a má tetování na zádech. Náhoda tuto dvojici přivede k sobě, aby jeden v druhém konečně našel člověka, kterému se můžou naplno otevřít. Potvrdí se pravidlo, že se opaky přitahují? (Scalpelexis);V TV od 10.01.2021 Tokyo MX;láska, přátelství, studenti;0.0;13.0;Masaši Išihama, Jasuo Edžima, Fumiaki Kataoka;Haruka Tomacu, Kóki Učijama, Daiki Jamašita, Džun Fukujama, Jurie Kozakai, M.A.O, Nobuhiko Okamoto, Reina Kondó, Seiičiró Jamašita, Ai Kajano;Hero, Daisuke Hagiwara;https://apps.apple.com/cz/app/id6755365206<br>https://play.google.com/store/apps/details?id=cz.csfd.csfdroid<br>;;
491798;Anča a Pepík;2017;82.14511041009463;;https://image.pmgstatic.com/cache/resized/w420/files/images/film/posters/170/265/170265454_qrhvu8.jpg;https://www.csfd.cz/film/491798-anca-a-pepik/;Česko;Animovaný / Dobrodružný / Krátkometrážní;Annie and Joe(festivalový název);Anča a Pepík jsou dobrodružné detektivní příběhy plné kouzel, záhad a tajemství, odehrávající se ve světě myšek, který je podobný tomu našemu. Hlavními hrdiny jsou dvě myší děti, Anča a Pepík, které společně řeší různé záhady v jejich městečku nebo v blízkém Čarovném lese. Podobný žánr v tvorbě České televize doposud chyběl a Anča a Pepík je coby populární komiks s nadčasovými příběhy prověřenými generacemi čtenářů perfektní titul, kterým začít... Za městečkem zvaným Ušín žijí v malých domečcích Anča s maminkou a Pepík s tatínkem. Jsou to ještě děti, ale dost velké a samostatné na to, aby se mohly samy pouštět na dlouhé výlety – třeba do nedalekého pověstmi opředeného Čarovného lesa. Podnikají spolu dobrodružné výpravy a s důvtipem a odvahou řeší nečekané obtíže, na které přitom neomylně narazí. Jejich přátelství je pevné, jsou dobře sehranou rovnoprávnou dvojicí. Zasahují všude tam, kde narazí na nepravost nebo kde objeví nějakou záhadu.Přestože je svět Anči a Pepíka starosvětský a idylický, kolem číhá lecjaké nebezpečí. Detektivní pátrání, do kterých se pouštějí, jsou plná falešných stop a lstivých padouchů a k jejich vyřešení je zapotřebí skutečného důvtipu, kouzelné příběhy jsou tajemné, a vystupují v nich zvláštní záhadné bytosti, kterým není radno zkřížit cestu. Ale Anča a Pepík, i když to nejsou žádní supermani, ale vlastně obyčejné děti, si nakonec vždycky poradí – díky své chytrosti, odvaze, vtipu a hlavně díky svému kamarádství... Myší svět Anči a Pepíka se tomu lidskému hodně podobá, ale ne úplně: příroda je čistá a nezničená, v létě je horko a v zimě zima, rodiče jsou laskaví a moudří, je to zkrátka svět, jaký si většinou v dětství představujeme a jaký si přejeme, aby byl, a s Ančou a Pepíkem máme možnost jej naplno zažít. Příběhy mají silnou morálku a přitom nepoučují – vše v nich nakonec dobře dopadne, ale jen díky tomu, že se o to Anča s Pepíkem snažili s nasazením všech sil... Všechny příběhy Anči a Pepíka jsou napínavé a každý svým vlastním způsobem – uvidíme čistokrevnou detektivku, kde Anča s Pepíkem řeší záhadu vyloupené pokladny, i kouzelné příběhy, kde se setkají s duchy či opravdovými čarodějnicemi. Podíváme se s nimi do dávné minulosti a dokonce i do pekelného podsvětí. V žádném příběhu přitom rozhodně nechybí rafinované zápletky, dechberoucí honičky a chytrý humor.Seriál Anča a Pepík představuje svého druhu mimořádnou událost – v České televizi totiž poprvé vzniká seriál určený dětem starším, než jsou diváci večerníčku. Je to dáno charakterem příběhů, které jsou dobrodružné, napínavé a také tajemné, a zároveň delší, než je pro večerníček obvyklé. Zápletka má často detektivní charakter s kouzelnými prvky, což je divácky atraktivní a přitom originální... Seriál vznikl na základě dnes už kultovního komiksu (jednotlivé příběhy vycházely nejprve v 90. letech ve Čtyřlístku, později došlo i na knižní vydání) v Česku i v zahraničí uznávané autorky Lucie Lomové. Komiksové příběhy bylo potřeba pro animovaný seriál upravit, ale ti, kteří komiks znají, v seriálu najdou vše důležité – a ještě mnohem víc. Příběhy jsme totiž rozšířili, aby byly ještě napínavější a barvitější, a přidali jsme i několik nových postav... Režie se ujal zkušený tvůrce a velký fanoušek díla Lucie Lomové Michal Žabka, hudbu složil Ondřej Soukup, který skvěle vystihl atmosféru jednotlivých příběhů, a pro seriál vytvořil na text Lucie Lomové i dvě původní písně: romantický duet, který nazpívala Lucie Bílá s Janem Vondráčkem, a svou první trampskou píseň. Scénáristkou a výtvarnicí je samozřejmě Lucie Lomová, která pro seriál vytvořila jedinečná, doslova pohádková pozadí, a galerii svérázných myších typů... Titulní role namluvili Ivana Korolová a Jan Maxián. Kromě nich v seriálu uslyšíme mnoho dalších známých herců: Jana Vondráčka, Jiřího Lábuse, Vladimíre Brabce, Jaroslavu Obermaierovou, Jaroslavu Kretschmerovou, Terezu Bebarovou, Petra Rychlého, Miroslava Táborského a Martina Sobotku... Seriál je natočen technologií klasické kreslené animace v Animačním studiu České televize a podíleli se na něm nejlepší současní čeští animátoři. (Česká televize);V TV od 27.02.2022 Česká televize;rodina, přátelství, děti, záhady, vyšetřování, zvířata, sourozenci, les, podle komiksu, myši;2.0;13.0;Michal Žabka;Jan Maxián, Ivana Korolová, Jan Vondráček, Jiří Lábus, Vladimír Brabec, Jaroslava Obermaierová, Jaroslava Kretschmerová, Tereza Bebarová, Petr Rychlý, Miroslav Táborský;Lucie Lomová;https://www.ceskatelevize.cz/porady/10600513780-anca-a-pepik?utm_source=csfd&utm_medium=section_vod&utm_campaign=link<br>http://www.ceskatelevize.cz<br>http://www.ceskatelevize.cz<br>https://www.ceskatelevize.cz/porady/10600513780-anca-a-pepik?utm_source=csfd&utm_medium=section_vod&utm_campaign=link<br>https://apps.apple.com/cz/app/id6755365206<br>https://play.google.com/store/apps/details?id=cz.csfd.csfdroid<br>;;
286006;Nae yeojachinguneun gumiho;2010;82.10191082802548;;https://image.pmgstatic.com/cache/resized/w420/files/images/film/posters/162/205/162205718_df48ca.jpg;https://www.csfd.cz/film/286006-nae-yeojachinguneun-gumiho/;Jižní Korea;Komedie / Fantasy / Romantický;내 여자친구는 구미호;Poté, co potká záhadnou dívku, zjišťuje rádoby hvězda akčních filmů, že je ve skutečnosti gumiho – devítiocasá liška z pověstí. (Netflix);V TV od 11.08.2010 SBS (Seoul Broadcasting System);;0.0;16.0;Seong-cheol Boo;Min-ah Shin, Seung-gi Lee, Min-woo No, Soo-jin Park, Dong-il Seong, Hee-bong Byeon, Yoo-seon Yoon, Hyomin, Hong-gi Lee, Yu-jin Kim;;https://www.netflix.com/title/70215462<br>https://www.netflix.com/<br>https://www.netflix.com/title/70215462<br>https://apps.apple.com/cz/app/id6755365206<br>https://play.google.com/store/apps/details?id=cz.csfd.csfdroid<br>;;
303774;Board James;2009;83.87387387387388;;https://image.pmgstatic.com/cache/resized/w420/files/images/film/posters/158/582/158582192_cabe18.jpg;https://www.csfd.cz/film/303774-board-james/;USA;Komedie;;"""Board"" James Rolfe miluje deskové hry a rád se o ně podělí se světem. Když se pustí do hraní se svým stále podvádějícím kamarádem ""Motherfucker"" Mikem, ihned se vrátí do dětských let a často svádějí epické bitvy na život a na smrt. (DJ Obelix)";;;;;James Rolfe;James Rolfe, Mike Matei, Joe Vargas;;https://apps.apple.com/cz/app/id6755365206<br>https://play.google.com/store/apps/details?id=cz.csfd.csfdroid<br>;;
439815;Ostré předměty;2018;79.67907135541141;;https://image.pmgstatic.com/cache/resized/w420/files/images/film/posters/162/702/162702513_acd069.jpg;https://www.csfd.cz/film/439815-ostre-predmety/;USA;Drama / Thriller;Sharp Objects;"V osmidílné dramatické minisérii ""Ostré předměty"" inspirované stejnojmenným bestselerovým románem od spisovatelky Gillian Flynnové (Zmizelá), hraje držitelka pěti nominací na Oscara® Amy Adamsová v hlavní roli Camille Preakerové. Novinářka, která se v minulosti potýkala s duševními problémy, se vrací do rodného městečka Wind Gap ve státě Missouri, aby informovala o případu zjevných vražd dvou malých dívek. Zatímco se Camille snaží poskládat střípky traumatické události ze své minulosti, dostane se do konfliktu s panovačnou matkou Adorou (Patricia Clarksonová), znovu se uchýlí k řadě nebezpečných sebedestruktivních zlozvyků a až příliš se ztotožní s mladými oběťmi vraždy. (HBO Europe)";V TV od 08.07.2018 Home Box Office;podle knihy, vražda, děti, matka, policie, mládež, dcera, vyšetřování, trauma, sériový vrah, novináři, pocit viny, alkoholismus, křivé obvinění, maloměsto, jed, sebepoškozování, Münchhausenův syndrom;0.0;8.0;Jean-Marc Vallée;Amy Adams, Eliza Scanlen, Chris Messina, Patricia Clarkson, April Brinson, Violet Brinson, Taylor John Smith, Will Chase, Jackson Hurst, Catherine Carlen;Gillian Flynn;https://www.hbomax.com/cz/en/shows/sharp-objects/f9bb61ee-4dc9-40be-aaa1-e80c11b39531<br>http://www.hbo.eu<br>http://www.hbo.eu<br>https://www.hbomax.com/cz/en/shows/sharp-objects/f9bb61ee-4dc9-40be-aaa1-e80c11b39531<br>https://apps.apple.com/cz/app/id6755365206<br>https://play.google.com/store/apps/details?id=cz.csfd.csfdroid<br>;Golden Globes (2x)<br>Critics Choice Awards (2x)<br>;Golden Globes (1x)<br>Critics Choice Awards (2x)<br>
32271;Okupace;2015;79.93942453306411;;https://image.pmgstatic.com/cache/resized/w420/files/images/film/posters/164/043/164043532_31bbf6.jpg;https://www.csfd.cz/film/32271-okupace/;Norsko / Francie / Švédsko;Drama / Thriller;Okkupert;Desetidílný norsko-švédský thriller Okupace vznikl podle námětu spisovatele Joa Nesboho, jenž se také podílel na scénáři. Příběh, zasazený do blízké budoucnosti, vypráví o hypotetické okupaci Norska Ruskem. Nově zvolená norská vláda, zaměřená na ochranu životního prostředí, zastaví těžbu ropy a vývoz ropných produktů. To samozřejmě způsobí otřes v celé Evropské unii. Rusko vyjde vstříc požadavkům EU s tím, že jeho vojska vstoupí na norské území. Jelikož Spojené státy americké již nejsou členem NATO, je severská země odkázána sama na sebe. Dramatické události na sebe nenechají dlouho čekat. Brzy je totiž unesen norský premiér Jesper Berg... Pozoruhodné televizní dílo tvoří originální umělecký komentář k současnému politickému uspořádání světa a jeho bezpečnostním rizikům. Dotýká se tématu kolaborace, stinných stránek diplomacie i novodobých metod vedení válečného konfliktu, který zdaleka nespočívá jen v použití zbraní. (Česká televize);V TV od 04.10.2015 NRK;vojáci, odboj, média, okupace, tajná policie;3.0;24.0;Erik Skjoldbjærg, Camilla Strøm Henriksen, Gunnar Vikene;Henrik Mestad, Eldar Skar, Ingeborga Dapkunajtě, Ane Dahl Torp, Selome Emnetu, Janne Heltberg, Ragnhild Gudbrandsen, Geir Vegar Hoel, Kristin Braut-Solheim, Ella Malia Prince;;http://www.ceskatelevize.cz<br>http://www.ceskatelevize.cz<br>https://apps.apple.com/cz/app/id6755365206<br>https://play.google.com/store/apps/details?id=cz.csfd.csfdroid<br>;;
543968;K smíchu;2018;80.09981285090456;;https://image.pmgstatic.com/cache/resized/w420/files/images/film/posters/162/890/162890999_0f17cf.jpg;https://www.csfd.cz/film/543968-k-smichu/;USA;Drama / Komedie;Kidding;Jim Carrey hraje v tomto komediálním seriálu Jeffa, jehož alter ego Mr. Pickles je ikonou dětské televizní zábavy, vzorem laskavosti a moudrosti pro vnímavé mladé mozečky a rodiče, kteří s ním vyrostli. Jeffovi se tak na silné značce podařilo vybudovat úspěšné mnohamilionové impérium. Když se však jeho rodina – manželka, dva synové, sestra a otec – začne postupně rozpadat, Jeffův život má k pohádce daleko. Zbožňovaná celebrita se rázem ocitne v krizi, kterou nedokáže zvládnout. Následkem toho začne tenhle dobrák v krutém světě pomalu přicházet o zdravý rozum, což je sice legrační, ale současně velmi skličující. (HBO Europe);Na VOD od 31.08.2018 Showtime (Série 1);rodina, smrt, otec, drogy, autonehoda, rozvod, rakovina, televizní studio, marihuana;2.0;20.0;Michel Gondry, Jake Schreier, Minkie Spiro;Jim Carrey, Catherine Keener, Frank Langella, Judy Greer, Justin Kirk, Cole Allen, Juliet Morris, Juliocesar Chavez, Ginger Gonzaga, Kelly Coffield Park;;https://www.skyshowtime.com/cz/stream/tv/kidding/a0f43181-101f-3c53-b912-5b77274b2c68<br>http://www.hbo.eu<br>http://www.hbo.eu<br>https://www.skyshowtime.com/cz/stream/tv/kidding/a0f43181-101f-3c53-b912-5b77274b2c68<br>https://apps.apple.com/cz/app/id6755365206<br>https://play.google.com/store/apps/details?id=cz.csfd.csfdroid<br>;Golden Globes (2x)<br>;
238107;Fairy Tail;2009;80.09595613433859;;https://image.pmgstatic.com/cache/resized/w420/files/images/film/posters/162/952/162952096_eea1eb.jpg;https://www.csfd.cz/film/238107-fairy-tail/;Japonsko;Animovaný / Akční / Fantasy / Komedie;Fairy Tail;Lucy je 17letá dívka, která touží stát se plnohodnotnou čarodějkou. Na své cestě potkává zvláštního chlapce jménem Natsu, který je členem neblaze proslulého čarodějného cechu Fairy Tail. Díky Natsuovi se Lucy stane členkou cechu, kde společně s Natsuem, Grayem, Erzou a Happym vytvoří nejsilnější tým. V tomto složení zažívají při plnění různých úkolů mnohá dobrodružství. (Hanyou);V TV od 12.10.2009 TV Tokyo;anime, kouzla;0.0;328.0;Šindži Išihira, Hazuki Mizumoto, Akira Kató;Tecuja Kakihara, MAKO, Aja Hirano, Daisuke Namikawa, Mamiko Noto, Mijuki Sawaširo, Rie Kugimija, Jui Horie, Ajako Kawasumi, Džun'iči Suwabe;Hiro Mašima;https://apps.apple.com/cz/app/id6755365206<br>https://play.google.com/store/apps/details?id=cz.csfd.csfdroid<br>;;
1284902;Alfa samci;2022;80.1593625498008;;https://image.pmgstatic.com/cache/resized/w420/files/images/film/posters/167/103/167103920_333a24.jpg;https://www.csfd.cz/film/1284902-alfa-samci/;Španělsko;Komedie;Machos Alfa;Časy se mění a svět je teď plný nezávislých sebevědomých žen. Pedro, Luis, Raúl a Santi se v něm ale cítí trochu ztracení a každý si na novou situaci zvyká po svém. (Netflix);Na VOD od 30.12.2022 Netflix (Série 1);láska, žena, přátelství, přátelé, dívka, otec, rodiče, policie, manželé, dcera, syn, chlapec, ženy, gay, Španělsko, škola, cestování, dospívání, sex, nevěra, podvod, doktoři, nemoc, LGBTQ+, střední škola, nemocnice, psi, sestry, soud, lesby, těhotenství, novináři, lodě, homosexualita, rozchod, filmařské zákulisí, rande, právníci, výlet, fotbal, feminismus, bar, letadla, vysoká škola, trénink, obchod (prodejní místo), děda, restaurace, pláž, alkohol, trenér, učitelka, soudce, základní škola, reklama, sluha, stand-up comedy, sociální síť, porod, psycholog, narozeniny, tenis, homofobie, potápění, krize středního věku, seznamka, reklamní průmysl, konkurz, posilovna, pošťák, autoškola, umělé oplodnění, manželská poradna, instruktor;4.0;36.0;Laura Caballero;Fernando Gil, Fele Martínez, Gorka Otxoa, Raúl Tejón, Santi Millán, María Hervás, Kira Miró, Nathalie Seseña, Mar Saura, Petra Martínez;;https://www.netflix.com/title/81559021<br>https://www.netflix.com/<br>https://www.netflix.com/title/81559021<br>https://www.csfd.cz/vod/netflix/<br>https://www.csfd.cz/vod/netflix/<br>https://www.csfd.cz/vod/netflix/<br>https://www.csfd.cz/vod/netflix/<br>https://apps.apple.com/cz/app/id6755365206<br>https://play.google.com/store/apps/details?id=cz.csfd.csfdroid<br>;;
622389;Harley Quinn;2019;80.22887323943662;;https://image.pmgstatic.com/cache/resized/w420/files/images/film/posters/164/085/164085601_e631fe.jpg;https://www.csfd.cz/film/622389-harley-quinn/;USA;Animovaný / Dobrodružný / Krimi;;Harley Quinn se konečně jednou provždy rozešla s Jokerem a pokouší se prosadit jako královna zločinu v Gotham City. V seriálu vystupují Harley Quinn, Poison Ivy a celá řada starých i nových hrdinů a padouchů z vesmíru DC. (HBO Max);Na VOD od 29.11.2019 DC Universe (Season 1);láska, přátelství, násilí, útěk, souboje, krev, podle komiksu, lesby, psychopat, černý humor, rozchod, satira, DC Comics, Batman, Superman, bisexualita, Wonder Woman, Joker, Flash (DC Comics), Lex Luthor, Green Lantern, Robin, Catwoman, Harley Quinn, Penguin (DC Comics), Aquaman, Riddler, Two-Face, Poison Ivy, Batgirl, Scarecrow (DC Comics), Nightwing, Supergirl, Bane, Solomon Grundy, Mr. Freeze, Killer Croc, Brainiac, Katana, Darkseid, Cheetah, Captain Cold, Black Manta, Gorilla Grodd, Toyman, Swamp Thing, Mera, Beast Boy, Zatanna, John Constantine, Clayface, Arés, General Zod, Killer Frost, Mad Hatter, Lois Lane, Metallo, Deadshot, Man-Bat, Captain Boomerang, Sinestro, Giganta, Vibe, Ocean Master, Black Adam, Reverse-Flash, King Shark, Parasite, Mr. Zsasz, Etrigan, Steppenwolf, Calendar Man, Enchantress, Granny Goodness, Professor Pyg, Clock King, Zoom, Talia al Ghul, Kite Man, Felix Faust;5.0;57.0;Juan Jose Meza-Leon, Matt Garofalo, Vinton Heuck;Kaley Cuoco, Alan Tudyk, James Wolk, Diedrich Bader, Lake Bell, Rahul Kohli, Jason Alexander, Wanda Sykes, J.B. Smoove, Ron Funches;;https://www.hbomax.com/cz/en/shows/harley-quinn/dc3552e4-32ed-4719-b3fb-7938b59b4658<br>https://www.hbomax.com<br>https://www.hbomax.com/cz/en/shows/harley-quinn/dc3552e4-32ed-4719-b3fb-7938b59b4658<br>https://www.csfd.cz/vod/hbo-max/<br>https://www.csfd.cz/vod/hbo-max/<br>https://www.csfd.cz/vod/hbo-max/<br>https://www.csfd.cz/vod/hbo-max/<br>https://apps.apple.com/cz/app/id6755365206<br>https://play.google.com/store/apps/details?id=cz.csfd.csfdroid<br>;Critics Choice Awards (2x)<br>The Saturn Awards (2x)<br>;Critics Choice Awards (1x)<br>
413358;Grace a Frankie;2015;80.29223744292237;;https://image.pmgstatic.com/cache/resized/w420/files/images/film/posters/163/817/163817298_mvvp7u.jpg;https://www.csfd.cz/film/413358-grace-a-frankie/;USA;Komedie;Grace and Frankie;Kamarádky nejsou, ale když jim manželé utečou jeden s druhým, slušňačka Grace a excentrická Frankie si v příběhu nominovaném na Emmy k sobě cestu najdou. (Netflix);Na VOD od 08.05.2015 Netflix (Série 1);láska, děti, manželé, gay, stáří, rande, rozvod, babička, stěhování, děda, sitcom, spolubydlící, domov důchodců;7.0;94.0;Tim Kirkby, Miguel Arteta, Bryan Gordon;Jane Fonda, Lily Tomlin, Sam Waterston, Martin Sheen, Brooklyn Decker, Ethan Embry, June Diane Raphael, Baron Vaughn, Craig T. Nelson, Geoff Stults;;https://www.netflix.com/title/80017537<br>https://www.netflix.com/<br>https://www.netflix.com/title/80017537<br>https://www.csfd.cz/vod/netflix/<br>https://www.csfd.cz/vod/netflix/<br>https://www.csfd.cz/vod/netflix/<br>https://www.csfd.cz/vod/netflix/<br>https://www.csfd.cz/vod/netflix/<br>https://www.csfd.cz/vod/netflix/<br>https://www.csfd.cz/vod/netflix/<br>https://apps.apple.com/cz/app/id6755365206<br>https://play.google.com/store/apps/details?id=cz.csfd.csfdroid<br>;Golden Globes (1x)<br>;
238133;Wolverine a X-meni;2008;80.95744680851064;;https://image.pmgstatic.com/cache/resized/w420/files/images/film/posters/165/114/165114258_585c70.png;https://www.csfd.cz/film/238133-wolverine-a-x-meni/;USA;Akční / Animovaný / Dobrodružný / Drama / Sci-Fi;Wolverine & X-Men;"Profesor Charles Xavier a Jean Grey po telepaticky řízené explozi zmizí z domovního bloku, což se týmu X-men pranic nelíbí. O rok později začne zvláštní komando zatýkat mutanty a Logan s Bestií pracují na opětovném sjednocení X-menu. Členové se znovu přidávají, i když se místy najdou tací, kteří raději posilují tábor zla. Statek X se renovuje z Andělových peněz, ale ani temné síly neodpočívají, omámený Xavier je „uklizen"" do bezpečí, kde ho střeží Magneto. Když to uslyší Kyklops, sám se také vrátí a spěchá na pomoc profesoru X. Bitva je dost krátká, Magneto svolí, aby byl Xavier odvezen zpátky na statek X. Profesor telepatickou cestou vzkazuje do budoucnosti členům X-menu a informuje Logana, že musí své přátele vést, pokud chtějí Zemi ochránit před zlými silami a zabránit nepříteli, aby ovládl svět.";;podle komiksu, superhrdina, Marvel Comics, Hulk, Wolverine, Nick Fury, X-Men, Professor X, Cyclops (Marvel Comics), Magneto, Scarlet Witch, Storm, Jean Grey, Beast (Marvel Comics), Juggernaut, Colossus, Quicksilver, Iceman, Mystique, Nightcrawler, Rogue, Toad, Sabretooth, Pyro, Angel (Marvel Comics);0.0;26.0;Nicholas Filippi, Steven E. Gordon, Doug Murphy;Steve Blum, Jim Ward, Nolan North, Fred Tatasciore, Kari Wahlgren, Liam O'Brien, Tom Kane, Gwendoline Yeo, Yuri Lowenthal, Roger Craig Smith;;https://apps.apple.com/cz/app/id6755365206<br>https://play.google.com/store/apps/details?id=cz.csfd.csfdroid<br>;;
85238;Holocaust;1978;81.08433734939759;;https://image.pmgstatic.com/cache/resized/w420/files/images/film/posters/000/479/479114_e4c703.jpg;https://www.csfd.cz/film/85238-holocaust/;USA;Drama / Romantický;Holocaust;Berlín, rok 1935. Umělecky založený syn úspěšného židovského lékaře Karl Weiss se žení s katolickou dívkou Ingou. Jeho přítel, Erik Dorf, jenž právě dostal práci v ústředí SS, varuje Karla i s rodinou, aby opustili Německo. Weissovi však odmítnou. Karl je posléze uvězněn v Buchenwaldu a tím teprve začínají těžké časy... (Hollywood Classic Entertainment (H.C.E.));V TV od 16.04.1978 National Broadcasting Company (NBC);muž, láska, žena, rodina, smrt, vražda, 20. století, násilí, dívka, otec, děti, matka, rodiče, mládež, manželé, touha, chlapec, vrah, oběť (autonehody/zločinu), období 1940-1950, pomsta, sourozenci, 2. světová válka, politika, vojáci, sny, zločin, mrtvola, vztahy, doktoři, bolest, mezilidské vztahy, smutek, válka, trauma, nenávist, tragédie, armáda, naděje, zabijáci, náboženství, víra, nespravedlnost, nacisté, manželství, diskriminace, chudoba, chamtivost, nacismus, rasismus, posedlost, období 1930-1940, zlo, Židé, diktatura, svědek, svědectví, spravedlnost, oběť (někomu/něčemu), moc, okupace, invaze, holocaust, koncentrační tábor, trest smrti, trest, genocida, judaismus, válečné zločiny, Polsko, antisemitismus;0.0;4.0;Marvin J. Chomsky;James Woods, Meryl Streep, Michael Moriarty, Joseph Bottoms, Tovah Feldshuh, Tom Bell, Rosemary Harris, Ian Holm, Sam Wanamaker, David Warner;;https://apps.apple.com/cz/app/id6755365206<br>https://play.google.com/store/apps/details?id=cz.csfd.csfdroid<br>;Golden Globes (1x)<br>;Golden Globes (2x)<br>
231777;NHK ni jókoso!;2006;81.2691466083151;;https://image.pmgstatic.com/cache/resized/w420/files/images/film/posters/161/772/161772961_hopnkr.jpg;https://www.csfd.cz/film/231777-nhk-ni-jokoso/;Japonsko;Animovaný / Drama / Komedie / Psychologický;NHKにようこそ!;"Sato má problém: je mu dvaadvacet, z vysoké školy ho vyhodili a je nezaměstnaný. A navíc je to hikikomori; dobrovolně si totiž zvolil vězení mezi čtyřmi stěnami svého pronajatého bytu, jeho životní náklady hradí rodiče, přes den spí, ven vychází jen v noci na nákup a zbytek času tráví sledováním televize, hraním počítačových her a stahováním porna. Po dvou letech života v naprostém odloučení od okolního světa si začne klást otázku, kdo za jeho stav může, a dojde k názoru, že se stal obětí spiknutí zlé organizace jménem NHK. Dostat se z jejích osidel mu mohou pomoci pouze soused Yamazaki, který v osamění svého pokoje tvoří nejlepší erotickou počítačovou hru všech dob, a neznámé děvče trpící spasitelským komplexem, které se neznámo proč rozhodlo Satoa před jeho osudem společenského odpadlíka zachránit. (kiddo)";V TV od 10.07.2006 Chiba terebi;anime, samota, hikikomori;0.0;24.0;Júdži Kumazawa, Masahiro Sonoda, Júsuke Jamamoto;Daisuke Sakaguči, Jutaka Koizumi, Jui Makino, Hidejuki Tanaka, Mijuki Sawaširo, Nobuhiko Okamoto, Júdži Ueda, Čafúrin, Eidži Takemoto, Majumi Šó;Tacuhiko Takimoto;https://www.youtube.com/watch?v=tg8Jahz6RM4<br>https://apps.apple.com/cz/app/id6755365206<br>https://play.google.com/store/apps/details?id=cz.csfd.csfdroid<br>;;
290414;Deurim hai;2011;81.63487738419619;;https://image.pmgstatic.com/cache/resized/w420/files/images/film/posters/162/205/162205737_c08b05.jpg;https://www.csfd.cz/film/290414-deurim-hai/;Jižní Korea;Komedie / Romantický / Drama;드림하이;Šest studentů Kirinské umělecké školy jde za svým snem stát se hvězdou korejského hudebního průmyslu. (Netflix);V TV od 03.01.2011 KBS2;;2.0;32.0;Eung-bok Lee, Seong-yoon Kim, Wan-il Mo;Soo-hyeon Kim, Suzy Bae, Taecyeon, Eun-jeong Ham, Wooyoung, IU, Hyun-joong Kim, Il-hwa Choi, Ki-joon Um, Yong-joon Bae;;https://www.netflix.com/title/70244998<br>https://www.netflix.com/<br>https://www.netflix.com/title/70244998<br>https://www.netflix.com/cz-en/title/70244998<br>https://apps.apple.com/cz/app/id6755365206<br>https://play.google.com/store/apps/details?id=cz.csfd.csfdroid<br>;;
1220234;Souputníci;2023;81.74157303370787;;https://image.pmgstatic.com/cache/resized/w420/files/images/film/posters/168/178/168178811_9sd0f4.jpg;https://www.csfd.cz/film/1220234-souputnici/;USA;Drama / Romantický;Fellow Travelers;Ve Washingtonu DC se během homofobní levandulové paniky 50. let 20. století do sebe zamilují dva muži. Charismatický a ambiciózní Hawkins Fuller a náboženský idealista Tim Laughlin naváží riskantní, proměnlivý a smyslný vztah trvající desítky let. (SkyShowtime);Na VOD od 27.10.2023 Showtime;podle knihy, muž, žena, smrt, přátelství, přátelé, 20. století, násilí, tajemství, otec, matka, manželé, dcera, syn, vyšetřování, ženy, gay, škola, vzpomínky, politika, Vánoce, sex, drogy, nevěra, kamarádi, učitel, nemoc, studenti, moře, LGBTQ+, armáda, střední škola, ostrov, umírání, soud, lesby, těhotenství, víra, sebevražda, homosexualita, manželství, politik, výslech, alkoholismus, křesťanství, hádka, aktivismus, babička, období 1970-1980, děda, období 1960-1970, období 1980-1990, pláž, zakázaná láska, vnoučata, cizinec (neznámý člověk), alkohol, období 1950-1960, soudce, coming out, chata, protestní hnutí, nezaměstnanost, promiskuita, školní třída, slib, tajná láska, drag queen, AIDS, večeře, San Francisco, kouření, fotografie, podezření z nevěry, disco, soudní spor, soudní síň, porota (u soudu), dopis, telefon, senátor, porotce, LSD, detektor lži;0.0;8.0;Daniel Minahan, Uta Briesewitz, Destiny Ekaragha;Matt Bomer, Jonathan Bailey, Allison Williams, Ben Sanders, Chris Bauer, Linus Roache, Christine Horne, Will Brill, Jelani Alladin, Noah J. Ricketts;Thomas Mallon;https://www.skyshowtime.com/cz/stream/tv/souputnici/f52f97f7-d7d7-36ec-ad4b-818ebf09b4fe<br>https://www.skyshowtime.com<br>https://www.skyshowtime.com/cz/stream/tv/souputnici/f52f97f7-d7d7-36ec-ad4b-818ebf09b4fe<br>https://apps.apple.com/cz/app/id6755365206<br>https://play.google.com/store/apps/details?id=cz.csfd.csfdroid<br>;Golden Globes (2x)<br>Critics Choice Awards (2x)<br>;Critics Choice Awards (1x)<br>
75613;Hercule Poirot;1989;79.553606665205;;https://image.pmgstatic.com/cache/resized/w420/files/images/film/posters/170/364/170364339_feyhad.jpg;https://www.csfd.cz/film/75613-detektiv-poirot/;Velká Británie;Krimi / Drama / Mysteriózní / Thriller;Agatha Christie's Poirot;Malý belgický detektiv Hercule Poirot (David Suchet) s knírkem upraveným dle pravítka a neuvěřitelně bystrou šedou kůrou mozkovou řeší případy, na které slavná britská policie ani Scotland Yard nestačí a to již od roku 1989 dodnes v této nejslavnější volně inspirované adaptaci předlohy královny detektivek Agathy Christie. (monolog);V TV od 08.01.1989 ITV;podle knihy, vražda, 20. století, policie, vyšetřování, vrah, vojáci, Vánoce, podvod, mrtvola, detektiv, gangsteři, krádež, zloděj, podle povídky, období 1930-1940, vlak, hypnóza, Hercule Poirot, whodunit;13.0;70.0;Edward Bennett, Renny Rye, Andrew Grieve;David Suchet, Hugh Fraser, Philip Jackson, Pauline Moran, David Yelland, Zoë Wanamaker, Richard Bebb, George Little, Phillip Manikum, Jona Jones;Agatha Christie, Agatha Christie;https://www.ceskatelevize.cz/porady/10111864738-hercule-poirot?utm_source=csfd&utm_medium=section_vod&utm_campaign=link<br>https://sledovanitv.cz/epg/event/filmboxplus:2025121384a24ccf51b83efe53a20b9cc8f84dcc<br>https://www.ceskatelevize.cz/porady/10111864738-hercule-poirot?utm_source=csfd&utm_medium=section_vod&utm_campaign=link<br>https://sledovanitv.cz/epg/event/filmboxplus:2025121384a24ccf51b83efe53a20b9cc8f84dcc<br>https://apps.apple.com/cz/app/id6755365206<br>https://play.google.com/store/apps/details?id=cz.csfd.csfdroid<br>;;
346500;Pod černou vlajkou;2014;79.65425531914893;;https://image.pmgstatic.com/cache/resized/w420/files/images/film/posters/158/229/158229770_f0a0d1.jpg;https://www.csfd.cz/film/346500-pod-cernou-vlajkou/;USA;Dobrodružný / Drama;Black Sails;Píše se rok 1715 a nad piráty se začíná pomalu smrákat. Světové mocnosti jim vyhlašují absolutní válku, protože ohrožují prosperitu zámořského obchodu. Obávaný bukanýr, kapitán Flint, přibírá do své posádky mladého nováčka Johna Silvera a společně se vydávají na výpravu za obřím pokladem, který by mohl zachránit upadající pirátskou základnu… (TV Prima);V TV od 24.01.2012 Starz!;lodě, oceán, prostitutka, bitva, zlato, piráti;4.0;38.0;Sam Miller, T.J. Scott, Neil Marshall;Toby Stephens, Luke Arnold, Clara Paget, Mark Ryan, Hakeem Kae-Kazim, Jessica Parker Kennedy, Patrick Lyster, Langley Kirkwood, Jeremy Crutchley, Tom Hopper;;https://apps.apple.com/cz/app/id6755365206<br>https://play.google.com/store/apps/details?id=cz.csfd.csfdroid<br>;The Saturn Awards (2x)<br>;
1224011;Sex O'Clock;2023;79.74150886684701;;https://image.pmgstatic.com/cache/resized/w420/files/images/film/posters/167/291/167291233_9cbff8.jpg;https://www.csfd.cz/film/1224011-sex-o-clock/;Česko;Komedie;;Hlavním hrdinou Sex O’Clock je dospívající Adam (Maxmilián Kocek), který se až dosud zabýval především svou taneční kariérou a palčivou otázkou, kdy už konečně přijde o panictví. Jeho otec (Jan Révai) ale záhy převrátí celé rodině život naruby a odstartuje celý řetězec nečekaných událostí, se kterými si musí poradit jak Adamova matka Judita (Petra Bučková), tak babička (Jana Švandová). A to ještě nikdo netuší, s čím se bude muset v brzké době vypořádat Adamova sestra Ema (Sára Korbelová), zatímco Adam nejspíše na tanečním kurzu právě potkal největší lásku svého dosavadního života (Karolin Omastová). (Voyo);Na VOD od 10.03.2023 Voyo (Série 1);láska, rodina, přátelství, přátelé, dívka, tajemství, otec, děti, matka, rodiče, dcera, syn, chlapec, gay, škola, pomsta, sourozenci, Vánoce, dospívání, lež, sex, rivalita, podvod, učitel, studenti, střední škola, lesby, těhotenství, párty, tanec, rozchod, šikana, soutěž, babička, trénink, obchod (prodejní místo), dluhy, dovolená, vnoučata, trenér, učitelka, coming out, sociální síť, teen comedy;2.0;20.0;Jan Bártek, Karolína Zalabáková;Petra Bučková, Jan Révai, Jana Švandová, Csongor Kassai, Sára Korbelová, Maxmilián Kocek, Karolin Omastová, Tomas Sean Pšenička, Leona, Kryštof Švehlík;;https://www.netflix.com/title/81259431<br>https://voyo.nova.cz/home<br>https://voyo.nova.cz/home<br>https://www.netflix.com/title/81259431<br>https://apps.apple.com/cz/app/id6755365206<br>https://play.google.com/store/apps/details?id=cz.csfd.csfdroid<br>;;
517880;Psychiatr;2018;79.75648075412411;;https://image.pmgstatic.com/cache/resized/w420/files/images/film/posters/162/229/162229609_3e79c9.jpg;https://www.csfd.cz/film/517880-psychiatr/;USA;Krimi / Drama;The Alienist;New York, 1896: policejní komisař Theodore Roosevelt si k sobě povolá psychologa Laszlo Kreizlera, aby mu pomohl chytit zabijáka, který vyhledává chlapce bez domova. (Netflix);V TV od 22.01.2018 TNT;;2.0;18.0;Paco Cabezas, James Hawes, Jakob Verbruggen;Daniel Brühl, Luke Evans, Dakota Fanning, David Wilmot, Eugenia Caruso, Ted Levine, Matt Lintz, Douglas Smith, Dan Bradford, Clare Calbraith;Caleb Carr;https://www.skyshowtime.com/cz/stream/tv/psychiatr/c06a6205-cc64-3c21-928e-d81ef0dacad3<br>https://www.netflix.com/<br>https://www.skyshowtime.com/cz/stream/tv/psychiatr/c06a6205-cc64-3c21-928e-d81ef0dacad3<br>https://apps.apple.com/cz/app/id6755365206<br>https://play.google.com/store/apps/details?id=cz.csfd.csfdroid<br>;Golden Globes (2x)<br>The Saturn Awards (2x)<br>;
93869;The Ellen Show;2001;80.19032513877875;;https://image.pmgstatic.com/cache/resized/w420/files/images/film/posters/165/590/165590992_4b6d4e.jpg;https://www.csfd.cz/film/93869-the-ellen-show/;USA;Komedie;;;;;;;Andrew D. Weyman, Andy Ackerman;Ellen DeGeneres, Cloris Leachman, Martin Mull, Emily Rutherfurd, Diane Delano, Susan Walters, Reggie Lee, John Francis Daley, John Ritter, Helen Mirren;;https://apps.apple.com/cz/app/id6755365206<br>https://play.google.com/store/apps/details?id=cz.csfd.csfdroid<br>;;
581570;McMafie;2018;80.21978021978022;;https://image.pmgstatic.com/cache/resized/w420/files/images/film/posters/162/494/162494571_6a39d7.jpg;https://www.csfd.cz/film/581570-mcmafie/;Velká Británie / USA;Krimi / Drama / Thriller;McMafia(festivalový název);Realizačně velkorysá adaptace stejnojmenného bestselleru Mishy Glennyho (česky vydalo Argo v roce 2009). Scénář napsal na Oscara nominovaný Hossein Amini (Drive), režíroval žánrový specialista James Watkins (Žena v černém, Černé zrcadlo), hlavní roli nejmladšího člena ruské mafiánské rodiny Godmanových, žijící v londýnském exilu, ztvárnil James Norton (Šťastné údolí, Vojna a mír, Grantchester). Ve chvíli, kdy začne temná rodinná minulost ohrožovat život jeho otce i dalších blízkých, je Alex Godman, dosud bezúhonný absolvent elitních západních škol a majitel prosperujícího investičního fondu, nucen jednat. Postupně je vtahován do kriminálního prostředí, kde musí bojovat nejen o bezpečí těch, které miluje, ale i o svou duši. Jedním z ústředních témat na pozadí dramatického příběhu osmidílné série – jak napovídá název – je globalizace organizovaného zločinu, kterému se také nevyhnula tzv. mcdonaldizace. Novodobé mafiánské války se vedou spíše v zasedačkách než v ulicích, utrpení a zmařené životy za sebou ale zanechávají stále stejné. Natáčelo se v různých koutech světa (Velká Británie, Rusko, Chorvatsko, Česká republika, Indie, Izrael). Série vznikla v koprodukci britské veřejnoprávní BBC a americké společnosti AMC. (Česká televize);V TV od 01.01.2018 BBC;;0.0;8.0;James Watkins;James Norton, David Strathairn, Juliet Rylance, Alexej Serebrjakov, Marija Šukšina, David Dencik, Oshri Cohen, Tim Ahern, Andrew Alexander, Maro Drobnić;Misha Glenny;http://www.ceskatelevize.cz<br>http://www.ceskatelevize.cz<br>https://apps.apple.com/cz/app/id6755365206<br>https://play.google.com/store/apps/details?id=cz.csfd.csfdroid<br>;;
71059;Co přináší řeka;1983;80.44579533941236;;https://image.pmgstatic.com/cache/resized/w420/files/images/film/posters/168/962/168962791_5pizwh.jpg;https://www.csfd.cz/film/71059-co-prinasi-reka/;Austrálie;Drama / Romantický;All the Rivers Run;V roce 1892 ztroskotá na pobřeží Austrálie loď. Neštěstí přežije pouze jeden námořník a mladá žena, Philadelphia Gordonová, která na lodi cestovala společně s rodiči. Její výchovy se tak ujímá přísný strýček Charles a teta Hester. Na cestu do nového domova se Philadelphia vydává společně se strýčkem Charlesem na kolesovém parníku po řece Murray. Zde se také poprvé setkává s charismatickým kapitánem plavidla - Brentonem Edwardsem. V roce 1984 získal seriál v Austrálii ocenění ve dvou kategoriích na Logie Awards. Předlohou k seriálu byl stejnojmenný román australské spisovatelky Nancy Cato. (mibara);V TV od 04.10.1983 Seven Network;19. století;;;Pino Amenta, George Miller;Sigrid Thornton, John Waters, Kirk Alexander, Betty Lucas, Don Bridges, Darius Perkins, Adrian Wright, Vivean Gray, Michele Fawdon, Diane Craig;;https://apps.apple.com/cz/app/id6755365206<br>https://play.google.com/store/apps/details?id=cz.csfd.csfdroid<br>;;
321540;Velmi uvěřitelné příběhy;1991;80.25531914893617;;//static.pmgstatic.com/assets/images/050b5bad23b8eb0b4f88f971b8f6a168/empty-image.svg;https://www.csfd.cz/film/321540-velmi-uveritelne-pribehy/;Československo;Drama / Horor / Povídkový;;"Cyklus šesti krátkých filmových povídek, inspirovaných zejména ""Neuvěřitelnými příběhy"" Roalda Dahla. Sledujeme běžné situace, které se v důsledku náhody, nedorozumění či zlé vůle přeměňují v malá dramata s hororovou či krutě groteskní pointou. (reditelka)";;;0.0;6.0;Igor Chaun;Jan Hřebejk, Miroslava Součková, Miloš Vávra, Vítězslav Jandák, Jiří Fero Burda, Pavel Nový, Josef Abrhám, Jiří Hálek, Helena Lehká-Rejšková, Jiří Štrébl;;https://apps.apple.com/cz/app/id6755365206<br>https://play.google.com/store/apps/details?id=cz.csfd.csfdroid<br>;;
914612;Vítejte na konci světa;2021;80.60975609756098;;https://image.pmgstatic.com/cache/resized/w420/files/images/film/posters/168/933/168933450_e7zzcs.jpg;https://www.csfd.cz/film/914612-vitejte-na-konci-sveta/;Norsko;Komedie / Drama;Velkommen til Utmark;V odlehlém norském městečku ležícím uprostřed nehostinné pustiny se zná každý s každým. Život v Utmarku je však divoký a cizincům se málokdy podaří přizpůsobit. Když je do školy přijata nová optimistická učitelka, doufá v nový začátek. Brzy si však uvědomí, že jedinou osobou, která se zde chová aspoň trochu dospěle, je 12letá dívka. Seriál vypráví prostřednictvím živořících a velmi neobvyklých postav příběh o hledání místa na světě - ať už jde o nalezení sebe sama po rozchodu s partnerem, neúnavnou snahu dospět, zoufalé úsilí překonat smrt milovaného člověka nebo jednoduše vyhnání duše zesnulého manžela z vašeho těla skrze exorcismus. Komediální drama pojednává o přijetí všech nepříjemných zkoušek osudu a dotýká se nejrůznějších aspektů lidské podstaty - lásky, smrti i transvestitismu. (HBO Europe);Na VOD od 18.04.2021 HBO Nordic;otec, dcera, škola, bratři, lesby, alkoholismus, pašování, kostel, transvestita, ovce, Norsko, pohřební ústav;0.0;8.0;Dagur Kári;Tobias Santelmann, Stig Henrik Hoff, Marie Blokhus, Niklas Gundersen, Alma Günther, Eero Milonoff, Pelle Heikkilä, Marius Lien, Gard B. Eidsvold, Nils Johnson;;https://www.skyshowtime.com/cz/stream/tv/vitejte-na-konci-sveta/f8502cc6-06e1-35d3-8fff-16603927d5c9<br>http://www.hbo.eu<br>http://www.hbo.eu<br>https://www.skyshowtime.com/cz/stream/tv/vitejte-na-konci-sveta/f8502cc6-06e1-35d3-8fff-16603927d5c9<br>https://apps.apple.com/cz/app/id6755365206<br>https://play.google.com/store/apps/details?id=cz.csfd.csfdroid<br>;;
614466;Z hříček o královnách;1994;80.65522620904837;;//static.pmgstatic.com/assets/images/050b5bad23b8eb0b4f88f971b8f6a168/empty-image.svg;https://www.csfd.cz/film/614466-z-hricek-o-kralovnach/;Česko;Drama / Historický;;;;podle skutečného příběhu;0.0;7.0;Oldřich Daněk;Jana Štěpánková, Ondřej Vetchý, Petr Kostka, František Němec, Jiřina Jirásková, Jana Brejchová, Luděk Munzar, Miriam Chytilová, Lenka Horáková, Tereza Brodská;;https://apps.apple.com/cz/app/id6755365206<br>https://play.google.com/store/apps/details?id=cz.csfd.csfdroid<br>;;
283831;This Is England '86;2010;80.96525096525096;;https://image.pmgstatic.com/cache/resized/w420/files/images/film/posters/167/215/167215765_a34e8a.jpg;https://www.csfd.cz/film/283831-this-is-england-86/;Velká Británie;Drama;Taková je Anglie;„Vedlejší produkt“ filmu „Tohle je Anglie“ z roku 1986 s dějem zasazeným o tři roky později, se zaměřuje spíše než na subkulturu skinheads na scénu modernistů (mod revival). Stejně jako ve filmu „Tohle je Anglie '86“ je hvězdou Thomas Turgoose jako Shaun, ačkoli Lol (Vicky McClure) a Woody (Joe Gilgun) hrají ještě významnější role.Příběh se odehrává během Světového poháru FIFA 1986. Když Shaun složí poslední školní zkoušku, uvědomí si, že bude muset najít svou cestu ve světě. Jeho přátelé, ke kterým patří Woody, Lol, Smell, Gadget a Meggy, jsou stále kolem, hledají lásku, zábavu a práci. (Filmbox);;;0.0;4.0;Tom Harper, Shane Meadows;Jo Hartley, Katherine Dow Blyton, Vicky McClure, Thomas Turgoose, Joe Gilgun, Stephen Graham, Michael Socha, Johnny Harris, Danielle Watson, Chanel Cresswell;;https://apps.apple.com/cz/app/id6755365206<br>https://play.google.com/store/apps/details?id=cz.csfd.csfdroid<br>;;
72660;Spawn;1997;81.69590643274854;;https://image.pmgstatic.com/cache/resized/w420/files/images/film/posters/000/027/27691_485938.jpg;https://www.csfd.cz/film/72660-spawn/;USA;Animovaný / Akční / Krimi / Drama / Horor / Thriller / Fantasy;;Spawn je zplozencem zla, výtvorem pekelného pána Malebolgia, který ho do svých plánů na ovládnutí Země a rozdrcení Nebeských sil zahrnul jako komandanta démonických armád podsvětí. Před svou smrtí býval Spawn Albertem Francisem Simmonsem, speciálním agentem zrazeným a zavražděným vlastním nadřízeným, kterému bezmezně důvěřoval. Poháněn zhoubnou touhou po pomstě přistupuje Simmons na Malebolgiaův návrh a stává se Spawnem, což mu umožní opět kráčet po Zemi. Po návratu ale zjišťuje, že je pouze znetvořeným mrzákem, jehož rodinu převzal nejlepší přítel Terry. Změnilo se toho ovšem víc. Na Spawnův nervový systém je navázána organická symbiotická zbroj spolu s rudým pláštěm a řetězy, které mu umožňují mimo jiné měnit tvar. Místo krve jeho tělem proudí fosforově zelená nekroplazma propůjčující nadlidskou sílu a nadpřirozené schopnosti. Ve své nové podobě se Spawn rozhodne chránit bývalou ženu Wandu a její novou rodinu. Zároveň ale musí odolávat svodům Pekla, bažícím po jeho dosazení do čela své armády, a útokům Nebe, usilujícím o jeho zničení jakožto elementu, který může narušit rovnováhu sil a přiblížit pekelné síly k vítězství v rozhodující bitvě. Jediným přítelem a moudrým rádcem je mu mystický stařec Cogliostro s podobně pohnutou minulostí. Jakou roli bude hrát Spawn v nadcházejícím Armagedonu?;V TV od 16.05.1997 Home Box Office;podle komiksu;3.0;18.0;Eric Radomski, Jennifer Yuh, Mike Vosburg;Keith David, Richard Dysart, Dominique Jennings, Todd McFarlane, James Keane, Michael McShane, John Rafter Lee, Victor Love, Michael Nicolosi, Kath Soucie;Todd McFarlane;https://apps.apple.com/cz/app/id6755365206<br>https://play.google.com/store/apps/details?id=cz.csfd.csfdroid<br>;;
1495016;Jekatěrina;2014;81.83544303797468;;https://image.pmgstatic.com/cache/resized/w420/files/images/film/posters/158/998/158998837_a04868.jpg;https://www.csfd.cz/film/1495016-katarina-velka/;Rusko;Drama / Historický / Životopisný;Екатерина;Život Kataríny Veľkej (Marina Alexandrova), ktorá sa z mladej nemeckej princeznej Sophie z Anhalt-Zerbstu stala najslávnejšou ruskou cárovnou. Cesta od naivnej a ambicióznej mladej ženy k jednému z najmocnejších a najvplyvnejších vládcov v novovekej histórii, ktorá však bola plná nástrah, intríg, nepriateľských vzťahov a odporu. Avšak popri reformátorskému mysleniu si princezná a budúca cárovná nájde čas aj na to najdôležitejšie v jej živote - na lásku... (Arsenal83);V TV od 24.11.2014 Телеканал Россия;;4.0;56.0;Ramil Sabitov, Alexandr Baranov, Dmitrij Iosifov;Marina Alexandrova, Alexandr Lazarev ml., Pjotr Žuravljov, Vladimir Meňšov, Jelena Šamova, Michail Konovalov, Jevgenij Volockij, Sergej Kagakov, Konstantin Topolaga, Petr Mareček;;https://apps.apple.com/cz/app/id6755365206<br>https://play.google.com/store/apps/details?id=cz.csfd.csfdroid<br>;;
91804;Unforgotten;2015;82.33962264150944;;https://image.pmgstatic.com/cache/resized/w420/files/images/film/posters/167/191/167191284_fdcc7f.jpg;https://www.csfd.cz/film/91804-unforgotten/;Velká Británie;Krimi / Drama;;Londýnští detektivové vyšetřují zločiny z minulosti a rozplétají léta pohřbená tajemství. Když je v opuštěné budově nalezeno tělo mladého muže, je k vyšetřování povolána vrchní inspektorka Cassie Stuart (Nicola Walker) se svým partnerem, detektivem seržantem Sunilem „Sunnym“ Khanem (Sanjeev Bhaskar). Jimmy Sullivan byl bezdomovec na útěku, zavražděný v roce 1976, kdy v budově byla ubytovna. Podle jeho deníku jsou podezřelí čtyři lidé: duchovní, významný podnikatel, komunitní pracovník a invalidní muž, který se staral o svou manželku. Každý z nich skrývá nějaké tajemství. Jak se jejich lži rozplétají, lidé, které mají nejraději, se začínají zajímat, čeho by ještě mohli být schopni. Nic v tomto případě není černobílé. Můžete vůbec někdy skutečně poznat své nejbližší? Jaká tajemství pohřbili? (tribican);Na VOD od 27.02.2023 ITVX (Season 5);vražda, policie, vyšetřování;7.0;42.0;Andy Wilson;Nicola Walker, Sanjeev Bhaskar, Jordan Long, Lewis Reeves, Peter Egan, Tom Austen, Trevor Eve, Ruth Sheen, Tom Courtenay, Gemma Jones;;/tvurce/282359-lorraine-ashbourne/prehled/<br>https://apps.apple.com/cz/app/id6755365206<br>https://play.google.com/store/apps/details?id=cz.csfd.csfdroid<br>;;
364292;Barakamon;2014;82.72340425531915;;https://image.pmgstatic.com/cache/resized/w420/files/images/film/posters/165/636/165636753_b59201.jpg;https://www.csfd.cz/film/364292-barakamon/;Japonsko;Animovaný / Komedie;ばらかもん;Aj napriek pomerne mladému veku sa Handovi Seišuovi podarilo stať profesionálnym krasopiscom, vďaka čomu je schopný žiť vo svete, po akom vždy túžil. To všetko sa však náhle zmení v okamihu, keď udrie veľaváženého kritika, ktorý jeho výstavu označil za neoriginálnu a fádnu. Handa je za tento prehrešok poslaný do úzadia, presnejšie na ostrov Goto, neďaleko Kyushu, kde spoznáva rôznorodé povahy dobrosrdečných dedinčanov, zbližuje sa s miestnymi deťmi a postupne sa začína učiť. (HDeer);V TV od 05.07.2014 Nippon TV;anime;0.0;12.0;Šinja Iino, Masacugu Arakawa, Kazuhisa Óno;Džun'iči Suwabe, Suzuko Hara, Rumi Ókubo, Kóki Učijama, Ajaka Suwa, Fumihiko Tačiki, Kósuke Meguro, Rjóko Ono, Nozomi Furuki, Micuru Mijamoto;Sacuki Jošino;https://apps.apple.com/cz/app/id6755365206<br>https://play.google.com/store/apps/details?id=cz.csfd.csfdroid<br>;;
1154440;Tajemství ostrova Hitogashima;2022;83.31658291457286;;https://image.pmgstatic.com/cache/resized/w420/files/images/film/posters/166/121/166121049_bedb93.jpg;https://www.csfd.cz/film/1154440-tajemstvi-ostrova-hitogashima/;Japonsko;Animovaný / Akční / Drama / Mysteriózní / Thriller;Summer Time Render;Příběh plný napětí odehrávající se na malém ostrově začíná příběhem Šinpeie Adžiry, jemuž zemřela kamarádka z dětství Ušio Kofune. Poprvé po dvou letech se vrací do rodného města na její pohřeb. Jeho nejlepší přítel Sou Hišigata tuší, že s Ušiinou smrtí není něco v pořádku a že příště může zemřít někdo další. (Disney+);Na VOD od 14.04.2022 Disney+;;0.0;25.0;Ajumu Watanabe, Džun'iči Jamamoto, Šingo Kaneko;Nacuki Hanae, Saho Širasu, Anna Nagase, Akio Ócuka, Kenšó Ono, Maki Kawase, Kacujuki Koniši, Teššó Genda, Jóko Hikasa, Džin Urajama;Jasuki Tanaka;https://srv.tunefindforfans.com/showads/track/srvclk.php?aid=100006796&lp=https://www.disneyplus.com/en-cz/browse/entity-ad803e91-b02a-42c9-a6f8-29f6468a74fd<br>http://disneyplus.com<br>https://srv.tunefindforfans.com/showads/track/srvclk.php?aid=100006796&lp=https://www.disneyplus.com/en-cz/browse/entity-ad803e91-b02a-42c9-a6f8-29f6468a74fd<br>https://www.csfd.cz/vod/disney-plus/<br>https://apps.apple.com/cz/app/id6755365206<br>https://play.google.com/store/apps/details?id=cz.csfd.csfdroid<br>;;
72462;Šmoulové;1981;79.41200089225964;;https://image.pmgstatic.com/cache/resized/w420/files/images/film/posters/000/450/450071_d042c3.jpg;https://www.csfd.cz/film/72462-smoulove/;USA / Belgie;Animovaný / Rodinný / Fantasy;The Smurfs;Veselé příběhy malých, ale modrou barvou nápadných skřítků - šmoulů. Šmoulové si žijí svým bezstarostným životem, který jim věčně kazí zlý černokněžník Gargamel a jeho kocour Azrael, kteří jsou posedlí touhou pochytat všechny šmouly a sníst je... (wader);V TV od 12.09.1981 National Broadcasting Company (NBC);zvířata, les, podle komiksu, kouzla, čarodějové;9.0;256.0;Ray Patterson, Carl Urbano, Don Lusk;Don Messick, Danny Goldman, Lucille Bliss, Frank Welker, Michael Bell, June Foray, Hamilton Camp, William Callaway, Alan Oppenheimer, Alan Young;Peyo;https://www.ceskatelevize.cz/porady/11637470245-smoulove?utm_source=csfd&utm_medium=section_vod&utm_campaign=link<br>https://www.ceskatelevize.cz/porady/11637470245-smoulove?utm_source=csfd&utm_medium=section_vod&utm_campaign=link<br>https://apps.apple.com/cz/app/id6755365206<br>https://play.google.com/store/apps/details?id=cz.csfd.csfdroid<br>;;
72377;Spiderman;1994;79.510214772132;;https://image.pmgstatic.com/cache/resized/w420/files/images/film/posters/000/321/321916_5488c4.jpg;https://www.csfd.cz/film/72377-spiderman/;USA;Akční / Rodinný / Animovaný / Krimi / Thriller / Sci-Fi / Dobrodružný / Fantasy / Romantický / Drama;Spider-Man;Pavúčí muž v noci bojuje ako superhrdina proti najväčším zločincom New Yorku, zlieza steny mrakodrapov a vrhá na zloduchov siete, aby sa ráno premenil na plachého študenta Petera Parkera, ktorého trápia bežné ľudské problémy. Ďalšia séria amerického animovaného akčného seriálu z roku 1995 s jednou z najslávnejších postáv histórie komiksu Spider-Manom. Keď na výstave vedeckých noviniek zmutovaný rádioaktívny pavúk uhryzne stredoškoláka Petera Parkera, navždy mu zmení život vďaka jeho jedu získa nadľudské schopnosti. Plachý a inteligentný chlapec, ktorý nepatrí medzi obľúbených žiakov, nie je krásny, silný a má problémy s dievčatami, sa zrazu premení na superhrdinu. Zo zápästia dokáže vystreľovať pavúčie vlákna a siete na unikajúcich zločincov, lepkavé dlane mu umožňujú liezť po stenách a vďaka pružnosti a ohybnosti tela môže skákať na stometrové vzdialenosti po strechách newyorských mrakodrapov či svišťať ponad hlavy davu v uliciach. Po smrti svojho strýka Uncle Bena sa Peter rozhodne využiť svoje schopnosti na ochranu ľudí pred zločinom a nešťastnými nehodami. A súčasne sa stretáva so svojimi veľkými a mocnými protivníkmi, rovnako nadľudskými, ako je on sám. Dávajú mu na výber buď sa k nim pridá na stranu zla, alebo bude trpieť pre bolesť, ktorú spôsobí svojim najbližším. Pavúčí cit umožňuje Peterovi predvídať včas hroziace nebezpečenstvo. A to mu pomáha v boji proti početným nepriateľom, ktorých musí zastaviť všetkými prostriedkami, aby nezničili svet. Nemilosrdný a mocný Kingpin je neobmedzeným pánom celého zločineckého podsvetia a plánuje rozšíriť svoj obrovský skazonosný vplyv na celé mesto. Dr. Octopus využíva svoje početné chápadlá namiesto ramien, aby sa zmocnil čohokoľvek, čo sa vyskytne v jeho blízkosti. Zákerný mimozemšťan Venom a šialený Hobgoblin neustále konšpirujú, aby zničili Spider-Mana, ktorý ohrozuje ich plány. V noci má superhrdina stále plno práce, aby zastavil činorodých zloduchov. Nočný bojovník proti zločinu mení sa však ráno mení na Petera Parkera, plachého, hanblivého a ostýchavého študenta, ktorého trápia bežné ľudské problémy. Žije so svojou ovdovelou tetou May a snaží sa imponovať svojej vyvolenej priateľke Felicii Hardyovej. Hoci jeho mocné pavúčie alter-ego v noci zachraňuje celý svet, cez deň sa mladý muž učí pravidlám zodpovednosti voči priateľom a vlastnej rodine. V originálnej verzii nahovorili postavy známi americkí herci Matin Landau, Ed Asner, Mark Hamill, Nell Carter a Hank Azaria. Postavy J. JONAH JAMESON je riaditeľ vydavateľstva novín, kde Peter pracuje ako fotograf na voľnej nohe. Petrov šéf považuje Spider-Mana za nebezpečného tvora a diskredituje ho vo svojom denníku. Dr. OCTOPUSSY bol pôvodne šialeným vedcom, ktorý pracoval na vývine robotických rúk, ale nešťastie v laboratóriu spôsobilo spojenie jeho tela so štyrmi dlhými kybernetickými končatinami. Dr. Chobotnica kombinuje svoje brilantné vedecké myslenie so zločinnými plánmi, ktoré realizuje pomocou svojich umelých chápadiel. Bohatý a mocný KINGPIN ovláda a riadi zločinecké podsvetie a plánuje zmocniť sa vlády nad celým mestom. Jedinou nádejou pre všetkých obyvateľov je Spider-Man. Kingpin má intelekt finančného génia a obrovskú silu zápasníka sumo. Sám môže spôsobiť obrovské škody, ale zamestnáva celé šíky ďalších zloduchov, aby špinavú prácu urobili zaňho. Zloduch HOBGOBLIN zastrašuje svoje obete démonickou maskou šoumena a vrhá navôkol malé bomby v podobe lampiónov. Spaľovaný chamtivosťou a vlastným superegom chce Spider-Mana zabiť. ŠKORPIÓN je superzločinec ukrytý v mechanickom obrnenom skelete, ktorý znásobuje jeho silu a úder jedovatým žihadlom na chvoste. VENOM je vtelenie mimozemskej entity do pozemšťana, v tele ktorého realizuje svoje zákerné plány proti ľudstvu na Zemi. Ako čierna lepkavá hmota sa chcel pôvodne nalepiť priamo na Spider-Mana a prevteliť sa do neho, ale Spider-Manovi sa ho podarilo ešte včas zbaviť. Za túto potupu sa mu chce votrelec pomstiť všetkými prostriedkami. JAŠTER THE LIZARD bol kedysi vedcom jemných mravov, ale nešťastná nehoda v laboratóriu ho premenila na humanoidného jaštera s nadľudskou silou a vysoko vyvinutou inteligenciou zločinca.;Na DVD od 24.02.2010 North Video;podle komiksu, superhrdina, Marvel Comics, Spider-Man, Captain America, Iron Man, Wolverine, Nick Fury, Doctor Strange, Professor X, Venom, Cyclops (Marvel Comics), Kingpin, Fantastická čtyřka, Punisher, Red Skull, Storm, Doctor Doom, Thing, Jean Grey, Beast (Marvel Comics), Daredevil, War Machine, Mr. Fantastic, Human Torch, Invisible Woman, Doctor Octopus, Green Goblin, Blade, Black Cat, Electro, Rogue, Rhino, Mysterio, Lizard (Marvel Comics), Shocker (Marvel Comics), Vulture, Scorpion (Marvel Comics), Morbius, Carnage (Marvel Comics), Gambit;5.0;65.0;Bob Richardson, Robert Shellhorn, Kevin Petrilak;Christopher Daniel Barnes, Sara Ballantine, Edward Asner, Roscoe Lee Browne, Jennifer Hale, Hank Azaria, Maxwell Caulfield, Jim Cummings, Gregg Berger, Martin Landau;Stan Lee, Steve Ditko;https://srv.tunefindforfans.com/showads/track/srvclk.php?aid=100006796&lp=https://www.disneyplus.com/en-cz/browse/entity-404d8ab1-36ab-4e54-92da-9aa0c847c8c9<br>https://srv.tunefindforfans.com/showads/track/srvclk.php?aid=100006796&lp=https://www.disneyplus.com/en-cz/browse/entity-404d8ab1-36ab-4e54-92da-9aa0c847c8c9<br>https://apps.apple.com/cz/app/id6755365206<br>https://play.google.com/store/apps/details?id=cz.csfd.csfdroid<br>;;
180634;Kancl;2001;79.55687369155618;;https://image.pmgstatic.com/cache/resized/w420/files/images/film/posters/000/042/42022_ae568b.jpg;https://www.csfd.cz/film/180634-kancl/;Velká Británie;Komedie / Drama;The Office;"Moderní svět je krutý. Doby, kdy měla každá - nebo skoro každá - kancelářská myš (zejména ta ve státní správě) zajištěno své teplé místečko nadosmrti, jsou nenávratně ty tam. Dnes se nad každým úřadem, každičkou kanceláří, permanentně vznáší Damoklův meč hrozby nadstavu, hrozby propouštění. Každý jednotlivec - neřku-li přímo celý odbor - může být ze dne na den shledán nadbytečným. A něco takového se, jak to vypadá, právě chystá. Nikdo samozřejmě ještě neví nic určitého, ale už jen to, že se o tom začíná mluvit, docela stačí. Protože není šprochu... že ano. V takové atmosféře se zrovna dvakrát dobře nepracuje, to dá rozum. Ještě že David Brent je šéf, jakého může téhle partě každý závidět. Šéf-kamarád, šéf, který dokáže udržet dobrou náladu za všech okolností, pro něhož je prostě pohoda v kanclu alfou a omegou jeho snažení. Zcela netradiční pohled do jedné (blíže neurčené) kanceláře a jejího osazenstva není v pravém slova smyslu sitcomem (i když v Montreux získal cenu právě v této kategorii). Obejde se bez smíchů, je točen polodokumentárním způsobem - nervní, rozostřená kamera, rychlé švenky, překotné, neučesané, ""přes sebe"" dialogy, střídající se s výpověďmi do kamery, to vše navozuje pocit nejreálnějšího reálu. Jednotlivé postavy rovněž působí nesmírně životně, jako kdyby to nebyli herci, ztvárňující předem napsanou roli: nervní, bodrý, za každou cenu (většinou ovšem do trapnosti) ""vtipný"" šéf, jeho podřízení, uvědomující si jeho (ne)schopnosti, leč loajálně servilní atd. atd. V průběhu čtrnácti dílů budeme sledovat nejrůznější momenty existence kanceláře: od každodenního všedního chodu přes rozvíření hladiny vzniklé hrozbou propouštění, brainstormingová sezení až po společné popracovní oslavy atd. atd. Všechny scény jsou dokonale odpozorované ze života a jdou až na samu dřeň tématu i mezilidských vztahů. Po pravdě to vlastně není moc veselá podívaná, mnohdy je to naopak docela krutý pohled na věc, o to je však věrohodnější. Proto má nepochybně tento seriál takový ohlas u domácího publika, proto byl prodán do osmdesáti zemí světa a stal se tak vůbec nejprodávanějším britským pořadem všech dob. Proto jej tak ocenila festivalová porota v Montreux, proto získal několik desítek dalších ocenění, (mimo jiné např. v roce 2004 dva Zlaté glóby: jeden pro představitele hlavní role Rickyho Gervaise, jeden za nejlepší komediální seriál), proto v USA natočili v. r. 2005 svoji verzi. ""The Office"" se prostě stal svého druhu fenoménem, který má po celém světě řadu nadšených ctitelů i fanklubů.";V TV od 09.07.2001 BBC;britcom;3.0;14.0;Ricky Gervais, Stephen Merchant;Ricky Gervais, Martin Freeman, Mackenzie Crook, Lucy Davis, Ewen MacIntosh, Ben Bradshaw, Jamie Deeks, Jane Lucas, Emma Manton, Alexander Perkins;;https://www.ceskatelevize.cz/porady/10125728739-kancl?utm_source=csfd&utm_medium=section_vod&utm_campaign=link<br>https://www.ceskatelevize.cz/porady/10125728739-kancl?utm_source=csfd&utm_medium=section_vod&utm_campaign=link<br>https://apps.apple.com/cz/app/id6755365206<br>https://play.google.com/store/apps/details?id=cz.csfd.csfdroid<br>;;Golden Globes (2x)<br>
105683;2 roky prázdnin;1974;80.0;;https://image.pmgstatic.com/cache/resized/w420/files/images/film/posters/000/033/33038_ed8c63.jpg;https://www.csfd.cz/film/105683-dva-roky-prazdnin/;Francie / Rumunsko / Západní Německo / Švýcarsko;Dobrodružný;Dva roky prázdnin;Rok 1897. Prázdninový výlet plachetnicí se pro osm chlapců z prominentních novozélandských rodin změní v boj o přežití. Osudným se jim stane nález láhve se vzkazem a následná záchrana dvou trosečníků. Jeden z nich má u sebe mapu ostrova, na kterém se údajně skrývá poklad nebývalé hodnoty. (mibara);Na DVD od 23.09.2008 Atypfilm;podle knihy, 19. století, trosečníci;;;Sergiu Nicolaescu, Gilles Grangier;Marc Di Napoli, Werner Pochath, Constantin Baltaretu, Constantin Bărbulescu, Hans Kraus, Horia Pavel, Constantin Diplan, Cristian Sofron, Aurel Giurumia, Wolfgang Lukschy;Jules Verne;https://apps.apple.com/cz/app/id6755365206<br>https://play.google.com/store/apps/details?id=cz.csfd.csfdroid<br>;;
804940;Hnízdo;2020;80.07213706041479;;https://image.pmgstatic.com/cache/resized/w420/files/images/film/posters/164/102/164102391_dcdaaf.jpg;https://www.csfd.cz/film/804940-hnizdo/;Slovensko;Drama;Hniezdo;Jedné noci tajemná postava přichází k nemocnici a do babyboxu ukládá narozené dítě. A i když se to na první pohled nezdá, právě tato událost zamíchá osudy několika rodin v jednom slovenském maloměstě – Adrián (M. Geišberg) a Nina Kalmanovi (K. Šafaříková) pracují jako projektanti a architekti ve firmě Ninina otce a již dlouho se neúspěšně snaží počít dítě. Ale po takové době se jako jediné východisko pro ně jeví pouze adopce. V rodině Važanových je otec Michal (A. Bárta) již několik měsíců pracovně v Rusku a matka Kristína (S. Norisová) zůstala sama na výchovu syna a nezvladatelné dcery. Kromě této zátěže se však musí vyrovnávat i s tíhou tajemství, o kterém nikdo nemá ani tušení. Nakonec v páru Fialových panuje nedůvěra a napětí, pramenící z toho, že Peter (M. Mitaš) před manželkou Martou (A. Karnasová) tají své gamblerství a dluhy, kvůli kterým je ochoten riskovat i stavařský byznys s Michalem a namočit se do věcí z nichž nemusí být návratu. Jeho žena jej však v první řadě podezírá z nevěry. (Česká televize);V TV od 12.01.2020 RTVS;láska, rodina, dilema, adopce, porod;0.0;12.0;Braňo Mišík;Soňa Norisová, Alexander Bárta, Marián Mitaš, Andrea Karnasová, Marek Geišberg, Katarína Šafaříková, Pavol Višňovský, Zuzana Frenglová, Anna Javorková, Zuzana Kubovčíková-Šebová;;http://www.ceskatelevize.cz<br>http://www.ceskatelevize.cz<br>https://www.youtube.com/watch?v=idYXchQF0GM<br>https://apps.apple.com/cz/app/id6755365206<br>https://play.google.com/store/apps/details?id=cz.csfd.csfdroid<br>;;
222989;Suzumija Haruhi no júucu;2006;80.15238095238095;;https://image.pmgstatic.com/cache/resized/w420/files/images/film/posters/165/900/165900082_f3b8bb.jpg;https://www.csfd.cz/film/222989-suzumija-haruhi-no-juucu/;Japonsko;Animovaný / Komedie / Psychologický / Sci-Fi;涼宮ハルヒの憂鬱;"První den prvního ročníku střední školy. Noví spolužáci se před třídou představují, vládne uvolněná atmosféra, až se slova chopí hnědovlasá sličná slečna: ""Haruhi Suzumiya z Východní základní školy. Obyčejní lidé mě nezajímají. Pokud je zde nějaký mimozemšťan, cestovatel časem nebo jasnovidec, ať se ozve. To je všechno!"" Smrtelně vážná tvář nenapovídá, že by žertovala, a dny následující jí dají za pravdu. Po mimozemšťanech, cestovatelích časem či jasnovidcích však ani vidu, ani slechu, přičemž ve školních klubech rádobyzaměřených na ""paranormální jevy"" nelze pořídit lépe. A neexistuje-li oddíl, jenž by vás naplňoval, co můžete udělat? To uvidíte v seriálu, který je adaptací prvního z osmi románů o této energické slečně. (yenn)";V TV od 03.04.2006 Chiba terebi;anime, škola;0.0;14.0;Tacuja Išihara, Jasuhiro Takemoto, Jutaka Jamamoto;Aja Hirano, Minori Čihara, Juki Macuoka, Akio Ócuka, Ken'iči Ogata, Takeši Aono, Júki Ono, Tomokazu Sugita, Tošijuki Morikawa, Júko Gotó;Nagaru Tanigawa;https://apps.apple.com/cz/app/id6755365206<br>https://play.google.com/store/apps/details?id=cz.csfd.csfdroid<br>;;
232634;Jekyll;2007;80.58823529411765;;https://image.pmgstatic.com/cache/resized/w420/files/images/film/posters/162/768/162768387_676ffe.jpg;https://www.csfd.cz/film/232634-jekyll/;Velká Británie;Thriller;;Drama z produkce BBC je v podstatě pokračováním příběhu o doktoru Jekyllovi a panu Hydeovi. Je rok 2007 a doktor Jackman čelí své druhé osobnosti s pomocí moderní technologie (GPS, diktafon, atd.), ale i to se zdá být málo. Musel opustit rodinu, aby je uchránil, a navíc po něm pase tajemná organizace, která existuje jen proto, aby jej zkoumala. Pan Hyde totiž může být dalším krokem v evoluci... (Kessler);;;0.0;6.0;Douglas Mackinnon, Matt Lipsey;James Nesbitt, Gina Bellman, Michelle Ryan, Fenella Woolgar, Matt King, Paterson Joseph, Graham McTavish, Andrew Byrne, Belinda Stewart-Wilson, Mark Gatiss;;https://apps.apple.com/cz/app/id6755365206<br>https://play.google.com/store/apps/details?id=cz.csfd.csfdroid<br>;Golden Globes (1x)<br>The Saturn Awards (1x)<br>;
389224;Akacuki no Jona;2014;81.46067415730337;;https://image.pmgstatic.com/cache/resized/w420/files/images/film/posters/168/331/168331413_x7tbjb.jpg;https://www.csfd.cz/film/389224-akacuki-no-jona/;Japonsko;Animovaný / Dobrodružný / Drama / Fantasy / Romantický;暁のヨナ;Princezna Yona, dědička královského trůnu, žije klidným životem na hradě až do svých 16. narozenin. V den narozenin její láska z dětství zavraždí krále a převezme se svými lidmi trůn. Yona je naštěstí zachráněna svým osobním strážcem Son Haku a utečou spolu. Aby zachránila království, musí podle věštce najít potomky draků, kteří jí pomohou získat zpátky královský trůn. Její cesta za spravedlností začíná. (Harroc);V TV od 07.10.2014 AT-X;láska, rodina, přátelství, přátelé, vražda, útěk, anime, vojáci, putování, zrada, souboje, král, legenda, princezna, draci;0.0;24.0;Kazuhiro Joneda, Takaši Andó, Ken Andó;Tomoaki Maeno, Čiwa Saitó, Džun'iči Suwabe, Nobuhiko Okamoto, Ai Kajano, Šigeru Čiba, Ajahi Takagaki, Hidejuki Hori, Takahiro Sakurai, Džunko Minagawa;Mizuho Kusanagi;https://apps.apple.com/cz/app/id6755365206<br>https://play.google.com/store/apps/details?id=cz.csfd.csfdroid<br>;;
246875;Detroit Metal City;2008;81.48997134670488;;https://image.pmgstatic.com/cache/resized/w420/files/images/film/posters/161/716/161716517_6e0ffe.jpg;https://www.csfd.cz/film/246875-detroit-metal-city/;Japonsko;Animovaný / Hudební / Komedie / Krátkometrážní;デトロイト・メタル・シティ;Na světě existuje jeden kluk, který hraje milostné písničky na svoji „španělky“ a rád by s tím okouzlil dívku svých snů. Nebo je to snad Krauser, zpěvák deathmetalové skupiny Detroit metal city? Ano, je to tak. Negishi má totiž rozdvojenou osobnost. „Španělka“ moc oblíbená nebyla, a tak ji vyměnil za elektrickou kytaru, masku, paruku, metalové brnění a vstupuje na scénu s nejpopulárnější kapelou ve městě. Negishimu se ale někdy stává, že jeho osobnost přejde na Krausera i v normálním životě mimo jeviště, kde to nikdo netuší. Anime pro všechny příznivce metalové hudby, komedií a pro všechny, kdo chtějí vidět deset znásilnění za sekundu... (Baťka);V TV od 06.02.2009 WOWOW;tajemství, anime, metal;0.0;12.0;Hiroši Nagahama;Júdži Ueda, Daisuke Kišio, Ai Kobajaši, Masami Nagasawa, Ken'iči Macujama, Makoto Jasumura, Masahito Jabe, Rion Kako, Šin'ja Hamazoe, Šindži Kawada;Kiminori Wakasugi;https://apps.apple.com/cz/app/id6755365206<br>https://play.google.com/store/apps/details?id=cz.csfd.csfdroid<br>;;
296957;Siti hyunteo;2011;81.7125382262997;;https://image.pmgstatic.com/cache/resized/w420/files/images/film/posters/162/205/162205684_185042.jpg;https://www.csfd.cz/film/296957-siti-hyunteo/;Jižní Korea;Krimi / Romantický;시티헌터;V roce 2011 je Lee Yoon Sung úspěšným informatikem, vystudovaným v USA, s kapsou plnou peněz. Ale nebylo tomu tak vždy. Musel si projít tvrdým výcvikem i nemilými situacemi a hlavně musel zjistit, proč musí být tak trénovaný – kvůli pomstě. Pět mužů se sešlo, aby odsouhlasilo smrt mladých vojáků včetně jeho otce. Kdo jsou ti muži? To je Lee Yoon Sungův úkol – najít je a potrestat. Na své cestě za pomstou ovšem pomáhá všem potřebným a stává se „City Hunterem“. (Zíza);V TV od 25.05.2011 SBS (Seoul Broadcasting System);;0.0;20.0;Hyeok Jin;Min-ho Lee, Min-yeong Park, Sang-joong Kim, Ho-jin Cheon, Sang-ho Kim, Mi-sook Kim, Il-hwa Choi, Kwang-soo Lee, Joon-hyeok Lee, Hara;Cukasa Hódžó;https://apps.apple.com/cz/app/id6755365206<br>https://play.google.com/store/apps/details?id=cz.csfd.csfdroid<br>;;
1560634;Nic neříkej;2024;82.14022140221402;;https://image.pmgstatic.com/cache/resized/w420/files/images/film/posters/169/501/169501387_2410zo.jpg;https://www.csfd.cz/film/1560634-nic-nerikej/;USA;Drama / Historický / Thriller;Say Nothing;Příběh o vraždách a vzpomínkách v Severním Irsku během tamního konfliktu, který se odehrává v rozmezí čtyř desetiletí a začíná šokujícím zmizením Jean McConvilleové, svobodné matky deseti dětí, která byla v roce 1972 unesena ze svého domu a už nikdy nebyla spatřena živá. (Disney+);Na VOD od 14.11.2024 Hulu;podle knihy;0.0;9.0;Anthony Byrne, Mary Nighy, Alice Seabright;Lola Petticrew, Maxine Peake, Hazel Doupe, Anthony Boyle, Josh Finan, Stuart Graham, Ryan McParland, Isaac Heslip, Aidan Kelly, Eileen Walsh;Patrick Radden Keefe;https://srv.tunefindforfans.com/showads/track/srvclk.php?aid=100006796&lp=https://www.disneyplus.com/en-cz/browse/entity-ada252dd-714c-4c2c-b15c-f1ed93cdf5b0<br>http://disneyplus.com<br>https://srv.tunefindforfans.com/showads/track/srvclk.php?aid=100006796&lp=https://www.disneyplus.com/en-cz/browse/entity-ada252dd-714c-4c2c-b15c-f1ed93cdf5b0<br>https://apps.apple.com/cz/app/id6755365206<br>https://play.google.com/store/apps/details?id=cz.csfd.csfdroid<br>;Independent Spirit Awards (1x)<br>;
1194350;Jofukaši no uta;2022;82.81818181818181;;https://image.pmgstatic.com/cache/resized/w420/files/images/film/posters/166/384/166384396_0ab26d.jpg;https://www.csfd.cz/film/1194350-jofukasi-no-uta/;Japonsko;Animovaný / Komedie / Mysteriózní / Romantický;よふかしのうた;Přemýšleli jste někdy nad tím, jaké by to bylo žít celý život v noci namísto dne? Ko je obyčejný, možná trochu uzavřenější 14letý kluk, který žije relativně rutinní život, naplněný chozením do školy a ze školy, studiem a volnočasovými aktivitami Stále však cítí, že jeho životu něco chybí, nic ho neuspokojuje a ze všeho je otrávený. Po menším incidentu ve škole se proto rozhodne, že do školy přestane chodit úplně. Protože se mu již delší dobu nedaří téměř vůbec usínat a něco takového chtěl vždy vyzkoušet, vydá se jedné noci na toulky tichým, téměř opuštěným městem. Rychle ho pohltí kouzelná atmosféra, které noční město vyzařuje a po krátkém bezcílném bloumání potkává zvláštní dívku. Ta snadno rozezná jeho rozpoložení i problémy a řekne, že mu pomůže s nalezením skutečné svobody, kterou podle ní noc ztělesňuje. Po krátké společné procházce ho pozve k sobě domů a Ko pozvání ze zvědavosti přijme. Poté, co mu dívka navrhne, ať se u ní vyspí, začne být poněkud neklidný, ale nakonec zůstane. Ve chvíli, kdy začne předstírat, že usnul, se k němu dívka nakloní a kousne ho do krku. Dívka se jmenuje Nanakusa a je upírka! Ko se však upírem po kousnutí nestane, protože to se podle jejího vysvětlení může stát pouze v případě, kdy se člověk do „svého“ upíra nejprve zamiluje. Tak začíná příběh o kouzlu a stvořeních noci, hravé krvesajce Nanakuse a chlapci, který se do ní rozhodne zamilovat, i když o lásce nic neví. (TheDarKnig);V TV od 07.07.2022 Fuji Television;láska, anime, upíři;2.0;25.0;Tecuja Mijaniši, Tomojuki Itamura, Nobuhiro Mutó;Sora Amamija, Gen Sató, Jumiri Hanamori, Eri Kitamura, Šizuka Itó, Haruka Tomacu, Naomi Ózora, Azumi Waki, Kenšó Ono, Hirojuki Jošino;Kotojama;https://www.netflix.com/title/81621036<br>https://www.youtube.com/watch?v=F6_zbnfxoBA<br>https://www.youtube.com/watch?v=Zc2kWY8YSWI&list=RDZc2kWY8YSWI&index=1<br>https://www.netflix.com/title/81621036<br>https://apps.apple.com/cz/app/id6755365206<br>https://play.google.com/store/apps/details?id=cz.csfd.csfdroid<br>;;
303773;You Know What's Bullshit;2007;83.59447004608295;;https://image.pmgstatic.com/cache/resized/w420/files/images/film/posters/159/490/159490223_bf6128.jpg;https://www.csfd.cz/film/303773-you-know-what-s-bullshit/;USA;Komedie;;Webový pořad, v němž James D. Rolfe probírá a kritizuje všemožné věci ze současnosti. Vytýká jim jejich nedostatky a zbytečnost, které netrápí pouze jeho, ale i nás, protože se s nimi potýkáme skoro dnes a denně. Můžeme se tak setkat s jeho názory na DVD, tiskárny nebo i tkaničky do bot. (P. J. D.);;;;;James Rolfe;James Rolfe, Mike Matei;;https://apps.apple.com/cz/app/id6755365206<br>https://play.google.com/store/apps/details?id=cz.csfd.csfdroid<br>;;
1110324;One Ordinary Day;2021;88.23529411764706;;https://image.pmgstatic.com/cache/resized/w420/files/images/film/posters/165/859/165859142_e3ce10.jpg;https://www.csfd.cz/film/1110324-one-ordinary-day/;Jižní Korea;Krimi / Mysteriózní;Eoneu Nal;Hyun-soo Kim (Soo-hyeon Kim), obyčejný vysokoškolský student, se přes noc stane hlavním podezřelým v případu znásilnění a následné vraždy. Případ sleduje celá Jižní Korea. Žádný právník se neodváží prokázat Hyun-soovu nevinu, dokud se neobjeví Jung-Han Shin (Seung-won Cha), který sotva zvládl projít právnickou školou. Ovšem jeho zapojení do případu posouvá jeho nudný život do nových výšin. (mikki089);V TV od 27.11.2021 ViuTV;;0.0;8.0;Myeong-woo Lee;Soo-hyeon Kim, Seung-won Cha, Hee-je Yoo, Chan-woo Park;;https://apps.apple.com/cz/app/id6755365206<br>https://play.google.com/store/apps/details?id=cz.csfd.csfdroid<br>;;
684732;Nový papež;2020;79.63424771404821;;https://image.pmgstatic.com/cache/resized/w420/files/images/film/posters/167/291/167291930_6ce6a0.jpg;https://www.csfd.cz/film/684732-novy-papez/;Itálie / Francie / Španělsko / USA;Drama / Komedie;The New Pope;Pius XIII. je v kómatu. Po nečekané a záhadné přestávce se Voiellovi podaří dosadit na papežský trůn Sira Johna Brannoxe, umírněného, okouzlujícího a sofistikovaného anglického aristokrata, který přijme jméno Jan Pavel III. Nový papež však pod zdánlivě dokonalou fasádou skrývá mnohé slabiny a tajemství. Záhy si také uvědomí, jak obtížné bude nahradit jeho charismatického a význačného předchůdce. Ve Vatikánu se Voiello mezitím ze všech sil snaží spravovat církev sužovanou nejen skandály – které by mohly všem předním představitelům zlomit vaz – ale i hrozbami zvenčí. Ukáže se, že Sofia a Esther jsou úplně jiné, než by se na první pohled mohlo zdát, a kardinál Gutierrez i nadále bojuje se svými vnitřními rozpory. Následně si řada věřících udělá modlu z Pia XIII., který začne ze svého nemocničního lůžka vysílat podivné zprávy. Dokud... (HBO Europe);V TV od 13.01.2020 Home Box Office;muž, město, manipulace, intriky, kolegové, náboženství, víra, křesťanství, kněz, Itálie, duchovní, mytologie, kostel, Bible, Řím, Bůh, kóma, papež, Vatikán;0.0;9.0;Paolo Sorrentino;Jude Law, John Malkovich, Silvio Orlando, Cécile de France, Javier Cámara, Ludivine Sagnier, Maurizio Lombardi, Nora von Waldstätten, Henry Goodman, Mark Ivanir;;http://www.hbo.eu<br>http://www.hbo.eu<br>https://apps.apple.com/cz/app/id6755365206<br>https://play.google.com/store/apps/details?id=cz.csfd.csfdroid<br>;;
73675;Cow and Chicken;1997;79.66359196961476;;https://image.pmgstatic.com/cache/resized/w420/files/images/film/posters/164/644/164644165_f6db8f.jpg;https://www.csfd.cz/film/73675-cow-and-chicken/;USA;Animovaný / Komedie / Rodinný / Fantasy;;Cow and Chicken je animovaný seriál z 90tych rokov vysielaný na Cartoon Network. Je o dobrodružstvách súrodencov kravy a kurcata, ktorí majú ľudských rodičov (zobrazených len od pása dole). Cow má ale utajenú identitu superhrdinu a vysoké ego na vyriešenie všetkých problémov, ktoré im pripravuje červený lovec.Animácia je veľmi podarená a netradičná kvôli deformovaným rysom. Seriál ukazuje i násilné stvárnené groteskné scény tradičné pre seriály ako Tom & Jerry, Bugs Bunny ,... (OscarH.);;policie, zvířata, vojáci, vězení, podvod, černý humor, superhrdina, základní škola, krávy;3.0;52.0;Robert Alvarez, Deane Taylor, David Feiss;Charlie Adler, Candi Milo, Dee Bradley Baker, Michael Dorn, Howard Morris, Dan Castellaneta, Tom Kenny, Mark Hamill, Gregg Berger, Judith Light;;https://apps.apple.com/cz/app/id6755365206<br>https://play.google.com/store/apps/details?id=cz.csfd.csfdroid<br>;;
1289444;Sláva;2022;79.8132183908046;;https://image.pmgstatic.com/cache/resized/w420/files/images/film/posters/167/029/167029666_168abd.jpg;https://www.csfd.cz/film/1289444-slava/;Jižní Korea;Drama / Thriller;Deo Geulloli;Na střední škole zažila brutální šikanu. Po dlouhých letech pak přijde s ďábelským plánem, jak přinutit pachatele, aby za svoje zločiny konečně zaplatili. (Netflix);Na VOD od 30.12.2022 Netflix;rodina, přátelé, rodiče, pomsta, nevěra, střední škola, šikana, sledování;0.0;16.0;Gil-ho Ahn;Hye-kyo Song, Do-Hyun Lee, Ji-yeon Lim, Hye-ran Yeom, Seong-hoon Park, Sung-Il Jung;;https://www.netflix.com/title/81519223<br>https://www.netflix.com/<br>/novinky/8780-co-si-odnest-z-hory-statistik-netflixu/<br>/novinky/8780-co-si-odnest-z-hory-statistik-netflixu/<br>/novinky/8780-co-si-odnest-z-hory-statistik-netflixu/<br>https://www.netflix.com/title/81519223<br>https://www.csfd.cz/vod/netflix/<br>https://apps.apple.com/cz/app/id6755365206<br>https://play.google.com/store/apps/details?id=cz.csfd.csfdroid<br>;Critics Choice Awards (1x)<br>;
1166910;Terapie pravdou;2023;79.79680696661829;;https://image.pmgstatic.com/cache/resized/w420/files/images/film/posters/170/628/170628582_cjhdjb.png;https://www.csfd.cz/film/1166910-terapie-pravdou/;USA;Komedie / Drama;Shrinking;Ačkoli je Jimmy tátou, přítelem i terapeutem, nedokáže truchlit nad ztrátou své ženy. Rozhodne se na každém, kdo mu přijde do cesty, vyzkoušet nový přístup: naprosto brutální upřímnost. Pomůže sám sobě tím, že pomáhá ostatním? Přivede ho to nazpět ke světlu? (Apple TV+);Na VOD od 27.01.2023 Apple TV+ (Série 1);;3.0;33.0;James Ponsoldt, Ry Russo-Young, Randall Keenan Winston;Harrison Ford, Jason Segel, Christa Miller, Jessica Williams, Michael Urie, Tilky Jones, Luke Tennie, Lukita Maxwell, Ted McGinley, Heidi Gardner;;/tvurce/438441-rachna-fruchbom/prehled/<br>/tvurce/438441-rachna-fruchbom/prehled/<br>https://srv.clickfuse.com/ads/adclkr.php?id=100006636&url=https://tv.apple.com/cz/show/shrinking/umc.cmc.apzybj6eqf6pzccd97kev7bs<br>https://www.apple.com/cz/apple-tv-plus/<br>https://srv.clickfuse.com/ads/adclkr.php?id=100006636&url=https://tv.apple.com/cz/show/shrinking/umc.cmc.apzybj6eqf6pzccd97kev7bs<br>https://www.csfd.cz/vod/apple-tv/<br>https://www.csfd.cz/vod/apple-tv/<br>https://www.csfd.cz/vod/apple-tv/<br>https://apps.apple.com/cz/app/id6755365206<br>https://play.google.com/store/apps/details?id=cz.csfd.csfdroid<br>;Independent Spirit Awards (2x)<br>Golden Globes (3x)<br>Critics Choice Awards (3x)<br>;Critics Choice Awards (1x)<br>
245981;Bohové smrti;2008;79.88636363636364;;https://image.pmgstatic.com/cache/resized/w420/files/images/film/posters/161/400/161400804_73a60c.jpg;https://www.csfd.cz/film/245981-bohove-smrti/;Japonsko;Animovaný / Akční / Drama / Fantasy / Komedie;Soul Eater;Soul Eater pojednává o uživatelích, kteří využívají různé bojové techniky, a jejich zbraních, které mají dvě formy, lidskou formu a formu zbraně. Hlavní postavy, Maka a jeho Soul, Black Star a jeho Tsubaki, Death the Kid a jeho Liz s Paty jsou studenty Šibusenu, který byl založen Šinigamim pro ochranu světa před Kišiny, kteří uvrhují svět do šílenství. Aby se tomu tak nestalo, mají studenti za úkol zničit každého, kdo se živí dušemi nevinných, tedy potencionální Kišiny. (Devillka);V TV od 07.04.2008 TV Tokyo;anime, bojová umění;0.0;51.0;Takuja Igaraši, Šingo Kaneko, Tensai Okamura;Čiaki Omigawa, Akeno Watanabe, Hóko Kuwašima, Džunko Noda, Maaja Sakamoto, Takehito Kojasu, Ken'iči Suzumura, Kendžiró Cuda, Šin'ičiró Miki, Šózó Iizuka;Acuši Ókubo;https://apps.apple.com/cz/app/id6755365206<br>https://play.google.com/store/apps/details?id=cz.csfd.csfdroid<br>;;
830613;Hra z Anglie;2020;79.98100664767331;;https://image.pmgstatic.com/cache/resized/w420/files/images/film/posters/164/339/164339588_a23e85.jpg;https://www.csfd.cz/film/830613-hra-z-anglie/;Velká Británie;Sportovní / Drama / Historický;The English Game;Píše se 19. století. Dva fotbalisté, každý z opačného pólu společenského žebříčku, prožívají v práci i soukromí vzestupy a pády, které změní jak fotbal, tak celou Anglii. (Netflix);Na VOD od 20.03.2020 Netflix;fotbal, viktoriánská Anglie, období 1880-1890;0.0;6.0;Birgitte Stærmose, Tim Fywell;Joncie Elmore, Kerrie Hayes, Tina Louise Owens, Lara Peake, Alec Newman, Richard McCabe, Anthony Andrews, Ben Ashenden, Ben Batt, Kate Dickie;;https://www.netflix.com/<br>https://www.csfd.cz/vod/netflix/<br>https://apps.apple.com/cz/app/id6755365206<br>https://play.google.com/store/apps/details?id=cz.csfd.csfdroid<br>;;
1473804;Heweliusz;2025;80.08394543546694;;https://image.pmgstatic.com/cache/resized/w420/files/images/film/posters/170/528/170528621_6nypzv.jpg;https://www.csfd.cz/film/1473804-heweliusz/;Polsko;Drama;Heweliusz;Posádka a cestující na trajektu Heweliusz bojují v nebezpečné bouři o holý život. Zdrcení pozůstalí se pak na pevnině snaží odhalit pravdu a zjednat spravedlnost. (Netflix);Na VOD od 05.11.2025 Netflix;podle skutečného příběhu;0.0;5.0;Jan Holoubek;Magdalena Różczka, Michał Żurawski, Konrad Eleryk, Justyna Wasilewska, Borys Szyc, Michalina Łabacz, Tomasz Schuchardt, Dariusz Chojnacki, Dominika Kluźniak, Jan Englert;;https://www.netflix.com/title/81552030<br>https://www.netflix.com/<br>https://www.netflix.com/title/81552030<br>https://www.csfd.cz/vod/netflix/<br>https://apps.apple.com/cz/app/id6755365206<br>https://play.google.com/store/apps/details?id=cz.csfd.csfdroid<br>;;
401308;Wolf Hall;2015;80.27624309392266;;https://image.pmgstatic.com/cache/resized/w420/files/images/film/posters/159/489/159489937_f7e3fe.jpg;https://www.csfd.cz/film/401308-wolf-hall/;Velká Británie;Drama / Historický;Wolf Hall;Toto oblíbené sedmidílné historické drama popisuje nástup Thomase Cromwella, syna prostého kováře, k moci. Po pádu kardinála Wolseyho se Thomas Cromwell, který byl jeho sekretářem, ocitá ve středu zrad a pletichaření královského dvora Jindřicha VIII. Brzy se stane blízkým poradcem krále, což je ale pozice spojená s velkým nebezpečím. (Viasat);V TV od 10.11.2024 BBC;16. století;2.0;12.0;Peter Kosminsky;Mark Rylance, Damian Lewis, Claire Foy, Jonathan Pryce, Saskia Reeves, Jonathan Aris, David Bradley, Thomas Brodie-Sangster, Enzo Cilenti, Mark Gatiss;Hilary Mantel;https://apps.apple.com/cz/app/id6755365206<br>https://play.google.com/store/apps/details?id=cz.csfd.csfdroid<br>;Golden Globes (2x)<br>;Golden Globes (1x)<br>
224144;Higuraši no naku koro ni;2006;80.56951423785594;;https://image.pmgstatic.com/cache/resized/w420/files/images/film/posters/161/826/161826283_a28111.jpg;https://www.csfd.cz/film/224144-higurasi-no-naku-koro-ni/;Japonsko;Animovaný / Drama / Horor / Mysteriózní;ひぐらしのなく頃に;Keiichi se nově přistěhoval do Hinamizawy, kde objeví sérii vražd z minulosti. Ale jeho noví kamarádi o nich mluvit nechtějí a vypadá to, že ho tajně sledují. (Netflix);V TV od 05.04.2006 Kansai TV;vražda, záhady, anime;2.0;50.0;Čiaki Kon, Macuo Asami, Jošihisa Macumoto;Jukari Tamura, Mika Kanai, Sóičiró Hoši, Mai Nakahara, Sacuki Jukino, Fumiko Orikasa, Miki Itó, Tošihiko Seki, Šinnosuke Tačibana, Šóto Kašii;Ryuukishi07;https://www.netflix.com/<br>https://apps.apple.com/cz/app/id6755365206<br>https://play.google.com/store/apps/details?id=cz.csfd.csfdroid<br>;;
1115205;Džundžó Romantica;2008;80.81967213114754;;https://image.pmgstatic.com/cache/resized/w420/files/images/film/posters/159/725/159725307_b7c6ac.jpg;https://www.csfd.cz/film/1115205-dzundzo-romantica/;Japonsko;Animovaný / Drama / Komedie / Romantický;Junjō Romantica;;V TV od 10.04.2008 TV Saitama;;3.0;36.0;Kunitoši Okadžima, Čiaki Kon, Akira Kató;Hikaru Hanada, Majumi Asano, Eidži Takemoto, Daisuke Kageura, Tošijuki Morikawa, Daisuke Kišio, Nobutoši Kanna, Noriko Namiki, Kišó Tanijama, Asuka Minamori;Šungiku Nakamura;https://apps.apple.com/cz/app/id6755365206<br>https://play.google.com/store/apps/details?id=cz.csfd.csfdroid<br>;;
134114;Čtyřicítka na krku;2003;80.79002079002079;;https://image.pmgstatic.com/cache/resized/w420/files/images/film/posters/000/055/55616_dd4ece.jpg;https://www.csfd.cz/film/134114-ctyricitka-na-krku/;Velká Británie;Komedie / Drama;Fortysomething;Doktory hrál Hugh Laurie už před světoznámým Dr.Housem - v šestidílném britském sitcomu Čtyřicítka na krku je sice jenom obyčejným obvoďákem, zato má kompletní rodinu a k tomu krizi středního věku. Navíc právě zjišťuje, ža asi slyší myšlenky druhých.;Na DVD od 09.11.2010 Levné knihy;telepatie;0.0;6.0;Hugh Laurie, Nic Phillips;Hugh Laurie, Anna Chancellor, Sheila Hancock, Peter Capaldi, Benedict Cumberbatch, Stephen Fry, Clive Mantle, Ben Willbond, Phillip Manikum, Siobhan Hewlett;;https://apps.apple.com/cz/app/id6755365206<br>https://play.google.com/store/apps/details?id=cz.csfd.csfdroid<br>;;
271694;Minami shineyo;2009;80.87145969498911;;https://image.pmgstatic.com/cache/resized/w420/files/images/film/posters/000/064/64534_b49174.jpg;https://www.csfd.cz/film/271694-minami-shineyo/;Jižní Korea;Romantický / Komedie;미남이시네요;Mladá žena předstírá, že je dvojče svého bratra z chlapecké kapely. Časem si získá srdce spoluhráčů i fanoušků a při tom všem pátrá po své dlouho nezvěstné matce. (Netflix);V TV od 07.10.2009 SBS (Seoul Broadcasting System);láska, tajemství, hudba;0.0;16.0;Seong-chang Hong;Geun-seok Jang, Shin-hye Park, Yong-hwa Jeong, Hong-gi Lee, Yu-jin Kim, Ran Choi, Chan Jeong, Soo-han Kang, Seong-ryeong Kim, Min-yeong Kim;;https://www.netflix.com/title/70215461<br>https://www.netflix.com/<br>https://www.netflix.com/title/70215461<br>https://apps.apple.com/cz/app/id6755365206<br>https://play.google.com/store/apps/details?id=cz.csfd.csfdroid<br>;;
277341;Gaeineui chwihyang;2010;80.929203539823;;https://image.pmgstatic.com/cache/resized/w420/files/images/film/posters/162/205/162205678_5305f9.jpg;https://www.csfd.cz/film/277341-gaeineui-chwihyang/;Jižní Korea;Romantický / Komedie;개인의 취향;Nadějný mladý architekt Jeon Jin Ho se rozhodne účastnit velkého projektu, který by mu velmi pomohl v kariéře. Jeho přítel mu poradí, aby se nastěhoval do domu, který měl být modelem pro jiný velký projekt od téže firmy. Jeon Jin Ho souhlasí a nastěhuje se k Park Kae In, přičemž předstírá, že je gay. Park Kae In je velmi naivní a věří všem lidem, takže často bývá zrazena nejbližšími, tudíž nepojme ani trošičku podezření, že by Jeon Jin Ho jen předstíral, že je gay. Věci se však začnou komplikovat, když začne pociťovat náklonnost k Park Kae In. Jak bude ale Park reagovat, až zjistí, že její homosexuální spolubydlící není vůbec homosexuální a zamiloval se do ní? (Zíza);V TV od 31.03.2010 MBC (Munhwa Broadcasting Corporation);;0.0;16.0;Hyeong-seok Son, Jong-chan No;Ye-jin Son, Min-ho Lee, Ji-seok Kim, Ji-hye Wang, Chan Jeong, Eun-ji Jo, Tae-gyu Bong, Eun-hye Yoon, Seok-hwan Ahn, Joon Seong;Se-in Lee;https://www.youtube.com/watch?v=c-fX9JMbLTU<br>https://www.youtube.com/watch?v=ynLlgWbl-mc<br>https://apps.apple.com/cz/app/id6755365206<br>https://play.google.com/store/apps/details?id=cz.csfd.csfdroid<br>;;
257448;Superjail!;2007;81.41509433962264;;https://image.pmgstatic.com/cache/resized/w420/files/images/film/posters/170/213/170213900_odiicn.jpg;https://www.csfd.cz/film/257448-superjail/;USA;Animovaný / Komedie / Krimi;;Za devatero ostrovy a devatero oceány. Tam kde bobři mají tvrdé klacky. Tam kde skončí vnitřky vašich odpadkových košů. Tam a ještě dál leží ostrov na kterém je sopka. A v té sopce je ještě jedna sopka. A uprostřed sopky v sopce je Superloch. Vězení pro ty nejhorší delikventy, násilníky, psychopaty a úchyláky. Tomuto nápravnému super zařízení vládne vzdálený bratranec motýla Emanuela. Sice bez křídel, ale za to se smyslem pro ten nejtěžší chaos a anarchii. Naštěstí má po ruce tým tvořený robotickým bachařem, mohutnou a mužnou bachařkou a účetním, který je vyléčený z ledasčeho. Tento tým je svému řediteli oporou v každé nepříjemné situaci. Většina dílů má kolem deseti minut. Ale pozor, někomu roztodivná animace a ještě roztodivnější humor může během těchto pár chvil změnit dosavadní vnímání reality na hodně dlouhou dobu. (geklon);;;;;Christy Karacas;David Wain, Jon Glaser, Reggie Watts, Eric Bauza, Aaron Augenblick, Christopher McCulloch, Dana Snyder, Stephen Warbrick, Christy Karacas;;https://apps.apple.com/cz/app/id6755365206<br>https://play.google.com/store/apps/details?id=cz.csfd.csfdroid<br>;;
85029;Pachuť smrti;1988;82.11838006230529;;https://image.pmgstatic.com/cache/resized/w420/files/images/film/posters/000/029/29445_9f64a9.jpg;https://www.csfd.cz/film/85029-pachut-smrti/;Velká Británie;Krimi;A Taste for Death;Oblíbený detektiv Adam Dalgliesh z pera spisovatelky P.D.James je zpět. V kostele svatého Matouše v Londýně jsou objevena dvě zohavená mrtvá těla – vládního ministra a místního bezdomovce. Vyšetřování záhadné dvojité vraždy komplikuje fakt, že Adam Dalgliesh si byl velmi blízký s jednou z obětí. (Sofia);;vražda;;;John Davies;Roy Marsden, Penny Downie, Wendy Hiller, Bosco Hogan, Simon Ward, Kate Buffery, Oliver Ford Davies, Matthew Marsh, Gabrielle Lloyd, Fiona Fullerton;P. D. James;https://apps.apple.com/cz/app/id6755365206<br>https://play.google.com/store/apps/details?id=cz.csfd.csfdroid<br>;;
240164;Bratři z tykve;1987;82.41610738255034;;https://image.pmgstatic.com/cache/resized/w420/files/images/film/posters/000/366/366207_qlmp1h.jpg;https://www.csfd.cz/film/240164-bratri-z-tykve/;Čína;Animovaný / Rodinný;Hu lu xiong di;Calabash Brothers je stará Čínska rozprávka, v ktorej bojuje dobro zo zlom. Dobro je prezentované tekvičkami, ktoré sa narodia dedkovi, a zlo dvoma zlými postavami, ktoré sa snažia všetko zničiť a usmrtiť. Každý zo siedmich bratov má unikátne schopnosti a nakoniec sa spoja, aby bojovali proti zlu. (Hees);;bratři, magie, superhrdina;;;;;;https://www.youtube.com/watch?v=A5cMjwLWNsc&list=PLyIO-TlBYskOkbwSsTeNJTN9OwX9mRR0o<br>https://apps.apple.com/cz/app/id6755365206<br>https://play.google.com/store/apps/details?id=cz.csfd.csfdroid<br>;;
223368;Koi kaze;2004;81.96363636363637;;https://image.pmgstatic.com/cache/resized/w420/files/images/film/posters/168/815/168815881_okaokw.jpg;https://www.csfd.cz/film/223368-koi-kaze/;Japonsko;Animovaný / Drama / Psychologický / Romantický;恋風;Koushirou pracuje ve firmě zprostředkovávající sňatky, ovšem sám nemá s partnerskými vztahy příliš dobré zkušenosti. Jednak se již před lety rozvedli jeho rodiče a jednak jej zrovna opustila přítelkyně. V trudné náladě cestuje vlakem do práce, přičemž si povšimne středoškolské studentky, která při vystupování vytrousí předplacenou jízdenku. Koushirou za studentkou vyběhne a jízdenku jí vrátí. Druhého dne cestou z práce, když třímá v ruce dva volné lístky do zábavního parku, ji potká znovu. Tento romanticko-psychologický seriál o netradičním vztahu je adaptací pětidílné mangy. (yenn);V TV od 02.04.2004 TV Asahi Corporation;láska, rodina, anime, sourozenci, studenti, střední škola, samota, rozvod, incest, podle mangy;0.0;13.0;Takahiro Ómori, Macuo Asami, Tomoaki Óta;Kenta Mijake, Juki Nakamura, Šizuka Itó, Akemi Okamura, Miju Macuki, Rjóka Juzuki, Satomi Akesaka, Haruhi Nanao, Rjóiči Tanaka, Rjókiči Takahaši;Motoi Yoshida;http://www.youtube.com/watch?v=oHg5SJYRHA0<br>http://www.youtube.com/watch?v=_q2T_9UCTiI<br>http://www.youtube.com/watch?v=oopUIyopH4Q<br>http://www.youtube.com/watch?v=3S_JgkiW3qI<br>http://www.youtube.com/watch?v=kOovbLC4PQ4<br>http://www.youtube.com/watch?v=VcydqSpYN00<br>http://www.youtube.com/watch?v=p8sZcmQr6KY<br>https://apps.apple.com/cz/app/id6755365206<br>https://play.google.com/store/apps/details?id=cz.csfd.csfdroid<br>;;
62396;Signál;2016;83.85093167701864;;https://image.pmgstatic.com/cache/resized/w420/files/images/film/posters/160/540/160540215_bfca28.jpg;https://www.csfd.cz/film/62396-signal/;Jižní Korea;Krimi / Mysteriózní / Thriller;Sigeuneol;Vysílačka překoná čas a propojí profilovače z roku 2015 s detektivem z roku 1989, kteří společně bojují se zločinem a nespravedlností. (Netflix);V TV od 22.01.2016 tvN (Total Variety Network);muž, smrt, vražda, násilí, tajemství, policie, záhady, vyšetřování, vrah, pátrání, vzpomínky, pronásledování, zločin, kolegové, mrtvola, detektiv, kriminalita, naděje, zabijáci, umírání, sériový vrah, korupce, nebezpečí, křivé obvinění, Asie, cestování časem, policejní stanice, týmová práce, úplatky, kriminální policie, období 2010-2020, pohřešování, zmizení, Jižní Korea, ruční vysílačky;0.0;16.0;Won-seok Kim;Je-hoon Lee, Hye-soo Kim, Jin-woong Cho, Hyeon-seong Jang, Won-hae Kim, Hae-gyoon Jeong, Eun-ah Seo, Jin-seong Ham, Hak-sun Kim, Min-gyoo Kim;;https://www.netflix.com/title/80987077<br>https://www.netflix.com/<br>https://www.netflix.com/title/80987077<br>https://apps.apple.com/cz/app/id6755365206<br>https://play.google.com/store/apps/details?id=cz.csfd.csfdroid<br>;;
294028;Silk;2011;84.77611940298507;;https://image.pmgstatic.com/cache/resized/w420/files/images/film/posters/168/935/168935717_85rv70.jpg;https://www.csfd.cz/film/294028-silk/;Velká Británie;Drama;;;;právníci;3.0;18.0;Catherine Morshead, Michael Offer, Marc Jobst;Maxine Peake, Rupert Penry-Jones, Alex Jennings, Amy Wren, Frances Barber, Tom Hughes, Natalie Dormer, Paul Hilton, Nina Sosanya, Ariyon Bakare;;https://apps.apple.com/cz/app/id6755365206<br>https://play.google.com/store/apps/details?id=cz.csfd.csfdroid<br>;;
331347;Batesův motel;2013;79.34708682838358;;https://image.pmgstatic.com/cache/resized/w420/files/images/film/posters/166/943/166943495_mo8di0.jpg;https://www.csfd.cz/film/331347-batesuv-motel/;USA;Drama / Mysteriózní / Horor / Thriller;Bates Motel;"Krev je hustší než voda aneb Jak to bylo před Hitchcockem. Hitchcockův klasický horor Psycho (1960), natočený podle románu Roberta Blocha, patří do pomyslného zlatého fondu světové kinematografie a od doby svého vzniku vybízí k různým pokračováním, přepracováním i bezostyšným napodobeninám. A tak máme Psycho II (1983), Psycho III (1986), Psycho IV: Začátek (TV-1990) a také remake režiséra Guse Van Santa (1998), pyšnící se tím, že sleduje mistrův originál záběr po záběru (není to do důsledku pravda).Seriál Batesův motel „vychází z postav Blochova románu Psycho a ze způsobu, jak byly zobrazeny v Hitchcockově stejnojmenném filmu"". Jeho tvůrci Carlton Cuse, Kerry Ehrin a Anthony Cipriano zvolili v poslední době oblíbený přístup tzv. prequelu, tedy rekonstrukci předcházejících osudů hlavních protagonistů. Děj ovšem přenesli do současnosti a také změnili jeho místo. Příběh se neodehrává ve smyšleném kalifornském Fairvale, nýbrž ve fiktivním oregonském pobřežním městečku White Pine Bay. Tam přijíždějí čerstvě ovdovělá Norma Batesová (Vera Farmigaová) s šestnáctiletým synem Normanem (Freddie Highmore) a zabydlují se v motelu, který Norma koupila z manželovy pojistky a kde chtějí oba začít nový život.Norman se seznamuje se spolužačkami Bradley (Nicola Peltzová) a Emmou (Olivia Cookeová) a Norma zase poznává především místní představitele zákona, šerifa Romera (Nestor Carbonell) a jeho zástupce Zacka (Mike Vogel). Norman působí navenek normálním dojmem, ale je z něho cítit všudypřítomné napětí a jeho vztah k matce je přinejmenším zvláštní. Do děje první řady významně zasáhnou bývalý majitel motelu a také Normanův starší sourozenec Dylan (Max Thieriot), který se k nim nastěhuje. Poklidné městečko, kde se zdánlivě nic neděje, skrývá některá nepěkná tajemství, jež fungování Batesova motelu přímo ovlivní. (Česká televize)";V TV od 14.03.2016 A&E Television Networks;vražda, násilí, matka, vrah, střední škola, vydírání, marihuana, motel;5.0;50.0;Tucker Gates, Paul A. Edwards, Johan Renck;Freddie Highmore, Vera Farmiga, Max Thieriot, Olivia Cooke, Nestor Carbonell, Nicola Peltz, Mike Vogel, Kenny Johnson, Keegan Connor Tracy, Ian Tracey;;https://www.skyshowtime.com/cz/stream/tv/batesuv-motel/9a796a56-66d6-3a65-9f31-bfadfe19c04f<br>http://www.ceskatelevize.cz<br>http://www.ceskatelevize.cz<br>https://www.skyshowtime.com/cz/stream/tv/batesuv-motel/9a796a56-66d6-3a65-9f31-bfadfe19c04f<br>https://apps.apple.com/cz/app/id6755365206<br>https://play.google.com/store/apps/details?id=cz.csfd.csfdroid<br>;Critics Choice Awards (2x)<br>The Saturn Awards (8x)<br>;The Saturn Awards (1x)<br>
234530;Za svitu měsíce;2007;79.66707768187423;;https://image.pmgstatic.com/cache/resized/w420/files/images/film/posters/158/083/158083434_464e80.jpg;https://www.csfd.cz/film/234530-za-svitu-mesice/;USA;Fantasy / Horor / Drama;Moonlight;Každé soukromé očko zná mnohá tajemství ostatních lidí. Losangeleský soukromý detektiv Mick St. John (Alex O'Loughlin) má také co skrývat. Je totiž upír a jeho život komplikuje přátelství s nemrtvým finančním magnátem (Jason Dohring), vzpomínky na neodolatelnou bývalou manželku (Shannyn Sossamon), která z Micka udělala upíra a také vztah s lidskou dívkou (Sophia Myles). Mick dobře ví, jak obtížné a nebezpečné může být citové pouto mezi upírem a člověkem.Edice obsahuje 16 epizod na čtyřech discích a seriál získal cenu People´s Choice Award jako TV drama roku 2008. Skvělá zábava pro všechny fanoušky stylových a napínavých upířích příběhů. (Magic Box);V TV od 28.09.2007 CBS TV Network;vražda, detektiv, upíři;0.0;16.0;Rod Holcomb, Frederick E.O. Toye, Scott Lautanen;Alex O'Loughlin, Sophia Myles, Jason Dohring, Brian White, Shannyn Sossamon, Jacob Vargas, Holly Valance, Rudolf Martin, Tami Roman, Jordan Belfi;;https://apps.apple.com/cz/app/id6755365206<br>https://play.google.com/store/apps/details?id=cz.csfd.csfdroid<br>;;The Saturn Awards (1x)<br>
340866;Vraždy na Shetlandech;2013;80.39408866995073;;https://image.pmgstatic.com/cache/resized/w420/files/images/film/posters/157/943/157943933_f9b4bb.jpg;https://www.csfd.cz/film/340866-vrazdy-na-shetlandech/;Velká Británie;Krimi / Drama;Shetland;Kriminální seriál podle novel Ann Cleeves. Jimmy Perez je detektiv na skotských Shetlandech, odlehlém souostroví, kde se téměř všichni znají. Polovina obyvatel má nejbližší sousedy za kopcem, dveře se tu nezamykají, a když dojde k vraždě, je pravděpodobné, že někdo z malého policejního sboru je příbuzný oběti, a kdekdo z obyvatel má za to, že ví, kdo je vrah. (noby);Na VOD od 10.08.2022 BBC iPlayer (Série 7);;10.0;56.0;Peter Hoar, John McKay, David Moore;Douglas Henshall, Steven Robertson, Gemma Chan, Alexander Morton, Alison Peebles, Anthony Flanagan, Martin Wenner, Jordan Young, Lewis Howden, Kari Corbett;Ann Cleeves;https://apps.apple.com/cz/app/id6755365206<br>https://play.google.com/store/apps/details?id=cz.csfd.csfdroid<br>;;
351607;The Escape Artist;2013;81.7032967032967;;https://image.pmgstatic.com/cache/resized/w420/files/images/film/posters/158/536/158536795_5e2e93.jpg;https://www.csfd.cz/film/351607-the-escape-artist/;Velká Británie;Drama / Thriller;The Escape Artist;Talentovaný advokát Will Burton (David Tennant) je známý proto, že nikdy neprohrál jediný případ, a je schopen zachránit obžalovaného pomocí právních kliček a mezer v systému. Ale když Burton souhlasí s obhajobou notorického vraha, kterého díky němu propustí kvůli formalitám, rozhodne se pro obnovení případu a jeho usvědčení. (Daveoff);;;;;Brian Welsh;David Tennant, Toby Kebbell, Roxanne Gregory, Jeany Spark, Ashley Jensen, Sophie Okonedo, Patrick Ryecart, Hilary Bevan Jones, Jessica Ransom, Forbes KB;;https://apps.apple.com/cz/app/id6755365206<br>https://play.google.com/store/apps/details?id=cz.csfd.csfdroid<br>;;
180309;Last Exile;2003;81.39817629179332;;https://image.pmgstatic.com/cache/resized/w420/files/images/film/posters/166/128/166128169_a2b9e4.jpg;https://www.csfd.cz/film/180309-last-exile/;Japonsko;Animovaný / Dobrodružný / Fantasy / Sci-Fi;ラストエグザイル;Dva světy, vyprahlý Anatorey a zasněžený Disith, spojuje jedna obloha, ale závoveň odděluje velebouře zvaná Grand Stream. Anatoreyci a Disithané spolu vedou věčnou válku pomocí obřích parních vzducholodí ve jménu cti a rytířství, pod dohledem všemocné, neutrální a technicky vyspělé organizace nazývané Gilda. V jedné z Anatoreyských provincií žije dvojice mladých leteckých kurýrů Claus Valca a jeho kamarádka Lavia Head. Jejich otcové zahynuli při pokusu proletět Grand Stream a jejich dvoumístné plavidlo je jediným dědictvím, které po nich zbylo. Claus a Lavia chtějí za každou cenu pokračovat v poslání svých otců, i když je toto rozhodnutí zavleče přímo doprostřed nesmyslné války. (Karmin);V TV od 08.04.2003 TV Tokyo;anime, válka, steampunk;0.0;26.0;Kóiči Čigira, Ei Aoki, Daisuke Čiba;Majumi Asano, Čiwa Saitó, Džunko Noda, Šin'ičiró Miki, Tomokazu Seki, Unšó Išizuka, Kana Hanazawa, Tošijuki Morikawa, Rjúdži Mizuno, Tomoe Hanba;;https://apps.apple.com/cz/app/id6755365206<br>https://play.google.com/store/apps/details?id=cz.csfd.csfdroid<br>;;
85530;Verdi;1982;82.3529411764706;;https://image.pmgstatic.com/cache/resized/w420/files/images/film/posters/163/462/163462776_94003f.jpg;https://www.csfd.cz/film/85530-zivot-verdiho/;Itálie / Francie / Západní Německo / Velká Británie;Drama / Životopisný / Romantický / Hudební;Verdi;"Poutavé zpracování životních osudů slavného skladatele a zrození jeho nesmrtelné hudby. Giuseppe Verdi, syn hostinského a přadleny, se narodil v roce 1813 městečku Le Roncole nedaleko Parmy. Místní farář, který jej naučil hrát na varhany, jako první rozpoznal chlapcův výjimečný talent. Při studiu na jezuitské koleji v Bussetu si Verdiho všimne místní obchodník a mecenáš Antonio Barezzi, který se stává jeho celoživotním přítelem, podporuje chlapcovy první nesmělé skladatelské pokusy a dokonce mu nabídne přístřeší ve svém domě. Netrvá to dlouho a do Verdiho se zamiluje Barezziho dospívající dcera Margherita...Výpravný seriál o životě a díle tvůrce nejznámějších a nejkrásnějších světových oper vznikal několik let v koprodukci pěti evropských zemí. Režisér a spoluautor scénáře Renato Castellani v zájmu historické věrnosti důkladně prostudoval Verdiho život a dobu: dílu věnoval osm let příprav. Natáčelo se po celé Itálii, v Leningradu, Londýně a Paříži; herci se počítali na stovky, kostýmy a rekvizity na tisíce. Operní árie zní v seriálu v podání největších operních hvězd (za všechny zmiňme Marii Callasovou či Luciana Pavarottiho). (Česká televize)";;;;;Renato Castellani;Ronald Pickup, Carla Fracci, Omero Antonutti, Lino Capolicchio, Daria Nicolodi, Giampiero Albertini, Burt Lancaster, Jan Niklas, Luciano Pavarotti, Maria Callas;;https://www.ceskatelevize.cz/porady/10684960811-verdi?utm_source=csfd&utm_medium=section_vod&utm_campaign=link<br>http://www.ceskatelevize.cz<br>http://www.ceskatelevize.cz<br>https://www.ceskatelevize.cz/porady/10684960811-verdi?utm_source=csfd&utm_medium=section_vod&utm_campaign=link<br>https://apps.apple.com/cz/app/id6755365206<br>https://play.google.com/store/apps/details?id=cz.csfd.csfdroid<br>;;
743250;Given;2019;82.41379310344827;;https://image.pmgstatic.com/cache/resized/w420/files/images/film/posters/163/612/163612686_d99ae1.jpg;https://www.csfd.cz/film/743250-given/;Japonsko;Animovaný / Hudební / Romantický / Drama;ギヴン;Bylo to v době, kdy si Ritsuka Uenoyama začal pomalu uvědomovat, že hraní na kytaru i hraní basketbalu, dvě věci, které dříve tak miloval, ho začínají pěkně nudit. Tehdy Ritsuka potkal mladého chlapce jménem Mafuyu Sato, který seděl na jeho oblíbeném místě k odpočinku a držel v ruce rozbitou kytaru s nešťastným výrazem. Ritsuka se rozhodl kytaru opravit a díky tomu se na něj Mafuyu doslova upnul, protože se rozhodl, že ho Ritsuka musí naučit na tu kytaru hrát. Mafuyovo dotírání bylo pro Ritsuku nejprve spíše k zlosti, pronásledoval ho opravdu všude, dokonce i na zkoušku Ritsukovy kapely, ale když postřehl chlapcův talent a zápal, tak se Ritsuka rozhodl, že bude Mafuyu učit. Když navíc uslyšel Ritsuka, jak Mafuyu zpívá, tak to v něm zanechalo hluboký dojem a rozhodl, že se musí přidat do jeho kapely... (Jeoffrey);;láska, přátelství, anime, gay, hudba, kapela, soutěž;0.0;11.0;Jú Kinome, Hikaru Jamaguči, Hiromiči Matano;Júma Učida, Ajaka Asai, Jú Šimamura, Rjóta Takeuči, Fumija Imai, Šintaró Asanuma, Takuja Eguči, Čiaki Kobajaši, Šógo Jano, Ikumi Hasegawa;Nacuki Kizu;https://www.youtube.com/watch?v=EFMD7Usflbg<br>https://apps.apple.com/cz/app/id6755365206<br>https://play.google.com/store/apps/details?id=cz.csfd.csfdroid<br>;;
1026121;Odsouzená;2021;82.62910798122066;;https://image.pmgstatic.com/cache/resized/w420/files/images/film/posters/165/752/165752692_387bb8.jpg;https://www.csfd.cz/film/1026121-odsouzena/;Polsko;Drama / Krimi;Skazana;Soudkyně Alicja, neprávem uvězněná za vraždu, kterou nespáchala, se snaží pomstít těm, kdo ji obvinili, a žije mezi ženami, které kdysi odsoudila. (HBO Max);Na VOD od 31.08.2021 Player.pl (Série 1);vězení;4.0;27.0;Bartosz Konopka, Filip Zylber;Agata Kulesza, Michał Czernecki, Bartłomiej Topa, Martyna Byczkowska, Aleksandra Adamska, Tomasz Schuchardt, Marta Malikowska, Marta Ścisłowicz, Jan Jankowski, Joanna Gonschorek;;https://www.hbomax.com/cz/en/shows/skazana-aka-the-convict/efd5609e-9c6b-4c76-915b-f89debda0849<br>https://www.hbomax.com<br>https://www.hbomax.com/cz/en/shows/skazana-aka-the-convict/efd5609e-9c6b-4c76-915b-f89debda0849<br>https://www.csfd.cz/vod/hbo-max/<br>https://apps.apple.com/cz/app/id6755365206<br>https://play.google.com/store/apps/details?id=cz.csfd.csfdroid<br>;;
760265;Love 101;2020;83.18681318681318;;https://image.pmgstatic.com/cache/resized/w420/files/images/film/posters/164/353/164353030_0c0d2f.jpg;https://www.csfd.cz/film/760265-love-101/;Turecko;Drama / Romantický;Aşk 101;Čtyři outsideři a příkladná studentka se snaží dát dohromady učitelku s basketbalovým trenérem. Nacházejí přátelství, lásku a odvahu být sami sebou. (Netflix);Na VOD od 24.04.2020 Netflix (Série 1);láska, přátelství, dospívání, střední škola;2.0;16.0;Ahmet Katiksiz, Deniz Yorulmazer, Gönenç Uyanık;Mert Yazıcıoğlu, Alina Boz, Kubilay Aka, Selahattin Paşalı, Ece Yüksel, İpek Filiz Yazıcı, Müfit Kayacan, Fatih Al, Pınar Deniz, Kaan Urgancıoğlu;;https://www.netflix.com/title/81080697<br>https://www.netflix.com/<br>https://www.netflix.com/title/81080697<br>https://www.csfd.cz/vod/netflix/<br>https://www.csfd.cz/vod/netflix/<br>https://apps.apple.com/cz/app/id6755365206<br>https://play.google.com/store/apps/details?id=cz.csfd.csfdroid<br>;;
319551;Battlefield Friends;2012;87.45454545454545;;https://image.pmgstatic.com/cache/resized/w420/files/images/film/posters/019/191/19191386_007533.jpg;https://www.csfd.cz/film/319551-battlefield-friends/;USA;Komedie;;;;;;;Brent Triplett;Brent Triplett, Matthew Warzel, Nate Panning, Bryan Mahoney, Jon Etheridge, Tony Schnur;;https://apps.apple.com/cz/app/id6755365206<br>https://play.google.com/store/apps/details?id=cz.csfd.csfdroid<br>;;
231260;Star Wars: Klonové války;2008;79.14573446000695;;https://image.pmgstatic.com/cache/resized/w420/files/images/film/posters/158/419/158419541_e976de.jpg;https://www.csfd.cz/film/231260-star-wars-klonove-valky/;USA;Animovaný / Sci-Fi / Akční / Dobrodružný;Star Wars: The Clone Wars;Námětem tohoto seriálu jsou stejně jak u jeho jmenovce události mezi druhou a třetí epizodou, tzv. Klonové války. Dějovou linii se ovšem snaží přenést na vedlejší postavy a rozvijí zde příběhy, které nám mají pomoci v pochopení všech událostí a třetí epizoda na něj přímo navazuje. Setkáme se zde tudíž s Yodu, Obi-Wan Kenobim a dalších rytířů Jedi vedoucí armádu republiky proti nové Separatistické armádě droidů. Rozdíl mezi animovanou sérií je 3-D animace tohoto kousku a také to, že se má jednat o seriál s cenzurou PG-13 a tudíž jeho vysílací doba, která musí být po deváté hodině večerní, napovídá starší cílovou skupinu diváků. I stopáž jednotlivých dílů je delší. (Redswif);Na VOD od 21.02.2020 Disney+ (The Final Season);žena, děti, útěk, pomsta, únos, mimozemšťané, vesmír, roboti, vesmírná loď, Star Wars, klonování;7.0;133.0;Dave Filoni, Dave Bullock, Giancarlo Volpe;Anthony Daniels, Tom Kane, Matthew Wood, Ian Abercrombie, Corey Burton, James Arnold Taylor, Ashley Eckstein, Tom Kenny, Ron Perlman, Olivia d'Abo;;https://srv.tunefindforfans.com/showads/track/srvclk.php?aid=100006796&lp=https://www.disneyplus.com/en-cz/browse/entity-314f14b4-b70a-4ec6-b634-2559f0b1f77e<br>https://srv.tunefindforfans.com/showads/track/srvclk.php?aid=100006796&lp=https://www.disneyplus.com/en-cz/browse/entity-314f14b4-b70a-4ec6-b634-2559f0b1f77e<br>https://www.csfd.cz/vod/netflix/<br>https://www.csfd.cz/vod/disney-plus/<br>/film/1178727-disney-gallery-star-wars-boba-fett-zakon-podsveti/prehled/<br>/film/849599-disney-galerie-star-wars-mandalorian/prehled/<br>https://apps.apple.com/cz/app/id6755365206<br>https://play.google.com/store/apps/details?id=cz.csfd.csfdroid<br>;The Saturn Awards (1x)<br>;The Saturn Awards (1x)<br>
71009;Dexterova laboratoř;1996;79.24812030075188;;https://image.pmgstatic.com/cache/resized/w420/files/images/film/posters/170/156/170156342_lraltq.jpg;https://www.csfd.cz/film/71009-dexterova-laborator/;USA;Animovaný / Rodinný / Sci-Fi / Komedie;Dexter's Laboratory;Dexter je geniálny chlapec. Vo svojej izbe má za knihovňou tajné laboratórium s najmodernejšou technikou, ktorú si aj sám vyrába. Jeho pokojné rozmýšľanie a pracovanie však narúša jeho nadmieru hlúpa sestra Dee-Dee s deštruktívnymi sklonmi. Svoje laboratórium preto musí pred ňou často chrániť, zároveň nesmie dopustiť, aby sa o ňom dozvedeli jeho rodičia. A aby to všetko nestačilo, musí občas aj odolávať útokom svojho vedeckého soka Mandarka. Byť géniom veru nie je med lízať. (pivo);V TV od 28.04.1996 Cartoon Network;rodiče, chlapec, rivalita, monstra, černý humor, roboti, základní škola, vynálezce, laboratoř;4.0;78.0;Genndy Tartakovsky, Robert Alvarez, Rumen Petkov;Christine Cavanaugh, Candi Milo, Kath Soucie, Jeff Bennett, Eddie Deezen, Allison Moore, Frank Welker, Rob Paulsen, Tom Kenny, Maurice LaMarche;;/tvurce/729382-melissa-disney/prehled/<br>https://apps.apple.com/cz/app/id6755365206<br>https://play.google.com/store/apps/details?id=cz.csfd.csfdroid<br>;;
102214;Dinosaurové;1991;79.23378319547236;;https://image.pmgstatic.com/cache/resized/w420/files/images/film/posters/162/755/162755534_d118c2.jpg;https://www.csfd.cz/film/102214-dinosaurove/;USA;Komedie / Rodinný;Dinosaurs;Seriál vypráví o životě rodiny dinosaurů, kteří žijí v moderní době. Mají lednici, pračku, televizi a další veškeré moderní věci. Narozdíl od lidí žili tito dinosauři v jeskyních a jako svého domácího mazlíčka měli většinou divoká zvířata. V tomto seriálu je děj zaměřen na rodinu Sinclairu a jejich společný život. Earl Sinclair je hlava rodiny. Pracuje jako dřevorubec a jeho žena Fran se stará o domácnost. Mají spolu tři děti. Dva syny a jednu dceru. Společně prožívají různá dobrodružství každodeního života... (duklak2);V TV od 26.04.1991 ABC TV Network;rodina, otec, matka, dcera, syn, dinosauři, pravěk;4.0;65.0;William Dear, Brian Henson, Bruce Bilson;Stuart Pankin, Jessica Walter, Sally Struthers, Sam McMurray, Christopher Meloni, Ken Hudson Campbell, Julia Louis-Dreyfus, Pat Crawford Brown, Joe Flaherty, Michelan Sisti;;https://apps.apple.com/cz/app/id6755365206<br>https://play.google.com/store/apps/details?id=cz.csfd.csfdroid<br>;;
257149;Kurošicudži;2008;79.81238273921201;;https://image.pmgstatic.com/cache/resized/w420/files/images/film/posters/166/452/166452884_e8ff6f.jpg;https://www.csfd.cz/film/257149-kurosicudzi/;Japonsko;Animovaný / Akční / Fantasy / Komedie / Mysteriózní;黒執事;Je mu teprve dvanáct let a už je hlavou rodiny. Zřejmě to bude tím, že jeho rodiče mu zavraždili a jeho se zabít pokusili. Bylo by se jim to podařilo, kdyby Ciel Phantomhive neuzavřel smlouvu s démonem. Ten mu pomůže vypátrat a eliminovat vrahy jeho rodičů, na oplátku dostane Cielovu duši. Mezitím, než se jim podaří zjistit, kdo zavraždil Cielovi rodiče, musí démon uposlechnout každý jeho přímý rozkaz. Důkazem této smlouvy je znak na Cielově oku a démonově ruce. A tak Ciel s novým sluhou Sebastianem Michaelem zažívá spousty dobrodružství, jež spějí jen k jednomu konci… (Zíza);V TV od 02.10.2008 MBS;smrt, vražda, anime, démoni, sluha, viktoriánská Anglie;5.0;70.0;Tošija Šinohara, Jasuhiro Geši, Daisuke Cukuši;Maaja Sakamoto, Daisuke Ono, Džun'iči Suwabe, Romi Paku, Šundži Fudžimura, Ajako Kawasumi, Kendžiró Cuda, Noriaki Sugijama, Šinnosuke Tačibana, Tacuhisa Suzuki;Jana Toboso;https://apps.apple.com/cz/app/id6755365206<br>https://play.google.com/store/apps/details?id=cz.csfd.csfdroid<br>;;
251145;Toradora!;2008;79.92840095465394;;https://image.pmgstatic.com/cache/resized/w420/files/images/film/posters/168/879/168879909_2103sj.jpg;https://www.csfd.cz/film/251145-toradora/;Japonsko;Animovaný / Drama / Komedie / Romantický;とらドラ!;Vypadá děsivě, ale je to dobrák od kosti. Ryūji se nečekaně spřátelí s Taigou, drobnou dívenkou s ostrým jazykem a drsnými způsoby. (Netflix);V TV od 02.10.2008 TV Tokyo;láska, přátelé, anime, škola;0.0;25.0;Tacujuki Nagai, Jóhei Suzuki, Daisuke Takašima;Rie Kugimija, Eri Kitamura, Hirofumi Nodžima, Džundži Madžima, Jui Horie, Ai Nonaka, Nobuhiko Okamoto, Šinnosuke Tačibana, Saori Gotó, Jóko Hikasa;Jujuko Takemija;https://www.netflix.com/<br>https://apps.apple.com/cz/app/id6755365206<br>https://play.google.com/store/apps/details?id=cz.csfd.csfdroid<br>;;
151978;The Bugs Bunny and Tweety Show;1986;80.5651491365777;;//static.pmgstatic.com/assets/images/050b5bad23b8eb0b4f88f971b8f6a168/empty-image.svg;https://www.csfd.cz/film/151978-the-bugs-bunny-and-tweety-show/;USA;Animovaný / Rodinný / Komedie;;;;;;;Abe Levitow, Friz Freleng, Rudy Larriva;Mel Blanc, Daws Butler, June Foray, Jim Backus, Ben Frommer, Joan Gerber;;https://apps.apple.com/cz/app/id6755365206<br>https://play.google.com/store/apps/details?id=cz.csfd.csfdroid<br>;;
228048;Puf a Muf;1971;80.9145129224652;;https://image.pmgstatic.com/cache/resized/w420/files/images/film/posters/164/551/164551124_07c4ba.jpg;https://www.csfd.cz/film/228048-puf-a-muf/;Československo;Animovaný;;Kreslené rozprávky o nezbedných kocúroch od Viktora Kubala.Jednotlivé časti: 1.-Puf a Muf maľujú 2.-Puf a Muf v servise 3.-Puf a Muf športovci 4.-Puf a Muf v obchodnom dome 5.-Puf a Muf v nemocnici 6.-Puf a Muf doma 7.-Puf a Muf na Vianoce;;podle knihy, černobílý film, přátelství, přátelé, město, chlapec, dům, večerníček, kočky;;;Viktor Kubal;;Nataša Tanská;https://apps.apple.com/cz/app/id6755365206<br>https://play.google.com/store/apps/details?id=cz.csfd.csfdroid<br>;;
229158;Basilisk: Kóga ninpó čó;2005;80.83916083916084;;https://image.pmgstatic.com/cache/resized/w420/files/images/film/posters/157/985/157985650_7de899.jpg;https://www.csfd.cz/film/229158-basilisk-koga-ninpo-co/;Japonsko;Animovaný / Akční / Drama / Fantasy / Romantický;バジリスク 甲賀忍法帖;BASILISK KOGA NINPO CHO neboli BASILISK: THE KOUGA NINJA SCROLLS je japonský anime seriál podle mangy stejného názvu, která vychází z románu The Kouga Ninja Scrolls, jež roku 1958 napsal Futaro Yamada. Samotná anime se na první pohled může zdát jako japonská varianta Romea a Julie se spoustou mrtvých, nicméně ačkoli prakticky v každé z 24 epizod někdo umře, tento seriál není pouhá ninja vyvražďovačka.Příběh se odehrává ve feudálním Japonsku roku 1641, kdy se o post šóguna hlásí dva vnuci bývalého šóguna Tokugawa Leyasu. Tokugawa Leyasu předal své místo synu Hidetada, ovšem stále si udržel velký vliv v rámci vlády a tudíž se snaží vyřešit problém s jmenováním jednoho z jeho vnuků jako nového šóguna poté, co se jejich otec Hidetada rozhodne odstoupit. Proto aby vyřešil tuto rozepři, zruší vynucené příměří mezi klany Iga a Kouga a nařídí, aby každý z klanů vyslal deset svých nejlepších ninjů do boje na život a na smrt. Každý z klanů reprezentující jednoho vnuka Tokugawy tedy musí využít veškeré umění a lsti, aby eliminoval deset vyvolených nepřátelského klanu. Mezi politickými hrátky mocných, letitou nenávistí klanů navzájem a spoustou krvavých soubojů ninjů s neuvěřitelnými schopnostmi stojí láska Oboro z klanu Iga a Gennosukeho z klanu Kouga. Zpočátku se seriál rozvíjí pomalu, ale s přibývajícím časem a zároveň ubývajícími členy klanů se napětí stupňuje až do závěrečného finále, kdy slabším povahám nezůstane oko suché. (ČSFD);V TV od 12.04.2005 TV Saitama;anime, nindžové;2.0;48.0;Fuminori Kizaki, Takashi Okazaki, Džundži Nišimura;Nana Mizuki, Šó Hajami, Mijuki Sawaširo, Takeši Aono, Norio Wakamoto, Matthew Tompkins, Tomokazu Sugita, Kendži Ucumi, Wataru Hatano, Fumihiko Tačiki;Fútaró Jamada;https://apps.apple.com/cz/app/id6755365206<br>https://play.google.com/store/apps/details?id=cz.csfd.csfdroid<br>;;
681563;Wayne;2019;80.95;;https://image.pmgstatic.com/cache/resized/w420/files/images/film/posters/163/208/163208859_43a4e7.jpg;https://www.csfd.cz/film/681563-wayne/;USA;Akční / Komedie;;Když Waynemu (Mark McKenna) umře táta, rozhodne se vyrazit na zběsilou jízdu na Floridu se svou přítelkyní Del (Ciara Bravo). Jeho plán je získat opět auto, které bylo ukradené jeho otci před smrtí. (lardko);Na VOD od 16.01.2019 YouTube Premium;;0.0;10.0;Steve Pink, Tessa Hoffe, Michael Patrick Jann;Ciara Bravo, Mark McKenna, Jamie Champagne, Jon Champagne, James Earl, Francesco Antonio, Dean Winters, Mike O'Malley, Patrick Gallagher, Maxwell McCabe-Lokos;;https://apps.apple.com/cz/app/id6755365206<br>https://play.google.com/store/apps/details?id=cz.csfd.csfdroid<br>;;
1067019;Spice and Wolf;2008;80.99216710182768;;https://image.pmgstatic.com/cache/resized/w420/files/images/film/posters/168/422/168422291_dj0kns.jpg;https://www.csfd.cz/film/1067019-spice-and-wolf/;Japonsko;Animovaný / Drama / Fantasy / Romantický;Ókami to kóšinrjó;;V TV od 08.01.2008 Chiba terebi;podle knihy, láska, dívka, děti, mládež, touha, chlapec, zvířata, anime, cestování, putování, středověk, mytologie, vlci, bohové, obchodní cestující;2.0;26.0;Džun Šišido, Takeo Takahaši, Keidži Kawakubo;Hozumi Góda, Džun'ja Miura, Džun Fukujama, Kaori Nazuka, Jasuhiro Fudžiwara, Jukihiro Misono, Jasuhiro Mamija, Micuo Senda, Dai Macumoto, Šinpači Cudži;Isuna Hasekura;https://apps.apple.com/cz/app/id6755365206<br>https://play.google.com/store/apps/details?id=cz.csfd.csfdroid<br>;;
224914;Světla páteční noci;2006;81.35384615384615;;https://image.pmgstatic.com/cache/resized/w420/files/images/film/posters/160/846/160846340_e0801d.jpg;https://www.csfd.cz/film/224914-svetla-patecni-noci/;USA;Drama / Sportovní;Friday Night Lights;Pro malé městečko Dillon v Texasu je středoškolský americký fotbal vším. Místní tým Panterů má velký potenciál vyhrát texaský šampionát. Jenže hlavní hvězda týmu po nehodě v prvním zápase ochrne na dolní končetiny a vše se začne komplikovat. (Ignus.cz);V TV od 03.10.2006 National Broadcasting Company (NBC);podle knihy, muž, láska, žena, rodina, přátelství, přátelé, dívka, otec, matka, rodiče, mládež, dcera, touha, syn, chlapec, ženy, oběť (autonehody/zločinu), škola, dospívání, sny, rivalita, vášeň, kamarádi, vztahy, učitel, studenti, bolest, mezilidské vztahy, smutek, sláva, trauma, nenávist, dilema, tragédie, střední škola, naděje, žárlivost, zranění, nehoda, nespravedlnost, diskriminace, pocit viny, rande, rasismus, romance, soutěž, hádka, předsudky, trénink, maloměsto, závist, vztek, oběť (někomu/něčemu), trenér, učitelka, odpuštění, těžký úraz, lítost, noc, výčitky svědomí, spolužáci, emoce, turnaj, zápas, školní třída, americký fotbal, Texas, něha, teen romance, ochrnutí;5.0;76.0;Patrick R. Norris, Jeffrey Reiner, Peter Berg;Kyle Chandler, Connie Britton, Aimee Teegarden, Brad Leland, Taylor Kitsch, Jesse Plemons, Zach Gilford, Blue Deckert, Maggie Wheeler, Aasha Davis;Buzz Bissinger;https://apps.apple.com/cz/app/id6755365206<br>https://play.google.com/store/apps/details?id=cz.csfd.csfdroid<br>;;
1618548;Hrdinové z úrazovky;2025;82.12244897959184;;https://image.pmgstatic.com/cache/resized/w420/files/images/film/posters/169/705/169705593_f43kfw.jpg;https://www.csfd.cz/film/1618548-hrdinove-z-urazovky/;Jižní Korea;Drama;Jung-jeung-eui-sang-sen-teo;Do nemocnice nastoupí ostřílený doktor, aby tamní traumacentrum vytáhl na špici. Při spolupráci s kolegy si ale rozhodně nebere servítky. (Netflix);Na VOD od 24.01.2025 Netflix;smrt, doktoři, nemocnice, lékařství, záchranáři;0.0;8.0;Do-yun Lee;Ji-hoon Joo, Young-woo Choo, Kyeong-ho Yoon, Jae-gwang Jung;Nak Jun Lee;https://www.netflix.com/<br>https://www.csfd.cz/vod/netflix/<br>https://apps.apple.com/cz/app/id6755365206<br>https://play.google.com/store/apps/details?id=cz.csfd.csfdroid<br>;;
828487;Nemocniční playlist;2020;83.11111111111111;;https://image.pmgstatic.com/cache/resized/w420/files/images/film/posters/165/595/165595017_d93f47.jpg;https://www.csfd.cz/film/828487-nemocnicni-playlist/;Jižní Korea;Drama / Komedie;Seulgiroun Uisasaenghwol;V nemocnici, kde se potkává nový život, smrt a všechno mezi tím, představuje pro pět lékařů a jejich pacienty každý den novou výzvu. (Netflix);V TV od 12.03.2020 tvN (Total Variety Network);doktoři, nemocnice;2.0;24.0;Won-ho Shin;Jung-suk Jo, Dae-myeong Kim, Kyeong-ho Jeong, Yeon-seok Yoo, Ah-ra Go, Moon-seong Jeong, Hae-sook Kim, Joon-han Kim, Jin-won Seo, Hyun Been Shin;;https://www.netflix.com/title/81239224<br>https://www.netflix.com/<br>https://www.netflix.com/title/81239224<br>https://apps.apple.com/cz/app/id6755365206<br>https://play.google.com/store/apps/details?id=cz.csfd.csfdroid<br>;;
118831;La meglio gioventù;2003;85.95419847328245;;https://image.pmgstatic.com/cache/resized/w420/files/images/film/posters/163/278/163278837_744355.jpg;https://www.csfd.cz/film/118831-najlepsie-roky-mladosti/;Itálie;Drama / Romantický;The Best of Youth;Štvordielna miniséria zachytáva prostredníctvom osudov členov jednej rodiny najvýznamnejšie udalosti nedávnej talianskej histórie od 60-tych rokov 20. storočia až po súčasnosť: záplavy vo Florencii, Sicília v boji s mafiou, priemyselný vzostup Turína v 70-tych rokoch, mládežnícke rebélie, terorizmus Červených brigád, kríza rokov 90-tych, prechod do nového milénia.... Spoločenské udalosti sú videné prizmou každodenných peripetií života a spoločne vytvárajú panorámu moderného Talianska. Je to príbeh o dospievaní dvoch odlišných bratov, i príbeh formovania talianskej spoločnosti po sklamaní revolučných ideálov 60-tych rokov. Tento unikátny projekt vyniká výnimočne citlivým spracovaním, spájajúcim jednotlivé príbehy do celistvej mozaiky, a ponúka tak silnú výpoveď o ľuďoch, z ktorých sa každý svojím spôsobom snaží urobiť svet o trochu lepším. Film bol vyprodukovaný talianskou verejnoprávnou televíznou spoločnosťou RAI, ktorá však kvôli náročnejšej výpovedi a tým pádom aj zúženému okruhu potenciálneho publika, nebola s výsledkom spokojná, a minisériu do vysielania nezaradila. Producentovi filmu sa však podarilo minisériu dostať na MFF Cannes, odkiaľ si odniesla cenu v kategórii Un Certain Regard a získala si priazeň kritiky i divákov. Takto sa pôvodne televízne koncipované dielo dostalo do kinodistribúcie a na viacero filmových festivalov. Z ďalších ocenení: ceny publika na MFF Rotterdam, MFF Denver, MFF Palm Springs, nominácia na Cézara, 6 cien Davida di Donatello (réžia, strih, najlepší film, produkcia, scenár, zvuk), 7 cien Talianskeho národného syndikátu filmových novinárov.;;rodina, 20. století, bratři, mafie, období 1970-1980, období 1960-1970, období 1980-1990, období 1990-2000, Řím, období 2000-2010, schizofrenie, Norsko, Sicílie, Florencie, Turín, Palermo;;;Marco Tullio Giordana;Luigi Lo Cascio, Alessio Boni, Adriana Asti, Sonia Bergamasco, Fabrizio Gifuni, Maya Sansa, Jasmine Trinca, Andrea Tidona, Claudio Gioè, Riccardo Scamarcio;;https://apps.apple.com/cz/app/id6755365206<br>https://play.google.com/store/apps/details?id=cz.csfd.csfdroid<br>;European Film Awards (3x)<br>César Awards (1x)<br>;Cannes Film Festival (1x)<br>
255232;Gaewa neukdaeeui sigan;2007;84.76923076923077;;https://image.pmgstatic.com/cache/resized/w420/files/images/film/posters/162/306/162306524_45fdae.jpg;https://www.csfd.cz/film/255232-gaewa-neukdaeeui-sigan/;Jižní Korea;Drama / Romantický / Akční;개와 늑대의 시간;Lee Soo Hyun je adoptován do rodiny Kang Min Kiho, protože jeho rodiče byli zavražděni členy gangu. Lee Soo i Kang Min spolu vyrůstají a stanou se agenty bezpečnostních služeb NIS (National Intelligence Service). Jsou nejen bratři, ale i nejlepší přátelé. Suh Ji Woo je kamarádka z dětství Lee Soo v dobách, kdy žil s rodiči v Bangoku. Náhodně se s ním potká v Soulu a chce s ním být za každou cenu. Ovšem Lee Soo pokazí jednu operaci, při které poznal vraha své matky. Je vyloučen z agentury a jeho cesta za pomstou může začít. (Vavča);V TV od 18.07.2007 MBC (Munhwa Broadcasting Corporation);;0.0;16.0;Jin-min Kim;Joon-gi Lee, Kyeong-ho Jeong, Sang-mi Nam, Jae-seong Choi, Kyeong-soon Jeong, Ji-ho Choi, Hyo-joon Park, Tae-seong Lee, Hyeok-kwon Park, Soo-yeon Cha;;https://apps.apple.com/cz/app/id6755365206<br>https://play.google.com/store/apps/details?id=cz.csfd.csfdroid<br>;;
363865;Gabriel Iglesias: Aloha Fluffy;2013;86.77966101694915;;//static.pmgstatic.com/assets/images/050b5bad23b8eb0b4f88f971b8f6a168/empty-image.svg;https://www.csfd.cz/film/363865-gabriel-iglesias-aloha-fluffy/;USA;Komedie;;;;;;;;Gabriel Iglesias;;https://apps.apple.com/cz/app/id6755365206<br>https://play.google.com/store/apps/details?id=cz.csfd.csfdroid<br>;;
646366;Kaze ga cujoku fuiteiru;2018;87.85714285714286;;https://image.pmgstatic.com/cache/resized/w420/files/images/film/posters/163/847/163847245_f6bda1.jpg;https://www.csfd.cz/film/646366-kaze-ga-cujoku-fuiteiru/;Japonsko;Animovaný / Drama / Sportovní;風が強く吹いている;Je pozdní večer a mladý vysokoškolák Kakeru Kurahara, který prohrál nechutné množství peněz v hazardu a je až po uši v problémech, právě utíká jak o život před rozlíceným majitelem obchodu, kde z nouze ukradl jídlo. Na útěku potkává dalšího vysokoškoláka Haidži Kijoseho, který je ohromen rychlostí jeho běhu, a jelikož oba studují na stejné univerzitě, nabídne Haidži Kakeruovi bydlení na menší univerzitní koleji pro deset lidí s podezřele nízkým nájmem a nadstandardním servisem. Jak se však později ukazuje, je luxus této koleje vykoupen tím, že je určena univerzitnímu běžeckému týmu, který se má kvalifikovat na náročný dvoudenní štafetový běh zvaný Hakone ekiden, v němž každý z deseti běžců musí uběhnout přes 20 kilometrů – o tom však nikdo z dosavadních nájemníků s výjimkou Haidžiho dosud neměl tušení! Podaří se tedy Haidžimu přesvědčit Kakerua i ostatní spolubydlící k účasti na závodu a vytvořit takový tým, který se dokáže kvalifikovat nebo snad rovnou i závod vyhrát? (Hromino);V TV od 03.10.2018 Nippon TV;;0.0;23.0;Kazuja Nomura, Hitomi Ezoe, Šintaró Itoga;Tošijuki Tojonaga, Takanori Hošino, Kazujuki Okicu, Júto Uemura, Džun'ja Enoki, Miju Irino, Kóki Učijama, Takamasa Mogi, Jošiki Nakadžima, Taito Ban;Šion Miura;https://www.youtube.com/watch?v=7BvTIXEN8iE<br>https://apps.apple.com/cz/app/id6755365206<br>https://play.google.com/store/apps/details?id=cz.csfd.csfdroid<br>;;
927657;Láska a anarchie;2020;79.5260663507109;;https://image.pmgstatic.com/cache/resized/w420/files/images/film/posters/164/892/164892577_dc4059.jpg;https://www.csfd.cz/film/927657-laska-a-anarchie/;Švédsko;Komedie / Drama / Romantický;Kärlek & Anarki;Vdaná konzultantka a mladý ajťák rozjedou flirtovací hru, která zpochybňuje společenské normy – a nakonec obrátí jejich životy vzhůru nohama. (Netflix);Na VOD od 04.11.2020 Netflix (Série 1);kniha, sázka;2.0;16.0;Lisa Langseth, Emma Bucht;Ida Engvoll, Björn Mosten, Carla Sehn, Reine Brynolfsson, Gizem Erdogan, Björn Kjellman, Ruben Lopez, Johannes Bah Kuhnke, Elsa Agemalm Reiland, Disa Östrand;;https://www.netflix.com/title/81069541<br>https://www.netflix.com/<br>https://www.netflix.com/title/81069541<br>https://www.csfd.cz/vod/netflix/<br>https://www.csfd.cz/vod/netflix/<br>https://apps.apple.com/cz/app/id6755365206<br>https://play.google.com/store/apps/details?id=cz.csfd.csfdroid<br>;;
876464;Teherán;2020;79.63087248322148;;https://image.pmgstatic.com/cache/resized/w420/files/images/film/posters/170/628/170628556_zb5f9q.png;https://www.csfd.cz/film/876464-teheran/;Izrael;Drama / Thriller;Teherán;Támar je agentkou Mosadu. Pod falešnou identitou infiltruje Teherán, aby pomohla zničit íránský jaderný reaktor. Když ale její mise selže a ona uvízne v novém prostředí, musí naplánovat operaci, která ohrozí všechny, na kom jí záleží. (Apple TV+);V TV od 22.06.2020 Kan 11;hacker, Írán, Mosad;4.0;32.0;Daniel Syrkin;Niv Sultan, Shaun Toub, Menashe Noy, Shervin Alenabi, Navid Negahban, Liraz Charhi, Reza Diako, Dan Mor, Arash Marandi, Shila Ommi;;https://srv.clickfuse.com/ads/adclkr.php?id=100006636&url=https://tv.apple.com/cz/show/tehran/umc.cmc.337cdk1ou0bmn6frmzxwm7xqd<br>https://www.apple.com/cz/apple-tv-plus/<br>https://srv.clickfuse.com/ads/adclkr.php?id=100006636&url=https://tv.apple.com/cz/show/tehran/umc.cmc.337cdk1ou0bmn6frmzxwm7xqd<br>https://www.csfd.cz/vod/apple-tv/<br>https://apps.apple.com/cz/app/id6755365206<br>https://play.google.com/store/apps/details?id=cz.csfd.csfdroid<br>;Critics Choice Awards (1x)<br>;
835641;Půlnoční evangelium;2020;79.971870604782;;https://image.pmgstatic.com/cache/resized/w420/files/images/film/posters/164/369/164369396_e9fe45.jpg;https://www.csfd.cz/film/835641-pulnocni-evangelium/;USA;Animovaný / Komedie;The Midnight Gospel;Vesmírný reportér překračuje v simulátoru univerza hranice ulítlých světů a řeší existenční otázky týkající se života, smrti a všeho mezi tím. (Netflix);Na VOD od 20.04.2020 Netflix;smrt, vesmír, zombie, surrealismus, katastrofa, apokalypsa, filozof, reinkarnace, meditace, podle podcastu;0.0;8.0;Pendleton Ward, Mike L. Mayfield;Phil Hendrie, Joey Diaz, Duncan Trussell, Natasha Leggero, David Nichtern, Johnny Pemberton, Drew Pinsky, Pauly Shore, Maria Bamford, Stephen Root;;https://www.netflix.com/title/80987903<br>https://www.netflix.com/<br>https://www.netflix.com/title/80987903<br>https://www.csfd.cz/vod/netflix/<br>https://apps.apple.com/cz/app/id6755365206<br>https://play.google.com/store/apps/details?id=cz.csfd.csfdroid<br>;;
275053;Dexter: Early Cuts;2009;80.31884057971014;;https://image.pmgstatic.com/cache/resized/w420/files/images/film/posters/000/064/64958_5c2850.jpg;https://www.csfd.cz/film/275053-dexter-early-cuts/;USA;Animovaný / Krimi;;"Když jsme se na obrazovkách poprvé potkali s Dexterem Morganem (Michael C. Hall), nejoblíbenějším sériovým vrahem Spojených států amerických, měl už ve své sbírce pár sklíček s kapkou krve, vzpomínek, zachovaných jen pro jeho potěšení. Dextrovy ""první zářezy"" nás seznámí s několika oběťmi, kterým ona krev patřila. (3DD!3)";;motion comic;;;Marco Fernandez;Michael C. Hall, Marcus Shultz, Jennifer Carpenter;;https://apps.apple.com/cz/app/id6755365206<br>https://play.google.com/store/apps/details?id=cz.csfd.csfdroid<br>;;
895327;Země nikoho;2020;80.20100502512562;;https://image.pmgstatic.com/cache/resized/w420/files/images/film/posters/165/140/165140019_9d283d.jpg;https://www.csfd.cz/film/895327-zeme-nikoho/;Francie / USA / Velká Británie;Drama / Thriller;No Man's Land;Seriál Země nikoho sleduje hrůzy syrské občanské války očima francouzského mladíka Antoineho, pátrajícího po své odcizené sestře, která je považována za mrtvou. Zatímco se krůček po krůčku snaží přijít temné záhadě na kloub, spojí síly s jednou z kurdských ženských jednotek, kterých se obávali i členové teroristické organizace ISIS, a vydává se na území okupované Islámským státem. Jeho cesta, na které potkává řadu dobrodruhů, anarchistů, špionů i nevinných obětí, skýtá jedinečný pohled na tragické události v Sýrii a jejich vliv na celý svět. (HBO Europe);V TV od 17.04.2025 Arte;občanská válka, antologie, islám, Kurdové;2.0;16.0;Oded Ruskin, Rotem Shamir;Souheila Yacoub, Mélanie Thierry, Leo Hatton, James Krishna Floyd, Dean Ridge, Thibaut Evrard, Nadia Benzakour, Julia Faure, Félix Moati, James Purefoy;;https://www.hbomax.com/cz/en/shows/no-mans-land/3807274a-438b-4210-982f-67ee7d2150e7<br>http://www.hbo.eu<br>http://www.hbo.eu<br>https://www.hbomax.com/cz/en/shows/no-mans-land/3807274a-438b-4210-982f-67ee7d2150e7<br>https://apps.apple.com/cz/app/id6755365206<br>https://play.google.com/store/apps/details?id=cz.csfd.csfdroid<br>;;
269068;Bakemonogatari;2009;80.23728813559322;;https://image.pmgstatic.com/cache/resized/w420/files/images/film/posters/166/660/166660571_b7e9d4.jpg;https://www.csfd.cz/film/269068-bakemonogatari/;Japonsko;Animovaný / Drama / Fantasy / Komedie / Mysteriózní / Psychologický / Romantický;化物語;"Araragi byl nedávno kousnut upírem a následkem toho se jím stal také. Z jeho prokletí ho ale osvobodil poněkud zvláštní kněz Oshino. Díky němu se Araragi rozhodl, že když potká někoho, koho postihlo podobné nadpřirozené neštěstí, pomůže mu. Bakemonogatari v překladu znamená ""Příběhy monster"". Anime obsahuje pět různých příběhů, ve kterých se můžete setkat s lidmi s podobnou zkušeností jako měl Araragi. (Taja.S)";V TV od 03.07.2009 Tokyo MX;anime, škola, upíři;0.0;15.0;Tacuja Oiši, Akijuki Šinbó, Šin Itagaki;Hiroši Kamija, Čiwa Saitó, Jui Horie, Mijuki Sawaširo, Kana Hanazawa, Eri Kitamura, Emiri Kató, Takahiro Sakurai, Juka Iguči, Fumihiko Tačiki;Nišio Išin;https://apps.apple.com/cz/app/id6755365206<br>https://play.google.com/store/apps/details?id=cz.csfd.csfdroid<br>;;
816477;Trying;2020;80.82901554404145;;https://image.pmgstatic.com/cache/resized/w420/files/images/film/posters/164/448/164448225_285d5d.jpg;https://www.csfd.cz/film/816477-strasti-dospelosti/;Velká Británie;Komedie;Strasti dospelosti;Jediné, po čem Nikki a Jason touží, je dítě. To ovšem mít nemůžou. Rozhodnou se tedy pro adopci. Usoudí adopční komise, že jsou připraveni být rodiči, i když mají hrozné přátele, šílené rodiny a naprosto chaotický život? (Apple TV+);Na VOD od 01.05.2020 Apple TV+ (Season 1);láska, děti, manželé, těhotenství, Londýn, adopce;5.0;40.0;Jim O'Hanlon, Elliot Hegarty, Ellie Heydon;Esther Smith, Rafe Spall, Imelda Staunton, Sarah Niles, Robyn Cara, Simon Bubb, Ophelia Lovibond, Oliver Chris, Phil Davis, Paula Wilcox;;https://srv.clickfuse.com/ads/adclkr.php?id=100006636&url=https://tv.apple.com/cz/show/trying/umc.cmc.6muy4la7lj1omu5nci4bt2m66<br>https://www.apple.com/cz/apple-tv-plus/<br>https://srv.clickfuse.com/ads/adclkr.php?id=100006636&url=https://tv.apple.com/cz/show/trying/umc.cmc.6muy4la7lj1omu5nci4bt2m66<br>https://www.csfd.cz/vod/apple-tv/<br>https://www.csfd.cz/vod/apple-tv/<br>https://www.csfd.cz/vod/apple-tv/<br>https://www.csfd.cz/vod/apple-tv/<br>https://apps.apple.com/cz/app/id6755365206<br>https://play.google.com/store/apps/details?id=cz.csfd.csfdroid<br>;;
202725;Gungrave;2003;80.98092643051771;;https://image.pmgstatic.com/cache/resized/w420/files/images/film/posters/161/692/161692986_2994aa.jpg;https://www.csfd.cz/film/202725-gungrave/;Japonsko;Animovaný / Akční / Krimi / Sci-Fi;ガングレイヴ;Skupinka 5 mladých gangsterů, která se ráda zapojí do kdejaké šarvátky, končí bohužel tragickým koncem. Z celé jejich skupiny přežijí pouze tichý Brandon Heat a Harry MacDowell, kteří mají ojedinělou příležitost přidat se k organizaci Millenion (existuje zde velmi důležité pravidlo: zrada se trestá smrtí). Oba začínají na nejnižších pozicích a my pozorujeme rozdílné cesty obou hrdinů, jak stoupají v hierarchickém systému organizace. Poté, co se rozloučíme s Big Daddym (šéf Millenionu), Harry nastoupí na jeho místo. Celý způsob fungování Milleniou se změní a nastává řešení sporu mezi Harrym a Brandonem (poté již s Beyond the Gravem). (soldiersn);V TV od 07.10.2003 TV Tokyo;anime, zrada, mafie, monstra;0.0;26.0;Tošijuki Curu, Tecuró Araki, Rjó Mijata;Kikuko Inoue, Kumi Sakuma, Takehito Kojasu, Rjúzaburó Ótomo, Tomokazu Seki, Cutomu Isobe, Kendži Hamada, Iemasa Kajumi, Tamio Óki, Čafúrin;Jasuhiro Naitó;https://apps.apple.com/cz/app/id6755365206<br>https://play.google.com/store/apps/details?id=cz.csfd.csfdroid<br>;;
256568;Říkadla Josefa Lady;2003;81.80392156862744;;https://image.pmgstatic.com/cache/resized/w420/files/images/film/posters/000/061/61044_f75e27.jpg;https://www.csfd.cz/film/256568-rikadla-josefa-lady/;Česko;Animovaný / Rodinný / Hudební / Krátkometrážní;Říkadla podle Josefa Lady;52 nejznámějších lidových říkadel. Známá říkadla s ilustracemi Josefa Lady jsou určená především nejmenším dětem: 1. Liška (2:56), 2. Zima (2:48), 3. Ježíšek (2:56), 4. Koza (3:10), 5. Kučero (3:26), 6. Kdák (2:59), 7. Honza (3:04), 8. Na houby (3:15), 9. Kráva (3:31), 10. Hruštička (3:07), 11. Jirka (3:01), 12. Vrány (3:01), 13. Fěrtůšek (3:03), 14. Vrabec (3:02), 15. Jarní (3:07), 16. Žába (3:26), 17. Pasáci (3:43), 18. Bába (3:04), 19. Vlk (3:14), 20. Karel (3:37), 21. Když jsem šel přes Pražský most (3:47), 22. Kterak ševce mejou (3:01), 23. Čert bábu nese (3:12), 24. Mlynář (3:48), 25. Ryba (3:10), 26. Sedlák seká v lese (3:02), 27. Koně (3:13), 28. Josefe (3:01), 29. Hastrmane, tatrmane (3:03), 30. Kocour (3:06), 31. Čáp sedí pod dubem (3:12), 32. Veverka (3:11), 33. Svatba (3:03), 34. Sedlák (3:00), 35. Koza a prasátko (3:22), 36. Král na dudy hrál (3:32), 37. Snídaně (3:12), 38. Sýr (3:29), 39. Nehoda (3:29), 40. Až já půjdu (3:20), 41. Byla babka, měla jabka (3:02), 42. Perníkář (3:29), 43. Pekař (3:07), 44. Jez topinku (3:19), 45. Pepíku (3:00), 46. Kadla (3:03), 47. Bára (3:00), 48. Emane (3:15), 49. Naše Káča (3:30), 50. Na klouzačce (3:09), 51. Na saních (3:02), 52. Kočka (3:26).;Na DVD od 06.12.2008 Země pohádek;;;;Pavel Kubant;Josef Somr;Josef Lada;https://www.ceskatelevize.cz/porady/1120972697-rikadla-josefa-lady?utm_source=csfd&utm_medium=section_vod&utm_campaign=link<br>https://www.ceskatelevize.cz/porady/1120972697-rikadla-josefa-lady?utm_source=csfd&utm_medium=section_vod&utm_campaign=link<br>https://apps.apple.com/cz/app/id6755365206<br>https://play.google.com/store/apps/details?id=cz.csfd.csfdroid<br>;;
1239129;Makanai: Jak se vaří pro Maiko;2023;82.21238938053098;;https://image.pmgstatic.com/cache/resized/w420/files/images/film/posters/166/859/166859484_88d69f.jpg;https://www.csfd.cz/film/1239129-makanai-jak-se-vari-pro-maiko/;Japonsko;Drama / Komedie;Maiko-san chi no Makanai-san;Dvě nerozlučné kamarádky se vydají do Kjóta, aby se vyučily na gejši. Každou z nich ale zláká úplně jiná vášeň, i když bydlí pod jednou střechou. (Netflix);Na VOD od 12.01.2023 Netflix;Japonsko, gejša;0.0;9.0;Hirokazu Kore'eda, Megumi Cuno, Takuma Sató;Nana Mori, Nacuki Deguči, Maju Macuoka, Ai Hašimoto, Keiko Macuzaka, Takako Tokiwa, Adžu Makita, Kanon Narumi, Kotona Minami, Keiko Izumi;Aiko Kojama;https://www.netflix.com/title/81325501<br>https://www.netflix.com/<br>https://www.netflix.com/title/81325501<br>https://www.csfd.cz/vod/netflix/<br>https://apps.apple.com/cz/app/id6755365206<br>https://play.google.com/store/apps/details?id=cz.csfd.csfdroid<br>;;
670749;She-Ra a princezny moci;2018;82.25225225225225;;https://image.pmgstatic.com/cache/resized/w420/files/images/film/posters/163/628/163628053_2bd66b.jpg;https://www.csfd.cz/film/670749-she-ra-a-princezny-moci/;USA;Animovaný / Akční / Dobrodružný;She-Ra and the Princesses of Power;Bojovnice Adora objeví magický meč – a taky to, že je legendární hrdinkou jménem She-Ra. Přidá se k Rebelii, její nejlepší kamarádka ale zůstává na straně zlé Hordy. (Netflix);Na VOD od 13.11.2018 Netflix (Série 1);přátelství, tajemství, putování, souboje, lesby, monstra, kouzla, magie, princezna, čarodějnice, kočky, odpuštění, Meč a magie, jednorožec;5.0;52.0;Adam Henry, Jen Bennett, Stephanie Stine;Aimee Carrero, Karen Fukuhara, AJ Michalka, Marcus Scribner, Keston John, Lauren Ash, Krystal Joy Brown, Merit Leighton, Vella Lovell, Sandra Oh;;https://www.netflix.com/<br>https://www.csfd.cz/vod/netflix/<br>https://www.csfd.cz/vod/netflix/<br>https://www.csfd.cz/vod/netflix/<br>https://www.csfd.cz/vod/netflix/<br>https://www.csfd.cz/vod/netflix/<br>https://apps.apple.com/cz/app/id6755365206<br>https://play.google.com/store/apps/details?id=cz.csfd.csfdroid<br>;Critics Choice Awards (1x)<br>;
774036;Honzuki no gekokudžó: Šišo ni naru tame ni wa šudan o erande iraremasen;2019;83.8157894736842;;https://image.pmgstatic.com/cache/resized/w420/files/images/film/posters/164/364/164364434_bc29ad.jpg;https://www.csfd.cz/film/774036-honzuki-no-gekokudzo-siso-ni-naru-tame-ni-wa-sudan-o-erande-iraremasen/;Japonsko;Animovaný / Fantasy;Honzuki no Gekokujō: Shisho ni Naru Tame niwa Shudan o Erandeiraremasen;Žila byla jedna mladá dívka jménem Motosu Urano, jejíž životní vášní byly knihy. Motosu milovala čtení, a tak se rozhodla hned po škole nastoupit jako knihovnice do místní knihovny. Žila byla Motosu Urano až do jednoho dne, kdy na Japonsko udeřilo strašlivé zemětřesení a dívku pohřbilo pod hromadou jejích milovaných knih. Jejím posledním přáním před smrtí bylo narodit se znovu do světa, ve kterém bude opět mít možnost číst spoustu knih.Někdy se poslední přání člověku splní, jindy se nám však vyšší moc vysměje, a tak byla dívka reinkarnovaná do těla pětiletého děvčátka, dcery obyčejného chudého vojáka, ve světě, kde je úroveň literatury mizerná a kde jsou knihy tou největší vzácností, kterou si může dovolit pouze bohatá elita. Tohle křehké a neduživé děvčátko, které dostalo jméno Myne v sobě však stále má vzpomínky Motosu, její odhodlání stát se knihovnicí a touhu číst knihy. Jak by toho mohla dívka dosáhnout? Tak třeba pro začátek by mohla zkusit nějakou tu knihu sama napsat... (Jeoffrey);V TV od 02.10.2019 WOWOW;isekai;4.0;60.0;Micuru Hongó, Takahide Ogata, Jošiki Kawasaki;Juka Iguči, Aja Učida, Fumiko Orikasa, Hiroši Naka, Megumi Nakadžima, Mucumi Tamura, Satoši Hino, Šó Hajami, Takehito Kojasu, Tomoaki Maeno;Mija Kazuki;https://apps.apple.com/cz/app/id6755365206<br>https://play.google.com/store/apps/details?id=cz.csfd.csfdroid<br>;;
76229;Invader ZIM;1999;85.58558558558559;;https://image.pmgstatic.com/cache/resized/w420/files/images/film/posters/170/154/170154364_vbqdmu.jpg;https://www.csfd.cz/film/76229-invader-zim/;USA / Filipíny;Rodinný / Animovaný / Komedie / Sci-Fi;Invader ZIM;Dobyvačná rasa Arcane pořádá další galaktickou výpravu. Za konečné vítězství je naverbován každý malý, zelený Arcaneňan. Až na jednoho... Zim je smolař - nešika ve smrtící kombinaci. Díky neodbytnému jednání je vyslán na planetu, která v plánu představuje otazník na hvězdné mapě... , jinak řečeno je velmi elegantně vyšoupnut a ještě může mít radost... Shodou okolností se Zim s asistentem GIRem ocitá na Zemi a začíná hnojit půdu pro invazi... (M.Macho);V TV od 30.03.2001 Nickelodeon;mimozemšťané, vesmír;2.0;28.0;Steve Ressel;Andy Berman, Richard Steven Horvitz, Rikki Simons, Melissa Fahn, Jhonen Vasquez, Billy West, Rodger Bumpass, Ted Raimi, Michael McDonald, Danny Cooksey;;https://apps.apple.com/cz/app/id6755365206<br>https://play.google.com/store/apps/details?id=cz.csfd.csfdroid<br>;;
327118;Půjčovna masa;2018;78.97784894582333;;https://image.pmgstatic.com/cache/resized/w420/files/images/film/posters/162/337/162337940_dca30e.jpg;https://www.csfd.cz/film/327118-pujcovna-masa/;USA;Sci-Fi / Drama;Altered Carbon;Po 250 letech strávených v hibernaci je oživený vězeň, který si může vydobýt svobodu jediným způsobem: musí zjistit, kdo je vrah. (Netflix);Na VOD od 02.02.2018 Netflix (Série 1);podle knihy, vražda, násilí, tajemství, vyšetřování, manipulace, lež, intriky, pronásledování, drogy, souboje, detektiv, podsvětí (svět zločinu), přestřelka, konspirace, budoucnost, odboj, třídní boj, antiutopie, záměna identit, protestní hnutí, virtuální realita, nesmrtelnost, kyberpunk, klonování, výměna těl;2.0;18.0;Miguel Sapochnik, Nick Hurran, Uta Briesewitz;Martha Higareda, Joel Kinnaman, James Purefoy, Stephanie Cleough, Ato Essandoh, Byron Mann, Andre Tricoteux, Matt Frewer, Renée Elise Goldsberry, Dichen Lachman;Richard Morgan;https://www.netflix.com/title/80097140<br>https://www.netflix.com/<br>/novinky/5295-netflix-a-hvezda-bojovych-umeni/<br>/novinky/5295-netflix-a-hvezda-bojovych-umeni/<br>/novinky/5295-netflix-a-hvezda-bojovych-umeni/<br>https://www.netflix.com/title/80097140<br>https://www.netflix.com/cz/title/80097140<br>https://www.csfd.cz/vod/netflix/<br>https://www.csfd.cz/vod/netflix/<br>https://apps.apple.com/cz/app/id6755365206<br>https://play.google.com/store/apps/details?id=cz.csfd.csfdroid<br>;The Saturn Awards (1x)<br>;
69385;Přítelkyně z domu smutku;1992;78.98199347795264;;https://image.pmgstatic.com/cache/resized/w420/files/images/film/posters/170/228/170228828_2saylz.jpg;https://www.csfd.cz/film/69385-pritelkyne-z-domu-smutku/;Československo;Drama;;Čtyřdílný televizní film Přítelkyně z domu smutku vznikl podle stejnojmenné literární předlohy Evy Kantůrkové. Román, napsaný na počátku osmdesátých let, byl inspirovaný autorčinými zážitky po zatčení z politických důvodů z roční vyšetřovací vazby v ruzyňské věznici. Bylo to místo, kde měl být člověk pomocí promyšleného systému zbaven své důstojnosti, ale byla to také příležitost zažít příběhy přátelství a solidarity, které nakonec učinily vězeňský život snesitelnějším. Ve své knize, kterou sama nazvala románem - pravdou, dosáhla autorka mimořádné působivosti. A tu neztratila ani jeho čtyřdílná adaptace, na níž se podíleli vedle Evy Kantůrkové jako spoluscenárista i Václav Šašek, režisér Hynek Bočan a řada skvělých českých herců. Film získal v roce 1994 na MTF v Cannes Velkou stříbrnou cenu v kategorii seriálů a Velkou zlatou cenu za herecký výkon Ivany Chýlkové. (Česká televize);Na DVD od 17.08.2018 Česká televize;podle knihy, přátelství, 20. století, vězení, osamělost, komunismus, období 1980-1990;0.0;4.0;Hynek Bočan;Ivana Chýlková, Aňa Geislerová, Jiřina Bohdalová, Jana Boušková, Helena Růžičková, Zdena Hadrbolcová, Vilma Cibulková, Ljuba Krbová, Simona Stašová, Michaela Kuklová;Eva Kantůrková;https://www.ceskatelevize.cz/porady/900460-pritelkyne-z-domu-smutku?utm_source=csfd&utm_medium=section_vod&utm_campaign=link<br>http://www.ceskatelevize.cz<br>http://www.ceskatelevize.cz<br>https://www.ceskatelevize.cz/porady/900460-pritelkyne-z-domu-smutku?utm_source=csfd&utm_medium=section_vod&utm_campaign=link<br>https://apps.apple.com/cz/app/id6755365206<br>https://play.google.com/store/apps/details?id=cz.csfd.csfdroid<br>;;
259920;FlashForward - Vzpomínka na budoucnost;2009;78.98160315374507;;https://image.pmgstatic.com/cache/resized/w420/files/images/film/posters/159/533/159533489_ddea0d.jpg;https://www.csfd.cz/film/259920-flashforward-vzpominka-na-budoucnost/;USA;Drama / Sci-Fi / Mysteriózní / Thriller;Záblesk budoucnosti;Z ničeho nic se objeví tajemné světlo a téměř všichni lidé na světě padnou do bezvědomí. V tomto stavu před očima vidí vlastní život, jak bude vypadat za šest měsíců. Jednotka elitních agentů FBI se snaží záhadu vyšetřit a lidé si začnou uvědomovat, že budoucnost se vždycky může změnit. Najděte odpovědi a pronikněte ještě hlouběji do příběhu plného hádanek díky skvělému bonusovému materiálu. Uvidíte mimo jiné i celou sérii od pilotního dílu až po poslední epizodu. Uslyšíte, jak natáčení vnímali herci a štáb, a budete mít příležitost znovu prožít každý nečekaný dějový zvrat v celé sérii.;V TV od 24.09.2009 ABC TV Network;;0.0;22.0;Nick Gomez, Bobby Roth, John Polson;Courtney B. Vance, Joseph Fiennes, Jack Davenport, Zachary Knighton, Peyton List, Sonya Walger, Christine Woods, John Cho, Brían F. O'Byrne, Dominic Monaghan;Robert J. Sawyer;https://apps.apple.com/cz/app/id6755365206<br>https://play.google.com/store/apps/details?id=cz.csfd.csfdroid<br>;;
528212;Jack Ryan;2018;79.07834101382488;;https://image.pmgstatic.com/cache/resized/w420/files/images/film/posters/168/772/168772615_r3lf6c.jpg;https://www.csfd.cz/film/528212-jack-ryan/;USA;Akční / Drama / Thriller;Jack Ryan;;Na VOD od 31.08.2018 Prime Video (Season 1);smrt, útěk, doktoři, nemocnice, agenti, teroristé, pašování, prezident, CIA, ebola;4.0;30.0;Jann Turner, Daniel Sackheim, Patricia Riggen;John Krasinski, Wendell Pierce, Michael Kelly, Abbie Cornish, Betty Gabriel, John Hoogenakker, Ali Suliman, Nina Hoss, Dina Shihabi, Jordi Mollà;;https://apps.apple.com/cz/app/id6755365206<br>https://play.google.com/store/apps/details?id=cz.csfd.csfdroid<br>;Critics Choice Awards (1x)<br>The Saturn Awards (4x)<br>;
268339;Ve službách FBI;2009;79.15232899706253;;https://image.pmgstatic.com/cache/resized/w420/files/images/film/posters/168/088/168088366_qus574.png;https://www.csfd.cz/film/268339-ve-sluzbach-fbi/;USA;Krimi / Komedie;White Collar;Neal Caffrey, odsouzený za padělání dluhopisů, uteče v převlečení za dozorce z vězení pouhé tři měsíce před vypršením trestu. Policie kontaktuje agenta FBI Petera Burkeho, který Neala již jednou dopadl. Burke s týmem FBI jsou zaměstnáni případem unikajícího podvodníka zvaného Holanďan. Právě otevírají sejf, jenž může ukrývat důkazy proti němu, Holanďan však do sejfu nastražil výbušninu, která při otevření vybuchne...;;;6.0;81.0;Dennie Gordon, Bronwen Hughes, Allan Arkush;Matt Bomer, Tim DeKay, Willie Garson, Tiffani Thiessen, Sharif Atkins, Marsha Thomason, Hilarie Burton Morgan, Diahann Carroll, Natalie Morales, James Rebhorn;;/tvurce/48968-jackson-rathbone/prehled/<br>https://srv.tunefindforfans.com/showads/track/srvclk.php?aid=100006796&lp=https://www.disneyplus.com/en-cz/browse/entity-58d3d0ce-8d86-4ccd-bd0c-104551448432<br>https://srv.tunefindforfans.com/showads/track/srvclk.php?aid=100006796&lp=https://www.disneyplus.com/en-cz/browse/entity-58d3d0ce-8d86-4ccd-bd0c-104551448432<br>https://apps.apple.com/cz/app/id6755365206<br>https://play.google.com/store/apps/details?id=cz.csfd.csfdroid<br>;;
225432;Za rozbřesku;2006;79.37830687830687;;https://image.pmgstatic.com/cache/resized/w420/files/images/film/posters/166/509/166509527_90b15c.jpg;https://www.csfd.cz/film/225432-za-rozbresku/;USA;Akční / Drama / Sci-Fi / Thriller;Day Break;Detektiv Brett Hopper prožívá jeden den stále dokola. Pokaždé se probudí vedle své krásné přítelkyně Rity. Za oknem sedí holub a v televizi hlásí, že se na dálnici převrátil nákladní vůz s plínkami. Vždy je také neprávem obviněn z vraždy Alberta Garzy. Kyž se znovu probouzí do tohoto opakujícího se dne, vše si pamatuje. Díky tomu má o všem, co se stane, přehled a může tak zachránit mnoho lidí. Pokud chce, aby konečně nastal zítřek, musí najít pravého vraha zástupce státního nadvládního Alberta Garzy. (fray);V TV od 15.11.2006 ABC TV Network;časová smyčka;0.0;13.0;Rob Bowman, Bryan Spicer, David Von Ancken;Taye Diggs, Moon Bloodgood, Victoria Pratt, Meta Golding, Ramon Rodriguez, Adam Baldwin, Michael McGrady, Joe Nieves, Mitch Pileggi, Ian Anthony Dale;;https://apps.apple.com/cz/app/id6755365206<br>https://play.google.com/store/apps/details?id=cz.csfd.csfdroid<br>;;
54534;Charlotte;2015;80.52980132450331;;https://image.pmgstatic.com/cache/resized/w420/files/images/film/posters/161/734/161734496_097c48.jpg;https://www.csfd.cz/film/54534-charlotte/;Japonsko;Animovaný / Drama / Fantasy / Komedie;シャーロット;Chlapec se zvláštními schopnostmi se z donucení přidává k ostatním dětem v neobyčejné škole, kde se mohou bránit před organizacemi, jež se je pokoušejí využít. (Netflix);V TV od 04.07.2015 Tokyo MX;láska, smrt, přátelství, přátelé, dívka, chlapec, anime, škola, sourozenci, únos, souboje, bratři, studenti, střední škola, nemocnice, krádež, sestry, vědci, duchové, teroristé, superhrdina, deprese, cestování časem, pokusy na lidech, internátní škola, kometa;0.0;13.0;Jošijuki Asai, Micutaka Nošitani, Ken'iči Imaizumi;Hikaru Midorikawa, Kotori Koiwai, Miki Itó, Mijuki Sawaširo, Tomokazu Sugita, Asami Seto, Kóki Učijama, Eidži Takemoto, Maaja Učida, Ajaka Suwa;;https://www.netflix.com/<br>https://apps.apple.com/cz/app/id6755365206<br>https://play.google.com/store/apps/details?id=cz.csfd.csfdroid<br>;;
634691;Undone;2019;80.6046511627907;;https://image.pmgstatic.com/cache/resized/w420/files/images/film/posters/163/650/163650620_067ac7.jpg;https://www.csfd.cz/film/634691-undone/;USA;Animovaný / Drama / Fantasy;;Undone zkoumá elastickou povahu reality prostřednictvím své ústřední postavy Almy (Rosa Salazar), osmadvacetileté dívky žijící v San Antoniu v Texasu. Po téměř smrtelné autonehodě Alma zjišťuje, že získala nový vztah k času a využívá tuto schopnost k nalezení pravdy o smrti svého otce. (catnipped);Na VOD od 13.09.2019 Prime Video (Season 1);žena, smrt, otec, matka, dcera, nemocnice, autonehoda;2.0;16.0;Hisko Hulsing;Bob Odenkirk, Rosa Salazar, Kevin Bigley, Angelique Cabral, Siddharth Dhananjay, Natasha Ofili, Lotus Blossom, Blue Chapman, Joel Steingold, Constance Marie;;https://apps.apple.com/cz/app/id6755365206<br>https://play.google.com/store/apps/details?id=cz.csfd.csfdroid<br>;Critics Choice Awards (2x)<br>;
474511;Himssen yeoja dobongsoon;2017;80.74626865671642;;https://image.pmgstatic.com/cache/resized/w420/files/images/film/posters/161/536/161536278_fa75aa.jpg;https://www.csfd.cz/film/474511-himssen-yeoja-dobongsoon/;Jižní Korea;Komedie / Romantický / Drama / Fantasy;힘쎈 여자 도봉순;Bong-soon se narodil s nadpřirozenými schopnostmi. Bojuje proti zlu za spravedlnost, zaplétá se ale také do milostného trojúhelníku se šéfovou a policistkou. (Netflix);V TV od 24.02.2017 JTBC;vyšetřování, únos, bodyguard;0.0;16.0;Hyeong-min Lee;Bo-yeong Park, Hyung-sik Park, Ji-soo Kim, Seok-ho Jeon, Jae-myeong Yoo, Won-hae Kim, Won-hee Lim, Woo-yeon Ahn, Hye-jin Shim, Seong-beom Kim;;https://www.netflix.com/title/80198001<br>https://www.netflix.com/<br>https://www.youtube.com/watch?v=8fPrlZWT83o<br>https://www.netflix.com/title/80198001<br>https://apps.apple.com/cz/app/id6755365206<br>https://play.google.com/store/apps/details?id=cz.csfd.csfdroid<br>;;
86870;Smrt soudního znalce;1983;81.06194690265487;;https://image.pmgstatic.com/cache/resized/w420/files/images/film/posters/000/029/29904_35e160.jpg;https://www.csfd.cz/film/86870-smrt-soudniho-znalce/;Velká Británie;Krimi / Drama / Mysteriózní;Death of an Expert Witness;Adam Dalgliesh rozplétá složitou síť žárlivosti, pomsty, vydírání a tajných lásek. Britský seriál, natočený podle románu P. D. Jamesové.;;vražda;0.0;7.0;Herbert Wise;Roy Marsden, Barry Foster, Geoffrey Palmer, Brenda Blethyn, Chloe Franks, John Vine, Cyril Cusack, Joy Allen, Malcolm Terris, Annabelle Lanyon;P. D. James;https://apps.apple.com/cz/app/id6755365206<br>https://play.google.com/store/apps/details?id=cz.csfd.csfdroid<br>;;
154083;Azumanga daió: The Animation;2002;81.18380062305296;;https://image.pmgstatic.com/cache/resized/w420/files/images/film/posters/168/400/168400768_2lbnlv.jpg;https://www.csfd.cz/film/154083-azumanga-daio-the-animation/;Japonsko;Animovaný / Komedie;Azumanga Daiou The Animation;"Malinká přemoudřelá Chiyo, introvertní milovníce zvířat Sakaki, trhlá hyperaktivní Tomo, pomalejší ""jiná"" Osaka, Yomi a nakonec Sakaki zbožňující Kaorin jsou spolužačkami na jedné japonské střední škole. Společně prožívají své vcelku běžné životy, ve kterých ovšem není nouze o bláznivé a veselé situace, které jsou způsobeny okolnostmi vnějšími, povahou našich kamarádek a leckdy i svéráznou a výbušnou třídní učitelkou Yukari a její kamarádkou tělocvikářkou Minami Kurosawou, řečenou Nyamo.Seriál je sestaven z kratičkých epizod, které, třebaže jsou řazeny chronologicky, nevytvářejí žádný komplexní příběh. Inu jako ve skutečném životě. Určitou odlišností proti většině ""středoškolských"" anime seriálů je absence prvních milostných vztahů s chlapci a též minimum fanservisu a ecchi prvků. Seriál vznikl podle úspěšné mangy Kiyohiko Azumy. (Subjektiv)";V TV od 08.04.2002 TV Tokyo;anime, škola;0.0;26.0;Hiroši Nišikiori, Kódži Masunari, Secugoró Tobari;Hóko Kuwašima, Juki Macuoka, Aja Hisakawa, Tomoko Kaneda, Rie Tanaka, Jú Asakawa, Čieko Higuči, Akiko Hiramacu, Norio Wakamoto, Masako Nozawa;Kijohiko Azuma;https://apps.apple.com/cz/app/id6755365206<br>https://play.google.com/store/apps/details?id=cz.csfd.csfdroid<br>;;
472170;Hwarang: Květinoví rytíři;2016;81.52173913043478;;https://image.pmgstatic.com/cache/resized/w420/files/images/film/posters/161/330/161330094_2d3654.jpg;https://www.csfd.cz/film/472170-hwarang-kvetinovi-rytiri/;Jižní Korea;Historický / Romantický / Drama;Hwarang;Elitní skupina mladých bojovníků s vynikající morálkou a uměním boje nachází lásku a přátelství v dávné době Tří království v korejské Sille. (Netflix);V TV od 19.12.2016 KBS2;;0.0;20.0;Seong-sik Yoon;Ah-ra Go, Seo-joon Park, Hyung-sik Park, Minho, Ji-han Do, Yoon-woo Jo, Da-in Lee, Ji-soo Kim, Dong-il Seong, Won-yeong Choi;;https://www.netflix.com/title/80196931<br>https://www.netflix.com/<br>https://www.netflix.com/title/80196931<br>https://apps.apple.com/cz/app/id6755365206<br>https://play.google.com/store/apps/details?id=cz.csfd.csfdroid<br>;;
1231846;Blue Lock;2022;82.03539823008849;;https://image.pmgstatic.com/cache/resized/w420/files/images/film/posters/166/620/166620206_957f4d.jpg;https://www.csfd.cz/film/1231846-blue-lock/;Japonsko;Animovaný / Akční / Drama / Sportovní;ブルーロック;;V TV od 08.10.2022 TV Asahi Corporation;přátelství, chlapec, anime, rivalita, střední škola, zranění, Japonsko, soutěž, posedlost, fotbal, trénink, trenér;3.0;50.0;Tecuaki Watanabe, Šunsuke Išikawa, Takaaki Išijama;Tasuku Kaito, Sóma Saitó, Kazuki Ura, Júki Ono, Džun'iči Suwabe, Hiroši Kamija, Šúgo Nakamura, Rjúnosuke Watanuki, Aoi Ičikawa, Šója Čiba;Munejuki Kaneširo, Júsuke Nomura;https://apps.apple.com/cz/app/id6755365206<br>https://play.google.com/store/apps/details?id=cz.csfd.csfdroid<br>;;
626065;Grand Blue;2018;82.24299065420561;;https://image.pmgstatic.com/cache/resized/w420/files/images/film/posters/162/699/162699785_nlq1ce.jpg;https://www.csfd.cz/film/626065-grand-blue/;Japonsko;Animovaný / Komedie;ぐらんぶる;Iori Kitahara je dvacetiletý muž, který se přistěhoval ke svému strýčkovi do nádherného a prosluněného města na pobřeží oceánu. Iori snil o úžasném vysokoškolském životě se spoustou krásných dívek a dobrých kamarádů, plný veselých a příjemných zážitků, ale osud si pro něj připravil něco trochu jiného... Hned první den, když poprvé otevřel dveře svého nového domova, jehož součástí je i obchod s potápěčským vybavením, tak narazil na partu bláznivých a nespoutaných vysokoškoláků, kteří se Ioriho ihned rozhodli zatáhnout do svých aktivit, zahrnujících velké množství alkoholu, šílených výzev a her. Iori se chtěl vyvléct, ale neměl šanci. Plně ponořen do víru zábavy neudělal zrovna nejlepší dojem na svou sestřenici, která se, jak už to tak bývá, objevila v nejméně vhodný okamžik a díky všemu tomu flámování ani nezazářil druhý den, při svém prvním dnu v nové škole. Iori se zkrátka proti své vůli dostal do party, která žije svůj život naplno a nespoutaně, do společnosti, kde každý den je nějaká párty nebo jiná bláznivá zábava... Podaří se mladému muži dostat ze spárů svých nových kamarádů a prožít svůj vysněný a klidný studentský život? Ale o čem ten studentský život a mládí vlastně je, když ho člověk nežije naplno? (Jeoffrey);V TV od 13.07.2018 MBS;anime, rivalita, vysoká škola, nahota, podle mangy, potápění, školní klub;3.0;36.0;Šindži Takamacu, Jošihisa Macumoto, Acuko Tonomizu;Rjóhei Kimura, Júma Učida, Čika Anzai, Kacujuki Koniši, Hiroki Jasumoto, Kana Asumi, Júko Nacujoši, Toa Jukinari, Rika Kinugawa, Taró Kiuči;Kendži Inoue, Kimitake Jošioka;https://apps.apple.com/cz/app/id6755365206<br>https://play.google.com/store/apps/details?id=cz.csfd.csfdroid<br>;;
1398392;Trochu slunce každý den;2023;83.25301204819277;;https://image.pmgstatic.com/cache/resized/w420/files/images/film/posters/168/116/168116255_6rrva8.jpg;https://www.csfd.cz/film/1398392-trochu-slunce-kazdy-den/;Jižní Korea;Drama;Daily Dose of Sunshine;Mladá zdravotní sestra se lidem, o které pečuje, snaží dodávat naději a sama obstát v náročném prostředí psychiatrické léčebny, kde se odehrává nejedno drama. (Netflix);Na VOD od 03.11.2023 Netflix;;0.0;12.0;Jae-gyu Lee;Bo-yeong Park, Woo-jin Yeon, Dong-yoon Jang, Jeong-eun Lee, Sang-hee Lee, In-soo Yoo, Seong-ha Kong, Yi-Dam Lee;;https://www.netflix.com/title/81572595<br>https://www.netflix.com/<br>https://www.netflix.com/title/81572595<br>https://www.csfd.cz/vod/netflix/<br>https://apps.apple.com/cz/app/id6755365206<br>https://play.google.com/store/apps/details?id=cz.csfd.csfdroid<br>;;
1222611;Love Between Fairy and Devil;2022;84.49612403100775;;https://image.pmgstatic.com/cache/resized/w420/files/images/film/posters/166/556/166556847_b1f2a7.jpg;https://www.csfd.cz/film/1222611-love-between-fairy-and-devil/;Čína;Fantasy / Drama;Cang lan jue;Obyčejná víla omylem vzkřísí mocného démona, jejich životy se osudově protnou a ve světě zavládne chaos. (Netflix);Na VOD od 07.08.2022 iQiYi;Xianxia;0.0;36.0;Zheng Yi, Jingwu Qian;Esther Yu, Dylan Wang, Linghe Zhang, Haiqiao Xu, Cristy Guo, Charles Lin, Yueyi Wang, Bo Peng, Yu Wei, Yi Yang;Feixiang Jiu Liu;https://www.netflix.com/title/81622849<br>https://www.netflix.com/<br>https://www.netflix.com/title/81622849<br>https://apps.apple.com/cz/app/id6755365206<br>https://play.google.com/store/apps/details?id=cz.csfd.csfdroid<br>;;
1031765;Opera;2021;84.75409836065573;;https://image.pmgstatic.com/cache/resized/w420/files/images/film/posters/165/664/165664375_ff1725.jpg;https://www.csfd.cz/film/1031765-opera/;Francie;Drama;L'Opéra;Opera Garnier v Paříži, to je balet světové úrovně... a udržet se v něm, to je boj a životní drama každého z tanečníků... Název seriálu Opera bude možná pro českého diváka trochu matoucí. Opera Garnier, podle které je seriál pojmenován, je jeden ze dvou operních domů v Paříži, které využívá Opéra national de Paris – Pařížská národní opera. Od doby, kdy byla v roce 1989 otevřena druhá scéna národní opery – Opéra Bastille, se Opéra Garnier zaměřuje hlavně na baletní představení a na klasickou operu. Balet v Opeře Garnier patří mezi světové špičky baletní scény a je metou těch nejlepších tanečníků vůbec. Díky seriálu pronikneme do tohoto baletního Olympu, kde se sny střetávají s realitou, ambice tanečníků narážejí na limity nejen těla a psychiky, ale i na požadavky a vlastní ambice choreografů a vedení Opery. Svět baletu je světem neskutečné dřiny a odříkání, ale i intrik, dramat a obrovského ega každého jednotlivce. (Česká televize);Na VOD od 20.09.2022 OCS (Série 2);;2.0;16.0;Stéphane Demoustier, Cécile Ducrocq, Laïla Marrakchi;Ariane Labed, Suzy Bemba, Raphaël Personnaz, Damien Chapelle, Mehdi Djaadi, Loris Freeman, Andrey Gorlenko, Maud Jurez, Sarah Le Picard, Sam Louwyck;;http://www.ceskatelevize.cz<br>http://www.ceskatelevize.cz<br>https://apps.apple.com/cz/app/id6755365206<br>https://play.google.com/store/apps/details?id=cz.csfd.csfdroid<br>;;
317139;Hellsing Ultimate Abridged;2010;91.71428571428571;;//static.pmgstatic.com/assets/images/050b5bad23b8eb0b4f88f971b8f6a168/empty-image.svg;https://www.csfd.cz/film/317139-hellsing-ultimate-abridged/;USA;Animovaný / Komedie;;;;anime, upíři, podle mangy;;;;Zach Hadel, Anthony Sardinha, Chris Niosi, Kira Buckland;;https://apps.apple.com/cz/app/id6755365206<br>https://play.google.com/store/apps/details?id=cz.csfd.csfdroid<br>;;
295443;Lovci zločinců;2011;79.02691511387164;;https://image.pmgstatic.com/cache/resized/w420/files/images/film/posters/164/736/164736445_5cc8f8.jpg;https://www.csfd.cz/film/295443-lovci-zlocincu/;USA;Akční / Krimi / Drama / Mysteriózní / Sci-Fi / Thriller;Person of Interest;Příběh bývalého agenta CIA, o kterém se myslelo, že je mrtev. Krátce poté, co se vrátí zpět do New Yorku, jej kontaktuje záhadný muž, který si říká Finch. Ten disponuje značným společenským postavením a zdá se, že ví víc, než říká. Na vzniku seriálu spolupracoval J. J. Abrams a na scénáři minimálně několika úvodních dílů se významně podílel Jonathan Nolan, jenž sepsal kompletně scénář k Mementu. Roli bývalého agenta ztvárnil James Caviezel (Vězeň, Umučení Krista) a tajemného Finche si zahrál Michael Emerson (Ztraceni, Saw: Hra o přežití). (Bajsf);;vražda, útěk, vrah, zrada, vězení, mafie, agenti, korupce, špioni, korporace, policejní stanice, FBI, CIA, umělá inteligence, hacker;5.0;103.0;Chris Fisher, Richard J. Lewis, Frederick E.O. Toye;Jim Caviezel, Michael Emerson, Kevin Chapman, Amy Acker, Sarah Shahi, Taraji P. Henson, John Nolan, Enrico Colantoni, Robert John Burke, Al Sapienza;;/tvurce/302752-fred-applegate/prehled/<br>https://apps.apple.com/cz/app/id6755365206<br>https://play.google.com/store/apps/details?id=cz.csfd.csfdroid<br>;The Saturn Awards (1x)<br>;
372801;Forever;2014;79.2179353493222;;https://image.pmgstatic.com/cache/resized/w420/files/images/film/posters/158/986/158986554_852115.jpg;https://www.csfd.cz/film/372801-nesmrtelny/;USA;Drama / Krimi / Fantasy / Mysteriózní / Sci-Fi;Nesmrteľný;Patolog Henry Morgan (Ioan Gruffudd) je třídou ve svém oboru. Má však velké tajemství, je mu přes 200 let. Když mu bylo 35 zemřel, ale znovu se narodil. Od té doby se vždy, když zemře, narodí znovu a nezestárne. Morbidními experimenty se snaží zjistit příčinu své nesmrtelnosti. (jh666);V TV od 22.09.2014 ABC TV Network;vražda, nesmrtelnost, patolog;0.0;22.0;Brad Anderson, John T. Kretchmer, Zetna Fuentes;Ioan Gruffudd, Alana De La Garza, Judd Hirsch, Joel David Moore, Donnie Keshawarz, Lorraine Toussaint, MacKenzie Mauzy, Burn Gorman, Cuba Gooding Jr., Hilarie Burton Morgan;;https://apps.apple.com/cz/app/id6755365206<br>https://play.google.com/store/apps/details?id=cz.csfd.csfdroid<br>;;
85944;Šest v tom;1997;79.27321668909825;;https://image.pmgstatic.com/cache/resized/w420/files/images/film/posters/168/884/168884976_0do3cg.jpg;https://www.csfd.cz/film/85944-sest-v-tom/;Velká Británie;Komedie / Drama / Romantický;Cold Feet;Lehce komediální, romantický, ale místy také vážný britský seriál navazující na svůj pilotní film Cold Feet zobrazuje hořkosladký život tří párů v Manchesteru přesně takový jaký je, se vším všudy, s láskou, nadšením, smíchem ale i nevěrou, zklamáním a pláčem. Proložený typicky britským humorem představuje divákovi svět obyčejných lidí neobyčejným a poutavým způsobem... (H34D);V TV od 11.09.2017 Independent Television;;9.0;60.0;Terry McDonough, Tim Whitby, Simon Delaney;James Nesbitt, John Thomson, Robert Bathurst, Hermione Norris, Fay Ripley, Helen Baxendale, Jacey Salles, Ceallach Spellman, Daisy Edgar-Jones, Jack Harper;;https://apps.apple.com/cz/app/id6755365206<br>https://play.google.com/store/apps/details?id=cz.csfd.csfdroid<br>;;
617607;Skandál po anglicku;2018;79.38176197836167;;https://image.pmgstatic.com/cache/resized/w420/files/images/film/posters/162/668/162668096_4e21a0.jpg;https://www.csfd.cz/film/617607-skandal-po-anglicku/;Velká Británie;Životopisný / Krimi / Drama;A Very English Scandal;"Drama ""Skandál po anglicku"" vypráví šokující skutečný příběh prvního britského politika, který kdy stanul před soudem za vražedné spiknutí. Děj se odehrává na konci šedesátých let minulého století, v době, kdy je homosexualita čerstvě dekriminalizována. Jeremy Thorpe (Hugh Grant), předseda liberální strany, který je zároveň nejmladším předsedou jakékoli britské politické strany za posledních sto let, má tajemství, jež se zoufale snaží utajit. Dokud se kolem ochomýtá jeho užvaněný bývalý milenec Norman Scott (Ben Whishaw), Thorpeova slibně se rozvíjející kariéra je v ohrožení. Nakonec vidí jen jediný způsob, jak Scotta navždy umlčet. Soudní proces s Jeremy Thorpem jednou provždy změní politiku poté, co britská veřejnost odhalí nejtemnější tajemství vládních činitelů i to, kam až jsou ochotni zajít, aby je ututlali. (HBO Europe)";;podle knihy, gay, politika;0.0;3.0;Stephen Frears;Hugh Grant, Ben Whishaw, Daniel Weyman, Fisayo Akinade, David Bamber, Naomi Battrick, Tim Chipping, Michael Culkin, Monica Dolan, Michele Dotrice;John Preston;http://www.hbo.eu<br>http://www.hbo.eu<br>https://apps.apple.com/cz/app/id6755365206<br>https://play.google.com/store/apps/details?id=cz.csfd.csfdroid<br>;Golden Globes (2x)<br>Critics Choice Awards (2x)<br>;Golden Globes (1x)<br>Critics Choice Awards (1x)<br>
340077;Hledání;2014;79.4722474977252;;https://image.pmgstatic.com/cache/resized/w420/files/images/film/posters/166/993/166993664_cba842.jpg;https://www.csfd.cz/film/340077-hledani/;USA;Komedie / Drama / Romantický;Looking;"Zbrusu nový komediální seriál z produkce HBO se točí kolem tří kamarádů třicátníků ze San Francisca, kteří objevují vzrušující a někdy až ohromující možnosti dostupné nové generaci homosexuálů. Seriál Hledání nabízí nezkreslený pohled do zákulisí životů a milostných vztahů tří blízkých přátel, gayů v současném San Franciscu. Přátelství je sice spojuje, každý z nich se však nachází v odlišné životní fázi. Patrik je devětadvacetiletý vývojář počítačových her, který se znovu pokouší najít partnera poté, co se jeho bývalý zasnoubil. Jednatřicetiletý ambiciózní umělec Augustín se rozhoduje mezi dosavadním monogamním stylem života a sdílením společné domácnosti se svým přítelem. Nejstarším členem partičky je devětatřicetiletý číšník Dom, který vykonává své povolání už hezkou řádku let, čelí střednímu věku a jeho profesní i milostné představy zůstávají stále nenaplněny. Příběhy této trojice se dramaticky proplétají a odvíjejí v době, která homosexuálům poskytuje spoustu příležitostí a práv, v níž se každý z členů pokouší najít svůj kousek štěstí a lásky. Důležitým prvkem seriálu je mix společenské pokrokovosti, nevyzpytatelnosti a sexuální otevřenosti v sanfranciské oblasti Bay Area s reálnými místy, ve kterých hlavní postavy žijí. V Hledání se seznámíme také s Domovou spolubydlící Doris, Augustínovým přítelem Frankem, Patrikovým spolupracovníkem Owenem a s objekty milostného zájmu Kevinem, Lynnem a Richiem.Seriál z originální produkce HBO Hledání se vrací s deseti zbrusu novými díly, jež nabízejí nezkreslený pohled na zkušenosti tří blízkých přátel, Patricka, Agustína a Doma, kteří žijí a milují v současném San Franciscu. V průběhu druhé řady najde Patrick v profesním i milostném životě to, co hledal. Záhy si však uvědomí, že to vlastně doopravdy není to, co potřebuje. Se svým šéfem Kevinem, který má stále stejného partnera, rozjede Patrick zběsilou aférku a při tom se pokouší zjistit, jestli můžou s Richiem zůstat přáteli. Agustín, který se od konce předchozí řady zmítá v porozchodové krizi, se rozhodne pověsit své umělecké ambice na hřebík a snaží se navázat přátelství s HIV pozitivním ""medvědem"" jménem Eddie. Dom nepřestává snít o otevření vlastní restaurace, přičemž přichází řada úspěchů i proher co se týče financí i jeho vztahu s Lynnem. Seriál i nadále zkoumá hledání štěstí a důvěrného vztahu ve věku, kdy možnosti a práva gayů nemají obdoby, na pozadí progresivní, sexuálně otevřené kultury San Francisca. (HBO Europe)";V TV od 19.01.2014 Home Box Office;láska, přátelství, přátelé, gay, sex, LGBTQ+, homosexualita, coming out;2.0;18.0;Andrew Haigh, Ryan Fleck, Joe Swanberg;Jonathan Groff, Frankie J. Alvarez, Murray Bartlett, Lauren Weedman, Russell Tovey, Raúl Castillo, Scott Bakula, O.T. Fagbenle, Daniel Franzese, Vanessa Ross;;https://www.hbomax.com/cz/en/shows/looking/d9eb25df-e3ba-4e32-b407-8e418ff9d0fe<br>http://www.hbo.eu<br>http://www.hbo.eu<br>https://www.hbomax.com/cz/en/shows/looking/d9eb25df-e3ba-4e32-b407-8e418ff9d0fe<br>http://www.hbo.com/looking#/<br>https://apps.apple.com/cz/app/id6755365206<br>https://play.google.com/store/apps/details?id=cz.csfd.csfdroid<br>;;
1464286;Červený Bedrník;1999;79.46768060836501;;https://image.pmgstatic.com/cache/resized/w420/files/images/film/posters/169/441/169441411_e76fde.jpg;https://www.csfd.cz/film/1464286-cerveny-bedrnik/;Velká Británie;Dobrodružný / Drama;The Scarlet Pimpernel;;V TV od 31.01.1999 BBC;;2.0;6.0;Simon Langton, Patrick Lau, Graham Theakston;Richard E. Grant, Julie Cox, Ron Donachie, Martin Shaw, David Fisher, Elizabeth McGovern, Zdeněk Srstka, Daniel Rous, Petra Špindlerová, James Callis;Emmuska Orczy;https://apps.apple.com/cz/app/id6755365206<br>https://play.google.com/store/apps/details?id=cz.csfd.csfdroid<br>;;
222797;Fate/Stay Night;2006;79.61009174311927;;https://image.pmgstatic.com/cache/resized/w420/files/images/film/posters/168/351/168351153_hdl0co.jpg;https://www.csfd.cz/film/222797-fate-stay-night/;Japonsko;Animovaný / Akční / Drama / Fantasy / Thriller;フェイト/ステイナイト;Jednou za deset let je vybráno sedm mágů, a právě tito „Páni“ za použití pomocníků jednotlivých řádů nazývaných „Služebníci“ se spolu střetnou o jediný Svatý Grál. Ten splní vítěznému Pánovi i jeho Služebníkovi jakékoliv přání. Služebníci jsou padlí hrdinové, kteří se po smrti stanou hrdinskými duchy. Širou Emija, jenž přežil před deseti lety velký požár, byl adoptován Kiricuguem Emijou který ho při požáru zachránil. A právě Širó se nevědomky stane jedním z Pánů tím, že si vyvolá Služebníka z řádu Saber. Spolužačka Rin Tósaková, jež si vyvolala Služebníka z řádu Archer a jež se připravovala na roli Pána plných deset let, nevidí v Širóovi soupeře, avšak zavede ho do posvátného kostela, kde Širó roli pána a všechno, co to obnáší, přijímá. Soupeřem Emiji je tím pádem i Rin… (Roby);V TV od 07.01.2006 TV Saitama;anime, škola, souboje;0.0;24.0;Júdži Jamaguči, Jošihiro Takamoto, Rjódži Fudžiwara;Ajako Kawasumi, Noriaki Sugijama, Kana Ueda, Acuko Tanaka, Džun'iči Suwabe, Jú Asakawa, Miki Itó, Šin'ičiró Miki, Tomokazu Seki, Džunko Noda;;https://apps.apple.com/cz/app/id6755365206<br>https://play.google.com/store/apps/details?id=cz.csfd.csfdroid<br>;;
141342;Noir;2001;79.70443349753694;;https://image.pmgstatic.com/cache/resized/w420/files/images/film/posters/161/724/161724416_1552a8.jpg;https://www.csfd.cz/film/141342-noir/;Japonsko;Animovaný / Akční / Drama / Mysteriózní;ノワール;Půvabnou Korsičanku Mireille Bouquet živí nikoli nezajímavé povolání: jejím denním chlebem je zabíjení lidí na zakázku a nutno podotknout, že ve svém oboru patří k těm nejlepším. Svoji zásadu pracovat vždy a za všech okolností sama je nucena porušit toho dne, kdy ji vyhledá mladičká Japonka Kirika Yumura a žádá po ní, aby jí pomohla poodhrnout roušku její tajemné minulosti: Kirika totiž trpí naprostou ztrátou paměti a jistá si je pouze a jedině svými obdivuhodnými schopnostmi zabijáka. Kirika a Mireille, jejichž osudy jsou jakýmsi záhadným způsobem značně propletené, se za kuriózních podmínek dohodnou na spolupráci a zakládají zabijácké duo „Noir“ – to ještě ale netuší, že toto jediné jméno je vtáhne do víru událostí vskutku monstrózních. Šestadvacetidílný japonský anime seriál se stal jedním z nejoceňovanějších děl tohoto žánru za rok 2001. (kiddo);V TV od 06.04.2001 TV Tokyo;anime, nájemný vrah;0.0;26.0;Kóiči Mašimo, Hidejo Jamamoto, Šin'ja Kawacura;Hóko Kuwašima, Kotono Micuiši, Tošihiko Seki, Aja Hisakawa, Hitoši Takagi, Taró Arakawa, Šinpači Cudži, Fumihiko Tačiki, Kumiko Higa, Hiroši Janaka;;https://apps.apple.com/cz/app/id6755365206<br>https://play.google.com/store/apps/details?id=cz.csfd.csfdroid<br>;;
133149;Chobits;2002;79.90726429675425;;https://image.pmgstatic.com/cache/resized/w420/files/images/film/posters/165/724/165724076_5f4ad7.jpg;https://www.csfd.cz/film/133149-chobits/;Japonsko;Animovaný / Komedie / Romantický / Sci-Fi;ちょびっツ;"Píše se dvaadvacáté století, Hidekimu Motosuwa bude zakrátko devatenáct a jeho životním snem je studium na univerzitě v Tokyu. Když se dozví, že nebyl přijat, odjíždí do Tokya na přípravnou školu. Snad všichni ve městě mají své persocony, počítače s lidským tělem, ovšem Hideki na žádný nemá peníze, i když by si jej strašně přál. popravdě řečeno, Hideki bude rád, jestli se svými příjmy přežije další týden. Když se večer vrací domů, najde mezi odpadky pohozený persocon v podobě krásné dívky. Když ji přinese domů a zapne, zjistí, že dívka nemá nainstalovaný operační systém a dostane ze sebe jenom ""Chii"".Příběh se nedá jednoduše charakterizovat, ze začátku je to lehoučká komedie, která vyvolá alespoň lehký úsměv na tváři snad každého diváka, postupem času se ale objevují záhady typu knihy ""Města bez lidí"" a někde ve dvou třetinách se nálada celého seriálu poněkud převrátí. Stále sice není nouze o humorné momenty, avšak celkový dojem má blízko k sociální kritice a k otázkám ohledně dnešního přetechnizovaného světa, které jsou velice aktuální. Na své si přijdou romantici i filozofové, ale ani diváka, který chce jen relaxovat a pobavit se, příběh nezklame. V dnešní době se většinou řadí mezi klasiku žánru. (ČSFD)";V TV od 02.04.2002 TBS / Tokyo Broadcasting System;anime, roboti, umělá inteligence, androidi;0.0;26.0;Morio Asaka, Tomoki Kobajaši, Rjó Mijata;Rie Tanaka, Tomokazu Sugita, Fumiko Orikasa, Hóko Kuwašima, Iššin Čiba, Džun'iči Suwabe, Tomokazu Seki, Júdži Ueda, Jukana, Rjóka Juzuki;Clamp;https://apps.apple.com/cz/app/id6755365206<br>https://play.google.com/store/apps/details?id=cz.csfd.csfdroid<br>;;
1171675;Lea má 7 životů;2022;80.24896265560166;;https://image.pmgstatic.com/cache/resized/w420/files/images/film/posters/166/244/166244756_0c7404.jpg;https://www.csfd.cz/film/1171675-lea-ma-7-zivotu/;Francie;Drama / Krimi / Fantasy / Mysteriózní / Thriller;Les 7 Vies de Léa;Lea objeví mrtvolu mladého muže, a když se pak sedmkrát probudí v 90. letech v těle různých lidí, pokusí se přijít jeho záhadné smrti na kloub a zachránit ho. (Netflix);Na VOD od 28.04.2022 Netflix;;0.0;7.0;Julien Despaux, Émilie Noblet;Raïka Hazanavicius, Khalil Ben Gharbia, Théo Fernandez, Anne Azoulay, Mélanie Doutey, Samuel Benchetrit, Anouar H. Smaine, Maïra Schmitt, Kelly Bellacci, Rebecca Williams;Nataël Trapp;https://www.netflix.com/title/81213803<br>https://www.netflix.com/<br>https://www.netflix.com/title/81213803<br>https://www.csfd.cz/vod/netflix/<br>https://apps.apple.com/cz/app/id6755365206<br>https://play.google.com/store/apps/details?id=cz.csfd.csfdroid<br>;;
223452;Med a čtyřlístek;2005;80.94674556213018;;https://image.pmgstatic.com/cache/resized/w420/files/images/film/posters/165/803/165803734_10f797.jpg;https://www.csfd.cz/film/223452-med-a-ctyrlistek/;Japonsko;Animovaný / Drama / Komedie / Romantický;Hačimicu to clover;Seriál Med a čtyřlístek dokonale vykresluje psychologickou povahu postav vysokoškoláků, jejich pocity i myšlenky týkající se tak silných vztahů, jako jsou přátelství a láska. Jemný smysl pro humor, jedinečný, místy surrealistický svět snů vykreslený pastelovými a vodovými barvami je pro tento seriál charakteristický.;V TV od 15.04.2005 Fuji Television;anime;2.0;36.0;Tacujuki Nagai, Kazunobu Šimizu, Jošihisa Macumoto;Haruka Kudó, Keidži Fudžiwara, Tomokazu Sugita, Júdži Ueda, Hiroši Kamija, Mikako Takahaši, Daisuke Namikawa, Kóiči Jamadera, Takeši Aono, Makoto Jasumura;Čika Umino;https://apps.apple.com/cz/app/id6755365206<br>https://play.google.com/store/apps/details?id=cz.csfd.csfdroid<br>;;
224416;Hana jori dango;2005;81.04294478527608;;https://image.pmgstatic.com/cache/resized/w420/files/images/film/posters/000/050/50120_daeb1f.jpg;https://www.csfd.cz/film/224416-hana-jori-dango/;Japonsko;Komedie / Romantický;花より男子;Makino Tsukushi je obyčejná středoškolačka, která se díky dobrým výsledkům dostala na prestižní školu pro lidi z vyšších vrstev. Všechno je v pořádku do doby, než se na škole objeví nová studentka Sakurako. Sakurako je totiž tak nešikovná, že vyklopí oběd na Domyoujiho Tsukasu, vůdce F4, čtyřčlenné bandy milionářských synků, kteří díky penězům ovládají celou školu. Tsukushi se dívky zastane a tím pro ni začne to pravé peklo. Jenže je to právě Tsukasa, kdo to nakonec zastaví. Domluví si totiž s Tsukushi rande. Celá škola žije jen vztahem chudé dívky a bohatého synka. Jenže to je proti mysli jeho matce i třem dívkám, které by chtěly získat členy F4 pro sebe. Tsukushi je navíc tajně zamilovaná do Tsukasova nejlepšího přítele Hanazawy Ruiho, který odjíždí do Francie, aby se později vrátil právě kvůli téhle dívce. (ČSFD);V TV od 21.10.2005 TBS / Tokyo Broadcasting System;;1.0;9.0;Jasuharu Išii, Osamu Katajama, Daisuke Jamamuro;Mao Inoue, Džun Macumoto, Nanako Macušima, Šóta Macuda, Šun Oguri, Cujoši Abe, Mariko Kaga, Šúgo Ošinari, Ajano, Aki Nišihara;Jóko Kamio;https://apps.apple.com/cz/app/id6755365206<br>https://play.google.com/store/apps/details?id=cz.csfd.csfdroid<br>;;
73126;In Living Color;1990;83.00469483568075;;https://image.pmgstatic.com/cache/resized/w420/files/images/film/posters/170/156/170156346_iyt4dw.jpg;https://www.csfd.cz/film/73126-in-living-color/;USA;Komedie;In Living Color;Americký komediální seriál zabývající se černošskými problémy své doby. Ukazuje komiky, parodující vše. Nic jim není svaté. Pobaví nás scénkami, rapem a různými tanci. Seriál měl premiéru 15. dubna 1990. Uvidíte slavné osobnosti, jako jsou např. Jim Carrey, David Alan Grier, Kim Wayans nebo Jamie Fox. Poslední díl byl odvysílán 19. května 1994. (reich);;;;;Paul Miller, Keenen Ivory Wayans, Fax Bahr;Keenen Ivory Wayans, Jim Carrey, Tommy Davidson, David Alan Grier, Kelly Coffield Park, Kim Wayans, Chris Rock, Shawn Wayans, Anne-Marie Johnson, Chris Carrara;;/tvurce/324409-phyllis-applegate/prehled/<br>https://apps.apple.com/cz/app/id6755365206<br>https://play.google.com/store/apps/details?id=cz.csfd.csfdroid<br>;;
244737;Tao Tao;1983;83.36734693877551;;https://image.pmgstatic.com/cache/resized/w420/files/images/film/posters/168/784/168784278_ghkjjt.jpg;https://www.csfd.cz/film/244737-tao-tao/;Čína / Japonsko / Západní Německo;Rodinný / Dobrodružný / Animovaný;Tao Tao;Lyricky ladený rozprávkový seriál pre deti o zvieratkách žijúcich v Bielom údolí. (STV);V TV od 07.10.1983 TV Osaka;;;;Tacuo Šimamura, Jukio Suzuki, Osamu Inoue;Manou Lubowski, Doris Jensen, Čisato Nakadžima, Taeko Nakaniši;;https://apps.apple.com/cz/app/id6755365206<br>https://play.google.com/store/apps/details?id=cz.csfd.csfdroid<br>;;
1223679;Holky ze zadních lavic;2022;82.76243093922652;;https://image.pmgstatic.com/cache/resized/w420/files/images/film/posters/166/565/166565338_e143d1.jpg;https://www.csfd.cz/film/1223679-holky-ze-zadnich-lavic/;Španělsko;Komedie / Drama;Las de la última fila;Jedné z nich našli rakovinu, a tak se pětice kamarádek rozhodne na nic nečekat a na tradiční společné dovolené si rozšířit obzory o věci, které vždycky chtěly zkusit. (Netflix);Na VOD od 23.09.2022 Netflix;;0.0;6.0;Daniel Sánchez Arévalo;Maria Rodríguez Soto, Javier Rey, Itsaso Arana, Godeliv Van den Brandt, Mariona Terés, Monica Miranda, Macarena García, Melina Matthews, Noa Álvarez;;https://www.netflix.com/title/81189100<br>https://www.netflix.com/<br>https://www.netflix.com/title/81189100<br>https://www.csfd.cz/vod/netflix/<br>https://apps.apple.com/cz/app/id6755365206<br>https://play.google.com/store/apps/details?id=cz.csfd.csfdroid<br>;;
1459198;Mládí na hřišti;2024;85.27272727272727;;https://image.pmgstatic.com/cache/resized/w420/files/images/film/posters/169/651/169651477_vzgj7p.jpg;https://www.csfd.cz/film/1459198-mladi-na-hristi/;Japonsko;Animovaný / Romantický / Sportovní;Ao no Hako;Taiki hraje badminton a skvělou basketbalistku Činacu vždycky zdálky obdivoval. Jednoho jarního dne je ale překvapivá změna svede nečekaně blízko k sobě. (Netflix);Na VOD od 03.10.2024 Abema TV (Série 1);;2.0;37.0;Júičiró Jano, Keiko Ojamada, Hitomi Ezoe;Reina Ueda, Šója Čiba, Akari Kitó, Čiaki Kobajaši, Júma Učida, Šógo Sakata, Anna Nagase, Asaki Juikawa, Gentoku Kumazawa, Kaori Nazuka;Kódži Miura;https://www.netflix.com/title/81663323<br>https://www.netflix.com/<br>https://www.netflix.com/title/81663323<br>https://apps.apple.com/cz/app/id6755365206<br>https://play.google.com/store/apps/details?id=cz.csfd.csfdroid<br>;;
484253;Proč? 13x proto;2017;78.75950499478157;;https://image.pmgstatic.com/cache/resized/w420/files/images/film/posters/161/469/161469791_da1bb6.jpg;https://www.csfd.cz/film/484253-proc-13x-proto/;USA;Drama / Mysteriózní;13 Reasons Why;Tajemství. Lži. Pomsta. Na Liberty High mají všichni co skrývat… A pravda už má brzo vyjít na světlo. (Netflix);Na VOD od 31.03.2017 Netflix (Série 1);podle knihy, přátelství, dívka, tajemství, rodiče, strach, gay, škola, dospívání, lež, drogy, zrada, studenti, trauma, nenávist, střední škola, naděje, soud, lesby, milostný trojúhelník, sebevražda, pocit viny, právníci, znásilnění, šikana, deprese, sexuální obtěžování, soudce, těžký úraz, sobectví;4.0;49.0;Tom McCarthy, Gregg Araki, Helen Shaver;Dylan Minnette, Katherine Langford, Christian Navarro, Alisha Boe, Brandon Flynn, Justin Prentice, Miles Heizer, Ross Butler, Devin Druid, Amy Hargreaves;Jay Asher;https://www.netflix.com/title/80117470<br>https://www.netflix.com/<br>/novinky/7708-rodicovska-rada-si-stezuje-na-studio-disney/<br>/novinky/7708-rodicovska-rada-si-stezuje-na-studio-disney/<br>/novinky/7708-rodicovska-rada-si-stezuje-na-studio-disney/<br>/novinky/7448-serial-bridgerton-je-nejvetsim-hitem-netflixu/<br>/novinky/7448-serial-bridgerton-je-nejvetsim-hitem-netflixu/<br>/novinky/7448-serial-bridgerton-je-nejvetsim-hitem-netflixu/<br>https://www.netflix.com/title/80117470<br>https://www.netflix.com/cz/title/80117470<br>https://www.csfd.cz/vod/netflix/<br>https://www.csfd.cz/vod/netflix/<br>https://www.csfd.cz/vod/netflix/<br>https://www.csfd.cz/vod/netflix/<br>https://apps.apple.com/cz/app/id6755365206<br>https://play.google.com/store/apps/details?id=cz.csfd.csfdroid<br>;Golden Globes (1x)<br>;
785031;Rod Draka;2022;78.75409836065573;;https://image.pmgstatic.com/cache/resized/w420/files/images/film/posters/166/543/166543109_14afc2.jpg;https://www.csfd.cz/film/785031-rod-draka/;USA;Akční / Fantasy / Drama / Dobrodružný;Rod Draka;Seriál, odehrávající se 200 let před událostmi Hry o trůny, zachycuje Targaryeny vládnoucí Sedmi královstvím, ale také vlastní rod na pokraji občanské války. Ještě před narozením syna šokuje král Viserys celou říši prohlášením, že jeho dcera Rhaenyra se stane nástupcem trůnu. Jakmile se narodí zdravý syn, události rychle naberou nový směr a mnozí spřádají plány, které by princezně znemožnily usednout na Železný trůn. S intrikami na obou stranách a říší na hraně zániku zažijete vzestup a pád Rodu Draka. (Magic Box);Na 4K Blu-ray od 15.02.2023 Magic Box (Série 1);podle knihy, láska, rodina, smrt, vražda, násilí, tajemství, otec, děti, matka, rodiče, město, záhady, dcera, touha, syn, útěk, zbraně, vrah, zvířata, oběť (autonehody/zločinu), gay, cestování, vzpomínky, pomsta, sourozenci, politika, manipulace, lež, intriky, sex, pronásledování, putování, sny, rivalita, nevěra, únos, zrada, souboje, vášeň, podvod, krev, mrtvola, vztahy, les, bratři, nemoc, moře, LGBTQ+, bolest, mezilidské vztahy, divočina, smutek, válka, trauma, nenávist, dilema, tragédie, naděje, zabijáci, umírání, žárlivost, sestry, gore, lesby, milostný trojúhelník, zranění, nespravedlnost, voda, rvačka, lodě, homosexualita, zoufalství, oceán, pocit viny, znásilnění, koně, vydírání, prostituce, prostitutka, král, konspirace, šlechta, milenka, rukojmí, nájemný vrah, příroda, bitva, závist, pochyby, odplata, zakázaná láska, princezna, občanská válka, nevyléčitelná nemoc, sexuální obtěžování, vnoučata, oběť (někomu/něčemu), vdova, podezření, spiknutí, královna, milenec, zajatci, bodné zbraně, pokus o vraždu, sečné zbraně, vyhrožování, požár, těžký úraz, vdovec, lítost, oheň, atentát, hrad, výčitky svědomí, moc, past, draci, rodičovství, turnaj, strýc, vyjednávání, podezření z vraždy, válečníci, Meč a magie, destrukce, sexuální násilí, námořnictvo, incest, ničení, rytíři, synovec, nevěstinec, domluvené manželství, tajná láska, bisexualita, neteř, macecha (nevlastní matka), bratranec, teta, proroctví, otčím (nevlastní otec), mateřství, nevlastní sourozenci, pokus o atentát, popáleniny, sestřenice, námořníci, pokus o znásilnění, korunovace;3.0;26.0;Miguel Sapochnik, Greg Yaitanes, Clare Kilner;Paddy Considine, Olivia Cooke, Emma D'Arcy, Matt Smith, Steve Toussaint, Eve Best, Rhys Ifans, Sonoja Mizuno, Fabien Frankel, Milly Alcock;George R.R. Martin;https://www.hbomax.com/cz/en/shows/house-of-the-dragon/c68e69d7-9317-428a-a615-cdf8fe5a2e06<br>https://sledovanitv.cz/epg/event/hbo_comedy:20260222c34d55238ff275fd03a13169bbe110ca<br>/novinky/9735-hbo-chysta-serial-ze-sveta-hry-baldur-s-gate/<br>/novinky/9735-hbo-chysta-serial-ze-sveta-hry-baldur-s-gate/<br>/novinky/9735-hbo-chysta-serial-ze-sveta-hry-baldur-s-gate/<br>https://www.hbomax.com/cz/en/shows/house-of-the-dragon/c68e69d7-9317-428a-a615-cdf8fe5a2e06<br>https://sledovanitv.cz/epg/event/hbo_comedy:20260222c34d55238ff275fd03a13169bbe110ca<br>https://www.csfd.cz/vod/hbo-max/<br>https://www.csfd.cz/vod/hbo-max/<br>https://apps.apple.com/cz/app/id6755365206<br>https://play.google.com/store/apps/details?id=cz.csfd.csfdroid<br>;Golden Globes (2x)<br>Critics Choice Awards (3x)<br>The Saturn Awards (6x)<br>;Golden Globes (1x)<br>The Saturn Awards (1x)<br>
279783;Borgiové;2011;78.97435897435898;;https://image.pmgstatic.com/cache/resized/w420/files/images/film/posters/000/364/364436_26bbcd.jpg;https://www.csfd.cz/film/279783-borgiove/;Kanada / Irsko / Maďarsko;Drama / Historický / Krimi;Borgiové - moc a vášeň;Řím roku 1492, centrum křesťanského světa, sídlo papežství. Papež měl moc korunovat krále a mohl je také koruny zbavit, měl sílu ovlivnit chod impérií. Papež Innocent VIII. umíral, církev se utápěla v korupci a papežský trůn byla výhra, kterou chtěl každý… Seriál Borgiové je ucelený nepřikrášlený portrét jednoho z nejvíce fascinujících rodů minulosti. Oscarem oceněný Jeremy Irons hraje Rodriga Borgiu - vychytralého, manipulativního patriarchu rodinného klanu, který stoupá do nejvyšších kruhů moci na pozadí renesanční Itálie. Buduje své impérium prostřednictvím korupce svaté katolické církve a nastoluje nelítostnou nadvládu síly a okázalé krutosti. Seriál začíná v době, kdy Rodrigo podplácí, kupuje si a protlačí se na cestu k papežství, stává se papežem Alexandrem VI. Po boku mu stojí jeho dva machiavelističtí synové Cesare a Juan a skandálně krásná dcera Lucrezia. Seriál se odehrává v jednom z nejvýznamnějších období historie - právě vrcholí renesance a je objevován Nový svět. Současníci Da Vinciho, Michelangela a Medicejských - Borgiové byly kontroverzní a kacířští, ani ne tak proto, že prováděli činy do té doby neslýchané, ale proto, že v tom byli lepší, než jejich nepřátelé. A přitom se dopustili prakticky každého ze seznamu hříchů a nemálo dalších sami vymysleli. (HBO Europe);;intriky, náboženství, šlechta, středověk, Itálie, církev, 15. století;3.0;29.0;Neil Jordan, Kari Skogland, John Maybury;Jeremy Irons, François Arnaud, Holliday Grainger, Peter Sullivan, Sean Harris, Joanne Whalley, Lotte Verbeek, Colm Feore, David Oakes, Gina McKee;;https://www.skyshowtime.com/cz/stream/tv/borgiove/defe3f33-57c3-3dad-853c-318771973274<br>http://www.hbo.eu<br>http://www.hbo.eu<br>https://www.skyshowtime.com/cz/stream/tv/borgiove/defe3f33-57c3-3dad-853c-318771973274<br>https://apps.apple.com/cz/app/id6755365206<br>https://play.google.com/store/apps/details?id=cz.csfd.csfdroid<br>;Golden Globes (1x)<br>;
1302693;Sedm schodů k moci;2023;79.02766798418972;;https://image.pmgstatic.com/cache/resized/w420/files/images/film/posters/167/110/167110363_80044d.jpg;https://www.csfd.cz/film/1302693-sedm-schodu-k-moci/;Česko;Drama;Stairway to Power;Příběh ženy, která uměla okouzlit, uměla si jít tvrdě za svým, milovala luxus, vlivné muže a moc. Fiktivní story dvou hlavních hrdinů je volně inspirována českým politickým prostředím po roce 2000. Sleduje životní cestu a kariérní vzestup venkovské servírky Anny Malé krok za krokem nebo, chcete-li, schůdek po schůdku, a to až do nejvyšších politických pater a ložnice ministra Tomáše Vichra... Anička Malá (Eva Podzimková) se dostane z malého města do Prahy a nastoupí jako servírka do jídelny poslanecké sněmovny. Ačkoli na začátku rozezná s bídou premiéra a o politiku se nezajímá, postupně začíná poznávat nejen její svět, ale hlavně její zákulisí. Vnímá faleš, s jakou si politici jdou před kamerami po krku, ale vzápětí spolu přátelsky popíjejí, intriky, kterými se navzájem častují, vnímá jejich osobní slabiny a postupně se učí sama jich využít na své cestě vzhůru. K tomu jí vydatně pomáhá cynický bulvární novinář Ivan Krčka (Pavel Batěk), který svými vnitřními promluvami zároveň rámuje každý díl. Postupně uzavřou tiché spojenectví, z něhož oba mají prospěch. Morálním protipólem Krčky je naopak starý poslanec Rozehnal (Luboš Veselý), bývalý disident, jehož vliv se v nové nelítostné době vytrácí. S nelibostí sleduje, jak se Anička, na začátku relativně čistá a naivní dívka, mění ve vychytralou mrchu, a snaží se ten vývoj brzdit. Aničku ale vychovává i samo prostředí. Milostný vztah s vlivným mladým lobbistou Martinem Lachmanem (Tomáš Měcháček) se ukáže být omylem, který ji kvůli nechtěnému těhotenství srazí zpět na dno, následující vztah s mladým naivním poslancem Hadrabou (Michal Dalecký) také končí neúspěšně. Až když ministr kultury Tomáš Vichr (Jiří Vyorálek) ocení její kvality a vezme si ji do svého sekretariátu na ministerstvo, začíná její cesta vzhůru k samotnému vrcholu moci. Nakonec to je ona, kdo ho přiměje, aby si úspěšně vybojoval místo premiéra, a stává se pro něj nepostradatelnou pomocnicí. Vyjednává za něj tam, kde premiér nechce být viděn, filtruje, co a kdo se k němu dostane, získává moc, která jí neáleží. A také už bez skrupulí využívá všechny benefity, které s tím souvisejí. Po strmém vzletu přichází pád Aničky i premiéra a soud, který ji viní ze zneužití pravomoci a korupce. (prima+);Na VOD od 08.02.2023 prima+;politika;0.0;8.0;Jiří Chlumský, Martin Kopp;Eva Podzimková, Jiří Vyorálek, Pavel Batěk, Tomáš Měcháček, Veronika Žilková, Jana Krausová, Michal Novotný, Michal Dalecký, Betka Stanková, Soňa Norisová;;https://www.iprima.cz/serialy/sedm-schodu-k-moci?utm_source=csfd&utm_medium=section_vod&utm_campaign=link_exchange<br>https://www.iprima.cz/serialy/sedm-schodu-k-moci?utm_source=csfd&utm_medium=section_vod&utm_campaign=link_exchange<br>https://apps.apple.com/cz/app/id6755365206<br>https://play.google.com/store/apps/details?id=cz.csfd.csfdroid<br>;;
480530;Santa Clarita Diet;2017;79.02304147465438;;https://image.pmgstatic.com/cache/resized/w420/files/images/film/posters/161/459/161459010_71c5ee.jpg;https://www.csfd.cz/film/480530-santa-clarita-diet/;USA;Komedie / Horor;Santa Clarita Diet;Bývali to obyčejní manželé, realiťáci, dokud se ona nezměnila a nezavedla je na cestu zkázy a smrti. V dobrém slova smyslu. (Netflix);Na VOD od 03.02.2017 Netflix (Série 1);rodina, vražda, zombie, kanibalismus, realitní makléř;3.0;30.0;Ruben Fleischer, Ken Kwapis, Marc Buckland;Drew Barrymore, Timothy Olyphant, Liv Hewson, Skyler Gisondo, Natalie Morales, Kaylee Bryant, Ricardo Chavira, Mary Elizabeth Ellis, Richard T. Jones, Nathan Fillion;;https://www.netflix.com/title/80095815<br>https://www.netflix.com/<br>https://www.netflix.com/title/80095815<br>https://www.csfd.cz/vod/netflix/<br>https://www.csfd.cz/vod/netflix/<br>https://www.csfd.cz/vod/netflix/<br>https://apps.apple.com/cz/app/id6755365206<br>https://play.google.com/store/apps/details?id=cz.csfd.csfdroid<br>;;
444594;Hledání Aljašky;2019;79.25407925407926;;https://image.pmgstatic.com/cache/resized/w420/files/images/film/posters/163/745/163745044_d83ebf.jpg;https://www.csfd.cz/film/444594-hledani-aljasky/;USA;Drama / Romantický;Looking for Alaska;Osmidílná seriálová adaptace úspěšného stejnojmenného románu spisovatele Johna Greena se točí kolem dospívajícího chlapce Milese 'Válečka' Haltera (Charlie Plummer), který se ve snaze dospět k hlubšímu pochopení života přihlásí na internátní školu. Tam se zamiluje do Aljašky Youngové (Kristine Frosethová) a najde si partu věrných přátel. Po nečekané tragédii se však Miles a jeho nejbližší kamarádi snaží porozumět tomu, čím si museli projít. (HBO Europe);Na VOD od 18.10.2019 Hulu;podle knihy, láska, smrt, přátelství, dívka, gay, škola, střední škola, nehoda, autonehoda, internátní škola;0.0;8.0;Sarah Adina Smith, Rachel Lee Goldenberg, Brett Haley;Kristine Froseth, Charlie Plummer, Sofia Vassilieva, Uriah Shelton, Landry Bender, Jordan Connor, Abbie Gayle, Ron Cephas Jones, Jay Lee, Timothy Simons;John Green;http://www.hbo.eu<br>http://www.hbo.eu<br>https://apps.apple.com/cz/app/id6755365206<br>https://play.google.com/store/apps/details?id=cz.csfd.csfdroid<br>;;
765289;Přiznání;2019;79.47655398037078;;https://image.pmgstatic.com/cache/resized/w420/files/images/film/posters/164/291/164291227_va5ntv.jpg;https://www.csfd.cz/film/765289-priznani/;Velká Británie;Krimi;A Confession;Šestidílná série z produkce britské ITV vychází ze skutečného kriminálního případu, který ve své době otřásl celou Británíí. V brzkých ranních hodinách v sobotu 19. března 2011 zmizela beze stopy v ulicích Swindonu v jihozápadní Anglii dvaadvacetiletá Sian O’Callaghanová, která si vyšla s kamarádkami do jednoho z klubů v centru města. Vyšetřování jejího zmizení od samého počátku vedl detektiv Stephen Fulcher. Zkušený policejní důstojník vycházel z hypotézy, že Sian se stala obětí únosu a je držena proti své vůli na neznámém místě. Jako svou prioritu si stanovil zajištění jejího bezpečného návratu k jejím blízkým a tomuto cíli podřídil všechny své kroky, čímž si způsobil nemalé problémy. Kriminální thriller, který se postupně vyvíjí v komplikované soudní drama, se vedle samotného vyšetřování a detektiva Fulchera soustředí také na nejbližší rodinné příslušníky, zasažené zločinem a klade si nelehké otázky po podstatě spravedlnosti, na něž neexistují snadné odpovědi. (Česká televize);V TV od 02.09.2019 Independent Television;podle skutečného příběhu;0.0;6.0;Paul Andrew Williams;Martin Freeman, Imelda Staunton, Siobhan Finneran, Owain Arthur, Kate Ashfield, Derek Riddell, Peter Wight, Daniel Betts, Charlie Cooper, Faye McKeever;;https://www.ceskatelevize.cz/porady/12995804753-priznani?utm_source=csfd&utm_medium=section_vod&utm_campaign=link<br>http://www.ceskatelevize.cz<br>http://www.ceskatelevize.cz<br>https://www.ceskatelevize.cz/porady/12995804753-priznani?utm_source=csfd&utm_medium=section_vod&utm_campaign=link<br>https://apps.apple.com/cz/app/id6755365206<br>https://play.google.com/store/apps/details?id=cz.csfd.csfdroid<br>;;
397092;Quarry;2016;79.57605985037407;;https://image.pmgstatic.com/cache/resized/w420/files/images/film/posters/160/980/160980792_44da1e.jpg;https://www.csfd.cz/film/397092-quarry/;USA;Krimi / Drama;Quarry;Nový seriál z produkce Cinemaxu vypráví příběh mariňáka Maca Conwaye, který se roku 1972 vrací z války ve Vietnamu a zjišťuje, že se mu doma v Memphisu všichni jeho blízcí vyhýbají a společnost ho neprávem démonizuje. Zatímco se Conway snaží vypořádat se svými zážitky z války, je vtažen do sítě vražd a korupce, která se táhne podél celé řeky Mississippi. (Cinemax);V TV od 09.09.2016 Cinemax;válečný veterán;0.0;8.0;Greg Yaitanes;Logan Marshall-Green, Peter Mullan, Jamie Hector, Skipp Sudduth, Nikki Amuka-Bird, Edoardo Ballerini, David Born, Kurt Yaeger, Marc Menchaca, Bryan Blasingame;Max Allan Collins;https://www.hbomax.com/cz/en/shows/quarry/52deb0f2-6736-4cf0-896b-4e31beaa1ce7<br>https://www.hbomax.com/cz/en/shows/quarry/52deb0f2-6736-4cf0-896b-4e31beaa1ce7<br>https://apps.apple.com/cz/app/id6755365206<br>https://play.google.com/store/apps/details?id=cz.csfd.csfdroid<br>;;
69268;Wacky Races;1968;80.15841584158416;;https://image.pmgstatic.com/cache/resized/w420/files/images/film/posters/166/243/166243314_03d88a.jpg;https://www.csfd.cz/film/69268-wacky-races/;USA;Animovaný / Rodinný / Sportovní;;Animovaný seriál z dílny autorů Hanna-Barbera o automobilovém závodě. Každý díl závodí stejných jedenáct aut v jiné lokalitě. Na startovní listině můžeme najít například upíra, pralidi, génia, gangstery nebo dokonalou a krásnou Penelope. Každý závod je plný nečekaných zvratů, protože si závodníci vypomáhají nejrůznějšími podvody a vychytávkami. (jonyyy);V TV od 14.09.1968 CBS TV Network;závody;0.0;17.0;Joseph Barbera, William Hanna, Charles Nichols;Daws Butler, Don Messick, John Stephenson, Janet Waldo, Dave Willock, Paul Winchell;;https://apps.apple.com/cz/app/id6755365206<br>https://play.google.com/store/apps/details?id=cz.csfd.csfdroid<br>;;
74951;Případy bratra Cadfaela;1994;80.31963470319634;;https://image.pmgstatic.com/cache/resized/w420/files/images/film/posters/000/075/75622_d9f458.jpg;https://www.csfd.cz/film/74951-pripady-bratra-cadfaela/;Velká Británie;Drama / Mysteriózní;Cadfael;Píše se první polovina 12.století. Zatímco evropští králové se chystají na druhou křížovou výpravu, v Anglii vypuká občanská válka vyvolaná sporem o trůn mezi Štěpánem III. a jeho sestřenicí Matyldou. Do této nejisté doby, příznačně nazvané anarchie, umístila E.Petersová svého románového hrdinu, vojenského vysloužilce, benediktina a ''středověkého detektiva'', světaznalého Cadfaela. V první epizodě objevuje Cadfael při zaopatřování obětí exekuce ''přebytečné'' tělo a pátrá po jeho původu.;V TV od 29.05.1994 Independent Television;vyšetřování, středověk, mniši;4.0;13.0;Graham Theakston, Malcolm Mowbray, Herbert Wise;Derek Jacobi, Michael Culver, Julian Firth, Terrence Hardiman, Mark Charnock, Toby Jones, Eoin McCarthy, Sean Pertwee, Ben Pullen, Natascha McElhone;Edith Pargeter;https://apps.apple.com/cz/app/id6755365206<br>https://play.google.com/store/apps/details?id=cz.csfd.csfdroid<br>;;
618176;Godfather of Harlem;2019;80.37914691943128;;https://image.pmgstatic.com/cache/resized/w420/files/images/film/posters/163/731/163731515_76de8f.jpg;https://www.csfd.cz/film/618176-godfather-of-harlem/;USA;Krimi / Drama;Godfather of Harlem;Seriál Godfather of Harlem je inšpirovaný skutočnými osobami a udalosťami. Je to príbeh o neslávne známom zločineckom bossovi menom Bumpy Johnson (držiteľ Ceny Akadémie® Forest Whitaker). Ten sa začiatkom 60. rokov vracia po desiatich rokoch z väzenia a štvrť, v ktorej kedysi vládol, nachádza v troskách. Ulice teraz ovláda talianska mafia a Bumpy musí čeliť zločineckej rodine Genoveseovcov, aby znova získal kontrolu nad štvrťou. Počas brutálnej bitky sa spojí s radikálnym kazateľom Malcolmom X (Nigél Thatch). Ten sa počas svojho politického vzostupu ocitá v centre spoločenského prevratu a vojny s mafiou, ktorá hrozí rozvrátením mesta. Godfather of Harlem znázorňuje konflikt medzi zločineckým podsvetím a hnutím za občianske práva počas jedného z najbúrlivejších období v americkej histórii. (Disney+);Na VOD od 15.01.2023 MGM+ (Season 3);násilí, politika, drogy, gangsteři, mafie, diskriminace, rasismus, CIA, protestní hnutí, heroin, cosa nostra;4.0;40.0;John Ridley, Joe Chappelle, Guillermo Navarro;Forest Whitaker, Lucy Fry, Nigél Thatch, Ilfenesh Hadera, Kelvin Harrison Jr., Antoinette Crowe-Legacy, Giancarlo Esposito, Vincent D'Onofrio, Erik LaRay Harvey, Rafi Gavron;;https://srv.tunefindforfans.com/showads/track/srvclk.php?aid=100006796&lp=https://www.disneyplus.com/en-cz/browse/entity-2848b961-64dc-495b-8954-469d87dd3fcd<br>http://disneyplus.com<br>http://disneyplus.com<br>https://srv.tunefindforfans.com/showads/track/srvclk.php?aid=100006796&lp=https://www.disneyplus.com/en-cz/browse/entity-2848b961-64dc-495b-8954-469d87dd3fcd<br>https://apps.apple.com/cz/app/id6755365206<br>https://play.google.com/store/apps/details?id=cz.csfd.csfdroid<br>;;
337627;Gugaui seo;2013;81.85022026431719;;https://image.pmgstatic.com/cache/resized/w420/files/images/film/posters/162/608/162608742_36873e.jpg;https://www.csfd.cz/film/337627-gugaui-seo/;Jižní Korea;Historický / Fantasy / Drama / Romantický;구가의 서;Dítě narozené lidské matce a mýtickému stvoření se touží stát opravdovým člověkem. Pomohou mu na cestě bojovník a lukostřelec? (Netflix);V TV od 08.04.2013 MBC (Munhwa Broadcasting Corporation);;0.0;24.0;Jeong-hyeon Kim, Woo-cheol Shin, Jung-Hyun Kim;Seong-ha Jo, Hye-yeong Jeong, Hee-won Kim, Seong-jae Lee, Seung-gi Lee, Suzy Bae, Joon Seong, Yeon-hee Lee, Jin-hyeok Choi, Kjong Džin;;https://www.netflix.com/<br>https://apps.apple.com/cz/app/id6755365206<br>https://play.google.com/store/apps/details?id=cz.csfd.csfdroid<br>;;
252432;Dark Oracle;2004;84.06015037593986;;https://image.pmgstatic.com/cache/resized/w420/files/images/film/posters/159/419/159419493_3833ec.jpg;https://www.csfd.cz/film/252432-dark-oracle/;Kanada;Sci-Fi / Animovaný;Dark Oracle;Patnáctiletá dvojčata, Cally a Lance, najdou jednoho dne zničehonic komiks, který je kupodivu upozorňuje na všelijaké věci týkající se jejich budoucnosti a věcí, které teprve mají zažít. Je to pro ně hra, která zpočátku vypadá nevinně a zábavně, ale jak pokračuje, stává se čím dál tím nebezpečnější. Předpovědi jsou stále zlověstnější a temnější, komiks pomalu dvojčata dočista pohltí a ovládne. Nakonec je odnese do děsivého, zneklidňujícího a mimořádně nebezpečného světa, odkud kdoví, je-li vůbec cesta zpátky... (TV Megamax);V TV od 02.10.2004 YTV;záhady, magie, paralelní svět;2.0;26.0;Paul Fox, Craig Pryce, Ron Murphy;Paula Brancati, Alex House, Jonathan Malen, Nathan Stephenson, Megan Park, Kristopher Turner, Sarah Gadon, Philip Riccio, Steven Yaffee, Amber Marshall;;https://apps.apple.com/cz/app/id6755365206<br>https://play.google.com/store/apps/details?id=cz.csfd.csfdroid<br>;;
125851;I'm Alan Partridge;1997;85.8;;https://image.pmgstatic.com/cache/resized/w420/files/images/film/posters/000/036/36124_f3f722.jpg;https://www.csfd.cz/film/125851-i-m-alan-partridge/;Velká Británie;Komedie;;"Alan Partridge je jednou ze slavných inkarnací populárního anglického komika Steve Coogana, známého z filmů Nonstop párty a Tristram Shandy. Alan Partridge je britský komediální seriál o televizním a rozhlasovém komentátorovi. Tedy o nejslavnějším televizním a rozhlasovém komentátorovi, alespoň podle jeho vlastního názoru. Ve skutečnosti se jedná o naprostého egomana posedlého sebou samým. Děj seriálu začíná v momentě, kdy mu zrušili jeho televizní pořad a Alan dostal ""lukrativní"" práci v rádiu Norwich. Nebyla to však jediná tragédie. Rovněž jej opustila manželka, vyhodila ho z bytu a Alan musí bydlet v hotelu. To je vlastně jednou z náplní seriálu. Alan totiž pobývá především v rádiu, v hotelu nebo se snaží získat zpět svou zašlou slávu. Právě na těchto místech a při rozhovorech s lidmi, které zde potká, se dostává (především díky své egománii) do komediálních situací, které jsou alfou i omegou celého seriálu. (perutman)";;britcom;2.0;12.0;Dominic Brigstocke, Armando Iannucci, Tristram Shapeero;Steve Coogan, Sally Phillips, Barbara Durkin, Peter Baynham, Simon Pegg, Chris Ryman, Julia Deakin, Christopher Morris, Graham Linehan, Kevin Eldon;;https://apps.apple.com/cz/app/id6755365206<br>https://play.google.com/store/apps/details?id=cz.csfd.csfdroid<br>;;
412007;Rapl;2016;78.65043981202554;;https://image.pmgstatic.com/cache/resized/w420/files/images/film/posters/163/184/163184484_e50583.jpg;https://www.csfd.cz/film/412007-rapl/;Česko;Krimi / Drama / Thriller / Akční;Rapl;Detektiv Kuneš má zase jednou problém. Zmlátí přítele své bývalé ženy a hrozí mu odchod od policie. Vysoce postavená nadřízená má pro něj ale řešení – uklidí ho na stáž do zapadlého pohraničí. Má to jen jeden háček. Jeho skutečným posláním je objasnit dva roky starou vraždu policistky Wágnerové, jejíž vyšetřování uvázlo na mrtvém bodě. Kriminalita v pohraničí je však jedna z nejvyšších v republice – pašování, výroba drog, pytláctví, prostituce, vraždy. Kuneš musí řešit jeden obtížný případ za druhým a k tomu, proč do kraje přišel, se dostává až po čase a vlastně náhodou. (Česká televize);V TV od 29.08.2016 Česká televize;vražda, policie, zbraně, vyšetřování, drogy, detektiv, hory, korupce, prostituce, pašování;2.0;26.0;Jan Pachl;Hynek Čermák, Lukáš Příkazký, Alexej Pyško, Lucie Žáčková, Tomáš Jeřábek, Jan Dolanský, Dana Černá, Jiří Vyorálek, Aneta Krejčíková, Stanislav Majer;;https://www.ceskatelevize.cz/porady/10936283306-rapl?utm_source=csfd&utm_medium=section_vod&utm_campaign=link<br>http://www.ceskatelevize.cz<br>http://www.ceskatelevize.cz<br>https://www.ceskatelevize.cz/porady/10936283306-rapl?utm_source=csfd&utm_medium=section_vod&utm_campaign=link<br>http://www.ceskatelevize.cz/porady/10936283306-rapl/<br>https://apps.apple.com/cz/app/id6755365206<br>https://play.google.com/store/apps/details?id=cz.csfd.csfdroid<br>;Český lev (1x)<br>;Ceny Asociace českých kameramanů (AČK) (1x)<br>
69850;Bídníci;2000;78.68219527760051;;https://image.pmgstatic.com/cache/resized/w420/files/images/film/posters/000/026/26528_22ad0d.jpg;https://www.csfd.cz/film/69850-bidnici/;Francie / Itálie / Španělsko / Německo;Drama / Historický / Romantický;Les Misérables;Osudy Jeana Valjeana patří mezi ty příběhy, které se nám nikdy neomrzí a které budeme vždy vděčně přijímat v nové a nové podobě. Bídníci patří mezi ty příběhy, které každá generace francouzských tvůrců pokládá za výzvu. Zatím poslední filmové zpracování vzniklo v koprodukci pěti států a najdeme pod ním podepsány tvůrce úspěšného přepisu Monte Christa: režisérku Josée Dayanovou, scenáristu Didiera Decoina a Gérarda Depardieua tedy 3D, jak toto úspěšné trio nazývá občas francouzský tisk. Pozornému divákovi neunikne, že se mnohé scény natáčely v Čechách a že se v epizodních rolích objeví i naši herci. Román Bídníci (Ubožáci) psal Victor Hugo po celá desetiletí a dokončil jej až v exilu. Příběh Jeana Valjeana, který uprchl z galejí, kam byl odsouzen za krádež chleba, koncipoval Hugo v pěti dílech. Žádný jeho román nedosáhl tak bouřlivého bezprostředního ohlasu jako právě Bídníci. Na jednotlivé svazky čekaly před jejich vydáním v Bruselu a v Paříži zástupci knihkupců a čtenářů snad ze všech čtoucích vrstev obyvatelstva. Jen v samotné Paříži jich bylo v několika dnech rozebráno na 48 000 výtisků a román byl okamžitě překládán do světových jazyků. Záhy se objevovaly i dramatizace a film počítá adaptace již na desítky. Muzikálové zpracování přitáhlo miliony diváků nejen v Evropě.;V TV od 14.01.2001 Sat.1;podle knihy, 19. století;0.0;4.0;Josée Dayan;Gérard Depardieu, Christian Clavier, John Malkovich, Virginie Ledoyen, Enrico Lo Verso, Charlotte Gainsbourg, Asia Argento, Veronica Ferres, Jeanne Moreau, Giovanna Mezzogiorno;Victor Hugo;https://apps.apple.com/cz/app/id6755365206<br>https://play.google.com/store/apps/details?id=cz.csfd.csfdroid<br>;;
69804;Chobotnice;1984;78.7372330547818;;https://image.pmgstatic.com/cache/resized/w420/files/images/film/posters/000/026/26545_b334dc.jpg;https://www.csfd.cz/film/69804-chobotnice/;Itálie / Francie / Rakousko / Španělsko;Krimi / Drama;La piovra;Policejní inspektor Corrado Cattani je přeložen na Sicílii s manželkou a dvanáctiletou dcerou Paolou. Jelikož se specializuje na mafii a s ní spojené obchodníky s drogami, jejichž transakce jsou kryty bankou a jeví se jako legální obchody, brzy se stane terčem vyhrožování. Po únosu své dcery je Cattani donucen odvolat žalobu proti hlavnímu podezřelému, a to i přes pohrdání svých kolegů. Paola se po únosu vrací v zuboženém stavu a Corrado se pouští do nemilosrdné odvety vůči zločincům.;Na DVD od 25.07.2006 KaB Music;vražda, vyšetřování, drogy, únos, mafie, znásilnění, inspektor;10.0;48.0;Luigi Perelli, Damiano Damiani, Florestano Vancini;Michele Placido, François Périer, Paul Guers, Remo Girone, Patricia Millardet, Nicole Jamet, Florinda Bolkan, Jacques Dacqmine, Cariddi McKinnon Nardulli, Barbara De Rossi;;https://apps.apple.com/cz/app/id6755365206<br>https://play.google.com/store/apps/details?id=cz.csfd.csfdroid<br>;;
231179;Afro Samurai;2007;79.08974358974359;;https://image.pmgstatic.com/cache/resized/w420/files/images/film/posters/170/890/170890950_dnkoan.jpg;https://www.csfd.cz/film/231179-afro-samurai/;Japonsko / USA;Animovaný / Akční / Drama / Fantasy;アフロサムライ;Na temnou cestu ve futuristickém feudálním Japonsku se vydává samurai prahnoucí po pomstě za vraždu svého otce, kterou na vlastní oči kdysi v mládí viděl. Ze studia Gonzo se na nás valí přehršle soubojů , krve a končetin poletujících vzduchem. Seriál částečně čerpá z RUROUNI KENUSHIN: TSUIOKUHEN a SAMURAI CHAMPLOO. (gruvacek);;anime, samurajové;0.0;5.0;Fuminori Kizaki, Jasuhiro Geši;Samuel L. Jackson, Kelly Hu, Ron Perlman, Jeff Bennett, John DiMaggio, James Arnold Taylor, Tara Strong, Yuri Lowenthal, S. Scott Bullock, Crystal Scales;Takashi Okazaki;https://apps.apple.com/cz/app/id6755365206<br>https://play.google.com/store/apps/details?id=cz.csfd.csfdroid<br>;;
305669;Another;2012;79.05555555555556;;https://image.pmgstatic.com/cache/resized/w420/files/images/film/posters/159/211/159211778_159787.jpg;https://www.csfd.cz/film/305669-another/;Japonsko;Animovaný / Horor / Thriller / Psychologický / Krimi;アナザー;"Je jako roku 1998. Do třídy přijde nový žák Sakakibara Kóiči. Necítí se zde zrovna příjemně, má pocit, že se tu děje něco zvláštního, a tak po tom svým způsobem začne pátrat; co ho nutí mít takový divný pocit? Navíc ho přitahuje tajemná, ale pohledná spolužačka Misaki Mei. A pak je tu ta osudná událost. Co se proboha v téhle třídě děje? (Zíza)";;smrt, anime, škola, panenky, loutky;0.0;12.0;Cutomu Mizušima, Tošija Šinohara, Takefumi Anzai;Acuši Abe, Nacumi Takamori, Tomoaki Maeno, Ai Nonaka, Madoka Jonezawa, Hiroaki Hirata, Genki Muro, Satomi Akesaka, Jošino Nandžó, Šin'ja Takahaši;Jukito Ajasudži;https://apps.apple.com/cz/app/id6755365206<br>https://play.google.com/store/apps/details?id=cz.csfd.csfdroid<br>;;
238389;Hurvínek vzduchoplavcem;1997;79.18003565062389;;https://image.pmgstatic.com/cache/resized/w420/files/images/film/posters/000/056/56178_17e440.jpg;https://www.csfd.cz/film/238389-hurvinek-vzduchoplavcem/;Česko;Loutkový / Rodinný;;;;žena režisérka, večerníček, loutky;0.0;7.0;Libuše Koutná;Miloš Kirschner, Helena Štáchová;;https://apps.apple.com/cz/app/id6755365206<br>https://play.google.com/store/apps/details?id=cz.csfd.csfdroid<br>;;
114855;Mistr amatér;2015;79.29236499068901;;https://image.pmgstatic.com/cache/resized/w420/files/images/film/posters/168/882/168882213_08rsfb.jpg;https://www.csfd.cz/film/114855-mistr-amater/;USA;Komedie / Drama;Master of None;Uznávaný seriál, ve kterém herec Dev a jeho dětská parťačka Denise řeší s všelijakými kamarády lásku, práci, společenské poměry a spoustu dalších věcí. (Netflix);Na VOD od 06.11.2015 Netflix (Série 1);;3.0;25.0;James Ponsoldt, Aziz Ansari, Eric Wareheim;Aziz Ansari, Eric Wareheim, Noël Wells, Lena Waithe, H. Jon Benjamin, Kelvin Yu, Alessandra Mastronardi, Shoukath Ansari, Fatima Ansari, Bobby Cannavale;;https://www.netflix.com/title/80049714<br>https://www.netflix.com/<br>https://www.netflix.com/title/80049714<br>https://www.csfd.cz/vod/netflix/<br>https://www.csfd.cz/vod/netflix/<br>https://www.csfd.cz/vod/netflix/<br>https://apps.apple.com/cz/app/id6755365206<br>https://play.google.com/store/apps/details?id=cz.csfd.csfdroid<br>;Golden Globes (2x)<br>Critics Choice Awards (3x)<br>;Golden Globes (1x)<br>Critics Choice Awards (1x)<br>
1124772;Inujaša;2000;79.35965848452508;;https://image.pmgstatic.com/cache/resized/w420/files/images/film/posters/165/937/165937311_a42d71.jpg;https://www.csfd.cz/film/1124772-inujasa/;Japonsko;Animovaný / Dobrodružný / Drama / Fantasy / Komedie / Romantický;犬夜叉;;V TV od 16.10.2000 Nippon TV;isekai;2.0;193.0;Tošija Šinohara, Micuko Kase, Kaoru Suzuki;Jošinori Sonobe, Tomohisa Asó, Hikaru Hanada, Kazuja Nakai, Rjúgo Saitó, Hidenari Ugaki, Seidži Sasaki, Takeši Aono, Rie Iwacubo, Ricuko Šimamune;Rumiko Takahaši;https://apps.apple.com/cz/app/id6755365206<br>https://play.google.com/store/apps/details?id=cz.csfd.csfdroid<br>;;
360610;Noragami;2014;79.41320293398533;;https://image.pmgstatic.com/cache/resized/w420/files/images/film/posters/159/667/159667428_bb7a69.jpg;https://www.csfd.cz/film/360610-noragami/;Japonsko;Animovaný / Akční / Fantasy / Komedie;ノラガミ;Na hranici svetov žije okolo osem miliónov bohov a ešte viac mŕtvych duší. Jedným z nich je aj chlapec Yato, ktorý je, ako inak, boh. Ak ho ľudia požiadajú o pomoc, príde a za päť yenov im splní ich prianie, aspoň to tvrdí. Jedného dňa, keď beží cez cestu, ho uvidí stredoškoláčka menom Iki Hiyori a zachráni ho pred smrťou. Sama na to pri tom doplatí, keď ju zrazí autobus. Keď sa preberie v nemocnici, je šokovaná, pretože to vyzerá tak, že ona ako jediná videla chlapca, ktorému zachránila život. No ako čoskoro zistí, záchrana bola celkom zbytočná a spôsobí jej mnohé problémy... (Chinese Ashio);V TV od 05.01.2014 Tokyo MX;láska, smrt, přátelství, přátelé, vražda, dívka, děti, anime, pomsta, zrada, souboje, studenti, nenávist, střední škola, duchové, magie, restaurace, mytologie, bezdomovectví, bohové, nesmrtelnost, reinkarnace, telepatie;2.0;25.0;Kótaró Tamura, Masaši Abe, Satoši Nakagawa;Hiroši Kamija, Maaja Učida, Júki Kadži, Aki Tojosaki, Mijuki Sawaširo, Rie Kugimija, M.A.O, Miki Itó, Nao Tójama, Misaki Kuno;Adachi Toka;https://apps.apple.com/cz/app/id6755365206<br>https://play.google.com/store/apps/details?id=cz.csfd.csfdroid<br>;;
1462193;Hotel Hazbin;2019;79.54545454545455;;https://image.pmgstatic.com/cache/resized/w420/files/images/film/posters/168/526/168526780_448dh5.png;https://www.csfd.cz/film/1462193-hotel-hazbin/;USA;Animovaný / Komedie / Drama / Fantasy / Krimi / Horor;Hazbin Hotel;Pekelné princezně Charlie Morningstarové se nedaří přesvědčit démony ani anděly, že každá duše může dojít spasení. Zazpívejte a zaklejte si spolu s touto animovanou hudební komedií o druhých šancích. (Prime Video);Na VOD od 19.01.2024 Prime Video (Série 1);muž, láska, žena, rodina, smrt, přátelství, přátelé, vražda, násilí, dívka, tajemství, otec, matka, rodiče, záhady, dcera, touha, zbraně, vrah, ženy, oběť (autonehody/zločinu), gay, vzpomínky, pomsta, sourozenci, politika, manipulace, lež, intriky, sex, sny, rivalita, drogy, zločin, zrada, souboje, vášeň, podvod, kamarádi, vztahy, LGBTQ+, bolest, mezilidské vztahy, kriminalita, smutek, trauma, nenávist, dilema, tragédie, naděje, zabijáci, žárlivost, lesby, párty, rvačka, homosexualita, zpěv, střelné zbraně, zoufalství, alkoholismus, střelba, hotel, romance, hádka, konspirace, bar, bitva, závislost, závist, pochyby, oslava, démoni, zakázaná láska, iluze, hospoda, oběť (někomu/něčemu), podezření, alkohol, spiknutí, média, noční klub, mytologie, lítost, reklama, drogový dealer, televizní studio, kanibalismus, Ďábel, pornoprůmysl, Bůh, bisexualita, něha, andělé, pokoj, bydlení, peklo, závislost na drogách, nebe, kanibalové, Satan, ubytovna, pokání;2.0;17.0;Vivienne Medrano;Erika Henningsen, Stephanie Beatriz, Jeremy Jordan, Christian Borle, Amir Talai, Keith David, James Monroe Iglehart, Michael Kovach, Maxwell Atoms, Kimiko Glenn;;https://www.amazon.com/amazonprime/<br>https://www.youtube.com/watch?v=ya0ULYpMH6Q<br>https://www.youtube.com/watch?v=TCTbmFrB4nA<br>https://apps.apple.com/cz/app/id6755365206<br>https://play.google.com/store/apps/details?id=cz.csfd.csfdroid<br>;;
362045;Kořeny;2016;79.7456279809221;;https://image.pmgstatic.com/cache/resized/w420/files/images/film/posters/160/765/160765855_b2713f.jpg;https://www.csfd.cz/film/362045-koreny/;USA;Drama / Historický;Roots;Tento nový historický seriál je adaptací slavné knihy Alexe Haleyho Kořeny a zároveň remakem význačné minisérie z roku 1977. Epická rodinná sága je portrétem amerického otroctví, sleduje osudy několika generací jednoho černošského rodu a nezlomnou vůli jeho členů přežít a zachovat odkaz předků navzdory všem útrapám. Seriál začíná u mladého Afričana jménem Kunta Kinte (Malachi Kirby), který je brutálně odvlečen z Gambie do koloniální Ameriky a prodán do otroctví. Poté vypráví příběhy několika následujících generací a přináší svědectví o důležitých událostech amerických dějin - včetně revolučních a občanských válek, povstání otroků a nakonec dosažení jejich rovnoprávnosti. (HBO Europe);;násilí, Afrika, znásilnění, otroctví;0.0;4.0;Bruce Beresford, Thomas Carter, Phillip Noyce;Malachi Kirby, Regé-Jean Page, Jonathan Rhys Meyers, Kedar Williams-Stirling, Elton LeBlanc, Laurence Fishburne, Matthew Goode, Genevieve Hannelius, Shannon Lucio, Anna Paquin;Alex Haley;http://www.hbo.eu<br>http://www.hbo.eu<br>https://apps.apple.com/cz/app/id6755365206<br>https://play.google.com/store/apps/details?id=cz.csfd.csfdroid<br>;Critics Choice Awards (4x)<br>;
101659;Bella a Sebastián;1965;80.0665557404326;;https://image.pmgstatic.com/cache/resized/w420/files/images/film/posters/160/218/160218009_1d658d.jpg;https://www.csfd.cz/film/101659-bella-a-sebastian/;Francie;Dobrodružný;Belle et Sébastien;"Příběhy malého chlapce Sebastiana a jeho fenky Belly z horské vesničky, kde bydlí mimo jiných i chlapcův dědeček. Správný poprask nastane v době, kdy mezi ""uzavřenou"" společnost vesničanů přichází pašerák drog Norbert. Nebyla by to ale chytrá Bella, kdyby něco jejímu čumáku uteklo a Sebastian si toho nevšiml...";Na DVD od 13.12.2008 Atypfilm;podle knihy, černobílý film, chlapec, psi;;;Cécile Aubry, Jean Guillaume;Mehdi El Glaoui, Edmond Beauchamp, Paloma Matta, Pierre Massimi, Charles Vanel, Louise Marleau, Claude Giraud, Harry-Max, Cécile Aubry, Maurice Poli;Cécile Aubry;https://apps.apple.com/cz/app/id6755365206<br>https://play.google.com/store/apps/details?id=cz.csfd.csfdroid<br>;;
83472;Osamělá holubice;1989;80.23866348448688;;https://image.pmgstatic.com/cache/resized/w420/files/images/film/posters/166/481/166481812_777a0f.jpg;https://www.csfd.cz/film/83472-osamela-holubice/;USA;Drama / Western;Lonesome Dove;Opravdoví kovbojové amerického Západu a jejich cesta dlouhá tisíce mil za snem o panenských pláních Montany... V malém městečku Osamělá Holubice v pustém Texasu vedou malou dobytkářskou společnost dva dlouholetí přátelé, Gus (Robert Duvall) a Woodrow (Tommy Lee Jones), kapitáni hraničáři. Po deseti letech se sem vrací jejich starý kamarád Jake (Robert Urich), a jeho vyprávění o dobytkářkém ráji – civilizací nepolíbených pastvinách Montany – se usadí jako brouk v hlavě obou mužů. Spolu s dalšími honáky, včetně jejich dlouholetého přítele a stopaře Deetse (Danny Glover), si opatří stádo dobytka a vydávají se na cestu dlouhou dva a půl tisíce mil do jejich země zaslíbené. S výpravou, nebo lépe řečeno s Jakem, cestuje také ženská ozdoba Osamělé Holubice, a to místní prostitutka Lorena (Diane Laneová), která touží po zcela jiném životě, než jaký doposud měla. Paralelně se poté odvíjí příběh nesmělého šerifa z městečka Fort Smith v Arkansasu Julye (Chris Cooper), který hledá Jakea kvůli vraždě jeho bratra. Během nepřítomnosti Julye se však jeho žena Elmíra (Glenne Headlyová) rozhodne opustit dům a vrátit se za svým prvním mužem... Čtyřdílná minisérie Osamělá Holubice získala řadu ocenění a mezi nejvýznamnější patří Zlatý glóbus za nejlepší minisérii a za mužský výkon Roberta Duvalla. Samotná literární předloha Larryho McMurtryho z roku 1986 pak získala Pulitzerovu cenu. V dalšího rolích této minisérie se také představí např. Anjelica Hustonová, Frederic Forrest nebo Steve Buscemi. (Česká televize);;podle knihy, smrt, přátelství, únos, divočina, koně, indiáni, Divoký západ, krávy, kovbojové, ranč;0.0;4.0;Simon Wincer;Robert Duvall, Tommy Lee Jones, Danny Glover, Diane Lane, Robert Urich, Frederic Forrest, D.B. Sweeney, Ricky Schroder, Anjelica Huston, Chris Cooper;Larry McMurtry;http://www.ceskatelevize.cz<br>http://www.ceskatelevize.cz<br>https://apps.apple.com/cz/app/id6755365206<br>https://play.google.com/store/apps/details?id=cz.csfd.csfdroid<br>;Golden Globes (2x)<br>;Golden Globes (2x)<br>
74942;V;1984;80.41558441558442;;https://image.pmgstatic.com/cache/resized/w420/files/images/film/posters/000/075/75628_4c0d3d.jpg;https://www.csfd.cz/film/74942-v/;USA;Sci-Fi / Akční / Dobrodružný / Thriller;V: The Final Battle;V řadách Návštěvníků z vesmíru je pár osob, kterým se postup směřující k vyhlazení lidstva vůbec nelíbí. Snaží se proto tajně navázat spolupráci s odbojem na Zemi. Hlavním představitelem této tzv. Páté kolony je mimozemšťan Martin, který pomáhá rebelům na Zemi jednak poskytováním informací o slabých místech vetřelců a také dodávkou zbraní a obleků. Návštěvníci se snaží překonverovat mysl unesených pozemských osobností tak, aby byli poslušní. Vůle doktorky Julie je ale přiliš silná a její otočení se velitelce Dianě nepovede. Do hry vstupuje nevyzpytatelný nájemný žoldák Ham Tyler (Michael Ironside), který spolupracuje s hnutím odporu. Ze spojení mimozemšťana Briana a pozemské dívky Robin se rodí Alžběta - první Hvězdné dítě. Díky testům na Alžbětě i mimozemšťanech se podaří pozemšťanům vyvinout bakterii Rudý prach, která je pro lidstvo neškodná, ale pro Návštěvníky smrtelná. Zdá se, že konec ještěrek z vesmíru je neodvratný a definitivní... (vitajak);V TV od 06.05.1984 National Broadcasting Company (NBC);mimozemšťané;0.0;3.0;Richard T. Heffron;Jane Badler, Robert Englund, Faye Grant, Thomas Hill, Michael Ironside, Andrew Prine, Marc Singer, Mickey Jones, Dick Miller, Sarah Douglas;;https://apps.apple.com/cz/app/id6755365206<br>https://play.google.com/store/apps/details?id=cz.csfd.csfdroid<br>;;The Saturn Awards (1x)<br>
157315;Džúni kokuki;2002;80.62678062678063;;https://image.pmgstatic.com/cache/resized/w420/files/images/film/posters/161/688/161688605_ff9fb5.jpg;https://www.csfd.cz/film/157315-dzuni-kokuki/;Japonsko;Animovaný / Dobrodružný / Drama / Fantasy;十二国記;Youko Nakajima je taková normální středoškolačka, snažící se žít podle představ svých rodičů. Něco s ní ale není v pořádku - často se cítí divně a je náladová. Ovšem co je zdrojem jejího neklidu nedokáže říct ani ona sama. Jednoho dne se po vyučování v její třídě objeví muž, který se představí jako Keiki, a s pokleknutím ji slíbí oddanou službu. Zdá se ale, že tahle návštěva nebude ten den jediná. Odnikud se vynoří záhadné létající příšery, které okamžitě na Youku zaútočí. Naštěstí je zde Keiki, který s nimi začne bojovat. Zmatená Youko při boji ztratí vědomí a když se probere, leží sama na břehu neznámé země s hlavou plnou útržkovitých vzpomínek. Kde je a jak se sem dostala? Jak se dostane zpět? Nezdá se jí to celé? Na všechny tyto otázky musí najít odpověď.Dvanáct království je anime seriál čerpající ze stejnojmeného souboru románů a sbírky fantasy povídek, tedy nikoli z mangy, jak je u těchto seriálů jinak běžné. Ačkoli seriál i předlohy jsou japonského původu, zřízení světa dvanácti království a bytosti, které ho obývají, stejně jako velké části děje, vycházejí převážně z čínské mytologie. Přesto nebo možná právě proto patří tento seriál k nejuznávanějším v daném žánru. (Genryuusai);V TV od 09.04.2002 NHK / Nippon Hōsō Kyōkai;anime, královna, paralelní svět, isekai;0.0;45.0;Cuneo Kobajaši, Čiaki Kon, Džun'iči Watanabe;Aja Hisakawa, Takehito Kojasu, Hóko Kuwašima, Ken'iči Suzumura, Rie Kugimija, Júdži Ueda, Hidejuki Tanaka, Džunko Noda, Kazuja Nakai, Kendži Nodžima;Fujumi Ono;https://apps.apple.com/cz/app/id6755365206<br>https://play.google.com/store/apps/details?id=cz.csfd.csfdroid<br>;;
710416;Fruits Basket;2019;82.14285714285714;;https://image.pmgstatic.com/cache/resized/w420/files/images/film/posters/163/496/163496136_8899cb.jpg;https://www.csfd.cz/film/710416-fruits-basket/;Japonsko;Animovaný / Drama / Fantasy / Komedie / Romantický;フルーツバスケット;Když dívce Tohru zemřela maminka během srážky s autem, rozhodla se, že bude žít u svého dědečka. Renovace jeho domu si však vyžádala, aby si dívka velice brzy hledala nové přístřeší. Její kamarádky a spolužačky ze střední školy mají však příliš malý dům, anebo velké množství sourozenců, a tak se dívka, která nechtěla dědečkovi přidělávat další starosti tím, že si není schopná najít přechodné ubytování, rozhodla pro bydlení ve stanu. Svůj nový domov si však postavila na soukromých pozemcích klanu Soma a velice brzy narazila na zdejší majitele. K jejímu překvapení je jedním z nich i její spolužák a idol celé školy Yuki. Když dojde jedné noci k sesuvu půdy a dívčin stan je zničen, tak jí Yukiho starší bratranec a hlava domácnosti Shigure nabídne, aby se dívka nastěhovala k nim. Pánská domácnost totiž nutně potřebuje ženskou ruku. Úklid ani vaření nejsou Shigureho ani Yukiho silnou stránkou, ale Tohru v obojím exceluje. Ubytování dívky je však pro celou Somovu domácnost dvojsečnou zbraní, a to díky tajemství, které tento klan před ostatními ukrývá. Každý člen je totiž od narození posedlý jedním ze zvířat z čínského horoskopu, a pokud dotyčného obejme příslušník opačného pohlaví, pak se v toto zvíře i na nějaký čas promění... (Jeoffrey);V TV od 06.04.2019 AT-X;anime, kouzla, podle mangy;3.0;63.0;Jošihide Ibata, Daisuke Takašima, Mamiko Sekija;Manaka Iwami, Júma Učida, Nobunaga Šimazaki, Júiči Nakamura, Maaja Sakamoto, Acumi Tanezaki, Kazujuki Okicu, Makoto Furukawa, Megumi Han, Rie Kugimija;Nacuki Takaja;https://apps.apple.com/cz/app/id6755365206<br>https://play.google.com/store/apps/details?id=cz.csfd.csfdroid<br>;;
1005205;Odd Taxi;2021;82.73809523809524;;https://image.pmgstatic.com/cache/resized/w420/files/images/film/posters/165/254/165254442_cd9e69.jpg;https://www.csfd.cz/film/1005205-odd-taxi/;Japonsko;Animovaný / Drama / Mysteriózní;オッドタクシー;"Odokawa je sarkastický taxikář, co nedávno překročil čtyřicítku, který se jen snaží žít normální život. Je to samotář, ve městě nemá žádné příbuzné, od ostatních si většinou drží odstup a místo nějakého nočního života si radši poslechne před spaním nějaké to Rakugo z magnetofonové pásky. Mezi jediné lidi, které dokáže počítat mezi své přátele, patří jeho lékař Gouriki a pak spolužák ze střední Kakihana. Poslední dobou má ale dost smůlu na hodně zvláštní zákazníky. Je tu Kabasawa, mladý student, který ze všeho nejvíc touží proslavit se virálním videem na internetu; Shirakawa, zdravotní sestra, která evidentně něco skrývá; komediální skupina Homo Sapiens, která ale nemá moc štěstí s prodeji; Dobu, místní zločinec a rváč; skupina mladých umělkyň Mystery Kiss, snažící se prorazit a stát se novými japonskými idoly a někteří další. Rozhovory s těmito podivnými cestujícími, které na první pohled nemusí působit nijak zajímavě, však pro pozorného posluchače mohou rozklíčovat tajemství zmizelé mladé studentky, které nyní rezonuje celým městem. (Jeoffrey)";V TV od 06.04.2021 TV Tokyo;láska, smrt, vražda, otec, matka, rodiče, policie, syn, zvířata, zrada, podvod, doktoři, gangsteři, gang, podle komiksu, korupce, samota, zpěvačka, sociální síť, zdravotní sestra, taxi, Tokio, komik, loterie, nespavost;0.0;13.0;Kinošita Baku, Rokusuke Okimicu;Nacuki Hanae, Kósei, Asei, Rjóhei Kimura, Moeka Koizumi, Kappei Jamaguči, Manacu Murakami, Suzuko Mimori, Riho Iida, Tomoko Murakami;Kazuja Konomoto;https://apps.apple.com/cz/app/id6755365206<br>https://play.google.com/store/apps/details?id=cz.csfd.csfdroid<br>;;
1169447;KinnPorsche;2022;83.05732484076434;;https://image.pmgstatic.com/cache/resized/w420/files/images/film/posters/166/276/166276549_f71518.jpg;https://www.csfd.cz/film/1169447-kinnporsche/;Thajsko;Akční / Komedie / Romantický;KinnPorsche: The Series La Forte;Kinn (Mile Phakphum Romsaithong), druhý syn mafiánského bosse, je přepaden a při pokusu o útěk se setkává s Porschem (Apo Nattawin Wattanagitiphat). Porsche, vysokoškolák, který pracuje na částečný úvazek v baru, vidí pronásledovaného Kinna a přijde ho zachránit poté, co mu Kinn nabídne peníze jako odměnu. Vzhledem k Porscheovým prokázaným vynikajícím bojovým schopnostem dostává nabídku stát se Kinnovým osobním bodyguardem. I když Porsche první nabídku nepřijímá, poté, co je vydírán mimo jiné Kinnovými nepřáteli, je nucen nabídku přijmout. (VeronikaT.);V TV od 02.04.2022 One 31;podle knihy, láska, rodina, zbraně, gay, hudba, únos, zrada, bratři, mafie, hudebník, hudební skladatel, Thajsko;0.0;14.0;Kongkiat Khomsiri, Pepzi Banchorn Vorasataree, Pond Krisda Witthayakhajorndet;Mile Phakphum Romsaithong, Apo Nattawin Wattanagitiphat, Bible Wichapas Sumettikul, Build Jakapan Puttha, Thanayut Thakoonauttaya, Thithinan Sanla, Songsit Roongnophakunsri, Thanavate Siriwattanagul, Ta Nannakun Pakapatpornpob, Maurizio Mistretta;;https://apps.apple.com/cz/app/id6755365206<br>https://play.google.com/store/apps/details?id=cz.csfd.csfdroid<br>;;
1417095;Shangri-La Frontier: Kusogee Hunter, Kamige ni Idoman to Su;2023;83.57142857142857;;https://image.pmgstatic.com/cache/resized/w420/files/images/film/posters/168/009/168009237_z8dmap.jpg;https://www.csfd.cz/film/1417095-shangri-la-frontier-kusogee-hunter-kamige-ni-idoman-to-su/;Japonsko;Animovaný / Akční / Dobrodružný / Komedie / Fantasy;シャングリラ・フロンティア ~クソゲーハンター、神ゲーに挑まんとす~;Rakuro Hizutome se zajímá jen o jednu věc – překonávání mizerných her na VR. Těmto chybami nabitým hrám věnuje celý svůj život a všechny by je dokázal vyřešit i ve spánku. Jednoho dne se rozhodne vyzvat sám sebe a zahrát si populární hru „Shangri-La Frontier“. Rychle však zjistí, jak je obtížná. Budou jeho odborné schopnosti stačit na odhalení jejích skrytých tajemství? (mikki089);V TV od 01.10.2023 MBS;anime, virtuální realita;3.0;62.0;Tošijuki Kubooka, Hiroki Ikešita, Mičio Fukuda;Júma Učida, Jóko Hikasa, Sajaka Senbongi, Azumi Waki, Akio Ócuka, Makoto Kóiči, Rina Hidaka, Seiičiró Jamašita, Jumiri Hanamori, Umeka Šódži;Katarina, Rjósuke Fudži;https://apps.apple.com/cz/app/id6755365206<br>https://play.google.com/store/apps/details?id=cz.csfd.csfdroid<br>;;
362370;Ping Pong The Animation;2014;85.33333333333333;;https://image.pmgstatic.com/cache/resized/w420/files/images/film/posters/161/771/161771035_lw3dob.jpg;https://www.csfd.cz/film/362370-ping-pong-the-animation/;Japonsko;Animovaný / Drama / Psychologický / Sportovní;ピンポン THE ANIMATION;Dva kamarádi Cukimoto a Hošino spolu hrávají ping pong. Zatímco Cukimoto hraje spíše z dlouhé chvíle než ze zápalu pro sport, Hošino ping pong miluje a je odhodlán vždy a za každou cenu vyhrát. Jednou si ovšem jeden z trenérů pingpongového kroužku povšimne Cukimotova nadání a rozhodne se z něj vytvořit prvotřídního hráče. S blížícím se oblastním turnajem je Cukimotův a Hošinův další zápas na spadnutí. Ovšem tentokrát nepůjde o hru čistě pro zábavu, tentokrát to budou brát vážně oba dva. (Sigurdr);V TV od 11.04.2014 Fuji Television;anime, stolní tenis;0.0;11.0;Masaaki Juasa, Eunyoung Choi, Fumihiro Ueno;Akihiko Išizumi, Ajako Kawasumi, Kendžiró Cuda, Tasuku Hatanaka, Masako Nozawa, Kóki Učijama, Júsaku Jara, Subaru Kimura, Júma Učida, Kenta Ókuma;Taijó Macumoto;https://apps.apple.com/cz/app/id6755365206<br>https://play.google.com/store/apps/details?id=cz.csfd.csfdroid<br>;;
116825;Mrtví jako já;2003;78.60536660399931;;https://image.pmgstatic.com/cache/resized/w420/files/images/film/posters/000/034/34580_626098.jpg;https://www.csfd.cz/film/116825-mrtvi-jako-ja/;USA / Kanada;Komedie / Fantasy / Drama;Dead Like Me;"Georgina dokončila studium a rodiče na ní naléhají, ať si konečně najde perspektivní zaměstnání. Netuší však, že tím jí vlastně podepíší rozsudek smrti, neboť jejich dcera umírá při svačině poté, co jí zasáhne záchodové prkýnko z vesmírné stanice. Její smrt však není zcela obyčejná, stane se totiž ""smrtkou"", to znamená, že musí sledovat skony jiných a pak jim pomáhat najít jejich další cestu. Seznamuje se se skupinou podobně vyvolených a hlavěn se svým naprosto sucharským šéfem. Musí dál žít na zemi, ale ve změněné podobě. Vrací se do svého starého zaměstnání, sleduje svou smutně působící rodinu a hlavně se věnuje onomu ""vedlejšáku"", při němž se hlavně v počátcích nevyvaruje někdy i dosti fatálních chyb... (Sandiego)";;posmrtný život;2.0;29.0;Sarah Pia Anderson, Scott Winant, David Grossman;Ellen Muth, Mandy Patinkin, Rebecca Gayheart, Callum Blue, Cynthia Stevenson, Laura Harris, Christine Willes, Britt McKillip, Peter Williams, Jasmine Guy;;https://apps.apple.com/cz/app/id6755365206<br>https://play.google.com/store/apps/details?id=cz.csfd.csfdroid<br>;The Saturn Awards (3x)<br>;
403167;Muž z Vysokého zámku;2015;78.64045864045865;;https://image.pmgstatic.com/cache/resized/w420/files/images/film/posters/169/849/169849699_bh8soc.jpg;https://www.csfd.cz/film/403167-muz-z-vysokeho-zamku/;USA;Drama / Sci-Fi / Válečný;The Man in the High Castle;Seriál Muž z Vysokého zámku natočený podle oceňovaného románu Philipa K. Dicka se zamýšlí nad tím, jaké by to bylo, kdyby 2. světovou válku prohráli Spojenci a Japonsko s Německem by ovládlo Spojené státy. (Prime Video);Na VOD od 15.01.2015 Prime Video (Série 1);podle knihy, smrt, vražda, 20. století, 2. světová válka, válka, New York, nacisté, nacismus, období 1960-1970, Německo, poprava, fašismus, partyzáni, vzpoura, Berlín, tajná policie, paralelní svět, tajná operace, Adolf Hitler, alternativní historie, San Francisco, Hitlerjugend, eugenika;4.0;40.0;David Semel, Daniel Percival, Colin Bucksey;Alexa Davalos, Rupert Evans, Luke Kleintank, DJ Qualls, Rufus Sewell, Michael Rispoli, Carsten Nørgaard, Conor Leslie, Rick Worthy, Hank Harris;Philip K. Dick;https://www.amazon.com/amazonprime/<br>/novinky/5207-amazon-zachranil-the-expanse/<br>/novinky/5207-amazon-zachranil-the-expanse/<br>/novinky/5207-amazon-zachranil-the-expanse/<br>https://apps.apple.com/cz/app/id6755365206<br>https://play.google.com/store/apps/details?id=cz.csfd.csfdroid<br>;Critics Choice Awards (1x)<br>The Saturn Awards (2x)<br>;
274888;Protiúder;2010;78.86844526218951;;https://image.pmgstatic.com/cache/resized/w420/files/images/film/posters/168/412/168412966_v4dbxg.jpg;https://www.csfd.cz/film/274888-protiuder/;Velká Británie / USA;Akční / Drama / Thriller;Strike Back;Spojenectví mezi dvěma speciálními agenty trpí zásadním rozporem – první je americký odpadlík, druhý elitní britský špión. Ovšem to jim nezabrání odvážně se pouštět do nejrůznějších krkolomných akcí. Napínavý thriller s dějem, který koresponduje s událostmi dnešní doby se soustředí na dva členy přísně tajné antiteroristické organizace, známou pod názvem Section 20: britského seržanta Michaela Stonebridge a bývalého amerického vojáka Damiena Scotta. (HBO Europe);V TV od 05.05.2010 Sky UK;podle knihy, cestování, vojáci, agenti, teroristé, špioni, speciální jednotky;8.0;76.0;Bill Eagles, M.J. Bassett, Paul Wilmshurst;Philip Winchester, Sullivan Stapleton, Michelle Lukes, Daniel MacPherson, Alin Sumarwata, Warren Brown, Robson Green, Jamie Bamber, Rhashan Stone, Varada Sethu;Chris Ryan;http://www.hbo.eu<br>http://www.hbo.eu<br>https://apps.apple.com/cz/app/id6755365206<br>https://play.google.com/store/apps/details?id=cz.csfd.csfdroid<br>;;
274829;Mildred Pierceová;2011;78.87130801687763;;https://image.pmgstatic.com/cache/resized/w420/files/images/film/posters/170/959/170959713_w7rxwe.png;https://www.csfd.cz/film/274829-mildred-pierceova/;USA;Drama;Mildred Pierceová;Nejnovější miniseriál z produkce HBO představuje Mildred Pierceovou, hlavní postavu úspěšného románu Jamese M. Caina z roku 1941, který pojednává o hrdosti a cti americké střední třídy. Hlavní roli ztvárnila hvězdná Kate Winsletová, držitelka Oscara za film Předčítač. Spoluautorem scénáře a režisérem je uznávaný filmař Todd Haynes (nominovaný na Oscara za nejlepší scénář k snímku Daleko do nebe). Pětidílné drama vypráví příběh neobyčejné, nezávislé ženy, která se v nelehkém období Velké hospodářské krize 30. let, čerstvě rozvedená, snaží znovu najít štěstí pro sebe i svou rodinu. Drama sleduje Mildrediny spletité vztahy, její přehnanou starostlivost o sobeckou dceru i peripetie s vesměs netečnými a línými muži jejího života, jako je milenec Monty Beragon (Guy Pearce), nebo ex-manžel Bert Pierce (Brían F. O’Byrne).Část 1. Glendale, California, 1931. Mildred Pierceová, mladá matka s talentem na pečení, se stává slaměnou vdovou poté co vyhodila manžela Berta z domu. Nyní si musí najít práci, aby uživila sebe a své dvě dcery, jedenáctiletou Vedu a sedmiletou Ray. V pracovní agentuře mají pouze nabídky, které jí připadají pod úroveň, a tak hledá dál. Její kamarádka a sousedka jí mezitím udílí rady ohledně randění, načež si Mildred začne nečekaný románek s bývalým obchodním partnerem svého manžela Wally Burganem. Když Mildred zavolají z agentury a nabídnou jí práci hospodyně v zámožné rodině, zdráhavě souhlasí se schůzkou. Poté co rychle ukončí velmi jízlivý pohovor, hledá Mildred útočiště v místním bistru Cristofor’s Café. A právě zde, s pomocí servírky Idy zasáhne osud…Část 2. 1931. Mildrediny vyhlídky na podnikatelský úspěch se zlepší, když začne prodávat své domácí koláče v bistru, kde se seznámila s Idou. Wally Burgan, Bertův bývalý obchodní partner, jí pomůže najít perfektní místo, kde by si mohla otevřít vlastní koláčovo-kuřecí restauraci, Mildred má však obavy, že kvůli zkrachovalému manželství bude problém s financováním. Rozvod proběhne v přátelském duchu a Mildred se stává majitelkou restaurace. Jenže všechno nemůže být růžové, vztah s předčasně dospělou dcerou Vedou je napjatý. Poslední den v bistru se Mildred impulzivně rozhodne odjet na dovolenou s pohledným zákazníkem Monty Beragonem do Santa Barbary. Její štěstí má však krátké trvání, když se dvojice vrátí domů, dojde k tragédii…Část 3. 1931-1933. Aby se vzpamatovala z nevýslovné tragédie, pracuje Mildred ještě usilovněji na přípravách k otevření své restaurace. Po pomalém startu se restaurace rozjíždí, kapacita se naplňuje a Mildred s radostí uvítá bývalou kolegyni, servírku Idu, která jí pomáhá zvládnout nápor. Mezi hosty je také Monty, který svým uhlazeným vystupováním udělá silný dojem na Mildredinu dceru Vedu. Monty navrhuje Mildred, aby našla Vedě nového učitele klavíru, Mildred si však nemůže dovolit koupit nové piano, protože kvůli zrušení prohibice chce přidat do restaurace bar. Vedina rozmrzelost roste a Mildred začíná rozčilovat Montyho lenost a extravagantní životní styl, což vyvrcholí v emotivní novoroční konfrontaci...Část 4. O čtyři roky později, 1937-1938. Mildred rozšířila své podnikání o restauraci v Beverly Hills. Se svou nejlepší kamarádkou a obchodní partnerkou Lucy nyní obhlíží Laguna Beach, kde by mohla být nová pobřežní restaurace specializovaná na mořské plody a steaky. Jenže Mildredin podnikatelský úspěch je vykoupen stále se prohlubující krizí ve vztahu s Vedou. Ta si zoufá, protože její dlouholetý učitel klavíru zemřel a jeho potencionální náhradník, známý dirigent Carlo Treviso, ji odmítá učit. A Veda končí ve společnosti povaleče Sammyho Forrestera, jehož matka šokuje Mildred svým tvrzením o jejích dětech. Následuje emotivní hádka s Vedou, během níž jí Mildred vztekle vyhodí z domu. Po několika měsících, co spolu ty dvě nepromluví ani slovo, poví Bert Mildred o Vedině úspěchu coby zpěvačce v rádiu. Při poslechu Vedina zpěvu Mildred zabolí, že se tak odcizily a rozhodne se získat svou dceru zpět.Část 5.1938-1940. Mildred se znovu dává dohromady s Montym, který je štěstím bez sebe, že jeho bohatá milenka koupí rodinné sídlo v Pasadeně. Sblížit s Vedou se však Mildred nedaří. Její dcera si ale vede dobře, coby koloraturní sopranistka pracuje nyní pod vedením Carla Trevisy a má také nového manažera. Při příležitosti svatby s Montym se Mildred s dcerou jakž takž usmíří, ale všechno v pořádku není. Díky finanční rozmařilosti skončí Mildred v bezvýchodné situaci, restaurace Laguna krachuje a neloajální Wally hrozí, že podnikne právní kroky ve prospěch věřitelů. Přesvědčována Bertem, aby požádala o půjčku jejich úspěšnou dceru, se Mildred vrací domů a tam učiní šokující odhalení, které změní její život navždy… (HBO Europe);V TV od 27.03.2011 Home Box Office;podle knihy, 20. století, období 1930-1940;0.0;5.0;Todd Haynes;Kate Winslet, Brían F. O'Byrne, Melissa Leo, James Le Gros, Mare Winningham, Marin Ireland, Murphy Guyer, Guy Pearce, Evan Rachel Wood, Elvy Yost;James M. Cain;https://www.hbomax.com/cz/en/shows/mildred-pierce/ff8bbd5f-03bd-4583-a503-a1b61201e4f9<br>http://www.hbo.eu<br>http://www.hbo.eu<br>https://www.hbomax.com/cz/en/shows/mildred-pierce/ff8bbd5f-03bd-4583-a503-a1b61201e4f9<br>http://www.hbo.com/mildred-pierce/<br>https://apps.apple.com/cz/app/id6755365206<br>https://play.google.com/store/apps/details?id=cz.csfd.csfdroid<br>;Golden Globes (3x)<br>;Golden Globes (1x)<br>
135342;Arrested Development;2003;79.25176946410515;;https://image.pmgstatic.com/cache/resized/w420/files/images/film/posters/158/301/158301638_1175e3.jpg;https://www.csfd.cz/film/135342-arrested-development/;USA;Komedie;;George Bluth Sr. (Jeffrey Tambor), hlava rodiny, zakladatel a bývalý výkonný ředitel Bluth Company, která buduje malá sídla a obchoduje s nimi, je zatčený pro finanční podvody. Jeho manželka Lucille (Jessica Walter) se stává výkonnou ředitelkou společnosti, a do funkce prezidenta jmenuje svého nejmladšího syna Bustera (Tony Hale). Ten není pro funkci kompetentní, a tak se rodina obrací na Michaela (Jason Bateman), prostředního syna a dvojče jediné Bluthovic dcery Lindsay (Portia de Rossi). Ten se funkce ujme, a aby dysfunkční rodinu udržel pohromadě, přesvědčí Michael svého syna (Michael Cera) a rodinu sestry (David Cross, Alia Shawkat), aby společně bydleli v jednom z modelových domů Bluth Company.Taková je výchozí situace pro sitcom, který si za pouhé tři roky svého trvání stačil vybudovat status kultu, a získal šest cen Emmy a jeden Zlatý glóbus. (Tom Riddle);V TV od 02.11.2003 Fox Network;sitcom;5.0;84.0;Mitchell Hurwitz, Joe Russo, Anthony Russo;Jason Bateman, Portia de Rossi, Will Arnett, Michael Cera, Alia Shawkat, David Cross, Jeffrey Tambor, Jessica Walter, Armie Hammer, Ron Howard;;https://www.csfd.cz/vod/netflix/<br>https://www.csfd.cz/vod/netflix/<br>https://apps.apple.com/cz/app/id6755365206<br>https://play.google.com/store/apps/details?id=cz.csfd.csfdroid<br>;Golden Globes (3x)<br>;Golden Globes (1x)<br>
222796;Ergo Proxy;2006;79.28980526918672;;https://image.pmgstatic.com/cache/resized/w420/files/images/film/posters/164/496/164496801_551f64.jpg;https://www.csfd.cz/film/222796-ergo-proxy/;Japonsko;Animovaný / Drama / Sci-Fi / Psychologický / Mysteriózní;エルゴプラクシー;Budoucnost... Lidé žijí ve velkých městech, schovaných po bílými kopulemi a s robotickými pomocníky, tzv. Autoravy po boku. Re-L Mayerová je tajná agentka, která se stará o likvidaci Autoravů, kteří se pokazí. Její cestu však jednoho dne zkříží tajemná vysoká postava - Proxy. Re-L se rozhodne vypátrat, co je Proxy zač, a v tomto úkolu ji pomáhá nesmělý ruský imigrant Vincent Law, o něhož Proxy evidentně jeví zájem. (Skejpr);V TV od 25.02.2006 WOWOW;anime, umělá inteligence, kyberpunk;0.0;23.0;Šuko Murase, Sajo Jamamoto, Kei Cunemacu;Rie Saitó, Kódži Jusa, Akiko Jadžima, Jóko Sómi, Ai Kobajaši, Akio Ócuka, Acuko Tanaka, Bin Šimada, Hóko Kuwašima, Hiroši Kamija;;https://apps.apple.com/cz/app/id6755365206<br>https://play.google.com/store/apps/details?id=cz.csfd.csfdroid<br>;;
373741;Red Band Society;2014;79.54954954954955;;https://image.pmgstatic.com/cache/resized/w420/files/images/film/posters/158/981/158981101_ecbe9d.jpg;https://www.csfd.cz/film/373741-red-band-society/;USA;Drama / Komedie;;Skupina teenagerů na dětském oddělení nemocnice Ocean Park v Los Angeles nachází jeden v druhém útěchu. Šestnáctiletý Jordi (Nolan Sotillo), narozený v Mexiku, překročil hranice kvůli léčbě. Jeho spolubydlící Leo (Charlie Rowe), který je přes rok v nemocnici, začíná ztrácet směr. Cystická fibróza přiměje Leova nejlepšího přítele Dashe (Astro) žít každý den, jako by byl jeho poslední. Emma (Ciara Bravo), ​​Leova občasná přítelkyně, má poruchu příjmu potravy. Kara (Zoe Levin) je roztleskávačka se srdečním problémem a jejímu spolubydlícímu Charliemu (Griffin Gluck) je 12 let a je v kómatu. Dr. Jack McAndrew (Dave Annable) a sestry Jackson (Octavia Spencer) a Dobler (Rebecca Rittenhouse) tvoří svůj lékařský tým. (FunDinDung);V TV od 17.09.2014 Fox Network;mládež, dospívání, nemocnice, rakovina;0.0;13.0;Alfonso Gomez-Rejon, Jason Ensler, Tricia Brock;Octavia Spencer, Dave Annable, Astro, Zoe Levin, Rebecca Rittenhouse, Griffin Dunne, Ciara Bravo, Thomas Ian Nicholas, Nolan Sotillo, Charlie Rowe;;https://apps.apple.com/cz/app/id6755365206<br>https://play.google.com/store/apps/details?id=cz.csfd.csfdroid<br>;;
810016;Zločin na statku;2020;79.56723338485317;;https://image.pmgstatic.com/cache/resized/w420/files/images/film/posters/167/291/167291297_81330d.jpg;https://www.csfd.cz/film/810016-zlocin-na-statku/;Velká Británie;Krimi;Zločin na statku;Před více než třiceti lety byly na odlehlé farmě zavražděny tři generace jedné rodiny. Podle prvních důkazů byla viníkem dcera, která v minulosti trpěla duševní chorobou, ale jeden z detektivů se s tím odmítl smířit a pustil se do podrobnějšího vyšetřování. Jeho odhodlání odhalilo nové důkazy, které vrhly podezření na syna, jediného žijícího člena nejbližší rodiny, který byl následně odsouzen k doživotnímu trestu odnětí svobody. Jedná se o zdramatizovaný skutečný kriminální příběh, který na základě rozsáhlého pátrání, rozhovorů a publikovaných svědectví zkoumá záhadu, jež se v onen osudný den stala, a je o to kontroverznější, že syn dodnes tvrdí, že je nevinný. (Viasat);V TV od 08.01.2020 Independent Television;rodina, smrt, vražda, násilí, tajemství, policie, záhady, vyšetřování, vrah, pátrání, venkov, podle skutečného příběhu, detektiv, farma, inspektor, masový vrah;0.0;6.0;Paul Whittington;Scott Reid, Amanda Burton, Maimie McCoy, Jack Shalloo, Oliver Zetterström, Stewart Scudamore, Mark Addy, Alfie Allen, Cressida Bonas, Alexa Davies;;https://apps.apple.com/cz/app/id6755365206<br>https://play.google.com/store/apps/details?id=cz.csfd.csfdroid<br>;;
836001;Já, Victor;2020;79.65299684542587;;https://image.pmgstatic.com/cache/resized/w420/files/images/film/posters/165/829/165829161_7d54cb.jpg;https://www.csfd.cz/film/836001-ja-victor/;USA;Komedie / Drama / Romantický;Love, Victor;Seriál sleduje nového studenta střední školy Creekwood Victora na jeho vlastní cestě sebepoznání, kdy čelí problémům doma, přizpůsobuje se novému městu a bojuje se svou sexuální orientací. Když se mu zdá, že je toho na něj příliš, obrátí se na Simona, aby mu pomohl zvládnout vzestupy a pády střední školy. (Disney+);Na VOD od 15.06.2022 Hulu (Série 3);láska, rodina, přátelství, přátelé, chlapec, gay, škola, sourozenci, rivalita, učitel, bratři, studenti, střední škola, šikana, coming out, basketbal;3.0;28.0;Jaime Eliezer Karas, Amy York Rubin, Jason Ensler;Michael Cimino, Rachel Hilson, Anthony Turpel, Bebe Wood, Mason Gooding, George Sear, Isabella Ferreira, Mateo Fernandez, James Martinez, Ana Ortiz;Becky Albertalli;https://srv.tunefindforfans.com/showads/track/srvclk.php?aid=100006796&lp=https://www.disneyplus.com/en-cz/browse/entity-3cb4c446-d459-41a2-97d2-2ea9ed164ab7<br>http://disneyplus.com<br>https://srv.tunefindforfans.com/showads/track/srvclk.php?aid=100006796&lp=https://www.disneyplus.com/en-cz/browse/entity-3cb4c446-d459-41a2-97d2-2ea9ed164ab7<br>https://apps.apple.com/cz/app/id6755365206<br>https://play.google.com/store/apps/details?id=cz.csfd.csfdroid<br>;;
352352;Log Horizon;2013;79.6964586846543;;https://image.pmgstatic.com/cache/resized/w420/files/images/film/posters/169/144/169144865_bja9qe.jpg;https://www.csfd.cz/film/352352-log-horizon/;Japonsko;Animovaný / Dobrodružný / Fantasy / Komedie / Sci-Fi;ログ・ホライズン;Uvízli ve fantasy hře Elder Tales ve chvíli, kdy byl instalován rozšiřující balíček, a je jich třicet tisíc. Co teď? Mezi nimi je i vysokoškolák Široe, který se po této „Apokalypse“ spojí se starými známými. Společně budou muset přijít na to, jak v takovém světě žít a přežít, ačkoliv není možné, aby někdo zemřel… (Zíza);V TV od 05.10.2013 NHK / Nippon Hōsō Kyōkai;anime, hrdina, virtuální realita, isekai;3.0;62.0;Šindži Išihira, Keniči Maedžima, Osamu Jamasaki;Takuma Terašima, Jumi Hara, Nobuhiko Okamoto, Misaki Kuno, Ajahi Takagaki, Tecuja Kakihara, Emiri Kató, Hisako Kanemoto, Tomoaki Maeno, Júiči Nakamura;Mamare Tóno;https://apps.apple.com/cz/app/id6755365206<br>https://play.google.com/store/apps/details?id=cz.csfd.csfdroid<br>;;
403345;Catastrophe;2015;80.09009009009009;;https://image.pmgstatic.com/cache/resized/w420/files/images/film/posters/159/980/159980973_8369a9.jpg;https://www.csfd.cz/film/403345-catastrophe/;Velká Británie;Komedie;;Američanovi Robu Norrisovi se podaří během krátké společné známosti a 25 spontánních milostných aktů přivést Irku Sharon Morrisovou do jiného, požehnaného stavu. Když se Rob tuto novinu dozví, rozhodne se, že sedne do letadla směr Londýn a postaví se této výzvě čelem. O tom, že se tento pár společně řítí do jedné katastrofy za druhou, napovídá už název této nové, velmi ceněné a úspěšné komediální série, kterou napsala ústřední dvojice Rob Delaney a Sharon Horgan. (geklon);V TV od 19.01.2015 Channel 4;sitcom;4.0;24.0;Ben Taylor, Jim O'Hanlon;Sharon Horgan, Rob Delaney, Carrie Fisher, Ashley Jensen, Jonathan Forbes, Tobias Menzies, Daniel Lapaine, Sam Spruell, Deborah Rosan, Mark Bonnar;;https://apps.apple.com/cz/app/id6755365206<br>https://play.google.com/store/apps/details?id=cz.csfd.csfdroid<br>;Critics Choice Awards (2x)<br>;
424484;Hnědá rodina;2016;80.20050125313283;;https://image.pmgstatic.com/cache/resized/w420/files/images/film/posters/162/583/162583552_4b05d3.jpg;https://www.csfd.cz/film/424484-hneda-rodina/;Německo;Komedie / Drama;Familie Braun;Krátkometrážní protirasistický sitcom Maurice Hübnera o dvou neonacistech, jejichž hnědý hajlující svět obrátí vzhůru nohama příchod šestileté Lary, která je dcerou jednoho z nich a má snědou pleť. Jak dítěti vysvětlit, že Hitler nepatří na školní besídky, když máte jeho portrét nad postelí? Dívenka nutí přesvědčené xenofoby nahlížet z druhé strany na jejich nenávistnou ideologii, do které se ukryli i ve strachu před sebou samými. (Česká televize);;otec, strach, syn, černý humor, nacisté, rasismus, sitcom, spolubydlící, neonacismus;0.0;8.0;Maurice Hübner;Edin Hasanović, Vincent Krüger, Nomie Laine Tucker, Stephan Grossmann, Karmela Shako, Marios Gavrilis, Sina Tkotsch, Jonathan Gyles, Erkan Acar, Leopold Ferdinand Schill;;http://www.ceskatelevize.cz<br>http://www.ceskatelevize.cz<br>https://apps.apple.com/cz/app/id6755365206<br>https://play.google.com/store/apps/details?id=cz.csfd.csfdroid<br>;;
598417;Vagabond;2019;80.3157894736842;;https://image.pmgstatic.com/cache/resized/w420/files/images/film/posters/163/806/163806273_f137c1.jpg;https://www.csfd.cz/film/598417-vagabond/;Jižní Korea;Thriller / Akční / Drama / Romantický;Baegabondeu;Kaskadérovi Cha Dal-geonovi zahyne při havárii letadla synovec. S pomocí tajné agentky Go Hae-ri se pokusí přijít pravdě na kloub. (Netflix);V TV od 20.09.2019 SBS (Seoul Broadcasting System);vyšetřování, prezident, letecká nehoda;0.0;16.0;In-sik Yoo;Seung-gi Lee, Suzy Bae, Seong-rok Shin, Min-jong Kim, Jeong-hee Moon, Yoon-shik Baek, Kyeong-yeong Lee, Seong-geun Moon, Won Ryoo, Bo-ra Hwang;;https://www.netflix.com/title/81095101<br>https://www.netflix.com/<br>https://www.netflix.com/title/81095101<br>https://apps.apple.com/cz/app/id6755365206<br>https://play.google.com/store/apps/details?id=cz.csfd.csfdroid<br>;;
779750;Směr nebe;2021;81.285140562249;;https://image.pmgstatic.com/cache/resized/w420/files/images/film/posters/165/329/165329052_5295ba.jpg;https://www.csfd.cz/film/779750-smer-nebe/;Jižní Korea;Drama;Mubeu tu hebeun;Muž s Aspergerovým syndromem a jeho strýc propuštěný z vězení vyklízejí věci po zemřelých lidech. Z nich se dozvídají jejich příběhy, které vyprávějí pozůstalým. (Netflix);Na VOD od 14.05.2021 Netflix;smrt, Aspergerův syndrom;0.0;10.0;Seong-ho Kim;Joon-sang Tang, Jae-wook Lee, Seung-hee Hong, Jin-hee Ji, Je-hoon Lee, Jin-gi Hong, Hee-jin Choi, Doh-Yon Kim, Soo-young Choi, So Hyun Shin;;https://www.netflix.com/title/80990381<br>https://www.netflix.com/<br>https://www.netflix.com/title/80990381<br>https://www.csfd.cz/vod/netflix/<br>https://apps.apple.com/cz/app/id6755365206<br>https://play.google.com/store/apps/details?id=cz.csfd.csfdroid<br>;;
747995;Nově psané dějiny;2019;81.60714285714286;;https://image.pmgstatic.com/cache/resized/w420/files/images/film/posters/163/621/163621195_629652.jpg;https://www.csfd.cz/film/747995-nove-psane-dejiny/;Jižní Korea;Drama / Historický / Romantický;Sinibsagwan guhaeryeong;Svobodomyslná Goo Hae-ryung se dozví o místu, které vláda vyhradila pro znalkyně historie. Začne díky tomu nový život jako učená dáma u dvora dynastie Čoson. (Netflix);V TV od 17.07.2017 MBC (Munhwa Broadcasting Corporation);;0.0;20.0;Il-soo Kang, Hyeon-hee Han;Se-kyung Shin, Eun-woo Cha, Ji-hoon Lee, Gi-woong Park, Ji-hyun Park, Deok-moon Choi, Jeong-hwan Kong, Min-sang Kim, Kang Hoon, Ji-roo Seong;;https://www.netflix.com/title/81116487<br>https://www.netflix.com/<br>https://www.netflix.com/title/81116487<br>https://apps.apple.com/cz/app/id6755365206<br>https://play.google.com/store/apps/details?id=cz.csfd.csfdroid<br>;;
406681;Kfulim;2015;82.45810055865921;;https://image.pmgstatic.com/cache/resized/w420/files/images/film/posters/160/891/160891084_edbcaf.jpg;https://www.csfd.cz/film/406681-kfulim/;Izrael;Drama / Thriller;כפולים;Během tajné návštěvy Moskvy je přímo z hotelového pokoje unesen íránský ministr obrany. Média po celém světě zveřejnila videozáznam, na kterém je vidět průběh akce. Známá je i identita pěti únosců, pěti občanů státu Izrael, kteří mají dvojí občanství. Z akce je obviněn Mossad a všichni se logicky domnívají, že pět únosců je samozřejmě jeho agenty. Problémem však je, že oněch pět občanů vůbec o ničem neví a o své slavné akci se dozvídají z televize či od svých stejně překvapených rodin. (Ketri);;armáda, teroristé, špioni, tajná organizace;3.0;26.0;Oded Ruskin;Angel Bonanni, Moris Cohen, Miki Leon, Sergey Bukhman, Hanna Azoulay Hasfari, Hani Furstenberg, Yousef 'Joe' Sweid, Yoram Toledano, Yiftach Klein, Lihi Kornowski;;https://apps.apple.com/cz/app/id6755365206<br>https://play.google.com/store/apps/details?id=cz.csfd.csfdroid<br>;;
