idCsfd;sTitle;iYear;iRating;iRuntime;urlPoster;urlCsfd;sCountry;sGenre;sTitle_EN;sStory;sCopyright;sTags;sDirector;sActor;sPlatforms;sNominated;sWinner;sAuthor
1248;Terminátor 2: Den zúčtování;1991;91.03375929811178;137.0;https://image.pmgstatic.com/cache/resized/w420/files/images/film/posters/162/030/162030421_a857c2.jpg;https://www.csfd.cz/film/1248-terminator-2-den-zuctovani/;USA / Francie;Akční / Sci-Fi / Thriller;Terminátor 2: Soudný den;Deset let po neúspěšném pokusu zabít Sarah Connorovou, matku budoucího vůdce lidstva ve válce proti strojům, se do Los Angeles vrací z budoucnosti nový Terminátor, typ T-1000, aby zlikvidoval už narozeného Johna Connora. Dospělý Connor v roce 2029 na svoji ochranu posílá do minulosti druhého terminátora T-800. Oba stroje nezávisle na sobě pátrají po malém Johnovi. Chlapec zjišťuje, že T-800 je naprogramován na jeho ochranu a s jeho pomocí osvobodí svou matku z psychiatrického ústavu, kde je léčena z údajné schizofrenie. T-800 oběma vysvětluje, co přinese budoucnost. Tu je však možné změnit...a při tom všem hrdiny stíhá nemilosrdný a zřejmě nezničitelný T-1000.;03.07.1991 TriStar Pictures;policie, strach, syn, útěk, zbraně, postapokalyptická budoucnost, roboti, cestování časem, motorky, Los Angeles, psychiatrická léčebna, automobilová honička, umělá inteligence, zbraně hromadného ničení, androidi, nákupní centrum, nadvláda počítačů;James Cameron;Arnold Schwarzenegger, Linda Hamilton, Edward Furlong, Robert Patrick, Michael Edwards, Earl Boen, Joe Morton, S. Epatha Merkerson, Danny Cooksey, Xander Berkeley;https://apps.apple.com/cz/app/id6755365206<br>https://play.google.com/store/apps/details?id=cz.csfd.csfdroid<br>;Academy Awards (2x)<br>British Academy of Film and Television Arts (BAFTA) (1x)<br>The Saturn Awards (5x)<br>;Academy Awards (4x)<br>British Academy of Film and Television Arts (BAFTA) (2x)<br>Florida Film Critics Circle Awards (1x)<br>The Saturn Awards (5x)<br>;
4711;Pán prstenů: Společenstvo Prstenu;2001;90.7561369086549;172.0;https://image.pmgstatic.com/cache/resized/w420/files/images/film/posters/158/600/158600806_7b6c15.jpg;https://www.csfd.cz/film/4711-pan-prstenu-spolecenstvo-prstenu/;USA / Nový Zéland;Fantasy / Dobrodružný / Akční;The Lord of the Rings: The Fellowship of the Ring;Hlavním hrdinou je hobit Frodo Pytlík, který se ve své vlastní domovině zvané Středozemě dostal do samotného centra bitvy mytických proporcí. Bude muset během svého putování prokázat, že moc přátelství a individuální odvahy dokáže úspěšně čelit i těm nejničivějším silám temnoty. Frodova dobrodružství odstartuje dar jeho příbuzného Bilba. Od něj získá magický prsten, který Froda postaví do soboje se silami zla reprezentovanými krutovládcem Sauronem. Ten touží za každou cenu získat prsten, protože je pro něj zdrojem neomezené moci, jedině s jeho pomocí se mu může podařit zotročit lid Středozemě a stát se jeho neomezeným pánem. Ve snaze čelit Sauronovým temným plánům, se musí Frodo spojit se několika dalšími bytostmi. Vytvoří s nimi takzvané Společenstvo složené z jeho přátel, čaroděje, elfa, trpaslíka a dalších pomocníků, se kterými se vydá na cestu na jejímž konci doufají, že se jim podaří prsten jednou provždy zničit. Jejich cesta však prokáže, že nejenom magické prsteny, ale také sounáležitost všech živých bytostí mohou dokázat netušené věci. Musí však čelit nejen nebezpečím, která na ně číhají na územích ovládaných Sauronem, ale i rozkladné moci samotného prstenu.;19.12.2001 New Line Cinema;podle knihy, muž, láska, žena, rodina, smrt, přátelství, přátelé, vražda, násilí, tajemství, otec, rodiče, strach, záhady, dcera, touha, útěk, zbraně, zvířata, oběť (autonehody/zločinu), pátrání, cestování, vzpomínky, vojáci, manipulace, venkov, lež, intriky, pronásledování, putování, sny, rivalita, únos, vesnice, zrada, vězení, boj o přežití, souboje, vášeň, podvod, kamarádi, krev, mrtvola, les, bolest, divočina, smutek, nenávist, tragédie, armáda, naděje, zabijáci, umírání, žárlivost, monstra, zranění, stáří, hory, párty, voda, rvačka, kouzla, zoufalství, sníh, paranoia, panika, duchové, pocit viny, přepadení, chamtivost, koně, dobrodruh, magie, král, posedlost, konspirace, budoucnost, rukojmí, zlo, příroda, bitva, sledování, mučení, závist, dědictví, oslava, legenda, řeka, hospoda, oběť (někomu/něčemu), alkohol, spiknutí, královna, zajatci, odpuštění, loajalita, noc, moc, přízrak, nůž, narozeniny, dobrodružství, jezero, čarodějnictví, strýc, důl, Meč a magie, čarodějové, rytíři, strom, podzemí, synovec, statečnost, slib, kouzelník, vyhnanství, artefakt, elfové, trpaslíci, sekera, stopař, luk a šíp, pivo, neviditelnost, černá magie, skřeti, prsten, orkové, ohňostroj, kouzelná hůl;Peter Jackson;Elijah Wood, Ian McKellen, Viggo Mortensen, Sean Astin, Cate Blanchett, Sean Bean, Liv Tyler, John Rhys-Davies, Billy Boyd, Dominic Monaghan;/tvurce/69116-noel-appleby/prehled/<br>https://www.netflix.com/title/60004480<br>https://www.hbomax.com/cz/en/movies/lord-of-the-rings-the-fellowship-of-the-ring/fb9f961f-6302-4776-91d7-f1b7a69fb61d<br>https://srv.clickfuse.com/ads/adclkr.php?id=100006636&url=https://tv.apple.com/cz/movie/the-lord-of-the-rings-the-fellowship-of-the-ring/umc.cmc.29au6l8rcr4g5zhuwcx0euri1<br>https://www.youtube.com/watch?v=rmhG52BrjGI<br>https://www.netflix.com/title/60004480<br>https://www.hbomax.com/cz/en/movies/lord-of-the-rings-the-fellowship-of-the-ring/fb9f961f-6302-4776-91d7-f1b7a69fb61d<br>https://srv.clickfuse.com/ads/adclkr.php?id=100006636&url=https://tv.apple.com/cz/movie/the-lord-of-the-rings-the-fellowship-of-the-ring/umc.cmc.29au6l8rcr4g5zhuwcx0euri1<br>https://www.youtube.com/watch?v=rmhG52BrjGI<br>https://apps.apple.com/cz/app/id6755365206<br>https://play.google.com/store/apps/details?id=cz.csfd.csfdroid<br>;Academy Awards (9x)<br>British Academy of Film and Television Arts (BAFTA) (8x)<br>Amanda Awards (1x)<br>Golden Globes (4x)<br>Critics Choice Awards (2x)<br>Los Angeles Film Critics Association Awards (1x)<br>The Saturn Awards (7x)<br>;Academy Awards (4x)<br>British Academy of Film and Television Arts (BAFTA) (5x)<br>Goya Awards (1x)<br>Robert Awards (Danish Film Awards) (1x)<br>Critics Choice Awards (2x)<br>Florida Film Critics Circle Awards (1x)<br>Los Angeles Film Critics Association Awards (1x)<br>The Saturn Awards (4x)<br>;J.R.R. Tolkien
4712;Pán prstenů: Návrat krále;2003;90.7253988052255;201.0;https://image.pmgstatic.com/cache/resized/w420/files/images/film/posters/158/600/158600814_9bc57f.jpg;https://www.csfd.cz/film/4712-pan-prstenu-navrat-krale/;USA / Nový Zéland;Fantasy / Dobrodružný / Akční;The Lord of the Rings: The Return of the King;Nadchází čas rozhodující bitvy o přežití Středozemě. Putování jednotlivých členů Společenstva prstenu se dostává do poslední a rozhodující fáze. Čaroděj Gandalf, elf Legolas a trpaslík Gimli spěchají s dědicem trůnu Aragornem na pomoc zemi Gondor, která odolává ohromnému Sauronovu vojsku. Hobiti Frodo a Sam se v doprovodu Gluma snaží dostat hluboko do země Mordor, kde musí v ohních Hory osudu zničit magický Prsten moci. Jedině tak bude síla mocného pána temnot Saurona zlomena. Podaří se jim naplnit poslání Společenstva a zachránit Středozem? A za jakou cenu? (Magic Box);17.12.2003 New Line Cinema;podle knihy, láska, žena, rodina, smrt, přátelství, přátelé, násilí, otec, rodiče, strach, město, dcera, touha, útěk, zbraně, ženy, oběť (autonehody/zločinu), cestování, vzpomínky, vojáci, manipulace, lež, intriky, pronásledování, putování, sny, zrada, boj o přežití, souboje, vášeň, podvod, kamarádi, mrtvola, les, bratři, bolest, divočina, smutek, válka, nenávist, tragédie, armáda, naděje, žárlivost, zranění, hory, voda, rvačka, lodě, kouzla, zoufalství, duchové, pocit viny, přepadení, koně, magie, král, posedlost, zlo, příroda, bitva, sledování, závist, hrdina, dědictví, pohřeb, oběť (někomu/něčemu), ptáci, odpuštění, loajalita, oheň, moc, přízrak, nůž, piráti, prokletí, draci, čarodějnictví, strýc, jeskyně, Meč a magie, čarodějové, stalking, Wilhelm scream, rytíři, kletba, žoldáci, slib, tajná láska, sopka, kouzelník, neteř, pavouci, artefakt, bratranec, elfové, trpaslíci, sekera, luk a šíp, upálení, sestřenice, maják, neviditelnost, černá magie, láva, skřeti, prsten, korunovace, kouzelná hůl;Peter Jackson;Elijah Wood, Billy Boyd, Dominic Monaghan, Sean Astin, Ian McKellen, Viggo Mortensen, Orlando Bloom, Liv Tyler, Christopher Lee, Cate Blanchett;/tvurce/69116-noel-appleby/prehled/<br>https://www.netflix.com/title/60004484<br>https://www.hbomax.com/cz/en/movies/lord-of-the-rings-the-return-of-the-king/ad704585-6774-4d37-8c61-1bd41154173f<br>https://srv.clickfuse.com/ads/adclkr.php?id=100006636&url=https://tv.apple.com/cz/movie/the-lord-of-the-rings-the-return-of-the-king/umc.cmc.6zzj5v5pa8iqxujpxh3p7j97f<br>https://www.youtube.com/watch?v=MoRfHlQaOVw<br>https://www.netflix.com/title/60004484<br>https://www.hbomax.com/cz/en/movies/lord-of-the-rings-the-return-of-the-king/ad704585-6774-4d37-8c61-1bd41154173f<br>https://srv.clickfuse.com/ads/adclkr.php?id=100006636&url=https://tv.apple.com/cz/movie/the-lord-of-the-rings-the-return-of-the-king/umc.cmc.6zzj5v5pa8iqxujpxh3p7j97f<br>https://www.youtube.com/watch?v=MoRfHlQaOVw<br>https://apps.apple.com/cz/app/id6755365206<br>https://play.google.com/store/apps/details?id=cz.csfd.csfdroid<br>;British Academy of Film and Television Arts (BAFTA) (8x)<br>Robert Awards (Danish Film Awards) (1x)<br>New York Film Critics Circle Awards (1x)<br>The Saturn Awards (6x)<br>;Academy Awards (11x)<br>British Academy of Film and Television Arts (BAFTA) (5x)<br>Amanda Awards (1x)<br>Golden Globes (4x)<br>Critics Choice Awards (4x)<br>Florida Film Critics Circle Awards (3x)<br>Los Angeles Film Critics Association Awards (2x)<br>New York Film Critics Circle Awards (1x)<br>The Saturn Awards (9x)<br>;J.R.R. Tolkien
223734;Temný rytíř;2008;90.53556114150526;152.0;https://image.pmgstatic.com/cache/resized/w420/files/images/film/posters/000/071/71968_2c8b23.jpg;https://www.csfd.cz/film/223734-temny-rytir/;USA / Velká Británie;Akční / Drama / Krimi / Thriller;The Dark Knight;Christian Bale se pod režijní taktovkou Christophera Nolana vrací v roli Bruce Waynea, který v kostýmu netopýřího muže Batmana pokračuje v boji se zločinem ve městě Gotham. A jeho nejnebezpečnějším protivníkem je král zločinců Joker (Heath Ledger).Akční dobrodružná fantasy v režii Christophera Nolana navazuje na film Batman začíná a Christian Bale si v ní zopakoval roli Batmana/Bruce Waynea v nekončícím boji se zločinem. Wayne v kostýmu netopýřího muže jde spolu s poručíkem Jamesem Gordonem (Gary Oldman) z Gothamské policie po králi zločinců Jokerovi známého podle symbolu - hrací karty s žolíkem - kterou zanechává na místech činu. Vtipálek s prořízlou tváří (Heath Ledger) má tentokrát v plánu Batmanovi dokázat, že slova Gotham a mír nikdy nebudou stát v jedné větě vedle sebe. Na uvolněné místo po bývalém králi místní mafie usedá Sal Maroni (Eric Roberts) a přebírá vládu nad většinou gangů v Gothamu. Na scéně se rovněž objevuje nový státní návladní Harvey Dent (Aaron Eckhart), který by rozdanými kartami (i s žolíkem v balíčku) mohl pořádně zamíchat...;20.09.2024 Park Circus;smrt, tajemství, policie, strach, útěk, zbraně, vrah, peníze, lež, únos, souboje, detektiv, gangsteři, mafie, gang, nemocnice, podle komiksu, loupež, nehoda, psychopat, šílenství, přepadení, teroristé, superhrdina, DC Comics, policejní stanice, výbuch, soudce, bomba, sluha, bankovní loupež, automobilová honička, banka, maska, Batman, klauni, starosta, Joker, Hongkong, Two-Face, školní autobus, Scarecrow (DC Comics);Christopher Nolan;Christian Bale, Heath Ledger, Aaron Eckhart, Michael Caine, Maggie Gyllenhaal, Gary Oldman, Morgan Freeman, Cillian Murphy, Eric Roberts, Ritchie Coster;https://www.netflix.com/title/70079583<br>https://srv.clickfuse.com/ads/adclkr.php?id=100006636&url=https://tv.apple.com/cz/movie/the-dark-knight/umc.cmc.1uf4c3neuc9yxhnjv7t4rd5wa<br>https://www.youtube.com/watch?v=dUMUH4NNYDY<br>https://www.netflix.com/title/70079583<br>https://srv.clickfuse.com/ads/adclkr.php?id=100006636&url=https://tv.apple.com/cz/movie/the-dark-knight/umc.cmc.1uf4c3neuc9yxhnjv7t4rd5wa<br>https://www.youtube.com/watch?v=dUMUH4NNYDY<br>https://apps.apple.com/cz/app/id6755365206<br>https://play.google.com/store/apps/details?id=cz.csfd.csfdroid<br>;Academy Awards (6x)<br>British Academy of Film and Television Arts (BAFTA) (8x)<br>Goya Awards (1x)<br>Robert Awards (Danish Film Awards) (1x)<br>Critics Choice Awards (4x)<br>Los Angeles Film Critics Association Awards (3x)<br>New York Film Critics Circle Awards (2x)<br>The Saturn Awards (7x)<br>;Academy Awards (2x)<br>British Academy of Film and Television Arts (BAFTA) (1x)<br>Golden Globes (1x)<br>Critics Choice Awards (2x)<br>Florida Film Critics Circle Awards (2x)<br>Los Angeles Film Critics Association Awards (1x)<br>The Saturn Awards (5x)<br>;Bob Kane, Bill Finger
9499;Matrix;1999;90.30870055687862;136.0;https://image.pmgstatic.com/cache/resized/w420/files/images/film/posters/000/008/8959_164d69.jpg;https://www.csfd.cz/film/9499-matrix/;USA;Akční / Sci-Fi;Matrix;Uvěříte neuvěřitelnému! Představte si, že vaše realita je jen iluzí a vaše nejtemnější noční můry jsou ve skutečnosti pravdivé. Představte si, že vaše současnost je vlastně minulostí a to budoucí se děje právě teď. Když si to dokážete představit, potom se budete cítit jako hrdina snímku Matrix Thomas Anderson (Keanu Reeves). A věřte, že to nebude příjemný pocit. Anderson je normální mladý muž, který se jen snaží přežít v každodenním shonu moderního velkoměsta. A má všechny předpoklady aby se mu to povedlo: dobré přátele, milující rodinu a perspektivní práci v multinárodní počítačové společnosti Meta Cortech. Jednoho dne, nebo lépe řečeno noci, se však do jeho spokojeného mozku zakousne strašlivá noční můra. Zdá se mu, že byl proti své vůli vložen v podobě dat do počítače a všechno to, co až dosud považoval za svůj osud, je jen vírem dat okolo několika tištěných spojů. Má pocit, že mu byla jeho mysl ukradena a uvězněna v obřím Matrix počítače budoucnosti. Začíná vážně pochybovat o své každodenní skutečnosti. Byl skutečně vhozen do stroje? Kdo je za to zodpovědný? Je tam s ním zavřeno i těch několik stovek lidí, které zná? Nebo jsou to jen projekce, které mají udržet zdání reality? A pak je tu otázka nejdůležitější: pokud je to všechno pravda, co se stane, až jeho věznitelé přijdou na to, že ji zná? (Warner Bros. CZ);31.03.1999 Warner Bros. US;zbraně, zrada, agenti, lodě, bojová umění, postapokalyptická budoucnost, roboti, odboj, antiutopie, vrtulník, umělá inteligence, hacker, virtuální realita, kyberpunk, mrakodrap, nadvláda počítačů, vzpoura umělé inteligence;Lilly Wachowski, Lana Wachowski;Keanu Reeves, Laurence Fishburne, Carrie-Anne Moss, Hugo Weaving, Gloria Foster, Joe Pantoliano, Belinda McClory, Robert Taylor, Anthony Ray Parker, Ada Nicodemou;https://www.netflix.com/title/20557937<br>https://srv.clickfuse.com/ads/adclkr.php?id=100006636&url=https://tv.apple.com/cz/movie/the-matrix/umc.cmc.af8k9kcq9r1s1qmmdxpq4itn<br>https://www.youtube.com/watch?v=_XrKhqC5rQQ<br>/novinky/9659-netflix-zakoupi-studio-warner-bros/<br>/novinky/9659-netflix-zakoupi-studio-warner-bros/<br>/novinky/9659-netflix-zakoupi-studio-warner-bros/<br>https://www.netflix.com/title/20557937<br>https://srv.clickfuse.com/ads/adclkr.php?id=100006636&url=https://tv.apple.com/cz/movie/the-matrix/umc.cmc.af8k9kcq9r1s1qmmdxpq4itn<br>https://www.youtube.com/watch?v=_XrKhqC5rQQ<br>https://apps.apple.com/cz/app/id6755365206<br>https://play.google.com/store/apps/details?id=cz.csfd.csfdroid<br>;British Academy of Film and Television Arts (BAFTA) (3x)<br>Amanda Awards (1x)<br>The Saturn Awards (10x)<br>;Academy Awards (4x)<br>British Academy of Film and Television Arts (BAFTA) (2x)<br>The Saturn Awards (2x)<br>;
8650;Dobyvatelé ztracené archy;1981;89.88069842774749;115.0;https://image.pmgstatic.com/cache/resized/w420/files/images/film/posters/167/669/167669323_powhec.png;https://www.csfd.cz/film/8650-dobyvatele-ztracene-archy/;USA;Dobrodružný / Akční / Drama / Fantasy;Indiana Jones a dobyvatelé ztracené archy;Rok 1936, Amazon/Tibet/Egypt. Legendární filmoví tvůrci, Steven Spielberg a George Lucas spojili své talenty a vytvořili Indiana Jonese, archeologa dovedně se ohánějícího bičem. Indy (Harrison Ford) je pověřen vládou Spojených států, aby našel Archu úmluvy se zvláštní mystickou silou, kterou chtějí získat pro své nekalé cíle nacisté. Indy uzavírá spojenectví s Marion Ravenwood a tato dvojice spolu prožívá jedno strhující dobrodružství za druhým. Indiana Jones se rychle stal jedním z nejpopulárnějších filmových hrdinů. A tak, ať již vidíte Dobyvatele ztracené archy poprvé nebo postoprvé, prožíváte vzrušující dobrodružství s nimi. Je to jedno z nejlepších filmových dobrodružství všech dob!;12.06.1981 Paramount Pictures;láska, smrt, útěk, zbraně, škola, podvod, ostrov, nacisté, indiáni, letadla, poušť, past, rituál, archeologie, ponorky, Wilhelm scream, hadi, pavouci, loď v ohrožení, artefakt, lovci pokladů, Egypt;Steven Spielberg;Harrison Ford, Karen Allen, John Rhys-Davies, Paul Freeman, Ronald Lacey, Wolf Kahler, Alfred Molina, Denholm Elliott, Anthony Higgins, Frank Marshall;https://www.skyshowtime.com/cz/stream/movies/indiana-jones-a-dobyvatele-ztracene-archy/9012ad20-45d0-3c75-8790-b0e0533e8303<br>https://srv.clickfuse.com/ads/adclkr.php?id=100006636&url=https://tv.apple.com/cz/movie/indiana-jones-and-the-raiders-of-the-lost-ark/umc.cmc.askk2uyh039pu6ik4h8kv4dn<br>https://www.youtube.com/watch?v=gBUjzQqZ32M<br>https://www.skyshowtime.com/cz/stream/movies/indiana-jones-a-dobyvatele-ztracene-archy/9012ad20-45d0-3c75-8790-b0e0533e8303<br>https://srv.clickfuse.com/ads/adclkr.php?id=100006636&url=https://tv.apple.com/cz/movie/indiana-jones-and-the-raiders-of-the-lost-ark/umc.cmc.askk2uyh039pu6ik4h8kv4dn<br>https://www.youtube.com/watch?v=gBUjzQqZ32M<br>https://apps.apple.com/cz/app/id6755365206<br>https://play.google.com/store/apps/details?id=cz.csfd.csfdroid<br>;Academy Awards (4x)<br>British Academy of Film and Television Arts (BAFTA) (6x)<br>César Awards (1x)<br>Golden Globes (1x)<br>The Saturn Awards (2x)<br>;Academy Awards (4x)<br>British Academy of Film and Television Arts (BAFTA) (1x)<br>The Saturn Awards (8x)<br>;
18780;Sedm statečných;1960;89.85378662794167;123.0;https://image.pmgstatic.com/cache/resized/w420/files/images/film/posters/162/378/162378768_988b08.jpg;https://www.csfd.cz/film/18780-sedm-statecnych/;USA;Western / Dobrodružný / Akční;The Magnificent Seven;Vesnice Ixcatlan trpí nájezdy banditů vedených nelítostným Calverou, který vesničany každý rok připraví o většinu sklizně a zásob. Proto se vesničané rozhodnou nakoupit v nejbližším městečku zbraně a bránit se. Chtějí o svém plánu poradit s profesionálním pistolníkem Chrisem, který je nadchnul bravurním kouskem jehož byli svědky po svém příjezdu do městečka. Ten jim však poradí, aby si nekupovali drahé zbraně, se kterými stejně neumí zacházet, ale najali si střelce a sám se záležitosti ujme. Podaří se mu získat ještě šest dalších mužů a s nimi se vydá do ohrožené vesnice. Přestože první střetnutí s Calverovými muži dopadne pro statečné muže příznivě, nevyzpytatelná povaha vesničanů situaci zcela nečekaně zkomplikuje.;23.11.1960 United Artists;muž, smrt, přátelství, přátelé, násilí, zbraně, oběť (autonehody/zločinu), venkov, vesnice, boj o přežití, souboje, kamarádi, přestřelka, Divoký západ, spravedlnost, pistolníci, bandité, Mexiko, pohraničí, hranice, sekera;John Sturges;Yul Brynner, Steve McQueen, Horst Buchholz, Charles Bronson, Robert Vaughn, James Coburn, Brad Dexter, Eli Wallach, Jorge Martínez de Hoyos, Vladimir Sokoloff;https://srv.clickfuse.com/ads/adclkr.php?id=100006636&url=https://tv.apple.com/cz/movie/the-magnificent-seven/umc.cmc.53y1a9ns7y1hoijgw6mpc6rdb<br>https://www.youtube.com/watch?v=5bAyk1WtUvk<br>https://srv.clickfuse.com/ads/adclkr.php?id=100006636&url=https://tv.apple.com/cz/movie/the-magnificent-seven/umc.cmc.53y1a9ns7y1hoijgw6mpc6rdb<br>https://www.youtube.com/watch?v=5bAyk1WtUvk<br>https://apps.apple.com/cz/app/id6755365206<br>https://play.google.com/store/apps/details?id=cz.csfd.csfdroid<br>;Academy Awards (1x)<br>;;
8641;Indiana Jones a Poslední křížová výprava;1989;89.71304551243729;127.0;https://image.pmgstatic.com/cache/resized/w420/files/images/film/posters/167/669/167669326_msunqb.png;https://www.csfd.cz/film/8641-indiana-jones-a-posledni-krizova-vyprava/;USA;Dobrodružný / Akční / Drama / Fantasy;Indiana Jones a poslední křižácké tažení(neoficiální název);"Rok 1938, Priceton/Venice the Holy Land. Indiana Jones si už potřetí nasazuje svůj pomačkaný klobouk, jenomže tentokrát se k němu v tomto napínavém filmu přidává i jeho tatínek (Sean Connery). Tvůrci filmu se postarali o to, aby duo otec - syn netrpělo nedostatkem dobrodružných situací. Oba Jonesové se vydávají hledat tajuplný ""Svatý grál"". Jen o vlásek se jim daří v nebezpečných honičkách unikat před záludnými nepřáteli. Toto skvělé třetí pokračování je víc než pouhým vyvrcholením Indyho pozoruhodných příběhů. Je to největší dobrodružství filmové historie.";24.05.1989 Paramount Pictures;láska, žena, smrt, děti, útěk, náboženství, víra, lodě, nacisté, koně, vlak, letadla, poušť, motorky, požár, hrad, sekta, past, rituál, archeologie, Berlín, Wilhelm scream, deník, tank, artefakt, lovci pokladů, Benátky, vzducholoď;Steven Spielberg;Harrison Ford, Sean Connery, Denholm Elliott, Alison Doody, John Rhys-Davies, Julian Glover, River Phoenix, Michael Byrne, Kevork Malikyan, Alex Hyde-White;https://www.skyshowtime.com/cz/stream/movies/indiana-jones-a-posledni-krizova-vyprava/2fe9e93e-9586-31c3-9a8b-47ee198bb596<br>https://srv.clickfuse.com/ads/adclkr.php?id=100006636&url=https://tv.apple.com/cz/movie/indiana-jones-and-the-last-crusade/umc.cmc.38jpsigo8blaihrqu8h445cld<br>https://www.youtube.com/watch?v=N3q_PubAERk<br>https://www.skyshowtime.com/cz/stream/movies/indiana-jones-a-posledni-krizova-vyprava/2fe9e93e-9586-31c3-9a8b-47ee198bb596<br>https://srv.clickfuse.com/ads/adclkr.php?id=100006636&url=https://tv.apple.com/cz/movie/indiana-jones-and-the-last-crusade/umc.cmc.38jpsigo8blaihrqu8h445cld<br>https://www.youtube.com/watch?v=N3q_PubAERk<br>https://apps.apple.com/cz/app/id6755365206<br>https://play.google.com/store/apps/details?id=cz.csfd.csfdroid<br>;Academy Awards (2x)<br>British Academy of Film and Television Arts (BAFTA) (3x)<br>Golden Globes (1x)<br>The Saturn Awards (4x)<br>;Academy Awards (1x)<br>The Saturn Awards (1x)<br>;
332773;Le Mans '66;2019;89.72098461149555;152.0;https://image.pmgstatic.com/cache/resized/w420/files/images/film/posters/163/926/163926894_95bffc.png;https://www.csfd.cz/film/332773-le-mans-66/;USA / Francie;Drama / Životopisný / Sportovní / Akční;Ford v Ferrari;V roce 1959 je Carroll Shelby (Matt Damon) na absolutním vrcholu, vyhrál nejtěžší motoristický závod na světě 24 hodin Le Mans. Po největší triumfu tohoto neohroženého Texasana přijde drtivá rána – lékaři odhalená srdeční vada mu znemožní pokračovat v závodění. Shelby tak začíná novou kariéru jako velmi vynalézavý konstruktér. Spolupracuje s týmem, do nějž patří i vynikající zkušební jezdec a britský šampión Ken Miles (Christian Bale). Miles je nejen špičkovým závodníkem oddaným své rodině, ale je také nesnesitelně arogantní a naprosto neschopný jakéhokoliv kompromisu. A právě tento tým automobilových šílenců si najme Henry Ford II, aby pro jeho automobilku navrhli a postavili dokonalé závodní auto. Ford se totiž rozhodně, že se pomstí Enzo Ferrarimu, za to, že nakonec odmítl domlouvané spojení své automobilky s Ford Motor Company. Vozy stáje Ferrari vítězí na okruhu v Le Mans nepřetržitě od roku 1960 až do roku 1965. Shelby, Miles a jejich malý tým jsou odhodláni tomu učinit s pomocí vozu Ford GT40 rázný konec. Proti nim stojí neporazitelné Ferrari, fyzikální zákony i jejich vlastní osobní démoni. Navzdory překážkám a omezením, které jim do cesty hází i samotný Ford, musí vyvinout revoluční vozidlo, které převálcuje každého konkurenta. Jejich úsilí si ale vybírá nemalou daň – těmto odvážným mužům to ale za vítězství stojí. (CinemArt);15.11.2019 20th Century Fox;muž, rodina, smrt, přátelství, přátelé, 20. století, touha, peníze, manipulace, intriky, sny, podle skutečného příběhu, rivalita, zrada, nemoc, sláva, nenávist, naděje, žárlivost, Francie, chamtivost, autonehoda, trénink, závist, korporace, legenda, iluze, období 1950-1960, těžký úraz, závody, rychlá auta, automobilový průmysl;James Mangold;Matt Damon, Christian Bale, Jon Bernthal, Caitríona Balfe, Tracy Letts, Josh Lucas, Noah Jupe, Remo Girone, Ray McKinnon, JJ Feild;https://www.hbomax.com/cz/en/movies/ford-v-ferrari/8a0b4fbd-8dbf-406d-8839-a15966a23116<br>https://srv.tunefindforfans.com/showads/track/srvclk.php?aid=100006796&lp=https://www.disneyplus.com/en-cz/browse/entity-b0e9e97b-402a-452d-979e-95714b91e480<br>https://srv.clickfuse.com/ads/adclkr.php?id=100006636&url=https://tv.apple.com/cz/movie/ford-v-ferrari/umc.cmc.6f6qe9muhuw7g21639iajetn1<br>https://sledovanitv.cz/epg/event/hbo_comedy:20260222ccb6821e3b665dcc145ac0d66639309c<br>/novinky/7597-zavodni-drama-s-bradem-pittem-kupuje-apple/<br>/novinky/7597-zavodni-drama-s-bradem-pittem-kupuje-apple/<br>/novinky/7597-zavodni-drama-s-bradem-pittem-kupuje-apple/<br>https://www.hbomax.com/cz/en/movies/ford-v-ferrari/8a0b4fbd-8dbf-406d-8839-a15966a23116<br>https://srv.tunefindforfans.com/showads/track/srvclk.php?aid=100006796&lp=https://www.disneyplus.com/en-cz/browse/entity-b0e9e97b-402a-452d-979e-95714b91e480<br>https://srv.clickfuse.com/ads/adclkr.php?id=100006636&url=https://tv.apple.com/cz/movie/ford-v-ferrari/umc.cmc.6f6qe9muhuw7g21639iajetn1<br>https://sledovanitv.cz/epg/event/hbo_comedy:20260222ccb6821e3b665dcc145ac0d66639309c<br>https://apps.apple.com/cz/app/id6755365206<br>https://play.google.com/store/apps/details?id=cz.csfd.csfdroid<br>;Academy Awards (2x)<br>British Academy of Film and Television Arts (BAFTA) (2x)<br>AACTA International Awards (1x)<br>Golden Globes (1x)<br>Critics Choice Awards (5x)<br>;Academy Awards (2x)<br>British Academy of Film and Television Arts (BAFTA) (1x)<br>;
301401;Rivalové;2013;89.65450467169069;123.0;https://image.pmgstatic.com/cache/resized/w420/files/images/film/posters/157/921/157921081_98db40.jpg;https://www.csfd.cz/film/301401-rivalove/;USA / Velká Británie / Německo;Drama / Životopisný / Sportovní / Akční;Rush;Závratná rychlost, adrenalin proudící v žilách, krásné dívky a nezkrotná touha po vítězství. Závody Formule 1 jsou místem, kde jediná chyba může znamenat smrt. Na těchto okruzích spolu soupeří dva odvěcí rivalové. James Hunt je neřízená střela, neodolatelný playboy a brilantní řidič. Niki Lauda je dokonalý profesionál, vždy precizní a disciplinovaný. Film Rivalové vypráví skutečný příběh dvou pilotů, kteří jsou soky nejen na okruzích, ale také ve skutečném životě. Přestože jsou soupeři, jsou také jeden pro druhého inspirací. Přes jejich rozdílnost je v životě pojí zvláštní přátelství. Ale rivalita je žene ke stále riskantnějším výkonům. Titul mistra světa může získat jen jeden... (Bioscop);13.09.2013 StudioCanal UK;přátelství, přátelé, rivalita, nemocnice, nehoda, těžký úraz, závody, Formule 1;Ron Howard;Chris Hemsworth, Daniel Brühl, Olivia Wilde, Alexandra Maria Lara, Pierfrancesco Favino, David Calder, Natalie Dormer, Stephen Mangan, Christian McKay, Alistair Petrie;https://apps.apple.com/cz/app/id6755365206<br>https://play.google.com/store/apps/details?id=cz.csfd.csfdroid<br>;British Academy of Film and Television Arts (BAFTA) (3x)<br>Robert Awards (Danish Film Awards) (1x)<br>AACTA International Awards (1x)<br>Golden Globes (2x)<br>Critics Choice Awards (4x)<br>The Saturn Awards (4x)<br>;British Academy of Film and Television Arts (BAFTA) (1x)<br>;
1245;Vetřelci;1986;89.5665754306875;137.0;https://image.pmgstatic.com/cache/resized/w420/files/images/film/posters/160/075/160075288_5a57f9.jpg;https://www.csfd.cz/film/1245-vetrelci/;USA / Velká Británie;Sci-Fi / Thriller / Akční / Dobrodružný / Horor;Aliens;Důstojnice Ripleyová, která jako jediná přežila boj na život a na smrt v nákladní lodi Nostromo s vesmírným vetřelcem, je po několika letech nalezena záchrannou lodí a vrací se zpět na Zemi. Když už se zdá, že je po všem, začíná horror znova, tentokrát na vzdálené nedávno kolonizované planetě. Tentokrát nevšichni proti jednomu, ale Ripleyová se skupinou speciálně vycvičených vojáků proti tisícihlavé smrtící síle vetřelců.;29.08.1986 20th Century Fox UK;žena, smrt, násilí, dívka, děti, strach, mládež, útěk, zbraně, vojáci, pronásledování, boj o přežití, armáda, gore, monstra, mimozemšťané, vesmír, budoucnost, roboti, korporace, vesmírná loď, androidi, záchranná operace, planety, kryogenika, plamenomet, kolonizace cizí planety;James Cameron;Sigourney Weaver, Carrie Henn, Michael Biehn, Paul Reiser, Lance Henriksen, Bill Paxton, William Hope, Jenette Goldstein, Al Matthews, Mark Rolston;https://srv.tunefindforfans.com/showads/track/srvclk.php?aid=100006796&lp=https://www.disneyplus.com/en-cz/browse/entity-b2ae8903-e3c5-4ae1-a9f7-885c04985f96<br>https://srv.clickfuse.com/ads/adclkr.php?id=100006636&url=https://tv.apple.com/cz/movie/aliens/umc.cmc.65qmv8mospg448bevgyv8kjgf<br>https://www.youtube.com/watch?v=V5GFeZ5pjcQ<br>https://srv.tunefindforfans.com/showads/track/srvclk.php?aid=100006796&lp=https://www.disneyplus.com/en-cz/browse/entity-b2ae8903-e3c5-4ae1-a9f7-885c04985f96<br>https://srv.clickfuse.com/ads/adclkr.php?id=100006636&url=https://tv.apple.com/cz/movie/aliens/umc.cmc.65qmv8mospg448bevgyv8kjgf<br>https://www.youtube.com/watch?v=V5GFeZ5pjcQ<br>https://apps.apple.com/cz/app/id6755365206<br>https://play.google.com/store/apps/details?id=cz.csfd.csfdroid<br>;Academy Awards (5x)<br>British Academy of Film and Television Arts (BAFTA) (3x)<br>Golden Globes (1x)<br>The Saturn Awards (4x)<br>San Sebastián International Film Festival (1x)<br>;Academy Awards (2x)<br>British Academy of Film and Television Arts (BAFTA) (1x)<br>The Saturn Awards (9x)<br>;
6642;Smrtonosná past;1988;89.52862605996785;132.0;https://image.pmgstatic.com/cache/resized/w420/files/images/film/posters/000/006/6003_d3e249.jpg;https://www.csfd.cz/film/6642-smrtonosna-past/;USA;Akční / Thriller;Die Hard;Newyorský policista John McClane (Bruce Willis) přijel do Los Angles navštívit svou ženu, která je zrovna na vánočním večírku v nedostavěné budově firmy Nakatomi. Do budovy však vtrhne německý terorista Hans Gruber (Alan Rickman) se svou jednotkou a zajme všechny hosty (včetně McClaneovy ženy). Jen McClane unikne požárním schodištěm. Teroristé nechtějí propuštění několika svých členů, jak říkají, ale jejich hacker se pokouší dostat do sejfu firmy Nakatomi, ve kterém se nachází 640 milionů dolarů. McClane musí zasáhnout. Film byl nominován na několik technických Oscarů a odstartoval hvězdnou kariéru Bruce Willise.;20.07.1988 20th Century Fox;podle knihy, žena, smrt, vražda, policie, manželé, zbraně, vrah, peníze, Vánoce, souboje, loupež, agenti, teroristé, reportéři, rukojmí, korporace, období 1980-1990, výbuch, Los Angeles, FBI, vrtulník, Štědrý den, svátky, výtah, mrakodrap, heist movie, SWAT, LAPD;John McTiernan;Bruce Willis, Bonnie Bedelia, Alan Rickman, Paul Gleason, Reginald VelJohnson, Alexander Godunov, William Atherton, Hart Bochner, James Shigeta, Andreas Wisniewski;https://srv.tunefindforfans.com/showads/track/srvclk.php?aid=100006796&lp=https://www.disneyplus.com/en-cz/browse/entity-efc8250c-aeed-4ab7-a492-07064c826bc1<br>https://srv.clickfuse.com/ads/adclkr.php?id=100006636&url=https://tv.apple.com/cz/movie/die-hard/umc.cmc.57svcvuwx4wqhmdi9ok0p6wef<br>https://srv.tunefindforfans.com/showads/track/srvclk.php?aid=100006796&lp=https://www.disneyplus.com/en-cz/browse/entity-efc8250c-aeed-4ab7-a492-07064c826bc1<br>https://srv.clickfuse.com/ads/adclkr.php?id=100006636&url=https://tv.apple.com/cz/movie/die-hard/umc.cmc.57svcvuwx4wqhmdi9ok0p6wef<br>https://apps.apple.com/cz/app/id6755365206<br>https://play.google.com/store/apps/details?id=cz.csfd.csfdroid<br>;Academy Awards (4x)<br>;;Roderick Thorp
5238;Star Wars: Epizoda V - Impérium vrací úder;1980;89.04106478985157;124.0;https://image.pmgstatic.com/cache/resized/w420/files/images/film/posters/162/398/162398465_dc9ff3.jpg;https://www.csfd.cz/film/5238-star-wars-epizoda-v-imperium-vraci-uder/;USA;Sci-Fi / Dobrodružný / Fantasy / Akční;Hvězdné války: Epizoda V - Impérium vrací úder;"Nastaly temné časy pro Povstání. I přes to, že ""Hvězda smrti"" byla zničena, imperiální jednotky vyhnaly Rebely z jejich tajné základny a pronásledovaly je po celé Galaxii. Aby se vyhnula střetu s hrůzostrašnou Imperiální flotilou, skupina svobodných pilotů vedená Lukem Skywalkerem vybudovala novou tajnou základnu na opuštěné ledové planetě Hothu. Imperátorův pobočník Darth Vader, posedlý hledáním mladého Skywalkera, však vyslal tisíce sond do všech koutů vesmíru...";20.06.1980 20th Century Fox;otec, syn, útěk, zbraně, vojáci, zrada, souboje, monstra, mimozemšťané, sníh, duchové, vesmír, džungle, roboti, odboj, princezna, vesmírná loď, výcvik, Wilhelm scream, povstání, lovci lidí, Star Wars, tank, vojenská základna, stíhačky, asteroid;Irvin Kershner;Mark Hamill, Harrison Ford, Carrie Fisher, Billy Dee Williams, Anthony Daniels, David Prowse, Peter Mayhew, Frank Oz, Alec Guinness, Jeremy Bulloch;https://srv.tunefindforfans.com/showads/track/srvclk.php?aid=100006796&lp=https://www.disneyplus.com/en-cz/browse/entity-0f5c5223-f4f6-46ef-ba8a-69cb0e17d8d3<br>https://srv.clickfuse.com/ads/adclkr.php?id=100006636&url=https://tv.apple.com/cz/movie/star-wars-the-empire-strikes-back/umc.cmc.3vabzkcmuoxxm3r3ng9q4rgh9<br>https://www.youtube.com/watch?v=yqCqxluBT8Y<br>https://srv.tunefindforfans.com/showads/track/srvclk.php?aid=100006796&lp=https://www.disneyplus.com/en-cz/browse/entity-0f5c5223-f4f6-46ef-ba8a-69cb0e17d8d3<br>https://srv.clickfuse.com/ads/adclkr.php?id=100006636&url=https://tv.apple.com/cz/movie/star-wars-the-empire-strikes-back/umc.cmc.3vabzkcmuoxxm3r3ng9q4rgh9<br>https://www.youtube.com/watch?v=yqCqxluBT8Y<br>/film/1178727-disney-gallery-star-wars-boba-fett-zakon-podsveti/prehled/<br>/film/849599-disney-galerie-star-wars-mandalorian/prehled/<br>https://apps.apple.com/cz/app/id6755365206<br>https://play.google.com/store/apps/details?id=cz.csfd.csfdroid<br>;Academy Awards (2x)<br>British Academy of Film and Television Arts (BAFTA) (2x)<br>Golden Globes (1x)<br>The Saturn Awards (5x)<br>;Academy Awards (1x)<br>British Academy of Film and Television Arts (BAFTA) (1x)<br>The Saturn Awards (5x)<br>;
4713;Pán prstenů: Dvě věže;2002;88.90030832476876;172.0;https://image.pmgstatic.com/cache/resized/w420/files/images/film/posters/158/600/158600807_ea3544.jpg;https://www.csfd.cz/film/4713-pan-prstenu-dve-veze/;USA / Nový Zéland;Fantasy / Dobrodružný / Akční;The Lord of the Rings: The Two Towers;Druhý díl filmové ságy o nebezpečném putování jehož cílem má být zničení prokletého prstenu moci začíná tam kde první skončil. Opět je hlavním hrdinou hobit Frodo. Ten se získal od svého příbuzného Bilba magický prsten po kterém touží temný Sauron a tak se dostal do samotného centra souboje mezi silami světla a temnot. Frodo jako vůdce společenství složeného z jeho přátel, kouzelníka, elfa, trpaslíka a dalších pomocníků pokračuje na cestě na vrchol sopky, aby zde prsten jednou provždy zničil. První díl byl nominován na Zlatý glóbus a získal cenu AFI. Díky zájmu diváků překročil zisk 350 milionů dolarů a především přesvědčil příznivce knihy, že tento dnes již klasický příběh lze úspěšně zfilmovat. V nezměněné sestavě vám teď tvůrci předkládají druhý díl fantaskního putování.;18.12.2002 New Line Cinema;podle knihy, muž, láska, žena, rodina, smrt, přátelství, přátelé, násilí, dívka, otec, děti, strach, touha, syn, útěk, chlapec, zbraně, ženy, zvířata, oběť (autonehody/zločinu), cestování, vzpomínky, pomsta, sourozenci, vojáci, manipulace, venkov, lež, intriky, pronásledování, putování, rivalita, únos, vesnice, zrada, souboje, vášeň, podvod, kamarádi, mrtvola, les, bolest, divočina, smutek, nenávist, tragédie, armáda, naděje, zabijáci, žárlivost, zranění, stáří, rvačka, kouzla, zoufalství, přepadení, koně, dobrodruh, magie, předsudky, konspirace, rukojmí, špioni, zlo, příroda, bitva, sledování, závist, hrdina, legenda, pohřeb, řeka, výbuch, oběť (někomu/něčemu), spiknutí, zajatci, odpuštění, loajalita, noc, oheň, moc, nůž, dobrodružství, čarodějnictví, jeskyně, Meč a magie, čarodějové, vlci, Wilhelm scream, rytíři, strom, kouzelník, neteř, artefakt, bratranec, elfové, pevnost, špionáž, trpaslíci, sekera, stopař, luk a šíp, sestřenice, rabování, černá magie, skřeti, prsten, orkové, kouzelná hůl;Peter Jackson;Elijah Wood, Ian McKellen, Viggo Mortensen, Sean Astin, Liv Tyler, Billy Boyd, John Rhys-Davies, Dominic Monaghan, Christopher Lee, Miranda Otto;https://www.netflix.com/title/60004483<br>https://www.hbomax.com/cz/en/movies/lord-of-the-rings-the-two-towers/1b73bd19-1229-4e5f-986a-ae38ac0f5476<br>https://srv.clickfuse.com/ads/adclkr.php?id=100006636&url=https://tv.apple.com/cz/movie/the-lord-of-the-rings-the-two-towers/umc.cmc.6vre5k3uptb2mrfml73kd9veg<br>https://www.youtube.com/watch?v=o7mmKIiHG0Q<br>https://www.netflix.com/title/60004483<br>https://www.hbomax.com/cz/en/movies/lord-of-the-rings-the-two-towers/1b73bd19-1229-4e5f-986a-ae38ac0f5476<br>https://srv.clickfuse.com/ads/adclkr.php?id=100006636&url=https://tv.apple.com/cz/movie/the-lord-of-the-rings-the-two-towers/umc.cmc.6vre5k3uptb2mrfml73kd9veg<br>https://www.youtube.com/watch?v=o7mmKIiHG0Q<br>https://apps.apple.com/cz/app/id6755365206<br>https://play.google.com/store/apps/details?id=cz.csfd.csfdroid<br>;Academy Awards (4x)<br>British Academy of Film and Television Arts (BAFTA) (7x)<br>Robert Awards (Danish Film Awards) (1x)<br>Amanda Awards (1x)<br>Golden Globes (2x)<br>Critics Choice Awards (2x)<br>The Saturn Awards (8x)<br>;Academy Awards (2x)<br>British Academy of Film and Television Arts (BAFTA) (3x)<br>Critics Choice Awards (1x)<br>The Saturn Awards (4x)<br>;J.R.R. Tolkien
8271;Gladiátor;2000;88.67868357291088;155.0;https://image.pmgstatic.com/cache/resized/w420/files/images/film/posters/159/217/159217194_e183d5.jpg;https://www.csfd.cz/film/8271-gladiator/;USA / Velká Británie;Akční / Dobrodružný / Drama;Gladiátor;"Římský generál Maximus (Russell Crowe) opět dovedl své legie k vítězství na bitevním poli. Válka je vyhrána a Maximus sní o domově. Nepřeje si nic jiného, než se vrátit k ženě a svému synovi. Umírající vládce Marcus Aurelius (Richard Harris) pro něj nicméně má ještě jeden úkol. Žádá, aby se generál ujal vlády. Commodus (Joaquin Phoenix), dědic trůnu, žárlí na vládcovu přízeň Maximovi a nařizuje Maximovu popravu, včetně jeho rodiny. Maximus sice o vlásek unikne smrti, ale těžce zraněného ho ""zachrání"" otrokáři. Maximus se tak dostane do gladiátorské školy a v aréně jeho sláva den ode dne roste. Nyní přichází do Říma, aby pomstil vraždu ženy a svého syna, aby zabil nového císaře - Commoda. Poznal, že jediná moc, silnější než vládcova, je vůle lidu. Cesta, která vede k naplnění Maximovy pomsty je stát se největším hrdinou celé říše.";09.10.2020 United International Pictures UK;láska, smrt, přátelství, přátelé, vražda, násilí, útěk, pomsta, vojáci, rivalita, zrada, souboje, válka, armáda, bitva, starověký Řím, otroctví, Meč a sandály, císař, gladiátoři, aréna;Ridley Scott;Russell Crowe, Joaquin Phoenix, Connie Nielsen, Oliver Reed, Richard Harris, Derek Jacobi, Djimon Hounsou, David Schofield, John Shrapnel, Tomas Arana;https://www.skyshowtime.com/cz/stream/movies/gladiator/ae525648-7873-3973-bd05-798951b13d05<br>https://srv.clickfuse.com/ads/adclkr.php?id=100006636&url=https://tv.apple.com/cz/movie/gladiator/umc.cmc.50lk1pxm803ym8vizumxitxd2<br>https://www.skyshowtime.com/cz/stream/movies/gladiator/ae525648-7873-3973-bd05-798951b13d05<br>https://srv.clickfuse.com/ads/adclkr.php?id=100006636&url=https://tv.apple.com/cz/movie/gladiator/umc.cmc.50lk1pxm803ym8vizumxitxd2<br>https://apps.apple.com/cz/app/id6755365206<br>https://play.google.com/store/apps/details?id=cz.csfd.csfdroid<br>;Academy Awards (7x)<br>British Academy of Film and Television Arts (BAFTA) (10x)<br>European Film Awards (1x)<br>Golden Globes (3x)<br>Los Angeles Film Critics Association Awards (1x)<br>The Saturn Awards (7x)<br>;Academy Awards (5x)<br>British Academy of Film and Television Arts (BAFTA) (5x)<br>Golden Globes (2x)<br>Critics Choice Awards (4x)<br>;
254156;Počátek;2010;88.65639158736126;148.0;https://image.pmgstatic.com/cache/resized/w420/files/images/film/posters/160/620/160620903_69696f.jpg;https://www.csfd.cz/film/254156-pocatek/;USA / Velká Británie;Akční / Sci-Fi / Thriller / Dobrodružný;Inception;Dom Cobb (Leonardo DiCaprio) je zkušený zloděj, absolutní špička v nebezpečném umění extrakce: krádeže cenných tajemství z hloubi podvědomí během snění, kdy je mysl nejzranitelnější. Cobbova vzácná schopnost z něj učinila vyhledávaného hráče v zákeřném světě korporátní špionáže, ale také z něj udělala uprchlíka a stála ho všechno, co kdy miloval. Teď dostane Cobb šanci na vykoupení. Jedna poslední akce mu může vrátit normální život, ale jen pokud se mu podaří provést nemožné – počátek. Místo dokonalé krádeže musí Cobb a jeho tým specialistů zvrátit běh věcí. Jejich úkolem není myšlenku ukrást, ale vnuknout ji. Pokud uspějí, půjde o dokonalý zločin. Ale sebepečlivější plánování a odborná znalost je nemůže připravit na nebezpečného nepřítele, který nejspíš předvídá každý jejich krok. Nepřítel, kterého mohl čekat jen Cobb. Uznávaný režisér Christopher Nolan natočil mezinárodně obsazený sci-fi akční snímek Počátek, který vás zavede nejen na různá místa na světě ale také do intimního a nekonečného světa snů.;16.07.2010 Warner Bros. UK;žena, rodina, smrt, přátelství, přátelé, dívka, tajemství, otec, děti, rodiče, strach, manželé, záhady, dcera, touha, syn, zbraně, ženy, vzpomínky, manipulace, lež, intriky, sny, kolegové, únos, podvod, učitel, tragédie, krádež, zloděj, sebevražda, šílenství, sníh, pocit viny, vydírání, přestřelka, hotel, konspirace, špioni, děda, dědictví, korporace, pláž, iluze, vnoučata, spiknutí, architekt, profesor, lucidní sny;Christopher Nolan;Leonardo DiCaprio, Joseph Gordon-Levitt, Elliot Page, Tom Hardy, Ken Watanabe, Dileep Rao, Cillian Murphy, Tom Berenger, Marion Cotillard, Pete Postlethwaite;https://srv.clickfuse.com/ads/adclkr.php?id=100006636&url=https://tv.apple.com/cz/movie/inception/umc.cmc.6loas01ow0w4lkatxxloz7a6e<br>https://www.youtube.com/watch?v=wiH6ldZOMxY<br>https://srv.clickfuse.com/ads/adclkr.php?id=100006636&url=https://tv.apple.com/cz/movie/inception/umc.cmc.6loas01ow0w4lkatxxloz7a6e<br>https://www.youtube.com/watch?v=wiH6ldZOMxY<br>https://apps.apple.com/cz/app/id6755365206<br>https://play.google.com/store/apps/details?id=cz.csfd.csfdroid<br>;Academy Awards (4x)<br>British Academy of Film and Television Arts (BAFTA) (6x)<br>César Awards (1x)<br>Amanda Awards (1x)<br>Golden Globes (4x)<br>Critics Choice Awards (4x)<br>The Saturn Awards (6x)<br>;Academy Awards (4x)<br>British Academy of Film and Television Arts (BAFTA) (3x)<br>Robert Awards (Danish Film Awards) (1x)<br>Český lev (1x)<br>Critics Choice Awards (6x)<br>Florida Film Critics Circle Awards (4x)<br>Los Angeles Film Critics Association Awards (1x)<br>The Saturn Awards (5x)<br>;
294824;Nespoutaný Django;2012;88.21999333042608;165.0;https://image.pmgstatic.com/cache/resized/w420/files/images/film/posters/158/573/158573265_654565.jpg;https://www.csfd.cz/film/294824-nespoutany-django/;USA;Western / Dobrodružný / Akční / Drama;Django Unchained;Kultovní režisér Quentin Tarantino natočil jižanské drama z období před vypuknutím Občanské války, jehož hlavním hrdinou je otrok Django. Ten má šanci získat díky nájemnému lovci lidí dr. Schultzovi svobodu, pokud se mu povede dopadnout vraždící bratry Brittlovi. Djangovi se tak zároveň naskytne příležitost najít ženu, kterou musel před lety nedobrovolně opustit. Ani jeden z hlavních hrdinů však netuší, jak blízko jsou nejnebezpečnějšímu dobrodružství svého života.;25.12.2012 The Weinstein Company;smrt, přátelství, násilí, útěk, manipulace, 19. století, rasismus, Divoký západ, výbuch, svoboda, pistolníci, sluha, otroctví, Wilhelm scream, lovci lidí, americký jih, Texas, zubař, Ku-klux-klan, plantáž, období 1850-1860;Quentin Tarantino;Jamie Foxx, Christoph Waltz, Leonardo DiCaprio, Kerry Washington, Samuel L. Jackson, Walton Goggins, Dennis Christopher, James Remar, David Steen, Dana Gourrier;https://www.hbomax.com/cz/en/movies/django-unchained/2cddf6a2-495f-4361-aec5-e33738340638<br>https://srv.clickfuse.com/ads/adclkr.php?id=100006636&url=https://tv.apple.com/cz/movie/django-unchained/umc.cmc.1k5z2t463bta6u5dyvu9xsp4g<br>https://www.hbomax.com/cz/en/movies/django-unchained/2cddf6a2-495f-4361-aec5-e33738340638<br>https://srv.clickfuse.com/ads/adclkr.php?id=100006636&url=https://tv.apple.com/cz/movie/django-unchained/umc.cmc.1k5z2t463bta6u5dyvu9xsp4g<br>https://apps.apple.com/cz/app/id6755365206<br>https://play.google.com/store/apps/details?id=cz.csfd.csfdroid<br>;Academy Awards (3x)<br>British Academy of Film and Television Arts (BAFTA) (3x)<br>César Awards (1x)<br>Robert Awards (Danish Film Awards) (1x)<br>Amanda Awards (1x)<br>Golden Globes (3x)<br>Critics Choice Awards (1x)<br>Los Angeles Film Critics Association Awards (1x)<br>New York Film Critics Circle Awards (1x)<br>The Saturn Awards (3x)<br>;Academy Awards (2x)<br>British Academy of Film and Television Arts (BAFTA) (2x)<br>AACTA International Awards (1x)<br>Golden Globes (2x)<br>Critics Choice Awards (1x)<br>The Saturn Awards (1x)<br>;
6444;Nelítostný souboj;1995;88.05449591280654;170.0;https://image.pmgstatic.com/cache/resized/w420/files/images/film/posters/167/312/167312503_6a52ca.jpg;https://www.csfd.cz/film/6444-nelitostny-souboj/;USA;Akční / Drama / Krimi;Heat;Jsou stejně schopní a stejně posedlí. A stojí proti sobě... Lupič Neil McCauley se specializuje na akce, při kterých jde o velké peníze. Ať už připravuje přepadení pancéřového vozu nebo vyloupení banky, vždy se může opřít o spolehlivé spolupracovníky. Každý jeho zločin je pečlivě naplánovaný a provedený s dokonalou profesionalitou. Když McCauley připravuje svou poslední velkou loupež, po které se chystá na odpočinek, je mu už v patách policejní detektiv Vincent Hanna. Potíž je v tom, že Hanna je stejně schopný a stejně posedlý svou prací jako McCauley. Oba muži toho mají společného víc, než se na první pohled zdá: ani jednomu z nich to například v soukromí neklape. Vincentu Hannovi se hroutí už třetí manželství, McCauley pro jistotu nikdy s nikým nenavázal trvalý vztah. Oba by si vlastně mohli skvěle rozumět. Jenže stojí na opačných stranách zákona a jejich setkání nemůže skončit nijak jinak, než soubojem na život a na smrt… Režisér Michael Mann (Miami Vice, Lovec lidí, Poslední Mohykán) natočil strhující kriminální příběh, ve kterém se vedle akčních scén soustředil na podrobný popis toho, jak jeho hrdinové žijí v soukromí a jak své činy připravují. Při uvedení do kin se reklamní slogany zmiňovaly o tom, že se zde poprvé na plátně setkali dva z největších amerických herců Al Pacino a Robert De Niro. Pravda je, že oba předtím hráli ve filmu Kmotr II (1974), kde však neměli žádnou společnou scénu. (Česká televize);15.12.1995 Warner Bros. US;vražda, 20. století, policie, město, zločin, nevěra, zrada, detektiv, kriminalita, gang, podsvětí (svět zločinu), loupež, střelné zbraně, přepadení, přestřelka, prostitutka, sledování, neo-noir, Los Angeles, období 1990-2000, bankovní loupež, banka, letiště, remake, SWAT;Michael Mann;Al Pacino, Robert De Niro, Val Kilmer, Jon Voight, Tom Sizemore, Diane Venora, Amy Brenneman, Ashley Judd, Mykelti Williamson, Wes Studi;https://www.netflix.com/title/70020509<br>https://srv.clickfuse.com/ads/adclkr.php?id=100006636&url=https://tv.apple.com/cz/movie/heat/umc.cmc.556ij13yd85l0n92qpyi9ptf1<br>http://www.ceskatelevize.cz<br>http://www.ceskatelevize.cz<br>https://www.netflix.com/title/70020509<br>https://srv.clickfuse.com/ads/adclkr.php?id=100006636&url=https://tv.apple.com/cz/movie/heat/umc.cmc.556ij13yd85l0n92qpyi9ptf1<br>https://apps.apple.com/cz/app/id6755365206<br>https://play.google.com/store/apps/details?id=cz.csfd.csfdroid<br>;The Saturn Awards (2x)<br>;;
2438;Smrtonosná zbraň;1987;87.7479399646851;110.0;https://image.pmgstatic.com/cache/resized/w420/files/images/film/posters/000/002/2368_3bd779.jpg;https://www.csfd.cz/film/2438-smrtonosna-zbran/;USA;Akční / Krimi / Thriller;Vražedná zbraň;Černošský seržant Roger Murtaugh (Danny Glover), který má pár týdnů do důchodu, dostane za parťáka bílého seržanta Martina Rigse (Mel Gibson), jenž chtěl po smrti manželky spáchat sebevraždu. Z počátku si nepadnou do oka, společně však budou muset vyřešit případ nebezpečného gangu pašeráků drog. Úspěch filmu zaručil další tři pokračování. (Magic Box);06.03.1987 Warner Bros. US;rodina, smrt, vražda, 20. století, otec, matka, rodiče, policie, dcera, zbraně, vrah, Vánoce, drogy, únos, detektiv, sebevražda, období 1980-1990, policejní stanice, výbuch, Los Angeles, automobilová honička, vrtulník, speciální jednotky, sniper;Richard Donner;Mel Gibson, Danny Glover, Gary Busey, Mitchell Ryan, Tom Atkins, Darlene Love, Traci Wolfe, Damon Hines, Ebonie Smith, Jackie Swanson;https://srv.clickfuse.com/ads/adclkr.php?id=100006636&url=https://tv.apple.com/cz/movie/lethal-weapon/umc.cmc.3zifg9pkdpdhuixgprpbs9vd7<br>https://www.youtube.com/watch?v=WiPjScRxyxs<br>https://srv.clickfuse.com/ads/adclkr.php?id=100006636&url=https://tv.apple.com/cz/movie/lethal-weapon/umc.cmc.3zifg9pkdpdhuixgprpbs9vd7<br>https://www.youtube.com/watch?v=WiPjScRxyxs<br>https://apps.apple.com/cz/app/id6755365206<br>https://play.google.com/store/apps/details?id=cz.csfd.csfdroid<br>;Academy Awards (1x)<br>;;
6169;Star Wars: Epizoda IV - Nová naděje;1977;87.65512335950683;121.0;https://image.pmgstatic.com/cache/resized/w420/files/images/film/posters/162/398/162398464_ac2bec.jpg;https://www.csfd.cz/film/6169-star-wars-epizoda-iv-nova-nadeje/;USA;Sci-Fi / Dobrodružný / Fantasy / Akční;Hvězdné války: Epizoda IV - Nová naděje;Rytíři Jedi byli vyhlazeni a Impérium vládne galaxii pevnou rukou. Malá skupina povstalců se odváží vzdorovat a ukradne plány k nejmocnější zbrani Impéria, Hvězdě smrti. Imperátorův nejvěrnější služebník, Darth Vader, musí najít plány a skrytou základnu povstalců. Zpráva o princezně Lei a vůdci rebelů se dostane až k obyčejnému farmáři, Lukovi Skywalkerovi. Ten se řídí svým osudem, zachraňuje princeznu a pomáhá povstalcům svrhnout Impérium společně s takovými nezapomenutelnými spojenci jako: Obi-Wan Kenobi, domýšlivý Han Solo, loajální Chewbacca a droidové R2-D2 a C3PO.;25.05.1977 20th Century Fox;láska, útěk, vojáci, vězení, naděje, mimozemšťané, vesmír, poušť, zlo, roboti, odboj, princezna, vesmírná loď, pašování, Wilhelm scream, povstání, Star Wars, vesmírná stanice, stíhačky;George Lucas;Mark Hamill, Harrison Ford, Carrie Fisher, Peter Cushing, Alec Guinness, Anthony Daniels, Peter Mayhew, David Prowse, Alex Mccrindle, James Earl Jones;https://srv.tunefindforfans.com/showads/track/srvclk.php?aid=100006796&lp=https://www.disneyplus.com/en-cz/browse/entity-9a280e53-fcc0-4e17-a02c-b1f40913eb0b<br>https://srv.clickfuse.com/ads/adclkr.php?id=100006636&url=https://tv.apple.com/cz/movie/star-wars-episode-iv---a-new-hope/umc.cmc.2o65qvudvwq1l1rqjlbyfszwn<br>https://www.youtube.com/watch?v=JCJok0L_aYc<br>https://srv.tunefindforfans.com/showads/track/srvclk.php?aid=100006796&lp=https://www.disneyplus.com/en-cz/browse/entity-9a280e53-fcc0-4e17-a02c-b1f40913eb0b<br>https://srv.clickfuse.com/ads/adclkr.php?id=100006636&url=https://tv.apple.com/cz/movie/star-wars-episode-iv---a-new-hope/umc.cmc.2o65qvudvwq1l1rqjlbyfszwn<br>https://www.youtube.com/watch?v=JCJok0L_aYc<br>/film/1178727-disney-gallery-star-wars-boba-fett-zakon-podsveti/prehled/<br>/film/849599-disney-galerie-star-wars-mandalorian/prehled/<br>https://apps.apple.com/cz/app/id6755365206<br>https://play.google.com/store/apps/details?id=cz.csfd.csfdroid<br>;Academy Awards (4x)<br>British Academy of Film and Television Arts (BAFTA) (4x)<br>Golden Globes (3x)<br>The Saturn Awards (5x)<br>San Sebastián International Film Festival (1x)<br>;Academy Awards (6x)<br>British Academy of Film and Television Arts (BAFTA) (2x)<br>Golden Globes (1x)<br>Los Angeles Film Critics Association Awards (2x)<br>The Saturn Awards (15x)<br>;
6172;Star Wars: Epizoda III - Pomsta Sithů;2005;87.49394181339385;140.0;https://image.pmgstatic.com/cache/resized/w420/files/images/film/posters/158/598/158598197_23dfd6.jpg;https://www.csfd.cz/film/6172-star-wars-epizoda-iii-pomsta-sithu/;USA;Sci-Fi / Fantasy / Dobrodružný / Akční;Star Wars: Episode III - Revenge of the Sith;V třetí epizodě ságy Star Wars zuří Klonové války, které prohloubily rozpory mezi kancléřem Palpatinem a Radou Jediů. Mladý rytíř Jedi Anakin Skywalker se musí rozhodnout, na čí straně bude stát. Podlehne slibům moci a pokušení Temné strany, vstoupí do služeb zlého Darth Sidiouse a stane se z něj Darth Vader. Sithští lordové se chtějí společně pomstít a prvním krokem jejich plánu je likvidace Jediů. Pouze Yoda a Obi-Wan přežijí a musejí se Sithům postavit, což vede k dramatickému souboji světelnými meči mezi Anakinem a Obi-Wanem, který rozhodne o osudu galaxie.;19.05.2005 20th Century Fox;láska, smrt, vražda, tajemství, děti, strach, útěk, pomsta, politika, vojáci, intriky, zrada, souboje, armáda, naděje, těhotenství, mimozemšťané, korupce, vesmír, bitva, roboti, vesmírná loď, genocida, diktátor, Wilhelm scream, Star Wars, vesmírná stanice, stíhačky, vesmírná nehoda;George Lucas;Ewan McGregor, Natalie Portman, Hayden Christensen, Ian McDiarmid, Samuel L. Jackson, Jimmy Smits, Frank Oz, Anthony Daniels, Christopher Lee, Keisha Castle-Hughes;https://srv.tunefindforfans.com/showads/track/srvclk.php?aid=100006796&lp=https://www.disneyplus.com/en-cz/browse/entity-eb1e2c5f-69bf-4240-a61f-7ffc4e0311b3<br>https://srv.clickfuse.com/ads/adclkr.php?id=100006636&url=https://tv.apple.com/cz/movie/star-wars-episode-iii--revenge-of-the-sith/umc.cmc.5nolvqgurfe17eln52s0b7j6j<br>https://www.youtube.com/watch?v=-80NfACIcq8<br>https://srv.tunefindforfans.com/showads/track/srvclk.php?aid=100006796&lp=https://www.disneyplus.com/en-cz/browse/entity-eb1e2c5f-69bf-4240-a61f-7ffc4e0311b3<br>https://srv.clickfuse.com/ads/adclkr.php?id=100006636&url=https://tv.apple.com/cz/movie/star-wars-episode-iii--revenge-of-the-sith/umc.cmc.5nolvqgurfe17eln52s0b7j6j<br>https://www.youtube.com/watch?v=-80NfACIcq8<br>/film/1178727-disney-gallery-star-wars-boba-fett-zakon-podsveti/prehled/<br>/film/849599-disney-galerie-star-wars-mandalorian/prehled/<br>https://apps.apple.com/cz/app/id6755365206<br>https://play.google.com/store/apps/details?id=cz.csfd.csfdroid<br>;Academy Awards (1x)<br>The Saturn Awards (9x)<br>;The Saturn Awards (2x)<br>Golden Raspberry Awards (Razzies) (1x)<br>;
224141;Bourneovo ultimátum;2007;87.24649211630262;115.0;https://image.pmgstatic.com/cache/resized/w420/files/images/film/posters/000/049/49849_fb7a60.jpg;https://www.csfd.cz/film/224141-bourneovo-ultimatum/;USA / Německo / Francie / Španělsko;Akční / Thriller;The Bourne Ultimatum;"Vynořil se z vln Středozemního moře a neměl sebemenší tušení, kdo je. Tehdy se zrodil Agent bez minulosti. Postupně začal skládat střípky do své životní mozaiky, až zjistil, že jeho minulost skrývá řadu temných míst, kterými musí znovu projít, pokud chce o sobě něco zjistit. Tak vznikl Bourneův mýtus. Teď stojí elitní tajný agent Jason Bourne (Matt Damon) na prahu řešení vlastní životní hádanky a chystá se vyhlásit Bourneovo ultimátum. Náročnou cestu za poznáním sebe sama mu prakticky od začátku komplikovala řada nájemných zabijáků, kteří na něm pracovali z pověření jeho bývalých zaměstnavatelů. Ti totiž usilují o pravý opak toho, po čem touží Bourne. Tedy aby si na všechno vzpomněl. Tím jak se víc a víc blíží k odhalení pravdy, zesilují se i jejich nervozita a aktivity jimi najatých vrahů. Agent Jason Bourne před nimi prchá přes Moskvu, Paříž, Londýn a marocký přístav Tanger až do New Yorku, kde se pokusí definitivně dohnat vlastní minulost, aby se mohl začít dívat do budoucnosti. Nebude to mít lehké, protože kromě ostrostřelců z podsvětí ho tu snad kromě armády pronásledují všechny ozbrojené americké složky... Úspěch akční špionážní série podle bestselleru Roberta Ludluma z velké míry souvisí s tím, že si udržuje kontakt s realitou, má velmi chytrou zápletku a charismatického hlavního hrdinu. Ani jeden z těchto důležitých faktorů nebude v Bourneově ultimátu chybět. Režie se znovu ujal uznávaný režisér Paul Greengrass, loni nominovaný na Oscara za režii strhujícího Letu číslo 93, o scénář se stejně jako u předchozích dvou dílů postaral Tony Gilroy, kterému pomáhal slavný britský dramatik s českými kořeny Tom Stoppard. A nechybí samozřejmě ani Matt Damon coby nepolapitelný tajný agent s amnézií. ""Je hodně těžké se k té roli vrátit, protože všichni čekají, že přijdete s něčím novým, zároveň ale nechtějí, aby se Jason Bourne nějak zásadně změnil. Lavírovat mezi těmito dvěma nároky je hodně těžké. Zvlášť když je Bourne jednou z mých nejoblíbenějších postav a nechci jí ublížit,"" říká Matt Damon.";17.08.2007 Universal Pictures España;podle knihy, vzpomínky, zrada, agenti, špioni, CIA;Paul Greengrass;Matt Damon, Julia Stiles, David Strathairn, Scott Glenn, Paddy Considine, Édgar Ramírez, Albert Finney, Joan Allen, Tom Gallop, Corey Johnson;https://www.netflix.com/title/70058031<br>https://srv.tunefindforfans.com/showads/track/srvclk.php?aid=100006796&lp=https://www.disneyplus.com/en-cz/browse/entity-f72f6654-9de9-4e75-862c-00814e907ffe<br>https://www.skyshowtime.com/cz/stream/movies/bourneovo-ultimatum/3cc027cc-0435-3cd1-aa6d-c0d4467c289c<br>https://srv.clickfuse.com/ads/adclkr.php?id=100006636&url=https://tv.apple.com/cz/movie/the-bourne-ultimatum/umc.cmc.30j71boyk069em8ik6t7kh34k<br>https://www.youtube.com/watch?v=CZKuiy6HmkY<br>https://www.netflix.com/title/70058031<br>https://srv.tunefindforfans.com/showads/track/srvclk.php?aid=100006796&lp=https://www.disneyplus.com/en-cz/browse/entity-f72f6654-9de9-4e75-862c-00814e907ffe<br>https://www.skyshowtime.com/cz/stream/movies/bourneovo-ultimatum/3cc027cc-0435-3cd1-aa6d-c0d4467c289c<br>https://srv.clickfuse.com/ads/adclkr.php?id=100006636&url=https://tv.apple.com/cz/movie/the-bourne-ultimatum/umc.cmc.30j71boyk069em8ik6t7kh34k<br>https://www.youtube.com/watch?v=CZKuiy6HmkY<br>https://apps.apple.com/cz/app/id6755365206<br>https://play.google.com/store/apps/details?id=cz.csfd.csfdroid<br>;British Academy of Film and Television Arts (BAFTA) (4x)<br>The Saturn Awards (3x)<br>;Academy Awards (3x)<br>British Academy of Film and Television Arts (BAFTA) (2x)<br>;Robert Ludlum
6474;Star Wars: Epizoda VI - Návrat Jediů;1983;87.17360599361336;131.0;https://image.pmgstatic.com/cache/resized/w420/files/images/film/posters/162/398/162398468_0f5cec.jpg;https://www.csfd.cz/film/6474-star-wars-epizoda-vi-navrat-jediu/;USA;Sci-Fi / Dobrodružný / Fantasy / Akční;Star Wars: Epizoda VI - Návrat Jediho;Luke Skywalker se vrátil na svou rodnou planetu Tatooine ve snaze zachránit svého přítele Hana Sola z pazourů zlého gangstera Jabba Hutta. Málo však Luke ví o tom, že GALAKTICKÉ IMPÉRIUM začalo tajně stavět novou obrněnou bojovou vesmírnou stanici, která je ještě silnější než ta první - obávaná Hvězda Smrti. Po dokončení by tato zbraň přinesla jistou zkázu malé skupině rebelů, bojujících za znovuobnovení svobody v Galaxii...;25.05.1983 20th Century Fox;smrt, zbraně, pomsta, sourozenci, vojáci, souboje, les, válka, naděje, mimozemšťané, vesmír, poušť, bitva, roboti, odboj, princezna, vesmírná loď, diktátor, Wilhelm scream, povstání, lovci lidí, Star Wars, tank, vojenská základna, vesmírná stanice, stíhačky, vesmírná nehoda;Richard Marquand;Mark Hamill, Harrison Ford, Carrie Fisher, Billy Dee Williams, Anthony Daniels, Peter Mayhew, Ian McDiarmid, Frank Oz, James Earl Jones, David Prowse;https://srv.tunefindforfans.com/showads/track/srvclk.php?aid=100006796&lp=https://www.disneyplus.com/en-cz/browse/entity-4b6e7cda-daa5-4f2d-9b61-35bbe562c69c<br>https://srv.clickfuse.com/ads/adclkr.php?id=100006636&url=https://tv.apple.com/cz/movie/star-wars-episode-vi---return-of-the-jedi/umc.cmc.3ggalukb7xb5pf1gfgdlwkcx<br>https://www.youtube.com/watch?v=oQlXpbC69DU<br>https://srv.tunefindforfans.com/showads/track/srvclk.php?aid=100006796&lp=https://www.disneyplus.com/en-cz/browse/entity-4b6e7cda-daa5-4f2d-9b61-35bbe562c69c<br>https://srv.clickfuse.com/ads/adclkr.php?id=100006636&url=https://tv.apple.com/cz/movie/star-wars-episode-vi---return-of-the-jedi/umc.cmc.3ggalukb7xb5pf1gfgdlwkcx<br>https://www.youtube.com/watch?v=oQlXpbC69DU<br>/film/1178727-disney-gallery-star-wars-boba-fett-zakon-podsveti/prehled/<br>/film/849599-disney-galerie-star-wars-mandalorian/prehled/<br>https://apps.apple.com/cz/app/id6755365206<br>https://play.google.com/store/apps/details?id=cz.csfd.csfdroid<br>;Academy Awards (4x)<br>British Academy of Film and Television Arts (BAFTA) (3x)<br>The Saturn Awards (6x)<br>;British Academy of Film and Television Arts (BAFTA) (1x)<br>The Saturn Awards (6x)<br>;
1249;Terminátor;1984;87.16022567742961;107.0;https://image.pmgstatic.com/cache/resized/w420/files/images/film/posters/164/654/164654904_3bbdaf.jpg;https://www.csfd.cz/film/1249-terminator/;USA / Velká Británie;Akční / Sci-Fi / Thriller;Terminátor;Z roku 2029 je do Los Angeles roku 1984 vyslán zabijácký stroj podobný člověku. Má za úkol zabít Sarah Connorovou dřív, než přivede na svět syna, který se má později stát vůdcem lidí ve válce proti strojům. Lidé žijící v budoucnosti ovšem do současnosti také vyslali svého muže, který se bude snažit Sarah zachránit.;01.09.1990 Ústřední půjčovna filmů;láska, smrt, policie, útěk, zbraně, vojáci, válka, těhotenství, autonehoda, letadla, sledování, roboti, cestování časem, policejní stanice, motorky, Los Angeles, antiutopie, automobilová honička, umělá inteligence, kyberpunk, nadvláda počítačů;James Cameron;Arnold Schwarzenegger, Michael Biehn, Linda Hamilton, Paul Winfield, Lance Henriksen, Rick Rossovich, Earl Boen, Dick Miller, Franco Columbu, Bill Paxton;https://srv.clickfuse.com/ads/adclkr.php?id=100006636&url=https://tv.apple.com/cz/movie/the-terminator/umc.cmc.14nmbhqhdyj6b4dfol85fpoou<br>https://www.youtube.com/watch?v=n87n9YELjB4<br>/novinky/8903-hbo-planuje-dalsi-draci-spinoff-o-aegonovi/<br>/novinky/8903-hbo-planuje-dalsi-draci-spinoff-o-aegonovi/<br>/novinky/8903-hbo-planuje-dalsi-draci-spinoff-o-aegonovi/<br>https://srv.clickfuse.com/ads/adclkr.php?id=100006636&url=https://tv.apple.com/cz/movie/the-terminator/umc.cmc.14nmbhqhdyj6b4dfol85fpoou<br>https://www.youtube.com/watch?v=n87n9YELjB4<br>https://apps.apple.com/cz/app/id6755365206<br>https://play.google.com/store/apps/details?id=cz.csfd.csfdroid<br>;The Saturn Awards (4x)<br>;The Saturn Awards (3x)<br>Avoriaz International Fantastic Film Festival (1x)<br>;
2302;Uprchlík;1993;87.16537768348049;130.0;https://image.pmgstatic.com/cache/resized/w420/files/images/film/posters/168/191/168191673_2b3xa2.jpg;https://www.csfd.cz/film/2302-uprchlik/;USA;Akční / Thriller / Drama;The Fugitive;Byl spokojený jako málokdo. Úspěšný chirurg s vysokými příjmy, luxusním vozem a pohodlnou vilou. Mezi přáteli oblíben, mezi kolegy uznáván. To vše se jednoho večera drastický změnilo. Doktor Richard Kimble (Harrison Ford) po návratu z nemocnice nalézá svou milovanou krásnou manželku s roztříštěnou hlavou v tratolišti krve. Vzápětí se brutální útočník vrhne i na něj. Krátký zmatený zápas, násilník prchá a doktor zoufale objímá svou umírající manželku. Když Kimble vypráví mužům zákona svůj příběh, popisuje násilníka jako muže, který měl místo jedné ruky protézu. Historka je natolik absurdní, že mu policisté nevěří a ještě včera bezúhonný muž se stává hlavním podezřelým a díky zdánlivě neotřesitelným důkazům je nakonec odsouzen za úkladnou vraždu k trestu smrti. Při přepravě z jedné věznice do druhé se mu ovšem za velmi dramatických okolností podaří prchnout. Jeho život má nyní jediný smysl - musí najít skutečného vraha své ženy. Po stopách uprchlíka se vzápětí vydávají specialisté z FBI. Hon na člověka vede zkušený agent Sam Gerhard (Tommy Lee Jones). Z doktora Kimbla se stal muž bez budoucnosti, štvanec, který zdánlivě nemá šanci na přežití...;06.08.1993 Warner Bros. US;muž, smrt, vražda, 20. století, tajemství, policie, manželé, záhady, útěk, zbraně, vyšetřování, vrah, oběť (autonehody/zločinu), pátrání, pomsta, manipulace, intriky, pronásledování, kolegové, doktoři, detektiv, tragédie, nemocnice, agenti, nespravedlnost, křivé obvinění, sledování, šerif, období 1990-2000, FBI, trest smrti, uprchlý trestanec, svátky, Chicago, whodunit;Andrew Davis;Harrison Ford, Tommy Lee Jones, Sela Ward, Julianne Moore, Joe Pantoliano, Andreas Katsulas, Jeroen Krabbé, Daniel Roebuck, L. Scott Caldwell, Tom Wood;https://srv.clickfuse.com/ads/adclkr.php?id=100006636&url=https://tv.apple.com/cz/movie/the-fugitive/umc.cmc.3tsehorltvu1tx6ouqu5o913l<br>https://www.youtube.com/watch?v=08cLs459kwg<br>https://srv.clickfuse.com/ads/adclkr.php?id=100006636&url=https://tv.apple.com/cz/movie/the-fugitive/umc.cmc.3tsehorltvu1tx6ouqu5o913l<br>https://www.youtube.com/watch?v=08cLs459kwg<br>https://apps.apple.com/cz/app/id6755365206<br>https://play.google.com/store/apps/details?id=cz.csfd.csfdroid<br>;Academy Awards (6x)<br>British Academy of Film and Television Arts (BAFTA) (3x)<br>Golden Globes (2x)<br>New York Film Critics Circle Awards (1x)<br>;Academy Awards (1x)<br>British Academy of Film and Television Arts (BAFTA) (1x)<br>Golden Globes (1x)<br>Los Angeles Film Critics Association Awards (1x)<br>;
8283;Poslední skaut;1991;87.007677898767;105.0;https://image.pmgstatic.com/cache/resized/w420/files/images/film/posters/159/527/159527985_335bf7.jpg;https://www.csfd.cz/film/8283-posledni-skaut/;USA;Akční / Krimi / Thriller / Komedie;The Last Boy Scout;Soukromý detektiv Joe Hallenbeck je najat tanečnicí Cory jako tělesná stráž. Příliš se neosvědčí. Cory je v noci na ulici zastřelena neznámými zabijáky a Joe si jen se štěstím zachrání holý život. Spojí se s ním Coryin přítel, černý hráč amerického fotbalu Jimmy Dix, který byl vyřazen zkorumpovaným manažerem Marconem ze svého týmu. Oba muži prohledají Coryin byt a naleznou důkazy o tom, že Marcone podplácel senátora Baynarda, čehož se dívka snažila využít, aby byl Jimmy přijat zpátky do mužstva. Marconeho muži se zmocní Joea. Manažer detektivovi s úsměvem sdělí, že senátor začíná dělat problémy a proto bude při předávání posledního úplatku zlikvidován. Samozřejmě tak, aby z vraždy mohl být obviněn Hallenbeck. Joeovi se však podaří s pomocí Jimmyho z nastražené pasti uniknout. S buldočí neústupností jde po Marconeovi, rozhodnut zničit ho za každou cenu...;13.12.1991 Warner Bros. US;vražda, otec, dcera, peníze, nevěra, detektiv, vydírání, výbuch, automobilová honička, americký fotbal, bodyguard, buddy movie;Tony Scott;Bruce Willis, Damon Wayans, Chelsea Field, Noble Willingham, Taylor Negron, Danielle Harris, Halle Berry, Bruce McGill, Badja Djola, Kim Coates;https://apps.apple.com/cz/app/id6755365206<br>https://play.google.com/store/apps/details?id=cz.csfd.csfdroid<br>;;;
792366;Spider-Man: Napříč paralelními světy;2023;87.05903756936232;140.0;https://image.pmgstatic.com/cache/resized/w420/files/images/film/posters/167/473/167473003_995qp3.png;https://www.csfd.cz/film/792366-spider-man-napric-paralelnimi-svety/;USA;Animovaný / Akční / Dobrodružný / Sci-Fi;Spider-Man: Across the Spider-Verse;Miles Morales, který je nyní na plný úvazek dobrým sousedem Spider-Manem v Brooklynu, se znovu setkává s Gwen Stacyovou, se kterou se vydá na zběsilou jízdu Mnohovesmírem, v němž se setká s novou partou Pavoučích hrdinů, kteří brání samotnou podstatu paralelních světů. Když se však mezi Pavoučími hrdiny objeví rozpor, jak se vypořádat s novým nebezpečím, Miles zjistí, že bude muset přehodnotit, co pro něj znamená být hrdinou, aby zachránil ty, které na světě miluje nejvíc. (Falcon);02.06.2023 Sony Pictures;rodina, smrt, přátelství, přátelé, tajemství, otec, matka, policie, syn, škola, dospívání, souboje, střední škola, superhrdina, Marvel Comics, osud, paralelní svět, Spider-Man;Joaquim Dos Santos, Kemp Powers, Justin K. Thompson;Shameik Moore, Hailee Steinfeld, Oscar Isaac, Jake Johnson, Brian Tyree Henry, Luna Lauren Velez, Jason Schwartzman, Issa Rae, Rachel Dratch, Shea Whigham;https://www.hbomax.com/cz/en/movies/spider-man-across-the-spider-verse/08f3260f-1512-4c90-a3df-fc2e407ba708<br>https://srv.clickfuse.com/ads/adclkr.php?id=100006636&url=https://tv.apple.com/cz/movie/spider-man-across-the-spider-verse/umc.cmc.2zphwshxw2ejh2znevhod0u01<br>https://www.youtube.com/watch?v=u7xGrYejTtY<br>https://sledovanitv.cz/epg/event/HBO2:20260309cda480829c6f72f3440e59465df8ce1f<br>https://www.hbomax.com/cz/en/movies/spider-man-across-the-spider-verse/08f3260f-1512-4c90-a3df-fc2e407ba708<br>https://srv.clickfuse.com/ads/adclkr.php?id=100006636&url=https://tv.apple.com/cz/movie/spider-man-across-the-spider-verse/umc.cmc.2zphwshxw2ejh2znevhod0u01<br>https://www.youtube.com/watch?v=u7xGrYejTtY<br>https://sledovanitv.cz/epg/event/HBO2:20260309cda480829c6f72f3440e59465df8ce1f<br>https://apps.apple.com/cz/app/id6755365206<br>https://play.google.com/store/apps/details?id=cz.csfd.csfdroid<br>;Academy Awards (1x)<br>British Academy of Film and Television Arts (BAFTA) (2x)<br>Golden Globes (3x)<br>Critics Choice Awards (2x)<br>Florida Film Critics Circle Awards (3x)<br>The Saturn Awards (1x)<br>;Critics Choice Awards (1x)<br>The Saturn Awards (1x)<br>;
5435;Sedm samurajů;1954;86.89876201847547;160.0;https://image.pmgstatic.com/cache/resized/w420/files/images/film/posters/160/871/160871960_1e59bc.png;https://www.csfd.cz/film/5435-sedm-samuraju/;Japonsko;Akční / Drama;Šičinin no samurai;Slavná legenda o hrstce odvážných, kteří se postavili na stranu bezbranných. Nejslavnější japonský film všech dob, předchůdce filmu Sedm statečných. Těžko by se asi hledal někdo, kdo by neznal legendární americký western o hrstce statečných, kteří se v počtu chabých sedmi postaví přesile banditů, aby ochránili bezbrannou vesnici na odlehlém venkově proti rabování. Western Johna Sturgese patří již téměř půl století k nesmrtelným filmovým evergreenům. Ale jen málokdo ví, že by vůbec nevznikl, nebýt jednoho fenomenálního režiséra, jehož originální umění přesáhlo daleko za hranice rodného Japonska. Že dobrodružný příběh sedmi potulných pistolníků byl přímo inspirován samurajským filmem Akiry Kurosawy, jenž se odehrává ve feudálním Japonsku 16. století. A že to zdaleka není jediný případ amerického hitu inspirovaného dílem tohoto japonského klasika.;26.04.1954 Toho Company;černobílý film, láska, strach, pomsta, vesnice, Japonsko, trénink, bitva, bandité, samurajové;Akira Kurosawa;Takaši Šimura, Daisuke Kató, Minoru Čiaki, Isao Kimura, Seidži Mijaguči, Toširó Mifune, Kamatari Fudžiwara, Acuši Watanabe, Isao Jamagata, Noriko Sengoku;https://apps.apple.com/cz/app/id6755365206<br>https://play.google.com/store/apps/details?id=cz.csfd.csfdroid<br>;Academy Awards (2x)<br>British Academy of Film and Television Arts (BAFTA) (3x)<br>New York Film Critics Circle Awards (1x)<br>Venice Film Festival (1x)<br>;Venice Film Festival (1x)<br>;
1098951;Duna: Část druhá;2024;86.8188605108055;166.0;https://image.pmgstatic.com/cache/resized/w420/files/images/film/posters/168/608/168608387_g1c1zx.jpg;https://www.csfd.cz/film/1098951-duna-cast-druha/;USA / Kanada;Sci-Fi / Akční / Dobrodružný / Drama;Dune: Part Two;V druhé části se Paul Atreides spojí s Chani a Fremeny a zároveň se vydá na válečnou stezku pomsty proti spiklencům, kteří zničili jeho rodinu. Čelí volbě mezi svou životní láskou a osudem známého vesmíru a snaží se zabránit strašlivé budoucnosti, kterou může předvídat jen on. (Vertical Entertainment);01.03.2024 Warner Bros. US;podle knihy, muž, láska, rodina, smrt, přátelství, přátelé, vražda, násilí, dívka, otec, matka, rodiče, strach, dcera, syn, chlapec, zbraně, vrah, ženy, cestování, pomsta, sourozenci, vojáci, intriky, putování, rivalita, nevěra, boj o přežití, souboje, bratři, válka, armáda, náboženství, monstra, těhotenství, víra, voda, vesmír, král, konspirace, špioni, poušť, bitva, princezna, vesmírná loď, loajalita, strýc, synovec, zbraně hromadného ničení, proroctví, space opera, prorok;Denis Villeneuve;Timothée Chalamet, Zendaya, Rebecca Ferguson, Javier Bardem, Josh Brolin, Austin Butler, Florence Pugh, Dave Bautista, Christopher Walken, Léa Seydoux;https://www.hbomax.com/cz/en/movies/dune-part-two/f0a4f239-0b57-47e2-a39a-54fb96925e61<br>https://srv.clickfuse.com/ads/adclkr.php?id=100006636&url=https://tv.apple.com/cz/movie/dune-part-two/umc.cmc.363aycnv6vy9qgekvew6fveb9<br>https://www.youtube.com/watch?v=0EUs7wuLtFk<br>https://sledovanitv.cz/epg/event/HBO:2025121672760da015ff165edf6133042bdf0845<br>https://www.hbomax.com/cz/en/movies/dune-part-two/f0a4f239-0b57-47e2-a39a-54fb96925e61<br>https://srv.clickfuse.com/ads/adclkr.php?id=100006636&url=https://tv.apple.com/cz/movie/dune-part-two/umc.cmc.363aycnv6vy9qgekvew6fveb9<br>https://www.youtube.com/watch?v=0EUs7wuLtFk<br>https://sledovanitv.cz/epg/event/HBO:2025121672760da015ff165edf6133042bdf0845<br>https://apps.apple.com/cz/app/id6755365206<br>https://play.google.com/store/apps/details?id=cz.csfd.csfdroid<br>;Academy Awards (3x)<br>British Academy of Film and Television Arts (BAFTA) (5x)<br>Golden Globes (2x)<br>Critics Choice Awards (9x)<br>Florida Film Critics Circle Awards (3x)<br>The Saturn Awards (9x)<br>;Academy Awards (2x)<br>British Academy of Film and Television Arts (BAFTA) (2x)<br>Critics Choice Awards (1x)<br>Florida Film Critics Circle Awards (2x)<br>The Saturn Awards (5x)<br>;Frank Herbert
6648;Predátor;1987;86.61642728756823;107.0;https://image.pmgstatic.com/cache/resized/w420/files/images/film/posters/160/570/160570338_5d8063.jpg;https://www.csfd.cz/film/6648-predator/;USA;Akční / Sci-Fi / Horor;Predator;V džungli přistane kosmická loď, na jejíž palubě je dokonale vybavený mimozemský nimrod. Lovnou zvěří se pro něj stávají nejen dravci obývající džungli, ale také lidé. To je prolog slavného filmu, který je oblíbenou žánrovou kombinací akčních příběhů o amerických komandos, hororu a SF. Oddíl pod vedením zkušeného majora Dutche Schaefera je vysazen na nepřátelském území, kde má uprostřed džungle vysvobodit několik amerických vojáků ze zajetí partyzánů. Po úspěšně provedené akci se však američtí vojáci musí utkat s daleko tajemnějším a nebezpečnějším nepřítelem. Džungle se mění v past, z níž není úniku a američtí hrdinové poprvé v životě poznávají, co je to strach. Film, který dnes již bývá řazen ke klasice žánru, zaujme především napětím a houstnoucí atmosférou strachu, kdy jsou američtí supermani pomalu vyváděni z rutinní statečnosti a rovnováhy. Stejně zdařilé je i pojetí mimozemšťana, neostré, děsivě tajuplné postavy, využívající dokonalé mimikry, jehož přítomnost signalizuje pouze termografie jeho pohledu. Teprve v závěrečné scéně se na scéně objevují v celé hrůznosti dokonalé masky Stana Winstona.;12.06.1987 20th Century Fox;násilí, zbraně, boj o přežití, gore, mimozemšťané, džungle, lov, výbuch, past, vrtulník, speciální jednotky, Střední Amerika, neviditelnost, Guatemala;John McTiernan;Arnold Schwarzenegger, Carl Weathers, Elpidia Carrillo, Bill Duke, Jesse Ventura, Sonny Landham, Richard Chaves, R.G. Armstrong, Shane Black, Kevin Peter Hall;https://srv.tunefindforfans.com/showads/track/srvclk.php?aid=100006796&lp=https://www.disneyplus.com/en-cz/browse/entity-784d3d44-0cf3-429c-a372-bbf8ecbedba7<br>https://srv.clickfuse.com/ads/adclkr.php?id=100006636&url=https://tv.apple.com/cz/movie/predator/umc.cmc.4axzo5v4q64albtyks88pbp01<br>https://www.youtube.com/watch?v=K0LhFxZXIq0<br>https://srv.tunefindforfans.com/showads/track/srvclk.php?aid=100006796&lp=https://www.disneyplus.com/en-cz/browse/entity-784d3d44-0cf3-429c-a372-bbf8ecbedba7<br>https://srv.clickfuse.com/ads/adclkr.php?id=100006636&url=https://tv.apple.com/cz/movie/predator/umc.cmc.4axzo5v4q64albtyks88pbp01<br>https://www.youtube.com/watch?v=K0LhFxZXIq0<br>https://apps.apple.com/cz/app/id6755365206<br>https://play.google.com/store/apps/details?id=cz.csfd.csfdroid<br>;Academy Awards (1x)<br>The Saturn Awards (3x)<br>;The Saturn Awards (1x)<br>;
8266;Černý jestřáb sestřelen;2001;86.61319934293168;145.0;https://image.pmgstatic.com/cache/resized/w420/files/images/film/posters/158/599/158599622_14f925.jpg;https://www.csfd.cz/film/8266-cerny-jestrab-sestrelen/;USA / Velká Británie;Akční / Válečný / Drama;Black Hawk Down;Část elitní jednotky armády USA je v roce 1993 poslána do somálského Mogadishu, aby se stala součástí mírové operace Spojených národů. Úkolem mise je unést několik vysokých důstojníků somálského diktátora. Jde o součást strategického plánu na potlačení občanské války, která zuří po celé zemi. Ovšem zdánlivě bezpečně naplánovaná mise se obrátí nesprávným směrem. Rangers i veteráni musí bok po boku bojovat proti zdrcující přesile a prchat za nepřátelskými liniemi dokud se záchrannému konvoji nepodaří vyrazit k jejich záchraně. V těžkém boji umírají přátelé, formují se vztahy, chlapci se stávají muži a vojáci se učí jak vypadá skutečná tvář války a hrdinství.;18.01.2002 Columbia/Sony;podle knihy, muž, smrt, 20. století, násilí, strach, město, zbraně, oběť (autonehody/zločinu), pátrání, politika, vojáci, podle skutečného příběhu, kolegové, boj o přežití, válka, armáda, zranění, nehoda, korupce, Afrika, období 1990-2000, vrtulník, speciální jednotky, letecká nehoda, podzim, tank, OSN;Ridley Scott;Josh Hartnett, Ewan McGregor, Tom Sizemore, Eric Bana, William Fichtner, Ewen Bremner, Sam Shepard, Gabriel Casseus, Kim Coates, Hugh Dancy;https://www.hbomax.com/cz/en/movies/black-hawk-down/29e5ea6c-c3df-4e52-b176-75ad0109cb4e<br>https://srv.clickfuse.com/ads/adclkr.php?id=100006636&url=https://tv.apple.com/cz/movie/black-hawk-down/umc.cmc.54i1kouogtrem4mgqc068agfk<br>https://www.youtube.com/watch?v=KcUow-eVShQ<br>https://www.hbomax.com/cz/en/movies/black-hawk-down/29e5ea6c-c3df-4e52-b176-75ad0109cb4e<br>https://srv.clickfuse.com/ads/adclkr.php?id=100006636&url=https://tv.apple.com/cz/movie/black-hawk-down/umc.cmc.54i1kouogtrem4mgqc068agfk<br>https://www.youtube.com/watch?v=KcUow-eVShQ<br>https://apps.apple.com/cz/app/id6755365206<br>https://play.google.com/store/apps/details?id=cz.csfd.csfdroid<br>;Academy Awards (2x)<br>British Academy of Film and Television Arts (BAFTA) (3x)<br>The Saturn Awards (2x)<br>;Academy Awards (2x)<br>;Mark Bowden
136224;Batman začíná;2005;86.57638595006348;140.0;https://image.pmgstatic.com/cache/resized/w420/files/images/film/posters/158/603/158603120_c2eb41.jpg;https://www.csfd.cz/film/136224-batman-zacina/;USA / Velká Británie;Akční / Dobrodružný;Batman Begins;Film popisuje počátky legendy o tajemném Batmanovi a zjevení Temného rytíře coby síly dobra v Gotham City. Zklamaný dědic továren Bruce Wayne cestuje těsně po úmrtí svých rodičů po světě a hledá způsob, jakým by bojoval s nespravedlností a jak by obrátil strach proti těm, kteří okrádají bázlivé. Po čase se vrací zpět do Gotham City a vzápětí vypouští do světa své druhé já, maskovaného bojovníka Batmana, který používá svoji sílu, inteligenci a řadu svých technických vymožeností k boji proti zlověstným silám, které ohrožují město...;17.06.2005 Warner Bros. UK;vražda, násilí, tajemství, rodiče, policie, město, pomsta, peníze, souboje, detektiv, nenávist, gang, podle komiksu, korupce, bojová umění, superhrdina, reportéři, dědictví, DC Comics, psychiatrická léčebna, požár, sluha, automobilová honička, výcvik, halucinace, jeskyně, Batman, Scarecrow (DC Comics), Ra's al Ghul, Mr. Zsasz;Christopher Nolan;Christian Bale, Michael Caine, Liam Neeson, Katie Holmes, Gary Oldman, Cillian Murphy, Tom Wilkinson, Rutger Hauer, Linus Roache, Mark Boone Junior;https://www.netflix.com/title/70021642<br>https://srv.clickfuse.com/ads/adclkr.php?id=100006636&url=https://tv.apple.com/cz/movie/batman-begins/umc.cmc.3hb1d6tch6co0qrrcbmleflf2<br>https://www.youtube.com/watch?v=bGoPTND-Au8<br>https://www.netflix.com/title/70021642<br>https://srv.clickfuse.com/ads/adclkr.php?id=100006636&url=https://tv.apple.com/cz/movie/batman-begins/umc.cmc.3hb1d6tch6co0qrrcbmleflf2<br>https://www.youtube.com/watch?v=bGoPTND-Au8<br>https://apps.apple.com/cz/app/id6755365206<br>https://play.google.com/store/apps/details?id=cz.csfd.csfdroid<br>;Academy Awards (1x)<br>British Academy of Film and Television Arts (BAFTA) (3x)<br>The Saturn Awards (7x)<br>Golden Raspberry Awards (Razzies) (1x)<br>;The Saturn Awards (3x)<br>;Bob Kane, Bill Finger
2439;Smrtonosná zbraň 2;1989;86.56130465654275;107.0;https://image.pmgstatic.com/cache/resized/w420/files/images/film/posters/000/002/2366_b7c0c1.jpg;https://www.csfd.cz/film/2439-smrtonosna-zbran-2/;USA;Akční / Krimi / Thriller;Lethal Weapon 2;"Los Angeles. Policisté Martin Riggs a Roger Murtaugh jsou na stopě pašeráků drog. Sledování účetního Lea Getze, který zpronevěřil mafiánské peníze, je přivádí k jihoafrickému diplomatovi Ruddovi. Oba detektivové mají dostatek důkazů, ale Rudd a jeho zabijáci pod rouškou diplomatické imunity nerušeně pracují dál. Riggs, přezdívaný ""Smrtonosná zbraň"", se uchyluje k nevybíravým metodám. Využije proti Ruddovi i jeho přitažlivou sekretářku. Mezi gangstery a oběma policisty vypukne nevyhlášená válka. Murtaugh se štěstím unikne nastražené bombě a Riggsův karavan se po setkání s Ruddovými muži změní v rozstřílenou trosku. Nezničitelní detektivové však pomalu získávají převahu a Rudd se chystá k ústupu. Schyluje se k rozhodujícímu střetnutí v docích losangelského přístavu...";07.07.1989 Warner Bros. US;žena, rodina, smrt, přátelství, přátelé, vražda, 20. století, otec, matka, rodiče, policie, dcera, vrah, drogy, mafie, období 1980-1990, pašování, automobilová honička, apartheid;Richard Donner;Mel Gibson, Danny Glover, Joe Pesci, Joss Ackland, Derrick O'Connor, Patsy Kensit, Darlene Love, Traci Wolfe, Steve Kahan, Mark Rolston;https://srv.clickfuse.com/ads/adclkr.php?id=100006636&url=https://tv.apple.com/cz/movie/lethal-weapon-2/umc.cmc.2r0mx0rv7dc43avenzuenx3qz<br>https://www.youtube.com/watch?v=sUkTb3xgirM<br>https://srv.clickfuse.com/ads/adclkr.php?id=100006636&url=https://tv.apple.com/cz/movie/lethal-weapon-2/umc.cmc.2r0mx0rv7dc43avenzuenx3qz<br>https://www.youtube.com/watch?v=sUkTb3xgirM<br>https://apps.apple.com/cz/app/id6755365206<br>https://play.google.com/store/apps/details?id=cz.csfd.csfdroid<br>;Academy Awards (1x)<br>;;
116651;Animatrix: Poslední let Osirise;2003;86.81879194630872;11.0;https://image.pmgstatic.com/cache/resized/w420/files/images/film/posters/027/458/27458224_14b600.jpg;https://www.csfd.cz/film/116651-animatrix-posledni-let-osirise/;USA;Animovaný / Krátkometrážní / Sci-Fi / Akční;The Animatrix: Final Flight of the Osiris;Jedna z povstaleckých lodí, križujúca posapokalyptický skutočný svet, je napadnutá strojmi. Jeden z jej členov sa musí čo najrýchlejšie napojiť do Matrixu a varovať posledné ľudské mesto - Sion... (Avathar);Na DVD od 03.06.2003 Warner Bros. CZ;;Andrew R. Jones;Pamela Adlon, John DiMaggio, Tom Kenny, Rick Gomez, Tara Strong, Kevin Michael Richardson, Makoto Jasumura, Mizuki Saitó, Tomo Šigemacu;https://apps.apple.com/cz/app/id6755365206<br>https://play.google.com/store/apps/details?id=cz.csfd.csfdroid<br>;;;
252669;Temný rytíř povstal;2012;86.4602095723591;158.0;https://image.pmgstatic.com/cache/resized/w420/files/images/film/posters/019/190/19190995_a78def.jpg;https://www.csfd.cz/film/252669-temny-rytir-povstal/;USA / Velká Británie;Akční / Krimi / Drama / Thriller;The Dark Knight Rises;Je tomu již osm let, co se Batman vytratil do noci, čímž se tak z hrdiny změnil v uprchlíka. Tím, že na něj padla vina za smrt Harveyho Denta, obětoval temný rytíř všechno pro to, co společně s komisařem Gordonem považoval za vyšší dobro. A na čas tato lež skutečně zabírala, když byla kriminální aktivita v Gothamu rozdrcena silou Dentova odkazu. Všechno se ale mění s příchodem prohnané zlodějky a jejích tajemných zájmů. Avšak ještě daleko nebezpečnější je nástup Banea, maskovaného teroristy, jehož nelítostný plán proti Gothamu vyžene Bruce z jeho dobrovolného exilu. Avšak ani pokud si znovu nasadí svou masku a temnou kápi, nemusí jeho síly proti Baneovi stačit.;20.07.2012 Warner Bros. UK;tajemství, policie, strach, město, útěk, zbraně, pomsta, zrada, vězení, souboje, detektiv, gang, podle komiksu, superhrdina, DC Comics, policejní stanice, motorky, bomba, sluha, anarchismus, automobilová honička, maska, Batman, Catwoman, Bane;Christopher Nolan;Christian Bale, Gary Oldman, Tom Hardy, Joseph Gordon-Levitt, Anne Hathaway, Marion Cotillard, Morgan Freeman, Michael Caine, Matthew Modine, Alon Aboutboul;https://www.netflix.com/title/70213514<br>https://srv.clickfuse.com/ads/adclkr.php?id=100006636&url=https://tv.apple.com/cz/movie/the-dark-knight-rises/umc.cmc.4chkhft26y3bhfxrtfjemtp2c<br>https://www.youtube.com/watch?v=FWleCorcsxE<br>https://www.netflix.com/title/70213514<br>https://srv.clickfuse.com/ads/adclkr.php?id=100006636&url=https://tv.apple.com/cz/movie/the-dark-knight-rises/umc.cmc.4chkhft26y3bhfxrtfjemtp2c<br>https://www.youtube.com/watch?v=FWleCorcsxE<br>https://apps.apple.com/cz/app/id6755365206<br>https://play.google.com/store/apps/details?id=cz.csfd.csfdroid<br>;British Academy of Film and Television Arts (BAFTA) (1x)<br>Robert Awards (Danish Film Awards) (1x)<br>Critics Choice Awards (4x)<br>Los Angeles Film Critics Association Awards (1x)<br>The Saturn Awards (6x)<br>;The Saturn Awards (1x)<br>;Bob Kane, Bill Finger
286035;Top Gun: Maverick;2022;86.37883482583676;131.0;https://image.pmgstatic.com/cache/resized/w420/files/images/film/posters/166/313/166313694_26ebe2.jpg;https://www.csfd.cz/film/286035-top-gun-maverick/;USA;Akční / Drama;Top Gun: Maverick;Pete „Maverick“ Mitchell (Tom Cruise) k smrti rád pilotuje stíhačky. Dokonce tak, že se už přes třicet let úspěšně brání povýšení ve strukturách amerického letectva, protože to by ho z kokpitu vyhnalo do vyhřáté kanceláře. Maverick byl navíc vždycky magnetem na průšvihy, což se s armádní kariérou taky docela vylučuje. Pilot je ovšem bravurní, možná ten úplně nejlepší, a proto dostane nabídku stát se instruktorem elitních stíhačů z programu Top Gun, které má připravit na úkol, jenž spadá do kategorie Mission Imposssible. Kromě téhle bude muset Maverick zvládnout i jednu obtížnou soukromou misi. Jedním z pilotů, které má připravit do akce, je i Bradley Bradshaw (Miles Teller), syn jeho kamaráda a navigátora Goose. Znalci prvního Top Gunu vědí, že Goose zahynul, když se neúspěšně katapultoval z neovladatelné stíhačky, pilotované právě Maverickem. A jeho syn mu otcovu smrt klade za vinu. Maverick za žádnou cenu nechce, aby Bradleyho potkal stejný osud jako jeho otce. Přitom si uvědomuje, že pravděpodobnost, že některý z pilotů plánovanou leteckou operaci nepřežije, není vůbec malá. (CinemArt);27.05.2022 Paramount Pictures;muž, láska, žena, přátelství, přátelé, strach, touha, zbraně, vzpomínky, vojáci, rivalita, kolegové, kamarádi, moře, nenávist, dilema, armáda, naděje, voda, lodě, zoufalství, oceán, pocit viny, hádka, předsudky, bar, trénink, pochyby, pláž, hospoda, pobřeží, výbuch, motorky, odpuštění, loajalita, lítost, výčitky svědomí, piloti, výcvik, týmová práce, destrukce, ničení, letectvo, vojenská základna, stíhačky;Joseph Kosinski;Tom Cruise, Miles Teller, Jennifer Connelly, Jon Hamm, Val Kilmer, Glen Powell, Monica Barbaro, Lewis Pullman, Greg Tarzan Davis, Charles Parnell;https://srv.clickfuse.com/ads/adclkr.php?id=100006636&url=https://tv.apple.com/cz/movie/top-gun-maverick/umc.cmc.670544bajp6s4pysx4rvctczz<br>https://www.iprima.cz/filmy/top-gun-maverick?utm_source=csfd&utm_medium=section_vod&utm_campaign=link_exchange<br>https://www.youtube.com/watch?v=EVO9YIxhq6g<br>https://srv.clickfuse.com/ads/adclkr.php?id=100006636&url=https://tv.apple.com/cz/movie/top-gun-maverick/umc.cmc.670544bajp6s4pysx4rvctczz<br>https://www.iprima.cz/filmy/top-gun-maverick?utm_source=csfd&utm_medium=section_vod&utm_campaign=link_exchange<br>https://www.youtube.com/watch?v=EVO9YIxhq6g<br>https://apps.apple.com/cz/app/id6755365206<br>https://play.google.com/store/apps/details?id=cz.csfd.csfdroid<br>;Academy Awards (5x)<br>British Academy of Film and Television Arts (BAFTA) (4x)<br>AACTA International Awards (1x)<br>Golden Globes (2x)<br>Critics Choice Awards (5x)<br>Florida Film Critics Circle Awards (2x)<br>The Saturn Awards (2x)<br>;Academy Awards (1x)<br>Critics Choice Awards (1x)<br>New York Film Critics Circle Awards (1x)<br>The Saturn Awards (3x)<br>;
307556;Na hraně zítřka;2014;86.34737333956345;108.0;https://image.pmgstatic.com/cache/resized/w420/files/images/film/posters/158/465/158465412_8f3a6a.jpg;https://www.csfd.cz/film/307556-na-hrane-zitrka/;USA / Kanada;Sci-Fi / Akční / Dobrodružný;Edge of Tomorrow;Příběh se odehrává v blízké budoucnosti. Mimikové, mimozemská rasa připomínající včelí kolonii, vytrvale útočí na Zemi, obracejí velká města v hromadu trosek a zanechávají za sebou miliony lidských obětí. Podplukovník Bill Cage (Tom Cruise), který nikdy nebyl v žádné bitvě, je bez cirátů degradován a s nulovým výcvikem a mizernou výzbrojí poslán splnit úkol, který není ničím jiným než sebevražednou misí. Během několika minut je zabit, předtím se mu však podaří zneškodnit Alphu. Ač se to zdá nemožné, procitne opět na začátku toho samého pekelného dne a je nucen znovu bojovat a zemřít... a tak stále dokola. Přímý fyzický kontakt s mimozemšťanem způsobil, že se dostal do časové smyčky a je tak odsouzen prožívat nelítostnou bitvu znovu a znovu. S každým dalším pokusem se však zvyšuje jeho odolnost a pohotovost a své rostoucí schopnosti dokáže v boji s Mimiky lépe využívat. Po jeho boku bojuje členka speciálních jednotek Rita Vrataski (Emily Blunt), která zlikvidovala víc Mimiků než kterýkoliv jiný bojovník na Zemi. Každá další bitva je pro Cagea a Ritu příležitostí najít způsob, jak mimozemské vetřelce porazit a Zemi zachránit. (Warner Bros. CZ);06.06.2014 Warner Bros. US;podle knihy, žena, zbraně, vojáci, válka, podle komiksu, mimozemšťané, budoucnost, trénink, invaze, výcvik, vrtulník, druhá šance, časová smyčka, telepatie;Doug Liman;Tom Cruise, Emily Blunt, Bill Paxton, Brendan Gleeson, Noah Taylor, Kick Gurry, Dragomir Mrsic, Charlotte Riley, Jonas Armstrong, Franz Drameh;https://srv.clickfuse.com/ads/adclkr.php?id=100006636&url=https://tv.apple.com/cz/movie/edge-of-tomorrow/umc.cmc.b5i2nkyck3kyifzh7d72atnd<br>https://www.youtube.com/watch?v=w3PJFznigng<br>https://srv.clickfuse.com/ads/adclkr.php?id=100006636&url=https://tv.apple.com/cz/movie/edge-of-tomorrow/umc.cmc.b5i2nkyck3kyifzh7d72atnd<br>https://www.youtube.com/watch?v=w3PJFznigng<br>https://apps.apple.com/cz/app/id6755365206<br>https://play.google.com/store/apps/details?id=cz.csfd.csfdroid<br>;Critics Choice Awards (3x)<br>The Saturn Awards (6x)<br>;Critics Choice Awards (1x)<br>The Saturn Awards (1x)<br>;Hiroši Sakurazaka
1537997;Demon Slayer: Kimetsu no Yaiba Infinity Castle;2025;87.60989010989012;155.0;https://image.pmgstatic.com/cache/resized/w420/files/images/film/posters/170/427/170427423_zgc9fz.jpg;https://www.csfd.cz/film/1537997-gekijouban-kimetsu-no-yaiba-mugen-jou-hen-part-1/;Japonsko;Animovaný / Akční / Drama / Fantasy;Gekijouban Kimetsu no Yaiba: Mugen-jou Hen Part 1;Film Demon Slayer: Kimetsu no Yaiba Infinity Castle je anime adaptací mangy a zaměřuje se na vyvrcholení bitvy mezi Demon Slayer Corps a Muzanem Kibutsujim. Hlavní hrdinové, včetně Tanjiro a Nezuko, se vydávají do tajemného Infinity Castle, aby se utkali s mocnými Upper Rank démony a nakonec s Muzanem samotným. Předtím musí Hashira a další zabijáci démonů porazit členy Twelve Kizuki. Hlavní část filmu se odehrává v magickém Infinity Castle, kde probíhají bitvy s elitními démony. Hrdinové se střetnou s mocnými démony, včetně Upper Rank démonů, kteří jsou součástí Muzanovy armády. Film vyvrcholí bitvou s Muzanem Kibutsujim, hlavním záporákem série. Než dojde na finální střet, musí Demon Slayer Corps překonat další překážky a porazit další démony. (Falcon);18.07.2025 Aniplex;anime, podle mangy;Hikaru Kondó, Haruo Sotozaki;Nacuki Hanae, Akari Kitó, Hiro Šimono, Jošicugu Macuoka, Reina Ueda, Nobuhiko Okamoto, Takahiro Sakurai, Kacujuki Koniši, Kengo Kawaniši, Saori Hajami;https://apps.apple.com/cz/app/id6755365206<br>https://play.google.com/store/apps/details?id=cz.csfd.csfdroid<br>;Golden Globes (1x)<br>;The Saturn Awards (1x)<br>;Kojoharu Gotóge
675173;Gentlemani;2019;85.99904332376657;113.0;https://image.pmgstatic.com/cache/resized/w420/files/images/film/posters/164/059/164059825_15ea0c.jpg;https://www.csfd.cz/film/675173-gentlemani/;Velká Británie / USA;Akční / Komedie / Krimi;The Gentlemen;Sofistikovaná akční komedie z dílny scenáristy a režiséra Guye Ritchieho Gentlemani sleduje příběh britského drogového krále Mickeyho Pearsona (Matthew McConaughey), který se snaží prodat svoje impozantní drogové impérium dynastii oklahomských miliardářů. (Vertical Entertainment);03.01.2020 Entertainment Film Distributors;vražda, zbraně, drogy, gangsteři, mafie, gang, podsvětí (svět zločinu), korupce, vydírání, Londýn, nájemný vrah, sledování, marihuana;Guy Ritchie;Matthew McConaughey, Charlie Hunnam, Michelle Dockery, Jeremy Strong, Lyne Renée, Colin Farrell, Henry Golding, Tom Wu, Hugh Grant, Simon Baker;https://www.netflix.com/title/81178299<br>https://srv.clickfuse.com/ads/adclkr.php?id=100006636&url=https://tv.apple.com/cz/movie/the-gentlemen/umc.cmc.2ve60m4mljxeqsf05crvohm9e<br>https://www.youtube.com/watch?v=xGkeMVr1Nf0<br>/novinky/8177-serialovi-gentlemani-na-netflixu-nabiraji-obsazeni/<br>/novinky/8177-serialovi-gentlemani-na-netflixu-nabiraji-obsazeni/<br>/novinky/8177-serialovi-gentlemani-na-netflixu-nabiraji-obsazeni/<br>/novinky/7868-hrany-remake-disneyho-herkula-nasel-rezisera/<br>/novinky/7868-hrany-remake-disneyho-herkula-nasel-rezisera/<br>/novinky/7868-hrany-remake-disneyho-herkula-nasel-rezisera/<br>https://www.netflix.com/title/81178299<br>https://srv.clickfuse.com/ads/adclkr.php?id=100006636&url=https://tv.apple.com/cz/movie/the-gentlemen/umc.cmc.2ve60m4mljxeqsf05crvohm9e<br>https://www.youtube.com/watch?v=xGkeMVr1Nf0<br>https://apps.apple.com/cz/app/id6755365206<br>https://play.google.com/store/apps/details?id=cz.csfd.csfdroid<br>;The Saturn Awards (1x)<br>;;
10129;Návrat do budoucnosti II;1989;85.92808473860873;108.0;https://image.pmgstatic.com/cache/resized/w420/files/images/film/posters/000/009/9702_f271f1.jpg;https://www.csfd.cz/film/10129-navrat-do-budoucnosti-ii/;USA;Dobrodružný / Komedie / Sci-Fi / Akční;Back to the Future Part II;V druhé části vynikající sci-fi komedie má Marty plné ruce práce. Nejprve musí do budoucnosti zachránit syna a potom zase do minulosti, aby zachránil sám sebe.;22.11.1989 Universal Pictures US;muž, rodina, přátelství, přátelé, 20. století, otec, rodiče, mládež, syn, chlapec, pronásledování, podvod, krádež, psi, loupež, chamtivost, dobrodruh, věda, budoucnost, cestování časem, období 1980-1990, období 1950-1960, Kalifornie, vynálezce, šílený vědec, paralelní svět, skateboarding, stroj času;Robert Zemeckis;Michael J. Fox, Christopher Lloyd, Lea Thompson, Tom Wilson, Elisabeth Shue, James Tolkan, Jeffrey Weissman, Casey Siemaszko, Billy Zane, J.J. Cohen;https://srv.clickfuse.com/ads/adclkr.php?id=100006636&url=https://tv.apple.com/cz/movie/back-to-the-future-part-ii/umc.cmc.5voem26uknighvs9ac01dku4y<br>https://www.youtube.com/watch?v=Kq1O9RTbxug<br>https://srv.clickfuse.com/ads/adclkr.php?id=100006636&url=https://tv.apple.com/cz/movie/back-to-the-future-part-ii/umc.cmc.5voem26uknighvs9ac01dku4y<br>https://www.youtube.com/watch?v=Kq1O9RTbxug<br>https://apps.apple.com/cz/app/id6755365206<br>https://play.google.com/store/apps/details?id=cz.csfd.csfdroid<br>;Academy Awards (1x)<br>The Saturn Awards (5x)<br>;British Academy of Film and Television Arts (BAFTA) (1x)<br>The Saturn Awards (1x)<br>;
393331;Avengers: Infinity War;2018;85.82258642307004;149.0;https://image.pmgstatic.com/cache/resized/w420/files/images/film/posters/162/502/162502469_e3418e.jpg;https://www.csfd.cz/film/393331-avengers-nekonecna-vojna/;USA;Akční / Dobrodružný / Sci-Fi;Avengers: Infinity War;Snímek Avengers: Infinity War završuje neuvěřitelnou desetiletou cestu filmovým světem studia Marvel a přináší na stříbrná plátna nejsmrtonosnější a nejultimátnější válku všech dob. Avengers a jejich superhrdinští spojenci musí riskovat úplně vše a pokusit se porazit mocného Thanose dřív, než jeho bleskový útok, provázený ničením a zkázou, zničí vesmír jednou provždy. (Falcon);27.04.2018 Walt Disney US;láska, žena, smrt, pomsta, souboje, armáda, podle komiksu, New York, mimozemšťané, vesmír, magie, superhrdina, bitva, vesmírná loď, Marvel Comics, genocida, bohové, Marvel Cinematic Universe (MCU), Spider-Man, crossover, Captain America, Iron Man, Hulk, Thor (Marvel Comics), Nick Fury, Black Widow, Hawkeye, Black Panther, Loki (Marvel Comics), Ant-Man, Doctor Strange, Avengers, Falcon, Rocket Raccoon, Groot, Scarlet Witch, Red Skull, War Machine, Drax the Destroyer, Strážci Galaxie, Vision, Thanos, Nebula;Anthony Russo, Joe Russo;Robert Downey Jr., Chris Hemsworth, Mark Ruffalo, Chris Evans, Scarlett Johansson, Don Cheadle, Benedict Cumberbatch, Tom Holland, Chadwick Boseman, Zoe Saldaña;https://srv.tunefindforfans.com/showads/track/srvclk.php?aid=100006796&lp=https://www.disneyplus.com/en-cz/browse/entity-9a136e06-852a-41bf-b71d-fa061cb43225<br>https://srv.clickfuse.com/ads/adclkr.php?id=100006636&url=https://tv.apple.com/cz/movie/avengers-infinity-war/umc.cmc.2do0xuo1u4tjmqbfz1p42a0p9<br>https://srv.tunefindforfans.com/showads/track/srvclk.php?aid=100006796&lp=https://www.disneyplus.com/en-cz/browse/entity-9a136e06-852a-41bf-b71d-fa061cb43225<br>https://srv.clickfuse.com/ads/adclkr.php?id=100006636&url=https://tv.apple.com/cz/movie/avengers-infinity-war/umc.cmc.2do0xuo1u4tjmqbfz1p42a0p9<br>https://apps.apple.com/cz/app/id6755365206<br>https://play.google.com/store/apps/details?id=cz.csfd.csfdroid<br>;Academy Awards (1x)<br>British Academy of Film and Television Arts (BAFTA) (1x)<br>Critics Choice Awards (2x)<br>Florida Film Critics Circle Awards (1x)<br>The Saturn Awards (1x)<br>;The Saturn Awards (1x)<br>;Stan Lee, Jack Kirby, Don Heck
54763;Spider-Man: Paralelní světy;2018;85.79513299377476;117.0;https://image.pmgstatic.com/cache/resized/w420/files/images/film/posters/163/117/163117221_970aa3.jpg;https://www.csfd.cz/film/54763-spider-man-paralelni-svety/;USA;Animovaný / Akční / Dobrodružný / Sci-Fi;Spider-Man: Into the Spider-Verse;Phil Lord a Chris Miller, tvůrci hitů Lego příběh a 21 Jump Street spojili svůj um a talent, aby divákům představili dosud nepoznaný svět Spider-Mana v přelomovém a unikátním vizuálním stylu. Spider-Man: Paralelní světy představí dospívajícího chlapce z Brooklynu Milese Moralese a nekonečné možnosti Paralelních světů, kde je víc než jen jeden maskovaný hrdina. (Falcon);14.12.2018 Sony Pictures;rodina, smrt, přátelství, přátelé, vražda, dívka, tajemství, otec, děti, matka, rodiče, policie, mládež, město, záhady, syn, chlapec, zbraně, zvířata, oběť (autonehody/zločinu), škola, souboje, mafie, tragédie, podsvětí (svět zločinu), podle komiksu, New York, rvačka, superhrdina, hrdina, Marvel Comics, maska, hřbitov, hmyz, prasata, paralelní svět, radioaktivita, pavouci, Spider-Man, Kingpin, černá díra;Bob Persichetti, Peter Ramsey, Rodney Rothman;Shameik Moore, Jake Johnson, Hailee Steinfeld, Mahershala Ali, Brian Tyree Henry, Lily Tomlin, Luna Lauren Velez, Zoë Kravitz, John Mulaney, Kimiko Glenn;https://www.hbomax.com/cz/en/movies/spider-man-into-the-spider-verse/ab9d654a-7972-4fd9-9514-fb90280063c8<br>https://srv.tunefindforfans.com/showads/track/srvclk.php?aid=100006796&lp=https://www.disneyplus.com/en-cz/browse/entity-e4cd7619-7c84-4b4d-acf0-f53ca1b442a3<br>https://srv.clickfuse.com/ads/adclkr.php?id=100006636&url=https://tv.apple.com/cz/movie/spider-man-into-the-spider-verse/umc.cmc.4a2ypxddplsdsahwxrc5fkz4x<br>https://www.youtube.com/watch?v=Mka3hs3FpWQ<br>https://sledovanitv.cz/epg/event/HBO2:20251216f726e2af8c602d848694d8c27a6ed4f6<br>https://www.hbomax.com/cz/en/movies/spider-man-into-the-spider-verse/ab9d654a-7972-4fd9-9514-fb90280063c8<br>https://srv.tunefindforfans.com/showads/track/srvclk.php?aid=100006796&lp=https://www.disneyplus.com/en-cz/browse/entity-e4cd7619-7c84-4b4d-acf0-f53ca1b442a3<br>https://srv.clickfuse.com/ads/adclkr.php?id=100006636&url=https://tv.apple.com/cz/movie/spider-man-into-the-spider-verse/umc.cmc.4a2ypxddplsdsahwxrc5fkz4x<br>https://www.youtube.com/watch?v=Mka3hs3FpWQ<br>https://sledovanitv.cz/epg/event/HBO2:20251216f726e2af8c602d848694d8c27a6ed4f6<br>https://apps.apple.com/cz/app/id6755365206<br>https://play.google.com/store/apps/details?id=cz.csfd.csfdroid<br>;Florida Film Critics Circle Awards (1x)<br>The Saturn Awards (1x)<br>Golden Raspberry Awards (Razzies) (1x)<br>;Academy Awards (1x)<br>British Academy of Film and Television Arts (BAFTA) (1x)<br>Golden Globes (1x)<br>Critics Choice Awards (1x)<br>Los Angeles Film Critics Association Awards (1x)<br>New York Film Critics Circle Awards (1x)<br>The Saturn Awards (1x)<br>;Stan Lee, Steve Ditko
546;Skála;1996;85.6470799964006;136.0;https://image.pmgstatic.com/cache/resized/w420/files/images/film/posters/159/623/159623521_f3e8bc.jpg;https://www.csfd.cz/film/546-skala/;USA;Akční / Thriller / Dobrodružný;The Rock;"Generál amerického námořnictva Francis Hummel (Ed Harris) je čestný muž, hrdina a veterán několika tajných vojenských operací. Proč tedy s hrstkou svých perfektně vyzbrojených mužů ukradne z přísně střeženého armádního skladu patnáct raket s mimořádně nebezpečným nervovým plynem? A proč se s nimi zabarikáduje ""na skále"" v sanfranciské zátoce, v proslulém bývalém vězení Alcatraz, a namíří je na město? A proč přitom navíc ohrožuje 81 nevinných rukojmí - turistů, kteří si přišli prohlédnout vězení, odkud nikdy nikdo neutekl? Generál žádá jen spravedlnost - chce od Pentagonu získat sto milionů dolarů pro odškodnění rodin padlých vojáků. Přesto je však terorista a muži z FBI horečně pracují na plánech na jeho likvidaci. Ale jak zneškodnit rakety, aniž by byly zmařeny desetitisíce lidských životů? A jak vůbec proniknout do Alcatrazu - labyrintu podzemních chodeb, střeženého mořem a vojenskou supertechnikou? Mohou to dokázat jen dva muži: první je ""šílenec z laboratoře"", špičkový chemický specialista FBI Stanley Goodspeed (Nicolas Cage), který miluje Beatles a svou těhotnou snoubenku a který bledne už jen při slovu ""akce"". Druhý je jediný člověk, který kdy uprchl z Alcatrazu a který proslulé vězení dokonale zná: kdysi polapený britský agent Mason (Sean Connery), který ví o všech amerických státních tajemstvích za poslední půlstoletí. Dnes je z něj zahořklý stařec, trávící v tajném vězení FBI třicátý rok vězení. jak je přesvědčit, aby spolupracovali a vydali se ""na skálu"" pro téměř jistou smrt? A když se to podaří, jak si ti dva poradí s nástrahami generála a jeho po zuby ozbrojených zabijáků?";07.06.1996 Buena Vista Pictures US;muž, žena, rodina, smrt, násilí, otec, rodiče, strach, manželé, město, dcera, útěk, zbraně, oběť (autonehody/zločinu), vojáci, pronásledování, kolegové, zrada, vězení, souboje, armáda, ostrov, zabijáci, těhotenství, agenti, nespravedlnost, rvačka, vydírání, přestřelka, rukojmí, Kalifornie, automobilová honička, rychlá auta, speciální jednotky, San Francisco, biologické zbraně, Navy Seals, Hummer;Michael Bay;Sean Connery, Nicolas Cage, Ed Harris, John Spencer, David Morse, William Forsythe, Michael Biehn, Vanessa Marcil, John C. McGinley, Gregory Sporleder;https://srv.tunefindforfans.com/showads/track/srvclk.php?aid=100006796&lp=https://www.disneyplus.com/en-cz/browse/entity-910adddc-aae6-42ea-a8ec-d85cdebe8022<br>https://srv.clickfuse.com/ads/adclkr.php?id=100006636&url=https://tv.apple.com/cz/movie/the-rock/umc.cmc.47i0usvocowxst4v8crqyue3z<br>https://srv.tunefindforfans.com/showads/track/srvclk.php?aid=100006796&lp=https://www.disneyplus.com/en-cz/browse/entity-910adddc-aae6-42ea-a8ec-d85cdebe8022<br>https://srv.clickfuse.com/ads/adclkr.php?id=100006636&url=https://tv.apple.com/cz/movie/the-rock/umc.cmc.47i0usvocowxst4v8crqyue3z<br>https://apps.apple.com/cz/app/id6755365206<br>https://play.google.com/store/apps/details?id=cz.csfd.csfdroid<br>;Academy Awards (1x)<br>The Saturn Awards (2x)<br>;;
136076;Bournův mýtus;2004;85.53040686063359;108.0;https://image.pmgstatic.com/cache/resized/w420/files/images/film/posters/158/599/158599329_4b9712.jpg;https://www.csfd.cz/film/136076-bournuv-mytus/;USA / Německo;Akční / Thriller;Bourneův mýtus;"V roce 2002 se ve filmu Agent bez minulosti podle románu Roberta Ludluma objevil nový hrdina: profesionální zabiják, který se pokouší oživit svou paměť a prchá před pronásledujícími stíny ze své minulosti. V napínavém a spletitém thrilleru se výrazně herecky předvedl Matt Damon jako agent Jason Bourne. Jason Bourne se teď na plátno vrací v pokračování. Před dvěma lety se domníval, že své minulosti utekl. Nyní ho minulost opět dohání. Bourne a Marie (Franka Potente) dál žijí v anonymitě. Bournea ženou noční můry a vzpomínky. Vláčí Marii z města do města. Snaží se být vždy aspoň krok před hrozbou, kterou tuší v každém pohledu i v každém telefonním ""omylu"", před nebezpečím, které očekává v každé vteřině. Ale ohrožení jej do světa, z něhož chtěl uniknout, neustále vrací. Když se v poklidné vsi, která je jejich dočasným domovem, objeví tajný agent, Bourne s Marií místo kvapně opouštějí. Začne nová globální hra na kočku a myš a Jason Bourne se musí vrátit ke své minulosti, i když tajná operace Treadstone', která vytvářela profesionální zabijáky, už skončila. Před lety Bourneovi řekli, že nesmí s nikým navázat kontakt. Minulost se přihlásila sama. Měli ho nechat na pokoji.";23.07.2004 Universal Pictures US;podle knihy, vzpomínky, zrada, agenti, špioni, automobilová honička, CIA;Paul Greengrass;Matt Damon, Franka Potente, Brian Cox, Julia Stiles, Karl Urban, Gabriel Mann, Joan Allen, Márton Csókás, Tom Gallop, John Bedford Lloyd;https://www.netflix.com/title/60036239<br>https://srv.tunefindforfans.com/showads/track/srvclk.php?aid=100006796&lp=https://www.disneyplus.com/en-cz/browse/entity-96755f10-e8c5-4e0e-8be5-50288dc61510<br>https://www.skyshowtime.com/cz/stream/movies/bournuv-mytus/96078c25-50fe-3e56-af84-5ce3819732e8<br>https://srv.clickfuse.com/ads/adclkr.php?id=100006636&url=https://tv.apple.com/cz/movie/the-bourne-supremacy/umc.cmc.46rvdwi5244uv7wcjtc5uddp7<br>https://www.youtube.com/watch?v=rc1UR-1BQiI<br>https://www.netflix.com/title/60036239<br>https://srv.tunefindforfans.com/showads/track/srvclk.php?aid=100006796&lp=https://www.disneyplus.com/en-cz/browse/entity-96755f10-e8c5-4e0e-8be5-50288dc61510<br>https://www.skyshowtime.com/cz/stream/movies/bournuv-mytus/96078c25-50fe-3e56-af84-5ce3819732e8<br>https://srv.clickfuse.com/ads/adclkr.php?id=100006636&url=https://tv.apple.com/cz/movie/the-bourne-supremacy/umc.cmc.46rvdwi5244uv7wcjtc5uddp7<br>https://www.youtube.com/watch?v=rc1UR-1BQiI<br>https://apps.apple.com/cz/app/id6755365206<br>https://play.google.com/store/apps/details?id=cz.csfd.csfdroid<br>;Critics Choice Awards (1x)<br>The Saturn Awards (2x)<br>;;Robert Ludlum
16097;Rambo: První krev;1982;85.51134066921176;93.0;https://image.pmgstatic.com/cache/resized/w420/files/images/film/posters/167/663/167663915_fyjtl5.png;https://www.csfd.cz/film/16097-rambo-prvni-krev/;USA;Akční / Dobrodružný / Drama;Rambo;Voják americké armády John Rambo (Sylvester Stallone) se po letech vrací z pekla vietnamské války zpět do své vlasti. Ale politická situace se mezitím změnila, mladý muž se setkává jen s nepochopením a jednoho dne je šerifem malého podhorského městečka (Brian Dennehy) zatčen pro potulku a odveden na místní policejní stanici. Podaří se mu však utéct a v nedalekých horách svádí se svými pronásledovateli nelítostný boj o holý život.;22.10.1982 Orion Pictures;podle knihy, muž, smrt, násilí, policie, útěk, zbraně, oběť (autonehody/zločinu), vzpomínky, pomsta, vojáci, pronásledování, vězení, krev, les, bolest, divočina, válka, trauma, tragédie, armáda, nespravedlnost, rvačka, přepadení, šikana, duševní porucha, deprese, příroda, mučení, maloměsto, policejní stanice, šerif, past, zatčení, válečný veterán, vrtulník, speciální jednotky, válečníci, veteráni, válka ve Vietnamu, strom, posttraumatická stresová porucha;Ted Kotcheff;Sylvester Stallone, Richard Crenna, Brian Dennehy, Bill McKinney, Jack Starrett, Michael Talbott, Chris Mulkey, John McLiam, Alf Humphreys, David Caruso;https://apps.apple.com/cz/app/id6755365206<br>https://play.google.com/store/apps/details?id=cz.csfd.csfdroid<br>;;;David Morrell
18113;Agent bez minulosti;2002;85.48763736263736;119.0;https://image.pmgstatic.com/cache/resized/w420/files/images/film/posters/158/599/158599317_78bb76.jpg;https://www.csfd.cz/film/18113-agent-bez-minulosti/;USA / Německo / Česko;Akční / Mysteriózní / Thriller;Agent beze jména;"Jedné bouřlivé noci vyloví italská rybářská loď z moře muže, spíš mrtvého než živého. V zádech má kulky a pod kůží štítek s číslem bankovního konta ve švýcarské bance. Víc nic. Když se mu konečně vrátí vědomí, nic svým zachráncům o sobě nedokáže povědět. Trpí naprostou ztrátou paměti. Postupně zjišťuje, že ovládá bojová umění, domluví se v několika jazycích a že si poradí s každou zbraní. To signalizuje velice nebezpečnou minulost. Ale kdo a proč ho chtěl zabít, si vybavit nedokáže. V curyšské depozitní schránce, kam se vydá, jakmile loď přistane, nalezne hned několik cestovních dokladů, závratně vysokou hotovost, automatickou pistoli a jméno Jason Bourne s pařížskou adresou. I když o sobě stále nic neví, pochopí záhy, že lidé, kteří ho znají, usilují o jeho život. A tak Marii, první dívce, kterou potká, nabídne 10.000 dolarů za cestu do Paříže. Teprve tady, s pomocí Marie, jejíž život převrátil vzhůru nohama, začíná skládat první kamínky do mozaiky své minulosti... Román Roberta Ludluma, který má přinejmenším stejně široké čtenářské zázemí jako třeba Tom Clancy, byl již před lety zfilmován a uveden na televizních obrazovkách a videu pod názvem Agent beze jména s Richardem Chamberlainem. Doug Liman, režisér nového přepisu, odmítl roli ilustrátora dramatické a dějově nesmírně rozvětvené předlohy. Rozhodl se natočit akční špionážní film, zakotvený v současné realitě, který by oslovil i mladou diváckou generaci. Díky svému otci poznal skutečné agenty a věděl, že jejich život a práce se jen málo podobá tomu, co znal ze špionážních snímků. Proto se - se souhlasem autora - rozhodl k rozsáhlým škrtům a změnám, proto do hlavní role, pro mnohé až překvapivě, obsadil Matta Damona, držitele Oscara za film Dobrý Will Hunting. Ten o svém nejnovějším snímku řekl: ""Věděl jsem s jistotou, že Doug nenatočí standardní hollywoodský akční film"". Vystihl tak stručně a přesně kvalitu, kterou Doug Liman románu z 80. let vtiskl. Na atraktivitě mu v očích našich diváků nepochybně dodává i fakt, že byl natáčen v ulicích Prahy.";14.06.2002 Universal Pictures US;podle knihy, vzpomínky, pomsta, agenti, Paříž, špioni, amnézie, automobilová honička, CIA;Doug Liman;Matt Damon, Franka Potente, Chris Cooper, Clive Owen, Brian Cox, Adewale Akinnuoye-Agbaje, Gabriel Mann, Walton Goggins, Josh Hamilton, Julia Stiles;https://www.netflix.com/title/60022985<br>https://srv.tunefindforfans.com/showads/track/srvclk.php?aid=100006796&lp=https://www.disneyplus.com/en-cz/browse/entity-e72ae12e-0b2b-44b6-97ce-9cdf92700538<br>https://www.skyshowtime.com/cz/stream/movies/agent-bez-minulosti/f1941b10-1ad2-3809-8963-1f17d0a9680b<br>https://srv.clickfuse.com/ads/adclkr.php?id=100006636&url=https://tv.apple.com/cz/movie/the-bourne-identity/umc.cmc.6zfr90m4ghv0pt4l4nsfrm40d<br>https://www.youtube.com/watch?v=rudboZG3c1s<br>https://www.netflix.com/title/60022985<br>https://srv.tunefindforfans.com/showads/track/srvclk.php?aid=100006796&lp=https://www.disneyplus.com/en-cz/browse/entity-e72ae12e-0b2b-44b6-97ce-9cdf92700538<br>https://www.skyshowtime.com/cz/stream/movies/agent-bez-minulosti/f1941b10-1ad2-3809-8963-1f17d0a9680b<br>https://srv.clickfuse.com/ads/adclkr.php?id=100006636&url=https://tv.apple.com/cz/movie/the-bourne-identity/umc.cmc.6zfr90m4ghv0pt4l4nsfrm40d<br>https://www.youtube.com/watch?v=rudboZG3c1s<br>https://apps.apple.com/cz/app/id6755365206<br>https://play.google.com/store/apps/details?id=cz.csfd.csfdroid<br>;The Saturn Awards (1x)<br>;;Robert Ludlum
231978;96 hodin;2008;85.39943925897008;89.0;https://image.pmgstatic.com/cache/resized/w420/files/images/film/posters/000/053/53546_c6b93c.jpg;https://www.csfd.cz/film/231978-96-hodin/;Francie / USA / Velká Británie;Akční / Krimi / Thriller / Drama;Taken;Bývalý špión Bryan (Liam Neeson) povolí své sedmnáctileté dceři Kim (Maggie Grace) výlet do Paříže pouze pod podmínkou, že se mu bude pravidelně hlásit. Při jednom takovém telefonátu se ale stává svědkem jejího únosu. Nečeká na nic a vezme spravedlnost do vlastních rukou... (Magic Box);26.09.2008 20th Century Fox UK;rodina, smrt, vražda, násilí, otec, matka, rodiče, dcera, pomsta, rivalita, únos, mafie, zabijáci, Francie, Paříž, prostituce;Pierre Morel;Liam Neeson, Maggie Grace, Leland Orser, Jon Gries, David Warshofsky, Holly Valance, Katie Cassidy, Xander Berkeley, Olivier Rabourdin, Gérard Watkins;https://srv.clickfuse.com/ads/adclkr.php?id=100006636&url=https://tv.apple.com/cz/movie/taken/umc.cmc.1vo8cfoq5bbiib215blrnxspw<br>https://www.iprima.cz/filmy/96-hodin?utm_source=csfd&utm_medium=section_vod&utm_campaign=link_exchange<br>https://srv.clickfuse.com/ads/adclkr.php?id=100006636&url=https://tv.apple.com/cz/movie/taken/umc.cmc.1vo8cfoq5bbiib215blrnxspw<br>https://www.iprima.cz/filmy/96-hodin?utm_source=csfd&utm_medium=section_vod&utm_campaign=link_exchange<br>https://apps.apple.com/cz/app/id6755365206<br>https://play.google.com/store/apps/details?id=cz.csfd.csfdroid<br>;The Saturn Awards (1x)<br>;;
246291;Ip Man;2008;85.36634093376765;106.0;https://image.pmgstatic.com/cache/resized/w420/files/images/film/posters/164/143/164143645_802efc.jpg;https://www.csfd.cz/film/246291-ip-man/;Hongkong / Čína;Akční / Drama / Sportovní / Životopisný;Ye Wen;Čína, rok 1935. Kluby bojových umění v městě Foshan nabírají na popularitě a Ip Man (DONNIE YEN) je nezpochybnitelným vládcem umění wing chun, čím dál populárnější verze kung fu. Klidný život jeho rodiny a přátel však převrátí vzhůru nohama japonská invaze. Poté, co odmítne učit okupační vojáky svému umění, je přinucen bojovat o své vlastní přežití v sérii výzev, jež vyvrcholí soubojem na život a na smrt s nejlepším japonským bojovníkem.;Na DVD od 22.02.2010 Urania;válka, bojová umění, kung-fu, wuxia;Wilson Yip;Donnie Yen, Simon Yam, Lynn Hung, Hirojuki Ikeuči, Gordon Lam, Terry Fan, Dennis To, Yanneng Shi, You-Nam Wong, Tony Siu-Hung Leung;https://apps.apple.com/cz/app/id6755365206<br>https://play.google.com/store/apps/details?id=cz.csfd.csfdroid<br>;Hong Kong Film Awards (10x)<br>;Hong Kong Film Awards (2x)<br>Sitges Film Festival (1x)<br>;
29067;Zvíře;1977;85.36538636985676;96.0;https://image.pmgstatic.com/cache/resized/w420/files/images/film/posters/159/386/159386922_287f81.jpg;https://www.csfd.cz/film/29067-zvire/;Francie;Komedie / Akční / Romantický;L'Animal;Francouzská filmová komedie o potížích odvážného kaskadéra s tíživou finanční situací, svéhlavou snoubenkou a zženštilým hercem, kterého má zastupovat. Kaskadér Jean-Paul Belmondo má před svatbou s krásnou Raquel Welch, jenže jí dojde trpělivost! Navíc se o ni začal ucházet bohatý hrabě a tak získat znovu její lásku nebude vůbec jednoduché...;05.10.1977 AMLF;láska, zvířata, herci, filmařské zákulisí, Paříž, snoubenci, letadla, dvojník, kaskadér, panství;Claude Zidi;Jean-Paul Belmondo, Raquel Welch, Dany Saval, Jane Birkin, Johnny Hallyday, Charles Gérard, Claude Chabrol, Mario David, Julien Guiomar, Aldo Maccione;https://apps.apple.com/cz/app/id6755365206<br>https://play.google.com/store/apps/details?id=cz.csfd.csfdroid<br>;César Awards (1x)<br>;;
32430;Muž z Acapulca;1973;85.24969112430752;90.0;https://image.pmgstatic.com/cache/resized/w420/files/images/film/posters/170/643/170643735_g0wu7k.jpg;https://www.csfd.cz/film/32430-muz-z-acapulca/;Francie / Itálie;Komedie / Akční / Romantický;Le Magnifique;Bob Saint-Clare je nejschopnějším agentem na světě. Železné nervy, svaly z ocele, urostlá postava, obávaný protivník a neodolatelný svůdník, který střelbu a karate ovládá stejně dokonale jako hru na klavír a poezii. Není divu, že je tím jediným, kdo dokáže pomoci plukovníku Collinsovi, jehož agenty likviduje v Acapulcu neznámý hrozivý protivník. Bob se o tom přesvědčí už během mezipřistání v Paříži, kde mu neznámý pošle jeho informátora se sekerou v hlavě a Bob na oplátku hravě odhalí a zlikviduje po přistání v Mexiku řadu jeho mužů ukrytých v různých převlecích na různých místech. Setká se se svou spojkou, krásnou Arianne a společně s ní odrazí útok žabích mužů, kteří je napadnou v jejich přepychovém bungalovu. Jenže pak se objeví uklízečka se svým vysavačem, který všechno zmaří. Vytrhne totiž z tvůrčího zaujetí spisovatele Francoise Merlina, který je autorem už jedenačtyřiceti románů o příhodách nepřemožitelného agenta a právě dokončuje další. Na rozdíl od svého hrdiny se však nemotorný Francoise neustále potýká nejen s všedními starostmi, ale také s nedostatkem peněz, a to navzdory skutečnosti, že jeho romány hltají po světě miliony čtenářů. Své trable si spisovatel vybíjí pouze tím, že všechny, kteří mu komplikují a znepříjemňují život, přenáší do svých románů jako záporné postavy, se kterými si jeho agent Bob hravě poradí. Svého lakomého nakladatele Charrona, který na něm vydělává velké peníze, ale odmítá mu vyplácet zálohy, projektuje do role svého úhlavního nepřítele, Karpofa a Arianne má svůj předobraz v půvabné sousedce, studentce sociologie Christine. Ta si jednoho dne půjčí jednu jeho knihu, aby s její pomocí mohla napsat sociologickou studii o důvodech obliby podobné literatury, což si Francois špatně vyloží a začne se o ni ucházet stylem svého hrdiny Boba. Tím však u dívky neuspěje. Francois už má dost krvavých dobrodružství, sní o kvalitní knize, kterou chtěl kdysi napsat a rozhodne se svého agenta zlikvidovat. Bobovi se náhle nic nedaří, dostane rýmu, přehlédne Karpofovu léčku a nakonec je pohřben v masovém hrobě. Jenže to zdaleka není konec románového hrdiny ani jeho stvořitele.;23.11.1973 Compagnie Commerciale Française Cinématographique (CCFC);podle knihy, muž, násilí, dívka, zbraně, studenti, moře, zabijáci, spisovatel, agenti, léto, Paříž, satira, parodie, špioni, kniha, Mexiko, eurospy, tropy;Philippe de Broca;Jean-Paul Belmondo, Jacqueline Bisset, Vittorio Caprioli, Monique Tarbès, Mario David, Raymond Gerôme, Jean Lefebvre, Hans Meyer, André Weber, Hubert Deschamps;https://apps.apple.com/cz/app/id6755365206<br>https://play.google.com/store/apps/details?id=cz.csfd.csfdroid<br>;;;
5104;Frigo na mašině;1926;85.23507462686567;79.0;https://image.pmgstatic.com/cache/resized/w420/files/images/film/posters/170/120/170120687_kz6rxl.jpg;https://www.csfd.cz/film/5104-frigo-na-masine/;USA;Komedie / Romantický / Dobrodružný / Válečný / Akční;The General;Buster Keaton, akrobat s kamennou tváří zvaný Frigo, ve svém nejslavnějším filmu, kde mu sekunduje stejnojmenná lokomotiva...;15.01.1927 United Artists;černobílý film, útěk, němý film, vojáci, únos, les, armáda, vlak, snoubenci, špioni, občanská válka, groteska, statečnost;Buster Keaton, Clyde Bruckman;Buster Keaton, Marion Mack, Glen Cavender, Jim Farley, Frederick Vroom, Joe Keaton, Frank Hagney, Edward Hearn, Eddie Foster, Al St. John;https://srv.clickfuse.com/ads/adclkr.php?id=100006636&url=https://tv.apple.com/cz/movie/the-general/umc.cmc.6de1w3fmaggxhxfpen10h62th<br>https://srv.clickfuse.com/ads/adclkr.php?id=100006636&url=https://tv.apple.com/cz/movie/the-general/umc.cmc.6de1w3fmaggxhxfpen10h62th<br>https://apps.apple.com/cz/app/id6755365206<br>https://play.google.com/store/apps/details?id=cz.csfd.csfdroid<br>;The Saturn Awards (1x)<br>;;
43582;Poslední samuraj;2003;84.87858894249783;148.0;https://image.pmgstatic.com/cache/resized/w420/files/images/film/posters/164/059/164059793_0ee836.jpg;https://www.csfd.cz/film/43582-posledni-samuraj/;USA / Nový Zéland / Japonsko;Akční / Dobrodružný / Drama;The Last Samurai;Nathan Algren se stal hrdinou občanské války a tažení proti indiánům. V roce 1876 je z něj však troska a alkoholik. Poručík Gant ho přivede na setkání s japonským průmyslníkem Omurou, který mu nabídne práci při výcviku modernizované japonské armády. V Japonsku čeká Nathana tlumočník Simon Graham, který mu vysvětlí, že mladý císař Meidži chce otevřít zemi západní civilizaci, proti sobě však má rebely z řad samurajů, kteří brání dávné japonské tradice. Když rebelové, vedení samurajem Kacumotem, napadnou železniční stanici, dostane jednotka příkaz k nasazení do boje. Je poražena a těžce zraněný Nathan je zajat. Kacumoto ho ubytuje u své sestry, manželky samuraje, kterého Nathan v boji zabil. Žena o zraněného pečuje jen s velkým přemáháním, ale on se snaží pochopit mentalitu vesničanů i samurajů a učí se bojovat jejich zbraněmi. Překvapivě zde nalézá klid, po kterém vždy toužil. Když je vesnice napadena maskovanými bojovníky, postaví se na stranu obyvatel. Definitivně se přitom sblíží s Kacumotem a pochopí, že se nepostavil proti císaři, ale podle svého nejlepšího svědomí mu stále slouží. Když je samuraj pod záminkou jednání vlákán do pasti, Nathan ho osvobodí. Kacumotovi je jasné, že bitvu o záchranu císaře a tradičního Japonska prohrál, a chce spáchat harakiri. Nathan ho však přesvědčí, že lepší je padnout v boji. Poslední samurajové tedy vyjíždějí do bitvy a Nathan je odhodlán bojovat po jejich boku. (TV Nova);05.12.2003 Warner Bros. US;bitva, samurajové, povstání, období 1870-1880;Edward Zwick;Ken Watanabe, Tom Cruise, William Atherton, Timothy Spall, Chad Lindberg, Billy Connolly, Tony Goldwyn, Masato Harada, Kojuki Kató, Šun Sugata;https://srv.clickfuse.com/ads/adclkr.php?id=100006636&url=https://tv.apple.com/cz/movie/the-last-samurai/umc.cmc.4vzvtd5vh1p5isy91y7zsj0y9<br>https://www.youtube.com/watch?v=vbgjXzelRbk<br>https://srv.clickfuse.com/ads/adclkr.php?id=100006636&url=https://tv.apple.com/cz/movie/the-last-samurai/umc.cmc.4vzvtd5vh1p5isy91y7zsj0y9<br>https://www.youtube.com/watch?v=vbgjXzelRbk<br>https://apps.apple.com/cz/app/id6755365206<br>https://play.google.com/store/apps/details?id=cz.csfd.csfdroid<br>;Academy Awards (4x)<br>Golden Globes (3x)<br>Critics Choice Awards (3x)<br>The Saturn Awards (5x)<br>;;
28495;Laputa: Nebeský zámek;1986;84.9587697793626;124.0;https://image.pmgstatic.com/cache/resized/w420/files/images/film/posters/042/872/42872529_uk5n4z.jpg;https://www.csfd.cz/film/28495-laputa-nebesky-zamek/;Japonsko;Animovaný / Akční / Dobrodružný / Fantasy;Laputa: Zámek v oblacích;Chlapec z hornického městečka a dívka, jejíž původ je zahalen tajemstvím, jsou zataženi do honby za pokladem ukrytým v bájném létajícím městě Laputa. Během krkolomných dobrodružství, razantních honiček i dechberoucích odhalení musejí čelit nejen hamižným vzdušným pirátům, ale také armádě a tajným agentům. Celosvětově uznávaný režisér a scenárista Hajao Mijazaki do snímku promítl svou fascinaci létáním, vášeň pro klasickou evropskou dobrodružnou prózu a pro fascinující epochu konce 19. století, která s sebou přinesla rozmach letectví a vzducholodí. Díky těmto vlivům se Laputa: Nebeský zámek vyznačuje výrazně evropským, až verneovským nádechem, ale současně si uchovává kvality charakteristické pro produkci Studia Ghibli i japonskou animaci obecně. (Aerofilms);02.08.1986 Toei;tajemství, děti, anime, vlak, letadla, roboti, piráti, horníci, steampunk, vzducholoď;Hajao Mijazaki;Keiko Jokozawa, Majumi Tanaka, Ičiró Nagai, Megumi Hajašibara, Tošihiko Seki, Minori Terada, Kotoe Hacui, Tarako, Hóčú Ócuka, Šin'ja Ótaki;https://www.netflix.com/title/60027393<br>https://www.netflix.com/title/60027393<br>https://apps.apple.com/cz/app/id6755365206<br>https://play.google.com/store/apps/details?id=cz.csfd.csfdroid<br>;;;
23;Skleněné peklo;1974;84.89508437270726;165.0;https://image.pmgstatic.com/cache/resized/w420/files/images/film/posters/159/623/159623524_9bcdaa.jpg;https://www.csfd.cz/film/23-sklenene-peklo/;USA;Thriller / Drama / Akční / Katastrofický;The Towering Inferno;Mrakodrap, který má stopětatřicet poschodí a před sebou slavnostní uvedení do provozu, postavil stavební magnát Jim Duncan podle návrhu architekta Douga Robertse, který využil nejen všech svých znalostí a zkušeností, ale také nejmodernějšího vybavení a poznatků v oblasti bezpečnosti. Ani jeden z nich však netuší, že Duncanův zeť Roger do stavebních prací nejednou zasáhl a v rámci pochybných úspor udělal z mrakodrapu smrtící past. Zatímco se na slavnostní otevření sjíždějí významné osobnosti, vznikne v jednom z malých skladišť pro údržbu k malému požáru. Nikdo netuší, že polovina supermoderního bezpečnostního systému nefunguje a požár se pomalu šíří. Následuje selhání elektrického systému, a když se oheň setká s plynem, dojde k explozi, která promění mrakodrap v planoucí pochodeň a odřízne hosty od možnosti uniknout smrtícímu žáru. Do boje s živlem se pouští nejen zoufalí lidé uvěznění v nebezpečné pasti, ale také hasiči pod vedením chladnokrevného a odvážného Michaela O'Hallorhana. Je to závod s časem, závod, v němž padají masky a na povrch vyplouvá pravá a často nečekaná tvář jednotlivých postav. O poslední odvážný kousek se pokusí Doug s Michaelem, kteří chtějí odpálit obrovský rezervoár na střeše mrakodrapu, obsahující téměř dva miliony galonů vody. (TV Nova);10.12.1974 20th Century Fox;podle knihy, muž, smrt, strach, město, oběť (autonehody/zločinu), boj o přežití, tragédie, párty, výbuch, Kalifornie, katastrofa, požár, oheň, vrtulník, architekt, záchranáři, hasiči, starosta, San Francisco, záchranná operace, výtah, popáleniny, mrakodrap, stavebnictví, výbušniny, senátor, výbuch plynu, schodiště;John Guillermin;Steve McQueen, Paul Newman, William Holden, Faye Dunaway, Fred Astaire, Susan Blakely, Richard Chamberlain, Jennifer Jones, O.J. Simpson, Robert Vaughn;https://srv.clickfuse.com/ads/adclkr.php?id=100006636&url=https://tv.apple.com/cz/movie/the-towering-inferno/umc.cmc.6qf982u2lm60orbzd8bv93mp7<br>https://srv.clickfuse.com/ads/adclkr.php?id=100006636&url=https://tv.apple.com/cz/movie/the-towering-inferno/umc.cmc.6qf982u2lm60orbzd8bv93mp7<br>https://apps.apple.com/cz/app/id6755365206<br>https://play.google.com/store/apps/details?id=cz.csfd.csfdroid<br>;Academy Awards (5x)<br>British Academy of Film and Television Arts (BAFTA) (2x)<br>Golden Globes (3x)<br>;Academy Awards (3x)<br>British Academy of Film and Television Arts (BAFTA) (2x)<br>Golden Globes (1x)<br>;Richard Martin Stern, Thomas N. Scortia, Frank M. Robinson
32440;Profesionál;1981;84.90149955895325;109.0;https://image.pmgstatic.com/cache/resized/w420/files/images/film/posters/000/481/481548_884d9d.jpg;https://www.csfd.cz/film/32440-profesional/;Francie;Akční / Krimi / Drama / Thriller;Le Professionnel;"Francouzského tajného agenta Josselina ""Josse"" Beaumonta pošlou do jisté africké země, aby tam odstranil diktátora Njalu. Politická situace se však radikálně změní a předtím nepohodlný diktátor se stane pro francouzskou vládu důležitou osobností. Tajná služba Josse zradí a africká vláda ho odsoudí za přípravu atentátu. Jossovi se po dvou letech podaří utéct a vrátit se do Francie, kde úmyslně informuje bývalé nadřízené, že splní svůj původní úkol a zabije prezidenta Njalu, který právě přicestoval na oficiální státní návštěvu. Tajná služba všemožně usiluje atentátu zabránit.";21.10.1981 Gaumont;útěk, zbraně, pomsta, agenti, Afrika, Paříž, atentát, automobilová honička, vrtulník, eurospy;Georges Lautner;Jean-Paul Belmondo, Jean Desailly, Cyrielle Clair, Marie-Christine Descouard, Elisabeth Margoni, Jean-Louis Richard, Michel Beaune, Bernard-Pierre Donnadieu, Pierre Saintons, Gérard Darrieu;https://apps.apple.com/cz/app/id6755365206<br>https://play.google.com/store/apps/details?id=cz.csfd.csfdroid<br>;César Awards (1x)<br>;;Patrick Alexander
6449;Poslední Mohykán;1992;84.81274271045876;107.0;https://image.pmgstatic.com/cache/resized/w420/files/images/film/posters/165/050/165050323_3d9770.jpg;https://www.csfd.cz/film/6449-posledni-mohykan/;USA;Akční / Dobrodružný / Drama / Romantický / Válečný;The Last of the Mohicans;Daniel Day-Lewis jako statečný přítel Indiánů ve filmovém přepisu slavného románu J. F. Coopera... Filmaři již mnohokráte zvolili za předlohu svých děl pentalogii spisovatele Jamese Fenimora Coopera o dobrodružstvích bílého lovce, přezdívaného Sokolí Oko, a jeho indiánských přátel v době bojů Francouzů a Angličanů o nová území v Severní Americe. Nejslavnější se stala kniha úvodní Poslední Mohykán. Sokolí Oko spolu s posledními potomky z kmene Mohykánů Čingačgúkem a jeho synem Unkasem pomáhají anglické posádce bránit jednu z pevností. Znepřátelené strany využívají pro své cíle indiánské bojovníky. Huron Magua, který bojuje se svými muži po boku Francouzů, přísahal veliteli dobývané pevnosti pomstu za vyvraždění své rodiny. Po podpisu kapitulace se rozhodne vyprovokovat střetnutí s odcházejícími britskými jednotkami, při němž velitele zabije a zmocňuje se jeho dvou dcer Cory a Alice. Sokolí Oko se zavázal ochránit čest dívek a nechce je nechat ve spárech primitivního divocha. Navíc ke Coře cítí více než přátelství a také Unkasovi není Alice lhostejná. Pro postavu bílého lovce zvolil režisér Michael Mann u nás tehdy nepříliš známého Daniela Day-Lewise, který si však již získal uznání v podobě Oscara za hlavní roli ve snímku Moje levá noha (1989). (Česká televize);25.09.1992 20th Century Fox;podle knihy, muž, láska, žena, smrt, přátelství, násilí, touha, zbraně, ženy, pomsta, rivalita, únos, zrada, boj o přežití, souboje, sestry, sebevražda, indiáni, novověk, džungle, domorodé kmeny, 18. století, kolonizace, kolonie, statečnost, pevnost, upálení, dělostřelectvo, osadníci, Francouzsko-indiánská válka;Michael Mann;Daniel Day-Lewis, Madeleine Stowe, Jodhi May, Russell Means, Wes Studi, Eric Schweig, Steven Waddington, Maurice Roëves, Patrice Chéreau, Edward Blatchford;https://www.netflix.com/title/686619<br>http://www.ceskatelevize.cz<br>http://www.ceskatelevize.cz<br>/novinky/6350-hbo-se-vyda-za-mohykany/<br>/novinky/6350-hbo-se-vyda-za-mohykany/<br>/novinky/6350-hbo-se-vyda-za-mohykany/<br>/novinky/6231-michael-mann-natoci-tokyo-vice-pro-hbo-max/<br>/novinky/6231-michael-mann-natoci-tokyo-vice-pro-hbo-max/<br>/novinky/6231-michael-mann-natoci-tokyo-vice-pro-hbo-max/<br>https://www.netflix.com/title/686619<br>https://apps.apple.com/cz/app/id6755365206<br>https://play.google.com/store/apps/details?id=cz.csfd.csfdroid<br>;British Academy of Film and Television Arts (BAFTA) (5x)<br>Golden Globes (1x)<br>;Academy Awards (1x)<br>British Academy of Film and Television Arts (BAFTA) (2x)<br>;James Fenimore Cooper
251188;X-Men: První třída;2011;84.76988667419742;126.0;https://image.pmgstatic.com/cache/resized/w420/files/images/film/posters/159/482/159482650_ad34a4.jpg;https://www.csfd.cz/film/251188-x-men-prvni-trida/;USA;Akční / Dobrodružný / Sci-Fi / Thriller;X-Men: First Class;X-Men: První třída se dějově se vrací ještě před film X-Men Origins: Wolverine a odehrává se v polovině minulého století. V době, kdy mladý Charles Xavier (James McAvoy) a Erik Lensherr (Michael Fassbender) byli velmi blízcí přátelé a teprve odkrývali své jedinečné schopnosti. V době studené války, kdy společně s dalšími mutanty museli čelit největší hrozbě, jakou kdy zatím lidstvo poznalo. Proč se ale z nejlepších přátel stali nepřátelé na život a na smrt? Co předcházelo okamžiku, kdy se z Charlese stal Profesor X a z Erika Magneto? Válka mezi X-Meny a Bratrstvem začíná!;03.06.2011 20th Century Fox;vražda, matka, pomsta, válka, podle komiksu, agenti, diskriminace, superhrdina, trénink, Marvel Comics, výcvik, mutanti, CIA, studená válka, zbraně hromadného ničení, Miami, telepatie, teleportace, Wolverine, X-Men, Professor X, Magneto, Beast (Marvel Comics), Mystique;Matthew Vaughn;James McAvoy, Michael Fassbender, Jennifer Lawrence, Kevin Bacon, January Jones, Nicholas Hoult, Rose Byrne, Lucas Till, Edi Gathegi, Jason Flemyng;https://srv.tunefindforfans.com/showads/track/srvclk.php?aid=100006796&lp=https://www.disneyplus.com/en-cz/browse/entity-9f9e9ae3-88d8-467b-8969-28d253cc4687<br>https://srv.clickfuse.com/ads/adclkr.php?id=100006636&url=https://tv.apple.com/cz/movie/x-men-first-class/umc.cmc.61skusxhpa1uk2zap430x01j3<br>https://www.youtube.com/watch?v=nUxrOsGb_W4<br>https://srv.tunefindforfans.com/showads/track/srvclk.php?aid=100006796&lp=https://www.disneyplus.com/en-cz/browse/entity-9f9e9ae3-88d8-467b-8969-28d253cc4687<br>https://srv.clickfuse.com/ads/adclkr.php?id=100006636&url=https://tv.apple.com/cz/movie/x-men-first-class/umc.cmc.61skusxhpa1uk2zap430x01j3<br>https://www.youtube.com/watch?v=nUxrOsGb_W4<br>https://apps.apple.com/cz/app/id6755365206<br>https://play.google.com/store/apps/details?id=cz.csfd.csfdroid<br>;The Saturn Awards (1x)<br>;The Saturn Awards (1x)<br>;
389064;Kocour v botách: Poslední přání;2022;84.76979742173113;101.0;https://image.pmgstatic.com/cache/resized/w420/files/images/film/posters/166/887/166887811_a46ea6.jpg;https://www.csfd.cz/film/389064-kocour-v-botach-posledni-prani/;USA;Animovaný / Akční / Dobrodružný / Komedie / Rodinný / Fantasy;Puss in Boots: The Last Wish;Když máte k dispozici devět životů, tak vám na tom, že tu a tam něco odskáčete, vůbec nezáleží, zvlášť když jste legendární hrdina, který se dobrovolně vrhá do těch nejbláznivějších dobrodružství. Kocour v botách právě zachránil obyvatele jednoho městečka před řáděním zuřivého obra, jenže při tom přišel o předposlední ze svých životů. Takové zjištění by zamávalo s mnohem odolnějším charakterem. Kocour se proto rozhodne pověsit boty na hřebík a žít dál v relativním bezpečí kočičího útulku jako obyčejný chlupatý mazlíček. To by ovšem nesměl mít v patách drsnou Zlatovlásku a její tři drsné medvědí parťáky, kteří s ním mají nevyrovnané účty, a také tajemného Vlka, který šermuje jako ďábel (a možná taky ďábel je). Naděje naštěstí umírá poslední – v Kocourově případě má podobu legendární Hvězdy přání, která by mu mohla obnovit ztracené životy. Jenže taková vzácná věc se nesmírně těžko hledá. Kocour v botách musí spolknout hrdost a uzavřít příměří se svou věčnou soupeřkou, kočičí zlodějkou Čiči Pacičkou. Spolu s ní a novým kamarádem Psem, který kdovíproč předstírá, že je kočka, se vydává vstříc pohádkovému dobrodružství, na jehož konci na všechny čeká odměna. Tedy pokud najdou Hvězdu přání jako první. (CinemArt);21.12.2022 Universal Pictures US;láska, smrt, přátelství, přátelé, strach, zrada, nájemný vrah, hrdina, kočky, odpuštění, medvědi, vlci, přání;Joel Crawford, Januel Mercado;Antonio Banderas, Salma Hayek, Harvey Guillén, Florence Pugh, Olivia Colman, Ray Winstone, Samson Kayo, John Mulaney, Wagner Moura, Da'Vine Joy Randolph;https://srv.clickfuse.com/ads/adclkr.php?id=100006636&url=https://tv.apple.com/cz/movie/puss-in-boots-the-last-wish/umc.cmc.3ysvrfdjp7h6q8dt73t3bq23i<br>https://www.youtube.com/watch?v=ds9PjKdn3kg<br>https://srv.clickfuse.com/ads/adclkr.php?id=100006636&url=https://tv.apple.com/cz/movie/puss-in-boots-the-last-wish/umc.cmc.3ysvrfdjp7h6q8dt73t3bq23i<br>https://www.youtube.com/watch?v=ds9PjKdn3kg<br>https://apps.apple.com/cz/app/id6755365206<br>https://play.google.com/store/apps/details?id=cz.csfd.csfdroid<br>;Academy Awards (1x)<br>British Academy of Film and Television Arts (BAFTA) (1x)<br>Golden Globes (1x)<br>Critics Choice Awards (1x)<br>The Saturn Awards (1x)<br>;;
230120;Payback: Straight Up;2006;84.83324781939456;90.0;https://image.pmgstatic.com/cache/resized/w420/files/images/film/posters/000/052/52588_1c760s.jpg;https://www.csfd.cz/film/230120-payback-straight-up/;USA;Akční / Krimi / Drama / Thriller;;Dvaja profesionálni zlodeji, Porter a Resnick, naplánujú jednorazovú akciu priamo v uliciach mesta, pri ktorej by mohli zinkasovať až pol milióna dolárov. Úspešne olúpia čínsku mafiu o 140 tisíc, no keď má prísť k deleniu peňazí, všetko sa zvrhne. Resnick kvôli finančným pohľadávkam syndikátu svojho parťáka podrazí a tým ho pripraví nielen o polovicu peňazí, ale aj o život... aspoň to si všetci mysleli. Porter sa však vracia – drsnejší a neústupnejší ako kedykoľvek predtým. A chce svoj podiel.Dlhých sedem rokov museli diváci čakať na pôvodnu verziu temnej kriminálky ODPLATA, ktorá bola v roku 1999 prestrihaná na požiadavku producentov, ktorí považovali Helgelandov režijný debut za príliš brutálny. Scenárista oscarového L.A. CONFIDENTIAL bol z pozície režiséra vyhodený a nahradený Johnom Myhrem, ktorý znova natočil tretinu filmu. Nová a vylepšená ODPLATA je výsledkom niekoľkoročnej práce Briana Helgelanda, ktorý chcel divákom predstaviť svoj film – v takej podobe, akú mali zhliadnuť už pred rokmi. (Visáč);;podle knihy, vražda, tajná organizace;Brian Helgeland;Mel Gibson, Gregg Henry, Maria Bello, Bill Duke, Deborah Kara Unger, John Glover, William Devane, Lucy Liu, David Paymer, Sally Kellerman;https://apps.apple.com/cz/app/id6755365206<br>https://play.google.com/store/apps/details?id=cz.csfd.csfdroid<br>;;;Donald E. Westlake
141680;Harakiri;1962;85.06224066390041;133.0;https://image.pmgstatic.com/cache/resized/w420/files/images/film/posters/163/670/163670170_48ad9c.jpg;https://www.csfd.cz/film/141680-harakiri/;Japonsko;Akční / Drama / Historický;Seppuku;Harakiri patří sice do kategorie samurajských filmů, ale zdaleka nelíčí jen udatnost japonských bojovníků, nýbrž nabízí možnost poznat také odvrácenou tvář jejich životních osudů. Příběh filmu se odehrává v první polovině 17. století, kdy japonští velmoži mezi sebou uzavřeli mír. Samurajové tak přišli o hlavní zdroj obživy a pro záchranu svých rodin byli často nuceni přijímat pro ně méně důstojné úkoly. Kobajašiho film zapadá do linie japonské tvorby šedesátých let, v níž se výrazně projevuje střet přežívajícího tradičního životního stylu se stále více se prosazujícími prvky moderní společnosti. (NFA);16.09.1962 Shochiku;pomsta, samurajové;Masaki Kobajaši;Tacuja Nakadai, Rentaró Mikuni, Šima Iwašita, Akira Išihama, Akidži Kobajaši, Kei Sató, Hisaši Igawa, Tecuró Tanba, Joširó Aoki, Jošio Inaba;https://apps.apple.com/cz/app/id6755365206<br>https://play.google.com/store/apps/details?id=cz.csfd.csfdroid<br>;Cannes Film Festival (1x)<br>;Cannes Film Festival (1x)<br>;
5;Žhavé výstřely 2;1993;84.65033689280241;86.0;https://image.pmgstatic.com/cache/resized/w420/files/images/film/posters/158/732/158732034_6c05c1.jpg;https://www.csfd.cz/film/5-zhave-vystrely-2/;USA;Akční / Komedie / Válečný;Hot Shots! Part Deux;Machr Harley opět v akci, a to v pokračování mimořádně úspěšné parodie. Topper Harley žije v pánském klášteře, jeho nezpůsobilý ex-velitel je v Bílém domě a na Středním východě je třeba vysvobodit skupinu amerických rukojmí. Topper je jediný muž, který to může dokázat, ale příliš se váže na svou ex-přítelkyni, než aby šel podruhé do akce - dokud ho krásná agentka CIA nedostane znovu do sedla. Harley a jeho Žhavé výstřely podnikají zábavnou misi na život a na smrt, misi ve stopách akce a napětí, nastražených léček a parodií na veškeré filmové klasiky, kde unikne zesměšnění jen málokterá známá filmová tvář.;21.05.1993 20th Century Fox;zbraně, vojáci, armáda, agenti, lodě, parodie, rukojmí, džungle, prezident, CIA;Jim Abrahams;Charlie Sheen, Lloyd Bridges, Valeria Golino, Richard Crenna, Brenda Bakke, Miguel Ferrer, Rowan Atkinson, David Wohl, Ryan Stiles, Mitchell Ryan;https://srv.tunefindforfans.com/showads/track/srvclk.php?aid=100006796&lp=https://www.disneyplus.com/en-cz/browse/entity-071144d0-cfb6-4907-8b26-0962b4e86713<br>https://srv.clickfuse.com/ads/adclkr.php?id=100006636&url=https://tv.apple.com/cz/movie/hot-shots-part-deux/umc.cmc.192c4osinxb8jaboshzuct1vq<br>https://www.youtube.com/watch?v=6327ae2h05k<br>https://srv.tunefindforfans.com/showads/track/srvclk.php?aid=100006796&lp=https://www.disneyplus.com/en-cz/browse/entity-071144d0-cfb6-4907-8b26-0962b4e86713<br>https://srv.clickfuse.com/ads/adclkr.php?id=100006636&url=https://tv.apple.com/cz/movie/hot-shots-part-deux/umc.cmc.192c4osinxb8jaboshzuct1vq<br>https://www.youtube.com/watch?v=6327ae2h05k<br>https://apps.apple.com/cz/app/id6755365206<br>https://play.google.com/store/apps/details?id=cz.csfd.csfdroid<br>;;;
26204;Jestli se rozzlobíme, budeme zlí;1974;84.67276499434176;101.0;https://image.pmgstatic.com/cache/resized/w420/files/images/film/posters/000/031/31203_ie0mgz.jpg;https://www.csfd.cz/film/26204-jestli-se-rozzlobime-budeme-zli/;Itálie / Španělsko;Komedie / Akční;Jestliže se rozzlobíme...;Hlavní cenou pro vítěze automobilových závodů je zbrusu nový závodní speciál. Potíž je v tom, že po dramatickém závodu projedou cílem, zaklesnuti do sebe, dva závodníci současně. Kid a Ben. Vůz je však jen jeden, a tak Kid navrhne, aby si dali závod v tom, kdo sní víc párků a vypije víc piva a vítězi pak připadne výhra. Vypraví se do lunaparku poblíž Benovy dílny a ve zdejší restauraci se pustí do závodu. Těsně před rozhodujícím párkem se však v lunaparku objeví banda gangsterů, kteří pod vedením Attily a Binga začnou demolovat vše kolem sebe a jednou z věcí, které zničí, je také nový vůz Bena a Kida. Jediným důvodem, proč gangsteři v lunaparku řádili, je šéf, který se na radu svého psychiatra rozhodl ukázat všem jak moc je zlý. Neurotický doktor nutí šéfa, aby v podobných akcích pokračoval. Cílem je dosáhnout uzavření lunaparku a pak na jeho místě postavit mrakodrap, z něhož by doktor dostal deset procent zisku. Zatímco Kid se v lunaparku seznámí s pohlednou provazochodkyní, Ben zpívá v místním sboru a pak v dílně nacvičuje novou píseň. Navštíví ho tu Kid, který ho přesvědčí, že by měli po šéfovi gangsterů chtít náhradu za zničený vůz. Vypraví se do jeho restaurace a dají mu ultimátum. Pokud nedostanou nový vůz do zítřejšího poledne, rozzlobí se a budou zlí. Psychiatr však šéfa přesvědčí, že k nim musí být nemilosrdný. Šéf proto nařídí Attilovi, aby to s nimi vyřídil. Ať se však gangster snaží seč může, jeho pokusy zlikvidovat Kida a Bena se nedaří. Dvojic hlavních hrdinů si hravě poradí i s několikanásobnou přesilou. Druhý den se před Benovou dílnou objeví deset motocyklistů, kteří začnou dvojici závodníků provokovat. Těm se je po divoké honičce podaří vylákat na rozlehlou louku za městem, kde je postupně jednoho po druhém zlikvidují. Doktor najme na zlikvidování dvojice nejlepšího zabijáka z podsvětí, přezdívaného Paganini. Ani ten si však na dvojici hrdinů nepřijde. Nakonec se dvojice objeví před dveřmi šéfovy restaurace. A to už se opravdu zlobí. Je jisté, že šéf a jeho banda vzápětí zažijí velmi krušné chvíle.;V TV od 05.01.1980 Československá televize;přátelství, souboje, mafie, vydírání, bar, nájemný vrah, motorky, rychlá auta, buddy movie, pěvecký sbor;Marcello Fondato;Terence Hill, Bud Spencer, John Sharp, Patty Shepard, Donald Pleasence, Manuel de Blas, Deogratias Huerta, Luis Barbero, Emilio Laguna, Rafael Albaicín;https://www.youtube.com/watch?v=ev1REgOWIbI<br>https://www.youtube.com/watch?v=ev1REgOWIbI<br>https://apps.apple.com/cz/app/id6755365206<br>https://play.google.com/store/apps/details?id=cz.csfd.csfdroid<br>;;;
12110;Železný obr;1999;84.63679109490452;86.0;https://image.pmgstatic.com/cache/resized/w420/files/images/film/posters/167/363/167363240_809bd8.jpg;https://www.csfd.cz/film/12110-zelezny-obr/;USA;Animovaný / Rodinný / Sci-Fi / Komedie / Dobrodružný / Krimi / Akční;The Iron Giant;Teprve devítiletý Hogarth zachrání obrovského robota, který na Zemi přiletěl z vesmíru. Hogarth se snaží svého nového geniálního kamaráda ubránit před vládním agentem a vojáky. Ve zdánlivě klidném městečku Rockwell ve státě Maine žije v roce 1957 devítiletý chlapec Hogarth, který sní o invazi vetřelců a bitvách s komunistickými agenty. Jednoho dne se mu jeho sen splní - do nedalekého jezera prý spadl obrovský robot z vesmíru. Hogarthovi se podaří robota vylovit a navzdory protestům své matky Annie ho schová u kamaráda Deana. O robotově přítomnosti se brzy dozví vládní agent Kent Mansley, který chce vetřelce zničit za každou cenu. A bude jen na Hogathovi, jestli se mu to podaří. (HBO Europe);06.08.1999 Warner Bros. US;přátelství, přátelé, 20. století, tajemství, děti, strach, mládež, záhady, chlapec, vyšetřování, pátrání, politika, vojáci, les, moře, armáda, podle komiksu, agenti, voda, oceán, maloměsto, roboti, období 1950-1960, studená válka;Brad Bird;Jennifer Aniston, Harry Connick, Jr., Vin Diesel, James Gammon, Cloris Leachman, Christopher McDonald, John Mahoney, Eli Marienthal, M. Emmet Walsh, Oliver M. Johnston Jr.;https://srv.clickfuse.com/ads/adclkr.php?id=100006636&url=https://tv.apple.com/cz/movie/the-iron-giant/umc.cmc.7jled7ztqogpzu7kgycwxkcon<br>https://www.youtube.com/watch?v=f1RhJBu0B0I<br>http://www.hbo.eu<br>http://www.hbo.eu<br>https://srv.clickfuse.com/ads/adclkr.php?id=100006636&url=https://tv.apple.com/cz/movie/the-iron-giant/umc.cmc.7jled7ztqogpzu7kgycwxkcon<br>https://www.youtube.com/watch?v=f1RhJBu0B0I<br>https://apps.apple.com/cz/app/id6755365206<br>https://play.google.com/store/apps/details?id=cz.csfd.csfdroid<br>;New York Film Critics Circle Awards (1x)<br>The Saturn Awards (2x)<br>;Florida Film Critics Circle Awards (1x)<br>Los Angeles Film Critics Association Awards (1x)<br>;Will Eisner
10197;Bláznivá střela;1988;84.51806343513918;85.0;https://image.pmgstatic.com/cache/resized/w420/files/images/film/posters/162/133/162133621_e50a19.jpg;https://www.csfd.cz/film/10197-blazniva-strela/;USA;Komedie / Krimi / Akční;Bláznivá střela: Z archivů policejního oddělení;Někdo nezažije nic dobrodružného, kdyby se rozkrájel. A někomu stačí vyjít na ulici a ocitne se v samém centru těch nejbláznivějších situací, jaké si umíme představit. Poručík losangelské policie Frank Drebin patří k těm druhým. Dlužno ovšem po pravdě říct, že Frank nedostává nic zadarmo, že na celém tom zmatku, který vždy a všude jeho osobu provází, tvrdě a systematicky pracuje. A protože štěstí, jak známo, přeje připraveným, bývá to ostatní už jen logickým vyústěním děje. Jako třeba teď, kdy má do Los Angeles zavítat sama britská královna Alžběta a oddíl, jehož je Frank členem, je pověřen její ochranou...;02.12.1988 Paramount Pictures;muž, násilí, tajemství, policie, město, záhady, zbraně, vyšetřování, pátrání, politika, manipulace, intriky, drogy, zločin, kolegové, detektiv, kriminalita, podsvětí (svět zločinu), zabijáci, nespravedlnost, střelné zbraně, politik, výslech, výlet, satira, parodie, křivé obvinění, konspirace, šlechta, cizinec (někdo ze zahraničí), Asie, dovolená, policejní stanice, podezření, spiknutí, královna, pokus o vraždu, Kalifornie, Los Angeles, loajalita, atentát, moc, drogový dealer, zatčení, revolver, kriminální policie, baseball, nedorozumění, Blízký východ, diplomacie, pokus o atentát, policejní kapitán(ka), Libanon;David Zucker;Leslie Nielsen, Priscilla Presley, George Kennedy, Ricardo Montalban, O.J. Simpson, Susan Beaubian, Nancy Marchand, Tiny Ron, Joe Grifasi, Lawrence Tierney;https://www.skyshowtime.com/cz/stream/movies/blazniva-strela/2ceb263b-ad10-38b5-b28c-61bd18271384<br>https://srv.clickfuse.com/ads/adclkr.php?id=100006636&url=https://tv.apple.com/cz/movie/the-naked-gun-from-the-files-of-police-squad/umc.cmc.3z4nr3yigexn6sacs1rujqowh<br>https://www.youtube.com/watch?v=3RokdeWFrnQ<br>https://www.skyshowtime.com/cz/stream/movies/blazniva-strela/2ceb263b-ad10-38b5-b28c-61bd18271384<br>https://srv.clickfuse.com/ads/adclkr.php?id=100006636&url=https://tv.apple.com/cz/movie/the-naked-gun-from-the-files-of-police-squad/umc.cmc.3z4nr3yigexn6sacs1rujqowh<br>https://www.youtube.com/watch?v=3RokdeWFrnQ<br>https://apps.apple.com/cz/app/id6755365206<br>https://play.google.com/store/apps/details?id=cz.csfd.csfdroid<br>;;;
8280;Nepřítel státu;1998;84.52080706179068;132.0;https://image.pmgstatic.com/cache/resized/w420/files/images/film/posters/164/960/164960812_ea53fb.jpg;https://www.csfd.cz/film/8280-nepritel-statu/;USA;Drama / Akční / Thriller;Enemy of the State;"Stačí letmé a nechtěné setkání s bývalým spolužákem Zavitzem a z úspěšného washingtonského právníka Roberta Deana (Will Smith) se stává ""nepřítel státu"" číslo jedna. Rozsudek nad ním vynesl vysoký úředník všemocné National Security Agency Reynolds (Jon Voight), který nechal v zájmu demokracie zavraždit kongresmana. Mírumilovný Dean nechápe, proč je z něj najednou štvanec s hordou skvěle vycvičených agentů v patách. K jeho polapení je zmobilizována i nejmodernější technika včetně supercitlivých špionážních satelitů. Proč? Reynolds se domnívá, že Zavitz stačil krátce před svou násilnou smrtí předat mladému právníkovi videokazetu se záznamem vraždy kongresmana. Dean si může na první pohled vybrat - buďto se dříve či později promění v mrtvolu bez totožnosti, nebo rychle vydá zabijákům z NSA to, po čem pasou. Naneštěstí Dean vůbec netuší, že kazeta skončila v jeho tašce s nákupními dárky. Nečekanou pomoc v poslední chvíli získá od bývalého agenta Brilla (Gene Hackman), který se s National Security Agency nerozešel v dobrém. Jaké jsou šance dvou mužů v boji s nejmocnější tajnou organizací na světě?";20.11.1998 Buena Vista Pictures US;muž, rodina, smrt, vražda, násilí, tajemství, strach, záhady, útěk, zbraně, vyšetřování, vrah, oběť (autonehody/zločinu), pátrání, pomsta, politika, pronásledování, boj o přežití, gangsteři, mafie, gang, podsvětí (svět zločinu), agenti, paranoia, konspirace, sledování, spiknutí, tajná policie, odposlech, NSA;Tony Scott;Will Smith, Gene Hackman, Jon Voight, Lisa Bonet, Regina King, Stuart Wilson, Laura Cayouette, Loren Dean, Barry Pepper, Ian Hart;https://srv.tunefindforfans.com/showads/track/srvclk.php?aid=100006796&lp=https://www.disneyplus.com/en-cz/browse/entity-7bd0a9fb-8a0b-4ce2-bb86-2f5a301121d1<br>https://srv.clickfuse.com/ads/adclkr.php?id=100006636&url=https://tv.apple.com/cz/movie/enemy-of-the-state/umc.cmc.6j3uy79soum6r9ttd91f8nsa9<br>https://srv.tunefindforfans.com/showads/track/srvclk.php?aid=100006796&lp=https://www.disneyplus.com/en-cz/browse/entity-7bd0a9fb-8a0b-4ce2-bb86-2f5a301121d1<br>https://srv.clickfuse.com/ads/adclkr.php?id=100006636&url=https://tv.apple.com/cz/movie/enemy-of-the-state/umc.cmc.6j3uy79soum6r9ttd91f8nsa9<br>https://apps.apple.com/cz/app/id6755365206<br>https://play.google.com/store/apps/details?id=cz.csfd.csfdroid<br>;;;
33433;Podivné dědictví;1972;84.50473280166952;120.0;https://image.pmgstatic.com/cache/resized/w420/files/images/film/posters/000/020/20959_24ce6f.jpg;https://www.csfd.cz/film/33433-podivne-dedictvi/;Itálie / Francie / Jugoslávie;Western / Komedie / Akční;E poi lo chiamarono il magnifico;Tomův otec má na smrtelné posteli jediné přání: aby se jeho syn vydal na Západ a konečně se z padavky změnil v muže. Umírající muž má tři staré přátele – Holy Joea, Bulla a Opičáka Smithe – kteří už se o něj postarají, jen tam musí dojet. A protože Tom je poslušný syn, vydá se na cestu. V kufru má kompletní výbavu na hon na lišku, neboť předpokládá, že tohle je ošacení, jakému kultivovaní Zápaďané dávají přednost. Když ovšem Tom dorazí do cíle, čeká na něj drsné probuzení. Ačkoliv je statečný jako lev, ocitl se prostě na naprosto nevhodném místě – vždyť do města vjel dokonce na kole! Otcovým přátelům dojde, že se do práce musejí pustit co nejrychleji, protože udělat z Toma chlapa – to bude neuvěřitelná fuška. Tom se mezitím zamiluje do místní krásky Candidy, jejich romance má ovšem jeden háček. Do Candidy je zamilován i drsný honák dobytka Bob, a proti tomu - jak ukázalo pár setkání - Tom nemá šanci. V péči Bulla, Holy Joea a Opičáka Smithe se ovšem Tom naučí používat jak pěsti, tak revolver, a když je znovu konfrontován s Bobem, úplně protivníka zdecimuje. Tom získá ruku krásné Candidy... ztratí ovšem přátele. Ti tři se totiž bojí, že Tom město na jejich vkus příliš zcivilizuje, a vydávají se hledat nové teritorium.;Na Blu-ray od 24.04.2013 Magic Box;láska, otec, syn, přepadení, koně, vlak, Divoký západ, spaghetti western, přání, dostavník;Enzo Barboni;Terence Hill, Gregory Walcott, Yanti Somer, Dominic Barto, Harry Carey Jr., Sal Borgese, John Bartha, Salvatore Baccaro, Riccardo Pizzuti, Emilio Messina;https://apps.apple.com/cz/app/id6755365206<br>https://play.google.com/store/apps/details?id=cz.csfd.csfdroid<br>;;;
13186;Klepání na nebeskou bránu;1997;84.4251183015731;85.0;https://image.pmgstatic.com/cache/resized/w420/files/images/film/posters/162/469/162469753_c4da29.jpg;https://www.csfd.cz/film/13186-klepani-na-nebeskou-branu/;Německo / Nizozemsko / Belgie;Akční / Krimi / Komedie / Drama;Knockin' on Heaven's Door;"Nejúspěšnější německý snímek roku 1997 překvapí neotřelým využitím moderních filmových klišé, humorem a originální symbiózou hned několika žánrů. Hrdiny jsou dva muži, umírající na rakovinu, kteří se rozhodnou, že si ""osladí"" a ""opepří"" poslední dny, které jim zbývají, cestou k moři. Snímek, zřetelně inspirovaný tvorbou Quentina Tarantina, je navíc plný filmových odkazů. Navzdory četným přestřelkám a honičkám tu není ani kapka krve a ani jeden zavražděný, i když smrt obchází velice blízko.";20.02.1997 Buena Vista Int. DE;smrt, rakovina;Thomas Jahn;Til Schweiger, Jan Josef Liefers, Thierry van Werveke, Moritz Bleibtreu, Huub Stapel, Leonard Lansink, Ralph Herforth, Hark Bohm, Jürgen Becker, Markus Knüfken;/tvurce/65247-stephen-chbosky/prehled/<br>https://apps.apple.com/cz/app/id6755365206<br>https://play.google.com/store/apps/details?id=cz.csfd.csfdroid<br>;;German Film Awards (1x)<br>Sitges Film Festival (1x)<br>;
11541;Nejdelší den;1962;84.5;171.0;https://image.pmgstatic.com/cache/resized/w420/files/images/film/posters/159/449/159449539_c3be7d.jpg;https://www.csfd.cz/film/11541-nejdelsi-den/;USA;Válečný / Akční / Drama / Historický;The Longest Day;Červen 1944. V Němci okupované severní Francii čekají odbojáři i civilní obyvatelstvo na vylodění spojeneckých vojsk. Čekají také Němci, zatím však nemají zdání, kdy a kde by mělo k invazi dojít. Jsou přesvědčeni, že na pláž nevstoupí jediný americký či anglický voják. Chvástají se, že Spojencům připraví nejdelší den. Na druhé straně kanálu čekají vojáci na chvíli, kdy jim bude oznámeno, že dojde k operaci… Zatímco se připravuje vylodění spojeneckých jednotek v Normandii, německé velení se marně pokouší získat svolení Vůdce k vyslání záložních pancéřových divizí na pobřeží. Na urgentní telefonát generál Jodl odpovídá: „Vůdce spí, protože si vzal silnou dávku sedativ.“ Přímo na pláži se hrůzou zkamenělým německým vojákům na úsvitu nového dne naskytne neuvěřitelný pohled. Blíží se obrovské množství lodí, o nichž jim ještě nedávno jejich velitelé říkali, že neexistují. Ve spěchu se začíná formovat obrana. Mezitím se americké jednotky vyloďují na pláži Omaha. Je nezbytné dostat se co nejrychleji z dostřelu německých zbraní a pokračovat do vnitrozemí. Už teď je jisté, že ztráty budou obrovské… Velkolepě převyprávěná historie zachycuje přípravy akce, bitevní scény i osudy jednotlivých účastníků. Film byl oceněn dvěma Oscary a účinkování v něm přijala řada hvězd.;04.10.1962 20th Century Fox;podle knihy, černobílý film, smrt, 20. století, strach, město, zbraně, oběť (autonehody/zločinu), období 1940-1950, 2. světová válka, vojáci, podle skutečného příběhu, boj o přežití, moře, armáda, Francie, voda, lodě, nacisté, léto, oceán, nacismus, Paříž, letadla, bitva, pláž, pobřeží, okupace, invaze, námořnictvo, protiválečný, letectvo, stíhačky, vylodění v Normandii (Den D), Normandie, spojenci;Ken Annakin, Andrew Marton, Bernhard Wicki;Eddie Albert, Paul Anka, Arletty, Jean-Louis Barrault, Richard Beymer, Hans Christian Blech, Bourvil, Richard Burton, Wolfgang Büttner, Red Buttons;https://srv.clickfuse.com/ads/adclkr.php?id=100006636&url=https://tv.apple.com/cz/movie/the-longest-day/umc.cmc.5aj244jsd5ul0udu009s8gdyn<br>https://www.youtube.com/watch?v=EAuGzdwR8XU<br>https://srv.clickfuse.com/ads/adclkr.php?id=100006636&url=https://tv.apple.com/cz/movie/the-longest-day/umc.cmc.5aj244jsd5ul0udu009s8gdyn<br>https://www.youtube.com/watch?v=EAuGzdwR8XU<br>https://apps.apple.com/cz/app/id6755365206<br>https://play.google.com/store/apps/details?id=cz.csfd.csfdroid<br>;Academy Awards (3x)<br>Golden Globes (1x)<br>;Academy Awards (2x)<br>Golden Globes (1x)<br>;Cornelius Ryan
410032;Zastavte vymírání;2015;85.6100981767181;84.0;https://image.pmgstatic.com/cache/resized/w420/files/images/film/posters/160/195/160195561_e78935.jpg;https://www.csfd.cz/film/410032-zastavte-vymirani/;USA / Čína / Hongkong / Indonésie / Mexiko / Velká Británie;Dokumentární / Akční / Dobrodružný;Zastavme vymírání;"Louie Psihoyos, tvůrce oscarového filmu ""Zátoka"", je zpět s novým přelomovým dokumentem ""Zastavte vymírání"". V tomto novém pořadu se Psihoyos a jeho tým aktivistů pokusí odhalit dvě hlavní hrozby, které ohrožují divokou zvěř po celé planetě. Za prvé je to mezinárodní obchod s divokými zvířaty a podvodné léky a přípravky, které jsou prodávány veřejnosti na úkor zvířat, jež na této planetě žijí už miliony let. Druhá hrozba se nachází všude kolem nás. Jsou to skryté emise uhlíku a překyselené oceány, které zabíjí živé organismy. Díky nejmodernějším technologiím odhalíme, že velké ropné společnosti nechtějí, aby se o těchto skutečnostech vědělo. Psihoyos se nám pokusí ukázat, jaký dopad má naše chování na planetu a co je potřeba udělat, abychom zajistili vzkvétání našeho světa pro budoucí generace. (Animal Planet)";18.09.2015 Abramorama Films;zvířata, oceán, ekologie, fotograf, rybolov;Louie Psihoyos, David Doubilet;Elon Musk, Louie Psihoyos, Jane Goodall, Lester Brown, Stuart Pimm, Boris Worm, Eric Goode, Joel Sartore, Petr Štěpánek, Synte Peacock;https://srv.clickfuse.com/ads/adclkr.php?id=100006636&url=https://tv.apple.com/cz/movie/racing-extinction/umc.cmc.4sjntki0brolciz4qelprm9dv<br>https://srv.clickfuse.com/ads/adclkr.php?id=100006636&url=https://tv.apple.com/cz/movie/racing-extinction/umc.cmc.4sjntki0brolciz4qelprm9dv<br>https://apps.apple.com/cz/app/id6755365206<br>https://play.google.com/store/apps/details?id=cz.csfd.csfdroid<br>;Academy Awards (1x)<br>Sundance Film Festival (1x)<br>Melbourne International Film Festival (MIFF) (1x)<br>;;
12855;Odplata;1999;84.24138269665129;100.0;https://image.pmgstatic.com/cache/resized/w420/files/images/film/posters/022/809/22809690_eccebb.jpg;https://www.csfd.cz/film/12855-odplata/;USA;Akční / Krimi / Thriller / Drama;Payback;Pomsta je zábava, když se jí ujme dvojnásobný držitel ceny Akademie(R)* Mel Gibson v roli drsného Portera. Odplata je svižná a vtipná směs akce a filmu noir. Snímek režíroval držitel Oscara za L. A. Přísně tajné Brian Helgeland a podílel se také na scénáři, jež je adaptací románu Donalda E. Westlakea. Ten už posloužil jako předloha pro klasiku Point Blank, která vznikla ve spolupráci Jon Boorman/Lee Marvin. Když Portera podrazí vlastní kumpáni, ukradnou jeho podíl v hodnotě 70 tisíc dolarů a nechají ho napospas smrti, zbývá jen jeden způsob, jak věc vyřešit: Porterův způsob. Jeho vendeta postaví spoustu podrazáků před hlaveň pistole. Zkorumpovaní policajti. Pouliční gangy. Bezpáteřní křiváci. Šéfové podsvětí. Všichni, kdo stojí mezi Porterem a jeho sedmdesáti tisíci, brzy zjistí, že se Porter vrátil... a chce se mstít. (Magic Box);05.02.1999 Paramount Pictures;podle knihy, žena, smrt, přátelství, přátelé, vražda, násilí, touha, zbraně, oběť (autonehody/zločinu), pomsta, peníze, manipulace, lež, intriky, pronásledování, drogy, únos, zrada, podvod, mrtvola, gangsteři, mafie, gang, podsvětí (svět zločinu), zabijáci, zranění, nespravedlnost, prostituce, prostitutka, hotel, závislost, mučení, výbuch;Brian Helgeland;Mel Gibson, Gregg Henry, Maria Bello, David Paymer, Bill Duke, Deborah Kara Unger, John Glover, William Devane, Lucy Liu, Jack Conley;https://apps.apple.com/cz/app/id6755365206<br>https://play.google.com/store/apps/details?id=cz.csfd.csfdroid<br>;The Saturn Awards (1x)<br>;;Donald E. Westlake
127213;Úžasňákovi;2004;84.20291106983977;115.0;https://image.pmgstatic.com/cache/resized/w420/files/images/film/posters/159/630/159630162_434cd5.jpg;https://www.csfd.cz/film/127213-uzasnakovi/;USA;Animovaný / Akční / Dobrodružný / Rodinný;The Incredibles;Bob Parr, známý jako Mr. Úžasný, býval jedním z největších světových superhrdinů a zachraňování světa bylo jeho denním chlebem. Svůj superoblek musel pověsit na hřebík před patnácti lety. Dnes pracuje jako odhadce škod pro pojišťovnu a bojuje s nudou a rostoucím břichem. Se svou manželkou (bývalou Elastiženou) a třemi dětmi se pokoušejí žít normální život. Jeho chvíle ale přijde, když ho tajemný kontakt vyšle na vzdálený ostrov s tajným posláním. Tam zjistí, že génius zla připravuje ďábelskou pomstu světu... (TV Prima);05.11.2004 Buena Vista Pictures US;rodina, dívka, otec, děti, matka, policie, zbraně, pomsta, podvod, ostrov, superhrdina, letadla, džungle, roboti, bomba, základní škola, bankovní loupež, automobilová honička, maska, naschvály, CGI animace;Brad Bird;Craig T. Nelson, Holly Hunter, Samuel L. Jackson, Jason Lee, Elizabeth Peña, Teddy Newton, Wallace Shawn, Sarah Vowell, Lou Romano, Bud Luckey;https://srv.tunefindforfans.com/showads/track/srvclk.php?aid=100006796&lp=https://www.disneyplus.com/en-cz/browse/entity-850b6e92-07ea-4211-b3c3-cbbf1de045fa<br>https://srv.clickfuse.com/ads/adclkr.php?id=100006636&url=https://tv.apple.com/cz/movie/the-incredibles/umc.cmc.3l02o7h3trocpynaslpu6epsv<br>https://www.youtube.com/watch?v=LefA_8X7IjI<br>/novinky/9081-u-disneyho-predstavili-radu-novinek/<br>/novinky/9081-u-disneyho-predstavili-radu-novinek/<br>/novinky/9081-u-disneyho-predstavili-radu-novinek/<br>https://srv.tunefindforfans.com/showads/track/srvclk.php?aid=100006796&lp=https://www.disneyplus.com/en-cz/browse/entity-850b6e92-07ea-4211-b3c3-cbbf1de045fa<br>https://srv.clickfuse.com/ads/adclkr.php?id=100006636&url=https://tv.apple.com/cz/movie/the-incredibles/umc.cmc.3l02o7h3trocpynaslpu6epsv<br>https://www.youtube.com/watch?v=LefA_8X7IjI<br>http://disney.go.com/disneyvideos/animatedfilms/incredibles/main.html<br>https://apps.apple.com/cz/app/id6755365206<br>https://play.google.com/store/apps/details?id=cz.csfd.csfdroid<br>;Academy Awards (2x)<br>Golden Globes (1x)<br>Critics Choice Awards (2x)<br>The Saturn Awards (3x)<br>;Academy Awards (2x)<br>Critics Choice Awards (1x)<br>Florida Film Critics Circle Awards (1x)<br>Los Angeles Film Critics Association Awards (2x)<br>New York Film Critics Circle Awards (1x)<br>The Saturn Awards (1x)<br>;
771;Pátý element;1997;84.17662767039675;126.0;https://image.pmgstatic.com/cache/resized/w420/files/images/film/posters/170/554/170554570_antoy6.jpg;https://www.csfd.cz/film/771-paty-element/;Francie;Sci-Fi / Akční / Komedie / Thriller;Le Cinquième Élément;New York, dvacáté třetí století. Země má být co nevidět zničena obří ohnivou koulí, která se na ni řítí. Cornelius (Ian Holm), starý mnich, však ví, čím tento hořící kolos zastavit: Pátým elementem. Je to Nejvyšší existence, propojující čtyři základní Elementy – vzduch, vodu, oheň a Zemi, které pouze společně, jako jediná Moc, mohou zastavit blížící se Zlo. Cornelius získává jako spojence v tomto boji Korbena Dallase (Bruce Willis), taxikáře a bývalého agenta tajné služby a Leeloo (Milla Jovovich), mimozemšťana v podobě krásné mladé dívky. Tuto trojici čeká na jejich cestě za záchranou lidstva spousta dobrodružství a hlavně boj se strašným Zorgem (Gary Oldman) a jeho děsivými spojenci Mangalory. (Magic Box);Na DVD od 11.06.2001 Intersonic;muž, žena, násilí, dívka, tajemství, strach, záhady, útěk, zbraně, pátrání, cestování, vojáci, manipulace, intriky, pronásledování, putování, boj o přežití, souboje, armáda, New York, agenti, rvačka, střelné zbraně, mimozemšťané, panika, přepadení, přestřelka, dobrodruh, střelba, konspirace, budoucnost, hrdina, vesmírná loď, spiknutí, apokalypsa, moc, řidič, týmová práce, dobrodružství, puška, Wilhelm scream, taxi, mniši, artefakt, tajná služba, klonování, konec světa, paleoastronautika;Luc Besson;Bruce Willis, Gary Oldman, Ian Holm, Milla Jovovich, Chris Tucker, Luke Perry, Brion James, Marie Guillard, Tommy 'Tiny' Lister, Lee Evans;https://apps.apple.com/cz/app/id6755365206<br>https://play.google.com/store/apps/details?id=cz.csfd.csfdroid<br>;Academy Awards (1x)<br>European Film Awards (1x)<br>César Awards (5x)<br>The Saturn Awards (4x)<br>Golden Raspberry Awards (Razzies) (2x)<br>;British Academy of Film and Television Arts (BAFTA) (1x)<br>César Awards (3x)<br>;
5446;Yojimbo;1961;84.42117510180337;110.0;https://image.pmgstatic.com/cache/resized/w420/files/images/film/posters/162/468/162468053_d8255f.jpg;https://www.csfd.cz/film/5446-yojimbo/;Japonsko;Drama / Akční;Ochránce;Bezmenný ronin, samuraj bez pána, sa v roku 1860, na konci éry dynastie Tokugawa, túla krajinou, až dorazí do mesta, ktoré je rozdelené medzi dva zločinecké gangy. Keď predvedie svoju šikovnosť s mečom, vodcovia oboch znepriatelených skupín si ho chcú najať za yojimba - osobného strážcu. On sa však rozhodne poštvať ich proti sebe a oslobodiť tak mestečko spod ich nadvlády. V roku 1964 nakrútil Sergio Leone remake s názvom Pre hrsť dolárov s Clintom Eastwoodom v úlohe bezmenného pištoľníka. (STV);25.04.1961 Toho Company;muž, černobílý film, násilí, peníze, manipulace, intriky, rivalita, gangsteři, 19. století, nenávist, gang, Japonsko, bojová umění, novověk, válečníci, samurajové, žoldáci, bodyguard, válka gangů;Akira Kurosawa;Toširó Mifune, Tacuja Nakadai, Jóko Cukasa, Isuzu Jamada, Daisuke Kató, Takaši Šimura, Hiroši Tačikawa, Eidžiró Tóno, Kamatari Fudžiwara, Acuši Watanabe;https://apps.apple.com/cz/app/id6755365206<br>https://play.google.com/store/apps/details?id=cz.csfd.csfdroid<br>;Academy Awards (1x)<br>Venice Film Festival (1x)<br>;Venice Film Festival (1x)<br>;
43513;Piráti z Karibiku: Prokletí Černé perly;2003;84.09277499462846;143.0;https://image.pmgstatic.com/cache/resized/w420/files/images/film/posters/158/606/158606055_fe835f.jpg;https://www.csfd.cz/film/43513-pirati-z-karibiku-prokleti-cerne-perly/;USA;Dobrodružný / Akční / Fantasy / Komedie;Pirates of the Caribbean: The Curse of the Black Pearl;Třpytivé vody Karibiku jsou pro darebáckého, ale šarmantního kapitána Jacka Sparrowa nevyčerpatelným zdrojem tajemných a vzrušujících dobrodružství. Jeho idylický život se však razantně změní ve chvíli, kdy se lstivý kapitán Barbossa zmocní jeho lodi Černá perla a napadne město Port Royal, odkud unese guvernérovu okouzlující dceru Elizabeth Swann. Její kamarád z dětství Will Turner se spolu s Jackem vydává na palubě nejrychlejší lodi britské flotily na odvážnou výpravu za záchranou Elizabeth a ukradené Černé perly. V patách je jim Elizabethin snoubenec, sympatický a ctižádostivý Commodore Norrington. Will ale netuší, že je Barbossa i s celou svou pirátskou posádkou pod vlivem prokletí, které jej odsuzuje k věčnému životu ve světě nemrtvých a každou noc jej proměňuje v živého kostlivce. Kletbu může zlomit pouze vrácení ukradené části prokletého pokladu na jeho původní místo. Posádky obou lodí se vydávají vstříc vzrušujícímu střetnutí s Barbossou na tajemný ostrov Isla de Muerta. Když pak pozvednou své meče k souboji s obávanými piráty Karibiku, je v sázce Jackova pomsta, Černá perla, zapomenutý poklad, zlomení kletby nad Barbossou a jeho posádkou, osud britské námořní flotily a v neposlední řadě také životy našich statečných hrdinů.;09.07.2003 Buena Vista Pictures US;muž, láska, žena, rodina, smrt, dívka, tajemství, otec, rodiče, strach, mládež, záhady, dcera, touha, útěk, chlapec, zbraně, oběť (autonehody/zločinu), pátrání, cestování, vzpomínky, vojáci, manipulace, lež, intriky, pronásledování, putování, rivalita, únos, zrada, vězení, boj o přežití, souboje, vášeň, podvod, mrtvola, moře, nenávist, armáda, ostrov, umírání, zranění, voda, rvačka, lodě, střelné zbraně, kouzla, krutost, panika, oceán, přepadení, chamtivost, přestřelka, chladnokrevnost, dobrodruh, magie, střelba, tradice, zakázaná láska, bohatství, výbuch, alkohol, bodné zbraně, sečné zbraně, bomba, past, zlato, nůž, piráti, prokletí, dobrodružství, vyjednávání, puška, expedice, destrukce, námořnictvo, vězeň, podvodníci, ničení, kletba, uprchlý trestanec, nesmrtelnost, přístav, Karibik, útěk z vězení, poklad, sekera, šerm, vězeňská cela, přestrojení, kostlivci, námořníci, kovář, mořeplavci;Gore Verbinski;Johnny Depp, Geoffrey Rush, Orlando Bloom, Keira Knightley, Jack Davenport, Kevin McNally, Zoe Saldaña, Jonathan Pryce, Treva Etienne, David Bailie;https://srv.tunefindforfans.com/showads/track/srvclk.php?aid=100006796&lp=https://www.disneyplus.com/en-cz/browse/entity-2d6036d7-f3b4-42c3-b1d3-cd5dd79bf307<br>https://srv.clickfuse.com/ads/adclkr.php?id=100006636&url=https://tv.apple.com/cz/movie/pirates-of-the-caribbean-the-curse-of-the-black-pearl/umc.cmc.1wsvf8g54wi5yhum7spxmh470<br>/novinky/8431-disney100-koncert/<br>/novinky/8431-disney100-koncert/<br>/novinky/8431-disney100-koncert/<br>https://srv.tunefindforfans.com/showads/track/srvclk.php?aid=100006796&lp=https://www.disneyplus.com/en-cz/browse/entity-2d6036d7-f3b4-42c3-b1d3-cd5dd79bf307<br>https://srv.clickfuse.com/ads/adclkr.php?id=100006636&url=https://tv.apple.com/cz/movie/pirates-of-the-caribbean-the-curse-of-the-black-pearl/umc.cmc.1wsvf8g54wi5yhum7spxmh470<br>http://disney.go.com/pirates/<br>https://apps.apple.com/cz/app/id6755365206<br>https://play.google.com/store/apps/details?id=cz.csfd.csfdroid<br>;Academy Awards (5x)<br>British Academy of Film and Television Arts (BAFTA) (4x)<br>Amanda Awards (1x)<br>Golden Globes (1x)<br>Critics Choice Awards (1x)<br>The Saturn Awards (10x)<br>;British Academy of Film and Television Arts (BAFTA) (1x)<br>Critics Choice Awards (1x)<br>The Saturn Awards (1x)<br>;
1459474;Chainsaw Man – Film: Reze Arc;2025;85.02008032128514;101.0;https://image.pmgstatic.com/cache/resized/w420/files/images/film/posters/170/300/170300189_6gieac.jpg;https://www.csfd.cz/film/1459474-chainsaw-man-film-reze-arc/;Japonsko;Animovaný / Akční / Dobrodružný;Gekijouban Chainsaw Man: Reze Hen;Chainsaw Man se poprvé dostává na velká plátna v epickém, akcí nabitém dobrodružství, které navazuje na velmi populární anime sérii. Hlavní postava Denji pracoval jako lovec démonů pro jakuzu, aby splatil dluh, který zdědil po rodičích, dokud ho jakuza nezradila a nenechala ho zabít. Když ztrácel vědomí, Denjiho milovaný démonický pes Pochita, který je poháněný motorovou pilou, uzavřel s Denjim dohodu a zachránil mu život. Tím se oba spojili a vytvořili postavu nezastavitelného Chainsaw Mana. Nyní, v brutální válce mezi ďábly, lovci a tajnými nepřáteli, vstoupila do jeho světa tajemná dívka jménem Reze a Denji čelí své dosud nejnebezpečnější bitvě, poháněný láskou ve světě, kde přežití nezná žádná pravidla. (Falcon);19.09.2025 Toho Company;násilí, zbraně, anime, manipulace, zabijáci, gore, monstra, nájemný vrah, nahota, démoni, podle mangy, body horror, šónen, seinen, urban fantasy;Tacuja Jošihara;Toja Kikunosuke, Reina Ueda, Nacuki Hanae, Júja Učida, Šógo Sakata, Karin Takahaši, Tomori Kusunoki, Šiori Izawa, Ai Fairouz, Maaja Učida;https://srv.clickfuse.com/ads/adclkr.php?id=100006636&url=https://tv.apple.com/cz/movie/chainsaw-man-the-movie---reze-arc/umc.cmc.645nt2h55se8nr5vu7jxf31vs<br>https://www.youtube.com/watch?v=FtZWQWIsysg<br>https://srv.clickfuse.com/ads/adclkr.php?id=100006636&url=https://tv.apple.com/cz/movie/chainsaw-man-the-movie---reze-arc/umc.cmc.645nt2h55se8nr5vu7jxf31vs<br>https://www.youtube.com/watch?v=FtZWQWIsysg<br>https://apps.apple.com/cz/app/id6755365206<br>https://play.google.com/store/apps/details?id=cz.csfd.csfdroid<br>;The Saturn Awards (1x)<br>;;Tacuki Fudžimoto
182330;Pouta války;2004;84.06642728904848;140.0;https://image.pmgstatic.com/cache/resized/w420/files/images/film/posters/158/598/158598945_a397f8.jpg;https://www.csfd.cz/film/182330-pouta-valky/;Jižní Korea;Akční / Drama / Válečný;Taegeugki hwinalrimyeo;Aby mohl svého mladšího bratra poslat na studia, je Jin-Tae ochotný si vydělávat na ulici jako čistič bot. Společně s ovdovělou matkou se upnou k akademické budoucnosti Jin-Seoka jako ke svému cíli. V Koreji však vypukne válka a benjamínek rodiny musí rukovat. Zodpovědnost a strach o bratra přivedou i Jin-Taea do války. V okamžiku, kdy začne válečná vřava ohrožovat životy obou, rozhodne se Jin-Tae přihlásit na sebevražednou misi, aby vysloužil bratrovi odchod do civilu. Ten Jin-Taeův plán zprvu nechápe a odsuzuje jej jako zbytečně vlasteneckou honbu za slávou. Tae Guk Gi je korejský název pro státní vlajku Jižní Koreje s mandalou a čtyřmi trigramy.;06.02.2004 Showbox;20. století, zbraně, krev, bratři, válka, komunismus, období 1950-1960, Korejská válka, zákopová válka;Je-gyu Kang;Dong-gun Jang, Bin Won, Eun-joo Lee, Hyeong-jin Kong, Min-ho Jang, Jae-hyeong Jeon, Kil-kang Ahn, Yoon-hee Jo, Yoon-min Jeong, Taek-ha Hwang;https://apps.apple.com/cz/app/id6755365206<br>https://play.google.com/store/apps/details?id=cz.csfd.csfdroid<br>;;;
393332;Avengers: Endgame;2019;83.92181368260555;182.0;https://image.pmgstatic.com/cache/resized/w420/files/images/film/posters/163/434/163434385_4255c9.png;https://www.csfd.cz/film/393332-avengers-endgame/;USA;Akční / Dobrodružný / Sci-Fi / Fantasy;Avengers: Endgame;Hrozivé události způsobené Thanosem, který vyhladil polovinu života ve vesmíru a silně oslabil Avengers, vedou zbylé superhrdiny k tomu, aby ve strhujícím finále 22 filmů studia Marvel zvaném Avengers: Endgame sebrali poslední síly a pokusili se vrátit úder. (Falcon);26.04.2019 Walt Disney US;smrt, souboje, podle komiksu, magie, superhrdina, cestování časem, Marvel Comics, yakuza, San Francisco, Marvel Cinematic Universe (MCU), Spider-Man, crossover, Captain America, Iron Man, Hulk, Thor (Marvel Comics), Nick Fury, Black Widow, Hawkeye, supervoják, Black Panther, Loki (Marvel Comics), portál, Ant-Man, Doctor Strange, Avengers, Falcon, Rocket Raccoon, Groot, Scarlet Witch, Red Skull, War Machine, Drax the Destroyer, Captain Marvel, Strážci Galaxie, Wasp, Thanos, Nebula, Crossbones;Anthony Russo, Joe Russo;Robert Downey Jr., Chris Evans, Mark Ruffalo, Chris Hemsworth, Scarlett Johansson, Jeremy Renner, Don Cheadle, Paul Rudd, Benedict Cumberbatch, Chadwick Boseman;https://srv.tunefindforfans.com/showads/track/srvclk.php?aid=100006796&lp=https://www.disneyplus.com/en-cz/browse/entity-b39aa962-be56-4b09-a536-98617031717f<br>https://srv.clickfuse.com/ads/adclkr.php?id=100006636&url=https://tv.apple.com/cz/movie/avengers-endgame/umc.cmc.4ao9tm6b6rz4sy7yj5v13ltf8<br>https://srv.tunefindforfans.com/showads/track/srvclk.php?aid=100006796&lp=https://www.disneyplus.com/en-cz/browse/entity-b39aa962-be56-4b09-a536-98617031717f<br>https://srv.clickfuse.com/ads/adclkr.php?id=100006636&url=https://tv.apple.com/cz/movie/avengers-endgame/umc.cmc.4ao9tm6b6rz4sy7yj5v13ltf8<br>https://apps.apple.com/cz/app/id6755365206<br>https://play.google.com/store/apps/details?id=cz.csfd.csfdroid<br>;Academy Awards (1x)<br>British Academy of Film and Television Arts (BAFTA) (1x)<br>Critics Choice Awards (1x)<br>Florida Film Critics Circle Awards (1x)<br>The Saturn Awards (8x)<br>;Critics Choice Awards (2x)<br>The Saturn Awards (6x)<br>;Stan Lee, Jack Kirby
5442;Sanjuro;1962;84.33898305084746;96.0;https://image.pmgstatic.com/cache/resized/w420/files/images/film/posters/162/960/162960695_317648.jpg;https://www.csfd.cz/film/5442-sanjuro/;Japonsko;Akční / Dobrodružný / Drama;Sandžúró;"Bezmenný samuraj sa vracia vo voľnom pokračovaní filmu JODŽIMBO a opäť vyťahuje svoj dôvtip a meč. Tentokrát sa predstavuje ako Sandžuro (tridsiatnik) Cubaki (kamélia). Sandžuro prespáva v opustenom dome a vypočuje si rozhovor deviatich mladých mužov o korupcii v ich klane. Neskúsení mladíci posudzujú členov klanu podľa toho ako vystupujú navonok, samuraj však už z ich slov spoznáva skorumpovanosť superintendanta menom Kikue, čo sa aj o chvíľu potvrdí, keď sa družinu pokúsi zatknúť. Skorumpovaní členovia klanu uväznia strýka jedného z mládencov a Sandžuro sa rozhodne im pomôcť ho oslobodiť. Od začiatku sa správa ako vodca skupiny, čo sa niektorým mladíkom nepáči, časom však zisťujú, že svojou naivitou a neskúsenosťou mu spôsobujú len viac problémov. Mení sa aj zmýšľanie samotného ronina (samuraja bez pána). Potom ako musel zabíjať, mu staršia žena vysvetlí, že sám vyzerá ako obnažený meč - ostrý a dobre seká. ""Ale dobrý meč zostáva v pošve."" Preto sa rozhodne zabíjať len vtedy, keď musí. Vďaka mladíckej nerozvážnosti svojich spolubojovníkov je však nútený používať svoju katanu častejšie ako by sa mu páčilo.Ďalší zo samurajskej línie Kurosawových filmov bol natočený podľa románu Šugoro Jamamota ""Hibi heian"". K zaujímavostiam patrí, že na vystreknutie krvi v dueli bol použitý čokoládový sirup zmiešaný so sódovkou pod tlakom. (Turiec)";01.01.1962 Toho Company;černobílý film, smrt, přátelství, násilí, mládež, intriky, únos, zrada, souboje, korupce, Japonsko, bojová umění, středověk, samurajové;Akira Kurosawa;Toširó Mifune, Tacuja Nakadai, Keidžu Kobajaši, Júzó Kajama, Takaši Šimura, Reiko Dan, Kamatari Fudžiwara, Akira Kubo, Hiroši Tačikawa, Jutaka Sada;https://apps.apple.com/cz/app/id6755365206<br>https://play.google.com/store/apps/details?id=cz.csfd.csfdroid<br>;;;
370872;Logan: Wolverine;2017;83.81607410283432;137.0;https://image.pmgstatic.com/cache/resized/w420/files/images/film/posters/161/521/161521161_59e53b.jpg;https://www.csfd.cz/film/370872-logan-wolverine/;USA;Sci-Fi / Akční / Thriller / Drama;Logan;"Wolverine (Hugh Jackman) se vrací. Jenže je na tom nyní trochu hůř. Jeho schopnost uzdravování pomalu vyprchává a elánem také zrovna nehýří. Navíc je na vše skoro sám. Z X-Menů přežívá ještě Charles Xavier známý také jako Profesor X (Patrick Stewart), který je ale vážně nemocný, ztrácí paměť a trpí nebezpečnými záchvaty ohrožujícími jeho okolí. Společně se ukrývají v opuštěné továrně na americko-mexické hranici. Jejich utajení ale skončí, když se objeví Laura (Dafne Keen), dívka, která má překvapivě stejné schopnosti jako Wolverine a v patách má navíc nelítostné pronásledovatele, kteří se jí snaží zmocnit. Ve chvíli, kdy Wolverine a Profesor X přijmou Lauru „do rodiny"", stávají se z nich štvanci, kterým jde po krku velmi brutální a vytrvalý nepřítel. Hrdinové na útěku mají k dispozici jen zbytky sil starých X-menů a Lauřiny schopnosti, které však ona sama těžko zvládá. A tak přichází čas, aby Wolverine v sobě našel zbývající vůli a sílu nejen k boji, ale i k tomu, aby Lauře předal své zkušenosti. (CinemArt)";03.03.2017 20th Century Fox;násilí, podle komiksu, gore, Marvel Comics, mutanti, genetická úprava, neo-western, Wolverine, X-Men, Professor X;James Mangold;Hugh Jackman, Patrick Stewart, Boyd Holbrook, Dafne Keen, Stephen Merchant, Richard E. Grant, Eriq La Salle, Elise Neal, Elizabeth Rodriguez, Doris Morgado;https://srv.tunefindforfans.com/showads/track/srvclk.php?aid=100006796&lp=https://www.disneyplus.com/en-cz/browse/entity-7c1743ec-7cd6-4da4-9e8c-b713ad4e634a<br>https://srv.clickfuse.com/ads/adclkr.php?id=100006636&url=https://tv.apple.com/cz/movie/logan/umc.cmc.1n3n02llymsjkbc3hvpajiwii<br>https://www.youtube.com/watch?v=eUz5T5ILBW8<br>https://srv.tunefindforfans.com/showads/track/srvclk.php?aid=100006796&lp=https://www.disneyplus.com/en-cz/browse/entity-7c1743ec-7cd6-4da4-9e8c-b713ad4e634a<br>https://srv.clickfuse.com/ads/adclkr.php?id=100006636&url=https://tv.apple.com/cz/movie/logan/umc.cmc.1n3n02llymsjkbc3hvpajiwii<br>https://www.youtube.com/watch?v=eUz5T5ILBW8<br>https://apps.apple.com/cz/app/id6755365206<br>https://play.google.com/store/apps/details?id=cz.csfd.csfdroid<br>;Academy Awards (1x)<br>AACTA International Awards (1x)<br>Critics Choice Awards (3x)<br>The Saturn Awards (5x)<br>;The Saturn Awards (1x)<br>;Mark Millar
222972;Star Trek;2009;83.79838065914015;127.0;https://image.pmgstatic.com/cache/resized/w420/files/images/film/posters/164/947/164947997_740723.jpg;https://www.csfd.cz/film/222972-star-trek/;USA / Německo;Sci-Fi / Dobrodružný / Akční;Star Trek;Zapomeňte všechno, co víte! Tvůrce seriálů Ztraceni, Fringe, Alias a filmů Mission: Impossible III nebo Monstrum - J. J. Abrams - přináší na stříbrné plátno zcela nové sci-fi dobrodružství. Star Trek, jak ho ještě neznáte. Příběh pojednává o první výpravě mladé posádky na palubě hvězdné lodi U.S.S. Enterprise. Jejich cestu doprovází spousta akce, humoru a vesmírného nebezpečenství. Nováčci musejí nalézt způsob, jak zastavit padoucha, jehož honba za pomstou ohrožuje celé lidstvo. Osud Galaxie spočívá v rukou dvojice zapřisáhlých nepřátel. Jedním z nich je James T. Kirk (Chris Pine), nezvedený venkovský kluk z Iowy a milovník života „na hraně“. Druhým je Spock (Zachary Quinto), vychovaný ve společnosti, která staví na logice a odmítá veškeré emoce. Divoký instinkt se střetne s chladným rozumem, ovšem pouze jejich spojení provede posádku bez úhony velkým nebezpečím, které představuje pomstychtivý Nero (Eric Bana). Kirk a jeho bližní se odvážně pustí tam, kam se dosud nikdo nevydal…;08.05.2009 Paramount Pictures;muž, žena, přátelství, přátelé, násilí, strach, cestování, putování, rivalita, kolegové, souboje, kamarádi, rvačka, mimozemšťané, nebezpečí, vesmír, hádka, budoucnost, cestování časem, vesmírná loď, týmová práce, destrukce, ničení, Star Trek, odvaha, raketoplán, červí díra, posádka vesmírné lodi;J.J. Abrams;Chris Pine, Zachary Quinto, Leonard Nimoy, Eric Bana, Bruce Greenwood, Karl Urban, Zoe Saldaña, Simon Pegg, John Cho, Anton Yelchin;https://www.skyshowtime.com/cz/stream/movies/star-trek/3c11745a-c4c5-35c4-9487-c8a218327705<br>https://srv.clickfuse.com/ads/adclkr.php?id=100006636&url=https://tv.apple.com/cz/movie/star-trek/umc.cmc.1qfm0vxptnl42u4jclqwbtxt9<br>https://www.youtube.com/watch?v=9rWZkMQyJvk<br>https://www.skyshowtime.com/cz/stream/movies/star-trek/3c11745a-c4c5-35c4-9487-c8a218327705<br>https://srv.clickfuse.com/ads/adclkr.php?id=100006636&url=https://tv.apple.com/cz/movie/star-trek/umc.cmc.1qfm0vxptnl42u4jclqwbtxt9<br>https://www.youtube.com/watch?v=9rWZkMQyJvk<br>https://apps.apple.com/cz/app/id6755365206<br>https://play.google.com/store/apps/details?id=cz.csfd.csfdroid<br>;Academy Awards (3x)<br>British Academy of Film and Television Arts (BAFTA) (2x)<br>Critics Choice Awards (5x)<br>The Saturn Awards (5x)<br>;Academy Awards (1x)<br>The Saturn Awards (1x)<br>;
4;Žhavé výstřely;1991;83.76984323228326;81.0;https://image.pmgstatic.com/cache/resized/w420/files/images/film/posters/158/732/158732036_19b327.jpg;https://www.csfd.cz/film/4-zhave-vystrely/;USA;Akční / Komedie / Válečný / Romantický;Hot Shots!;Na začátku se velitel vojenské letecké základny Block vydá do prérie, aby přiměl k návratu nejlepšího pilota námořního letectva, Toppera Harleye, řečeného Machr, který odešel od letectva kvůli fobii způsobené selháním jeho otce před dvaceti lety. Mladík žije mezi indiány pod jménem Měkká Tlapička a odmítá se vrátit. Na radu moudrého indiánského starce však své rozhodnutí změní. Na základně se seznámí nejen s kolegy - šilhavým pilotem Jimem Pfaffenbachem zvaným Průserář, obětavým Petem Thompsonem řečeným Smolař a Kentem Gregorym, který obviní jeho otce ze smrti svého otce - ale také se sympatickou psychiatričkou Ramadou Thompsonovou. Piloti se připravují na tajnou operaci Spící lasička, jejímž cílem je zlikvidovat atomové základny arabského diktátora. Průmyslník Wilson chce prosadit do výzbroje vlastní superletadlo a to i za cenu sabotáže. Vybere si k tomu právě letadla připravující se do akce. Mezitím se ve vojenském baru setká Ramada se svým bývalým milencem Kentem a novým přítelem Machrem. Večer skončí rvačkou mezi oběma soky a poté kulinářsko milostnými hrátkami Machra s Ramadou. Kvůli tomu ovšem pilot zmešká ranní nástup a do vzduchu místo něj vzlétne Průserář, který svou šilhavostí způsobí děsivou havárii. Přesto jednotka odlétá do oblasti Středozemního moře, kde se na letadlové lodi mají připravit k akci. Přes velmi špatný psychický stav je Machr postaven do čela formace. Vinou sabotáže však nemohou piloti nepřítele zasáhnout, což vyřeší kapitán Block tím, že otupělému Machrovi vypráví do sluchátka o hrdinství jeho otce, čímž pilota vzpruží a ten se hravě vypořádá jak s nepřátelskými letadly, tak s jejich základnou i diktátorem samotným. Na palubu letadlové lodi se sice vrátí jako pravý hrdina ve vraku bez podvozku, paliva i bez křídel, ale zhrzen nešťastnou láskou - domnívá se, že Ramada miluje Kenta - se vrátí do prérie. V indiánském týpí ho však čeká několik nečekaných překvapení.;31.07.1991 20th Century Fox;muž, láska, žena, násilí, dívka, tajemství, otec, záhady, vzpomínky, vojáci, manipulace, intriky, rivalita, kolegové, souboje, doktoři, trauma, armáda, rvačka, střelné zbraně, satira, parodie, indiáni, domorodé kmeny, diktatura, hrdina, korporace, psychiatr, piloti, Arabové, destrukce, námořnictvo, ničení, diktátor, letectvo, sabotáž, zbraně hromadného ničení, vojenská základna, stíhačky, námořníci, jaderné zbraně, situační humor;Jim Abrahams;Charlie Sheen, Cary Elwes, Valeria Golino, Lloyd Bridges, Kevin Dunn, Jon Cryer, Kristy Swanson, Efrem Zimbalist Jr., Bill Irwin, Heidi Swedberg;https://srv.tunefindforfans.com/showads/track/srvclk.php?aid=100006796&lp=https://www.disneyplus.com/en-cz/browse/entity-858f34fa-331d-4708-9950-2eb4b41b4e35<br>https://srv.clickfuse.com/ads/adclkr.php?id=100006636&url=https://tv.apple.com/cz/movie/hot-shots/umc.cmc.2a5giuyh58d4sqi6w1irpo2xh<br>https://www.youtube.com/watch?v=KtLmtiYIMNU<br>https://srv.tunefindforfans.com/showads/track/srvclk.php?aid=100006796&lp=https://www.disneyplus.com/en-cz/browse/entity-858f34fa-331d-4708-9950-2eb4b41b4e35<br>https://srv.clickfuse.com/ads/adclkr.php?id=100006636&url=https://tv.apple.com/cz/movie/hot-shots/umc.cmc.2a5giuyh58d4sqi6w1irpo2xh<br>https://www.youtube.com/watch?v=KtLmtiYIMNU<br>https://apps.apple.com/cz/app/id6755365206<br>https://play.google.com/store/apps/details?id=cz.csfd.csfdroid<br>;;;
319515;Batman: Návrat Temného rytíře, část 2.;2013;83.9152981849611;74.0;https://image.pmgstatic.com/cache/resized/w420/files/images/film/posters/169/143/169143954_56ymcy.jpg;https://www.csfd.cz/film/319515-batman-navrat-temneho-rytire-cast-2/;USA;Animovaný / Akční;Batman: The Dark Knight Returns, Part 2;"Filmová adaptace komiksu ""Návrat Temného rytíře"", komiksu, který udělal z Franka Millera hvězdu. Starý a zahořklý Batman je pronásledovaný lidmi, kteří mají strach z čehokoliv většího než jsou oni sami. Je označen za nebezpečného psychopata a speciální jednotky na jeho stopě si dávno vyškrtli první část z možnosti 'živého nebo mrtvého'. Batmanovi největší protivníci jsou zatím propuštěni z bran Arkhamu jako vyléčení a okolí neškodní lidé. Štvanice na Batmana vrcholí a do toho hodinky odtikávají poslední minuty zbývající do atomové války. Proti Batmanovi se nakonec postaví i pragmatický Superman, který pro své přežití v nové době obětoval svou svobodu a stal se přizpůsobivým služebníkem systému. Batman jde po posledního boje. Do boje, který nemůže vyhrát...";;podle komiksu, superhrdina, DC Comics, Batman, Superman, Joker, Robin, Green Arrow;Jay Oliva, Gyeong-Ho Choi;Peter Weller, Ariel Winter, Michael McKean, David Selby, James Patrick Stuart, Danny Jacobs, Greg Eagles, Michael Emerson, Mark Valley, Carlos Alazraqui;https://srv.clickfuse.com/ads/adclkr.php?id=100006636&url=https://tv.apple.com/cz/movie/batman-the-dark-knight-returns-part-2/umc.cmc.1jkum4d9b6yo20byhsc4r4mlq<br>https://www.youtube.com/watch?v=u3spAXwLqGs<br>https://srv.clickfuse.com/ads/adclkr.php?id=100006636&url=https://tv.apple.com/cz/movie/batman-the-dark-knight-returns-part-2/umc.cmc.1jkum4d9b6yo20byhsc4r4mlq<br>https://www.youtube.com/watch?v=u3spAXwLqGs<br>https://apps.apple.com/cz/app/id6755365206<br>https://play.google.com/store/apps/details?id=cz.csfd.csfdroid<br>;;;Frank Miller
11538;Goldfinger;1964;83.729982754373;110.0;https://image.pmgstatic.com/cache/resized/w420/files/images/film/posters/170/318/170318114_73fvqs.jpg;https://www.csfd.cz/film/11538-goldfinger/;Velká Británie;Akční / Dobrodružný / Thriller;Goldfinger;Málokterý zločinec na světě dokáže se zlatem to, čeho je schopen Auric Goldfinger. Zároveň nesnese, aby mu kdokoliv stál v cestě. James Bond mu sice překazí partičku karet, ale žena, kterou donutil aby mu pomohla, zemře. Také Agent 007 nemá při honičce s Goldfingerem šanci. Dostane se do rukou muže připravujícího útok na americkou základnu Fort Knox. Kupodivu zlato z pevnosti nechce ukrást, ale atomovým výbuchem jej na mnoho let znehodnotit. Zlato by totiž zůstalo šedesát let radioaktivní a nepoužitelné.;27.07.2007 Park Circus;podle knihy, agenti, špioni, automobilová honička, zlato, radioaktivita, Miami, James Bond;Guy Hamilton;Sean Connery, Gert Fröbe, Shirley Eaton, Harold Sakata, Honor Blackman, Tania Mallet, Bernard Lee, Martin Benson, Cec Linder, Austin Willis;https://srv.clickfuse.com/ads/adclkr.php?id=100006636&url=https://tv.apple.com/cz/movie/goldfinger/umc.cmc.ok1wgk0b9r737volhycpv9it<br>https://www.youtube.com/watch?v=Taclb09Npko<br>/novinky/7277-amazon-kupuje-mgm/<br>/novinky/7277-amazon-kupuje-mgm/<br>/novinky/7277-amazon-kupuje-mgm/<br>https://srv.clickfuse.com/ads/adclkr.php?id=100006636&url=https://tv.apple.com/cz/movie/goldfinger/umc.cmc.ok1wgk0b9r737volhycpv9it<br>https://www.youtube.com/watch?v=Taclb09Npko<br>https://apps.apple.com/cz/app/id6755365206<br>https://play.google.com/store/apps/details?id=cz.csfd.csfdroid<br>;British Academy of Film and Television Arts (BAFTA) (1x)<br>The Saturn Awards (2x)<br>;Academy Awards (1x)<br>The Saturn Awards (1x)<br>;Ian Fleming
4158;Smrtonosná past 2;1990;83.53626202235509;124.0;https://image.pmgstatic.com/cache/resized/w420/files/images/film/posters/166/887/166887980_87bdb9.jpg;https://www.csfd.cz/film/4158-smrtonosna-past-2/;USA;Akční / Thriller;Die Hard 2;S policistou Johnem McClanem se setkáváme i v druhém pokračování úspěšného akčního thrilleru, tentokrát v režii Rennyho Harlina. Přesně rok po dramatické misi v Los Angeles John plánuje klidné vánoční svátky. Na Štědrý den jede na newyorské letiště vyzvednout manželku Holly, jež má přiletět z Los Angeles, ale letiště padne do rukou po zuby ozbrojených a perfektně vycvičených teroristů. A když jde o život jeho rodině i stovkám ostatních pasažérů, kteří se stali rukojmími, musí John znovu sáhnout po zbrani. V hlavní roli opět exceluje Bruce Willis.;04.07.1990 20th Century Fox;podle knihy, muž, rodina, smrt, vražda, tajemství, policie, strach, manželé, záhady, zbraně, vyšetřování, vrah, oběť (autonehody/zločinu), pátrání, manipulace, Vánoce, intriky, zrada, boj o přežití, novináři, sníh, zima, teroristé, reportéři, letadla, kostel, letiště, letecká nehoda, letadlo v ohrožení, Štědrý den;Renny Harlin;Bruce Willis, Bonnie Bedelia, William Atherton, Reginald VelJohnson, Franco Nero, William Sadler, John Amos, Dennis Franz, Art Evans, Fred Thompson;https://srv.tunefindforfans.com/showads/track/srvclk.php?aid=100006796&lp=https://www.disneyplus.com/en-cz/browse/entity-42e75157-da7d-4409-b1f7-8ee4cdb6aeb5<br>https://srv.clickfuse.com/ads/adclkr.php?id=100006636&url=https://tv.apple.com/cz/movie/die-hard-2/umc.cmc.2z0p3tf21r8xwm29uyas6rx2v<br>https://srv.tunefindforfans.com/showads/track/srvclk.php?aid=100006796&lp=https://www.disneyplus.com/en-cz/browse/entity-42e75157-da7d-4409-b1f7-8ee4cdb6aeb5<br>https://srv.clickfuse.com/ads/adclkr.php?id=100006636&url=https://tv.apple.com/cz/movie/die-hard-2/umc.cmc.2z0p3tf21r8xwm29uyas6rx2v<br>https://apps.apple.com/cz/app/id6755365206<br>https://play.google.com/store/apps/details?id=cz.csfd.csfdroid<br>;;;Walter Wager
91612;The Hire: Star;2001;83.77142857142857;7.0;https://image.pmgstatic.com/cache/resized/w420/files/images/film/posters/169/088/169088278_i8q857.jpg;https://www.csfd.cz/film/91612-the-hire-star/;USA;Krátkometrážní / Akční / Komedie;;Záhadný řidič přijímá úkol převést povýšenou zpěvačku, která chce za každou cenu uniknout svým bodyguardům. Slavná rocková hvězda však není z ledajakého těsta a je zvyklá na královské zacházení. Není tedy divu, že když její řeči překročí únosnou míru, rozhodne se řidič konat. (Kali4);;zpěvačka, reklama, řidič, bodyguard;Guy Ritchie;Clive Owen, Madonna;http://www.youtube.com/results?search_query=hire,+ritchie,+madonna<br>https://apps.apple.com/cz/app/id6755365206<br>https://play.google.com/store/apps/details?id=cz.csfd.csfdroid<br>;;;
35304;Džúbei a umění nindžucu;1993;83.90117035110534;91.0;https://image.pmgstatic.com/cache/resized/w420/files/images/film/posters/161/733/161733449_frfbun.jpg;https://www.csfd.cz/film/35304-dzubei-a-umeni-nindzucu/;Japonsko;Animovaný / Akční / Dobrodružný / Fantasy;Džúbei ninpúčó;Jubei je nindža, kterého si můžete najmout za peníze. Jeho schopnosti a dovednosti ovládání meče jsou výjimečné. Okolnosti ho donutí k tomu, aby jednomu staříkovi pomáhal zlikvidovt osm ďáblů Kimon. (sheen);;láska, přátelství, násilí, anime, pomsta, putování, vesnice, souboje, Japonsko, špioni, démoni, samurajové, jed, nindžové;Jošiaki Kawadžiri;Kóiči Jamadera, Takeši Aono, Norio Wakamoto, Tošihiko Seki, Ičiró Nagai, Júsaku Jara, Daisuke Góri, Osamu Saka, Gara Takašima, Emi Šinohara;https://apps.apple.com/cz/app/id6755365206<br>https://play.google.com/store/apps/details?id=cz.csfd.csfdroid<br>;;;
311124;Metro Manila;2013;83.75963020030817;114.0;https://image.pmgstatic.com/cache/resized/w420/files/images/film/posters/166/142/166142075_93a296.jpg;https://www.csfd.cz/film/311124-metro-manila/;Filipíny / Velká Británie;Drama / Krimi / Thriller / Akční;Metro Manila;"Z nedostatku finančních prostředků k zajištění kvalitního výsevu rýže na příští rok, rozhoduje se zoufalá rodina pro odchod do města, kde, jak doufá, dokáže přežít snáz než na venkově, sužovaném chudobou a nedostatkem pracovních příležitostí. V pracovním centru v Quezon City je rodina oslovena bytovým prostředníkem, v jehož moci je rodině pronajmout levné ubytování. To si ovšem bere všechny zbývající rodinné úspory. Oscar Ramirez (Jake Macapagal) se hned druhého dne vydává za prací, zatímco jeho žena Mia (Althea Vega) a Angel (Erin Panlilio) jsou rázným způsobem městskými pracovníky vyprovozeni z bytu a ponecháni na ulici. V jejich silách není nic většího, než nalezení postačujícího přístřeší v podobě slumu Tondo, nacházejícího se na severu města, v němž jen krátce nato potkávají obyvatele sousedních prostor Charlieho (Mailes Kanapi). Ten Miae přihazuje nabídku barmanky v zaběhnutém podniku, v němž si dokáže přijít k sumě, dostatečně pokrývající náklady na ní i její dceru. Její problémy se ale zvětšují v okamžiku, kdy ji vyšetřující lékař během preventivní lékařské prohlídky oznamuje příznaky počátečního těhotenství. A zatímco je dvojice schopná se o sebe postarat přinejmenším na dobu nejbližší budoucnosti, Oscar nachází příležitost v pracovní nabídce ozbrojeného přepravce cenin, přepravovaných obrněnými transportéry. Jeho pracovním partnerem je Douglas Ong (John Arcilla), který i přes funkční rodinné zázemí čas od času navštěvuje utajovanou milenku. Oscar mu pomáhá jeho aférky zakrývat. S postupujícím časem se dvojice přátelí, Oscar je dokonce pozván na rodinou sešlost a poprvé po dlouhé době se cítí být spokojeným; s rodinou se stěhuje do malého bytu v severní části města. A konečně cítí jakési zadostiučinění veškeré své snaze o zajištění budoucnosti celé rodiny, když v tom se jen krátce nato stává z jejich společných snů pravá noční můra. Rodina je postavena před složitou situaci, která ji může stát úplně všechno, co doposud dokázala vybudovat. (Conspi)";;rodina, smrt, sny, zrada, naděje, krádež, chudoba;Sean Ellis;Jake Macapagal, John Arcilla, Althea Vega, Erin Panlilio, Mailes Kanapi, Moises Magisa, Quark Henares, Ana Abad Santos, Alex Espartero;https://apps.apple.com/cz/app/id6755365206<br>https://play.google.com/store/apps/details?id=cz.csfd.csfdroid<br>;British Academy of Film and Television Arts (BAFTA) (1x)<br>British Independent Film Awards (BIFA) (2x)<br>Sundance Film Festival (1x)<br>;British Independent Film Awards (BIFA) (3x)<br>Sundance Film Festival (1x)<br>;
318810;Berserk: Ógon džidai hen II – Doldrey kórjaku;2012;84.0117994100295;95.0;https://image.pmgstatic.com/cache/resized/w420/files/images/film/posters/168/500/168500013_2p0ffk.jpg;https://www.csfd.cz/film/318810-berserk-ogon-dzidai-hen-ii-doldrey-korjaku/;Japonsko;Animovaný / Akční / Drama / Fantasy;ベルセルク 黄金時代篇Ⅱ ドルドレイ攻略;Trilógia Berserk: Golden Age pokračuje druhým dielom s názvom The Battle for Doldrey. Hlavný protagonista Guts, ktorý je stále v službách Klanu Jastraba, pociťuje dôsledky rozhovoru svojho veliteľa Griffitha s princeznou Charlotte: cíti sa nedocenený a podvedený. Po triumfe nad nepriateľskou armádou je Griffith požiadaný, aby dobyl poslednú nepriateľskú pevnosť, zvanú Doldrey, v ktorej sídlia legendárni nosoroží jazdci na čele s nepremožiteľným bojovníkom, generálom Bosconem. (HDeer);23.06.2012 Warner Bros. JP;láska, přátelství, zbraně, anime, intriky, sny, zrada, válka, monstra, král, středověk, bitva, mučení, démoni, princezna, žoldáci, osud;Tošijuki Kubooka, Kóiči Hacumi;Aki Tojosaki, Nobujuki Kacube, Júki Kadži, Kazuki Jao, Čafúrin, Takahiro Sakurai, Minako Kotobuki, Kenta Mijake, Hiroaki Iwanaga, Hóčú Ócuka;https://apps.apple.com/cz/app/id6755365206<br>https://play.google.com/store/apps/details?id=cz.csfd.csfdroid<br>;;;Kentaró Miura
5916;Pro hrst dolarů;1964;83.50807635829662;99.0;https://image.pmgstatic.com/cache/resized/w420/files/images/film/posters/000/005/5406_1ce59f.jpg;https://www.csfd.cz/film/5916-pro-hrst-dolaru/;Itálie / Španělsko / Západní Německo;Western / Akční / Drama;Za hrst dolarů;"Když se dva hádají, třetí se směje. Clint Eastwood v hlavní roli filmu, který napsal pravidla spaghetti westernu. Prach, vítr, žhavé slunce Nového Mexika. Do města rozděleného válkou dvou klanů přichází cizinec. Je klidný a mlčenlivý, z nebezpečí hrozícího ze všech stran si nic nedělá. Brzy rozehraje riskantní plán: nabídne své služby oběma soupeřícím rodinám s cílem využít jejich nepřátelství ve svůj prospěch... První výprava režiséra Sergia Leoneho na westernovou půdu předznamenala zrod legendy. Leone čerpal ze snímku Tělesná stráž (Jodžimbo) Akiry Kurosawy, ve kterém je záhadným hrdinou bezejmenný samuraj bez pána. V rozhovorech se však přihlásil i ke klasičtějším inspiračním zdrojům (byla mezi nimi také Goldoniho hra Sluha dvou pánů). Hlavní postava redefinuje obvyklý typ kladného westernového hrdiny – z ulízaného džentlmena typu Limonádový Joe se protagonistou náhle stává cynický, osamělý pistolník, jehož motivací není ani tak dobro, jako spíš vidina výdělku. Clint Eastwood vytvořil v této postavě novou ikonu – drsňáka s kamennou tváří a dokonalou muškou, který otevírá ústa, jen aby vypustil lakonickou hlášku (režisér o Eastwoodovi prohlásil, že má dvě herecké polohy – s kloboukem a bez). Dobrodružnou pouť neproniknutelného pistolníka doprovází hudba Ennia Morriconeho, pro kterého se spolupráce s Leonem stala výtahem ke slávě. Nejslavnější hudební motiv z Pro hrst dolarů později použil i Quentin Tarantino v Kill Bill 2. Snímek Pro hrst dolarů vznikl v roce 1964 a byl vzápětí následován snímky Pro pár dolarů navíc (1965) a Hodný, zlý a ošklivý (1966). „Dolarová trilogie"" se stala milníkem žánru a stylistickým vzorem všech příštích spaghetti westernů. (Česká televize)";05.03.1965 Constantin Film;láska, rodina, přátelství, přátelé, vražda, zbraně, peníze, zrada, souboje, armáda, zranění, koně, přestřelka, Divoký západ, spaghetti western, pistolníci, Mexiko;Sergio Leone;Clint Eastwood, Marianne Koch, Gian Maria Volonté, Wolfgang Lukschy, Sieghardt Rupp, Josef Egger, Antonio Prieto, José Calvo, Margarita Lozano, Daniel Martín;https://srv.clickfuse.com/ads/adclkr.php?id=100006636&url=https://tv.apple.com/cz/movie/a-fistful-of-dollars/umc.cmc.1f3qrx7769ryh5vk407drnmn4<br>https://www.youtube.com/watch?v=T4hQWo3a3LI<br>http://www.ceskatelevize.cz<br>http://www.ceskatelevize.cz<br>https://srv.clickfuse.com/ads/adclkr.php?id=100006636&url=https://tv.apple.com/cz/movie/a-fistful-of-dollars/umc.cmc.1f3qrx7769ryh5vk407drnmn4<br>https://www.youtube.com/watch?v=T4hQWo3a3LI<br>https://apps.apple.com/cz/app/id6755365206<br>https://play.google.com/store/apps/details?id=cz.csfd.csfdroid<br>;The Saturn Awards (3x)<br>;;
34300;Ghost in the Shell;1995;83.48066935949221;82.0;https://image.pmgstatic.com/cache/resized/w420/files/images/film/posters/159/217/159217175_79d80b.jpg;https://www.csfd.cz/film/34300-ghost-in-the-shell/;Japonsko;Animovaný / Akční / Sci-Fi / Thriller;Kōkaku kidōtai;"„V blízké budoucnosti se korporátní sítě dostávají až ke hvězdám, elektrony a světlo proudí vesmírem. Pokrok v komputerizaci však ještě nevyhubil národy a etnické skupiny…“ V roce 2029 jsou počítačové implantáty v kyborgicky upravených tělech samozřejmostí a Japonsko se stalo jedním velkým městem, které je zasíťováno tokem informací. Vyšetřovatelka Motoko, napůl člověk, napůl stroj, řeší případ zločinné umělé inteligence, která vznikla v počítačové síti zvláštní obdobou evolučních procesů. Následuje nejen mocenský boj nadnárodních organizací, ale také boj o hranice těla, ducha a soustrojí… Mimo Akiry (1988) je Ghost in the Shell bezesporu nejslavnější filmová adaptace na základě komiksové předlohy vůbec. Dle anime z konce 80. let autora a ilustrátora Masamune Širóa ji natočil režisér Mamoru Ošii, který se rovněž postaral o povedené pokračování snímku, zvané Ghost in the Shell 2.0 (2008). Původní dílo z roku 1995 na jednu stranu vydatně čerpalo z tzv. kyberpunku, literárního směru, který ustanovili spisovatelé jako Bruce Sterling, William Gibson či Philip K. Dick. Na stranu druhou ale Ghost in the Shell zásadním způsobem ovlivnilo další, podobně laděná díla, jako Matrix, A.I. Umělá inteligence, Dredd, Avatar či Ex Machina. Ošii se scenáristou Kazunori Itóem s detailní bravurou vykreslili realistický svět až znepokojivě blízké budoucnosti, v níž se odvíjí hypnoticky pojatý příběh o samé podstatě lidskosti, při němž si nelze nevzpomenout na dědictví uměleckých sci-fi jako Solaris či 2001: Vesmírná odysea. Na svébytném výrazu existenciálního filmu se zásadním způsobem podepsal rovněž hudební skladatel Kendži Kawai, jehož skladby, v čele s ""Making of a Cyborg"", jsou neopakovatelnou ukázkou směšování tradice a moderny. To platí i pro výtvarné ztvárnění Ghost in the Shell, dobově pokrokové, snoubící kreslenou animaci s digitálními efekty. O kultovním postavení snímku svědčí fakt, že roku 2017 vznikl v mezinárodní koprodukci hraný remake stejného jména, stejně jako existence bobtnající franšízy, která zahrnuje filmy, televizní minisérie, komiksy či počítačové hry. (Česká televize)";;policie, anime, intriky, podle komiksu, internet, umělá inteligence, tajná organizace, hacker, androidi, kyberpunk;Mamoru Ošii;Akio Ócuka, Acuko Tanaka, Iemasa Kajumi, Kóiči Jamadera, Tamio Óki, Šigeru Čiba, Teššó Genda, Júdži Ueda, Maaja Sakamoto, Hiroši Janaka;https://srv.clickfuse.com/ads/adclkr.php?id=100006636&url=https://tv.apple.com/cz/movie/ghost-in-the-shell/umc.cmc.rjmilfye6al93novdmu2l28c<br>http://www.ceskatelevize.cz<br>http://www.ceskatelevize.cz<br>https://srv.clickfuse.com/ads/adclkr.php?id=100006636&url=https://tv.apple.com/cz/movie/ghost-in-the-shell/umc.cmc.rjmilfye6al93novdmu2l28c<br>https://apps.apple.com/cz/app/id6755365206<br>https://play.google.com/store/apps/details?id=cz.csfd.csfdroid<br>;;;Masamune Širó
562202;Hotel Mumbai;2018;83.51174033149171;125.0;https://image.pmgstatic.com/cache/resized/w420/files/images/film/posters/163/226/163226106_3069cf.jpg;https://www.csfd.cz/film/562202-hotel-bombaj-boj-o-prezitie/;Austrálie / USA / Velká Británie / Indie / Singapur;Drama / Thriller / Historický / Akční;Hotel Mumbai;"Hotel Mumbai, poutavý příběh o lidskosti a hrdinství, živě líčí události v ikonickém luxusním hotelu Tádž Mahal v indické Bombaji, na který v roce 2008 zaútočila skupina pákistánských teroristů. Mezi oddanými zaměstnanci hotelu jsou proslulý šéfkuchař Hemant Oberoi (Anupam Kher) a číšník (Dev Patel, ""Milionář z chatrče""), kteří se v zájmu ochrany hostů rozhodnou nasadit své životy. Před zraky celého světa je zoufalá dvojice (Armie Hammer, ""Dej mi své jméno"" a Nazanin Boniadiová, ""Ve jménu vlasti"") nucena učinit nepředstavitelné oběti, aby zachránila své novorozené dítě. (Cinemax)";27.09.2019 Sky Cinema;muž, smrt, násilí, policie, strach, manželé, zbraně, zabijáci, hotel, teroristé, rukojmí, požár, oheň, Indie, islám, speciální jednotky, číšník;Anthony Maras;Armie Hammer, Dev Patel, Jason Isaacs, Nazanin Boniadi, Tilda Cobham-Hervey, Anupam Kher, Natasha Liu Bordizzo, Angus McLaren, Vipin Sharma, Carmen Duncan;https://srv.clickfuse.com/ads/adclkr.php?id=100006636&url=https://tv.apple.com/cz/movie/hotel-mumbai/umc.cmc.61btfc526n6p7i936r0xqdebv<br>https://srv.clickfuse.com/ads/adclkr.php?id=100006636&url=https://tv.apple.com/cz/movie/hotel-mumbai/umc.cmc.61btfc526n6p7i936r0xqdebv<br>https://apps.apple.com/cz/app/id6755365206<br>https://play.google.com/store/apps/details?id=cz.csfd.csfdroid<br>;;;
246900;Ghost in the Shell 2.0;2008;83.72750642673522;85.0;https://image.pmgstatic.com/cache/resized/w420/files/images/film/posters/167/772/167772969_en403g.jpg;https://www.csfd.cz/film/246900-ghost-in-the-shell-2-0/;Japonsko / USA;Animovaný / Akční / Sci-Fi;Kōkaku kidōtai 2.0;V Japonsku roku 2029, v době, kdy každá část těla lze nahradit kyberimplantáty a většina lidí je neustále připojena k síti, vzniká speciální jednotka (sekce 6) určená ke stíhání hackerů. Když ovšem zatknou hackera, který si říká loutkař, zjistí, že to není člověk, ale pouze samoudržovací program zhotovený pro státní účely. Stojí tedy před otázkou, zda je tento program, který si vyvinul osobnost, bytost nebo ne. Ghost in the Shell 2.0 je pouze remake původního filmu z roku 1995. Je překreslený do moderní animace a jsou přidány realističtější zvuky. (Mello);12.07.2008 Bandai Visual;policie, anime, hacker, kyberpunk;Mamoru Ošii;Akio Ócuka, Acuko Tanaka, Kóiči Jamadera, Tamio Óki, Šigeru Čiba, Teššó Genda, Júdži Ueda, Maaja Sakamoto, Kósuke Meguro, Jošiko Sakakibara;https://apps.apple.com/cz/app/id6755365206<br>https://play.google.com/store/apps/details?id=cz.csfd.csfdroid<br>;;;Masamune Širó
1019827;Baelin's Route: An Epic NPC Man Adventure;2021;85.75197889182058;37.0;https://image.pmgstatic.com/cache/resized/w420/files/images/film/posters/165/359/165359996_807f45.jpg;https://www.csfd.cz/film/1019827-baelin-s-route-an-epic-npc-man-adventure/;Nový Zéland;Krátkometrážní / Fantasy / Komedie / Dobrodružný / Akční;;Baelin (Rowan Bettjeman), jednoduché NPC na pozadí ve videohře „Skycraft“, kráčí stejnou cestou, jak dlouho si jen pamatuje. Jeho mírumilovná (a bezduchá) rutina je však násilně otřesena, když ho popudlivý dobrodruh (Ben Van Lier) stáhne z cesty a vydá se na nebezpečnou výpravu za doprovodem tajemné NPC dívky jménem Willow (Phoenix Cross) napříč drsným světem Ázerim. (Filip_ondrej);;putování, souboje, dilema, satira, hrdina, videohry, rybaření, orkové;Adam King, Alan Morrison;Rowan Bettjeman, Phoenix Cross, Ben Van Lier, Alan Morrison, Adam King, Hamish Parkinson, Rhiannon McCall, Ellie Harwood, David Correos, Robert Hartley;https://apps.apple.com/cz/app/id6755365206<br>https://play.google.com/store/apps/details?id=cz.csfd.csfdroid<br>;;;
23360;Bouřlivá dvacátá léta;1939;84.86111111111111;106.0;https://image.pmgstatic.com/cache/resized/w420/files/images/film/posters/162/363/162363837_02dza1.jpg;https://www.csfd.cz/film/23360-bourliva-dvacata-leta/;USA;Akční / Drama / Film-Noir / Krimi / Thriller;Bouřlivá léta;"Éra prohibice nebyla nikdy bouřlivější než v této kronice podsvětí, která ožívá v dynamické režii Raoula Walshe. Na pozadí téměř zpravodajských záběrů a vyprávění sleduje život nezaměstnaného válečného veterána Eddieho Bartletta (James Cagney), který se stává pašerákem alkoholu a namísto bitev se zabývá lahvemi. Jenomže bitvám se Eddie stejně nevyhne – čekají na něj uvnitř i za hranicemi jeho rostoucího impéria. Na jedné straně musí čelit teritoriálním sporům a krvavému vyřizování účtů, na straně druhé zradě svého společníka (Humphrey Bogart). Dalšího gangstera měl Cagney hrát až o deset let později (Bílý žár), v době, kdy už se gangsterské filmy stávaly vzácností. ""Bejvalo to velký zvíře,” říká ve finále Panama Smith (Gladys George), když komentuje Bartlettův odchod... a signalizuje tak zároveň konec hollywoodského zájmu o gangsterský film. (Magic Box)";23.10.1939 Warner Bros. US;černobílý film, gangsteři, prohibice;Raoul Walsh;James Cagney, Priscilla Lane, Humphrey Bogart, Gladys George, Jeffrey Lynn, Frank McHugh, Paul Kelly, Elisabeth Risdon, Edward Keane, Joe Sawyer;https://apps.apple.com/cz/app/id6755365206<br>https://play.google.com/store/apps/details?id=cz.csfd.csfdroid<br>;;;
121784;Grindhouse: Machete;2007;83.2887467287002;3.0;https://image.pmgstatic.com/cache/resized/w420/files/images/film/posters/159/532/159532899_7dd87a.jpg;https://www.csfd.cz/film/121784-grindhouse-machete/;USA;Krátkometrážní / Akční;;"Ušili na něj boudu, on však vyvázl a vydal se cestou zběsilé pomsty, kde není místo pro slitování, ale pouze pro utrpení, nářek, bolest a ještě dvakrát utrpení. Zanechává za sebou hromady zohavených těl padouchů a jediné, co dokáže vnímat, je hřejivý pocit zadostiučinění a poctivě odvedené práce... ""Vy*ebali s nesprávným Mexikáncem!"" (havLord)";;fiktivní trailer;Robert Rodriguez;Danny Trejo, Cheech Marin, Jeff Fahey, Tito Larriva, Alicia Rachel Marek;https://apps.apple.com/cz/app/id6755365206<br>https://play.google.com/store/apps/details?id=cz.csfd.csfdroid<br>;;;
90526;The Hire: Ticker;2002;83.55445544554455;8.0;https://image.pmgstatic.com/cache/resized/w420/files/images/film/posters/000/030/30663_c9a44d.jpg;https://www.csfd.cz/film/90526-the-hire-ticker/;USA;Krátkometrážní / Akční / Komedie / Dobrodružný;;Clive Owen ako nájomný vodič má previesť agenta so záhadným kufríkom (Don Cheadle) za každú cenu. Do cesty sa im ale vpletie helikoptéra, ktorá lieta nad nimi a snaží sa ich neprestajne zostreliť a zabrániť tak zásielke. (genetique);;reklama;Joe Carnahan;Clive Owen, Don Cheadle, F. Murray Abraham, Clifton Powell, Bruce A. Young, Eli Danker, Ray Liotta, Robert Patrick, Dennis Haysbert;https://apps.apple.com/cz/app/id6755365206<br>https://play.google.com/store/apps/details?id=cz.csfd.csfdroid<br>;;;
5429;Tři zločinci ve skryté pevnosti;1958;83.59842075578116;139.0;https://image.pmgstatic.com/cache/resized/w420/files/images/film/posters/162/405/162405787_eed731.jpg;https://www.csfd.cz/film/5429-tri-zlocinci-ve-skryte-pevnosti/;Japonsko;Akční / Dobrodružný / Komedie;Kakuši toride no san akunin;Dvaja sedliaci Tahei a Matakaši sa po skončení vojny vracajú domov. Na svojej púti rozdelenou krajinou narazia na muža (Toširo Mifune) sprevádzajúceho šestnásťročnú dievčinu. Potrebujú sa dostať cez nepriateľské línie do svojej časti krajiny. Sedliaci sa nechajú veľmi ľahko zlákať na pomoc, keďže dvojica má pri sebe množstvo zlata, čo lahodí ich dušiam bažiacim po bohatstve. Kvôli majetku sú ochotní podstúpiť akékoľvek nebezpečenstvo. Netušia však, že ich spoločníci sú princezná Juki a jej generál Rokurota Makabe. Princezná ako jediná z rodu Akizuki prežila vojnu a je na ňu vypísaná odmena. Nerozvážnosť a nenásytosť pochabej dvojice ich privedie do nejedného nebezpečenstva.Tento film je v mnohom považovaný za inšpiráciu HVIEZDNYCH VOJEN. Príbeh o princeznej ako i humorné pôsobenie sedliakov Taheiho a Matakišiho, ktorí v mnohom pripomínajú R2D2 a C3PO z Lucasovho prvého natočeného dielu ťažko zakryjú podobnosť. Je však pravdou, že je to jednoducho iný film.Snímka je prvým Kurosawovým prenesením príbehu do širokouhlého formátu, čo kameramani pod jeho režisérkou taktovkou patrične využili. Cena Zlatý medveď za réžiu z Berlína v roku 1959 je toho jasným dôkazom. (Turiec);28.12.1958 Toho Company;černobílý film, přátelství, peníze, putování, vesnice, souboje, chamtivost, princezna, samurajové;Akira Kurosawa;Minoru Čiaki, Kamatari Fudžiwara, Takaši Šimura, Toširó Mifune, Susumu Fudžita, Kódži Micui, Jutaka Sada, Misa Uehara, Eiko Mijoši, Haruo Suzuki;https://apps.apple.com/cz/app/id6755365206<br>https://play.google.com/store/apps/details?id=cz.csfd.csfdroid<br>;Berlinale (Berlin International Film Festival) (1x)<br>;Berlinale (Berlin International Film Festival) (1x)<br>;
306615;Na vlásku šťastně až navěky;2012;83.2;6.0;https://image.pmgstatic.com/cache/resized/w420/files/images/film/posters/160/748/160748464_e00025.jpg;https://www.csfd.cz/film/306615-na-vlasku-stastne-az-naveky/;USA;Animovaný / Krátkometrážní / Komedie / Akční;Na Vlásku: Šťastně až navždycky;Království je v slavnostní náladě, když se všichni shromáždí na královské svatbě Lociky a Flynna. Nicméně, když Pascal a Maximus ztratí snubní prsteny, nastane horečné hledání. Duo se bude zoufale snažit najít prsteny dřív než se někdo zjistí, že jsou pryč. Zachrání tahle dvojka velký den a dostanou se do kostela včas? A bude někdy Flynnův nos namalovaný správně? (Illuminare);;svatba, princezna, princ, Disney Princess, Locika;Nathan Greno, Byron Howard;Zachary Levi, Mandy Moore, Alan Dale, Paul F. Tompkins, Byron Howard, Nathan Greno, Kari Wahlgren, Matt Nolan, Lisa Linder;https://srv.tunefindforfans.com/showads/track/srvclk.php?aid=100006796&lp=https://www.disneyplus.com/en-cz/browse/entity-ca6e1ca7-3b0a-4d30-b791-fd7c120c3c7a<br>https://sledovanitv.cz/epg/event/Disney_Channel:202603088f027a7557e21ca94ced307d96900296<br>https://srv.tunefindforfans.com/showads/track/srvclk.php?aid=100006796&lp=https://www.disneyplus.com/en-cz/browse/entity-ca6e1ca7-3b0a-4d30-b791-fd7c120c3c7a<br>https://sledovanitv.cz/epg/event/Disney_Channel:202603088f027a7557e21ca94ced307d96900296<br>/tag/1764-disney-princess/<br>https://apps.apple.com/cz/app/id6755365206<br>https://play.google.com/store/apps/details?id=cz.csfd.csfdroid<br>;;;
476620;Legendy Polskie: Twardowsky 2.0;2016;85.3731343283582;20.0;//static.pmgstatic.com/assets/images/050b5bad23b8eb0b4f88f971b8f6a168/empty-image.svg;https://www.csfd.cz/film/476620-legendy-polskie-twardowsky-2-0/;Polsko;Krátkometrážní / Akční / Komedie / Fantasy;Polish Legends: Twardowsky 2.0;;;;Tomasz Bagiński;Robert Więckiewicz, Aleksandra Kasprzyk, Tomasz Drabek;https://apps.apple.com/cz/app/id6755365206<br>https://play.google.com/store/apps/details?id=cz.csfd.csfdroid<br>;;;
104415;Bílé peklo;1929;85.85365853658537;139.0;https://image.pmgstatic.com/cache/resized/w420/files/images/film/posters/160/096/160096551_ac8712.jpg;https://www.csfd.cz/film/104415-bile-peklo/;Německá říše;Drama / Akční / Dobrodružný;Bílé peklo Piz Palü(festivalový název);Unikátní snímek vypráví příběh horolezce Kraffta, jehož žena při jednom ze společných horských výstupů kvůli jeho lehkomyslnosti zahyne. O deset let později se Krafft, který se dosud se smrtí ženy a s vlastní vinou nevyrovnal, setkává v Alpách s novomanželským párem Karlem a Marií. On sám nikdy nevystoupal na severní stěnu Piz Palü. Dozvídá se, že nějací studenti z Curychu se na ni právě vypravili. Domnívá se, že právo vystoupat tam jako první náleží jemu a protože mladí snoubenci ho nechtějí nechat jít samotného, všichni tři se společně vydávají na výstup. Když studenti zjistí, že je Krafft před nimi, rozhodnou se jít přímo svahem, kde je strhne lavina a oni zahynou. V Krafftově skupině dojde k rozepři pro žárlivost Karla na starého horolezce. Karel chce místo něj skupinu vést, ale protože není tolik zkušený, zraní se na hlavě a Krafft si při jeho záchraně zlomí nohu. V tu chvíli jsou uvězněni v horách a začíná boj o život. Piz Palü je 3901 m vysoká hora, ležící v Berninských Alpách. První pravděpodobně úspěšný výstup na její hlavní a nejvyšší vrchol se uskutečnil v roce 1866. (ájulinka);15.11.1929 Aafa-Film;černobílý film, němý film, hory, sníh, horolezci, chata, lyžování;Arnold Fanck, Georg Wilhelm Pabst;Gustav Diessl, Leni Riefenstahl, Ernst Petersen, Ernst Udet, Mizzi Götzel, Kurt Gerron;https://apps.apple.com/cz/app/id6755365206<br>https://play.google.com/store/apps/details?id=cz.csfd.csfdroid<br>;;;
252109;Chi bi xia: Jue zhan tian xia;2009;83.31174838112858;136.0;https://image.pmgstatic.com/cache/resized/w420/files/images/film/posters/162/872/162872301_7f92e5.jpg;https://www.csfd.cz/film/252109-chi-bi-xia-jue-zhan-tian-xia/;Čína;Historický / Akční / Dobrodružný / Válečný / Drama;赤壁：决战天下;Cchao Cchao a jeho armáda jsou v plné síle zakotveny u Red Cliff. Ču-ke Liang a Čou Jü-o vymýšlí strategický plán, jak přemoci mnohonásobné vojsko nepřítele, když tu přichází „rána pod pás“ v podobě moru a neshod ve vlastních řadách. Podaří se nakonec království Wu a Xu porazit Cchao Cchaovu armádu? Bitva statisíců právě začíná. Stejně jako v prvním dílu se můžeme těšit na mnohatisícové bitvy, tentokrát však na pevnině a i na moři. (TomikZlesa);07.01.2009 EDKO (Beijing) Distribution;válka, válečníci, námořnictvo;John Woo;Tony Leung Chiu-wai, Takeši Kaneširo, Chen Chang, Šidó Nakamura, Vicki Zhao, Chiling Lin, Kou Shixun, Yongzhi You, Ning Wang, Chao Guo;https://apps.apple.com/cz/app/id6755365206<br>https://play.google.com/store/apps/details?id=cz.csfd.csfdroid<br>;Hong Kong Film Awards (12x)<br>;Hong Kong Film Awards (1x)<br>;
17962;Souboj Titánů;1981;82.8837243241271;118.0;https://image.pmgstatic.com/cache/resized/w420/files/images/film/posters/158/083/158083400_ab6248.jpg;https://www.csfd.cz/film/17962-souboj-titanu/;Velká Británie / USA;Fantasy / Dobrodružný / Rodinný / Akční;Clash of the Titans;Perseus, syn boha Dia a pozemské krásky je nevědomky zatažen do intrik žárlivé Diovy manželky Héry a více či méně malicherných konfliktů ostatních bohů. A tak Perseus na své cestě za štěstím (a krásnou Andromedou) musí překonat nejen mýtické nestvůry, včetně Gorgony Medusy, ale i lidské vrtochy božských vládců Olympu.;12.06.1981 Metro-Goldwyn-Mayer (MGM);muž, žena, rodina, smrt, otec, děti, rodiče, dcera, pomsta, putování, moře, voda, oceán, koně, děda, hrdina, princezna, čarodějnice, vnoučata, mytologie, prokletí, kanibalismus, Meč a sandály, bohové, hadi, nemluvně, starověké Řecko, proroctví, Zeus, Medusa, Kraken, Poseidón, Héra, Athéna, Pegas, Afrodita, Charón;Desmond Davis;Harry Hamlin, Burgess Meredith, Laurence Olivier, Claire Bloom, Maggie Smith, Ursula Andress, Jack Gwillim, Susan Fleetwood, Siân Phillips, Judi Bowker;https://srv.clickfuse.com/ads/adclkr.php?id=100006636&url=https://tv.apple.com/cz/movie/clash-of-the-titans/umc.cmc.45unfeqx7tk4lqfmq2nhg55k7<br>https://www.youtube.com/watch?v=fSrxkT0zp8U<br>https://srv.clickfuse.com/ads/adclkr.php?id=100006636&url=https://tv.apple.com/cz/movie/clash-of-the-titans/umc.cmc.45unfeqx7tk4lqfmq2nhg55k7<br>https://www.youtube.com/watch?v=fSrxkT0zp8U<br>https://apps.apple.com/cz/app/id6755365206<br>https://play.google.com/store/apps/details?id=cz.csfd.csfdroid<br>;The Saturn Awards (5x)<br>;The Saturn Awards (1x)<br>;
8642;Indiana Jones a Chrám zkázy;1984;82.84927519128263;118.0;https://image.pmgstatic.com/cache/resized/w420/files/images/film/posters/167/669/167669324_q1xwcn.png;https://www.csfd.cz/film/8642-indiana-jones-a-chram-zkazy/;USA;Dobrodružný / Akční / Drama / Fantasy;Indiana Jones and the Temple of Doom;"Volné pokračování Dobyvatelů ztracené archy, které se však odehrává o rok dřív, roku 1935. Indiana se tentokrát v šanghajském klubu zaplete s čínským gangsterským bossem. Ve hře je zprvu ""jen"" stará čínská socha a vzácný diamant, záhy však i samotný Jonesův život. Snímek získal Oscara za vizuální efekty.";23.05.1984 Paramount Pictures;děti, útěk, vojáci, gangsteři, sekta, Indie, automobilová honička, past, rituál, otroctví, důl, sloni, letadlo v ohrožení, artefakt, lovci pokladů, Velká čínská zeď;Steven Spielberg;Harrison Ford, Kate Capshaw, Ke Huy Quan, Amrish Puri, Roshan Seth, Philip Stone, Ric Young, Philip Tan, Dan Aykroyd, George Lucas;https://www.skyshowtime.com/cz/stream/movies/indiana-jones-a-chram-zkazy/19f57dc0-fcdb-32db-aaed-7fd21f6cec5f<br>https://srv.clickfuse.com/ads/adclkr.php?id=100006636&url=https://tv.apple.com/cz/movie/indiana-jones-and-the-temple-of-doom/umc.cmc.70ynzq7gw8xjusasgf874liwd<br>https://www.youtube.com/watch?v=kCJFt-xxjrs<br>https://www.skyshowtime.com/cz/stream/movies/indiana-jones-a-chram-zkazy/19f57dc0-fcdb-32db-aaed-7fd21f6cec5f<br>https://srv.clickfuse.com/ads/adclkr.php?id=100006636&url=https://tv.apple.com/cz/movie/indiana-jones-and-the-temple-of-doom/umc.cmc.70ynzq7gw8xjusasgf874liwd<br>https://www.youtube.com/watch?v=kCJFt-xxjrs<br>https://apps.apple.com/cz/app/id6755365206<br>https://play.google.com/store/apps/details?id=cz.csfd.csfdroid<br>;Academy Awards (1x)<br>British Academy of Film and Television Arts (BAFTA) (3x)<br>The Saturn Awards (6x)<br>;Academy Awards (1x)<br>British Academy of Film and Television Arts (BAFTA) (1x)<br>The Saturn Awards (1x)<br>;
16213;Waterloo;1970;83.37926902336729;134.0;https://image.pmgstatic.com/cache/resized/w420/files/images/film/posters/000/350/350355_0221a2.jpg;https://www.csfd.cz/film/16213-waterloo/;Itálie / Sovětský svaz / USA;Drama / Akční / Válečný / Historický;Waterloo;20. 4. 1814, Fontainebleau. Napoleon Bonaparte je po porážce u Lipska donucen svými maršály k abdikaci a nucenému vyhnanství na ostrov Elba. Odtud se ale po necelém roce vrací a nastává období posledních sta dnů jeho vlády. Období bouřlivé, které začalo obnoveným slibem věrnosti jeho bývalých vojáků, pokračovalo vyhnáním krále z Paříže a skončilo rychlým tažením do Belgie a závěrečnou osudovou bitvou u Waterloo. Italský koproducent snímku Dino de Laurentiis pojal záměr zadat tuto látku právě režisérovi Sergeji Bondarčukovi po zhlédnutí jeho velkolepého zpracování Vojny a míru – a Bondarčuk nezůstal své pověsti nic dlužen. Historicky věrné zpracování, epická výprava, dokonalé kostýmy, skvělý hudební doprovod Nina Roty a hlavně 17 000 statistů ve strhujícím zpracování samotné bitvy činí ze sledování tohoto filmu-monumentu skutečný zážitek. (Česká televize);Na DVD od 05.04.2011 Levné knihy;19. století, bitva, Velká francouzská revoluce (1789 – 1799), napoleonské války, Napoleon Bonaparte, období 1810-1820;Sergej Bondarčuk;Rod Steiger, Christopher Plummer, Orson Welles, Jack Hawkins, Virginia McKenna, Dan O'Herlihy, Rupert Davies, Philippe Forquet, Gianni Garko, Ivo Garrani;http://www.ceskatelevize.cz<br>http://www.ceskatelevize.cz<br>https://apps.apple.com/cz/app/id6755365206<br>https://play.google.com/store/apps/details?id=cz.csfd.csfdroid<br>;British Academy of Film and Television Arts (BAFTA) (1x)<br>;British Academy of Film and Television Arts (BAFTA) (2x)<br>;
228329;Avatar;2009;82.80430310725288;166.0;https://image.pmgstatic.com/cache/resized/w420/files/images/film/posters/166/571/166571533_8c9d12.jpg;https://www.csfd.cz/film/228329-avatar/;USA / Velká Británie;Akční / Dobrodružný / Sci-Fi / Fantasy;Avatar;Avatar před námi otevírá neuvěřitelný svět za hranicemi naší fantazie, svět střetu dvou naprosto odlišných civilizací. Nově objevená vzdálená planeta Pandora je mírumilovné místo s obyvatelstvem - Na’vi, žijícím v souladu s divukrásnou vegetací planety. Posádka vyslaná ze Země na své průzkumné misi objeví na Pandoře velmi cenný minerál, který by měl na Zemi nevyčíslitelnou hodnotu. Pobyt na Pandoře je ovšem pro člověka možný teprve po vytvoření jeho genetického dvojníka, hybrida Avataru, který může být ovládán psychikou oddělenou od lidského těla a fyzicky odpovídá původnímu obyvatelstvu Pandory, které má fluorescentní modrou kůži a dosahuje 3m výšky. Na tuto náročnou misi je vybrán mezi jinými také Jake Sully (Sam Worthington), bývalý námořník, který byl při jedné ze svých předešlých misí paralyzován od pasu dolů. A právě šance opět chodit přiměla Jakea, aby se do programu Avatar přihlásil.Průzkumná mise je vyslána a po přistání na Pandoře je zcela ohromena úžasnou rozmanitostí místní vegetace. Stromy dosahují výšky mrakodrapů a světélkující prales je plný nádherných tvorů, které jste nikdy neviděli, ale také hrozných prehistorických predátorů. To je jen zrnko překvapení, které posádku čeká. I když se zdá, že po počáteční nedůvěře lidí Na’vi se posádce podařilo adaptovat a také získat prostor pro diplomatickou misi, pandořané se rozhodně nehodlají nechat kolonizovat a dojde ke tvrdému střetu. Jake, který se postupně sblížil s místním obyvatelstvem, a především s místní princeznou Neytiri, stojí před rozhodnutím, za koho bojovat ve finální bitvě, která má rozhodnout o osudu a vývoji celého světa. (Bontonfilm);17.12.2009 20th Century Fox UK;láska, smrt, útěk, zbraně, zvířata, vojáci, vězení, podvod, les, naděje, vědci, mimozemšťané, vesmír, environmentalismus, domorodé kmeny, bitva, roboti, odboj, korporace, vesmírná loď, ptáci, tělesné postižení, 3D, vrtulník, kolonizace, invalidní vozík, Wilhelm scream, strom, tank, rostliny, raketoplán, vojenská vzpoura;James Cameron;Sam Worthington, Zoe Saldaña, Stephen Lang, Michelle Rodriguez, Giovanni Ribisi, Joel David Moore, CCH Pounder, Wes Studi, Laz Alonso, Sigourney Weaver;https://srv.tunefindforfans.com/showads/track/srvclk.php?aid=100006796&lp=https://www.disneyplus.com/en-cz/browse/entity-357d8505-b9bc-41e3-9f27-0414738df143<br>https://srv.clickfuse.com/ads/adclkr.php?id=100006636&url=https://tv.apple.com/cz/movie/avatar/umc.cmc.1hmaf5hccvdvn71dc5hr7mgcj<br>https://www.youtube.com/watch?v=mtSkFR-8cU8<br>https://srv.tunefindforfans.com/showads/track/srvclk.php?aid=100006796&lp=https://www.disneyplus.com/en-cz/browse/entity-357d8505-b9bc-41e3-9f27-0414738df143<br>https://srv.clickfuse.com/ads/adclkr.php?id=100006636&url=https://tv.apple.com/cz/movie/avatar/umc.cmc.1hmaf5hccvdvn71dc5hr7mgcj<br>https://www.youtube.com/watch?v=mtSkFR-8cU8<br>https://apps.apple.com/cz/app/id6755365206<br>https://play.google.com/store/apps/details?id=cz.csfd.csfdroid<br>;Academy Awards (6x)<br>British Academy of Film and Television Arts (BAFTA) (6x)<br>César Awards (1x)<br>Golden Globes (2x)<br>Critics Choice Awards (3x)<br>Los Angeles Film Critics Association Awards (1x)<br>New York Film Critics Circle Awards (1x)<br>;Academy Awards (3x)<br>British Academy of Film and Television Arts (BAFTA) (2x)<br>Golden Globes (2x)<br>Critics Choice Awards (6x)<br>Florida Film Critics Circle Awards (1x)<br>The Saturn Awards (10x)<br>;
256074;Pod vlivem lásky;2008;83.1977818853974;237.0;https://image.pmgstatic.com/cache/resized/w420/files/images/film/posters/160/542/160542274_b251b9.jpg;https://www.csfd.cz/film/256074-pod-vlivem-lasky/;Japonsko;Akční / Drama / Komedie / Psychologický / Romantický;Ai no mukidaši;Tradičně ve filmech láska čeká na postavy, které odpovídají normám většinové společnosti. Provokativní japonský režisér Sion Sono v absurdně nadsazeném čtyřhodinovém ponoru do světa perverzí, mánií a fantasmagorií naopak do cesty Amorovým šípům staví úchylné a psychicky labilní jedince. Ve vyprávění protkaném psychoanalýzou a katolickou věroukou se pak láska stává ultimativním vykoupením. Film pojednává o tenké hranici mezi perverzností a normálem, přičemž se zaměřuje také na vágní mez dělící katolickou církev od fanatických sekt. Autor ovšem nevytvořil zanícený pamflet proti všemu svatému, nýbrž groteskně pokřivenou love story, v níž neduhy moderní společnosti nabývají bizarní podoby. Stylově film evokuje afektovanost japonských animovaných seriálů pro dospívající mládež a současně na mnoha místech vzdává hold bohaté historii japonského exploatačního filmu. [44. MFFKV 2009];31.01.2009 Phantom Film;láska, šílenství, Japonsko, sekta;Šion Sono;Takahiro Nišidžima, Hikari Micušima, Sakura Andó, Makiko Watanabe, Acuró Watabe, Jutaka Šimizu, Hirojuki Onoue, Tasuku Nagaoka, Só Hirosawa, Júko Genkaku;https://apps.apple.com/cz/app/id6755365206<br>https://play.google.com/store/apps/details?id=cz.csfd.csfdroid<br>;;;
276150;Elitní jednotka 2: Vnitřní nepřítel;2010;82.89652825051056;116.0;https://image.pmgstatic.com/cache/resized/w420/files/images/film/posters/159/188/159188754_7c41cc.jpg;https://www.csfd.cz/film/276150-elitni-jednotka-2-vnitrni-nepritel/;Brazílie;Akční / Krimi / Drama / Thriller;Tropa de Elite 2: O Inimigo Agora é Outro;Film začíná potlačením vzpoury ve věznici, kam jsou umístěni bývalí drogoví dealeři. BOPE (speciální policejní jednotka, jejímiž členy jsou nerozluční André a Nascimiento) tuto vzpouru vyřeší po svém. Jen několik vězňů zůstane naživu. Tento zásah díky Fragovi, aktivistovi za lidská práva, bude stát Andrého místo a plukovník Nascimento je odklizen povýšením. Díky aktivitám BOPE jsou postupně zbytky drogových gangů rozprášeny, ale jejich místa nahrazují zkorumpovaní policisté, kteří nejsou o nic horší. Plukovník Nascimento pomalu zjišťuje, že byl systémem zneužit poté, co je zabit André. Vyšetřování Andrého smrti ho dovede blízko k zločineckým špičkám, což málem stojí život jeho syna. Nascimento tak rozpoutává peklo, tentokrát ovšem na poli politickém. (merlinovic);;vražda, policie, syn, politika, mafie, korupce, speciální jednotky, odposlech;José Padilha;Wagner Moura, Irandhir Santos, André Ramiro, Milhem Cortaz, Maria Ribeiro, Seu Jorge, Sandro Rocha, Tainá Müller, André Mattos, Juliana Schalch;https://apps.apple.com/cz/app/id6755365206<br>https://play.google.com/store/apps/details?id=cz.csfd.csfdroid<br>;;;
225001;Kókaku kidótai: Stand Alone Complex - Solid State Society;2006;83.63277393879565;105.0;https://image.pmgstatic.com/cache/resized/w420/files/images/film/posters/161/807/161807859_da4c16.jpg;https://www.csfd.cz/film/225001-kokaku-kidotai-stand-alone-complex-solid-state-society/;Japonsko;Animovaný / Akční / Sci-Fi;攻殻機動隊 Stand Alone Complex - Solid State Society;"Pokračování seriálu Ghost in the Shell: Stand Alone Complex odehrávající se 2 roky po konci 2. série. Motoko Kusanagi mezitím opustila Sekci 9 a novým velitelem týmu se tak stal Togusa. Sekce 9 vyšetřuje sérii zdánlivě nesouvisejících incidentů, ale vyšetřování ukáže, že za vším nejspíš stojí jediný pachatel, hacker s přezdívkou ""loutkář"". Batou navíc odhalí, že i Motoko je do celého případu nějak zapletena. Mohla by právě ona být hledaný hacker? (mandelbrot)";;anime, kyberpunk;Kendži Kamijama, Tošijuki Kóno;Akio Ócuka, Acuko Tanaka, Kóiči Jamadera, Teššó Genda, Tarusuke Šingaki, Masuo Amada, Eidži Sekiguči, Tóru Nara, Osamu Saka, Jošiko Sakakibara;https://apps.apple.com/cz/app/id6755365206<br>https://play.google.com/store/apps/details?id=cz.csfd.csfdroid<br>;;;Masamune Širó
10064;Mistrův syn;1978;82.8872699386503;107.0;https://image.pmgstatic.com/cache/resized/w420/files/images/film/posters/000/009/9543_1420e4.jpg;https://www.csfd.cz/film/10064-mistruv-syn/;Hongkong;Komedie / Akční;Zui quan;"Wong Fei-Hung je nezbedným synem mistra školy bojových umění. Namísto, aby studoval kung-fu, stále někde vyvádí výtržnosti. Při jedné z jeho taškařic se však zraní syn mocného a bohatého měšťana. A otec Wong Fei-Hunga náležitě potrestá – svěří ho svému sadistickému bratrovi, který má Fei-Honga naučit disciplíně. Tento záhadný muž, mající mezi svými studenty děsivou reputaci, učí Fei-Hunga bizarnímu stylu kung-fu. Nejdříve se Fei-Hung snaží vzdorovat, ale poté, co prohraje souboj s místním zabijákem, najatým na vraždu Fei-Hungova otce, uvědomí si, že jedinou cestou je ovládnutí speciálního bojového stylu zvaného ""Opilý box"". Snímek Mistrův syn dokonale těží ze spojení precizních kung-fu soubojů a charakteristického humoru Jackie Chana, který se díky tomuto filmu stal pomyslným králem žánru kung-fu komedií. (Cinemax)";;muž, rodina, násilí, otec, rodiče, syn, souboje, zranění, rvačka, alkoholismus, bojová umění, trénink, kung-fu, závislost, Asie, alkohol, trenér, Čína, výcvik, Hongkong;Woo-ping Yuen;Jackie Chan, Simon Siu-Tin Yuen, Jang-Lee Hwang, Dean Shek, Sin San, Tino Wong Cheung, Kwai Shan, Hsu Hsia, Jing Tang, Brandy Yuen;https://srv.clickfuse.com/ads/adclkr.php?id=100006636&url=https://tv.apple.com/cz/movie/drunken-master/umc.cmc.1g6u0qin1yv7tw65pay5nrr95<br>https://srv.clickfuse.com/ads/adclkr.php?id=100006636&url=https://tv.apple.com/cz/movie/drunken-master/umc.cmc.1g6u0qin1yv7tw65pay5nrr95<br>https://apps.apple.com/cz/app/id6755365206<br>https://play.google.com/store/apps/details?id=cz.csfd.csfdroid<br>;;;
19251;Star Trek VIII: První kontakt;1996;82.81745511728477;106.0;https://image.pmgstatic.com/cache/resized/w420/files/images/film/posters/158/083/158083406_429c7a.jpg;https://www.csfd.cz/film/19251-star-trek-viii-prvni-kontakt/;USA;Sci-Fi / Dobrodružný / Akční / Thriller;Star Trek VIII: First Contact;Bitva o záchranu budoucnosti začala. Americký film na motivy slavného seriálu. V pořadí osmý film (a druhý s posádkou Nové generace), nazvaný Star Trek: První kontakt (1996), patří bezesporu v sérii k těm nejlepším. V něm posádka hvězdné lodi Enterprise, vedená kapitánem Picardem (Patrick Stewart), podnikne bojovou misi do minulosti, přesněji řečeno do 21. století, aby zachránila budoucnost naší planety. Expanzivní civilizace Borg se totiž pokouší zabránit prvnímu kontaktu, ke kterému došlo 4. dubna 2063, aby mohla kolonizovat Zemi, nechráněnou spoluprací s dalšími vesmírnými druhy. Vedle neohrožené posádky Enterprise hrají důležitou roli v příběhu excentrický vynálezce nadsvětelného pohonu Zefram Cochrane (James Cromwell) a jeho černošská spolupracovnice Lily (Alfre Woodardová).;22.11.1996 Paramount Pictures;mimozemšťané, vesmír, budoucnost, cestování časem, vesmírná loď, Wilhelm scream, Star Trek, androidi, kyborg;Jonathan Frakes;Patrick Stewart, Jonathan Frakes, Brent Spiner, LeVar Burton, Michael Dorn, Gates McFadden, Marina Sirtis, Alfre Woodard, James Cromwell, Alice Krige;https://srv.clickfuse.com/ads/adclkr.php?id=100006636&url=https://tv.apple.com/cz/movie/star-trek-first-contact/umc.cmc.4uyaqs81knrnkhbej5kjokx8w<br>https://www.youtube.com/watch?v=oyzgGKjVq5Q<br>https://srv.clickfuse.com/ads/adclkr.php?id=100006636&url=https://tv.apple.com/cz/movie/star-trek-first-contact/umc.cmc.4uyaqs81knrnkhbej5kjokx8w<br>https://www.youtube.com/watch?v=oyzgGKjVq5Q<br>https://apps.apple.com/cz/app/id6755365206<br>https://play.google.com/store/apps/details?id=cz.csfd.csfdroid<br>;Academy Awards (1x)<br>The Saturn Awards (7x)<br>;The Saturn Awards (3x)<br>;
4744;Ghost Dog - Cesta samuraje;1999;82.74665946821433;116.0;https://image.pmgstatic.com/cache/resized/w420/files/images/film/posters/166/406/166406882_17e0fe.jpg;https://www.csfd.cz/film/4744-ghost-dog-cesta-samuraje/;USA / Francie / Německo / Japonsko;Akční / Drama / Krimi / Thriller;Ghost Dog: The Way of the Samurai;Ghost Dog je vrah řídící se filosofií japonských samurajů. Žije na střeše opuštěné budovy na okraji New Yorku, obklopen svými milovanými holuby. I on, jediný svědek zločinů, se stane pro své chlebodárce nepohodlným. Jako varování pro Doga, padnou za oběť mafiánů jeho nejmilejší holubi. To však byla pro mafii velká chyba...;03.03.2000 Artisan Entertainment;muž, smrt, přátelství, přátelé, vražda, násilí, dívka, děti, mládež, město, zbraně, vrah, zvířata, oběť (autonehody/zločinu), pomsta, peníze, zločin, zrada, kamarádi, mrtvola, kriminalita, gangsteři, mafie, gang, podsvětí (svět zločinu), zabijáci, umírání, New York, střelné zbraně, krutost, přestřelka, chladnokrevnost, střelba, nájemný vrah, odplata, vztek, spravedlnost, oběť (někomu/něčemu), ptáci, bodné zbraně, pokus o vraždu, sečné zbraně, loajalita, samurajové, holubi, rónin;Jim Jarmusch;Forest Whitaker, John Tormey, Cliff Gorman, Dennis Liu, Richard Portnow, Tricia Vessey, Henry Silva, Frank Adonis, Victor Argo, Gano Grills;https://apps.apple.com/cz/app/id6755365206<br>https://play.google.com/store/apps/details?id=cz.csfd.csfdroid<br>;Independent Spirit Awards (1x)<br>César Awards (1x)<br>The Saturn Awards (1x)<br>Cannes Film Festival (1x)<br>;Tallinn Black Nights Film Festival (1x)<br>;
2440;Smrtonosná zbraň 3;1992;82.70853994490358;111.0;https://image.pmgstatic.com/cache/resized/w420/files/images/film/posters/000/002/2364_d8d25c.jpg;https://www.csfd.cz/film/2440-smrtonosna-zbran-3/;USA;Akční / Krimi / Thriller;Lethal Weapon 3;Přestřižení nesprávného drátu časované nálože zdemoluje nejen sedmiposchoďovou budovu, ale také sen detektiva Murtaugha o klidném odchodu do důchodu za několik dnů. Se svým poněkud ztřeštěným partnerem Riggsem skončí u pochůzkářů a vyšetřování jejich případu - krádeži zbraní s policejních skladů - se ujme seržantka Lorna Coleová, policistka s ocelovými nervy a perfektní znalostí orientálních bojových umění. Zprvu odmítá s bývalými detektivy spolupracovat, ale nakonec vezme na milost je i jejich známého Lea Getze, realitního agenta a nadšeného spolupracovníka. Pátrání vede k bývalému policistovi Travisovi. Zdá se, že tento soupeř, obklopený bandou ostrých hochů, bude díky svým znalostem policejních metod nad síly tří detektivů a jejich pomocníka. Tvrdý boj o přežití vrcholí a po objevení speciální munice na probíjení neprůstřelných vest ve výzbroji gangsterů ztrácí Murtaugh jistotu, že se vysněného důchodu dočká.;15.05.1992 Warner Bros. US;muž, žena, rodina, smrt, přátelství, přátelé, vražda, otec, matka, rodiče, policie, strach, manželé, město, dcera, zbraně, vyšetřování, vrah, ženy, oběť (autonehody/zločinu), pátrání, pomsta, pronásledování, zločin, kolegové, boj o přežití, souboje, kamarádi, mrtvola, kriminalita, gangsteři, mafie, gang, krádež, podsvětí (svět zločinu), zloděj, zabijáci, umírání, loupež, zranění, stáří, rvačka, střelné zbraně, psychopat, šílenství, manželství, panika, korupce, výslech, přestřelka, střelba, bojová umění, odplata, vztek, policejní stanice, výbuch, spravedlnost, sociopat, Kalifornie, Los Angeles, loajalita, bomba, automobilová honička, zatčení, týmová práce, samopal, revolver, kriminální policie, destrukce, ničení, buddy movie, realitní makléř, policejní kapitán(ka), pyrotechnik, sklad;Richard Donner;Mel Gibson, Danny Glover, Joe Pesci, Rene Russo, Stuart Wilson, Steve Kahan, Darlene Love, Traci Wolfe, Damon Hines, Ebonie Smith;https://srv.clickfuse.com/ads/adclkr.php?id=100006636&url=https://tv.apple.com/cz/movie/lethal-weapon-3/umc.cmc.4t3yuvyh6uozifjtgw3ygiccb<br>https://www.youtube.com/watch?v=yjJpel82rDA<br>https://srv.clickfuse.com/ads/adclkr.php?id=100006636&url=https://tv.apple.com/cz/movie/lethal-weapon-3/umc.cmc.4t3yuvyh6uozifjtgw3ygiccb<br>https://www.youtube.com/watch?v=yjJpel82rDA<br>https://apps.apple.com/cz/app/id6755365206<br>https://play.google.com/store/apps/details?id=cz.csfd.csfdroid<br>;;;
241997;Avengers;2012;82.68166615992703;143.0;https://image.pmgstatic.com/cache/resized/w420/files/images/film/posters/000/486/486686_69f4e4.jpg;https://www.csfd.cz/film/241997-avengers-pomstitelia/;USA;Akční / Dobrodružný / Sci-Fi / Fantasy;The Avengers;Marvel Studios uvádí super hrdinský tým všech dob Avengers, ve kterém se přestaví ikoničtí super hrdinové – Iron Man, Neuvěřitelný Hulk, Thor, Captain America, Hawkeye a Black Widow. Když se objeví nečekaný nepřítel, který ohrožuje světovou bezpečnost, Nick Fury, ředitel mezinárodní mírové agentury, známé také jako S.H.I.E.L.D., zjistí, že potřebuje tým, aby odvrátil světovou katastrofu. Začíná provádět nábor po celém světě. (Falcon);04.05.2012 Walt Disney US;smrt, přátelé, zbraně, pomsta, vojáci, souboje, bratři, podle komiksu, monstra, New York, agenti, vědci, mimozemšťané, vesmír, superhrdina, rukojmí, letadla, bitva, roboti, Marvel Comics, laboratoř, 3D, vrtulník, bohové, Marvel Cinematic Universe (MCU), crossover, Captain America, Iron Man, Hulk, Thor (Marvel Comics), Nick Fury, červí díra, Black Widow, Hawkeye, supervoják, Loki (Marvel Comics), Avengers;Joss Whedon;Robert Downey Jr., Jeremy Renner, Scarlett Johansson, Chris Evans, Samuel L. Jackson, Chris Hemsworth, Mark Ruffalo, Clark Gregg, Lou Ferrigno, Tom Hiddleston;https://srv.tunefindforfans.com/showads/track/srvclk.php?aid=100006796&lp=https://www.disneyplus.com/en-cz/browse/entity-3a5596d6-5133-4a8e-8d21-00e1531a4e0f<br>https://srv.clickfuse.com/ads/adclkr.php?id=100006636&url=https://tv.apple.com/cz/movie/the-avengers/umc.cmc.7i757ymuvffa02onn3uva0emx<br>https://www.youtube.com/watch?v=xtdKXEI-gc8<br>/novinky/9540-co-vsechno-vime-o-nove-narnii-od-netflixu/<br>/novinky/9540-co-vsechno-vime-o-nove-narnii-od-netflixu/<br>/novinky/9540-co-vsechno-vime-o-nove-narnii-od-netflixu/<br>https://srv.tunefindforfans.com/showads/track/srvclk.php?aid=100006796&lp=https://www.disneyplus.com/en-cz/browse/entity-3a5596d6-5133-4a8e-8d21-00e1531a4e0f<br>https://srv.clickfuse.com/ads/adclkr.php?id=100006636&url=https://tv.apple.com/cz/movie/the-avengers/umc.cmc.7i757ymuvffa02onn3uva0emx<br>https://www.youtube.com/watch?v=xtdKXEI-gc8<br>https://apps.apple.com/cz/app/id6755365206<br>https://play.google.com/store/apps/details?id=cz.csfd.csfdroid<br>;Academy Awards (1x)<br>British Academy of Film and Television Arts (BAFTA) (1x)<br>Critics Choice Awards (3x)<br>The Saturn Awards (2x)<br>;The Saturn Awards (4x)<br>;Stan Lee, Jack Kirby, Don Heck
91969;Ghost in the Shell 2: Innocence;2004;82.89888284159267;99.0;https://image.pmgstatic.com/cache/resized/w420/files/images/film/posters/167/772/167772972_rfxfek.png;https://www.csfd.cz/film/91969-ghost-in-the-shell-2-innocence/;Japonsko;Animovaný / Thriller / Sci-Fi / Psychologický / Akční;Innocence;Inteligentní cyber-policajti, zabijáčtí sexuální roboti, mnohovrstevnatá zápletka, filozofující dialogy a nekompromisní akce - to je druhý díl kultovního anime Mamoru Oshiiho GHOST IN THE SHELL. Tentokrát se detektiv Batou musí krom vlastních existenciálních problémů vypořádat s ilegální společností, která programuje sexboty vraždící své majitele. Ale nic není zdaleka tak jednoduché, jak se na první pohled může zdát. (Matty);06.03.2004 Bandai Visual;anime, roboti, yakuza, umělá inteligence, kyberpunk;Mamoru Ošii;Akio Ócuka, Acuko Tanaka, Kóiči Jamadera, Tamio Óki, Naoto Takenaka, Hiroaki Hirata, Makoto Jasumura, Fumihiko Tačiki, Jošiko Sakakibara, Juzuru Fudžimoto;https://apps.apple.com/cz/app/id6755365206<br>https://play.google.com/store/apps/details?id=cz.csfd.csfdroid<br>;Cannes Film Festival (1x)<br>;Sitges Film Festival (1x)<br>;Masamune Širó
234959;Elitní jednotka;2007;82.7091701563969;118.0;https://image.pmgstatic.com/cache/resized/w420/files/images/film/posters/000/070/70881_2d6fcc.jpg;https://www.csfd.cz/film/234959-elitni-jednotka/;Brazílie / USA / Argentina;Akční / Drama / Krimi / Thriller;Tropa de Elite;V Riu si musí každý policista vybrat mezi úplatky, odchodem nebo bojem. Oni si vybrali boj... Kapitán Nascimento jako velitel elitní jednotky brazilské policie, zvané BOPE, vede válku s drogovými dealery už několik let. V Rio de Janeiru je přes 700 slumů ovládaných po zuby ozbrojenými dealery. Mají HK, Uzi, AR-15, zbraně, které se v jiných zemích používají ve válkách. Tady jsou v rukách gangsterů. Jejich střela prolétne autem jako papírem. Ve městě, jako je Rio, nechodí policie do favel bránit zákon. V Riu závisí mír na rovnováze mezi gangsterskou municí a korupcí policistů. Když jde čestný policajt do favel, obvykle se něco semele. Matias a Neto byli přesně ti, kdo ještě věřili, že policie může konat správně. A právě ty potřebuje kapitán Nascimento, aby z nich mohl vychovat své nástupce. Vede tuhle krutou válku už pěkně dlouho a začíná jí mít plné zuby. A taky čeká syna... Film, zachycuje se syrovou a dynamickou otevřeností příběh inspirovaný skutečnými událostmi, které se odehrály v riodejaneirských favelách v roce 1997 těsně před návštěvou Svatého otce z Říma. (Česká televize);19.09.2008 IFC Films;podle knihy, muž, rodina, smrt, přátelství, přátelé, vražda, násilí, policie, strach, město, útěk, zbraně, vyšetřování, vrah, oběť (autonehody/zločinu), pátrání, pomsta, peníze, manipulace, intriky, pronásledování, rivalita, drogy, zločin, kolegové, zrada, boj o přežití, kamarádi, mrtvola, vztahy, bolest, mezilidské vztahy, kriminalita, smutek, gangsteři, mafie, nenávist, gang, dilema, podsvětí (svět zločinu), zabijáci, nespravedlnost, střelné zbraně, krutost, paranoia, panika, korupce, chudoba, přepadení, chamtivost, výslech, přestřelka, chladnokrevnost, střelba, trénink, odplata, vztek, spravedlnost, třídní boj, poprava, moc, drogový dealer, výcvik, samopal, úplatky, speciální jednotky, drogový kartel, ulice, Jižní Amerika, brokovnice, Brazílie, Rio de Janeiro, slum;José Padilha;Wagner Moura, André Ramiro, Caio Junqueira, Milhem Cortaz, Fernanda Machado, Maria Ribeiro, Paulo Vilela, Fernanda de Freitas, Fábio Lago, Otto Jr.;http://www.ceskatelevize.cz<br>http://www.ceskatelevize.cz<br>https://apps.apple.com/cz/app/id6755365206<br>https://play.google.com/store/apps/details?id=cz.csfd.csfdroid<br>;;Berlinale (Berlin International Film Festival) (1x)<br>;André Batista, Rodrigo Pimentel, Luiz Eduardo Soares
23531;Bílý žár;1949;83.53798126951092;114.0;https://image.pmgstatic.com/cache/resized/w420/files/images/film/posters/158/083/158083435_ed3d86.jpg;https://www.csfd.cz/film/23531-bily-zar/;USA;Akční / Drama / Film-Noir / Krimi;White Heat;Ve své poslední roli bezcitného gangstera se Jamesi Cagneymu podaří životní útěk z vězení. James Cagney září v roli neurotického a emocionálně vyšinutého gangstera, který trpí padoucnicí a který se po smrti matky, na jejíž chvále je úporně závislý, rozhodne pomstít jejímu vrahovi. Působivý snímek, v němž se odráží atmosféra studené války, a jehož závěr je považován ze jeden z nejvíce strhujících ve filmové historii.;03.09.1949 Warner Bros. US;černobílý film, matka, policie, útěk, vězení, detektiv, gangsteři, loupež, psychopat;Raoul Walsh;James Cagney, Virginia Mayo, Edmond O'Brien, Margaret Wycherly, Steve Cochran, John Archer, Wally Cassell, Fred Clark, Claudia Barrett, Harry Lauter;https://srv.clickfuse.com/ads/adclkr.php?id=100006636&url=https://tv.apple.com/cz/movie/white-heat/umc.cmc.58y1cm7whxkhqltsw7zvl5bxx<br>https://www.youtube.com/watch?v=bNwMcr-8meY<br>https://srv.clickfuse.com/ads/adclkr.php?id=100006636&url=https://tv.apple.com/cz/movie/white-heat/umc.cmc.58y1cm7whxkhqltsw7zvl5bxx<br>https://www.youtube.com/watch?v=bNwMcr-8meY<br>https://apps.apple.com/cz/app/id6755365206<br>https://play.google.com/store/apps/details?id=cz.csfd.csfdroid<br>;Academy Awards (1x)<br>;;Virginia Kellogg
258006;Ip Man 2;2010;82.65925925925926;108.0;https://image.pmgstatic.com/cache/resized/w420/files/images/film/posters/162/818/162818834_b56d9f.jpg;https://www.csfd.cz/film/258006-ip-man-2-majstrovo-vitazstvo/;Hongkong / Čína;Akční / Drama / Historický / Sportovní / Životopisný;Ip Man 2;Po tom, čo hrdinský Ip Man (Donnie Yen) počas Druhej čínsko-japonskej vojny v súbojoch s Japoncami dokázal svoje jedinečné bojové schopnosti, utiekol v roku 1949 do Hongkongu, kde by rád založil školu bojového umenia Wing Chun. Keď sa o tom dozvie mocný Majster Hung (Sammo Hung Kam-Bo), poverí Ipa neľahkou úlohou, ktorá sa začne časovo obmedzeným náročným súbojom s viacerými bojovníkmi ovládajúcimi rôzne bojové umenia – Ip Man si má získať ich rešpekt a úctu... nebezpečenstvo mu však hrozí i od jedného skorumpovaného policajného intendanta a od britského boxerského šampióna prezývaného Twister (Darren Shahlavi). Ip Man však tentoraz nebojuje len za česť čínskeho ľudu, ale i o možnosť otvoriť si vlastnú školu bojových umení...;29.04.2010 Mandarin Films Distribution;muž, 20. století, násilí, policie, strach, město, touha, škola, období 1940-1950, sny, rivalita, kolegové, souboje, bolest, nenávist, ostrov, nespravedlnost, rvačka, korupce, bojová umění, cizinec (někdo ze zahraničí), trénink, kung-fu, Asie, hrdina, legenda, trenér, loajalita, box, Čína, výcvik, úplatky, Hongkong, respekt;Wilson Yip;Donnie Yen, Xiaoming Huang, Sammo Hung, Lynn Hung, Kent Cheng, Darren Shahlavi, Dennis To, Simon Yam, Terry Fan, Meng Lo;https://apps.apple.com/cz/app/id6755365206<br>https://play.google.com/store/apps/details?id=cz.csfd.csfdroid<br>;Hong Kong Film Awards (8x)<br>;Hong Kong Film Awards (2x)<br>;
208033;Casino Royale;2006;82.59112166876994;144.0;https://image.pmgstatic.com/cache/resized/w420/files/images/film/posters/162/375/162375896_558487.jpg;https://www.csfd.cz/film/208033-casino-royale/;Velká Británie / Česko / USA / Německo / Bahamy;Akční / Dobrodružný / Krimi / Thriller;Casino Royale;"Casino Royale pojednává o začátcích Bondovy špionážní kariéry. V rámci své první mise s pověřením ""007"" se má dostat na kobylku Le Chiffreovi (Mads Mikkelsen), který se stal bankéřem světového terorismu. Aby jej mohl zastavit a rozložit tak teroristickou síť, musí Bond Le Chiffrea porazit v pokerovém turnaji s astronomickými sázkami, který Le Chiffre pořádá v Casino Royale. Zprávu, že se s ním na misi vydává okouzlující účetní ministerstva financí Vesper Lynd (Eva Green), která má zajistit finanční prostředky na pokerové partie a poté na vládní peníze dohlížet, přijímá s krajní nevolí - avšak poté, co společně přežijí řadu smrtících útoků ze strany Le Chiffrea a jeho nohsledů, se mezi nimi vyvine vzájemná přitažlivost. Ta je nakonec zavede do ještě nebezpečnějších situací, které navždy změní Bondův život.";17.11.2006 Sony Pictures UK;podle knihy, smrt, útěk, zrada, agenti, teroristé, špioni, jed, kasino, poker, James Bond;Martin Campbell;Daniel Craig, Eva Green, Mads Mikkelsen, Judi Dench, Jeffrey Wright, Giancarlo Giannini, Caterina Murino, Simon Abkarian, Isaach De Bankolé, Jesper Christensen;https://srv.clickfuse.com/ads/adclkr.php?id=100006636&url=https://tv.apple.com/cz/movie/casino-royale/umc.cmc.1atgrgw4dcsk9mel3zi94yv8d<br>https://www.youtube.com/watch?v=1adQ31CxCXc<br>https://srv.clickfuse.com/ads/adclkr.php?id=100006636&url=https://tv.apple.com/cz/movie/casino-royale/umc.cmc.1atgrgw4dcsk9mel3zi94yv8d<br>https://www.youtube.com/watch?v=1adQ31CxCXc<br>https://apps.apple.com/cz/app/id6755365206<br>https://play.google.com/store/apps/details?id=cz.csfd.csfdroid<br>;British Academy of Film and Television Arts (BAFTA) (8x)<br>The Saturn Awards (5x)<br>;British Academy of Film and Television Arts (BAFTA) (1x)<br>The Saturn Awards (1x)<br>;Ian Fleming
320638;Strážci Galaxie;2014;82.51638816921981;116.0;https://image.pmgstatic.com/cache/resized/w420/files/images/film/posters/158/607/158607121_9986ee.jpg;https://www.csfd.cz/film/320638-strazci-galaxie/;USA / Velká Británie;Akční / Dobrodružný / Sci-Fi / Fantasy / Komedie;Guardians of the Galaxy;V tomto akcí nabitém, výpravném vesmírném dobrodružství se odvážný dobrodruh Peter Quill stává středem zájmu nájemných zabijáků poté, co Ronanovi, mocnému padouchovi s plány ohrožující celý vesmír, ukradne tajemnou kouli. Aby neúnavnému Ronanovi unikl, je Quill nucen spojit své síly se čtveřicí pozoruhodných hrdinů – Rocketem, po zuby ozbrojeným mývalem, Grootem, humanoidem, který připomíná strom, vražednou a tajemnou Gamorou a pomstychtivým Draxem Ničitelem. Když ale Quill objeví skutečnou moc koule a hrozbu, která se v ní ukrývá a ohrožuje celý vesmír, musí udělat vše pro to, aby nesourodá skupina táhla za jeden provaz a v posledním zoufalém souboji se pokusila zachránit osud celé galaxie. (Falcon);03.07.2020;láska, smrt, matka, syn, útěk, zbraně, vězení, zloděj, podle komiksu, vesmír, superhrdina, vesmírná loď, bandité, Marvel Comics, 3D, lovci lidí, zbraně hromadného ničení, genetická úprava, Marvel Cinematic Universe (MCU), Rocket Raccoon, Groot, Drax the Destroyer, Strážci Galaxie, Thanos, Nebula, Star-Lord, Gamora;James Gunn;Chris Pratt, Zoe Saldaña, Dave Bautista, Vin Diesel, Bradley Cooper, Lee Pace, Michael Rooker, Karen Gillan, Djimon Hounsou, John C. Reilly;https://srv.tunefindforfans.com/showads/track/srvclk.php?aid=100006796&lp=https://www.disneyplus.com/en-cz/browse/entity-c9ee959b-7249-4a4c-9708-9ffd1ddb00f1<br>https://srv.clickfuse.com/ads/adclkr.php?id=100006636&url=https://tv.apple.com/cz/movie/guardians-of-the-galaxy/umc.cmc.71igdwen6ko2dlhwaw12vbdh<br>https://srv.tunefindforfans.com/showads/track/srvclk.php?aid=100006796&lp=https://www.disneyplus.com/en-cz/browse/entity-c9ee959b-7249-4a4c-9708-9ffd1ddb00f1<br>https://srv.clickfuse.com/ads/adclkr.php?id=100006636&url=https://tv.apple.com/cz/movie/guardians-of-the-galaxy/umc.cmc.71igdwen6ko2dlhwaw12vbdh<br>https://apps.apple.com/cz/app/id6755365206<br>https://play.google.com/store/apps/details?id=cz.csfd.csfdroid<br>;Academy Awards (2x)<br>British Academy of Film and Television Arts (BAFTA) (2x)<br>Critics Choice Awards (3x)<br>Florida Film Critics Circle Awards (1x)<br>The Saturn Awards (5x)<br>;Critics Choice Awards (2x)<br>The Saturn Awards (4x)<br>;Dan Abnett, Andy Lanning
324116;Berserk: Ógon džidai hen III – Kórin;2013;83.07101727447217;110.0;https://image.pmgstatic.com/cache/resized/w420/files/images/film/posters/162/610/162610634_8f5d95.jpg;https://www.csfd.cz/film/324116-berserk-ogon-dzidai-hen-iii-korin/;Japonsko;Animovaný / Akční / Drama / Fantasy;ベルセルク 黄金時代篇Ⅲ 降臨;Kumpanie Jestřába se bez Griffitha a Gutse skrývá v tmavých lesích a pod velením bojovné Cascy jen s vypětím sil vzdoruje královské armádě. Potřebné povzbuzení přinese návrat neohroženého Gutse a k obnovení původní síly má dopomoci osvobození uvězněného vůdce Griffitha. Výsledkem je trpké zklamání a složité dilema pro Cascu. Sled událostí ale vzápětí nabere zcela jiný směr, do hry se vrací talisman Behelit a o slovo se konečně rázně přihlásí démoni. Nastává temná éra, Griffith je postaven před osudové rozhodnutí a začíná věčný boj Gutse s přízraky – zrodí se Black Swordsman. (Dont);01.02.2013 Warner Bros. JP;láska, smrt, přátelství, zbraně, anime, pronásledování, zrada, vězení, monstra, středověk, mučení, démoni, žoldáci, osud, proroctví;Tošijuki Kubooka, Kóiči Hacumi;Akio Ócuka, Aki Tojosaki, Mijuki Sawaširo, Nobujuki Kacube, Júki Kadži, Ajana Taketacu, Kazuki Jao, Takahiro Sakurai, Minako Kotobuki, Kenta Mijake;https://apps.apple.com/cz/app/id6755365206<br>https://play.google.com/store/apps/details?id=cz.csfd.csfdroid<br>;;;Kentaró Miura
10196;Bláznivá střela 2 a 1/2: Vůně strachu;1991;82.51502872155675;85.0;https://image.pmgstatic.com/cache/resized/w420/files/images/film/posters/159/255/159255517_fbd690.jpg;https://www.csfd.cz/film/10196-blazniva-strela-2-a-1-2-vune-strachu/;USA;Komedie / Krimi / Akční;Bláznivá střela 2: Vůně strachu;Alfou a omegou dnešního světa je energie. A americká energetická politika se má do budoucna řídit podle projektu doktora Mainheimera, který jednoznačně preferuje alternativní zdroje této životadárné síly. Tak to alespoň plánuje prezident George Bush. Podnikatelé z oblasti tradiční energie, v čele s úlisným elegánem Hapsburgem, šéfem Hexagonské naftové společnosti, mají ovšem představy diametrálně odlišné. A protože se pro uhájení svého zisku nezastaví před ničím, je celý ten geniální Bushův plán ohrožen v samotném počátku. Jen jediný člověk se dokáže zlotřilým průmyslníkům postavit: Frank Drebin z losangelské policie...;28.06.1991 Paramount Pictures;muž, smrt, násilí, tajemství, policie, město, záhady, zbraně, vyšetřování, oběť (autonehody/zločinu), pátrání, peníze, politika, manipulace, intriky, zločin, kolegové, souboje, doktoři, detektiv, kriminalita, agenti, rvačka, vědci, střelné zbraně, chamtivost, politik, přestřelka, střelba, věda, satira, parodie, vědec, korporace, bohatství, policejní stanice, výbuch, Kalifornie, Los Angeles, bomba, prezident, moc, kapitalismus, revolver, podnikatel, energetický průmysl;David Zucker;Leslie Nielsen, Priscilla Presley, George Kennedy, O.J. Simpson, Robert Goulet, Richard Griffiths, Jacqueline Brookes, Anthony James, Gail Neely, Zsa Zsa Gabor;https://www.skyshowtime.com/cz/stream/movies/blazniva-strela-2-a-12-vune-strachu/453fff0a-57db-3d21-828c-441b7f449137<br>https://srv.clickfuse.com/ads/adclkr.php?id=100006636&url=https://tv.apple.com/cz/movie/the-naked-gun-2-12-the-smell-of-fear/umc.cmc.4p38co5oigt2pe2gpewrnd2ud<br>https://www.youtube.com/watch?v=iCJpwOXs7s4<br>https://www.skyshowtime.com/cz/stream/movies/blazniva-strela-2-a-12-vune-strachu/453fff0a-57db-3d21-828c-441b7f449137<br>https://srv.clickfuse.com/ads/adclkr.php?id=100006636&url=https://tv.apple.com/cz/movie/the-naked-gun-2-12-the-smell-of-fear/umc.cmc.4p38co5oigt2pe2gpewrnd2ud<br>https://www.youtube.com/watch?v=iCJpwOXs7s4<br>https://apps.apple.com/cz/app/id6755365206<br>https://play.google.com/store/apps/details?id=cz.csfd.csfdroid<br>;;;
4205;Zjizvená tvář;1932;82.94940796555436;93.0;https://image.pmgstatic.com/cache/resized/w420/files/images/film/posters/158/183/158183614_39d599.jpg;https://www.csfd.cz/film/4205-zjizvena-tvar/;USA;Akční / Drama / Film-Noir / Krimi / Thriller;Scarface;Během období prohibice si Johnny Lovo (Osgood Perkins) najme zabijáka Tonyho Camonteho (Paul Muni), aby zavraždil mafiánského bosse Louise Costilla. Po úspěšném útoku Lovo převezme Costillovo území v jižní části Chicaga a nechá Tonyho a jeho spolupracovníky vést pašeráckou operaci s cílem prodávat pivo do barů a vytlačovat konkurenci. Tony má ale ambicióznější plány, než jeho šéf Lovo a brzy začne rozšiřovat své aktivity na sever, čímž rozpoutá ničivou válku s gangem vedeným Irem O'Harou. (Marek06);09.04.1932 United Artists;podle knihy, černobílý film, láska, žena, rodina, smrt, přátelství, přátelé, vražda, násilí, dívka, tajemství, policie, záhady, touha, zbraně, vrah, oběť (autonehody/zločinu), sourozenci, peníze, manipulace, lež, intriky, sny, podle skutečného příběhu, rivalita, zločin, zrada, vášeň, podvod, kamarádi, bolest, smutek, gangsteři, mafie, nenávist, gang, tragédie, podsvětí (svět zločinu), zabijáci, žárlivost, chamtivost, přestřelka, alkoholismus, milenka, nájemný vrah, závist, dovolená, milenec, moc, automobilová honička, sobectví, Florida, Chicago, cosa nostra, prohibice, Illinois;Howard Hawks, Richard Rosson;Paul Muni, Ann Dvorak, Karen Morley, Osgood Perkins, C. Henry Gordon, George Raft, Vince Barnett, Boris Karloff, Purnell Pratt, Tully Marshall;https://srv.clickfuse.com/ads/adclkr.php?id=100006636&url=https://tv.apple.com/cz/movie/scarface/umc.cmc.6r0s3kd78ogi494yikuisow02<br>https://www.youtube.com/watch?v=nAbs7Nh5QYU<br>https://srv.clickfuse.com/ads/adclkr.php?id=100006636&url=https://tv.apple.com/cz/movie/scarface/umc.cmc.6r0s3kd78ogi494yikuisow02<br>https://www.youtube.com/watch?v=nAbs7Nh5QYU<br>https://apps.apple.com/cz/app/id6755365206<br>https://play.google.com/store/apps/details?id=cz.csfd.csfdroid<br>;;;Armitage Trail
1391005;F1;2025;82.46802218114603;155.0;https://image.pmgstatic.com/cache/resized/w420/files/images/film/posters/170/250/170250961_q19jie.png;https://www.csfd.cz/film/1391005-f1-film/;USA;Akční / Sportovní / Drama;F1: The Movie;Sonny Hayes (Brad Pitt), kterému přezdívají „rádoby mistr světa“ FORMULE 1 devadesátých let, byl slibným závodníkem, jemuž kariéru zničila téměř fatální havárie. O třicet let později, kdy se Sonny živí jako nájemný závodník, jej osloví jeho bývalý týmový partner Ruben Cervantes (Javier Bardem), který je nyní majitelem skomírajícího týmu FORMULE 1. Ruben přesvědčí Sonnyho, aby se vrátil do FORMULE 1, pomohl jeho týmu k vítězství a tím ho zachránil. Sonnyho novým svěřencem je zbrklý nováček Joshua Pearce (Damson Idris), který si však chce jít vlastní cestou. Za řevu motorů ale Sonnyho dostihne jeho minulost a on zjistí, že jeho týmový parťák je jeho nejlítější konkurent a že cestu ke svému vykoupení nezvládne sám. (Vertical Entertainment);27.06.2025 Warner Bros. US;muž, žena, přátelství, přátelé, cestování, vzpomínky, putování, rivalita, kolegové, kamarádi, sláva, trauma, dilema, zranění, nehoda, novináři, zoufalství, soutěž, autonehoda, reportéři, média, závody, auta, rychlá auta, technologie, týmová práce, turnaj, Formule 1, tisková konference, comeback;Joseph Kosinski;Brad Pitt, Damson Idris, Kerry Condon, Javier Bardem, Tobias Menzies, Sarah Niles, Kim Bodnia, Samson Kayo, Simone Ashley, Lewis Hamilton;https://srv.clickfuse.com/ads/adclkr.php?id=100006636&url=https://tv.apple.com/cz/movie/f1-the-movie/umc.cmc.3t6dvnnr87zwd4wmvpdx5came<br>https://www.youtube.com/watch?v=cYNSpsFNM-s<br>/novinky/9731-apple-odhalil-plan-premier-pro-tento-rok/<br>/novinky/9731-apple-odhalil-plan-premier-pro-tento-rok/<br>/novinky/9731-apple-odhalil-plan-premier-pro-tento-rok/<br>https://srv.clickfuse.com/ads/adclkr.php?id=100006636&url=https://tv.apple.com/cz/movie/f1-the-movie/umc.cmc.3t6dvnnr87zwd4wmvpdx5came<br>https://www.youtube.com/watch?v=cYNSpsFNM-s<br>https://apps.apple.com/cz/app/id6755365206<br>https://play.google.com/store/apps/details?id=cz.csfd.csfdroid<br>;Academy Awards (4x)<br>British Academy of Film and Television Arts (BAFTA) (2x)<br>Golden Globes (2x)<br>Critics Choice Awards (5x)<br>The Saturn Awards (1x)<br>;British Academy of Film and Television Arts (BAFTA) (1x)<br>Critics Choice Awards (2x)<br>;
360779;Kung Fury;2015;82.49570446735395;31.0;https://image.pmgstatic.com/cache/resized/w420/files/images/film/posters/159/870/159870874_2e073b.jpg;https://www.csfd.cz/film/360779-kung-fury/;Švédsko;Krátkometrážní / Akční / Komedie / Fantasy / Sci-Fi;Kung Fury(festivalový název);Hlavní hrdina snímku, policista Kung Fury, se vydává na cestu za pomstou svého přítele, kterého zabil největší kung-fu zločinec v dějinách lidstva, Adolf Hitler. Fury cestuje časem do dob nacistického Německa, aby Hitlera zničil jednou provždy. (Santa666);;policie, zbraně, vojáci, nacisté, nacismus, parodie, bojová umění, kung-fu, cestování časem, policejní stanice, pokusy na lidech, dinosauři, bohové, hacker, vikingové;David Sandberg;David Sandberg, Jorma Taccone, Björn Gustafsson, David Hasselhoff, Eos Karlsson, Per-Henrik Arvidius, Leopold Nilsson, Andreas Cahling;https://srv.clickfuse.com/ads/adclkr.php?id=100006636&url=https://tv.apple.com/cz/movie/kung-fury/umc.cmc.6yyqqppdv2upozu2hrf0slnta<br>https://srv.clickfuse.com/ads/adclkr.php?id=100006636&url=https://tv.apple.com/cz/movie/kung-fury/umc.cmc.6yyqqppdv2upozu2hrf0slnta<br>https://apps.apple.com/cz/app/id6755365206<br>https://play.google.com/store/apps/details?id=cz.csfd.csfdroid<br>;European Film Awards (1x)<br>;Guldbagge Awards (1x)<br>;
230097;Veřejný nepřítel č. 1: Epilog;2008;82.43441529568697;133.0;https://image.pmgstatic.com/cache/resized/w420/files/images/film/posters/000/052/52614_bb4036.jpg;https://www.csfd.cz/film/230097-verejny-nepritel-c-1-epilog/;Francie / Kanada;Akční / Drama / Krimi / Thriller / Životopisný;L'Ennemi public № 1;Jacques Mesrine, největší francouzský gangster všech dob, byl ve své vlasti známější než jakákoliv celebrita. Jeho avantýry byly neskutečně lehkomyslné, neuvěřitelně drzé a jeho úmysly absolutně nepředvídatelné. Na každou novou „fušku“ se pomocí plastických operací a nejrůznějších masek měnil k nepoznání, a proto byl přezdíván „mužem tisíce tváří“. Národ ho uctíval, ženy ho zbožňovaly a pro stát byl nepřítelem číslo jedna. Jeho odvážné skutky, nesčetné útěky z vězení, milostné románky, nad nimiž zůstával rozum stát, jeho bájná dobrodružství, obrovský cynismus a výsměch policii, z toho všeho vznikl pro Francouze skutečný národní epos. Epos o člověku, který byl skutečným hrdinou nebo antihrdinou…Filmy Veřejný nepřítel č. 1 a Veřejný nepřítel č. 1: Epilog (premiéra 1.1.2009) se natáčely souběžně celých devět měsíců, na třech kontinentech a s rozpočtem přes 80 miliónů Eur. Jedná se o nejdražší francouzskou produkci všech dob. (Festival francouzského filmu);19.11.2008 Pathé Films;muž, žena, vražda, 20. století, násilí, dívka, tajemství, policie, záhady, útěk, zbraně, vyšetřování, vrah, oběť (autonehody/zločinu), pátrání, vzpomínky, manipulace, intriky, pronásledování, podle skutečného příběhu, zločin, únos, zrada, vězení, kriminalita, sláva, gangsteři, mafie, gang, krádež, zabijáci, loupež, soud, spisovatel, novináři, Francie, střelné zbraně, krutost, nebezpečí, přepadení, vydírání, výslech, chladnokrevnost, střelba, milenka, reportéři, rukojmí, kniha, období 1970-1980, celebrity, média, milenec, zajatci, soudce, vyhrožování, poprava, past, zatčení, maska, samopal, revolver, kriminální policie, vězeň, úkryt, zmizení, útěk z vězení, vězeňská cela, přestrojení, antihrdina, podsvětí (mýtické sídlo mrtvých);Jean-François Richet;Vincent Cassel, Ludivine Sagnier, Gérard Lanvin, Samuel Le Bihan, Olivier Gourmet, Mathieu Amalric, Michel Duchaussoy, Georges Wilson, Anne Consigny, Myriam Boyer;https://apps.apple.com/cz/app/id6755365206<br>https://play.google.com/store/apps/details?id=cz.csfd.csfdroid<br>;César Awards (7x)<br>;César Awards (3x)<br>;
8647;Minority Report;2002;82.34296612629048;145.0;https://image.pmgstatic.com/cache/resized/w420/files/images/film/posters/163/199/163199109_afdb8e.jpg;https://www.csfd.cz/film/8647-minority-report/;USA;Sci-Fi / Akční / Thriller / Mysteriózní;Minority Report;Píše se rok 2054. Washington D.C. je zbaven kriminality. Budoucnost je světlá. Vina je potrestána dřív, než ke zločinu vůbec dojde. PreKrim, elitní jednotka Ministerstva spravedlnosti, dokáže vraždě zabránit díky třem jasnovidcům, psychotronickým osobnostem, které neomylně určí pachatele. Je to nejmodernější obrana proti zločinu, dokonalý systém. Velitel jednotky PreKrim John Anderton (Tom Cruise) má dobrý důvod pracovat na této vizi ze všech sil. Jeho motivem je ušetřit tisíce lidí tragédie, jakou sám prožil. Informace od tří médií se nejdříve přenesou na plazmovou obrazovku. John zde analyzuje, co jasnovidci vidí. Nepochybuje o své práci, dokud se sám nestane podezřelým číslo 1. Pak Johna Andertona jeho vlastní jednotka pod vedením osobního rivala Danny Witwera (Colin Farrell) sleduje na každém kroku...;21.06.2002 20th Century Fox;podle knihy, vražda, útěk, křivé obvinění, budoucnost, antiutopie, kyberpunk, autokracie;Steven Spielberg;Tom Cruise, Colin Farrell, Samantha Morton, Max von Sydow, Patrick Kilpatrick, Kathryn Morris, Lois Smith, Peter Stormare, Jessica Capshaw, Tim Blake Nelson;https://apps.apple.com/cz/app/id6755365206<br>https://play.google.com/store/apps/details?id=cz.csfd.csfdroid<br>;Academy Awards (1x)<br>British Academy of Film and Television Arts (BAFTA) (1x)<br>European Film Awards (1x)<br>César Awards (1x)<br>The Saturn Awards (7x)<br>;Critics Choice Awards (2x)<br>The Saturn Awards (4x)<br>;Philip K. Dick
317342;X-Men: Budoucí minulost;2014;82.34409799554565;131.0;https://image.pmgstatic.com/cache/resized/w420/files/images/film/posters/158/491/158491865_b40e6e.jpg;https://www.csfd.cz/film/317342-x-men-budouci-minulost/;USA / Velká Británie / Kanada;Sci-Fi / Akční / Dobrodružný / Thriller;X-Men: Days of Future Past;"Zmutovaným hrdinům X-Men hrozí definitivní zánik. Jejich rasa byla vždy na pokraji vyhynutí, ale teď je ta hrozba ještě reálnější než kdy jindy. Jediná cesta ke spasení vede přes minulost, na samý začátek řetězce událostí, které stávající nebezpečí vyvolaly. K bytostem s výjimečnými schopnostmi se vrací režisér Bryan Singer, strůjce jejich mimořádného úspěchu. Spolu s ním ve filmu X-Men: Budoucí minulost přichází i nejvíc mutantů v historii této ságy. Díky tomu, že se film odehrává ve dvou časových rovinách, objeví se v něm hned dvě podoby vůdce „hodných"" X-Men, profesora Xaviera (Patrick Stewart, James McAvoy) a jeho protivníka Magneta (Ian McKellen, Michael Fassbender). Pouze Wolverine (Hugh Jackman) zůstává stále stejný díky schopnosti nestárnout a bleskurychle se uzdravovat. Právě on proto dostane zdánlivě šílený úkol, vrátit se v čase a zabránit tomu, aby se z bývalých přátel stali soupeři na život a na smrt. Jedině spolu totiž mohou v budoucnosti čelit síle, která předčí i jejich unikátní schopnosti. (CinemArt)";22.05.2014 20th Century Fox UK;naděje, podle komiksu, superhrdina, roboti, cestování časem, tělesné postižení, prezident, Marvel Comics, mutanti, genocida, alternativní historie, telepatie, Wolverine, X-Men, Professor X, Cyclops (Marvel Comics), Magneto, Storm, Jean Grey, Beast (Marvel Comics), Colossus, Quicksilver, Iceman, Mystique, Rogue, Toad;Bryan Singer;Hugh Jackman, James McAvoy, Michael Fassbender, Jennifer Lawrence, Nicholas Hoult, Ian McKellen, Patrick Stewart, Elliot Page, Peter Dinklage, Halle Berry;https://srv.tunefindforfans.com/showads/track/srvclk.php?aid=100006796&lp=https://www.disneyplus.com/en-cz/browse/entity-5b3d1005-eb3b-41bb-8ac6-a025263d8106<br>https://srv.clickfuse.com/ads/adclkr.php?id=100006636&url=https://tv.apple.com/cz/movie/x-men-days-of-future-past/umc.cmc.3nl670d7sfpdk1n2si6666p02<br>https://www.youtube.com/watch?v=AyjiiWzYItg<br>https://srv.tunefindforfans.com/showads/track/srvclk.php?aid=100006796&lp=https://www.disneyplus.com/en-cz/browse/entity-5b3d1005-eb3b-41bb-8ac6-a025263d8106<br>https://srv.clickfuse.com/ads/adclkr.php?id=100006636&url=https://tv.apple.com/cz/movie/x-men-days-of-future-past/umc.cmc.3nl670d7sfpdk1n2si6666p02<br>https://www.youtube.com/watch?v=AyjiiWzYItg<br>https://apps.apple.com/cz/app/id6755365206<br>https://play.google.com/store/apps/details?id=cz.csfd.csfdroid<br>;Academy Awards (1x)<br>British Academy of Film and Television Arts (BAFTA) (1x)<br>The Saturn Awards (5x)<br>;The Saturn Awards (1x)<br>;
313207;The Epic Journey of Dwayne 'The Rock' Johnson;2012;88.35616438356165;;https://image.pmgstatic.com/cache/resized/w420/files/images/film/posters/168/580/168580056_jilq8z.jpg;https://www.csfd.cz/film/313207-the-epic-journey-of-dwayne-the-rock-johnson/;USA;Akční / Dokumentární;;;;wrestling;Kevin Dunn;Dwayne Johnson, Kurt Angle, Mark Calaway, Hulk Hogan, Paul Levesque, Steve Austin, Adam Copeland, John Cena, Chuck Russell, Michael Clarke Duncan;https://apps.apple.com/cz/app/id6755365206<br>https://play.google.com/store/apps/details?id=cz.csfd.csfdroid<br>;;;
91975;Já, robot;2004;82.26645914396887;115.0;https://image.pmgstatic.com/cache/resized/w420/files/images/film/posters/159/862/159862341_387b49.jpg;https://www.csfd.cz/film/91975-ja-robot/;USA / Německo;Sci-Fi / Akční / Krimi / Thriller / Drama / Mysteriózní;I, Robot;V roce 2035 jsou roboti součástí každé domácnosti a lidé jim důvěřují. Až na jednoho – trochu paranoidního detektiva Dela Spoonera (Will Smith). Ten je přesvědčený, že zločin, který právě vyšetřuje, spáchal robot. Vyšetřování ho přivede k odhalení děsivé hrozby pro lidskou rasu... Společně s psycholožkou Susan Calvenovou vyšetřují smrt doktora Milese Hogenmillera, vědce, který pracoval s roboty pro U. S. Robotics. Příčinou smrti byla sebevražda, ale Spooner je přesvědčený, že vědce zavraždil robot. Tři zákony robotiky však zaručují, že taková věc je nemožná… (TV Prima);16.07.2004 20th Century Fox;podle knihy, muž, smrt, vražda, násilí, tajemství, policie, město, záhady, útěk, zbraně, vyšetřování, vrah, oběť (autonehody/zločinu), pátrání, pronásledování, doktoři, detektiv, zranění, sebevražda, vědci, paranoia, věda, konspirace, budoucnost, roboti, vědec, korporace, spiknutí, antiutopie, umělá inteligence, androidi, kyborg, Chicago;Alex Proyas;Will Smith, Bridget Moynahan, Bruce Greenwood, James Cromwell, Chi McBride, Shia LaBeouf, Alan Tudyk, Aaron Douglas, Simon Baker, Tiffany Lyndall-Knight;https://srv.tunefindforfans.com/showads/track/srvclk.php?aid=100006796&lp=https://www.disneyplus.com/en-cz/browse/entity-ce42e744-f65d-4d46-9324-80aec621fc87<br>https://srv.clickfuse.com/ads/adclkr.php?id=100006636&url=https://tv.apple.com/cz/movie/i-robot/umc.cmc.5mffp3n83az89t42qnhew9vn5<br>https://www.youtube.com/watch?v=LEhHemwOoxI<br>https://srv.tunefindforfans.com/showads/track/srvclk.php?aid=100006796&lp=https://www.disneyplus.com/en-cz/browse/entity-ce42e744-f65d-4d46-9324-80aec621fc87<br>https://srv.clickfuse.com/ads/adclkr.php?id=100006636&url=https://tv.apple.com/cz/movie/i-robot/umc.cmc.5mffp3n83az89t42qnhew9vn5<br>https://www.youtube.com/watch?v=LEhHemwOoxI<br>https://apps.apple.com/cz/app/id6755365206<br>https://play.google.com/store/apps/details?id=cz.csfd.csfdroid<br>;Academy Awards (1x)<br>The Saturn Awards (2x)<br>;;Isaac Asimov
25094;Pěst legendy;1994;82.69116186693148;103.0;https://image.pmgstatic.com/cache/resized/w420/files/images/film/posters/167/096/167096380_0471ca.jpg;https://www.csfd.cz/film/25094-pest-legendy/;Hongkong;Akční / Drama;Jing wu ying xiong;Rok 1937. Japonsko zahájilo okupaci Číny. Mladý čínský bojovník Chen Zhen se předčasně vrací ze studií v Japonsku, aby vyšetřil a pomstil smrt svého mistra kung-fu, který byl zavražděn Japonci za nevyjasněných okolností. Situaci navíc komplikuje Chenův vztah k japonské dívce Mitsuko. Hongkongský film Gordona Chana vznikl v r.1994 jako remake snímku Fist of Fury z r. 1972. Legendárního Bruce Lee v titulní roli nahradil jeho neméně zdatný nástupce Jet Li. (Vojcl);;vražda, policie, škola, pomsta, souboje, kung-fu, výcvik, jed;Gordon Chan;Jet Li, Šinobu Nakajama, Siu-hou Chin, Billy Chow, Jasuaki Kurata, Ada Choi, Cheung-Yan Yuen, Gary Wing-Lun Mak, Jimmy Wa-Wo Wong, Bill Man-Biu Lee;https://apps.apple.com/cz/app/id6755365206<br>https://play.google.com/store/apps/details?id=cz.csfd.csfdroid<br>;Hong Kong Film Awards (1x)<br>;;
156403;Daft Punk & Leiji Matsumoto's Interstella 5555: The 5tory of the 5ecret 5tar 5ystem;2003;82.7497062279671;68.0;https://image.pmgstatic.com/cache/resized/w420/files/images/film/posters/169/507/169507650_xseann.jpg;https://www.csfd.cz/film/156403-daft-punk-leiji-matsumoto-s-interstella-5555-the-5tory-of-the-5ecret-5tar-5ystem/;Japonsko / Francie;Animovaný / Akční / Hudební / Sci-Fi;Interstella 5555: The 5tory of the 5ecret 5tar 5ystem;"""Interstella 5555 - The 5tory of the 5ecret 5tar 5ystem"" z dílny japonského mistra Leiji Matsumota je nakreslen na míru ke slavnému albu Daft Punk ""Discovery"". V dojímavém sci-fi příběhu o zrození nejslavněvnější kapely na světě tedy narazíte na hity jako ""One More Time"", ""Aerodynamic"", ""Digital Love"", ""Something About Us"" ad.";12.12.2024 Pathé Live;anime, hudba, mimozemšťané, vesmír, vesmírná loď;Kazuhisa Takenouči, Hirotoši Rissen;Thomas Bangalter;https://apps.apple.com/cz/app/id6755365206<br>https://play.google.com/store/apps/details?id=cz.csfd.csfdroid<br>;;;
3191;Francouzská spojka;1971;82.31623611631099;104.0;https://image.pmgstatic.com/cache/resized/w420/files/images/film/posters/162/298/162298222_b6749e.jpg;https://www.csfd.cz/film/3191-francouzska-spojka/;USA;Krimi / Thriller / Drama / Akční;Francouzská spojka: Štvanice;Dvojice detektivů bojuje proti obchodu s drogami, Jimmy Doyle, přezdívaný Pepek a jeho parťák Buddy Russo. Při své práci v Brooklynu se dostanou na stopu připravovaného obchodu, při němž jde o velké množství heroinu, ale velký případ nedopadne tak, jak by si přáli.;09.10.1971 20th Century Fox;podle knihy, muž, násilí, tajemství, policie, strach, město, záhady, útěk, zbraně, vyšetřování, oběť (autonehody/zločinu), pátrání, pronásledování, podle skutečného příběhu, drogy, zločin, kolegové, mrtvola, detektiv, kriminalita, gangsteři, mafie, gang, podsvětí (svět zločinu), New York, zranění, střelné zbraně, výslech, přestřelka, střelba, cizinec (někdo ze zahraničí), bar, sledování, svědek, neo-noir, hospoda, svědectví, policejní stanice, spravedlnost, pašování, místo činu, vyhrožování, drogový dealer, automobilová honička, zatčení, auta, revolver, puška, sniper, metro, odposlech, heroin, Brooklyn;William Friedkin;Gene Hackman, Fernando Rey, Roy Scheider, Tony Lo Bianco, Marcel Bozzuffi, Bill Hickman, Frédéric de Pasquale, Harold Gary, Eddie Egan, Benny Marino;https://srv.tunefindforfans.com/showads/track/srvclk.php?aid=100006796&lp=https://www.disneyplus.com/en-cz/browse/entity-4c6f9738-8e15-4a00-bb6f-bbd27fa670d5<br>https://srv.clickfuse.com/ads/adclkr.php?id=100006636&url=https://tv.apple.com/cz/movie/the-french-connection/umc.cmc.4rfupjnkifdomi9hnmeugc5ih<br>https://www.youtube.com/watch?v=26ClFnSEroA<br>https://srv.tunefindforfans.com/showads/track/srvclk.php?aid=100006796&lp=https://www.disneyplus.com/en-cz/browse/entity-4c6f9738-8e15-4a00-bb6f-bbd27fa670d5<br>https://srv.clickfuse.com/ads/adclkr.php?id=100006636&url=https://tv.apple.com/cz/movie/the-french-connection/umc.cmc.4rfupjnkifdomi9hnmeugc5ih<br>https://www.youtube.com/watch?v=26ClFnSEroA<br>https://apps.apple.com/cz/app/id6755365206<br>https://play.google.com/store/apps/details?id=cz.csfd.csfdroid<br>;Academy Awards (3x)<br>British Academy of Film and Television Arts (BAFTA) (3x)<br>Golden Globes (1x)<br>New York Film Critics Circle Awards (1x)<br>;Academy Awards (5x)<br>British Academy of Film and Television Arts (BAFTA) (2x)<br>Golden Globes (3x)<br>New York Film Critics Circle Awards (1x)<br>;Robin Moore
281606;Zrození Planety opic;2011;82.21157201684387;105.0;https://image.pmgstatic.com/cache/resized/w420/files/images/film/posters/160/816/160816695_a31431.jpg;https://www.csfd.cz/film/281606-zrozeni-planety-opic/;USA;Akční / Dobrodružný / Drama / Sci-Fi / Thriller;Rise of the Planet of the Apes;Pořekadlo, že cesta do pekla bývá dlážděna dobrými úmysly, platí v tomto příběhu přímo ukázkově. Mladý vědec Will Rodman (James Franco) vyvíjí lék proti Alzheimerově nemoci, kterou trpí i jeho otec (John Lithgow). Slibný výzkum se ovšem zadrhává kvůli nežádoucím vedlejším účinkům, které vykazují pokusní živočichové po aplikaci léčebné látky. Zklamaný vědec opouští výzkum, odchází pečovat o otce a jako bonus si tajně odnáší šimpanzí mládě, jehož rodiče zemřeli při Willových pokusech. U šimpanze Caesara se postupně začne projevovat vysoká inteligence a Will zjistí, že za to zřejmě může působení jeho léku. Začne mu ho tajně podávat a tím nechtěně otevře bránu k lidské zkáze. Čím dál inteligentnější zvíře se po čase ocitne v přírodní rezervaci, kde začne v čele ostatních opic pomaloučku připravovat vzpouru proti těm, kdo zabili jeho rodiče a jeho zavřeli do tohoto „fešáckého kriminálu“. Tedy proti lidem.;05.08.2011 20th Century Fox;podle knihy, smrt, otec, útěk, pomsta, vědci, nevyléčitelná nemoc, svoboda, pokusy na zvířatech, laboratoř, vzpoura, Wilhelm scream, CGI animace, zoologická zahrada, genetická úprava, gorily, šimpanzi;Rupert Wyatt;James Franco, Andy Serkis, Brian Cox, John Lithgow, Freida Pinto, Tom Felton, Tyler Labine, Sonja Bennett, Chelah Horsdal, David Oyelowo;https://www.hbomax.com/cz/en/movies/rise-of-the-planet-of-the-apes-2011/a3db0e5d-d8dd-447a-8ae3-30d98ffb1a00<br>https://srv.tunefindforfans.com/showads/track/srvclk.php?aid=100006796&lp=https://www.disneyplus.com/en-cz/browse/entity-c472832f-a4e8-4bee-8232-404e803b183f<br>https://srv.clickfuse.com/ads/adclkr.php?id=100006636&url=https://tv.apple.com/cz/movie/rise-of-the-planet-of-the-apes/umc.cmc.5hrbuszplmwv9me5n799kcd0z<br>https://www.youtube.com/watch?v=OBGmmu7TWgU<br>https://sledovanitv.cz/epg/event/hbo_comedy:2025121250c22c8c1ef493f501524db95e69a343<br>/novinky/6101-smrtonosna-past-nebude-disney-slape-na-brzdu/<br>/novinky/6101-smrtonosna-past-nebude-disney-slape-na-brzdu/<br>/novinky/6101-smrtonosna-past-nebude-disney-slape-na-brzdu/<br>https://www.hbomax.com/cz/en/movies/rise-of-the-planet-of-the-apes-2011/a3db0e5d-d8dd-447a-8ae3-30d98ffb1a00<br>https://srv.tunefindforfans.com/showads/track/srvclk.php?aid=100006796&lp=https://www.disneyplus.com/en-cz/browse/entity-c472832f-a4e8-4bee-8232-404e803b183f<br>https://srv.clickfuse.com/ads/adclkr.php?id=100006636&url=https://tv.apple.com/cz/movie/rise-of-the-planet-of-the-apes/umc.cmc.5hrbuszplmwv9me5n799kcd0z<br>https://www.youtube.com/watch?v=OBGmmu7TWgU<br>https://sledovanitv.cz/epg/event/hbo_comedy:2025121250c22c8c1ef493f501524db95e69a343<br>https://apps.apple.com/cz/app/id6755365206<br>https://play.google.com/store/apps/details?id=cz.csfd.csfdroid<br>;Academy Awards (1x)<br>British Academy of Film and Television Arts (BAFTA) (1x)<br>Critics Choice Awards (2x)<br>The Saturn Awards (2x)<br>;Critics Choice Awards (1x)<br>Florida Film Critics Circle Awards (1x)<br>The Saturn Awards (3x)<br>;Pierre Boulle
11394;Legenda o opilém Mistrovi;1994;82.31162726392921;97.0;https://image.pmgstatic.com/cache/resized/w420/files/images/film/posters/165/535/165535535_9c4926.jpg;https://www.csfd.cz/film/11394-legenda-o-opilem-mistrovi/;Hongkong;Akční / Komedie;Jui kuen II;Hung se snaží vyhnout placení cla, ale svým malým podfukem dostane do problémů sebe i celou svoji rodinu. Jeho otci záleží nejvíc na cti a Hung je na nejlepší cestě, aby čest svojí rodiny navždy pošpinil... Fei Hung se vrací domů se svým otcem, který je známým lékařem. S dvojicí cestuje ještě jejich sluha. Na cestě vlakem by mělo veškeré zboží projít kontrolou a mělo by být zaplaceno clo, ale Fei Hungovi se podaří velmi drahý kořen ženšenu schovat u velvyslance v kufru, kde se clu vyhne. Když si pak Fei Hung chce svůj ženšen vzít zpátky, utká se v souboji s mužem, který si také něco vzal u velvyslance v kufru. Jejich souboj přeruší odjezd vlaku, ve kterém Fei Hung cestuje. Dvojice si až velmi pozdě uvědomí, že si omylem vyměnili balíčky. Fei Hung tedy nemá kořen ženšenu, ale cennou nefritovou pečeť, kterou velvyslanec ukradl a chtěl prodat. Fei Hung si ale neuvědomuje cenu toho, co ukradl, on jen řeší, jak rychle sehnat ženšen, který ztratil. Fei Hungovi pomáhá jeho matka, která se nebojí Fei Hungovu otci postavit. Matka a syn jsou ale na otce krátcí. I když se snaží něco vymyslet, otec se stejně dozví, co Fei Hung udělal. Fei Hung se navíc přes otcův zákaz neustále pere a k tomu provozuje opilecký box, u kterého pije alkohol, což otec také neschvaluje.Fei Hunga pronásledují muži od velvyslance, kteří od něj chtějí získat ukradenou pečeť. Když otci dojde se synem trpělivost, vyhodí ho z domu. Fei Hunga tu noc zmlátí muži od velvyslance a dokonce ho pověsí na vstupní bránu do města. Otec poté vezme syna zpátky, ale Fei Hung už nikdy nesmí pít nebo se rvát. Toho večera se však u nich objeví muž, který má onen ztracený ženšen. Muž je slavným bojovníkem a snaží se zabránit cizím státům v rozkrádání historických předmětů Číny. Fei Hung vrátí mužovi nefritovou pečeť, o kterou tolik stojí velvyslanec. Fei Hungova rodina zase získá onen ženšen. Klid ale netrvá příliš dlouho, velvyslanec na dvojici pošle mnoho zabijáků a starý muž nakonec umírá. Velvyslanec navíc získat nefritovou pečeť. Fei Hung se ji pokusí získat zpátky, ale je zajat a otec musí pro jeho záchranu obětovat svoji bojovou školu. Fei Hung je pokořen, ale když se dozví, že velvyslanec plánuje ukrást a v zahraničí prodat mnoho čínských starožitností, postaví se jeho bojovníkům a nakonec je s velkým množstvím alkoholu v krvi porazí. Z Fei Hunga je velký hrdina, ale stejně tak velká je i jeho kocovina. Ale otec a matka jsou na něj pyšní. (TV Prima);;kung-fu;Chia-Liang Liu, Jackie Chan;Jackie Chan, Anita Mui, Lung Ti, Felix Wong, Chia-Liang Liu, Bill Tung, Andy Lau, Ken Lo, Kar-Yung Lau, Tai Bo;https://apps.apple.com/cz/app/id6755365206<br>https://play.google.com/store/apps/details?id=cz.csfd.csfdroid<br>;Hong Kong Film Awards (1x)<br>;Hong Kong Film Awards (1x)<br>;
40326;X-Men 2;2003;82.17389470131624;128.0;https://image.pmgstatic.com/cache/resized/w420/files/images/film/posters/159/257/159257148_8a22ce.jpg;https://www.csfd.cz/film/40326-x-men-2/;USA / Kanada;Akční / Dobrodružný / Sci-Fi / Thriller;X-Men 2;X-Meni. Narodili se s jedinečnou genetickou mutací, která jim umožňuje vládnout nadpřirozenými schopnostmi. Pod vlivem profesora Charlese Xaviera (Patrick Stewart) slouží lidstvu. Chrání svět. Ten jim však nedůvěřuje a bojí se jich. Po nesmyslném pokusu o atentát na prezidenta Spojených států, který údajně spáchal neznámý mutant, se veřejnost dovolává zákona, který má mutanty dostat pod kontrolu. V čele militantně anti-mutantniho hnuti stojí armádní velitel a vědec William Stryker (Brian Cox), o němž se tvrdí, že na mutantech prováděl pokusy. Mutanty nenávidí a hodlá je totálně zlikvidovat. Když zjistí, že jeho vlastní syn je mutant, bez milosti ho zabije. Stryker měl v minulosti co do činění také s Wolverinem (Hugh Jackman) a zná tajemství jeho minulosti. Když Wolverine pátrá po svém původu, uvede Stryker do pohybu svůj anti-mutantní program. Jsou však i mutanti, kteří se proti lidské civilizaci postavili. Jeden z nich, Magento (Ian McKellen), právě unikl z vězení. Je nepřítelem X-Menů. V situaci, kdy se všichni mutanti stali štvanci, navrhne X-Menům spojenectví proti společnému nepříteli - Strykerovi. X-Meni i jejich spojenci se spolu vydávají na nejnebezpečnější misi v životě... Režisér Bryan Singer natočil tentokrát víc než tradiční pokračování. Ponořil se hlouběji do mytologie X-Menů, do jejich schopností a vztahů. Vedle již známých postav se na pozici dobra přidává atletický Nightcrawler a zlo posiluje - nejen svými diamantovými drápy - Deathstrike. Ve filmu se tak představuje nová generace X-Menů. Patrick Stewart se vrátil do role profesora Charlese Xaviera, světově uznávaného telepata. I promodralá metamorfická Mystique (Rebecca Romijn-Stamos - viděli jsme ji jako Femme Fatale ve stejnojmenném filmu) předvede své svody. Větší prostor má také postava Storm (oscarová Halle Berry), která prochází vývojovými změnami. Režisér Bryan Singer po natáčení druhého dílu X-Menů prohlásil: Točit první X-Meny byla úžasná zkušenost a divácká reakce byla mimořádně příznivá. Ale po natočení filmu X-Men 2 mi natáčení prvního dílu připadá skoro jen jako úvod. Kultovní záležitost, natočená, jak je to v poslední době velice časté, podle komiksu, má všechny předpoklady upoutat diváky vizuálně i napínavým dějem.;02.05.2003 20th Century Fox;smrt, zrada, podle komiksu, voda, superhrdina, Marvel Comics, mutanti, Wolverine, X-Men, Professor X, Cyclops (Marvel Comics), Magneto, Storm, Jean Grey, Colossus, Iceman, Mystique, Nightcrawler, Rogue, Pyro, Lady Deathstrike;Bryan Singer;Patrick Stewart, Hugh Jackman, Ian McKellen, Halle Berry, Famke Janssen, James Marsden, Rebecca Romijn, Anna Paquin, Alan Cumming, Brian Cox;https://srv.tunefindforfans.com/showads/track/srvclk.php?aid=100006796&lp=https://www.disneyplus.com/en-cz/browse/entity-54748282-5bf7-496c-8db9-a9aa3b7f57ac<br>https://srv.clickfuse.com/ads/adclkr.php?id=100006636&url=https://tv.apple.com/cz/movie/x2-x-men-united/umc.cmc.4zz3xnreshr62d1ir2cxmvm1w<br>https://www.youtube.com/watch?v=T4NIGVl2_g0<br>https://srv.tunefindforfans.com/showads/track/srvclk.php?aid=100006796&lp=https://www.disneyplus.com/en-cz/browse/entity-54748282-5bf7-496c-8db9-a9aa3b7f57ac<br>https://srv.clickfuse.com/ads/adclkr.php?id=100006636&url=https://tv.apple.com/cz/movie/x2-x-men-united/umc.cmc.4zz3xnreshr62d1ir2cxmvm1w<br>https://www.youtube.com/watch?v=T4NIGVl2_g0<br>https://apps.apple.com/cz/app/id6755365206<br>https://play.google.com/store/apps/details?id=cz.csfd.csfdroid<br>;The Saturn Awards (8x)<br>;The Saturn Awards (1x)<br>;
216113;Obávaný bojovník;2006;82.2228538942581;100.0;https://image.pmgstatic.com/cache/resized/w420/files/images/film/posters/164/948/164948063_f6222a.jpg;https://www.csfd.cz/film/216113-obavany-bojovnik/;Hongkong / Čína / USA;Akční / Drama / Životopisný;Obávaný bojovník;Huo Yuan Jia (Jet Li) se už jako mladý chlapec snaží dosáhnout otcových kvalit v bojovém umění WuShu a dále dělat čest svému rodu. Jeho cílem je být nejlepší, což se mu po několika letech a spoustě soubojů podaří. Jeho pověst mistra bojových umění se šíří, ale roste i jeho pýcha. Poté, co v souboji zabije svého soupeře, krevní msta dopadne na celou jeho rodinu. Po této tragédii na sedm let zmizí, aby objevil pravý smysl boje.;Na DVD od 12.03.2007 Magic Box;muž, rodina, smrt, vražda, násilí, tajemství, otec, děti, rodiče, mládež, záhady, touha, syn, chlapec, vrah, škola, pomsta, dospívání, sny, souboje, vášeň, mrtvola, bratři, nemoc, studenti, bolest, smutek, 19. století, tragédie, naděje, zabijáci, umírání, nehoda, rvačka, bojová umění, novověk, trénink, kung-fu, Asie, odplata, trenér, Čína, výcvik, zmizení, astma;Ronny Yu;Jet Li, Šidó Nakamura, Betty Sun, Collin Chou, Masato Harada, Nathan Jones, Jon T. Benn, Anthony De Longis, John Paisley, Nina Paw;https://apps.apple.com/cz/app/id6755365206<br>https://play.google.com/store/apps/details?id=cz.csfd.csfdroid<br>;Hong Kong Film Awards (6x)<br>The Saturn Awards (1x)<br>;Hong Kong Film Awards (1x)<br>;
12398;Kam orli nelétají;1968;82.24110150871539;158.0;https://image.pmgstatic.com/cache/resized/w420/files/images/film/posters/162/505/162505031_c78f85.jpg;https://www.csfd.cz/film/12398-kam-orli-neletaji/;Velká Británie / USA;Akční / Dobrodružný / Válečný;Orlí hnízdo;"R. Burton a C. Eastwood musí osvobodit generála, který je uvězněn na nejnebezpečnějším místě Říše - v ""orlím hnízdě"", zámku Schloss Adler. Akce prokládaná špionážními prvky v téměř nesplnitelném úkolu spojeneckého komanda v jednom z nejslavnějších válečných filmů.";12.03.1969 Metro-Goldwyn-Mayer (MGM);podle knihy, 20. století, období 1940-1950, 2. světová válka, vojáci, zrada, armáda, agenti, nacisté, zima, nacismus, letadla, špioni, výbuch, zajatci, hrad, Wilhelm scream, gestapo, lanovka;Brian G. Hutton;Richard Burton, Clint Eastwood, Mary Ure, Michael Hordern, Donald Houston, Anton Diffring, Derren Nesbitt, Vincent Ball, Ferdy Mayne, Ingrid Pitt;https://srv.clickfuse.com/ads/adclkr.php?id=100006636&url=https://tv.apple.com/cz/movie/where-eagles-dare/umc.cmc.73a2bzwkk11h1y6qc3r3cd04y<br>https://www.youtube.com/watch?v=F93uNUQ4LYQ<br>https://srv.clickfuse.com/ads/adclkr.php?id=100006636&url=https://tv.apple.com/cz/movie/where-eagles-dare/umc.cmc.73a2bzwkk11h1y6qc3r3cd04y<br>https://www.youtube.com/watch?v=F93uNUQ4LYQ<br>https://apps.apple.com/cz/app/id6755365206<br>https://play.google.com/store/apps/details?id=cz.csfd.csfdroid<br>;The Saturn Awards (1x)<br>;;Alistair MacLean
246076;Baader Meinhof Komplex;2008;82.24534161490683;144.0;https://image.pmgstatic.com/cache/resized/w420/files/images/film/posters/158/597/158597602_3e62a6.jpg;https://www.csfd.cz/film/246076-der-baader-meinhof-komplex/;Německo / Francie / Česko;Akční / Drama / Krimi / Životopisný;Der Baader Meinhof Komplex;Německo, 70. léta 20. století. Vražedné bombové útoky, strach z terorismu a z vnitřního nepřítele otřásají základy křehké demokracie poválečného Německa. Radikální “děti” nacistické generace v čele s Andreasem Baaderem (Moritz Bleibtreu), Ulrikou Meinhofovou (Martina Gedeck) a Gudrun Ensslinovou (Johanna Wokalek) vedou násilnou válku proti tomu, co považují za novou tvář fašismu: americký imperialismus podporovaný německou vládou, jejíž členové mají nacistickou minulost. Cílem mladých radikálů je “lidštější” společnost. Bohužel používáním nehumánních prostředků nejenže šíří teror a krveprolití, ale sami svoji lidskost ztrácejí. Šéf německé policie Horst Herold (Bruno Ganz) je muž, který jim je v patách, ale zároveň jejich konání velmi dobře chápe. Nakonec v honu na mladé teroristy slaví úspěchy, ale je si vědom, že oni jsou jen špičkou ledovce.;25.09.2008 Constantin Film;podle knihy, 20. století, policie, město, politika, podle skutečného příběhu, teroristé, období 1970-1980, odboj, ideologie;Uli Edel;Martina Gedeck, Moritz Bleibtreu, Johanna Wokalek, Nadja Uhl, Stipe Erceg, Niels Bruno Schmidt, Vinzenz Kiefer, Simon Licht, Alexandra Maria Lara, Daniel Lommatzsch;https://apps.apple.com/cz/app/id6755365206<br>https://play.google.com/store/apps/details?id=cz.csfd.csfdroid<br>;Academy Awards (1x)<br>British Academy of Film and Television Arts (BAFTA) (1x)<br>European Film Awards (3x)<br>German Film Awards (4x)<br>Golden Globes (1x)<br>;;Stefan Aust
1244;Propast;1989;82.14183857781158;139.0;https://image.pmgstatic.com/cache/resized/w420/files/images/film/posters/162/133/162133641_adc9ed.jpg;https://www.csfd.cz/film/1244-propast/;USA;Akční / Dobrodružný / Sci-Fi / Thriller;Propast;Nedaleko Kuby se americká jaderná ponorka Montana málem srazí s neznámým, rychle se pohybujícím tělesem. Narazí do podmořského útesu a klesne do hlubin. Americké námořnictvo nemůže v důsledku blížící se bouře zahájit záchranné práce vlastními prostředky a proto požádá o spolupráci podmořskou vrtnou věž Deepcore, která pracuje poblíž místa nehody. Velitel Bud Brigman není příliš nadšen, protože celou akci má řídit speciální jednotka SEAL a navíc s vojáky přichází na stanici také Budova manželka Lindsey, s níž se právě rozvádí. Úkolem záchranného týmu je zjistit, zda někdo z ponorky přežil a deaktivovat jaderné nálože. Na hladině propukne hurikán, Brigman však nemůže odpojit spojovací kabel, protože velitel vojáků, poručík Coffey, podléhající pomalu podmořské psychóze, obsadil miniponorku, aby se mohl vypravit pro jednu z jaderných hlavic. Bouře utrhne z lodi jeřáb a ten padá přímo na Deepcore. Těsně jej mine, ale málem stanici strhne do propasti. Lindsey dokáže v těžce poškozené stanici obnovit dodávku elektřiny, pokud se však včas nedostanou na hladinu, dojde jim kyslík. V oceánu kolem stanice se několikrát objeví podivná světla, vylétající z propasti. Lindsay je přesvědčena, že jde o mimozemskou civilizaci, pokoušející se o kontakt, Coffey se domnívá, že to jsou Rusové, které je třeba zničit. Zmocní se stanice a vyšle do propasti načasovanou jadernou hlavici. Brigmanovi a jeho lidem se podaří vojáky přemoci, zdá se však, že je pozdě. Bud se rozhodne obětovat vlastní život, sestoupit do propasti a hlavici zneškodnit. Ví, že návrat nebude možný.;09.08.1989 20th Century Fox;zbraně, vojáci, moře, lodě, mimozemšťané, vesmírná loď, studená válka, námořnictvo, ponorky, atomová bomba, potápění, podmořská stanice;James Cameron;Ed Harris, Mary Elizabeth Mastrantonio, Michael Biehn, Leo Burmester, Todd Graff, John Bedford Lloyd, J.C. Quinn, Kimberly Scott, Jimmie Ray Weeks, Ken Jenkins;https://srv.tunefindforfans.com/showads/track/srvclk.php?aid=100006796&lp=https://www.disneyplus.com/en-cz/browse/entity-733df76b-d280-4f96-b13e-3b0c0c345dee<br>https://srv.clickfuse.com/ads/adclkr.php?id=100006636&url=https://tv.apple.com/cz/movie/the-abyss/umc.cmc.3riqdwijnlplqr8epmjraylzc<br>https://www.youtube.com/watch?v=WS0JIt5Ixnk<br>https://srv.tunefindforfans.com/showads/track/srvclk.php?aid=100006796&lp=https://www.disneyplus.com/en-cz/browse/entity-733df76b-d280-4f96-b13e-3b0c0c345dee<br>https://srv.clickfuse.com/ads/adclkr.php?id=100006636&url=https://tv.apple.com/cz/movie/the-abyss/umc.cmc.3riqdwijnlplqr8epmjraylzc<br>https://www.youtube.com/watch?v=WS0JIt5Ixnk<br>https://apps.apple.com/cz/app/id6755365206<br>https://play.google.com/store/apps/details?id=cz.csfd.csfdroid<br>;Academy Awards (3x)<br>The Saturn Awards (6x)<br>San Sebastián International Film Festival (1x)<br>;Academy Awards (1x)<br>The Saturn Awards (1x)<br>;
9849;Killer;1989;82.3104297837394;111.0;https://image.pmgstatic.com/cache/resized/w420/files/images/film/posters/162/555/162555115_fe8eea.jpg;https://www.csfd.cz/film/9849-killer/;Hongkong;Akční / Krimi / Drama / Thriller;Die xue shuang xiong;"Jeffrey (Chow Yun-fat) je nájemný vrah. Vezme svou poslední zakázku, aby získal peníze a mohl zaplatit operaci ženě, kterou nechtěně téměř připravil o zrak. Za svou ""práci"" však nedostane zaplaceno. Naopak je na něj najat profesionální zabiják. Jeffrey se musí spojit s policejním inspektorem (Danny Lee), aby přežil útoky svých bývalých kolegů.";Na DVD od 30.01.2006 Magic Box;muž, žena, smrt, přátelství, přátelé, vražda, násilí, dívka, policie, město, útěk, zbraně, vrah, zvířata, oběť (autonehody/zločinu), pomsta, peníze, manipulace, lež, intriky, pronásledování, drogy, zrada, boj o přežití, souboje, podvod, kamarádi, mrtvola, bolest, detektiv, smutek, gangsteři, trauma, mafie, gang, dilema, tragédie, naděje, podsvětí (svět zločinu), ostrov, zabijáci, zranění, rvačka, střelné zbraně, zoufalství, pocit viny, přepadení, přestřelka, střelba, bojová umění, nájemný vrah, kung-fu, Asie, pochyby, odplata, restaurace, vztek, neo-noir, iluze, spravedlnost, oběť (někomu/něčemu), ptáci, místo činu, pokus o vraždu, odpuštění, těžký úraz, lítost, výčitky svědomí, Čína, slepota, samopal, revolver, yakuza, drogový kartel, destrukce, ničení, inspektor, Hongkong, triády, holubi;John Woo;Yun-fat Chow, Danny Lee, Sally Yeh, Paul Chu, Kenneth Tsang, Fui-on Shing, Tommy Wong, Teddy Yip, Chi-wai Wong, Barry Wong;https://apps.apple.com/cz/app/id6755365206<br>https://play.google.com/store/apps/details?id=cz.csfd.csfdroid<br>;Hong Kong Film Awards (4x)<br>;Hong Kong Film Awards (2x)<br>;
70635;Animatrix;2003;82.14208826695372;101.0;https://image.pmgstatic.com/cache/resized/w420/files/images/film/posters/161/945/161945618_7d1717.jpg;https://www.csfd.cz/film/70635-the-animatrix/;USA;Animovaný / Sci-Fi / Akční / Dobrodružný;The Animatrix;Vítejte do světa Animatrixu, vizionářské fúze počítačové animace a japonské školy animace, od světově nejuznávanějších tvůrců animovanch filmů. Vychutnejte si snímek, který vznikl před filmem Matrix a dozvíte se o posledních městech lidské rasy, válce mezi stroji a lidmi a o závěrečném úpadku lidstva. Staňte se svědky posledního letu Osirise, který připravil půdu pro film Matrix Reloaded a videohru Enter The Matrix. Doplňte si své povědomí o Matrixu a získejte informace, které jinde nenajdete. Je čas zapojit se...;Na DVD od 03.06.2003 Warner Bros. CZ;smrt, násilí, strach, zbraně, souboje, válka, bojová umění, postapokalyptická budoucnost, roboti, antologie, antiutopie, hacker, virtuální realita, nadvláda počítačů, pogrom;Andrew R. Jones, Šin'ičiró Watanabe, Mahiro Maeda;Akio Ócuka, Dwight Schultz, Carrie-Anne Moss, Keanu Reeves, Rick Gomez, Hedy Burress, Terrence 'T.C.' Carson, Tress MacNeille, Tom Kenny, Olivia d'Abo;https://srv.clickfuse.com/ads/adclkr.php?id=100006636&url=https://tv.apple.com/cz/movie/the-animatrix/umc.cmc.4h6fc2rhmaw95u87x3mbdalw5<br>https://srv.clickfuse.com/ads/adclkr.php?id=100006636&url=https://tv.apple.com/cz/movie/the-animatrix/umc.cmc.4h6fc2rhmaw95u87x3mbdalw5<br>https://apps.apple.com/cz/app/id6755365206<br>https://play.google.com/store/apps/details?id=cz.csfd.csfdroid<br>;The Saturn Awards (1x)<br>;;
223262;Iron Man;2008;82.01952945802476;126.0;https://image.pmgstatic.com/cache/resized/w420/files/images/film/posters/000/049/49177_031300.jpg;https://www.csfd.cz/film/223262-iron-man/;USA;Akční / Dobrodružný / Sci-Fi;Iron Man;"Slavná komiksová postava Iron Man patří mezi nejhýčkanější superhrdiny sdružené pod křídly giganta jménem Marvel. Přesto (nebo možná právě proto) se až teď mohl přidat ke svým sourozencům Spider-Manovi, Fantastické čtyřce a X-Menům, kteří o sobě mohou hrdě prohlašovat, že o nich natočili film. Nečekejte ovšem dalšího spasitele lidstva, kterému k jeho mimořádným schopnostem pomohlo pavoučí kousnutí nebo ozáření. Muž se železnou maskou, občanským jménem Tony Stark, se ke své výjimečnosti ""poctivě"" propracoval. Uvozovky jsou namístě, Tony se živí jako VIP výrobce a dodavatel technologicky vyspělých zbraní pro americkou armádu a jeho životní filozofii vystihuje věta: Nejlepší zbraní je ta, ze které stačí vystřelit jen jednou. Na cestě z povedené prezentace nejnovější zbraně hromadného ničení pro armádní špičky ho na horké afgánské půdě unese jistá teroristická skupina. Muž, kterému ležela Amerika u nohou, se tak rázem ocitá v držení lidí, kteří po něm chtějí jediné - aby začal vyrábět zbraně pro ně. Díky své vynalézavosti, výjimečnému intelektu a schopnosti improvizovat si Tony v zajetí vyrobí ""brnění"", které mu pomůže dostat se na svobodu. Tehdy také dostane nápad tenhle improvizovaný kovový oblek ještě výrazně vylepšit. A tak se zrodí Iron Man.";02.05.2008 Paramount Pictures;muž, žena, smrt, přátelství, přátelé, násilí, tajemství, záhady, zbraně, oběť (autonehody/zločinu), pátrání, peníze, manipulace, intriky, zločin, únos, zrada, boj o přežití, souboje, kamarádi, trauma, podle komiksu, umírání, zranění, agenti, novináři, rvačka, střelné zbraně, nebezpečí, chamtivost, hádka, teroristé, superhrdina, reportéři, rukojmí, hrdina, korporace, bohatství, výbuch, média, zajatci, těžký úraz, Marvel Comics, technologie, řidič, vynálezce, obchod (transakční), jeskyně, umělá inteligence, kriminální policie, tajná organizace, destrukce, ničení, terorismus, úkryt, kancelář, tajný agent, bodyguard, zbraně hromadného ničení, budova, teroristický útok, sekretářka, podnikatel, Marvel Cinematic Universe (MCU), ochranka, počítač, létání, milionář, Iron Man, Nick Fury, Avengers, zbrojní průmysl, bombový útok;Jon Favreau;Robert Downey Jr., Terrence Howard, Jeff Bridges, Gwyneth Paltrow, Leslie Bibb, Shaun Toub, Faran Tahir, Clark Gregg, Bill Smitrovich, Paul Bettany;https://srv.tunefindforfans.com/showads/track/srvclk.php?aid=100006796&lp=https://www.disneyplus.com/en-cz/browse/entity-0c520152-b81f-4c20-9310-003debd1947e<br>https://srv.clickfuse.com/ads/adclkr.php?id=100006636&url=https://tv.apple.com/cz/movie/iron-man/umc.cmc.219lnb4s678o8roez3o905h7r<br>https://srv.tunefindforfans.com/showads/track/srvclk.php?aid=100006796&lp=https://www.disneyplus.com/en-cz/browse/entity-0c520152-b81f-4c20-9310-003debd1947e<br>https://srv.clickfuse.com/ads/adclkr.php?id=100006636&url=https://tv.apple.com/cz/movie/iron-man/umc.cmc.219lnb4s678o8roez3o905h7r<br>https://apps.apple.com/cz/app/id6755365206<br>https://play.google.com/store/apps/details?id=cz.csfd.csfdroid<br>;Academy Awards (2x)<br>British Academy of Film and Television Arts (BAFTA) (1x)<br>Critics Choice Awards (1x)<br>The Saturn Awards (6x)<br>;The Saturn Awards (3x)<br>;Stan Lee, Larry Lieber, Jack Kirby
257869;District 9;2009;81.99133111376342;112.0;https://image.pmgstatic.com/cache/resized/w420/files/images/film/posters/158/036/158036323_8027b9.jpg;https://www.csfd.cz/film/257869-district-9/;Jihoafrická republika / USA / Nový Zéland / Kanada;Akční / Sci-Fi / Thriller;District 9;Před více než dvaceti lety došlo k prvnímu kontaktu mimozemské civilizace s lidstvem. Lidé očekávali děsivou bitvu nebo významný technologický pokrok. Nedošlo ani k jednomu. Mimozemšťané byli uprchlíky z vlastní planety. Stvoření byla ubytována v nouzových domovech v jihoafrickém Okrsku 9 (District 9), zatímco se státy celého světa dohadovaly, co a jak dál. Teď všem dochází trpělivost. Dohled nad mimozemšťany byl svěřen MNU, soukromé organizaci, které je osud mimozemšťanů lhostejný. Měla by ale naději na obrovský výdělek, pokud dokáže zprovoznit mimozemské zbraně, které vyžadují k aktivaci mimozemskou DNA. Napětí mezi mimozemšťany a lidmi dospěje ke svému vrcholu ve chvíli, kdy začne MNU obyvatele Okrsku 9 stěhovat do nového tábora. Jeden z agentů MNU, Wikus van der Merwe (Sharlto Copley) se nakazí mimozemským virem, který začne měnit jeho DNA. Záhy se stává nejhledanějším mužem planety – je klíčem k odhalení tajů mimozemské technologie. Vyděšený muž má jedinou možnost: ukrýt se v Okrsku 9.;14.08.2009 TriStar Pictures;město, zbraně, vojáci, armáda, mimozemšťané, rasismus, vesmírná loď, antiutopie, tajná organizace, Wilhelm scream, uprchlický tábor, zbrojní průmysl;Neill Blomkamp;Sharlto Copley, Jason Cope, David James, Vanessa Haywood, Mandla Gaduka, Kenneth Nkosi, Eugene Khumbanyiwa, Louis Minnaar, William Allen Young, Robert Hobbs;https://srv.clickfuse.com/ads/adclkr.php?id=100006636&url=https://tv.apple.com/cz/movie/district-9/umc.cmc.3usb8g6i8utbtkm4j3hy70x8c<br>https://www.youtube.com/watch?v=l55jD1RTBAI<br>https://srv.clickfuse.com/ads/adclkr.php?id=100006636&url=https://tv.apple.com/cz/movie/district-9/umc.cmc.3usb8g6i8utbtkm4j3hy70x8c<br>https://www.youtube.com/watch?v=l55jD1RTBAI<br>https://apps.apple.com/cz/app/id6755365206<br>https://play.google.com/store/apps/details?id=cz.csfd.csfdroid<br>;Academy Awards (4x)<br>British Academy of Film and Television Arts (BAFTA) (7x)<br>Golden Globes (1x)<br>Critics Choice Awards (4x)<br>The Saturn Awards (6x)<br>;Critics Choice Awards (1x)<br>Los Angeles Film Critics Association Awards (2x)<br>The Saturn Awards (1x)<br>;
225675;Chi bi;2008;82.25225225225225;150.0;https://image.pmgstatic.com/cache/resized/w420/files/images/film/posters/164/510/164510366_ce7599.jpg;https://www.csfd.cz/film/225675-chi-bi/;Čína;Historický / Akční / Dobrodružný / Válečný / Drama;Čch' pi;Ve třetím století stála království Wu a Xu ve válce proti vojevůdci Cao Cao, který se snažil sjednotit Čínu. Království Wu i Xu ovšem nedosahovala takového počtu vojáků jako jejich protivník Cao Cao, proto uzavřela dohodu a spojila se proti němu. Ani to jim ovšem nestačilo aby se alespoň rovnala vřavám protivníkovy armády. Můžeme se těšit na bitvy jak na moři tak na souši. Film bude rozdělen na dvě části, první část by měla přijít do kin v roce 2008 před konáním Letní Olympiády a druhá část koncem roku 2008. Režisér John Woo má k dispozici rozpočet 80 millionů dolarů a herecká esa jako Chang Chen (Tygr a Drak), Takeshi Kaneshiro (Klan Létajících Dýk), Tony Leung Chiu Wai (Hrdina) a Zhao Wei (Smrtící Andílci). (sheen);10.07.2008 China Film;přátelství, souboje, moře, válka, bitva, hrdina, princezna, válečníci, námořnictvo, statečnost;John Woo;Tony Leung Chiu-wai, Takeši Kaneširo, Fengyi Zhang, Chen Chang, Vicki Zhao, Jun Hu, Šidó Nakamura, Chiling Lin, Jia Song, Kou Shixun;https://apps.apple.com/cz/app/id6755365206<br>https://play.google.com/store/apps/details?id=cz.csfd.csfdroid<br>;Hong Kong Film Awards (9x)<br>;Hong Kong Film Awards (5x)<br>;
299248;Berserk: Ógon džidai hen I – Haó no tamago;2012;82.35874931431705;77.0;https://image.pmgstatic.com/cache/resized/w420/files/images/film/posters/167/454/167454103_es67so.jpg;https://www.csfd.cz/film/299248-berserk-ogon-dzidai-hen-i-hao-no-tamago/;Japonsko;Animovaný / Akční / Drama / Fantasy;ベルセルク 黄金時代篇Ⅰ 覇王の卵;Narodený z obesenej ženy sa sirota Guts dostáva do výchovy žoldniera. Napriek neľahkému detstvu vyrastie z tohto dieťaťa silný mladík a veľmi schopný bojovník. Jeho sila mu dovoľuje používať aj masívny meč, ktorý presahuje dĺžku dospelého človeka.Pri jednom z mnohých vojnových ťažení spoznáva Cascu a charizmatického Griffitha, vodcu žoldnierskej Skupiny Jastraba a držiteľa záhadného prívesku - Behelit. Guts mu očividne padne do oka a stane sa jedným z nich. Medzi členmi družiny nájde skutočných priateľov a postupom času získa pozíciu ako Griffithova pravá ruka.Toto je iba jedna kapitola príbehu z rozsiahlej manga ságy od autora menom Kentaro Miura. Veľmi temný fantasy príbeh láka stále nových fanúšikov, pretože dej nie je ani po vyše dvadsiatich rokoch od jeho uvedenia v roku 1990 stále uzavretý. V roku 1997 sa Berserk dočkal aj svojho 25 dielneho anime prevedenia, ktoré slávilo tiež veľký úspech. Po približne ďalších pätnástich rokoch sa dostávame opäť k anime, ktoré bude ale na rozdiel od svojho seriálového predchodcu rozdelené do niekoľkých dlhších filmov. Prvý z radu filmov, ktoré majú pokryť dej celej manga predlohy, bude uvedený v roku 2012. Nesie názov Berserk Golden Age Arc I: Egg of the Supreme Ruler a ako jeden z troch filmov nám zachytí časť príbehu „zlatého obdobia“. (Trip);04.02.2012 Warner Bros. JP;přátelství, zbraně, anime, intriky, sny, zrada, válka, monstra, král, středověk, bitva, démoni, princezna, čarodějnictví, žoldáci, osud, proroctví;Tošijuki Kubooka, Kóiči Hacumi;Aki Tojosaki, Nobujuki Kacube, Kazuki Jao, Takahiro Sakurai, Júiči Nakamura, Minako Kotobuki, Kento Fudžinuma, Kenta Mijake, Hiroaki Iwanaga, Hóčú Ócuka;https://apps.apple.com/cz/app/id6755365206<br>https://play.google.com/store/apps/details?id=cz.csfd.csfdroid<br>;;;Kentaró Miura
236957;Duna;2021;81.9014046018473;155.0;https://image.pmgstatic.com/cache/resized/w420/files/images/film/posters/165/685/165685348_96b806.jpg;https://www.csfd.cz/film/236957-duna/;USA / Kanada;Sci-Fi / Akční / Dobrodružný / Drama;Duna;Kultovní sci-fi dílo vypráví o mocenských bojích uvnitř galaktického Impéria, v nichž jde o ovládnutí planety Arrakis: zdroje vzácného koření - melanže, jež poskytuje zvláštní psychické schopnosti, které umožňují cestování vesmírem. Padišáh imperátor svěří správu nad Arrakisem a s ní i komplikovanou těžbu neobyčejné látky vévodovi rodu Atreidů. Celá anabáze je ale součástí spiknutí, z něhož se podaří vyváznout jen vévodovu synovi Paulovi a jeho matce, kteří uprchnou do pouště. Jejich jedinou nadějí jsou nedůvěřiví domorodí obyvatelé fremeni, schopní trvale přežít ve vyprahlé pustině. Mohl by Paul Atreides být spasitelem, na kterého tak dlouho čekají? (Vertical Entertainment);Na VOD od 22.10.2021 HBO Max;podle knihy, muž, láska, rodina, smrt, násilí, tajemství, otec, matka, syn, útěk, chlapec, ženy, pomsta, politika, vojáci, lež, intriky, pronásledování, únos, zrada, souboje, mrtvola, doktoři, válka, armáda, žárlivost, monstra, těhotenství, víra, přepadení, chamtivost, vesmír, konspirace, šlechta, špioni, poušť, trénink, bitva, pláž, vesmírná loď, výbuch, loajalita, atentát, piloti, sabotáž, císař, proroctví, telepatie, drony, znaková řeč, space opera, chrám, konkubína, písečná bouře;Denis Villeneuve;Timothée Chalamet, Rebecca Ferguson, Oscar Isaac, Jason Momoa, Stellan Skarsgård, Stephen McKinley Henderson, Josh Brolin, Javier Bardem, Sharon Duncan-Brewster, Chen Chang;https://www.hbomax.com/cz/en/movies/dune/e7dc7b3a-a494-4ef1-8107-f4308aa6bbf7<br>https://srv.clickfuse.com/ads/adclkr.php?id=100006636&url=https://tv.apple.com/cz/movie/dune/umc.cmc.2l7qj9p33t3jww1roxi8cgiw5<br>https://www.iprima.cz/filmy/duna?utm_source=csfd&utm_medium=section_vod&utm_campaign=link_exchange<br>https://www.youtube.com/watch?v=S8TsSOhGHVA<br>https://www.hbomax.com/cz/en/movies/dune/e7dc7b3a-a494-4ef1-8107-f4308aa6bbf7<br>https://srv.clickfuse.com/ads/adclkr.php?id=100006636&url=https://tv.apple.com/cz/movie/dune/umc.cmc.2l7qj9p33t3jww1roxi8cgiw5<br>https://www.iprima.cz/filmy/duna?utm_source=csfd&utm_medium=section_vod&utm_campaign=link_exchange<br>https://www.youtube.com/watch?v=S8TsSOhGHVA<br>https://www.csfd.cz/vod/hbo-max/<br>https://apps.apple.com/cz/app/id6755365206<br>https://play.google.com/store/apps/details?id=cz.csfd.csfdroid<br>;Academy Awards (4x)<br>British Academy of Film and Television Arts (BAFTA) (6x)<br>Robert Awards (Danish Film Awards) (1x)<br>Amanda Awards (1x)<br>AACTA International Awards (1x)<br>Golden Globes (2x)<br>Critics Choice Awards (7x)<br>Florida Film Critics Circle Awards (1x)<br>Los Angeles Film Critics Association Awards (1x)<br>The Saturn Awards (5x)<br>;Academy Awards (6x)<br>British Academy of Film and Television Arts (BAFTA) (5x)<br>AACTA International Awards (1x)<br>Golden Globes (1x)<br>Critics Choice Awards (3x)<br>Florida Film Critics Circle Awards (2x)<br>The Saturn Awards (1x)<br>;Frank Herbert
1130702;Guy Ritchie: Pouto;2023;81.93477170095333;123.0;https://image.pmgstatic.com/cache/resized/w420/files/images/film/posters/167/136/167136439_p63l00.jpg;https://www.csfd.cz/film/1130702-guy-ritchie-pouto/;Velká Británie / Španělsko;Akční / Drama / Thriller / Válečný;The Covenant;V březnu 2018 v Afghánistánu americký seržant John Kinley najme afghánského tlumočníka Ahmeda pro mise, zaměřené na likvidaci továren na výbušniny Talibanu. Během jedné operace je jednotka přepadena a John těžce zraněn. Ahmed riskuje vlastní život a zachrání Johna tím, že ho táhne desítky kilometrů nepřátelským územím do bezpečí. John je evakuován zpět do USA, kde se po třech týdnech nejistoty shledává s rodinou. Zjistí, že Ahmed nebyl přijat do programu speciálních imigračních víz a je s rodinou ve smrtelném nebezpečí. Taliban ho považuje za zrádce. John se rozhodne vrátit do Afghánistánu a osobně zachránit Ahmeda a jeho rodinu. Organizuje soukromou záchrannou misi, najímá si pomocníky a připravuje plán akce. Vrací se do válečné zóny po Ahmedovi pátrá. Mise je extrémně nebezpečná, protože oblast je plná talibanských bojovníků a John jedná mimo oficiální vojenské kanály. Po intenzívním pátrání se Johnovi podaří Ahmeda a jeho rodinu najít... (TV Nova);;muž, smrt, přátelství, přátelé, násilí, strach, manželé, město, útěk, zbraně, oběť (autonehody/zločinu), cestování, vzpomínky, vojáci, pronásledování, putování, kolegové, boj o přežití, trauma, dilema, armáda, naděje, zranění, manželství, přestřelka, teroristé, dluhy, těžký úraz, Arabové, vrtulník, terorismus, slib, válka v Afghánistánu, Afghánistán, přehrada (hráz), Tálibán;Guy Ritchie;Jake Gyllenhaal, Dar Salim, Alexander Ludwig, Emily Beecham, Antony Starr, Bobby Schofield, Jonny Lee Miller, Sean Sagar, Jason Wong, James Nelson-Joyce;https://www.hbomax.com/cz/en/movies/guy-ritchies-the-covenant/d830af77-c98d-43a3-b309-1fa8b8a1bd35<br>https://www.iprima.cz/filmy/guy-ritchie-pouto?utm_source=csfd&utm_medium=section_vod&utm_campaign=link_exchange<br>https://sledovanitv.cz/epg/event/HBO:2025121784b516d92a055c3bdf1e8b38254a291f<br>https://www.hbomax.com/cz/en/movies/guy-ritchies-the-covenant/d830af77-c98d-43a3-b309-1fa8b8a1bd35<br>https://www.iprima.cz/filmy/guy-ritchie-pouto?utm_source=csfd&utm_medium=section_vod&utm_campaign=link_exchange<br>https://sledovanitv.cz/epg/event/HBO:2025121784b516d92a055c3bdf1e8b38254a291f<br>https://apps.apple.com/cz/app/id6755365206<br>https://play.google.com/store/apps/details?id=cz.csfd.csfdroid<br>;;The Saturn Awards (1x)<br>;
109157;36. komnata Shaolinu;1978;82.00636346621748;115.0;https://image.pmgstatic.com/cache/resized/w420/files/images/film/posters/000/033/33557_56e741.jpg;https://www.csfd.cz/film/109157-36-komnata-shaolinu/;Hongkong;Akční / Historický / Dobrodružný / Drama;36 komnat Šaolinu;V 15. století ovládali velkou část Číny Mandžuové. Čínský národ byl krvavě potlačován. Student Liu Ju Té je přesvědčen, že národ má šanci se ubránit jedině když bude ovládat bojovou techniku sha-olinských mnichů. Po dobrodružném útěku z Kantonu se dostává do odlehlého kláštera. Je přijat do řádu a po počátečních těžkostech projde všemi 35 komorami různých stadií techniku kung fu. Jako mistr všech bojových technik se Liu vrací do Kantonu a dává se do boje s nenáviděnými Mandžuy. V divokém souboji pokoří jejich vůdce Tien Taa a zakládá 36. komoru, která má národ vést k odboji… (Intersonic);Na DVD od 18.02.2005 Intersonic;pomsta, souboje, učitel, bojová umění, trénink, kung-fu, výcvik, Buddhismus;Chia-Liang Liu;Gordon Liu, Norman Chu, John Cheung, Billy Chan, Peter Lung Chan, Ho Hsiao, Yu Wong, Simon Siu-Tin Yuen, Lo Lieh, Sin San;https://srv.clickfuse.com/ads/adclkr.php?id=100006636&url=https://tv.apple.com/cz/movie/the-36th-chamber-of-shaolin/umc.cmc.4nwbnrkr5n3x3brff18l7ehja<br>https://srv.clickfuse.com/ads/adclkr.php?id=100006636&url=https://tv.apple.com/cz/movie/the-36th-chamber-of-shaolin/umc.cmc.4nwbnrkr5n3x3brff18l7ehja<br>https://apps.apple.com/cz/app/id6755365206<br>https://play.google.com/store/apps/details?id=cz.csfd.csfdroid<br>;The Saturn Awards (1x)<br>;;
148650;Vlk samotář a mládě 2: Řeka smrti;1972;83.2512315270936;81.0;https://image.pmgstatic.com/cache/resized/w420/files/images/film/posters/000/038/38833_6a831e.jpg;https://www.csfd.cz/film/148650-vlk-samotar-a-mlade-2-reka-smrti/;Japonsko;Akční / Dobrodružný / Drama;Kozure Ôkami: Sanzu no kawa no ubaguruma;Vlk samotář a mládě. Legendární série podle komiksu Kazua Koikeho, autora předlohy filmu Lady Snowblood.;22.04.1972 Toho Company;násilí, otec, syn, pomsta, zrada, souboje, podle komiksu, bojová umění, hrdina, samurajové, nindžové;Kendži Misumi;Tomisaburó Wakajama, Kajo Macuo, Akidži Kobajaši, Minoru Óki, Ičiró Jamamoto;https://apps.apple.com/cz/app/id6755365206<br>https://play.google.com/store/apps/details?id=cz.csfd.csfdroid<br>;;;
9303;Total Recall;1990;81.83427282976325;113.0;https://image.pmgstatic.com/cache/resized/w420/files/images/film/posters/170/277/170277317_kjg3yu.jpg;https://www.csfd.cz/film/9303-total-recall/;USA;Akční / Sci-Fi / Thriller;Total Recall;"Hlavním hrdinou příběhu, odehrávajícího se v roce 2084, je stavební dělník Douglas Quaid, kterého sužují děsivé noční můry, týkající se Marsu. Rozhodne se proto navštívit neobvyklou cestovní kancelář Total Recall, která nabízí dovolenou formou implantovaných vzpomínek. Quaid si vybere dovolenou na Marsu v podobě tajného agenta. Při implantaci vyjde najevo, že Quaid už jedny implantované vzpomínky má. Vzápětí se ho pokusí zavraždit dva lidé, které považoval za své blízké. Nejprve přítel a vzápětí i jeho manželka Lori. Brzy poté se Quaid dovídá, že byl na Marsu zapleten do odboje proti tyranskému guvernérovi Cohaagenovi a proto se, pronásledován najatými zabijáky, na Mars vrátí, aby našel sám sebe a své vlastní vzpomínky. Okamžitě se ocitá ve víru nebezpečných událostí a stává se rozhodujícím prvkem na misce vah vleklé války mezi rebely a guvernérovou armádou... Americký snímek natočil v roce 1990 režisér Paul Verhoeven (RoboCop, Hvězdná pěchota, Základní instinkt). Autoři scénáře, Ron Shusett a Dan O'Bannon (proslavili se jako scénáristé Vetřelce), se nechali při vzniku příběhu inspirovat povídkou Philipa K. Dicka ""We Can Remember It for You Wholesale"". Film získal Oscara za speciální efekty a je dnes považován za žánrovou klasiku devadesátých let 20. století.";01.06.1990 TriStar Pictures;podle knihy, muž, žena, smrt, vražda, násilí, tajemství, strach, manželé, záhady, útěk, zbraně, vyšetřování, vrah, ženy, oběť (autonehody/zločinu), pátrání, cestování, vzpomínky, pomsta, politika, manipulace, lež, intriky, pronásledování, putování, sny, zrada, boj o přežití, souboje, podvod, mrtvola, dilema, naděje, zabijáci, umírání, zranění, agenti, rvačka, střelné zbraně, manželství, krutost, paranoia, panika, přepadení, politik, vesmír, přestřelka, chladnokrevnost, střelba, konspirace, budoucnost, diktatura, odboj, odplata, spiknutí, svoboda, pokus o vraždu, antiutopie, změna identity, amnézie, technologie, mutanti, samopal, vzpoura, puška, vzpoura systému, destrukce, ničení, diktátor, noční můry, brokovnice, tajný agent, kyberpunk, mutace, Mars, planety, guvernér, bojovníci za svobodu;Paul Verhoeven;Arnold Schwarzenegger, Rachel Ticotin, Sharon Stone, Ronny Cox, Michael Ironside, Marshall Bell, Mel Johnson Jr., Ray Baker, Michael Champion, Rosemary Dunsmore;https://apps.apple.com/cz/app/id6755365206<br>https://play.google.com/store/apps/details?id=cz.csfd.csfdroid<br>;Academy Awards (2x)<br>British Academy of Film and Television Arts (BAFTA) (1x)<br>The Saturn Awards (7x)<br>;Academy Awards (1x)<br>The Saturn Awards (2x)<br>;Philip K. Dick
8412;X-Men;2000;81.8075603830213;104.0;https://image.pmgstatic.com/cache/resized/w420/files/images/film/posters/161/168/161168258_e4974a.jpg;https://www.csfd.cz/film/8412-x-men/;USA;Akční / Dobrodružný / Sci-Fi / Thriller;X-Men;Nedaleká budoucnost. Po celé planetě se rodí děti s X-faktorem v genech, který jim dává zvláštní sílu - třeba ničivý laserový pohled nebo schopnost létat, či přesunovat předměty nebo ovládat počasí. Profesor X, Wolverine, Storm, Jean Grey, Rogue, Cyclops, Magneto, Toad, Mystique, Sabretooth jsou mutanti s mimořádnými schopnostmi. Ale pro lidi, kteří takovéto schopnosti nemají, je velice těžké mutanty akceptovat a neubránit se strachu. Nejcitelněji potřebu naučit mutanty, jak pracovat se svou zvláštní silou a mít nad ní kontrolu má profesor Charles Xavier - světově uznávaný telepat - mutant. Zřídí speciální školu a jeho záměrem je, aby se žáci chovali tak, aby se svět odnaučil strachu před nimi. Xavier přijímá dva nové žáky. Je to Logan - osamělý silák a Rogue, která může přijmout jakoukoliv sílu i paměť ze všeho, čeho se dotkne. Proti filosofii profesora Xaviera stojí senátor Kelly, který by mutanty nejradši zlikvidoval... Akční sci-fi film podle veleúspěšného comicsového příběhu o tom, jak je těžké najít hranici tolerance v soužití a pochopení svých zvláštností.;14.07.2000 20th Century Fox;muž, žena, smrt, přátelství, přátelé, násilí, dívka, tajemství, město, záhady, touha, ženy, oběť (autonehody/zločinu), škola, manipulace, intriky, sny, rivalita, zločin, boj o přežití, souboje, kamarádi, učitel, studenti, bolest, kriminalita, smutek, nenávist, dilema, podle komiksu, umírání, New York, zranění, rvačka, zoufalství, krutost, chladnokrevnost, superhrdina, bar, pochyby, hrdina, hospoda, oběť (někomu/něčemu), učitelka, spolužáci, Marvel Comics, mutanti, destrukce, ničení, invalidní vozík, profesor, školní třída, nesmrtelnost, mutace, ochrnutí, telepatie, Wolverine, X-Men, Professor X, Cyclops (Marvel Comics), Magneto, Storm, Socha Svobody, Jean Grey, Beast (Marvel Comics), Iceman, Mystique, Rogue, Toad, Sabretooth;Bryan Singer;Hugh Jackman, Patrick Stewart, Ian McKellen, Famke Janssen, James Marsden, Halle Berry, Anna Paquin, Ray Park, Rebecca Romijn, Bruce Davison;https://srv.tunefindforfans.com/showads/track/srvclk.php?aid=100006796&lp=https://www.disneyplus.com/en-cz/browse/entity-e9f59c82-de76-4a18-a849-192532ff9b2d<br>https://srv.clickfuse.com/ads/adclkr.php?id=100006636&url=https://tv.apple.com/cz/movie/x-men/umc.cmc.21mkhzmjkbq1jt1k83h1z98q1<br>https://srv.tunefindforfans.com/showads/track/srvclk.php?aid=100006796&lp=https://www.disneyplus.com/en-cz/browse/entity-e9f59c82-de76-4a18-a849-192532ff9b2d<br>https://srv.clickfuse.com/ads/adclkr.php?id=100006636&url=https://tv.apple.com/cz/movie/x-men/umc.cmc.21mkhzmjkbq1jt1k83h1z98q1<br>https://apps.apple.com/cz/app/id6755365206<br>https://play.google.com/store/apps/details?id=cz.csfd.csfdroid<br>;The Saturn Awards (5x)<br>;The Saturn Awards (6x)<br>;
101403;Darth Maul: Apprentice;2016;82.99300699300699;18.0;https://image.pmgstatic.com/cache/resized/w420/files/images/film/posters/160/580/160580199_93304f.jpg;https://www.csfd.cz/film/101403-darth-maul-apprentice/;Německo;Krátkometrážní / Fantasy / Akční / Sci-Fi;;Skupina Jediů je vylákána nouzovým signálem na odlehlou planetu, kde, jak se ukáže, musí čelit dosud neznámému sithskému lordu. Darth Maul podstupuje svoji závěrečnou zkoušku připravenou Darth Sidiousem, ve které musí prokázat nejen znalost Síly a dovednost v používání světelného meče, ale i demonstrovat, zda v sobě ještě najde špetku soucitu či slitování. (Tony-Z);;zbraně, lež, zrada, souboje, les, Star Wars;Shawn Bu;Mathis Landwehr, Ben Schamma, Svenja Jung, Eskindir Tesfay;https://apps.apple.com/cz/app/id6755365206<br>https://play.google.com/store/apps/details?id=cz.csfd.csfdroid<br>;;;
141108;Vlk samotář a mládě 3: Proti vichru smrti;1972;83.38983050847457;89.0;https://image.pmgstatic.com/cache/resized/w420/files/images/film/posters/000/038/38211_c545fc.jpg;https://www.csfd.cz/film/141108-vlk-samotar-a-mlade-3-proti-vichru-smrti/;Japonsko;Akční / Drama;Kozure Ôkami: Shinikazeni mukau ubaguruma;"Legendární série podle komiksu Kazua Kaikeho. Třetí pokračování příhod vlka s mládětem omezuje v rovině hrdinových protivníků komiksovou obskurnost na minimum a naopak nechává Ogamiho v duelech s mistrovským šermířem zasmušile rozjímat o ""cestě samuraje"".";02.09.1972 Toho Company;pomsta, putování, podle komiksu, yakuza, samurajové;Kendži Misumi;Tomisaburó Wakajama, Isao Jamagata, Reiko Kasahara, Júko Hama, Saburó Date, Džun Hamamura, Masaru Šiga;https://apps.apple.com/cz/app/id6755365206<br>https://play.google.com/store/apps/details?id=cz.csfd.csfdroid<br>;;;
346603;Velká šestka;2014;81.79767571508212;108.0;https://image.pmgstatic.com/cache/resized/w420/files/images/film/posters/159/369/159369244_9e45b8.jpg;https://www.csfd.cz/film/346603-velka-sestka/;USA;Animovaný / Akční / Komedie / Rodinný;Big Hero 6;Velká šestka je emocemi nabité komediální dobrodružství o malém geniálním konstruktérovi robotů jménem Hiro Hamada, který se naučí využívat svůj talent. Pomůže mu v tom jeho neméně nadaný bratr Tadashi a jejich kamarádi: dívka Go Go Tamago, vyhledávající adrenalinové zážitky, čistotou posedlý Wasabi No-Ginger, sličná chemička Honey Lemon a jejich fanda Fred. Když se parta kvůli katastrofální souhře náhod ocitne uprostřed nebezpečné hry, kterou kdosi rozehrál v ulicích San Fransokya, Hiro se obrátí na svého nejbližšího kamaráda – robota jménem Baymax - a přetvoří svou partu přátel na high-tech hrdiny odhodlané vyřešit vzniklou záhadu. (Falcon);07.11.2014 Walt Disney US;přátelé, dívka, chlapec, dospívání, podle komiksu, superhrdina, zlo, roboti, Marvel Comics, vynálezce, nanotechnologie;Don Hall, Chris Williams;Ryan Potter, Jamie Chung, T.J. Miller, Maya Rudolph, Genesis Rodriguez, Alan Tudyk, James Cromwell, Damon Wayans Jr., Katie Lowes, Daniel Henney;https://srv.tunefindforfans.com/showads/track/srvclk.php?aid=100006796&lp=https://www.disneyplus.com/en-cz/browse/entity-c29f81d8-8c51-4fe7-bb0c-13f099ad3e90<br>https://srv.clickfuse.com/ads/adclkr.php?id=100006636&url=https://tv.apple.com/cz/movie/big-hero-6/umc.cmc.3x3ioa5prp4cjp9nnccadzdrx<br>https://www.youtube.com/watch?v=CrSNuZlHgZk<br>https://srv.tunefindforfans.com/showads/track/srvclk.php?aid=100006796&lp=https://www.disneyplus.com/en-cz/browse/entity-c29f81d8-8c51-4fe7-bb0c-13f099ad3e90<br>https://srv.clickfuse.com/ads/adclkr.php?id=100006636&url=https://tv.apple.com/cz/movie/big-hero-6/umc.cmc.3x3ioa5prp4cjp9nnccadzdrx<br>https://www.youtube.com/watch?v=CrSNuZlHgZk<br>http://movies.disney.com/big-hero-6/<br>https://apps.apple.com/cz/app/id6755365206<br>https://play.google.com/store/apps/details?id=cz.csfd.csfdroid<br>;British Academy of Film and Television Arts (BAFTA) (1x)<br>Golden Globes (1x)<br>Critics Choice Awards (1x)<br>The Saturn Awards (1x)<br>;Academy Awards (1x)<br>;
928;Policajt v Beverly Hills;1984;81.78180848226194;105.0;https://image.pmgstatic.com/cache/resized/w420/files/images/film/posters/160/740/160740860_7cb3c0.jpg;https://www.csfd.cz/film/928-policajt-v-beverly-hills/;USA;Akční / Komedie / Krimi;Beverly Hills Cop;"Černošský detektiv Axel Foley představuje pro svého šéfa skutečnou ""noční můru"", protože každou akci řeší po svém, a přitom často bez ostychu překračuje zavedené předpisy. Když se čirou náhodu stane svědkem vraždy svého přítele Mikea, zabrání mu policejní šéf Todd vměšovat se do řešení případu. V tu chvíli se Axel vydává na vlastní triko z Detroitu do Beverly Hills hledat pachatele...";05.12.1984 Paramount Pictures;muž, smrt, přátelství, přátelé, vražda, násilí, policie, město, zbraně, vyšetřování, vrah, oběť (autonehody/zločinu), pátrání, cestování, pomsta, putování, rivalita, drogy, zločin, kolegové, boj o přežití, kamarádi, mrtvola, detektiv, kriminalita, nenávist, zabijáci, umírání, střelné zbraně, nebezpečí, výslech, přestřelka, střelba, výlet, sledování, svědek, odplata, svědectví, dovolená, policejní stanice, spravedlnost, pašování, Kalifornie, Los Angeles, drogový dealer, zatčení, naschvály, kriminální policie, policejní kapitán(ka), Detroit, Michigan;Martin Brest;Eddie Murphy, Judge Reinhold, John Ashton, Lisa Eilbacher, Ronny Cox, Steven Berkoff, James Russo, Jonathan Banks, Stephen Elliott, Gilbert R. Hill;https://www.netflix.com/title/60010139<br>https://srv.clickfuse.com/ads/adclkr.php?id=100006636&url=https://tv.apple.com/cz/movie/beverly-hills-cop/umc.cmc.3o222zbl1vh6cgj0vqbzjte04<br>https://www.youtube.com/watch?v=mVIfu7cCM9c<br>https://www.netflix.com/title/60010139<br>https://srv.clickfuse.com/ads/adclkr.php?id=100006636&url=https://tv.apple.com/cz/movie/beverly-hills-cop/umc.cmc.3o222zbl1vh6cgj0vqbzjte04<br>https://www.youtube.com/watch?v=mVIfu7cCM9c<br>https://apps.apple.com/cz/app/id6755365206<br>https://play.google.com/store/apps/details?id=cz.csfd.csfdroid<br>;Academy Awards (1x)<br>British Academy of Film and Television Arts (BAFTA) (1x)<br>Golden Globes (2x)<br>;;
342878;Kingsman: Tajná služba;2014;81.74491260660305;129.0;https://image.pmgstatic.com/cache/resized/w420/files/images/film/posters/159/528/159528715_16714f.jpg;https://www.csfd.cz/film/342878-kingsman-tajna-sluzba/;Velká Británie / USA;Akční / Dobrodružný / Komedie / Thriller;Kingsman: The Secret Service;"Tajní agenti organizace Kingsman nepotřebují mít na konci svých jmen žádné nuly. Tato špionážní služba je oproti jiným britským službám rozhodně nevládní a pochopitelně supertajná. Počet jejích agentů je pevně daný a za každého, který odešel (většinou nedobrovolně a bolestně), nastoupí pečlivě vycvičený a otestovaný nováček, kterého doporučí některý z agentů ve službě. Právě díky tomu se do výběrového systému dostávají hlavně synové významných rodin. Výjimkou z pravidla se stane až Gary „Eggsy"" Price (Taron Egerton), který je obyčejným klukem vybaveným vysokým IQ, nedokončeným výcvikem u mariňáků a oceněný krajskou cenou za gymnastiku. Nyní ale tráví většinu času na ulici, je nezaměstnaný a má nakročeno do kriminálu. V pravou chvíli mu nabídne novou životní šanci jeden z agentů Kingsman – superšpión Harry Hart (Colin Firth), který nejen vypadá, ale také se chová jako pravý anglický gentleman. Aspoň většinou. Někdy to prostě nelze. A protože se jedná nejen o vtipný, ale i napínavý film, potřebujeme pořádného hlavního padoucha. Je jím Richmond Valentine (Samuel L. Jackson), miliardář a bojovník za ekologii zbavený iluzí. Nesnáší pohled na krev a chystá se odrovnat opravdu velké množství obyvatel naší planety. Díky tomu ji chce zachránit a obětavě při tom nehledí na ztrátu žádného cizího života. Pomáhat mu s tím bude Gazelle (Sofia Boutella), inteligentní krasavice s amputovanýma nohama, místo kterých má smrtící běžecké čepele. Podaří se Harrymu a Eggsymu včas odhalit pravdu o Valentinově důmyslném ďábelském plánu a zastavit ho? (CinemArt)";29.01.2015 20th Century Fox UK;muž, rodina, smrt, přátelství, přátelé, vražda, násilí, dívka, matka, rodiče, mládež, město, syn, chlapec, zbraně, vrah, zvířata, cestování, pomsta, politika, manipulace, intriky, putování, rivalita, kolegové, únos, zrada, boj o přežití, souboje, psi, podle komiksu, agenti, rvačka, sníh, politik, vesmír, konspirace, šlechta, Londýn, špioni, sledování, princezna, spiknutí, kostel, Marvel Comics, výcvik, tajná organizace, profesor, jed, podzemí, odposlech, krejčí, parašutisté, výbuch hlavy;Matthew Vaughn;Colin Firth, Taron Egerton, Mark Strong, Samuel L. Jackson, Sofia Boutella, Sophie Cookson, Michael Caine, Mark Hamill, Jack Davenport, Edward Holcroft;https://www.hbomax.com/cz/en/movies/kingsman-the-secret-service/8b39bb4e-7015-4143-801c-3694e7003801<br>https://srv.tunefindforfans.com/showads/track/srvclk.php?aid=100006796&lp=https://www.disneyplus.com/en-cz/browse/entity-7f0e7b22-0253-4819-b4ba-5d423073d28d<br>https://srv.clickfuse.com/ads/adclkr.php?id=100006636&url=https://tv.apple.com/cz/movie/kingsman-the-secret-service/umc.cmc.3ctvl20191yla31fml4q8zkvp<br>https://www.youtube.com/watch?v=ncNLOZHrzpM<br>https://www.hbomax.com/cz/en/movies/kingsman-the-secret-service/8b39bb4e-7015-4143-801c-3694e7003801<br>https://srv.tunefindforfans.com/showads/track/srvclk.php?aid=100006796&lp=https://www.disneyplus.com/en-cz/browse/entity-7f0e7b22-0253-4819-b4ba-5d423073d28d<br>https://srv.clickfuse.com/ads/adclkr.php?id=100006636&url=https://tv.apple.com/cz/movie/kingsman-the-secret-service/umc.cmc.3ctvl20191yla31fml4q8zkvp<br>https://www.youtube.com/watch?v=ncNLOZHrzpM<br>https://apps.apple.com/cz/app/id6755365206<br>https://play.google.com/store/apps/details?id=cz.csfd.csfdroid<br>;The Saturn Awards (5x)<br>;;Mark Millar, Dave Gibbons
321928;The Punisher: Dirty Laundry;2012;81.87703435804701;10.0;https://image.pmgstatic.com/cache/resized/w420/files/images/film/posters/159/189/159189083_503711.jpg;https://www.csfd.cz/film/321928-the-punisher-dirty-laundry/;USA;Krátkometrážní / Akční / Thriller / Drama;;Punisher (Thomas Jane) si ten den chtěl jenom vyprat prádlo. Potom co viděl gangstery jak ohrožují prostitutky a nasledně i chlapce, řekl si, že to tak nemůže nechat být a musí je potrestat. (Folky);;gangsteři, podle komiksu, Marvel Comics, Punisher;Phil Joanou;Thomas Jane, Ron Perlman, Sammi Rotibi, Shannon Collis, Stephanie Matson, Brandee Steger;https://apps.apple.com/cz/app/id6755365206<br>https://play.google.com/store/apps/details?id=cz.csfd.csfdroid<br>;;;Gerry Conway, Ross Andru
39648;Master & Commander: Odvrácená strana světa;2003;81.74235664302823;138.0;https://image.pmgstatic.com/cache/resized/w420/files/images/film/posters/162/468/162468129_da63d7.jpg;https://www.csfd.cz/film/39648-master-commander-odvracena-strana-sveta/;USA;Válečný / Historický / Dobrodružný / Akční / Drama;Master and Commander: The Far Side of the World;Námořní kapitán Jack Aubrey se stává poprvé velitelem lodi, která míří do oceánu, přímo do jedné z námořních bitev proti Napoleonovým lodím. Je to brilantní taktik, statečný bojovník, který je oceňován i za přímý boj muže proti muži. Je také milovník kultivované a vtipné konverzace, je muzikální a hraje na housle. Kapitánovým protějškem je jeho přítel Stephen (Paul Bettany), lékař a vynikající britský špión. Na pozadí napoleonských válek je rozehráno vzrušující dobrodružství... Režisér Peter Weir (např. Truman Show, Zelená karta) natočil velkofilm Master & Commander: Odvrácená strana světa s hvězdným obsazením v čele s oscarovým Russellem Crowem (např. Čistá duše, Gladiátor). Ten tu předvede zase jednu ze svých dokonalých proměn, které k věrohodnosti postavy patří. Bude blonďatý a dokonce k roli studoval hru na housle. Film byl natočen v Mexiku s náročným technickým vybavením včetně gigantického vodního tanku, který byl použit při natáčení slavného Cameronova Titanicu. Hlavní roli vedle Russella Crowea tak hraje i atraktivní loď H.M.S. Surprise, která je konstruována podle americké stěžňové lodi Rose, repliky fregaty královského loďstva z poloviny 18. století. Tento velkofilm přivádí na stříbrné plátno akční podívanou, námořní dobrodružství a velké herecké příležitosti. Film byl natočen volně podle románů Patricka O'Briana (celkem 18 dílů) , které postupně vydává nakladatelství Talpress.;14.11.2003 20th Century Fox;podle knihy, vojáci, lodě, bitva, námořnictvo, napoleonské války, námořní pěchota;Peter Weir;Russell Crowe, Paul Bettany, Billy Boyd, James D'Arcy, Edward Woodall, Chris Larkin, Max Pirkis, Jack Randall, Max Benitz, Lee Ingleby;https://www.hbomax.com/cz/en/movies/master-and-commander-the-far-side-of-the-world/0775bec6-83b9-4950-adbd-95ba8370a9d3<br>https://srv.clickfuse.com/ads/adclkr.php?id=100006636&url=https://tv.apple.com/cz/movie/master-and-commander-the-far-side-of-the-world/umc.cmc.2nmvx85jvka8bkq435m65obfz<br>https://www.youtube.com/watch?v=DG2739vQJsc<br>https://www.hbomax.com/cz/en/movies/master-and-commander-the-far-side-of-the-world/0775bec6-83b9-4950-adbd-95ba8370a9d3<br>https://srv.clickfuse.com/ads/adclkr.php?id=100006636&url=https://tv.apple.com/cz/movie/master-and-commander-the-far-side-of-the-world/umc.cmc.2nmvx85jvka8bkq435m65obfz<br>https://www.youtube.com/watch?v=DG2739vQJsc<br>https://apps.apple.com/cz/app/id6755365206<br>https://play.google.com/store/apps/details?id=cz.csfd.csfdroid<br>;Academy Awards (8x)<br>British Academy of Film and Television Arts (BAFTA) (4x)<br>Golden Globes (3x)<br>Critics Choice Awards (3x)<br>Los Angeles Film Critics Association Awards (1x)<br>;Academy Awards (2x)<br>British Academy of Film and Television Arts (BAFTA) (4x)<br>Critics Choice Awards (1x)<br>;Patrick O'Brian
273268;Progression;2009;86.9090909090909;85.0;https://image.pmgstatic.com/cache/resized/w420/files/images/film/posters/000/325/325859_afc4c3.jpg;https://www.csfd.cz/film/273268-progression/;Belgie / Slovinsko / Jihoafrická republika / Velká Británie;Dokumentární / Akční / Dobrodružný / Sportovní;;Představujeme horolezce celého světa, meze jejich těla i mysli, okamžiky slávy a boj o přežití. Představujeme Chris Sharma, Tommy Caldwell, Daniel Woods, Adam Ondra, Kevin Jorgeson, Patxi Usobiaga, Johanna Ernst, Alex Honnold, Paul Robinson, Matt Segal a další.;;hory, horolezci, bouldering;Josh Lowell;Chris Sharma, Adam Ondra, Patxi Usobiaga, Alex Honnold, Daniel Woods, Tommy Caldwell, Kevin Jorgeson, Matt Segal;https://apps.apple.com/cz/app/id6755365206<br>https://play.google.com/store/apps/details?id=cz.csfd.csfdroid<br>;;;
9859;Hard Boiled;1992;81.85433636799233;128.0;https://image.pmgstatic.com/cache/resized/w420/files/images/film/posters/162/359/162359089_cbfa3e.jpg;https://www.csfd.cz/film/9859-hard-boiled/;Hongkong;Akční / Drama / Krimi / Thriller;Uvařen natvrdo(neoficiální název);Hongkongské obyvatelstvo je terorizováno nebezpečnými gangstery a brutálními triádami. Policejní inspektor Yuen (Chow Yun-Fat) přísahá, že prohnilé podsvětí vyčistí. Na pomoc mu přichází tajný policista Tony (Tony Leung). Oba muži, oddaní stejnému poslání ale každý zvyklý hrát jinak, spojí své síly, aby se pokusili vyhrát boj proti nenáviděnému nepříteli. (Magic Box);Na DVD od 20.06.2005 Magic Box;smrt, přátelství, přátelé, vražda, 20. století, násilí, tajemství, děti, policie, mládež, město, záhady, zbraně, vyšetřování, vrah, zvířata, oběť (autonehody/zločinu), pátrání, pomsta, pronásledování, kolegové, boj o přežití, krev, doktoři, gangsteři, mafie, gang, nemocnice, podsvětí (svět zločinu), ostrov, zabijáci, rvačka, přestřelka, období 1970-1980, výbuch, Čína, zdravotní sestra, inspektor, nemluvně, Hongkong, triády, holubi;John Woo;Yun-fat Chow, Tony Leung Chiu-wai, Anthony Wong, Phillip Kwok, Stephen Tung, John Woo, Pai Wei, Džun Kunimura, Philip Chan, Teresa Mo;https://apps.apple.com/cz/app/id6755365206<br>https://play.google.com/store/apps/details?id=cz.csfd.csfdroid<br>;Hong Kong Film Awards (1x)<br>;Hong Kong Film Awards (1x)<br>;
18770;Tucet špinavců;1967;81.69345652449057;145.0;https://image.pmgstatic.com/cache/resized/w420/files/images/film/posters/162/344/162344830_1a59e1.jpg;https://www.csfd.cz/film/18770-tucet-spinavcu/;Velká Británie / USA;Akční / Válečný / Drama;Všivý tucet;Ostřílený major americké armády musí připravit násilnickou skupinu zločinců k uskutečnění toho nejpodivnějšího a nejobtížnějšího bojového úkolu vůbec... sebevražedné mise. Úkolem skupiny je proniknout do střeženého zámku v okupované Francii, kam nejvyšší německé šarže přicházejí za zábavou a odpočinkem. Dostat se dovnitř objektu nebude snadné. Avšak nic nebude tak těžké jako prokázat armádě své země, že jsou hodni výzvy, kterou jim adresovala.;15.06.1967 Metro-Goldwyn-Mayer (MGM);podle knihy, muž, smrt, přátelství, přátelé, 20. století, násilí, zbraně, období 1940-1950, 2. světová válka, vojáci, vězení, armáda, nacisté, nacismus, výbuch, výcvik, speciální jednotky, pevnost;Robert Aldrich;Lee Marvin, Ernest Borgnine, Charles Bronson, Jim Brown, John Cassavetes, Richard Jaeckel, George Kennedy, Trini López, Ralph Meeker, Robert Ryan;https://srv.clickfuse.com/ads/adclkr.php?id=100006636&url=https://tv.apple.com/cz/movie/the-dirty-dozen/umc.cmc.xds2u94oae3czvoddom9k3wf<br>https://www.youtube.com/watch?v=lRiprq6_NOo<br>https://srv.clickfuse.com/ads/adclkr.php?id=100006636&url=https://tv.apple.com/cz/movie/the-dirty-dozen/umc.cmc.xds2u94oae3czvoddom9k3wf<br>https://www.youtube.com/watch?v=lRiprq6_NOo<br>https://apps.apple.com/cz/app/id6755365206<br>https://play.google.com/store/apps/details?id=cz.csfd.csfdroid<br>;Academy Awards (3x)<br>Golden Globes (1x)<br>;;E. M. Nathanson
374525;Thor: Ragnarok;2017;81.60653945537666;130.0;https://image.pmgstatic.com/cache/resized/w420/files/images/film/posters/162/072/162072169_579988.jpg;https://www.csfd.cz/film/374525-thor-ragnarok/;USA / Austrálie;Akční / Dobrodružný / Fantasy / Sci-Fi / Komedie;Thor: Ragnarok;Thor je uvězněn na opačném konci vesmíru bez svého mocného kladiva a je nucen pustit se do závodu s časem, aby se vrátil včas do Asgardu a zastavil Ragnarok - zkázu svého domova a konec asgardské civilizace - který se snaží rozpoutat mocný nový nepřítel, nemilosrdná Hela. Předtím ale musí přežít smrtící gladiátorskou soutěž, v níž se ocitá tváří v tvář svému bývalému spojenci z řad Avengers - neuvěřitelnému Hulkovi. (Falcon);03.11.2017 Walt Disney US;smrt, otec, pomsta, souboje, bratři, podle komiksu, vesmír, superhrdina, zlo, bitva, vesmírná loď, Marvel Comics, 3D, bohové, Marvel Cinematic Universe (MCU), gladiátoři, Hulk, Thor (Marvel Comics), Loki (Marvel Comics), Avengers, Valkyrie (Marvel Comics);Taika Waititi;Chris Hemsworth, Tom Hiddleston, Mark Ruffalo, Cate Blanchett, Tessa Thompson, Idris Elba, Jeff Goldblum, Anthony Hopkins, Karl Urban, Zachary Levi;https://srv.clickfuse.com/ads/adclkr.php?id=100006636&url=https://tv.apple.com/cz/movie/thor-ragnarok/umc.cmc.5f4fq6k3njmustywcg5jld7im<br>https://srv.clickfuse.com/ads/adclkr.php?id=100006636&url=https://tv.apple.com/cz/movie/thor-ragnarok/umc.cmc.5f4fq6k3njmustywcg5jld7im<br>https://apps.apple.com/cz/app/id6755365206<br>https://play.google.com/store/apps/details?id=cz.csfd.csfdroid<br>;Critics Choice Awards (3x)<br>The Saturn Awards (2x)<br>;;Stan Lee, Larry Lieber, Jack Kirby
234460;Skyfall;2012;81.57645160655609;143.0;https://image.pmgstatic.com/cache/resized/w420/files/images/film/posters/166/006/166006562_f636d2.jpg;https://www.csfd.cz/film/234460-james-bond-skyfall/;Velká Británie / USA;Akční / Dobrodružný / Thriller;Skyfall;Daniel Craig je zpět jako Agent 007 v nové, v pořadí již 23-té bondovce s názvem Skyfall. Tentokrát bude Bondova loajalita vůči M (Judi Dench) vystavena nelehké zkoušce, když ji začne pronásledovat její vlastní minulost. 007 musí vystopovat a zneškodnit narůstající hrozbu, ať už ho to stojí cokoliv.;26.10.2012 Sony Pictures UK;smrt, vražda, policie, zbraně, vyšetřování, pomsta, souboje, ostrov, soud, agenti, vydírání, výslech, teroristé, vlak, Londýn, špioni, bomba, podzemí, kasino, hacker, metro, Istanbul, James Bond;Sam Mendes;Daniel Craig, Judi Dench, Ralph Fiennes, Javier Bardem, Naomie Harris, Bérénice Marlohe, Ben Whishaw, Helen McCrory, Albert Finney, Rory Kinnear;https://srv.clickfuse.com/ads/adclkr.php?id=100006636&url=https://tv.apple.com/cz/movie/skyfall/umc.cmc.1q3urmkb5n2c7hgwp4gcteg6l<br>https://www.youtube.com/watch?v=tffbY6zYKE4<br>https://srv.clickfuse.com/ads/adclkr.php?id=100006636&url=https://tv.apple.com/cz/movie/skyfall/umc.cmc.1q3urmkb5n2c7hgwp4gcteg6l<br>https://www.youtube.com/watch?v=tffbY6zYKE4<br>https://apps.apple.com/cz/app/id6755365206<br>https://play.google.com/store/apps/details?id=cz.csfd.csfdroid<br>;Academy Awards (3x)<br>British Academy of Film and Television Arts (BAFTA) (6x)<br>Critics Choice Awards (4x)<br>The Saturn Awards (6x)<br>;Academy Awards (2x)<br>British Academy of Film and Television Arts (BAFTA) (2x)<br>Golden Globes (1x)<br>Critics Choice Awards (3x)<br>Florida Film Critics Circle Awards (1x)<br>Los Angeles Film Critics Association Awards (1x)<br>The Saturn Awards (1x)<br>;
33453;Sudá a lichá;1978;81.5961750643619;109.0;https://image.pmgstatic.com/cache/resized/w420/files/images/film/posters/000/076/76735_i60r8w.jpg;https://www.csfd.cz/film/33453-suda-a-licha/;Itálie / USA;Komedie / Krimi / Akční;Pari e dispari;Jedna z nejproslulejších komedií dvojice Bud Spencer a Terence Hill. Tentokrát opět musí oba kumpáni spojit síly, aby společně zlikvidovali bandu, která chce zabránit loďstvu Spojených států ve vítězství v soutěži námořních sil. Pomocí různých sázek, her a soutěží se oba dostanou až do samotného hlavního stanu zločineckého gangu. Film je plný divokých honiček na souši i na moři, nekonečných rvaček a hráčských fint.;Na DVD od 01.04.2006 Levné knihy;muž, peníze, zločin, gangsteři, mafie, gang, podsvětí (svět zločinu), církev, duchovní, závody, automobilová honička, slepota, námořnictvo, sázka, jeptišky, kasino, buddy movie, Florida, dostihy, poker;Sergio Corbucci;Terence Hill, Bud Spencer, Sal Borgese, Riccardo Pizzuti, Giovanni Cianfriglia, Luciano Catenacci, Claudio Ruffini, Mimmo Poli, Woody Woodbury, Giancarlo Bastianoni;https://www.youtube.com/watch?v=z7461RbomyQ<br>https://www.youtube.com/watch?v=z7461RbomyQ<br>https://apps.apple.com/cz/app/id6755365206<br>https://play.google.com/store/apps/details?id=cz.csfd.csfdroid<br>;;;
410534;Ready Player One: Hra začíná;2018;81.49103263896625;140.0;https://image.pmgstatic.com/cache/resized/w420/files/images/film/posters/162/447/162447642_77e362.jpg;https://www.csfd.cz/film/410534-ready-player-one-hra-zacina/;USA / Indie;Akční / Sci-Fi / Dobrodružný;Ready Player One;Děj filmu legendárního režiséra Stevena Spielberga je zasazen do roku 2045, kdy se svět ocitá na pokraji chaosu a kolapsu. Lidé však nalezli spásu v OASIS, rozsáhlém světě virtuální reality, který vytvořil geniální a excentrický James Halliday (Mark Rylance). Když Halliday zemře, odkáže své nesmírné bohatství prvnímu člověku, který najde Velikonoční vajíčko ukryté někde v OASIS. Odstartuje tak zběsilý závod, který pohltí celý svět. Když se k závodu o nalezení Velikonočního vajíčka rozhodne přidat nenápadný mladý hrdina Wade Watts (Tye Sheridan), je vržen do šílené, realitě na hony vzdálené honby za pokladem ve fantaskním světě mystérií, nečekaných objevů a nebezpečí. (Vertical Entertainment);30.03.2018 Warner Bros. US;podle knihy, láska, přátelství, vražda, dívka, pronásledování, souboje, monstra, budoucnost, sirotek, roboti, korporace, závody, automobilová honička, vynálezce, videohry, virtuální realita;Steven Spielberg;Tye Sheridan, Olivia Cooke, Ben Mendelsohn, Lena Waithe, Mark Rylance, Simon Pegg, T.J. Miller, Philip Zhao, Win Morisaki, Hannah John-Kamen;https://srv.clickfuse.com/ads/adclkr.php?id=100006636&url=https://tv.apple.com/cz/movie/ready-player-one/umc.cmc.295lpojxtonf6dqc4za2i97lr<br>https://www.youtube.com/watch?v=Ix1i2IlMFeU<br>https://srv.clickfuse.com/ads/adclkr.php?id=100006636&url=https://tv.apple.com/cz/movie/ready-player-one/umc.cmc.295lpojxtonf6dqc4za2i97lr<br>https://www.youtube.com/watch?v=Ix1i2IlMFeU<br>https://apps.apple.com/cz/app/id6755365206<br>https://play.google.com/store/apps/details?id=cz.csfd.csfdroid<br>;Academy Awards (1x)<br>British Academy of Film and Television Arts (BAFTA) (1x)<br>Critics Choice Awards (2x)<br>Florida Film Critics Circle Awards (1x)<br>The Saturn Awards (3x)<br>;The Saturn Awards (1x)<br>;Ernest Cline
1119894;Suzume;2022;81.90060076460951;122.0;https://image.pmgstatic.com/cache/resized/w420/files/images/film/posters/167/640/167640449_lz5ycn.jpg;https://www.csfd.cz/film/1119894-suzume/;Japonsko;Animovaný / Akční / Dobrodružný / Fantasy;Suzume no todžimari;„Suzume“ je příběh o dospívání sedmnáctileté hlavní hrdinky jménem Suzume, odehrávající se na různých místech Japonska postižených přírodními katastrofami, kde musí tato dívka zavřít dveře, které tuto zkázu způsobují.Suzumina cesta začíná v poklidném městečku na ostrově Kjúšú (na jihozápadě Japonska), kdese setká s mladíkem, který jí řekne: „Hledám dveře.“ Suzume najde osamělé vybledlé dveře stojící vzpřímeně uprostřed trosek, jako by byly chráněny před katastrofou, k níž tam došlo. Suzume, již očividně přitahuje jejich síla, sáhne po klice… Dveře se v Japonsku začínají otevírat jedny po druhých a vrhají zkázu na všechny v jejich blízkosti. Suzume musí tyto portály zavřít, aby zabránila další katastrofě. (Falcon);11.11.2022 Toho Company;láska, anime, Japonsko;Makoto Šinkai;Hokuto Macumura, Nanoka Hara, Eri Fukacu, Hakuó Macumoto II, Šóta Sometani, Sairi Itó, Kotone Hanase, Kana Hanazawa, Rjúnosuke Kamiki, Aimi;https://www.netflix.com/title/81696498<br>https://www.netflix.com/title/81696498<br>https://apps.apple.com/cz/app/id6755365206<br>https://play.google.com/store/apps/details?id=cz.csfd.csfdroid<br>;Golden Globes (1x)<br>Florida Film Critics Circle Awards (1x)<br>The Saturn Awards (1x)<br>Berlinale (Berlin International Film Festival) (1x)<br>;;
38117;Hrdina;2002;81.47045198861757;93.0;https://image.pmgstatic.com/cache/resized/w420/files/images/film/posters/164/187/164187621_715ca0.jpg;https://www.csfd.cz/film/38117-hrdina/;Čína / Hongkong;Akční / Drama / Dobrodružný;Hrdina;Rozpočet historického válečného velkofilmu HERO několikrát překročil prostředky vložené do oscarového filmu TYGR A DRAK. Režisérem filmu je dvojnásobný laureát Zlatého Medvěda a ceny BAFTA, třikrát nominovaného na Zlatou Palmu Zhang Yimou. Hereckými hvězdami jsou Ziyi Zhang (která zazářila v již zmiňovaném filmu Tygr a drak) a Jet Li (Romeo musí zemřít). Děj se odehrává před 2000 lety za vlády dynastie Qin a vypráví příběh hrdinného válečníka a ochránce krále, před kterým stojí obrovský úkol - sjednotit Čínu a krále tak učinit Imperátorem. Producenti při natáčení spolupracovali s čínskou armádou a tak mohly vzniknout jedny z nejefektnějších scén dějin historického válečného filmu. Tvůrci zvedli laťku pořádně vysoko.;Na DVD od 24.11.2003 Hollywood Classic Entertainment (H.C.E.);muž, smrt, násilí, zbraně, oběť (autonehody/zločinu), pomsta, vojáci, souboje, tragédie, armáda, umírání, rvačka, sebevražda, nebezpečí, král, bojová umění, bitva, odboj, Asie, hrdina, odplata, legenda, oběť (někomu/něčemu), bodné zbraně, sečné zbraně, loajalita, moc, Čína, nůž, jezero, válečníci, odvaha, druhá šance, palác, luk a šíp, wuxia, meč;Yimou Zhang;Jet Li, Tony Leung Chiu-wai, Maggie Cheung, Ziyi Zhang, Daoming Chen, Donnie Yen, Yan Qin, Tielin Zhang;https://apps.apple.com/cz/app/id6755365206<br>https://play.google.com/store/apps/details?id=cz.csfd.csfdroid<br>;Academy Awards (1x)<br>British Independent Film Awards (BIFA) (1x)<br>Robert Awards (Danish Film Awards) (1x)<br>Hong Kong Film Awards (7x)<br>Golden Globes (1x)<br>Berlinale (Berlin International Film Festival) (1x)<br>;Hong Kong Film Awards (7x)<br>Florida Film Critics Circle Awards (1x)<br>New York Film Critics Circle Awards (1x)<br>Berlinale (Berlin International Film Festival) (1x)<br>;
762817;Jak jsem se stal gangsterem;2019;81.93548387096774;133.0;https://image.pmgstatic.com/cache/resized/w420/files/images/film/posters/164/085/164085541_c0215f.jpg;https://www.csfd.cz/film/762817-jak-jsem-se-stal-gangsterem/;Polsko;Akční / Krimi / Drama;Jak zostałem gangsterem. Historia prawdziwa;Ctižádostivý gangster si klestí cestu vzhůru varšavským podsvětím, až se nakonec pokusí dobýt nejvyšší metu. (Netflix);03.01.2020 Next Film;gangsteři;Maciej Kawulski;Marcin Kowalczyk, Tomasz Włosok, Natalia Szroeder, Natalia Siwiec, Jan Frycz, Adam Woronowicz, Adam Bobik, Piotr Rogucki, Janusz Chabior, Józef Pawłowski;https://www.netflix.com/title/81286570<br>https://www.netflix.com/<br>https://www.netflix.com/title/81286570<br>https://apps.apple.com/cz/app/id6755365206<br>https://play.google.com/store/apps/details?id=cz.csfd.csfdroid<br>;Polish Film Awards (1x)<br>;;
261379;Deadpool;2016;81.36716709045943;108.0;https://image.pmgstatic.com/cache/resized/w420/files/images/film/posters/160/413/160413205_d99b89.jpg;https://www.csfd.cz/film/261379-deadpool/;USA;Akční / Komedie / Dobrodružný / Sci-Fi / Romantický;Deadpool;Než se stal Deadpoolem, byl Wadem Wilsonem (Ryan Reynolds), bývalým členem speciálních jednotek. Když mu lékaři diagnostikovali pokročilé stadium rakoviny, podrobil se experimentální léčbě v rámci programu Weapon X, známého a populárního především mezi x-menovskými mutanty. Díky tomu se Wade zbavil rakoviny, a nejenže zůstal naživu, ale také jako bonus získal schopnost rychlého samouzdravování. Bohužel však – například oproti Wolverinovi, který po podobné léčbě zůstal celkem sexy – z tohoto pokusu vyšel trvale znetvořený. I proto celkem bez většího odporu přijal okostýmované alter ego jménem Deadpool. (CinemArt);12.02.2016 20th Century Fox;muž, láska, žena, smrt, přátelství, přátelé, vražda, násilí, dívka, tajemství, mládež, záhady, touha, zbraně, vrah, ženy, oběť (autonehody/zločinu), vzpomínky, pomsta, manipulace, intriky, pronásledování, rivalita, zločin, kolegové, únos, boj o přežití, souboje, vášeň, kamarádi, mrtvola, nemoc, kriminalita, nenávist, dilema, zabijáci, podle komiksu, umírání, zranění, rvačka, střelné zbraně, černý humor, zoufalství, krutost, nebezpečí, přestřelka, chladnokrevnost, střelba, superhrdina, bar, nájemný vrah, experiment, mučení, odplata, hospoda, nevyléčitelná nemoc, rakovina, bodné zbraně, pokus o vraždu, sečné zbraně, těžký úraz, automobilová honička, Marvel Comics, maska, řidič, mutanti, pokusy na lidech, destrukce, ničení, sázka, taxi, nesmrtelnost, silnice, pěší honička, nájemná vražda, sázky, superschopnost, X-Men, antihrdina, Deadpool;Tim Miller;Ryan Reynolds, Morena Baccarin, Ed Skrein, T.J. Miller, Karan Soni, Michael Benyaer, Stefan Kapičič, Brianna Hildebrand, Style Dayne, Kyle Cassie;https://srv.tunefindforfans.com/showads/track/srvclk.php?aid=100006796&lp=https://www.disneyplus.com/en-cz/browse/entity-17854bdb-0121-4327-80a0-699fdecd1aaa<br>https://srv.clickfuse.com/ads/adclkr.php?id=100006636&url=https://tv.apple.com/cz/movie/deadpool/umc.cmc.3wk2vn8v3eazsdy6bzelugfld<br>https://srv.tunefindforfans.com/showads/track/srvclk.php?aid=100006796&lp=https://www.disneyplus.com/en-cz/browse/entity-17854bdb-0121-4327-80a0-699fdecd1aaa<br>https://srv.clickfuse.com/ads/adclkr.php?id=100006636&url=https://tv.apple.com/cz/movie/deadpool/umc.cmc.3wk2vn8v3eazsdy6bzelugfld<br>https://apps.apple.com/cz/app/id6755365206<br>https://play.google.com/store/apps/details?id=cz.csfd.csfdroid<br>;Golden Globes (2x)<br>Critics Choice Awards (2x)<br>The Saturn Awards (2x)<br>;Critics Choice Awards (2x)<br>The Saturn Awards (1x)<br>;Fabian Nicieza, Rob Liefeld
861424;Gekidžóban Kimecu no Jaiba: Mugen Rešša Hen;2020;82.32613908872902;117.0;https://image.pmgstatic.com/cache/resized/w420/files/images/film/posters/164/488/164488069_349bc2.jpg;https://www.csfd.cz/film/861424-gekidzoban-kimecu-no-jaiba-mugen-ressa-hen/;Japonsko;Animovaný / Akční / Fantasy / Komedie;劇場版　鬼滅の刃　無限列車編;Počet obětí tajemných zmizení lidí na palubě jednoho pravidelného linkového vlaku se nebývale zvedl, což nemohlo ujít pozornosti organizace zabijáků démonů. Ovšem předchozí snaha o vyšetření celé situace, doplněná vysláním několika lovců, nevedla k žádnému výsledku a skončila pouze dalším krveprolitím a lidskou smrtí. Proto byl nyní na cestu vyslán Kyoujurou Rengoku, samotný ohnivý pilíř Hashirů, nejsilnějších bojovníků celé organizace, aby učinil tomuto řádění přítrž. Jako doprovod mu byla vybrána trojice nadějných nováčků: Tanjirou Kamado, Zenitsu Agatsuma a Inosuke Hashibira. Ti věří, že budou mít možnost se něčemu přiučit od tohoto vzorového lovce démonů. Aniž by to však při nástupu do vlaku věděli, tak síla ukrytá za těmito útoky již dala do pohybu svůj strašlivý plán, díky kterému chce zabít všech dvě stě pasažérů včetně lovců samotných... (Jeoffrey);16.10.2020 Toho Company;anime, podle mangy;Haruo Sotozaki;Nacuki Hanae, Akari Kitó, Hiro Šimono, Satoši Hino, Jošicugu Macuoka, Júja Hirose, Daisuke Hirakawa, Akira Išida, Tomokazu Sugita, Ken'iči Suzumura;https://apps.apple.com/cz/app/id6755365206<br>https://play.google.com/store/apps/details?id=cz.csfd.csfdroid<br>;;;Kojoharu Gotóge
1122159;Džudžucu kaisen 0;2021;82.49641319942612;105.0;https://image.pmgstatic.com/cache/resized/w420/files/images/film/posters/165/934/165934984_a348e0.jpg;https://www.csfd.cz/film/1122159-dzudzucu-kaisen-0/;Japonsko;Animovaný / Akční / Fantasy;Gekijouban Jujutsu Kaisen 0;16letý Yuuta je zatížen monstrózním prokletím. Jeho situace přitahuje pozornost kouzelníka Goja Satoru. Ten v Yuutovi vidí obrovský potenciál a doufá, že mu pomůže přeměnit jeho smrtící břemeno v prospěšnou sílu. Ovšem Yuuta upoutal i pozornost kouzelníka Geta Suguru, jenž v jeho síle vidí možnost genocidy. (mikki089);24.12.2021 Toho Company;anime, podle mangy;Song-hu Park;Júiči Nakamura, Takahiro Sakurai, Megumi Ogata, Micuo Iwata, Kóki Učijama, Kana Hanazawa, Tomokazu Seki, Mikako Komacu, Risae Macuda, Sacumi Macuda;https://www.netflix.com/title/81602834<br>https://www.netflix.com/title/81602834<br>https://apps.apple.com/cz/app/id6755365206<br>https://play.google.com/store/apps/details?id=cz.csfd.csfdroid<br>;;;Gege Akutami
5940;Tři mušketýři;1973;81.35011938354678;105.0;https://image.pmgstatic.com/cache/resized/w420/files/images/film/posters/168/718/168718655_3az819.jpg;https://www.csfd.cz/film/5940-tri-musketyri/;Španělsko / USA / Panama / Velká Británie;Akční / Dobrodružný / Komedie / Romantický;Los tres mosqueteros (Los diamantes de la reina);Jeden za všechny, všichni za jednoho! Adaptace slavného románu Alexandra Dumase natočená v rozsáhlé koprodukci. Oč by bylo chudší dětství každého z nás, kdyby nepoznal věrné přátele na život a na smrt Athose, Porthose, Aramise a d'Artagnana. Neustále bude Alexander Dumas udílet lekci všem, kdo chtějí psát dobrodružnou literaturu či bavit celou rodinu. Tři mušketýři vyprávějí příběh o odvaze, cti, přátelství, věrné lásce, ale zároveň o zradě, intrikách a podlosti. A tak se nám vždy znovu a znovu zatají dech, když mladý gaskoňský šlechtic d'Artagnan, vybaven několika tolary, mečem, matčiným balzámem na rány a otcovým dopisem pro pana de Tréville, starého přítele rodiny, potká na jedné ze svých zastávek Rocheforta a v okénku zahlédne krásnou tvář Milady de Winter. Příběh začíná a my víme, že se máme nač těšit! Filmová verze z roku 1973 v režii Richarda Lestera nazírá příběh Tří mušketýrů s lehkým odstupem, který mnohé pobavil a některé pobouřil. (Česká televize);20.12.1973 In-Cine Distribuidora Cinematográfica;podle knihy, muž, láska, žena, smrt, přátelství, přátelé, vražda, násilí, dívka, touha, zbraně, vrah, ženy, oběť (autonehody/zločinu), pomsta, politika, vojáci, manipulace, intriky, kolegové, zrada, souboje, vášeň, kamarádi, nenávist, armáda, naděje, žárlivost, náboženství, víra, Francie, rvačka, politik, dobrodruh, křesťanství, král, konspirace, šlechta, novověk, závist, spiknutí, církev, duchovní, 17. století, palác, mušketýři, šerm;Richard Lester;Oliver Reed, Raquel Welch, Richard Chamberlain, Michael York, Frank Finlay, Christopher Lee, Geraldine Chaplin, Jean-Pierre Cassel, Spike Milligan, Roy Kinnear;http://www.ceskatelevize.cz<br>http://www.ceskatelevize.cz<br>https://apps.apple.com/cz/app/id6755365206<br>https://play.google.com/store/apps/details?id=cz.csfd.csfdroid<br>;British Academy of Film and Television Arts (BAFTA) (5x)<br>Golden Globes (1x)<br>;Golden Globes (1x)<br>;Alexandre Dumas st.
90518;Kovboj Bebop: Lovec odměn;2001;81.55361050328227;116.0;https://image.pmgstatic.com/cache/resized/w420/files/images/film/posters/166/942/166942071_946gl9.jpg;https://www.csfd.cz/film/90518-kovboj-bebop-lovec-odmen/;Japonsko / USA;Animovaný / Akční / Krimi / Drama / Thriller / Sci-Fi;Kovboj Bebop;Animovaná sci-fi, natočená podle úspěšného japonského televizního seriálu, začíná v roce 2071. Mars je v ohrožení! V předvečer svátku Halloween vybuchne na dálnici nedaleko kráteru, kde leží hustě obydlené město, teroristická bomba. Výbuch má děsivé následky - 500 mrtvých a zraněných, jež zřejmě zasáhla chemická zbraň. Na dopadení útočníků je vypsána vysoká odměna, a tak se na scéně objeví Bebop a jeho parta a dají se do práce.;04.04.2003 Sony Pictures;násilí, zbraně, anime, pronásledování, vesmír, teroristé, budoucnost, Halloween, lovci lidí, Mars, biologické zbraně;Šin'ičiró Watanabe, Jošijuki Takei;Ai Kobajaši, Kóiči Jamadera, Megumi Hajašibara, Aoi Tada, Unšó Išizuka, Hóko Kuwašima, Iššin Čiba, Džúróta Kosugi, Rendži Išibaši, Júdži Ueda;https://apps.apple.com/cz/app/id6755365206<br>https://play.google.com/store/apps/details?id=cz.csfd.csfdroid<br>;;;
15033;Pevnost Apačů v Bronxu;1981;81.47032238626092;121.0;https://image.pmgstatic.com/cache/resized/w420/files/images/film/posters/164/772/164772727_6ab701.jpg;https://www.csfd.cz/film/15033-pevnost-apacu-v-bronxu/;USA;Krimi / Drama / Thriller / Akční;Fort Apache the Bronx;"Paul Newman v hlavní roli slušného policajta, jenž hlídkuje ve čtvrti zdecimované drogami, násilím a gangy. Tahle část města je na mapách známá jako Bronx, ovšem její obyvatelé jí říkají Pevnost Apačů. Newman se snaží udržet podstatu své lidskosti a nakládat i s těmi největšími chudáky důstojně. Snaží se také přesvědčit své nadřízené, že slepá brutalita rozhodně není odpovědí, avšak marně. Když je svědkem, jak jeho kolega Danny Aiello chladnokrevně zavraždí podezřelého, je Newmanovi doporučeno, aby na celou záležitost zapomněl. On však odmítne a stane se tak pro své kolegy ""persona non grata"". Ed Asner si po boku Newmana zahrál kapitána, který už dávno vzdal jakékoli zacházení v rukavičkách a svou práci považuje za nutné zlo. A nechybí ani láska, Newmanovou vyvolenou je tentokrát Rachel Ticotin. (HBO GO)";06.02.1981 20th Century Fox;muž, láska, žena, smrt, vražda, násilí, policie, strach, zbraně, vrah, podle skutečného příběhu, drogy, kolegové, tragédie, nemocnice, New York, korupce, závislost, policejní stanice, veteráni, zdravotní sestra;Daniel Petrie;Paul Newman, Edward Asner, Ken Wahl, Danny Aiello, Rachel Ticotin, Pam Grier, Kathleen Beller, Jamie Tirelli, Paul Gleason, Donald Petrie;https://www.hbomax.com/cz/en/movies/fort-apache-the-bronx/fb04c107-7f67-48c6-a444-5d77da25e30f<br>https://hbogo.cz<br>https://hbogo.cz<br>https://www.hbomax.com/cz/en/movies/fort-apache-the-bronx/fb04c107-7f67-48c6-a444-5d77da25e30f<br>https://apps.apple.com/cz/app/id6755365206<br>https://play.google.com/store/apps/details?id=cz.csfd.csfdroid<br>;;;
335581;Malaria;2012;83.02375809935205;6.0;https://image.pmgstatic.com/cache/resized/w420/files/images/film/posters/158/673/158673083_6a9d60.jpg;https://www.csfd.cz/film/335581-malaria/;Brazílie;Krátkometrážní / Animovaný / Western / Akční;;Pistolník Fabiano byl najat otcem dívky trpící malárií, aby zabil samotného Smrťáka. (RakeW);;nájemný vrah, Smrťák;Edson Oda;;https://apps.apple.com/cz/app/id6755365206<br>https://play.google.com/store/apps/details?id=cz.csfd.csfdroid<br>;;;
274187;Batman vs. Red Hood;2010;81.41847683852394;73.0;https://image.pmgstatic.com/cache/resized/w420/files/images/film/posters/158/083/158083478_38bf83.jpg;https://www.csfd.cz/film/274187-batman-vs-red-hood/;USA;Animovaný / Akční / Krimi / Thriller;Batman: Under the Red Hood;Tento akcí nabitý animovaný Batman staví proti hlavnímu superhrdinovi zvláštního nového nepřítele, postavu zvanou Red Hood, která terorizuje Gotham City. Tento zlý chlapík řídí organizovanou kriminální scénu ve městě a stává se postrachem ulic, ale Batman brzy zjistí, že Red Hood chce něco víc, než jen peníze... Každou noc vychází Batman z příšeří a chrání obyvatele Gotham City před fantomy. Ale poslední dobou se jiný samozvaný ochránce veřejného blaha plíží ulicemi a jeho nemilosrdné metody spíše nahánějí hrůzu, než aby přinášely uklidnění. Ďábelský padouch, který jakoby znal každý Batmanův krok, si klade za cíl vyčistit ulice Gotham City jednou provždy a současně chce zničit i samotného netopýřího ochránce pořádku. Teď, když Red Hood započal velmi selektivně likvidovat gothamské podsvětí, objeví se znovu Joker, aby se vysmál odvěkému nepříteli tím, že vykope nějaké kostlivce, kteří měli raději zůstat pohřbeni. (HBO Europe);Na DVD od 15.09.2010 Magic Box;pomsta, podle komiksu, superhrdina, DC Comics, Batman, Joker, Riddler, Nightwing, Ra's al Ghul, Black Mask, Red Hood, Talia al Ghul;Brandon Vietti, Kazujoši Takeuči, Yoshiaki Matsuda;Bruce Greenwood, Jason Isaacs, Neil Patrick Harris, Jensen Ackles, John DiMaggio, Wade Williams, Gary Cole, Kelly Hu, Phil LaMarr, Michael Villani;https://srv.clickfuse.com/ads/adclkr.php?id=100006636&url=https://tv.apple.com/cz/movie/batman-under-the-red-hood/umc.cmc.6nkea3ww3nipfuzfwr0mf8cva<br>https://www.youtube.com/watch?v=p1AwYs-jLEI<br>http://www.hbo.eu<br>http://www.hbo.eu<br>https://srv.clickfuse.com/ads/adclkr.php?id=100006636&url=https://tv.apple.com/cz/movie/batman-under-the-red-hood/umc.cmc.6nkea3ww3nipfuzfwr0mf8cva<br>https://www.youtube.com/watch?v=p1AwYs-jLEI<br>https://apps.apple.com/cz/app/id6755365206<br>https://play.google.com/store/apps/details?id=cz.csfd.csfdroid<br>;;;
91846;The Hire: Powder Keg;2001;81.58379373848987;11.0;https://image.pmgstatic.com/cache/resized/w420/files/images/film/posters/000/030/30901_ce49b3.jpg;https://www.csfd.cz/film/91846-the-hire-powder-keg/;USA;Krátkometrážní / Akční;;13. ledna 2001. Harvey Jacobs, válečný fotograf deníku Times, byl zraněn teroristy poté, co viděl masakr u Nuevo Colón. V zoufalé snaze dostat ho pryč poslala Organizace spojených národů vůz a řidiče, který ho měl dopravit přes hranice... (3DD!3);;teroristé, fotograf, reklama, řidič, OSN;Alejandro G. Iñárritu;Clive Owen, Stellan Skarsgård, Lois Smith, Dagoberto Gama, Socorro Avelar, Marco Aurelio Contreras, Gilberto Barraza;https://apps.apple.com/cz/app/id6755365206<br>https://play.google.com/store/apps/details?id=cz.csfd.csfdroid<br>;;;
792852;Spider-Man: Bez domova;2021;81.20448179271709;148.0;https://image.pmgstatic.com/cache/resized/w420/files/images/film/posters/165/876/165876887_dc0664.png;https://www.csfd.cz/film/792852-spider-man-bez-domova/;USA;Akční / Dobrodružný / Sci-Fi;Spider-Man: No Way Home;Vůbec poprvé ve filmové historii je odhalena totožnost Spider-Mana a náš dobrý soused již nedokáže oddělit svou zodpovědnost superhrdiny od běžného života, čímž se jeho nebližší ocitnou ve velkém nebezpečí. Spider-Man požádá Doctora Strange, aby mu pomohl jeho tajemství obnovit. Kouzlo však způsobí v realitě obrovskou trhlinu, jíž do světa proniknou ti nejmocnější zloduši, kteří kdy bojovali se Spider-Manem v paralelním světě. Peter tak musí překonat svou doposud největší výzvu, která navždy změní nejen jeho budoucnost, ale i budoucnost paralelních světů. (Falcon);17.12.2021 Sony Pictures;rodina, smrt, přátelství, přátelé, násilí, dívka, tajemství, mládež, město, záhady, chlapec, vyšetřování, oběť (autonehody/zločinu), pátrání, škola, vzpomínky, souboje, kamarádi, nenávist, dilema, střední škola, podle komiksu, New York, rvačka, psychopat, kouzla, pocit viny, magie, věda, duševní porucha, superhrdina, vysoká škola, paranormální jevy, hrdina, dědictví, výbuch, oběť (někomu/něčemu), sociopat, odpuštění, amnézie, Marvel Comics, technologie, destrukce, ničení, lék, synovec, paralelní svět, kouzelník, teta, Marvel Cinematic Universe (MCU), Spider-Man, portál, Doctor Strange, Socha Svobody, Daredevil, Doctor Octopus, Green Goblin, Sandman (Marvel Comics), Electro, Lizard (Marvel Comics);Jon Watts;Tom Holland, Zendaya, Benedict Cumberbatch, Jacob Batalon, Jon Favreau, Jamie Foxx, Willem Dafoe, Alfred Molina, Benedict Wong, Tony Revolori;https://www.netflix.com/title/81465707<br>https://www.hbomax.com/cz/en/movies/spider-man-no-way-home/3caca27a-ae28-478f-8da5-d8f328986cae<br>https://srv.clickfuse.com/ads/adclkr.php?id=100006636&url=https://tv.apple.com/cz/movie/spider-man-no-way-home/umc.cmc.2qf7xc5hds0m5jgx4roago580<br>https://www.youtube.com/watch?v=YkT6PMlvPHI<br>https://sledovanitv.cz/epg/event/hbo_comedy:20251214c98521c6970a6d9b7e777a82d7d04652<br>https://www.netflix.com/title/81465707<br>https://www.hbomax.com/cz/en/movies/spider-man-no-way-home/3caca27a-ae28-478f-8da5-d8f328986cae<br>https://srv.clickfuse.com/ads/adclkr.php?id=100006636&url=https://tv.apple.com/cz/movie/spider-man-no-way-home/umc.cmc.2qf7xc5hds0m5jgx4roago580<br>https://www.youtube.com/watch?v=YkT6PMlvPHI<br>https://sledovanitv.cz/epg/event/hbo_comedy:20251214c98521c6970a6d9b7e777a82d7d04652<br>https://apps.apple.com/cz/app/id6755365206<br>https://play.google.com/store/apps/details?id=cz.csfd.csfdroid<br>;Academy Awards (1x)<br>The Saturn Awards (8x)<br>;The Saturn Awards (1x)<br>;Steve Ditko, Stan Lee
174403;Gigant Shaolinu;1980;82.13866039952997;92.0;https://image.pmgstatic.com/cache/resized/w420/files/images/film/posters/158/074/158074880_5832ba.jpg;https://www.csfd.cz/film/174403-gigant-shaolinu/;Hongkong;Akční / Drama;Bei pan shi men;Jedné noci dostal mladý, a nepříliš zdatný žák školy kung-fu Kao nečekanou návštěvu - těžce raněného Chinga, mistra Shaolinu, který ho poprosí o pomoc a úkryt. Ching měl spor s obávanou bandou Tří Draků, kteří se stali jeho nepřáteli na život a na smrt. Kao se od svého přítele a nového mistra naučil staré bojové technice Shaolinu a stáhl se do samoty, aby se jí mohl plně věnovat. Po letech se dověděl, že Tři Draci usmrtili přítele Chinga a usadili se v domě jeho bývalého učitele. A tak nastává den pomsty...;;pomsta, kung-fu;Tony Chun-Ku Lou;Tak Yuen, Lung-Wei Wang, Kuan-Tai Chen, Candy Wen, Lin Chiang, Chui Fat, Yung-sheng Pan, Kwok-keung Choi, Giong Lim, Hsu Hsia;https://apps.apple.com/cz/app/id6755365206<br>https://play.google.com/store/apps/details?id=cz.csfd.csfdroid<br>;;;
1773228;Kill Bill: The Whole Bloody Affair;2006;86.62251655629139;275.0;https://image.pmgstatic.com/cache/resized/w420/files/images/film/posters/170/766/170766004_2xfjfo.jpg;https://www.csfd.cz/film/1773228-kill-bill-kompletna-krvava-afera/;USA;Akční / Krimi / Thriller;Kill Bill: The Whole Bloody Affair;Kill Bill: The Whole Bloody Affair představuje Quentinovu původně zamýšlenou verzi příběhu, která spojuje oba díly do jediné, plynule vyprávěné krvavé ságy o pomstě. „Nevěsta“ (Uma Thurman), neboli bývalá členka špičkového zabijáckého týmu, po útoku svého týmu a čtyřletém kómatu vyráží na cestu nemilosrdného zúčtování se všemi, kteří jí zničili život. (HanzoBureshi);05.12.2025 Lionsgate US;;Quentin Tarantino;Uma Thurman, Lucy Liu, Vivica A. Fox, Michael Madsen, Daryl Hannah, David Carradine, Julie Dreyfus, Čiaki Kurijama, Sonny Čiba, Gordon Liu;https://apps.apple.com/cz/app/id6755365206<br>https://play.google.com/store/apps/details?id=cz.csfd.csfdroid<br>;;;
601122;Upgrade;2018;81.15134556826598;100.0;https://image.pmgstatic.com/cache/resized/w420/files/images/film/posters/162/824/162824607_0a8125.png;https://www.csfd.cz/film/601122-upgrade/;Austrálie / USA;Sci-Fi / Akční / Thriller;Upgrade;Za pár let už nebudeme muset ani hnout prstem, protože moderní technologie za nás všechno obstarají. Technofobům se v takové době nebude žít zrovna lehko. Grey Trace (Logan Marshall-Green) je pověstný tím, že jako jeden z posledních lidí dává před technologiemi přednost vlastním rukám. Jedna noc, která mu obrátí život vzhůru nohama, však tenhle přístup rázně změní. Autonehoda na noční dálnici a střet s bandou grázlů, kteří mu zavraždí přítelkyni a jeho nadosmrti zmrzačí. Greyovy vyhlídky na invalidním vozíku jsou víc než temné, dokud mu kamarád vědec nenabídne technologické vylepšení. S čipem v míše dokáže Grey nejen znovu chodit a pohybovat rukama, ale získává i další, dosud netušené možnosti. Experimentální zařízení zvané STEM totiž dokáže například i vystopovat pachatele onoho nočního přepadení a také Greyovi pomoci si to s těmi gaunery vyřídit ručně. Kdo by odolal? Grey rozhodně ne. Když však zanechá prvního z pachatelů v tratolišti krve, napadne ho, jestli by STEM neměl aspoň trochu zbrzdit. Otázka zní, jestli to půjde. A jestli to Grey vůbec chce. (CinemArt);01.06.2018 BH Tilt/High Top Releasing;násilí, vyšetřování, pomsta, detektiv, zabijáci, autonehoda, budoucnost, vdovec, antiutopie, automobilová honička, pokusy na lidech, umělá inteligence, ozploitation, hacker, kyberpunk, ochrnutí, odposlech, drony, nanotechnologie;Leigh Whannell;Logan Marshall-Green, Betty Gabriel, Harrison Sloan Gilbertson, Melanie Vallejo, Benedict Hardie, Simon Maiden, Richard Cawthorne, Christopher Kirby, Richard Anastasios, Linda Cropper;https://srv.clickfuse.com/ads/adclkr.php?id=100006636&url=https://tv.apple.com/cz/movie/upgrade/umc.cmc.5y4gtzpaftor940ypobn1m0as<br>https://www.youtube.com/watch?v=Bu1JWoRvrcA<br>https://srv.clickfuse.com/ads/adclkr.php?id=100006636&url=https://tv.apple.com/cz/movie/upgrade/umc.cmc.5y4gtzpaftor940ypobn1m0as<br>https://www.youtube.com/watch?v=Bu1JWoRvrcA<br>https://apps.apple.com/cz/app/id6755365206<br>https://play.google.com/store/apps/details?id=cz.csfd.csfdroid<br>;The Saturn Awards (1x)<br>;Sitges Film Festival (1x)<br>;
112367;Vlk samotář a mládě: Námezdný zabiják;1972;82.31332357247437;83.0;https://image.pmgstatic.com/cache/resized/w420/files/images/film/posters/000/033/33944_9f0202.jpg;https://www.csfd.cz/film/112367-vlk-samotar-a-mlade-namezdny-zabijak/;Japonsko;Akční / Dobrodružný;Kozure Ôkami: Kowokashi udekashi tsukamatsuru;Legendární série podle komiksu Kazua Kaikeho. Intriky, zášť a závist způsobí, že Ogamiho rodina je vyvražděna a on sám se vydává pouze s malým synkem cestou pomsty a života námezdného zabijáka.;15.01.1972 Toho Company;pomsta, putování, podle komiksu, samurajové;Kendži Misumi;Tomisaburó Wakajama, Fumio Watanabe, Taketoši Naitó, Reiko Kasahara, Hiroši Hasegawa, Teruo Macujama, Joši Kató, Kjóiči Sató, Saburó Date, Asao Učida;https://apps.apple.com/cz/app/id6755365206<br>https://play.google.com/store/apps/details?id=cz.csfd.csfdroid<br>;;;
117436;Terminátor 2: Víc než jste ve filmu viděli;1993;86.41025641025641;28.0;//static.pmgstatic.com/assets/images/050b5bad23b8eb0b4f88f971b8f6a168/empty-image.svg;https://www.csfd.cz/film/117436-terminator-2-vic-nez-jste-ve-filmu-videli/;USA;Akční / Krátkometrážní / Dokumentární / Sci-Fi;T2: More Than Meets the Eye;;;;Dody Dorn;James Cameron, Michael Biehn, Joe Morton, Robert Patrick, Linda Hamilton, Jim Cummings, Stan Winston, Arnold Schwarzenegger, Edward Furlong;https://apps.apple.com/cz/app/id6755365206<br>https://play.google.com/store/apps/details?id=cz.csfd.csfdroid<br>;;;
117169;Šinseiki Evangelion gekidžóban: The End of Evangelion;1997;81.78151260504201;87.0;https://image.pmgstatic.com/cache/resized/w420/files/images/film/posters/161/929/161929789_23f71a.jpg;https://www.csfd.cz/film/117169-sinseiki-evangelion-gekidzoban-the-end-of-evangelion/;Japonsko;Animovaný / Akční / Drama / Sci-Fi;新世紀エヴァンゲリオン劇場版 THE END OF EVANGELION;Když skončil seriál NEON GENESIS EVANGELION, mnoho lidí bylo rozhočeno, neboť konec seriálu byl značně matoucí. Proto, o dva roky později, vznikl tento film. Zatímco poslední svě epizody seriálu sledovaly výhradně vnitřní myšlenkové pochody hlavního hrdiny, End of Evangelion sleduje to, co se dělo venku, k čemu se celý seriál schylovalo. Mladý Ikari Shinji naposledy usedá do mohutného stroje - Evangelionu, aby čelil poslednímu kroku v evoluci lidstva. Přijme ho, nebo se postaví na odpor? (Skejpr);;anime, monstra, postapokalyptická budoucnost;Hideaki Anno;Megumi Hajašibara, Kotono Micuiši, Kóiči Jamadera, Takehito Kojasu, Tomokazu Seki, Júko Mijamura, Akira Išida, Fumihiko Tačiki, Megumi Ogata, Miki Nagasawa;https://www.netflix.com/title/60024788<br>https://www.netflix.com/title/60024788<br>https://apps.apple.com/cz/app/id6755365206<br>https://play.google.com/store/apps/details?id=cz.csfd.csfdroid<br>;;;
136427;Zrada a pomsta;1986;82.32980332829047;104.0;https://image.pmgstatic.com/cache/resized/w420/files/images/film/posters/109/309/109309879_c253dd.jpg;https://www.csfd.cz/film/136427-zrada-a-pomsta/;Čína;Akční / Drama / Historický;Tian guo en chou;Vůbec první kung-fu film, který byl uveden v českých kinech v říjnu 1987. Odehrává se v Číně v sedmdesátých letech devatenáctého století, krátce po zániku „Nebeské říše velké rovnosti“. Hlavním hrdinou je potomek Opičího krále Jü-lung, odhodlaný pomstít smrt svého otce a znovu pozdvihnout prapor povstání. Léty usilovného tréninku však získá něco, co jeho protivníci postrádají – morální sílu, která v rozhodujících chvílích znásobí jeho fyzickou zdatnost a houževnatost. (NFA);;láska, pomsta, zrada, trénink, kung-fu;Kangyu Zhou;A-Ping On, Jian Fang, Kang Chin, Hua Yan;https://apps.apple.com/cz/app/id6755365206<br>https://play.google.com/store/apps/details?id=cz.csfd.csfdroid<br>;;;
261497;Star Trek: Do temnoty;2013;81.0952380952381;132.0;https://image.pmgstatic.com/cache/resized/w420/files/images/film/posters/150/809/150809956_e73bfd.jpg;https://www.csfd.cz/film/261497-star-trek-do-temnoty/;USA;Sci-Fi / Dobrodružný / Akční / Thriller;Star Trek into Darkness;Posádka Enterprise je povolána domů, nalézá zde však zdemolovanou flotilu i hodnoty, které flotila hájí. Náš svět je v krizi a za veškerý teror může nezastavitelná síla, která vzešla z vlastních řad. Kapitána Kirka se události osobně dotknou a nehodlá je nechat bez odezvy. Vydává se do válečné zóny, aby polapil člověka, který má sílu zbraně hromadného ničení. Naši hrdinové jsou vehnáni do epické šachové partie, která se hraje na život a na smrt. Láska projde zkouškou, přátelství budou roztrhána na kusy, a pokud má Kirk zachránit jedinou rodinu, která mu ještě zbývá, neobejde se to bez obětí. Tou rodinou je Kirkova posádka.;16.05.2013 Paramount Pictures;láska, žena, přátelství, přátelé, vojáci, rivalita, zrada, souboje, mimozemšťané, vesmír, budoucnost, bitva, vesmírná loď, 3D, IMAX, Star Trek;J.J. Abrams;Chris Pine, Zachary Quinto, Zoe Saldaña, Karl Urban, Simon Pegg, John Cho, Benedict Cumberbatch, Anton Yelchin, Bruce Greenwood, Peter Weller;https://www.skyshowtime.com/cz/stream/movies/star-trek-do-temnoty/9c2974f4-65c4-3b19-b8c1-ff37b72b3f67<br>https://srv.clickfuse.com/ads/adclkr.php?id=100006636&url=https://tv.apple.com/cz/movie/star-trek-into-darkness/umc.cmc.4rkplfpq4y0zbyxr3xolm5kvf<br>https://www.youtube.com/watch?v=GXx0bDEy5PM<br>https://www.skyshowtime.com/cz/stream/movies/star-trek-do-temnoty/9c2974f4-65c4-3b19-b8c1-ff37b72b3f67<br>https://srv.clickfuse.com/ads/adclkr.php?id=100006636&url=https://tv.apple.com/cz/movie/star-trek-into-darkness/umc.cmc.4rkplfpq4y0zbyxr3xolm5kvf<br>https://www.youtube.com/watch?v=GXx0bDEy5PM<br>https://apps.apple.com/cz/app/id6755365206<br>https://play.google.com/store/apps/details?id=cz.csfd.csfdroid<br>;Academy Awards (1x)<br>British Academy of Film and Television Arts (BAFTA) (1x)<br>Critics Choice Awards (3x)<br>The Saturn Awards (5x)<br>;;
1069;Batman;1989;81.0910883496741;122.0;https://image.pmgstatic.com/cache/resized/w420/files/images/film/posters/162/469/162469876_5e9766.jpg;https://www.csfd.cz/film/1069-batman/;USA / Velká Británie;Akční / Krimi / Thriller;Batman;Velkoměsto Gotham City je sužováno gangstery, které vede kyselinou děsivě znetvořený Joker. Policie se zdá být bezmocná. Mnohem větší respekt mezi zločinci budí maskovaný netopýří muž - Batman - objevující se vždy tam, kde je páchána nějaká nepravost. Reportérka Vicki Valeová, píšící o Batmanových kouscích, se seznámí s plachým milionářem Brucem Waynem a stráví s ním opojnou noc. Joker se snaží Vicki unést, ale dívka je v poslední chvíli zachráněna Batmanem. Novinářka začíná tušit pravdu. Wayne a Batman jsou jedna osoba. Mezitím běsnící Joker terorizuje město otrávenými kosmetickými přípravky a vyzývá Batmana na rozhodující souboj. (Magic Box);17.05.2019 Warner Bros. UK;smrt, vražda, násilí, policie, město, pomsta, souboje, gangsteři, gang, podle komiksu, superhrdina, reportéři, DC Comics, neo-noir, Batman, klauni, Joker;Tim Burton;Michael Keaton, Jack Nicholson, Kim Basinger, Robert Wuhl, Pat Hingle, Billy Dee Williams, Michael Gough, Jerry Hall, Jack Palance, Tracey Walter;https://srv.clickfuse.com/ads/adclkr.php?id=100006636&url=https://tv.apple.com/cz/movie/batman/umc.cmc.2je3b9ghhibqqw2c813eqi3t3<br>https://www.youtube.com/watch?v=RAlnM2PPosg<br>https://srv.clickfuse.com/ads/adclkr.php?id=100006636&url=https://tv.apple.com/cz/movie/batman/umc.cmc.2je3b9ghhibqqw2c813eqi3t3<br>https://www.youtube.com/watch?v=RAlnM2PPosg<br>https://apps.apple.com/cz/app/id6755365206<br>https://play.google.com/store/apps/details?id=cz.csfd.csfdroid<br>;British Academy of Film and Television Arts (BAFTA) (6x)<br>Golden Globes (1x)<br>The Saturn Awards (6x)<br>San Sebastián International Film Festival (1x)<br>;Academy Awards (1x)<br>The Saturn Awards (1x)<br>;Bob Kane, Bill Finger
340217;Liga spravedlivých: Záchrana světa;2013;81.28909952606635;78.0;https://image.pmgstatic.com/cache/resized/w420/files/images/film/posters/169/143/169143936_ixoh26.jpg;https://www.csfd.cz/film/340217-liga-spravedlivych-zachrana-sveta/;USA;Animovaný / Akční / Dobrodružný / Sci-Fi / Fantasy;Justice League: The Flashpoint Paradox;V této napínavé adaptaci komiksu z roku 2011 cestuje Flash v čase s cílem napravit klíčové události v životě své rodiny. Jenže to způsobí řetězovou reakci a dojde k vytvoření katastrofální roztříštěné alternativní reality, ve které Liga spravedlivých nikdy nevznikla a Superman není k nalezení. Uprostřed nového světa pustošeného nelítostnou válkou Wonder Woman a Amazonek s Aquamanem a Atlanťany se Flash musí spojit s mnohem krutějším a násilničtějším Batmanem i vládním agentem Cyborgem, aby se společně pokusili obnovit Flashovu původní časovou linii. (HBO Europe);;smrt, vražda, děti, matka, město, vojáci, vězení, válka, podle komiksu, novináři, mimozemšťané, superhrdina, postapokalyptická budoucnost, cestování časem, DC Comics, vesmírná loď, antiutopie, Batman, ponorky, bohové, Superman, paralelní svět, zbraně hromadného ničení, Wonder Woman, Flash (DC Comics), Lex Luthor, Green Lantern, Aquaman, Liga spravedlivých, Deathstroke, Atlantida, Amazonky, Shazam, Captain Cold, Black Manta, Mera, Clayface, Lois Lane, Captain Boomerang, Ocean Master, Reverse-Flash, Aqualad, Heat Wave, Enchantress, Sandman (DC Comics), Mirror Master;Jay Oliva, Takuo Tominaga;Ron Perlman, Nathan Fillion, Kevin McKidd, Cary Elwes, C. Thomas Howell, Dana Delany, Kevin Conroy, Danny Huston, Justin Chambers, Michael B. Jordan;https://srv.clickfuse.com/ads/adclkr.php?id=100006636&url=https://tv.apple.com/cz/movie/justice-league-the-flashpoint-paradox/umc.cmc.4dzds26n3ki19h532k3983ys1<br>https://www.youtube.com/watch?v=s96OteLjBBA<br>http://www.hbo.eu<br>http://www.hbo.eu<br>https://srv.clickfuse.com/ads/adclkr.php?id=100006636&url=https://tv.apple.com/cz/movie/justice-league-the-flashpoint-paradox/umc.cmc.4dzds26n3ki19h532k3983ys1<br>https://www.youtube.com/watch?v=s96OteLjBBA<br>/tag/512-amazonky/<br>https://apps.apple.com/cz/app/id6755365206<br>https://play.google.com/store/apps/details?id=cz.csfd.csfdroid<br>;;;Gardner Fox, Geoff Johns, Andy Kubert
241524;Stranger: Mukó hadan;2007;81.65366614664586;102.0;https://image.pmgstatic.com/cache/resized/w420/files/images/film/posters/162/005/162005309_ce789c.jpg;https://www.csfd.cz/film/241524-stranger-muko-hadan/;Japonsko;Animovaný / Akční / Drama / Historický;ストレンヂア -無皇刃譚-;Mladý chlapec Kotaro je pronásledován císařskými vojáky ze své rodné Číny až do Japonska. Zde se setkává s tajemným bezejmeným samurajem bez pána, kterého si najme na svou ochranu. Císařem vyslaní vojáci jsou ovšem dokonale vycvičení zabijáci, kteří díky drogám necítí bolest. Navíc jejich vůdce Rarou, obávaný bojovník z dalekého západu s blond vlasy a modrýma očima, je známý pro svojí brutalitu a dychtivost bojovat s co možná nejsilnějším protivníkem, které podřizuje všechno ostatní. Jako by to bylo málo, po zjištění důvodu Kotarova pronásledování se do všeho také zapojí místní feudální pán a jeho generál, který chce situace využít ve svůj prospěch. (Genryuusai);29.09.2007 Shochiku;přátelství, anime, zrada, souboje, psi, samurajové, jed;Masahiro Andó;Tomoja Nagase, Kóiči Jamadera, Naoto Takenaka, Juri Činen, Akio Ócuka, Unšó Išizuka, Juki Masuda, Mamoru Mijano, Makoto Jasumura, Rjóta Takeuči;https://apps.apple.com/cz/app/id6755365206<br>https://play.google.com/store/apps/details?id=cz.csfd.csfdroid<br>;;;
7181;Divoká banda;1969;81.24381188118812;135.0;https://image.pmgstatic.com/cache/resized/w420/files/images/film/posters/162/741/162741312_37fec1.jpg;https://www.csfd.cz/film/7181-divoka-banda/;USA;Western / Akční;The Wild Bunch;Jak se pohnou, zabte je! Peckinpahův legendární western Divoká banda patří i po téměř čtyřiceti letech, jež uplynuly od jeho vzniku, k nejlepším dílům žánru, který je stejně starý jako film sám a prošel za dobu svého vývoje mnohými proměnami. Konec šedesátých let byl jednak obdobím bouřlivých společenských změn a také obdobím deziluzí (nejen v americké společnosti, poznamenané vietnamskou válkou), které se promítaly i do zdánlivě odtažitých filmových děl. Příběh bandy zabijáků, které drží pohromadě silný pocit vzájemnosti a vlastní stupnice morálních hodnot, byl v době své premiéry často kritizován kvůli brutálním zpomaleným záběrům zuřivého násilí, vrcholícím ve slavné závěrečné scéně „baletu smrti“, mistrovské sekvenci, v níž Peckinpah nutí diváka téměř fyzicky prožít krvavý masakr, v němž nejsou vítězové, ale jenom poražení a mrtví. Scény násilí jsou důležitou, ale nikoli dominantní složkou filmu, jehož hlavním tématem je zánik jedné epochy (píše se rok 1913) a marný zápas několika mužů přizpůsobit se rychle se měnícím podmínkám. Ve filmu nenajdeme kladné postavy. Jeho hrdiny jsou lotři a zabijáci, jejichž dny jsou sečteny. Násilí se pro ně stalo denním chlebem, stejně jako pro děti, jež v úvodu snímku vidíme skloněné nad mraveništěm, v němž škorpioni bojují o holý život. Časté záběry dětí, které dostávají dávky násilí z první ruky už od útlého věku, tvoří varovné memento Peckinpahova westernu. Mnohdy nevědomé předávání „kodexu násilí“ další generaci ústí v jeho mechanické, bezcitné používání, ať už se jedná o házení škorpionů do mraveniště či o zabití člověka (šéf bandy Pike paradoxně zahyne rukou malého chlapce, který se zmocnil revolveru)... Divoká banda se při světové premiéře hrála v Peckinpahově sestřihu, ale těsně před uvedením do amerických kin byla distributorem zkrácena zhruba o deset minut, neboť původní metráž by omezila denní počet představení z obvyklých čtyř na tři, což by vedlo k menším tržbám. V roce 1995 se Divoká banda do amerických kin dostala znovu ve své původní verzi a v této podobě je uváděna i dnes. (Česká televize);18.06.1969 Warner Brothers/Seven Arts;smrt, vražda, 20. století, násilí, zbraně, vrah, zvířata, oběť (autonehody/zločinu), cestování, peníze, vojáci, pronásledování, putování, boj o přežití, divočina, armáda, krádež, zloděj, zabijáci, loupež, stáří, přepadení, koně, období 1910-1920, přestřelka, vlak, poušť, Divoký západ, pistolníci, bandité, bankovní loupež, Mexiko, banka, pohraničí, veteráni, hranice, Wilhelm scream, lovci lidí, vlak v ohrožení, Mexická revoluce;Sam Peckinpah;William Holden, Ernest Borgnine, Robert Ryan, Edmond O'Brien, Warren Oates, Ben Johnson, Alfonso Arau, Strother Martin, L.Q. Jones, Albert Dekker;http://www.ceskatelevize.cz<br>http://www.ceskatelevize.cz<br>https://apps.apple.com/cz/app/id6755365206<br>https://play.google.com/store/apps/details?id=cz.csfd.csfdroid<br>;Academy Awards (2x)<br>;;
32420;Policajt nebo rošťák;1979;81.07204728421482;103.0;https://image.pmgstatic.com/cache/resized/w420/files/images/film/posters/159/371/159371453_ada077.jpg;https://www.csfd.cz/film/32420-policajt-nebo-rostak/;Francie;Akční / Krimi / Komedie / Drama;Flic ou voyou;Ve filmu Policajt nebo rošťák je Jean-Paul Belmondo přesně takový, jakého ho mají diváci nejraději. Tvrdý, neústupný, trochu samotářský, ale především vždy obklopen krásnými ženami a vždy nad věcí. Do Nice přijíždí inkognito divizní komisař oddělení vnitřního vyšetřování Stan Borowitz, specialista na čistky uvnitř policie. Vše totiž nasvědčuje tomu, že nedávno zavražděný komisař Bertrand byl v úzkém spojení s místní mafií. A není zdaleka sám. Policejní inspektoři Rey a Massard jsou do vraždy přímo zapleteni, je tedy nutné je usvědčit a policii očistit. Borowitz má vlastní netradiční prostředky a postupy a rozhodne se vyvolat válku gangů, která by jako první vydala oba zkorumpované inspektory. Nečekaný příjezd neposlušné dcery Charlotty vše zkomplikuje. (Česká televize);28.03.1979 Gaumont;smrt, vražda, násilí, otec, policie, dcera, zbraně, vyšetřování, zrada, mafie, gang, korupce, výbuch, automobilová honička, kasino;Georges Lautner;Jean-Paul Belmondo, Georges Géret, Jean-François Balmer, Claude Brosset, Julie Jézéquel, Michel Beaune, Tony Kendall, Catherine Lachens, Juliette Mills, Venantino Venantini;http://www.ceskatelevize.cz<br>http://www.ceskatelevize.cz<br>https://apps.apple.com/cz/app/id6755365206<br>https://play.google.com/store/apps/details?id=cz.csfd.csfdroid<br>;;;Michel Grisolia
458419;Bad Black;2016;82.94536817102137;68.0;https://image.pmgstatic.com/cache/resized/w420/files/images/film/posters/161/756/161756229_e4343f.jpg;https://www.csfd.cz/film/458419-bad-black/;Uganda;Akční;;Klidný lékař je vycvičen v umění komando pomsty chlapcem z ghetta jménem Wesley Snipes. (Naruby);;;Nabwana I.G.G.;Bukenya Charles, Kakule William, Sserunya Ernest, Ssenkugu Swaib, Kavubu Muhammed, Kasumba Isma, Bisaso Dauda, Kaggwa Bonny, V.J. Emmie;https://apps.apple.com/cz/app/id6755365206<br>https://play.google.com/store/apps/details?id=cz.csfd.csfdroid<br>;;;
775;Brutální Nikita;1990;81.02406627151325;117.0;https://image.pmgstatic.com/cache/resized/w420/files/images/film/posters/000/039/39936_cbaf36.jpg;https://www.csfd.cz/film/775-brutalni-nikita/;Francie / Itálie;Akční / Thriller;Nikita;"Anne Parilaudová ztvárňuje v tomto filmu postavu mladé, na drogách závislé Nikity, která jako jediná ze skupiny pachatelů přežije přepadení lékárny. Je zatčená a odsouzená na doživotí, ale tajná služba jí dá ještě jednu šanci ""pracovat pro vládu jako tajná agentka"". V průběhu následujících let je Nikita vyškolená v dokonalý vraždící stroj a s novou totožností se vrací do života. Potkává svou lásku díky které dokáže skoro úplně zapomenout na to, co prožila. V nejlepším období se však ozve telefon s prvním úkolem. Nikita na rozkaz zabíjí, až se jednoho dne rozhodne se vším skončit a odejít...";V TV od 31.10.1992 Československá televize;drogy, zabijáci, agenti, Paříž, špioni, změna identity, tajná policie, Benátky;Luc Besson;Anne Parillaud, Jean-Hugues Anglade, Tchéky Karyo, Jeanne Moreau, Jean Reno, Roland Blanche, Marc Duret, Philippe Leroy, Jacques Boudet, Philippe du Janerand;https://srv.clickfuse.com/ads/adclkr.php?id=100006636&url=https://tv.apple.com/cz/movie/nikita/umc.cmc.3vd1qtm0lwp6husixtb54mxqz<br>https://srv.clickfuse.com/ads/adclkr.php?id=100006636&url=https://tv.apple.com/cz/movie/nikita/umc.cmc.3vd1qtm0lwp6husixtb54mxqz<br>https://apps.apple.com/cz/app/id6755365206<br>https://play.google.com/store/apps/details?id=cz.csfd.csfdroid<br>;César Awards (8x)<br>Golden Globes (1x)<br>;César Awards (1x)<br>;
24029;Zloděj z Bagdádu;1924;83.24022346368716;155.0;https://image.pmgstatic.com/cache/resized/w420/files/images/film/posters/167/157/167157942_694814.jpg;https://www.csfd.cz/film/24029-zlodej-z-bagdadu/;USA;Akční / Dobrodružný / Fantasy / Rodinný;The Thief of Bagdad;Tento romanticko-hrdinský příběh z pohádek „Tisíce a jedné noci“ byl zamilovaným projektem hollywoodské megastar, producenta Douglase Fairbankse, který po jeho předcházejících úspěších kostýmních Tří mušketýrů, Zorra mstitele a Robina Hooda upevnil Fairbanksův status největší hvězdy dobrodružných akčních filmů své doby a jedné z prvních „multihyperhvězd“ tohoto žánru. Fairbanks tu vystupuje v roli bezbožného zloděje Ahmeda, který si vydobyl pověst největšího lupiče Bagdádu. Zamiluje se do krásné princezny a oba se rozhodnou vzít, zasáhne však její otec, bagdádský kalif, a sňatek zakáže. To spustí řetěz událostí, v nichž se objeví křišťálová koule, kouzelné jablko, pegas, neviditelný plášť… a samozřejmě i létající koberec. Na filmu Zloděj z Bagdádu se nešetřilo: šlo o jeden z nejnákladnějších snímků vyrobených v Hollywoodu v éře němého filmu, jak o tom svědčí úžasné kulisy Williama Camerona Menziese i přelomové speciální efekty, které se prolínají celým filmem. Film Zloděj z Bagdádu, který mistrovsky režíroval Raoul Walsh – jeden z nejvýznamnějších amerických tvůrců a autor takových filmových klasik, jako jsou The Bowery, High Sierra a White Heat – bude už navždy vzněcovat naši fantazii. (Film Europe);18.03.1924 United Artists;muž, černobílý film, němý film, únos, zloděj, podle povídky, šlechta, rukojmí, princ;Raoul Walsh;Douglas Fairbanks, Snitz Edwards, Charles Belcher, Julanne Johnston, Anna May Wong, Brandon Hurst, Philip Ahn, Noble Johnson, Charles Stevens, Jesse Lasky Jr.;https://apps.apple.com/cz/app/id6755365206<br>https://play.google.com/store/apps/details?id=cz.csfd.csfdroid<br>;;;
307153;Zátah 2;2014;81.03101604278075;150.0;https://image.pmgstatic.com/cache/resized/w420/files/images/film/posters/161/919/161919904_bea843.jpg;https://www.csfd.cz/film/307153-zatah-2/;Indonésie / USA;Akční / Krimi / Thriller;Serbuan Maut 2;Zátah 2 navazuje přesně tam, kde nás děj předchozího snímku zanechal. Rama (Iko Uwais) je opět nucen přijmout roli policajta v utajení, aby poskytl své ženě a dítěti ochranu. Pracuje v protikorupční jednotce vedené Bunawarem, jediným člověkem, kterému může věřit. Rama dostává speciální pověření: musí se infiltrovat do místní zločinecké skupiny mafiánského bosse Banguna. Vrchol řetězce je daleko, krvavá pouť za spravedlností proto začíná v base, kde hnije Bangunův syn Uco. Rama musí získat informace, které by nasměrovaly policejní protikorupční komando k Bagunovi. Po celou dobu se však snaží zakrýt nebezpečnou touhu po pomstě a spravedlnosti, která ho spaluje zevnitř – a díky níž se jak jeho mise, tak i skupina organizovaného zločinu, postupně hroutí. (Cinemax);28.03.2014 Sony Pictures Classics;vražda, násilí, otec, policie, syn, pomsta, zrada, vězení, souboje, gang, podsvětí (svět zločinu), gore, bojová umění, tajná policie;Gareth Evans;Iko Uwais, Arifin Putra, Tio Pakusadewo, Oka Antara, Alex Abbad, Cecep Arif Rahman, Julie Estelle, Very Tri Yulisman, Rjúhei Macuda, Ken'iči Endó;https://srv.clickfuse.com/ads/adclkr.php?id=100006636&url=https://tv.apple.com/cz/movie/the-raid-2/umc.cmc.yfjll7lprpysee821khoc9h4<br>https://www.youtube.com/watch?v=JxLF5Rf3wQE<br>/novinky/7140-reziser-raidu-a-tom-hardy-miri-na-netflix/<br>/novinky/7140-reziser-raidu-a-tom-hardy-miri-na-netflix/<br>/novinky/7140-reziser-raidu-a-tom-hardy-miri-na-netflix/<br>https://srv.clickfuse.com/ads/adclkr.php?id=100006636&url=https://tv.apple.com/cz/movie/the-raid-2/umc.cmc.yfjll7lprpysee821khoc9h4<br>https://www.youtube.com/watch?v=JxLF5Rf3wQE<br>https://apps.apple.com/cz/app/id6755365206<br>https://play.google.com/store/apps/details?id=cz.csfd.csfdroid<br>;;Florida Film Critics Circle Awards (1x)<br>;
43440;Muž v ohni;2004;80.97263916287847;146.0;https://image.pmgstatic.com/cache/resized/w420/files/images/film/posters/169/380/169380834_c7wwm9.jpg;https://www.csfd.cz/film/43440-muz-v-ohni/;USA / Velká Británie;Akční / Krimi / Thriller / Drama;Muž v ohni;Myslel si, že již nemá co ztratit, ale nebyla to pravda. Bývalý vládní agent John Creasy, pronásledovaný výčitkami svědomí, díky pomoci starého kamaráda Rayburna získává práci v Mexiko City, kde má dělat osobního strážce devítileté holčičce. Pita je dcerou místního automobilového magnáta Samuela Ramose a jeho ženy, Američanky Lisy. V městě prolezlém kšeftaři, korupcí, skandály a mafií nebezpečí číhá na každém rohu, v posledních dnech navíc z místních ulic zmizelo několik dětí. Není divu, že se rodiče o dceru bojí. Proto si vybrali muže, na kterého se můžou spolehnout. Chladnokrevně uvažující Creasy si k malé Pitě buduje velmi osobitý vztah. V okamžiku, kdy ji unese banda a on je těžce zraněn, vyhlásí nelítostnou válku všem, kteří byli do akce zapleteni...;08.10.2004 20th Century Fox UK;podle knihy, vražda, dívka, děti, rodiče, pomsta, pronásledování, únos, mafie, korupce, bodyguard;Tony Scott;Denzel Washington, Dakota Fanning, Radha Mitchell, Christopher Walken, Marc Anthony, Giancarlo Giannini, Mickey Rourke, Rachel Ticotin, Roberto Sosa, Jesús Ochoa;https://www.netflix.com/title/60034560<br>https://srv.clickfuse.com/ads/adclkr.php?id=100006636&url=https://tv.apple.com/cz/movie/man-on-fire/umc.cmc.2wem1n2410lpz2iichralb5er<br>https://www.youtube.com/watch?v=K6GDRuaD52w<br>https://www.netflix.com/title/60034560<br>https://srv.clickfuse.com/ads/adclkr.php?id=100006636&url=https://tv.apple.com/cz/movie/man-on-fire/umc.cmc.2wem1n2410lpz2iichralb5er<br>https://www.youtube.com/watch?v=K6GDRuaD52w<br>https://apps.apple.com/cz/app/id6755365206<br>https://play.google.com/store/apps/details?id=cz.csfd.csfdroid<br>;Critics Choice Awards (1x)<br>;;A.J. Quinnell
9852;Tváří v tvář;1997;80.86587950348168;138.0;https://image.pmgstatic.com/cache/resized/w420/files/images/film/posters/159/630/159630151_16ddde.jpg;https://www.csfd.cz/film/9852-tvari-v-tvar/;USA;Akční / Thriller / Krimi / Sci-Fi;Face/Off;"Losangelský agent FBI Sean Archer má s psychopatickým teroristou Castorem Tryem nevyřízené účty. Před šesti lety se Castor pokusil příliš schopného agenta zastřelit ze zálohy a nešťastnou náhodou zabil jeho malého synka. Od té chvíle je Archer smrtelně nebezpečnému Troyovi v patách. Žene ho touha po pomstě. A velký den odplaty konečně nastal. V divoké honičce a mimořádně dramatické přestřelce Archer vítězí a nebezpečný terorista se v komatu a na prahu smrti ocitá v tajné vězeňské nemocnici. Je ale skutečně dobojováno? Nikoli! Castor a jeho bratr Pollux několik hodin před zatčením umístnili někde v Los Angeles biologickou zbraň, kterou časovaný spínač odpálí přesně za šest dní. Je třeba vypátrat místo, kde je zákeřná bomba uložena. Jde o záchranu desetitisíců životů. S pomocí nejmodernější technologie vědci transplantují Archeovi tvář teroristy Castora. V tomto dokonalém ""převleku"" má ve vězení zjistit od Castorova bratra Polluxe, kde leží bomba. To se Archeovi nakonec podaří, ale na návrat k normálu je už pozdě. Castor se totiž mezitím probral z komatu, ukradl Archeovu tvář a zlikvidoval všechny, kdo o záměně tváří věděli. Psychopatický terorista se tak stal agentem FBI, zatímco skutečný policista s tváří mnohonásobného vraha, trpí v přísně střeženém kriminále. Podaří se mu uprchnout a získat znovu svou pravou identitu?";27.06.1997 Paramount Pictures;muž, žena, smrt, vražda, 20. století, násilí, dívka, tajemství, otec, děti, policie, mládež, manželé, záhady, dcera, syn, útěk, zbraně, vyšetřování, vrah, ženy, oběť (autonehody/zločinu), pátrání, vzpomínky, pomsta, manipulace, lež, intriky, pronásledování, rivalita, kolegové, vězení, souboje, podvod, krev, mrtvola, doktoři, bratři, dům, bolest, smutek, trauma, nenávist, tragédie, nemocnice, zabijáci, umírání, zranění, agenti, nespravedlnost, rvačka, lodě, střelné zbraně, psychopat, šílenství, zoufalství, manželství, krutost, nebezpečí, pocit viny, přestřelka, chladnokrevnost, střelba, hádka, letadla, kněz, sledování, odplata, vztek, pohřeb, policejní stanice, spravedlnost, oběť (někomu/něčemu), sociopat, místo činu, bodné zbraně, pokus o vraždu, sečné zbraně, Los Angeles, období 1990-2000, FBI, těžký úraz, bomba, lítost, kostel, výčitky svědomí, past, nůž, technologie, záměna identit, bratr, samopal, vrtulník, kriminální policie, destrukce, letiště, vězeň, podvodníci, ničení, kancelář, brokovnice, tajný agent, kóma, uprchlý trestanec, zbraně hromadného ničení, odvaha, útěk z vězení, tajná operace, blázni, kouření, počítač, vězeňská cela, vězeňská vzpoura, uprchlíci;John Woo;John Travolta, Nicolas Cage, Joan Allen, Alessandro Nivola, Gina Gershon, Dominique Swain, Nick Cassavetes, Harve Presnell, Colm Feore, John Carroll Lynch;https://srv.tunefindforfans.com/showads/track/srvclk.php?aid=100006796&lp=https://www.disneyplus.com/en-cz/browse/entity-0424d618-7f3e-48d3-a6de-a7521e3b4056<br>https://srv.tunefindforfans.com/showads/track/srvclk.php?aid=100006796&lp=https://www.disneyplus.com/en-cz/browse/entity-0424d618-7f3e-48d3-a6de-a7521e3b4056<br>https://apps.apple.com/cz/app/id6755365206<br>https://play.google.com/store/apps/details?id=cz.csfd.csfdroid<br>;Academy Awards (1x)<br>The Saturn Awards (9x)<br>;The Saturn Awards (2x)<br>;
476448;Legendy Polskie: Jaga;2016;82.61437908496733;13.0;//static.pmgstatic.com/assets/images/050b5bad23b8eb0b4f88f971b8f6a168/empty-image.svg;https://www.csfd.cz/film/476448-legendy-polskie-jaga/;Polsko;Akční / Krátkometrážní / Fantasy;;;;;Tomasz Bagiński;Piotr Machalica, Robert Więckiewicz, Tomasz Drabek, Katarzyna Pośpiech;https://apps.apple.com/cz/app/id6755365206<br>https://play.google.com/store/apps/details?id=cz.csfd.csfdroid<br>;;;
116672;Samuraj;2003;80.9457147301291;116.0;https://image.pmgstatic.com/cache/resized/w420/files/images/film/posters/164/187/164187622_88d9a0.jpg;https://www.csfd.cz/film/116672-samuraj/;Japonsko;Akční / Drama / Krimi / Komedie;Zatóiči;Zavřel jsem oči, abych viděl... Znovu a znovu zpracovávaný příběh legendárního slepého šermíře, který se potuluje krajem a obstarává si živobytí jako masér a hazardní hráč. Komerčně nejúspěšnější film Kitana Takeshiho ve kterém je vše: zrod jakuzy i soumrak potulných samurajů, hypnotický rytmus i podmanivé ladění obrazu ve stylu starých sepiových fotografií... (Eiga-sai);02.09.2003 Shochiku;žena, rodina, smrt, vražda, násilí, tajemství, rodiče, město, záhady, zbraně, vrah, ženy, oběť (autonehody/zločinu), pátrání, pomsta, sourozenci, peníze, souboje, les, divočina, gangsteři, 19. století, gang, podsvětí (svět zločinu), zabijáci, sestry, hory, Japonsko, novověk, tělesné postižení, bandité, slepota, yakuza, hazard, samurajové, gejša, rónin;Takeši Kitano;Takeši Kitano, Mičijo Ókusu, Taka Gadarukanaru, Daigoró Tačibana, Júko Daike, Jui Nacukawa, Ittoku Kišibe, Saburó Išikura, Akira Emoto, Hideboh;https://apps.apple.com/cz/app/id6755365206<br>https://play.google.com/store/apps/details?id=cz.csfd.csfdroid<br>;European Film Awards (1x)<br>Hong Kong Film Awards (1x)<br>Venice Film Festival (1x)<br>;Venice Film Festival (1x)<br>Toronto International Film Festival (1x)<br>Sitges Film Festival (3x)<br>;
395886;Šingeki no kjodžin: kuinaki sentaku;2014;83.09859154929578;;https://image.pmgstatic.com/cache/resized/w420/files/images/film/posters/159/374/159374245_347027.jpg;https://www.csfd.cz/film/395886-singeki-no-kjodzin-kuinaki-sentaku/;Japonsko;Animovaný / Akční / Drama / Fantasy;Shingeki no kyojin: Kuinaki sentaku;První část: V podzemním okrese, kde se občané jenom zřídka kdy dostanou na sluneční svit, Levi společně s Farlanem používá k různým krádežím manévrovací zařízení. Jednoho dne se setkají s dívkou jménem Isabel, která je pronásledována za to, že se snaží dostat z podzemí kvůli tomu, aby dostala zraněného ptáka zpátky na povrch. Rozhodnou se ji přijmout k sobě. Po nějaké době tajemný muž z povrchu použije rukojmích, aby zajistil, že Levi, Farlan a Isabel přijmou práci, která je odměněna povolením žít na povrchu. Poté jsou pronásledováni vojenskou policií, ale tu předběhne průzkumná legie, která je chytí a přinutí výměnou za jejich očištění od zločinů připojit se k průzkumné legii.Druhá část: Levi, Farlan a Isabel začali svůj život u průzkumné legie pod dozoren Flagena, který není zrovna potěšen, že se do legie přidali zločinci. Erwin právě vytvořil novou formaci pro průzkumnou legii, která by pomohla vojákům za hradbami vyhnout se titánům za účelem snížení ztrát na životech a poznamenal, že by chtěl využít schopností těch tří. Levi připomíná žádost od tajemného muže, aby ukradli Erwinovi dokumenty a následně ho zabili. Poté, co nebyli schopni najít onen dokument v Erwinově kanceláři, začali plánovat Erwinovo přepadení během výpravy. Strhne se ale silný déšť a Leviho oddíl včetně Farlana a Isabel je zabit titány. Následně se ukáže, že dokument byl falešný, a Erwin řekne Levimu, ať nelituje a pokračuje dál jako člen průzkumné legie. (MurakamiAiko);;anime;Tecuró Araki, Šintaró Itoga;Romi Paku, Daisuke Ono, Hiroši Janaka, Kenta Mijake, Ikumi Hajama, Kendžiró Cuda, Kódži Jusa, Marija Ise, Takaja Haši, Hitoši Janai;https://apps.apple.com/cz/app/id6755365206<br>https://play.google.com/store/apps/details?id=cz.csfd.csfdroid<br>;;;Hadžime Isajama
