idCsfd;sTitle;iYear;iRating;iRuntime;urlPoster;urlCsfd;sCountry;sGenre;sTitle_EN;sStory;sCopyright;sTags;sDirector;sActor;sAuthor;sPlatforms;sNominated;sWinner
32813;Až opadá listí z dubu;1991;92.43657252273815;26.0;https://image.pmgstatic.com/cache/resized/w420/files/images/film/posters/170/235/170235370_58j1so.png;https://www.csfd.cz/film/32813-az-opada-listi-z-dubu/;Československo;Animovaný / Komedie / Fantasy / Krátkometrážní;When the Leaves Fall from the Oak(festivalový název);Animovaný film, který vznikl podle známé pohádky Jana Wericha z jeho knížky Fimfárum. Čupera propil téměř vše co měl a zadlužil statek. Na jeho poli byl zanedbaný úhor a kdyby měl peníze, tak by se opět opil. Najednou se na jeho poli objeví čert. Ten mu slíbí, že se o jeho pole postará. Čupera se mu musí ovšem upsat tím, že mu dá to, co má doma a právě o tom neví. Čupera se čertu upíše. Přiběhne domů a v chalupě má čerstvě narozeného syna. Úroda na Čuperově poli byla poté rok od roku větší, až se k němu jezdili radit odborníci z celého světa. Za pět let Čuperu přijde navštívit čert. (zdeny99);28.11.2002 Falcon;podle povídky;Vlasta Pospíšilová;Jan Werich;Jan Werich;https://apps.apple.com/cz/app/id6755365206<br>https://play.google.com/store/apps/details?id=cz.csfd.csfdroid<br>;;Zlín Film Festival (1x)<br>
4711;Pán prstenů: Společenstvo Prstenu;2001;90.7561369086549;172.0;https://image.pmgstatic.com/cache/resized/w420/files/images/film/posters/158/600/158600806_7b6c15.jpg;https://www.csfd.cz/film/4711-pan-prstenu-spolecenstvo-prstenu/;USA / Nový Zéland;Fantasy / Dobrodružný / Akční;The Lord of the Rings: The Fellowship of the Ring;Hlavním hrdinou je hobit Frodo Pytlík, který se ve své vlastní domovině zvané Středozemě dostal do samotného centra bitvy mytických proporcí. Bude muset během svého putování prokázat, že moc přátelství a individuální odvahy dokáže úspěšně čelit i těm nejničivějším silám temnoty. Frodova dobrodružství odstartuje dar jeho příbuzného Bilba. Od něj získá magický prsten, který Froda postaví do soboje se silami zla reprezentovanými krutovládcem Sauronem. Ten touží za každou cenu získat prsten, protože je pro něj zdrojem neomezené moci, jedině s jeho pomocí se mu může podařit zotročit lid Středozemě a stát se jeho neomezeným pánem. Ve snaze čelit Sauronovým temným plánům, se musí Frodo spojit se několika dalšími bytostmi. Vytvoří s nimi takzvané Společenstvo složené z jeho přátel, čaroděje, elfa, trpaslíka a dalších pomocníků, se kterými se vydá na cestu na jejímž konci doufají, že se jim podaří prsten jednou provždy zničit. Jejich cesta však prokáže, že nejenom magické prsteny, ale také sounáležitost všech živých bytostí mohou dokázat netušené věci. Musí však čelit nejen nebezpečím, která na ně číhají na územích ovládaných Sauronem, ale i rozkladné moci samotného prstenu.;19.12.2001 New Line Cinema;podle knihy, muž, láska, žena, rodina, smrt, přátelství, přátelé, vražda, násilí, tajemství, otec, rodiče, strach, záhady, dcera, touha, útěk, zbraně, zvířata, oběť (autonehody/zločinu), pátrání, cestování, vzpomínky, vojáci, manipulace, venkov, lež, intriky, pronásledování, putování, sny, rivalita, únos, vesnice, zrada, vězení, boj o přežití, souboje, vášeň, podvod, kamarádi, krev, mrtvola, les, bolest, divočina, smutek, nenávist, tragédie, armáda, naděje, zabijáci, umírání, žárlivost, monstra, zranění, stáří, hory, párty, voda, rvačka, kouzla, zoufalství, sníh, paranoia, panika, duchové, pocit viny, přepadení, chamtivost, koně, dobrodruh, magie, král, posedlost, konspirace, budoucnost, rukojmí, zlo, příroda, bitva, sledování, mučení, závist, dědictví, oslava, legenda, řeka, hospoda, oběť (někomu/něčemu), alkohol, spiknutí, královna, zajatci, odpuštění, loajalita, noc, moc, přízrak, nůž, narozeniny, dobrodružství, jezero, čarodějnictví, strýc, důl, Meč a magie, čarodějové, rytíři, strom, podzemí, synovec, statečnost, slib, kouzelník, vyhnanství, artefakt, elfové, trpaslíci, sekera, stopař, luk a šíp, pivo, neviditelnost, černá magie, skřeti, prsten, orkové, ohňostroj, kouzelná hůl;Peter Jackson;Elijah Wood, Ian McKellen, Viggo Mortensen, Sean Astin, Cate Blanchett, Sean Bean, Liv Tyler, John Rhys-Davies, Billy Boyd, Dominic Monaghan;J.R.R. Tolkien;/tvurce/69116-noel-appleby/prehled/<br>https://www.netflix.com/title/60004480<br>https://www.hbomax.com/cz/en/movies/lord-of-the-rings-the-fellowship-of-the-ring/fb9f961f-6302-4776-91d7-f1b7a69fb61d<br>https://srv.clickfuse.com/ads/adclkr.php?id=100006636&url=https://tv.apple.com/cz/movie/the-lord-of-the-rings-the-fellowship-of-the-ring/umc.cmc.29au6l8rcr4g5zhuwcx0euri1<br>https://www.youtube.com/watch?v=rmhG52BrjGI<br>https://www.netflix.com/title/60004480<br>https://www.hbomax.com/cz/en/movies/lord-of-the-rings-the-fellowship-of-the-ring/fb9f961f-6302-4776-91d7-f1b7a69fb61d<br>https://srv.clickfuse.com/ads/adclkr.php?id=100006636&url=https://tv.apple.com/cz/movie/the-lord-of-the-rings-the-fellowship-of-the-ring/umc.cmc.29au6l8rcr4g5zhuwcx0euri1<br>https://www.youtube.com/watch?v=rmhG52BrjGI<br>https://apps.apple.com/cz/app/id6755365206<br>https://play.google.com/store/apps/details?id=cz.csfd.csfdroid<br>;Academy Awards (9x)<br>British Academy of Film and Television Arts (BAFTA) (8x)<br>Amanda Awards (1x)<br>Golden Globes (4x)<br>Critics Choice Awards (2x)<br>Los Angeles Film Critics Association Awards (1x)<br>The Saturn Awards (7x)<br>;Academy Awards (4x)<br>British Academy of Film and Television Arts (BAFTA) (5x)<br>Goya Awards (1x)<br>Robert Awards (Danish Film Awards) (1x)<br>Critics Choice Awards (2x)<br>Florida Film Critics Circle Awards (1x)<br>Los Angeles Film Critics Association Awards (1x)<br>The Saturn Awards (4x)<br>
4712;Pán prstenů: Návrat krále;2003;90.7253988052255;201.0;https://image.pmgstatic.com/cache/resized/w420/files/images/film/posters/158/600/158600814_9bc57f.jpg;https://www.csfd.cz/film/4712-pan-prstenu-navrat-krale/;USA / Nový Zéland;Fantasy / Dobrodružný / Akční;The Lord of the Rings: The Return of the King;Nadchází čas rozhodující bitvy o přežití Středozemě. Putování jednotlivých členů Společenstva prstenu se dostává do poslední a rozhodující fáze. Čaroděj Gandalf, elf Legolas a trpaslík Gimli spěchají s dědicem trůnu Aragornem na pomoc zemi Gondor, která odolává ohromnému Sauronovu vojsku. Hobiti Frodo a Sam se v doprovodu Gluma snaží dostat hluboko do země Mordor, kde musí v ohních Hory osudu zničit magický Prsten moci. Jedině tak bude síla mocného pána temnot Saurona zlomena. Podaří se jim naplnit poslání Společenstva a zachránit Středozem? A za jakou cenu? (Magic Box);17.12.2003 New Line Cinema;podle knihy, láska, žena, rodina, smrt, přátelství, přátelé, násilí, otec, rodiče, strach, město, dcera, touha, útěk, zbraně, ženy, oběť (autonehody/zločinu), cestování, vzpomínky, vojáci, manipulace, lež, intriky, pronásledování, putování, sny, zrada, boj o přežití, souboje, vášeň, podvod, kamarádi, mrtvola, les, bratři, bolest, divočina, smutek, válka, nenávist, tragédie, armáda, naděje, žárlivost, zranění, hory, voda, rvačka, lodě, kouzla, zoufalství, duchové, pocit viny, přepadení, koně, magie, král, posedlost, zlo, příroda, bitva, sledování, závist, hrdina, dědictví, pohřeb, oběť (někomu/něčemu), ptáci, odpuštění, loajalita, oheň, moc, přízrak, nůž, piráti, prokletí, draci, čarodějnictví, strýc, jeskyně, Meč a magie, čarodějové, stalking, Wilhelm scream, rytíři, kletba, žoldáci, slib, tajná láska, sopka, kouzelník, neteř, pavouci, artefakt, bratranec, elfové, trpaslíci, sekera, luk a šíp, upálení, sestřenice, maják, neviditelnost, černá magie, láva, skřeti, prsten, korunovace, kouzelná hůl;Peter Jackson;Elijah Wood, Billy Boyd, Dominic Monaghan, Sean Astin, Ian McKellen, Viggo Mortensen, Orlando Bloom, Liv Tyler, Christopher Lee, Cate Blanchett;J.R.R. Tolkien;/tvurce/69116-noel-appleby/prehled/<br>https://www.netflix.com/title/60004484<br>https://www.hbomax.com/cz/en/movies/lord-of-the-rings-the-return-of-the-king/ad704585-6774-4d37-8c61-1bd41154173f<br>https://srv.clickfuse.com/ads/adclkr.php?id=100006636&url=https://tv.apple.com/cz/movie/the-lord-of-the-rings-the-return-of-the-king/umc.cmc.6zzj5v5pa8iqxujpxh3p7j97f<br>https://www.youtube.com/watch?v=MoRfHlQaOVw<br>https://www.netflix.com/title/60004484<br>https://www.hbomax.com/cz/en/movies/lord-of-the-rings-the-return-of-the-king/ad704585-6774-4d37-8c61-1bd41154173f<br>https://srv.clickfuse.com/ads/adclkr.php?id=100006636&url=https://tv.apple.com/cz/movie/the-lord-of-the-rings-the-return-of-the-king/umc.cmc.6zzj5v5pa8iqxujpxh3p7j97f<br>https://www.youtube.com/watch?v=MoRfHlQaOVw<br>https://apps.apple.com/cz/app/id6755365206<br>https://play.google.com/store/apps/details?id=cz.csfd.csfdroid<br>;British Academy of Film and Television Arts (BAFTA) (8x)<br>Robert Awards (Danish Film Awards) (1x)<br>New York Film Critics Circle Awards (1x)<br>The Saturn Awards (6x)<br>;Academy Awards (11x)<br>British Academy of Film and Television Arts (BAFTA) (5x)<br>Amanda Awards (1x)<br>Golden Globes (4x)<br>Critics Choice Awards (4x)<br>Florida Film Critics Circle Awards (3x)<br>Los Angeles Film Critics Association Awards (2x)<br>New York Film Critics Circle Awards (1x)<br>The Saturn Awards (9x)<br>
243215;Sim Salabim;2008;90.41283321538099;5.0;https://image.pmgstatic.com/cache/resized/w420/files/images/film/posters/042/872/42872834_1766f1.jpg;https://www.csfd.cz/film/243215-sim-salabim/;USA;Krátkometrážní / Animovaný / Komedie / Fantasy;Presto;Důstojnost. Vyrovnanost. Záhadnost. Nic jiného ani od skvělého jevištního kouzelníka Presta žijícího na přelomu století neočekáváme. Když ale Presto už poněkolikáté zapomene nakrmit svého králíčka z klobouku, začnou se dít vskutku velmi zábavné, záludné, ale i nebezpečné věci, které by nikdo nečekal! Sledujte čím dál vyhrocenější rošťárny úžasného Presta, jeho králíka Aleca, a staňte se svědky toho, co se stane na jevišti, když ego kouzelnické hvězdy vyprovokuje jeho zanedbávaného parťáka k důmyslné pomstě. (HBO Europe);Na DVD od 17.10.2012 Magic Box;pomsta, kouzla, kouzelník, zajíci;Doug Sweetland;Doug Sweetland;;http://www.hbo.eu<br>http://www.hbo.eu<br>https://apps.apple.com/cz/app/id6755365206<br>https://play.google.com/store/apps/details?id=cz.csfd.csfdroid<br>;Academy Awards (1x)<br>;
47384;Cesta na Měsíc;1902;90.06558400999376;13.0;https://image.pmgstatic.com/cache/resized/w420/files/images/film/posters/162/502/162502769_262065.png;https://www.csfd.cz/film/47384-cesta-na-mesic/;Francie;Krátkometrážní / Sci-Fi / Dobrodružný / Fantasy;Le Voyage dans la Lune;V květnu 1902 Georges Méliès natočil film, Cesta na Měsíc. Do kin šel v černobílé a také barevné verzi, ručně kolorovaný. V té době byl považován za celovečerní film – kolem 14 minut – a stal se celosvětovým úspěchem. První blockbuster v historii filmu byl však okamžitě zkopírován a plagován. V roce 1913 se Georges Méliès rozhodl na protest spálit sadu negativů tohoto snímku. Jedna černobílá kopie však přežila. Barevná verze byla považována za ztracenou. Až do roku 1993…;18.10.2012 Film Europe;podle knihy, černobílý film, němý film, 19. století, mimozemšťané, vesmír, Měsíc;Georges Méliès;Georges Méliès, Victor André, Henri Delannoy, Bleuette Bernon, Jeanne d'Alcy;H.G. Wells, Jules Verne;https://srv.clickfuse.com/ads/adclkr.php?id=100006636&url=https://tv.apple.com/cz/movie/a-trip-to-the-moon/umc.cmc.3m1eb5ovqsc3jgtxuvn3xdxpt<br>https://srv.clickfuse.com/ads/adclkr.php?id=100006636&url=https://tv.apple.com/cz/movie/a-trip-to-the-moon/umc.cmc.3m1eb5ovqsc3jgtxuvn3xdxpt<br>https://apps.apple.com/cz/app/id6755365206<br>https://play.google.com/store/apps/details?id=cz.csfd.csfdroid<br>;;
8650;Dobyvatelé ztracené archy;1981;89.88069842774749;115.0;https://image.pmgstatic.com/cache/resized/w420/files/images/film/posters/167/669/167669323_powhec.png;https://www.csfd.cz/film/8650-dobyvatele-ztracene-archy/;USA;Dobrodružný / Akční / Drama / Fantasy;Indiana Jones a dobyvatelé ztracené archy;Rok 1936, Amazon/Tibet/Egypt. Legendární filmoví tvůrci, Steven Spielberg a George Lucas spojili své talenty a vytvořili Indiana Jonese, archeologa dovedně se ohánějícího bičem. Indy (Harrison Ford) je pověřen vládou Spojených států, aby našel Archu úmluvy se zvláštní mystickou silou, kterou chtějí získat pro své nekalé cíle nacisté. Indy uzavírá spojenectví s Marion Ravenwood a tato dvojice spolu prožívá jedno strhující dobrodružství za druhým. Indiana Jones se rychle stal jedním z nejpopulárnějších filmových hrdinů. A tak, ať již vidíte Dobyvatele ztracené archy poprvé nebo postoprvé, prožíváte vzrušující dobrodružství s nimi. Je to jedno z nejlepších filmových dobrodružství všech dob!;12.06.1981 Paramount Pictures;láska, smrt, útěk, zbraně, škola, podvod, ostrov, nacisté, indiáni, letadla, poušť, past, rituál, archeologie, ponorky, Wilhelm scream, hadi, pavouci, loď v ohrožení, artefakt, lovci pokladů, Egypt;Steven Spielberg;Harrison Ford, Karen Allen, John Rhys-Davies, Paul Freeman, Ronald Lacey, Wolf Kahler, Alfred Molina, Denholm Elliott, Anthony Higgins, Frank Marshall;;https://www.skyshowtime.com/cz/stream/movies/indiana-jones-a-dobyvatele-ztracene-archy/9012ad20-45d0-3c75-8790-b0e0533e8303<br>https://srv.clickfuse.com/ads/adclkr.php?id=100006636&url=https://tv.apple.com/cz/movie/indiana-jones-and-the-raiders-of-the-lost-ark/umc.cmc.askk2uyh039pu6ik4h8kv4dn<br>https://www.youtube.com/watch?v=gBUjzQqZ32M<br>https://www.skyshowtime.com/cz/stream/movies/indiana-jones-a-dobyvatele-ztracene-archy/9012ad20-45d0-3c75-8790-b0e0533e8303<br>https://srv.clickfuse.com/ads/adclkr.php?id=100006636&url=https://tv.apple.com/cz/movie/indiana-jones-and-the-raiders-of-the-lost-ark/umc.cmc.askk2uyh039pu6ik4h8kv4dn<br>https://www.youtube.com/watch?v=gBUjzQqZ32M<br>https://apps.apple.com/cz/app/id6755365206<br>https://play.google.com/store/apps/details?id=cz.csfd.csfdroid<br>;Academy Awards (4x)<br>British Academy of Film and Television Arts (BAFTA) (6x)<br>César Awards (1x)<br>Golden Globes (1x)<br>The Saturn Awards (2x)<br>;Academy Awards (4x)<br>British Academy of Film and Television Arts (BAFTA) (1x)<br>The Saturn Awards (8x)<br>
8641;Indiana Jones a Poslední křížová výprava;1989;89.71304551243729;127.0;https://image.pmgstatic.com/cache/resized/w420/files/images/film/posters/167/669/167669326_msunqb.png;https://www.csfd.cz/film/8641-indiana-jones-a-posledni-krizova-vyprava/;USA;Dobrodružný / Akční / Drama / Fantasy;Indiana Jones a poslední křižácké tažení(neoficiální název);"Rok 1938, Priceton/Venice the Holy Land. Indiana Jones si už potřetí nasazuje svůj pomačkaný klobouk, jenomže tentokrát se k němu v tomto napínavém filmu přidává i jeho tatínek (Sean Connery). Tvůrci filmu se postarali o to, aby duo otec - syn netrpělo nedostatkem dobrodružných situací. Oba Jonesové se vydávají hledat tajuplný ""Svatý grál"". Jen o vlásek se jim daří v nebezpečných honičkách unikat před záludnými nepřáteli. Toto skvělé třetí pokračování je víc než pouhým vyvrcholením Indyho pozoruhodných příběhů. Je to největší dobrodružství filmové historie.";24.05.1989 Paramount Pictures;láska, žena, smrt, děti, útěk, náboženství, víra, lodě, nacisté, koně, vlak, letadla, poušť, motorky, požár, hrad, sekta, past, rituál, archeologie, Berlín, Wilhelm scream, deník, tank, artefakt, lovci pokladů, Benátky, vzducholoď;Steven Spielberg;Harrison Ford, Sean Connery, Denholm Elliott, Alison Doody, John Rhys-Davies, Julian Glover, River Phoenix, Michael Byrne, Kevork Malikyan, Alex Hyde-White;;https://www.skyshowtime.com/cz/stream/movies/indiana-jones-a-posledni-krizova-vyprava/2fe9e93e-9586-31c3-9a8b-47ee198bb596<br>https://srv.clickfuse.com/ads/adclkr.php?id=100006636&url=https://tv.apple.com/cz/movie/indiana-jones-and-the-last-crusade/umc.cmc.38jpsigo8blaihrqu8h445cld<br>https://www.youtube.com/watch?v=N3q_PubAERk<br>https://www.skyshowtime.com/cz/stream/movies/indiana-jones-a-posledni-krizova-vyprava/2fe9e93e-9586-31c3-9a8b-47ee198bb596<br>https://srv.clickfuse.com/ads/adclkr.php?id=100006636&url=https://tv.apple.com/cz/movie/indiana-jones-and-the-last-crusade/umc.cmc.38jpsigo8blaihrqu8h445cld<br>https://www.youtube.com/watch?v=N3q_PubAERk<br>https://apps.apple.com/cz/app/id6755365206<br>https://play.google.com/store/apps/details?id=cz.csfd.csfdroid<br>;Academy Awards (2x)<br>British Academy of Film and Television Arts (BAFTA) (3x)<br>Golden Globes (1x)<br>The Saturn Awards (4x)<br>;Academy Awards (1x)<br>The Saturn Awards (1x)<br>
5238;Star Wars: Epizoda V - Impérium vrací úder;1980;89.04106478985157;124.0;https://image.pmgstatic.com/cache/resized/w420/files/images/film/posters/162/398/162398465_dc9ff3.jpg;https://www.csfd.cz/film/5238-star-wars-epizoda-v-imperium-vraci-uder/;USA;Sci-Fi / Dobrodružný / Fantasy / Akční;Hvězdné války: Epizoda V - Impérium vrací úder;"Nastaly temné časy pro Povstání. I přes to, že ""Hvězda smrti"" byla zničena, imperiální jednotky vyhnaly Rebely z jejich tajné základny a pronásledovaly je po celé Galaxii. Aby se vyhnula střetu s hrůzostrašnou Imperiální flotilou, skupina svobodných pilotů vedená Lukem Skywalkerem vybudovala novou tajnou základnu na opuštěné ledové planetě Hothu. Imperátorův pobočník Darth Vader, posedlý hledáním mladého Skywalkera, však vyslal tisíce sond do všech koutů vesmíru...";20.06.1980 20th Century Fox;otec, syn, útěk, zbraně, vojáci, zrada, souboje, monstra, mimozemšťané, sníh, duchové, vesmír, džungle, roboti, odboj, princezna, vesmírná loď, výcvik, Wilhelm scream, povstání, lovci lidí, Star Wars, tank, vojenská základna, stíhačky, asteroid;Irvin Kershner;Mark Hamill, Harrison Ford, Carrie Fisher, Billy Dee Williams, Anthony Daniels, David Prowse, Peter Mayhew, Frank Oz, Alec Guinness, Jeremy Bulloch;;https://srv.tunefindforfans.com/showads/track/srvclk.php?aid=100006796&lp=https://www.disneyplus.com/en-cz/browse/entity-0f5c5223-f4f6-46ef-ba8a-69cb0e17d8d3<br>https://srv.clickfuse.com/ads/adclkr.php?id=100006636&url=https://tv.apple.com/cz/movie/star-wars-the-empire-strikes-back/umc.cmc.3vabzkcmuoxxm3r3ng9q4rgh9<br>https://www.youtube.com/watch?v=yqCqxluBT8Y<br>https://srv.tunefindforfans.com/showads/track/srvclk.php?aid=100006796&lp=https://www.disneyplus.com/en-cz/browse/entity-0f5c5223-f4f6-46ef-ba8a-69cb0e17d8d3<br>https://srv.clickfuse.com/ads/adclkr.php?id=100006636&url=https://tv.apple.com/cz/movie/star-wars-the-empire-strikes-back/umc.cmc.3vabzkcmuoxxm3r3ng9q4rgh9<br>https://www.youtube.com/watch?v=yqCqxluBT8Y<br>/film/1178727-disney-gallery-star-wars-boba-fett-zakon-podsveti/prehled/<br>/film/849599-disney-galerie-star-wars-mandalorian/prehled/<br>https://apps.apple.com/cz/app/id6755365206<br>https://play.google.com/store/apps/details?id=cz.csfd.csfdroid<br>;Academy Awards (2x)<br>British Academy of Film and Television Arts (BAFTA) (2x)<br>Golden Globes (1x)<br>The Saturn Awards (5x)<br>;Academy Awards (1x)<br>British Academy of Film and Television Arts (BAFTA) (1x)<br>The Saturn Awards (5x)<br>
4713;Pán prstenů: Dvě věže;2002;88.90030832476876;172.0;https://image.pmgstatic.com/cache/resized/w420/files/images/film/posters/158/600/158600807_ea3544.jpg;https://www.csfd.cz/film/4713-pan-prstenu-dve-veze/;USA / Nový Zéland;Fantasy / Dobrodružný / Akční;The Lord of the Rings: The Two Towers;Druhý díl filmové ságy o nebezpečném putování jehož cílem má být zničení prokletého prstenu moci začíná tam kde první skončil. Opět je hlavním hrdinou hobit Frodo. Ten se získal od svého příbuzného Bilba magický prsten po kterém touží temný Sauron a tak se dostal do samotného centra souboje mezi silami světla a temnot. Frodo jako vůdce společenství složeného z jeho přátel, kouzelníka, elfa, trpaslíka a dalších pomocníků pokračuje na cestě na vrchol sopky, aby zde prsten jednou provždy zničil. První díl byl nominován na Zlatý glóbus a získal cenu AFI. Díky zájmu diváků překročil zisk 350 milionů dolarů a především přesvědčil příznivce knihy, že tento dnes již klasický příběh lze úspěšně zfilmovat. V nezměněné sestavě vám teď tvůrci předkládají druhý díl fantaskního putování.;18.12.2002 New Line Cinema;podle knihy, muž, láska, žena, rodina, smrt, přátelství, přátelé, násilí, dívka, otec, děti, strach, touha, syn, útěk, chlapec, zbraně, ženy, zvířata, oběť (autonehody/zločinu), cestování, vzpomínky, pomsta, sourozenci, vojáci, manipulace, venkov, lež, intriky, pronásledování, putování, rivalita, únos, vesnice, zrada, souboje, vášeň, podvod, kamarádi, mrtvola, les, bolest, divočina, smutek, nenávist, tragédie, armáda, naděje, zabijáci, žárlivost, zranění, stáří, rvačka, kouzla, zoufalství, přepadení, koně, dobrodruh, magie, předsudky, konspirace, rukojmí, špioni, zlo, příroda, bitva, sledování, závist, hrdina, legenda, pohřeb, řeka, výbuch, oběť (někomu/něčemu), spiknutí, zajatci, odpuštění, loajalita, noc, oheň, moc, nůž, dobrodružství, čarodějnictví, jeskyně, Meč a magie, čarodějové, vlci, Wilhelm scream, rytíři, strom, kouzelník, neteř, artefakt, bratranec, elfové, pevnost, špionáž, trpaslíci, sekera, stopař, luk a šíp, sestřenice, rabování, černá magie, skřeti, prsten, orkové, kouzelná hůl;Peter Jackson;Elijah Wood, Ian McKellen, Viggo Mortensen, Sean Astin, Liv Tyler, Billy Boyd, John Rhys-Davies, Dominic Monaghan, Christopher Lee, Miranda Otto;J.R.R. Tolkien;https://www.netflix.com/title/60004483<br>https://www.hbomax.com/cz/en/movies/lord-of-the-rings-the-two-towers/1b73bd19-1229-4e5f-986a-ae38ac0f5476<br>https://srv.clickfuse.com/ads/adclkr.php?id=100006636&url=https://tv.apple.com/cz/movie/the-lord-of-the-rings-the-two-towers/umc.cmc.6vre5k3uptb2mrfml73kd9veg<br>https://www.youtube.com/watch?v=o7mmKIiHG0Q<br>https://www.netflix.com/title/60004483<br>https://www.hbomax.com/cz/en/movies/lord-of-the-rings-the-two-towers/1b73bd19-1229-4e5f-986a-ae38ac0f5476<br>https://srv.clickfuse.com/ads/adclkr.php?id=100006636&url=https://tv.apple.com/cz/movie/the-lord-of-the-rings-the-two-towers/umc.cmc.6vre5k3uptb2mrfml73kd9veg<br>https://www.youtube.com/watch?v=o7mmKIiHG0Q<br>https://apps.apple.com/cz/app/id6755365206<br>https://play.google.com/store/apps/details?id=cz.csfd.csfdroid<br>;Academy Awards (4x)<br>British Academy of Film and Television Arts (BAFTA) (7x)<br>Robert Awards (Danish Film Awards) (1x)<br>Amanda Awards (1x)<br>Golden Globes (2x)<br>Critics Choice Awards (2x)<br>The Saturn Awards (8x)<br>;Academy Awards (2x)<br>British Academy of Film and Television Arts (BAFTA) (3x)<br>Critics Choice Awards (1x)<br>The Saturn Awards (4x)<br>
6169;Star Wars: Epizoda IV - Nová naděje;1977;87.65512335950683;121.0;https://image.pmgstatic.com/cache/resized/w420/files/images/film/posters/162/398/162398464_ac2bec.jpg;https://www.csfd.cz/film/6169-star-wars-epizoda-iv-nova-nadeje/;USA;Sci-Fi / Dobrodružný / Fantasy / Akční;Hvězdné války: Epizoda IV - Nová naděje;Rytíři Jedi byli vyhlazeni a Impérium vládne galaxii pevnou rukou. Malá skupina povstalců se odváží vzdorovat a ukradne plány k nejmocnější zbrani Impéria, Hvězdě smrti. Imperátorův nejvěrnější služebník, Darth Vader, musí najít plány a skrytou základnu povstalců. Zpráva o princezně Lei a vůdci rebelů se dostane až k obyčejnému farmáři, Lukovi Skywalkerovi. Ten se řídí svým osudem, zachraňuje princeznu a pomáhá povstalcům svrhnout Impérium společně s takovými nezapomenutelnými spojenci jako: Obi-Wan Kenobi, domýšlivý Han Solo, loajální Chewbacca a droidové R2-D2 a C3PO.;25.05.1977 20th Century Fox;láska, útěk, vojáci, vězení, naděje, mimozemšťané, vesmír, poušť, zlo, roboti, odboj, princezna, vesmírná loď, pašování, Wilhelm scream, povstání, Star Wars, vesmírná stanice, stíhačky;George Lucas;Mark Hamill, Harrison Ford, Carrie Fisher, Peter Cushing, Alec Guinness, Anthony Daniels, Peter Mayhew, David Prowse, Alex Mccrindle, James Earl Jones;;https://srv.tunefindforfans.com/showads/track/srvclk.php?aid=100006796&lp=https://www.disneyplus.com/en-cz/browse/entity-9a280e53-fcc0-4e17-a02c-b1f40913eb0b<br>https://srv.clickfuse.com/ads/adclkr.php?id=100006636&url=https://tv.apple.com/cz/movie/star-wars-episode-iv---a-new-hope/umc.cmc.2o65qvudvwq1l1rqjlbyfszwn<br>https://www.youtube.com/watch?v=JCJok0L_aYc<br>https://srv.tunefindforfans.com/showads/track/srvclk.php?aid=100006796&lp=https://www.disneyplus.com/en-cz/browse/entity-9a280e53-fcc0-4e17-a02c-b1f40913eb0b<br>https://srv.clickfuse.com/ads/adclkr.php?id=100006636&url=https://tv.apple.com/cz/movie/star-wars-episode-iv---a-new-hope/umc.cmc.2o65qvudvwq1l1rqjlbyfszwn<br>https://www.youtube.com/watch?v=JCJok0L_aYc<br>/film/1178727-disney-gallery-star-wars-boba-fett-zakon-podsveti/prehled/<br>/film/849599-disney-galerie-star-wars-mandalorian/prehled/<br>https://apps.apple.com/cz/app/id6755365206<br>https://play.google.com/store/apps/details?id=cz.csfd.csfdroid<br>;Academy Awards (4x)<br>British Academy of Film and Television Arts (BAFTA) (4x)<br>Golden Globes (3x)<br>The Saturn Awards (5x)<br>San Sebastián International Film Festival (1x)<br>;Academy Awards (6x)<br>British Academy of Film and Television Arts (BAFTA) (2x)<br>Golden Globes (1x)<br>Los Angeles Film Critics Association Awards (2x)<br>The Saturn Awards (15x)<br>
66830;Coco;2017;87.57549730305423;105.0;https://image.pmgstatic.com/cache/resized/w420/files/images/film/posters/162/252/162252779_2b3d0c.jpg;https://www.csfd.cz/film/66830-coco/;USA;Animovaný / Komedie / Rodinný / Fantasy / Dobrodružný / Hudební;Coco;Navzdory prazvláštnímu rodinnému zákazu muziky se Miguel touží stát uznávaným hudebníkem jako je jeho idol, Ernesto de la Cruz. V touze dokázat svůj talent se Miguel souhrou neuvěřitelných okolností ocitne v překrásné a barevné Říši mrtvých. Tam potká okouzlujícího šejdíře Hectora a společně se vypraví na strhující cestu odhalit skutečný příběh Miguelovy rodiny. (Falcon);22.11.2017 Walt Disney US;muž, láska, žena, rodina, smrt, přátelství, přátelé, děti, rodiče, strach, mládež, chlapec, vzpomínky, manipulace, lež, intriky, hudba, rivalita, podvod, kamarádi, nenávist, naděje, podsvětí (svět zločinu), psi, hudebník, zoufalství, muzikant, duchové, pocit viny, chamtivost, dobrodruh, hudební skladatel, tradice, odpuštění, loajalita, lítost, výčitky svědomí, Mexiko, rodičovství, dobrodružství, výchova dětí, kytara, svátky, posmrtný život, kostlivci;Lee Unkrich, Adrian Molina;Anthony Gonzalez, Gael García Bernal, Benjamin Bratt, Alanna Ubach, Edward James Olmos, Gabriel Iglesias, Jaime Camil, Cheech Marin, Alfonso Arau, Lombardo Boyar;;https://srv.tunefindforfans.com/showads/track/srvclk.php?aid=100006796&lp=https://www.disneyplus.com/en-cz/browse/entity-ce1ccdca-f468-4960-b67c-026b01ba42ab<br>https://srv.clickfuse.com/ads/adclkr.php?id=100006636&url=https://tv.apple.com/cz/movie/coco/umc.cmc.5y1554je00oslx5xtkxv9uk7s<br>https://srv.tunefindforfans.com/showads/track/srvclk.php?aid=100006796&lp=https://www.disneyplus.com/en-cz/browse/entity-ce1ccdca-f468-4960-b67c-026b01ba42ab<br>https://srv.clickfuse.com/ads/adclkr.php?id=100006636&url=https://tv.apple.com/cz/movie/coco/umc.cmc.5y1554je00oslx5xtkxv9uk7s<br>https://apps.apple.com/cz/app/id6755365206<br>https://play.google.com/store/apps/details?id=cz.csfd.csfdroid<br>;Golden Globes (1x)<br>Los Angeles Film Critics Association Awards (1x)<br>;Academy Awards (2x)<br>British Academy of Film and Television Arts (BAFTA) (1x)<br>Golden Globes (1x)<br>Critics Choice Awards (2x)<br>Florida Film Critics Circle Awards (1x)<br>New York Film Critics Circle Awards (1x)<br>The Saturn Awards (2x)<br>
6172;Star Wars: Epizoda III - Pomsta Sithů;2005;87.49394181339385;140.0;https://image.pmgstatic.com/cache/resized/w420/files/images/film/posters/158/598/158598197_23dfd6.jpg;https://www.csfd.cz/film/6172-star-wars-epizoda-iii-pomsta-sithu/;USA;Sci-Fi / Fantasy / Dobrodružný / Akční;Star Wars: Episode III - Revenge of the Sith;V třetí epizodě ságy Star Wars zuří Klonové války, které prohloubily rozpory mezi kancléřem Palpatinem a Radou Jediů. Mladý rytíř Jedi Anakin Skywalker se musí rozhodnout, na čí straně bude stát. Podlehne slibům moci a pokušení Temné strany, vstoupí do služeb zlého Darth Sidiouse a stane se z něj Darth Vader. Sithští lordové se chtějí společně pomstít a prvním krokem jejich plánu je likvidace Jediů. Pouze Yoda a Obi-Wan přežijí a musejí se Sithům postavit, což vede k dramatickému souboji světelnými meči mezi Anakinem a Obi-Wanem, který rozhodne o osudu galaxie.;19.05.2005 20th Century Fox;láska, smrt, vražda, tajemství, děti, strach, útěk, pomsta, politika, vojáci, intriky, zrada, souboje, armáda, naděje, těhotenství, mimozemšťané, korupce, vesmír, bitva, roboti, vesmírná loď, genocida, diktátor, Wilhelm scream, Star Wars, vesmírná stanice, stíhačky, vesmírná nehoda;George Lucas;Ewan McGregor, Natalie Portman, Hayden Christensen, Ian McDiarmid, Samuel L. Jackson, Jimmy Smits, Frank Oz, Anthony Daniels, Christopher Lee, Keisha Castle-Hughes;;https://srv.tunefindforfans.com/showads/track/srvclk.php?aid=100006796&lp=https://www.disneyplus.com/en-cz/browse/entity-eb1e2c5f-69bf-4240-a61f-7ffc4e0311b3<br>https://srv.clickfuse.com/ads/adclkr.php?id=100006636&url=https://tv.apple.com/cz/movie/star-wars-episode-iii--revenge-of-the-sith/umc.cmc.5nolvqgurfe17eln52s0b7j6j<br>https://www.youtube.com/watch?v=-80NfACIcq8<br>https://srv.tunefindforfans.com/showads/track/srvclk.php?aid=100006796&lp=https://www.disneyplus.com/en-cz/browse/entity-eb1e2c5f-69bf-4240-a61f-7ffc4e0311b3<br>https://srv.clickfuse.com/ads/adclkr.php?id=100006636&url=https://tv.apple.com/cz/movie/star-wars-episode-iii--revenge-of-the-sith/umc.cmc.5nolvqgurfe17eln52s0b7j6j<br>https://www.youtube.com/watch?v=-80NfACIcq8<br>/film/1178727-disney-gallery-star-wars-boba-fett-zakon-podsveti/prehled/<br>/film/849599-disney-galerie-star-wars-mandalorian/prehled/<br>https://apps.apple.com/cz/app/id6755365206<br>https://play.google.com/store/apps/details?id=cz.csfd.csfdroid<br>;Academy Awards (1x)<br>The Saturn Awards (9x)<br>;The Saturn Awards (2x)<br>Golden Raspberry Awards (Razzies) (1x)<br>
10103;Cesta do pravěku;1955;87.43514725960601;93.0;https://image.pmgstatic.com/cache/resized/w420/files/images/film/posters/163/384/163384743_ed9ba5.jpg;https://www.csfd.cz/film/10103-cesta-do-praveku/;Československo;Dobrodružný / Fantasy / Rodinný / Sci-Fi;Cesta do praveku;Celovečerní kombinovaný fantasticko - dobrodružný film, který ukazuje prehistorická stadia vzniku Země, flory a fauny. Nález pravěké zkameněliny je pro čtyři zvídavé kluky výzvou k výpravě do dávné minulosti. Na malé pramičce postupně proplouvají dobou ledovou přes třetihory a druhohory až na samý počátek života na planetě Zemi, přičemž zažijí nejrůznější, mnohdy i nebezpečná dobrodružství.;05.08.1955 Rozdělovna filmů Československého státního filmu;přátelství, přátelé, tajemství, děti, chlapec, zvířata, cestování, putování, souboje, divočina, hory, lodě, cestování časem, řeka, ptáci, ryby, bouře, jeskyně, dinosauři, deník, stop motion animace, krokodýli, pravěk, rybaření, bažina, ještěři, fosílie, mamuti, nosorožci, trilobiti, mloci;Karel Zeman;Vladimír Bejval, Petr Herrmann, Josef Lukáš, Zdeněk Husták, Bedřich Šetena;;https://srv.clickfuse.com/ads/adclkr.php?id=100006636&url=https://tv.apple.com/cz/movie/journey-to-the-beginning-of-time/umc.cmc.70cvr66u72steyoal13msfawx<br>https://www.youtube.com/watch?v=CAj8TbWlkBg<br>https://srv.clickfuse.com/ads/adclkr.php?id=100006636&url=https://tv.apple.com/cz/movie/journey-to-the-beginning-of-time/umc.cmc.70cvr66u72steyoal13msfawx<br>https://www.youtube.com/watch?v=CAj8TbWlkBg<br>https://apps.apple.com/cz/app/id6755365206<br>https://play.google.com/store/apps/details?id=cz.csfd.csfdroid<br>;The Saturn Awards (1x)<br>;
6474;Star Wars: Epizoda VI - Návrat Jediů;1983;87.17360599361336;131.0;https://image.pmgstatic.com/cache/resized/w420/files/images/film/posters/162/398/162398468_0f5cec.jpg;https://www.csfd.cz/film/6474-star-wars-epizoda-vi-navrat-jediu/;USA;Sci-Fi / Dobrodružný / Fantasy / Akční;Star Wars: Epizoda VI - Návrat Jediho;Luke Skywalker se vrátil na svou rodnou planetu Tatooine ve snaze zachránit svého přítele Hana Sola z pazourů zlého gangstera Jabba Hutta. Málo však Luke ví o tom, že GALAKTICKÉ IMPÉRIUM začalo tajně stavět novou obrněnou bojovou vesmírnou stanici, která je ještě silnější než ta první - obávaná Hvězda Smrti. Po dokončení by tato zbraň přinesla jistou zkázu malé skupině rebelů, bojujících za znovuobnovení svobody v Galaxii...;25.05.1983 20th Century Fox;smrt, zbraně, pomsta, sourozenci, vojáci, souboje, les, válka, naděje, mimozemšťané, vesmír, poušť, bitva, roboti, odboj, princezna, vesmírná loď, diktátor, Wilhelm scream, povstání, lovci lidí, Star Wars, tank, vojenská základna, vesmírná stanice, stíhačky, vesmírná nehoda;Richard Marquand;Mark Hamill, Harrison Ford, Carrie Fisher, Billy Dee Williams, Anthony Daniels, Peter Mayhew, Ian McDiarmid, Frank Oz, James Earl Jones, David Prowse;;https://srv.tunefindforfans.com/showads/track/srvclk.php?aid=100006796&lp=https://www.disneyplus.com/en-cz/browse/entity-4b6e7cda-daa5-4f2d-9b61-35bbe562c69c<br>https://srv.clickfuse.com/ads/adclkr.php?id=100006636&url=https://tv.apple.com/cz/movie/star-wars-episode-vi---return-of-the-jedi/umc.cmc.3ggalukb7xb5pf1gfgdlwkcx<br>https://www.youtube.com/watch?v=oQlXpbC69DU<br>https://srv.tunefindforfans.com/showads/track/srvclk.php?aid=100006796&lp=https://www.disneyplus.com/en-cz/browse/entity-4b6e7cda-daa5-4f2d-9b61-35bbe562c69c<br>https://srv.clickfuse.com/ads/adclkr.php?id=100006636&url=https://tv.apple.com/cz/movie/star-wars-episode-vi---return-of-the-jedi/umc.cmc.3ggalukb7xb5pf1gfgdlwkcx<br>https://www.youtube.com/watch?v=oQlXpbC69DU<br>/film/1178727-disney-gallery-star-wars-boba-fett-zakon-podsveti/prehled/<br>/film/849599-disney-galerie-star-wars-mandalorian/prehled/<br>https://apps.apple.com/cz/app/id6755365206<br>https://play.google.com/store/apps/details?id=cz.csfd.csfdroid<br>;Academy Awards (4x)<br>British Academy of Film and Television Arts (BAFTA) (3x)<br>The Saturn Awards (6x)<br>;British Academy of Film and Television Arts (BAFTA) (1x)<br>The Saturn Awards (6x)<br>
22205;Princezna Mononoke;1997;87.01627960300043;133.0;https://image.pmgstatic.com/cache/resized/w420/files/images/film/posters/167/998/167998287_3uzviw.png;https://www.csfd.cz/film/22205-princezna-mononoke/;Japonsko;Animovaný / Dobrodružný / Fantasy;Mononoke hime;Za dávných časů, v divokých hvozdech Japonska začíná mýtický boj mezi rozrůstající se civilizací lidí a zvířecími božstvy, která vládnou lesům. A také příběh lásky lidského dítěte vlčí bohyně - princezny Mononoke - a válečníka věřícího v mír mezi lidmi a přírodou - prince Ashitaky.;12.07.1997 Toho Company;násilí, anime, les, démoni, bohové, kletba, samurajové, 14. století;Hajao Mijazaki;Júko Tanaka, Jódži Macuda, Kaoru Kobajaši, Tecu Watanabe, Juriko Išida, Masahiko Nišimura, Jošimasa Kondó, Takako Fudži, Hisaja Morišige, Tošio Suzuki;;https://www.netflix.com/title/28630857<br>/novinky/6372-studio-ghibli-zamiri-na-netflix/<br>/novinky/6372-studio-ghibli-zamiri-na-netflix/<br>/novinky/6372-studio-ghibli-zamiri-na-netflix/<br>https://www.netflix.com/title/28630857<br>https://apps.apple.com/cz/app/id6755365206<br>https://play.google.com/store/apps/details?id=cz.csfd.csfdroid<br>;;The Saturn Awards (1x)<br>
36806;Mickeyho vánoční koleda;1983;88.34782608695652;25.0;https://image.pmgstatic.com/cache/resized/w420/files/images/film/posters/000/076/76469_bfe0ef.jpg;https://www.csfd.cz/film/36806-mickeyho-vanocni-koleda/;USA;Rodinný / Fantasy / Krátkometrážní / Animovaný;Mickey's Christmas Carol;Příběh tohoto krátkého animovaného filmu, ve kterém vystupuje spousta postav z Disneyho animovaných pohádek, začíná těsně před Vánoci. Všichni se těší, zdobí stromečky, chystají sve domovy, jen Skrblík o Vánocích nemůže ani slyšet a myslí stále jen na své peníze. Odmítne pozvání na vánoční hostinu, nechce přispět na sbírku pro chudé. Změní nakonec Skrblík svůj postoj k Vánocům? (ČSFD);;podle knihy, peníze, Vánoce, duchové, kačer Donald, myšák Mickey, myška Minnie;Burny Mattinson;Alan Young, Wayne Allwine, Clarence Nash, Jim Cummings, Hal Smith, Will Ryan;Charles Dickens;https://srv.tunefindforfans.com/showads/track/srvclk.php?aid=100006796&lp=https://www.disneyplus.com/en-cz/browse/entity-fbac23ec-6c2e-43f5-9250-51e64745324d<br>https://srv.tunefindforfans.com/showads/track/srvclk.php?aid=100006796&lp=https://www.disneyplus.com/en-cz/browse/entity-fbac23ec-6c2e-43f5-9250-51e64745324d<br>/film/282551-walt-disney-vanoce-jsou-za-dvermi/prehled/<br>https://apps.apple.com/cz/app/id6755365206<br>https://play.google.com/store/apps/details?id=cz.csfd.csfdroid<br>;Academy Awards (1x)<br>;
42136;Cesta do fantazie;2001;86.80755506336901;124.0;https://image.pmgstatic.com/cache/resized/w420/files/images/film/posters/161/031/161031148_c234f9.jpg;https://www.csfd.cz/film/42136-cesta-do-fantazie/;Japonsko;Animovaný / Dobrodružný / Fantasy / Pohádka / Rodinný;Sen to Čihiro no kamikakuši;Desetiletá Chihiro je obyčejná japonská holčička. Když se se svými rodiči vydává poprvé do nového bydliště, jejich auto zabloudí na opuštěnou lesní cestu, vedoucí k záhadnému tunelu. Chihiro i její rodiče se vydají dovnitř a objeví cosi, co považují za opuštěný lunapark. Rodiče podlehnou lákavé nabídce občerstvení v opuštěných stáncích, ale záhy se promění ve vepře. Chihiro se snaží najít pomoc a narazí na tajuplného chlapce jménem Haku. Ten ji seznámí s duchy, kteří v noci lunapark obývají a najde jí zaměstnání u Yubaby, staré čarodějnice s malým tělem a velkou hlavou, která provozuje obrovské lázně, kam si chodí odpočinout milióny pozemských bohů a jiných fantastických bytostí. Zde se skrývá jediná možnost, jak může Chihiro zrušit zakletí svých rodičů a vrátit se do lidského světa.;20.07.2001 Toho Company;rodina, násilí, anime, sestry, kouzla, duchové, magie, démoni, čarodějnice, draci, prasata, paralelní svět, isekai, lázně;Hajao Mijazaki;Rumi Hiiragi, Takaši Naitó, Rjúnosuke Kamiki, Bunta Sugawara, Mari Nacuki, Šigejuki Tocugi, Takehiko Ono, Jasuko Sawaguči, Miju Irino, Širó Saitó;;https://www.netflix.com/title/60023642<br>https://www.netflix.com/title/60023642<br>https://apps.apple.com/cz/app/id6755365206<br>https://play.google.com/store/apps/details?id=cz.csfd.csfdroid<br>;British Academy of Film and Television Arts (BAFTA) (1x)<br>British Independent Film Awards (BIFA) (1x)<br>European Film Awards (1x)<br>César Awards (1x)<br>The Saturn Awards (2x)<br>;Academy Awards (1x)<br>Hong Kong Film Awards (1x)<br>Critics Choice Awards (1x)<br>Florida Film Critics Circle Awards (1x)<br>Los Angeles Film Critics Association Awards (1x)<br>New York Film Critics Circle Awards (1x)<br>The Saturn Awards (1x)<br>Berlinale (Berlin International Film Festival) (1x)<br>
234768;Jak vycvičit draka;2010;86.31488255388615;94.0;https://image.pmgstatic.com/cache/resized/w420/files/images/film/posters/000/054/54585_72a8e4.jpg;https://www.csfd.cz/film/234768-jak-vycvicit-draka/;USA;Animovaný / Dobrodružný / Fantasy / Komedie / Rodinný;How to Train Your Dragon;Viděli jste už trojrozměrného draka? A Vikinga? Pokud ne, budete mít příležitost v animované komedii Jak vycvičit draka od studia DreamWorks. Rodičové chlupaté Kung Fu Pandy a zeleného zlobráka Shreka se tentokrát rozhodli pro podívanou, která je ve všech ohledech poněkud drsnější. Jejich nejnovější dobrodružství se odehrává na drsném Severu, který obývají ještě drsnější Vikingové a spolu s nimi i draci. Ti jsou jednoznačně nejdrsnější.Jediný, kdo není drsný ani trochu, je hlavní hrdina Škyťák. Vikinský teenager nějak nemůže zapadnout mezi ostatní obyvatele rodného ostrova Blpu, protože na rozdíl od nich spíš než svaly (kterých má pomálu), používá hlavu. Asi by se to dalo přejít, kdyby Škyťák nebyl synem náčelníka vesnice, Kliďase Velikána. Taťka má syna rád, ale bohužel si uvědomuje jeho „nedostatečnost“. Zvlášť když se blíží Škyťákovo iniciační uvedení mezi dospělé Vikingy, které lze úspěšně absolvovat jediným způsobem – zabitím draka v souboji. Draci jsou totiž na Blpu jediným, zato permanentním problémem. Desítky druhů létajících ještěrů prakticky neustále útočí na vesnici, kradou domácí zvířata, spalují úrodu i hospodářská stavení, a tak je morální povinností každého Vikinga bojovat proti drakům, jak se dá. I Škyťák by samozřejmě rád nějakého toho Nodra smrťáka, Ohavného zipáka nebo Hrůzáka hrozivého skolil, jenže matička příroda ho na to opravdu vybavila nevalně. Nepomáhají ani užitečné lekce v Drakoškole místního samorosta, kováře Tlamouna. Škyťák je naštěstí hlava otevřená a tam, kde schází hrubá síla, pomůže hlava, díky níž zkonstruuje samostříl, kterým zaútočí na nejobávanějšího z draků, prakticky nepolapitelnou Noční fúrii. Jediný výstřel (velmi úspěšný) změní budoucnost soužití lidského a dračího plemene na ostrově Blpu. Když se totiž Škyťák vydá zraněného draka dorazit a stát se tak definitivně mužem, cosi se v něm při pohledu do jasných dračích očí zlomí. A ten zlom bude začátkem jednoho krásného přátelství. Teď už jen zbývá přesvědčit ostatní Vikingy, že skutečný nepřítel číhá jinde.;26.03.2010 Paramount Pictures;podle knihy, přátelství, dívka, tajemství, otec, strach, syn, chlapec, ostrov, lov, draci, vikingové;Chris Sanders, Dean DeBlois;Jay Baruchel, Gerard Butler, Craig Ferguson, America Ferrera, Jonah Hill, Christopher Mintz-Plasse, T.J. Miller, Kristen Wiig, Robin Atkin Downes, Ashley Jensen;Cressida Cowell;https://www.netflix.com/title/70109893<br>https://www.skyshowtime.com/cz/stream/movies/jak-vycvicit-draka/2cb8c36c-5117-3107-804c-3c1c863cb550<br>https://srv.clickfuse.com/ads/adclkr.php?id=100006636&url=https://tv.apple.com/cz/movie/how-to-train-your-dragon/umc.cmc.3028ht7u7qx3a077kxhreuadn<br>https://www.youtube.com/watch?v=zzT3Rhcwq2Y<br>https://www.netflix.com/title/70109893<br>https://www.skyshowtime.com/cz/stream/movies/jak-vycvicit-draka/2cb8c36c-5117-3107-804c-3c1c863cb550<br>https://srv.clickfuse.com/ads/adclkr.php?id=100006636&url=https://tv.apple.com/cz/movie/how-to-train-your-dragon/umc.cmc.3028ht7u7qx3a077kxhreuadn<br>https://www.youtube.com/watch?v=zzT3Rhcwq2Y<br>https://apps.apple.com/cz/app/id6755365206<br>https://play.google.com/store/apps/details?id=cz.csfd.csfdroid<br>;Academy Awards (2x)<br>British Academy of Film and Television Arts (BAFTA) (2x)<br>Golden Globes (1x)<br>Critics Choice Awards (1x)<br>The Saturn Awards (3x)<br>;
10125;Vynález zkázy;1958;86.31360537496295;81.0;https://image.pmgstatic.com/cache/resized/w420/files/images/film/posters/164/304/164304008_dc47e8.jpg;https://www.csfd.cz/film/10125-vynalez-zkazy/;Československo;Sci-Fi / Dobrodružný / Fantasy;Vynález zkázy;Geniální vynálezce, profesor Roch, je na pokraji objevu látky, která může ve špatných rukou zničit svět. A právě takové ruce má hrabě Artigas, tajemný a temný dobrodruh, který ve své ponorce brázdí světová moře, potápí lodi a bohatství, kterého se tak zmocní, je mu nástrojem k ovládnutí světa. Artigas unese profesora Rocha ze sanatoria a nutí ho, aby v jeho sídle v kráteru sopky Back Cup vynález dokončil. Shodou okolností Artigas unese i profesorova asistenta, inženýra Harta, který je i vypravěčem příběhu, a který se všemožně pokouší profesora osvobodit a zamezit zkáze. Hart nakonec vyšle jícnem sopky balón s poselstvím k lidstvu, jež se díky tomu spojí a jehož válečné flotily v hodině dvanácté zkáze zamezí. (AČFK);22.08.1958 Ústřední půjčovna filmů;podle knihy, černobílý film, útěk, únos, vězení, ostrov, lodě, piráti, vynálezce, ponorky, potápění, zbraně hromadného ničení, steampunk;Karel Zeman;Lubor Tokoš, Arnošt Navrátil, Miloslav Holub, František Šlégr, Václav Kyzlink, Jana Zatloukalová, Otto Šimánek, František Řehák, Václav Babka, Alena Kreuzmannová;Jules Verne;https://www.youtube.com/watch?v=O4gKJvSALXg<br>https://www.youtube.com/watch?v=O4gKJvSALXg<br>https://apps.apple.com/cz/app/id6755365206<br>https://play.google.com/store/apps/details?id=cz.csfd.csfdroid<br>;The Saturn Awards (1x)<br>San Sebastián International Film Festival (1x)<br>;
3302;The Crimson Permanent Assurance;1983;87.33984799131379;16.0;//static.pmgstatic.com/assets/images/050b5bad23b8eb0b4f88f971b8f6a168/empty-image.svg;https://www.csfd.cz/film/3302-the-crimson-permanent-assurance/;Velká Británie;Dobrodružný / Krátkometrážní / Komedie / Fantasy;;Postarší účtovníci sú vykorisťovaní svojimi zamesnávateľmi, mladými priebojnými typmi. Pohár trpezlivosti pretiekol, keď bol jeden z účtovníkov prepustený. Nastala vzbura a postarší učtovníci ovládli budovu, na ktorej vyplávali do vojny s obrovskými korporáciami. (ethos);;;Terry Gilliam;Terry Gilliam, Michael Palin, Terry Jones, Graham Chapman, Matt Frewer, Andrew Bicknell, Juba Kennerley, Anthony Lang, John Scott Martin, Leslie Sarony;;https://apps.apple.com/cz/app/id6755365206<br>https://play.google.com/store/apps/details?id=cz.csfd.csfdroid<br>;British Academy of Film and Television Arts (BAFTA) (1x)<br>;
1537997;Demon Slayer: Kimetsu no Yaiba Infinity Castle;2025;87.60989010989012;155.0;https://image.pmgstatic.com/cache/resized/w420/files/images/film/posters/170/427/170427423_zgc9fz.jpg;https://www.csfd.cz/film/1537997-gekijouban-kimetsu-no-yaiba-mugen-jou-hen-part-1/;Japonsko;Animovaný / Akční / Drama / Fantasy;Gekijouban Kimetsu no Yaiba: Mugen-jou Hen Part 1;Film Demon Slayer: Kimetsu no Yaiba Infinity Castle je anime adaptací mangy a zaměřuje se na vyvrcholení bitvy mezi Demon Slayer Corps a Muzanem Kibutsujim. Hlavní hrdinové, včetně Tanjiro a Nezuko, se vydávají do tajemného Infinity Castle, aby se utkali s mocnými Upper Rank démony a nakonec s Muzanem samotným. Předtím musí Hashira a další zabijáci démonů porazit členy Twelve Kizuki. Hlavní část filmu se odehrává v magickém Infinity Castle, kde probíhají bitvy s elitními démony. Hrdinové se střetnou s mocnými démony, včetně Upper Rank démonů, kteří jsou součástí Muzanovy armády. Film vyvrcholí bitvou s Muzanem Kibutsujim, hlavním záporákem série. Než dojde na finální střet, musí Demon Slayer Corps překonat další překážky a porazit další démony. (Falcon);18.07.2025 Aniplex;anime, podle mangy;Hikaru Kondó, Haruo Sotozaki;Nacuki Hanae, Akari Kitó, Hiro Šimono, Jošicugu Macuoka, Reina Ueda, Nobuhiko Okamoto, Takahiro Sakurai, Kacujuki Koniši, Kengo Kawaniši, Saori Hajami;Kojoharu Gotóge;https://apps.apple.com/cz/app/id6755365206<br>https://play.google.com/store/apps/details?id=cz.csfd.csfdroid<br>;Golden Globes (1x)<br>;The Saturn Awards (1x)<br>
7123;Pink Floyd: The Wall;1982;85.973562736047;95.0;https://image.pmgstatic.com/cache/resized/w420/files/images/film/posters/162/554/162554739_2f6e6e.jpg;https://www.csfd.cz/film/7123-pink-floyd-the-wall/;Velká Británie;Drama / Hudební / Muzikál / Animovaný / Fantasy;Pink Floyd: The Wall;"Je zamčený v pokoji jakéhosi losangelského hotelu a hlavou mu táhnou klíčové okamžiky jeho života. Rocková hvězda Pink, na jehož koncert se už možná kdesi venku scházejí tisíce fanoušků. Sedí tu a utápí se v děsivých představách a vizích. Scény represí a lidské agresivity se střídají s frustrujícími vzpomínkami na dětství bez otce, zato s přehnaně ochranitelskou matkou, na školu, pokoušející se všechny semlít do jedné beztvaré, nemyslící masy, na ženu, která jej zradila. Sedí tu, obehnán pomyslnou ochrannou zdí, kterou si kolem sebe kdysi vybudoval, a neví jak dál. Kultovní snímek ""Pink Floyd: The Wall"" je jedním z mála filmových děl, experimentujících s ryze hudební látkou. Po úspěchu jevištního zpracování dvojalba populární skupiny Pink Floyd se režie celovečerního filmu ujal Alan Parker (Sláva, Hořící Mississippi, Evita atd.), který se tu poetice hudebního tvaru přiblížil v kinematografických dějinách zcela ojedinělým způsobem. Podle scénáře vůdčího ducha skupiny Rogera Waterse vznikl film, jenž je tříští symbolických obrazů a animovaných sekvencí, volně spojených písněmi a situací fiktivní hlavní postavy. Film, který je nadčasovým vyprávěním o osamělosti člověka i o nejrůznějších zdech, jež si kolem sebe stavíme.";08.06.1995 Lucernafilm;20. století, období 1940-1950, 2. světová válka, vojáci, manipulace, hudba, nevěra, soud, nacisté, šikana, vlak, koncert, deprese, letadla, základní škola, halucinace, diktátor, protiválečný;Alan Parker;Bob Geldof, Bob Hoskins, Joanne Whalley, Kevin McKeon, Phil Davis, Roger Waters, Jenny Wright, Alex McAvoy, Nell Campbell, Eddie Tagoe;;https://apps.apple.com/cz/app/id6755365206<br>https://play.google.com/store/apps/details?id=cz.csfd.csfdroid<br>;The Saturn Awards (1x)<br>;British Academy of Film and Television Arts (BAFTA) (2x)<br>
150988;Ratatouille;2007;85.91087216577063;111.0;https://image.pmgstatic.com/cache/resized/w420/files/images/film/posters/162/376/162376209_df7faf.jpg;https://www.csfd.cz/film/150988-ratatouille-dobru-chut/;USA;Animovaný / Komedie / Dobrodružný / Rodinný / Fantasy;Ratatouille;"Oscarem oceněný režisér Brad Bird a vypravěčští mistři z Pixar Animation Studios uvádějí film Ratatouille, nejoriginálnější komedii letošního léta o tak bizarním přátelství, jaké si jen lze představit. Hlavním hrdinou filmu je krysák Remy, který odvážně sní o tom, že se stane vyhlášeným kuchařem v pařížské pětihvězdičkové restauraci. Společně se zkrachovalým vynašečem kuchyňských odpadků Linguinim se vydají za svým cílem stát se nejvyhlášenějším kuchařem v Paříži. Remy měl celý život dokonalý čich a na krysu také velice neobvyklý sen: vařit v luxusní restauraci. Nenechá se zviklat očividnými potížemi, se kterými se krysa, toužící po kariéře v oboru, který hlodavce přímo nenávidí, nevyhnutelně setká, nemluvě o výtkách ostatních členů rodiny, kteří se mu snaží domluvit, aby se spokojil s tradičním životem na skládce, a své touhy uspokojuje skromným flambováním a smažením. Ale když ho okolnosti doslova vrhnou do restaurace, kterou proslavil jeho kuchařský vzor Auguste Gusteau (jehož heslo ""vařit může každý"" Remyho po celý život inspirovalo), brzy zjistí, že pokud jste krysa a někdo vás uvidí, může vám v kuchyni jít doslova o život. Když už se zdá, že je se splněním Remyho snů konec, potká toho, koho potkat potřebuje, přítele, který mu věří: stydlivého a podřadného vynašeče odpadků, kterého z restaurace čeká vyhazov. Teď, kdy už oba nemají co ztratit, se z Remyho a Linguiniho stanou bizarní společníci, kteří, hnáni Linguiniho nešikovností a Remyho neobvyklými nápady, převrátí Paříž vzhůru nohama na neuvěřitelné cestě plné humorných zápletek, působivých zážitků a těch nejnepravděpodobnějších triumfů, o kterých by jeden bez druhého ani nesnili.";29.06.2007 Buena Vista Pictures US;muž, láska, žena, přátelství, přátelé, tajemství, město, touha, zvířata, vzpomínky, sny, vášeň, kamarádi, vztahy, mezilidské vztahy, Francie, Paříž, jídlo, restaurace, vaření, kuchaři, loutky, krysy, myši, hlodavci;Brad Bird, Jan Pinkava;Patton Oswalt, Ian Holm, Lou Romano, Brian Dennehy, Peter Sohn, Peter O'Toole, Brad Garrett, Janeane Garofalo, Will Arnett, James Remar;;https://srv.tunefindforfans.com/showads/track/srvclk.php?aid=100006796&lp=https://www.disneyplus.com/en-cz/browse/entity-ab7c4e29-04f1-46dd-931a-d43be1ce0f8c<br>https://srv.clickfuse.com/ads/adclkr.php?id=100006636&url=https://tv.apple.com/cz/movie/ratatouille/umc.cmc.2i8p6l6cpu6zxmcpqao7bs147<br>https://www.youtube.com/watch?v=dAJTMy0SZQI<br>https://srv.tunefindforfans.com/showads/track/srvclk.php?aid=100006796&lp=https://www.disneyplus.com/en-cz/browse/entity-ab7c4e29-04f1-46dd-931a-d43be1ce0f8c<br>https://srv.clickfuse.com/ads/adclkr.php?id=100006636&url=https://tv.apple.com/cz/movie/ratatouille/umc.cmc.2i8p6l6cpu6zxmcpqao7bs147<br>https://www.youtube.com/watch?v=dAJTMy0SZQI<br>https://apps.apple.com/cz/app/id6755365206<br>https://play.google.com/store/apps/details?id=cz.csfd.csfdroid<br>;Academy Awards (4x)<br>;Academy Awards (1x)<br>British Academy of Film and Television Arts (BAFTA) (1x)<br>Golden Globes (1x)<br>Critics Choice Awards (1x)<br>Florida Film Critics Circle Awards (1x)<br>Los Angeles Film Critics Association Awards (1x)<br>The Saturn Awards (2x)<br>
419102;Tvoje jméno.;2016;86.04925053533191;106.0;https://image.pmgstatic.com/cache/resized/w420/files/images/film/posters/170/365/170365486_pt8yyu.jpg;https://www.csfd.cz/film/419102-tvoje-jmeno/;Japonsko;Animovaný / Fantasy / Romantický / Drama;Kimi no na wa.;Micuha žije v malém horském městečku a sní o životě v Tokiu. Taki je středoškolák z Tokia, který se cítí ztracený uprostřed ruchu velkoměsta. Když se jednoho dne probudí v těle toho druhého, vytvoří se mezi nimi zvláštní pouto — spletitá hra snů, vzpomínek a náhod. S každou další výměnou se jejich životy proplétají hlouběji, až do chvíle, kdy spojení náhle zmizí. Taki se vydává hledat dívku, kterou nikdy nepotkal a přesto se stala součástí jeho srdce. Od vizionářského režiséra Makota Shinkaie (Suzume) přichází Tvoje jméno., podmanivá romance o dvou lidech, které spojuje osud silnější než realita. Magická, dojemná a vizuálně ohromující filmová báseň o paměti, ztrátě a touze po spojení. (Bionaut Zero Gravity);26.08.2016 Toho Company;láska, přátelství, dívka, mládež, město, touha, chlapec, anime, škola, venkov, sny, vesnice, studenti, hory, Japonsko, Tokio, výměna těl, kometa;Makoto Šinkai;Mone Kamiširaiši, Rjúnosuke Kamiki, Aoi Júki, Ecuko Ičihara, Masami Nagasawa, Rjó Narita, Kanon Tani, Čafúrin, Kaito Išikawa, Šin'ja Hamazoe;;https://apps.apple.com/cz/app/id6755365206<br>https://play.google.com/store/apps/details?id=cz.csfd.csfdroid<br>;The Saturn Awards (1x)<br>San Sebastián International Film Festival (1x)<br>;Los Angeles Film Critics Association Awards (1x)<br>Sitges Film Festival (1x)<br>
1279;Život je krásný;1946;85.95151789759855;130.0;https://image.pmgstatic.com/cache/resized/w420/files/images/film/posters/162/405/162405769_f6bdb1.jpg;https://www.csfd.cz/film/1279-zivot-je-krasny/;USA;Drama / Fantasy / Rodinný / Romantický;It's a Wonderful Life;Nikdo není na světě zbytečný. Klasický vánoční příběh režiséra Franka Capry s Jamesem Stewartem v hlavní roli. Jestli existuje opravdu klasický vánoční filmový příběh, tak je to určitě Caprův Život je krásný, který měl svoji premiéru o Vánocích roku 1946. Byl to Caprův první snímek, natočený po druhé světové válce, kterou trávil jako dokumentarista (známá série Zač jsme bojovali), a známý tvůrce v něm chtěl apelovat na dobrou stránku komplikované lidské povahy. V době své premiéry se Život je krásný dočkal velmi smíšeného přijetí odbornou kritikou a rovněž tak vlažného diváckého zájmu (po prvním uvedení v kinech byl stále prodělečný). Byl sice nominován na pět Oscarů (nejlepší film, režie, herec v hlavní roli – J. Stewart, střih a zvuk), ale žádného nezískal v těžké konkurenci jiného klasického díla, Wylerových Nejlepších let našeho života. Caprovi se ani dalšími filmy nikdy nepodařilo navázat na skvělé úspěchy ve třicátých letech. Zlom přišel v roce 1974, kdy vinou nepozorného úředníka nebyl obnoven copyright filmu a ten přešel do veřejného vlastnictví (public domain). Jakákoli televizní stanice, která měla k dispozici vysílací kopii, ho mohla hrát zadarmo, kolikrát se jí zalíbilo. Díky častému hraní na obrazovce se také tento snímek stal tím, čím je dnes – opravdovou filmovou klasikou. Caprův sen o tom, že tohle bude jeho nejlepší film, se po letech naplnil. Vlastní příběh George Baileyho (vynikající James Stewart), který se dostane do těžké životní deprese, z níž ho dostane anděl druhé kategorie Clarence, vznikal poněkud kuriózním způsobem. Když Philip Van Doren Stern, autor krátké povídky Největší dar, nemohl najít žádný časopis, který by ji publikoval, poslal ji jako vánoční pohlednici svým přátelům. Díky kladnému ohlasu se dočkala nejen zveřejnění ale i prodeje filmových práv společnosti RKO, která její zfilmování nabídla Franku Caprovi. Natáčelo se na filmovém ranči RKO v kalifornském Encinu, kde bylo na ploše čtyřech akrů postaveno fiktivní severoamerické městečko Bedford Falls. Vzhledem k tomu, že mimořádnou úlohu ve filmu hraje sníh, který v Kalifornii existuje jen na vrcholcích hor, bylo nutné použití umělého sněhu. Do té doby používané obílené ovesné vločky byly dost hlučné, což by vylučovalo použití kontaktního zvuku, na němž Capra trval. Proto přišli specialisté z trikového oddělení RKO s náhražkou, tvořenou foamitem (chemická směs z hasicích přístrojů), mýdlem a vodou, a za tento nápad byli oceněni zvláštním technickým Oscarem. Vedle Jamese Stewarta se ve filmu objevují další skvělí herci – Donna Reedová (jeho žena Mary), Lionel Barrymore (zlý pan Potter), Thomas Mitchell (popletený strýček Billy) a Henry Travers (Clarence). (Česká televize);07.01.1947 RKO Radio Pictures;černobílý film, rodina, přátelství, děti, manželé, touha, peníze, Vánoce, naděje, sníh, chamtivost, banka, finanční krize, andělé, nebe;Frank Capra;James Stewart, Donna Reed, Lionel Barrymore, Thomas Mitchell, Henry Travers, Beulah Bondi, Frank Faylen, Ward Bond, Gloria Grahame, H.B. Warner;;https://srv.clickfuse.com/ads/adclkr.php?id=100006636&url=https://tv.apple.com/cz/movie/its-a-wonderful-life/umc.cmc.uxp25jw31biuga9xrrskxqrr<br>https://www.youtube.com/watch?v=tzFLF9XvfTI<br>http://www.ceskatelevize.cz<br>http://www.ceskatelevize.cz<br>https://srv.clickfuse.com/ads/adclkr.php?id=100006636&url=https://tv.apple.com/cz/movie/its-a-wonderful-life/umc.cmc.uxp25jw31biuga9xrrskxqrr<br>https://www.youtube.com/watch?v=tzFLF9XvfTI<br>https://apps.apple.com/cz/app/id6755365206<br>https://play.google.com/store/apps/details?id=cz.csfd.csfdroid<br>;Academy Awards (5x)<br>New York Film Critics Circle Awards (1x)<br>;Golden Globes (1x)<br>
1625;Harry Potter a vězeň z Azkabanu;2004;85.78365948236991;141.0;https://image.pmgstatic.com/cache/resized/w420/files/images/film/posters/000/001/1558_cb9942.jpg;https://www.csfd.cz/film/1625-harry-potter-a-vezen-z-azkabanu/;Velká Británie / USA;Fantasy / Rodinný / Dobrodružný / Mysteriózní;Harry Potter and the Prisoner of Azkaban;Třináctiletý Harry Potter znovu nerad tráví své další prázdniny u rodiny Dursleyových, letos navíc se zlou tetou Marge. I přes přísný zákaz používání kouzel jí Harry promění v obrovský balón a v noci uteče záchranným autobusem do hospody Děravý kotel. Zde se setká s ministrem kouzel Korneliem Popletalem, který ho překvapivě za jeho provinění nepotrestá. Je to proto, že z vězení v Azkabanu uprchl nebezpečný čaroděj Sirius Black, který podle legend přivedl lorda Voldemorta k Harryho rodičům a je tak zodpovědný za jejich smrt. Nyní Voldemort usiluje také o zabití Harryho. A aby nebyl všem hrůzám konec, hostí Bradavická škola hrozivé azkabanské stráže, zvané mozkomoři. Ti mají za úkol ochraňovatt Harryho a další studenty před černým čarodějem. Střetnutí mezi Harrym a záhadným vězněm Siriem Černým se zdá být nevyhnutelné. Harry Potter bude potřebovat veškerou možnou kuráž, kouzla a podporu, aby dokázal odhalit pravdu a vazby na tajemnou minulost.;31.05.2004 Warner Bros. UK;podle knihy, rodina, smrt, přátelství, přátelé, vražda, dívka, otec, matka, rodiče, dcera, syn, útěk, vrah, škola, dospívání, rivalita, vězení, učitel, studenti, kouzla, politik, vlak, zlo, cestování časem, čarodějnice, vlkodlaci, strýc, čarodějové, profesor, časová smyčka, profesorka, věštkyně;Alfonso Cuarón;Daniel Radcliffe, Rupert Grint, Emma Watson, Pam Ferris, Emma Thompson, Tom Felton, Geraldine Somerville, Lenny Henry, Matthew Lewis, James Phelps;J. K. Rowling;https://www.hbomax.com/cz/en/movies/harry-potter-and-the-prisoner-of-azkaban/73553a76-1658-45f6-9e26-1b9c4443b0d6<br>https://srv.clickfuse.com/ads/adclkr.php?id=100006636&url=https://tv.apple.com/cz/movie/harry-potter-and-the-prisoner-of-azkaban/umc.cmc.1uwqg0s65yo3lzxz96krkieoq<br>https://www.youtube.com/watch?v=Anv5EYRnr88<br>https://sledovanitv.cz/epg/event/HBO2:202603069b6a1dfadae3b33b8ad2494c8fddedfd<br>https://www.hbomax.com/cz/en/movies/harry-potter-and-the-prisoner-of-azkaban/73553a76-1658-45f6-9e26-1b9c4443b0d6<br>https://srv.clickfuse.com/ads/adclkr.php?id=100006636&url=https://tv.apple.com/cz/movie/harry-potter-and-the-prisoner-of-azkaban/umc.cmc.1uwqg0s65yo3lzxz96krkieoq<br>https://www.youtube.com/watch?v=Anv5EYRnr88<br>https://sledovanitv.cz/epg/event/HBO2:202603069b6a1dfadae3b33b8ad2494c8fddedfd<br>https://apps.apple.com/cz/app/id6755365206<br>https://play.google.com/store/apps/details?id=cz.csfd.csfdroid<br>;Academy Awards (2x)<br>British Academy of Film and Television Arts (BAFTA) (4x)<br>Amanda Awards (1x)<br>Critics Choice Awards (3x)<br>The Saturn Awards (9x)<br>;British Academy of Film and Television Arts (BAFTA) (1x)<br>
91936;Howlův kráčející hrad;2004;85.4518258716732;118.0;https://image.pmgstatic.com/cache/resized/w420/files/images/film/posters/162/956/162956614_d97198.jpg;https://www.csfd.cz/film/91936-howluv-kracejici-hrad/;Japonsko;Animovaný / Dobrodružný / Fantasy / Romantický;Zámek v oblacích;I v pokojném anglickém městečku se mohou dít čáry a kouzla. Mladá a skromná Sofie, nejlepší kloboučnice v salonu, vůbec neví, čím si zasloužila, že ji jednoho dne na ulici zachrání před dotěrnými vojáky krásný čaroděj. Vezme ji pod svou ochranu a udivená Sofie najednou ztrácí půdu pod nohama, stoupají spolu nad městečko, letí jako ptáci... Jenže pak ji čeká trest v podobě zlé čarodějnice. Sofie přijde o své mládí i krásu a dál se musí protloukat světem jako stařena. Její jedinou nadějí je ten krásný mladý čaroděj Howl, který ve svém zámku na muřích nohách obchází krajem. Pohádkový příběh dívky Sofie a mladého čaroděje Howla vypráví především o lidské svobodě a síle lásky. Film získal řadu mezinárodních ocenění, včetně nominace na Oscara za nejlepší celovečerní animovaný film. (Aerofilms);20.11.2004 Toho Company;láska, přátelství, anime, válka, stáří, kouzla, magie, čarodějnice, oheň, čarodějové, kletba, něha, steampunk;Hajao Mijazaki;Takuja Kimura, Čieko Baišó, Akio Ócuka, Rjúnosuke Kamiki, Jó Óizumi, Šigejuki Tocugi, Akihiro Miwa, Haruko Kató, Makoto Jasumura, Majuno Jasokawa;;https://www.netflix.com/title/70028883<br>https://www.netflix.com/title/70028883<br>http://disney.go.com/disneypictures/castle/<br>https://apps.apple.com/cz/app/id6755365206<br>https://play.google.com/store/apps/details?id=cz.csfd.csfdroid<br>;Academy Awards (1x)<br>Hong Kong Film Awards (1x)<br>Critics Choice Awards (1x)<br>The Saturn Awards (1x)<br>Venice Film Festival (1x)<br>;Los Angeles Film Critics Association Awards (1x)<br>New York Film Critics Circle Awards (1x)<br>Venice Film Festival (1x)<br>Sitges Film Festival (1x)<br>
812957;Vlkochodci;2020;85.55844155844156;102.0;https://image.pmgstatic.com/cache/resized/w420/files/images/film/posters/164/860/164860300_1c5d29.jpg;https://www.csfd.cz/film/812957-vlkochodci/;Irsko / USA;Animovaný / Dobrodružný / Fantasy / Rodinný;Wolfwalkers;Mladá zaučující se lovkyně se s otcem vydává do Irska, aby tam pomohla s vymýcením poslední vlčí smečky. Vše se ale změní, když se spřátelí se svobodomyslnou dívkou ze záhadného kmene, o němž se říká, že se v noci proměňuje ve vlčí smečku. (Apple TV+);Na VOD od 11.12.2020 Apple TV+;muž, rodina, dívka, tajemství, otec, děti, rodiče, mládež, záhady, dcera, zbraně, zvířata, cestování, putování, les, divočina, ostrov, příroda, lov, vlkodlaci, vlci, Irsko;Tomm Moore, Ross Stewart;Sean Bean, Honor Kneafsey, Simon McBurney, Maria Doyle Kennedy, Jon Kenny, Nora Twomey, John Morton, Eva Whittaker, Michael McGrath, Alan Slattery;;https://srv.clickfuse.com/ads/adclkr.php?id=100006636&url=https://tv.apple.com/cz/movie/wolfwalkers/umc.cmc.amuoq00hqelfi98j0gvg641x<br>https://www.apple.com/cz/apple-tv-plus/<br>https://srv.clickfuse.com/ads/adclkr.php?id=100006636&url=https://tv.apple.com/cz/movie/wolfwalkers/umc.cmc.amuoq00hqelfi98j0gvg641x<br>https://www.csfd.cz/vod/apple-tv/<br>https://apps.apple.com/cz/app/id6755365206<br>https://play.google.com/store/apps/details?id=cz.csfd.csfdroid<br>;Academy Awards (1x)<br>British Academy of Film and Television Arts (BAFTA) (1x)<br>European Film Awards (2x)<br>Golden Globes (1x)<br>Florida Film Critics Circle Awards (1x)<br>Zlín Film Festival (1x)<br>;Los Angeles Film Critics Association Awards (1x)<br>New York Film Critics Circle Awards (1x)<br>Zlín Film Festival (1x)<br>
7244;Nekonečný příběh;1984;85.26732443860902;94.0;https://image.pmgstatic.com/cache/resized/w420/files/images/film/posters/159/598/159598445_07e2bd.jpg;https://www.csfd.cz/film/7244-nekonecny-pribeh/;Západní Německo / USA;Fantasy / Dobrodružný / Rodinný / Drama;Die unendliche Geschichte;Pohádkovou fantazii pro malé i velké diváky natočil režisér Wolfgang Petersen v roce 1984, tehdy se značnými finančními náklady kolem 27 milionů dolarů. Film vznikal v mnichovských ateliérech a podílelo se na něm spoustu trikových specialistů. Jde o příběh malého chlapce Bastiena, kterému se v antikvariátě dostane do rukou kouzelná knížka. Chlapec se tam schová před svými pronásledovateli a stařičký majitel si brzy všimne chlapcova zájmu o knihu. Při jejím čtení se Bastien stane součástí Nekonečného příběhu. Příběh apeluje na potřebu porozumění, lidských citů a imaginace, bez nichž není možná existence říše Fantazie, jež je součástí každého z nás. Úspěšný film se dočkal dalších dvou pokračování, jejichž hrdinou je opět dorůstající Bastien.;06.04.1984 Neue Constantin Film;podle knihy, chlapec, škola, putování, naděje, oceán, koně, šikana, kniha, královna, draci, bouře, vlci, rytíři, lék, bažina, zrcadlo;Wolfgang Petersen;Barret Oliver, Noah Hathaway, Gerald McRaney, Drum Garrett, Darryl Cooksey, Thomas Hill, Tilo Prückner, Moses Gunn, Sydney Bromley, Deep Roy;Michael Ende;https://www.hbomax.com/cz/en/movies/neverending-story/c932101c-a9b0-412e-97a9-0771a5b80f1b<br>https://srv.clickfuse.com/ads/adclkr.php?id=100006636&url=https://tv.apple.com/cz/movie/the-neverending-story/umc.cmc.2coczqplj0l256y0qmm1mwazz<br>https://www.iprima.cz/filmy/nekonecny-pribeh?utm_source=csfd&utm_medium=section_vod&utm_campaign=link_exchange<br>https://www.hbomax.com/cz/en/movies/neverending-story/c932101c-a9b0-412e-97a9-0771a5b80f1b<br>https://srv.clickfuse.com/ads/adclkr.php?id=100006636&url=https://tv.apple.com/cz/movie/the-neverending-story/umc.cmc.2coczqplj0l256y0qmm1mwazz<br>https://www.iprima.cz/filmy/nekonecny-pribeh?utm_source=csfd&utm_medium=section_vod&utm_campaign=link_exchange<br>https://apps.apple.com/cz/app/id6755365206<br>https://play.google.com/store/apps/details?id=cz.csfd.csfdroid<br>;The Saturn Awards (2x)<br>;German Film Awards (1x)<br>
11124;Příšerky s.r.o.;2001;85.23447070873415;90.0;https://image.pmgstatic.com/cache/resized/w420/files/images/film/posters/160/205/160205770_2e9e7b.jpg;https://www.csfd.cz/film/11124-priserky-s-r-o/;USA;Animovaný / Rodinný / Komedie / Fantasy;Monsters, Inc.;Monsters Incorporated je strašidelná továrna vedená Henrym J. Waternoosem a jedním z jejích hlavních strašidel je James P. Sullivan, jehož strašidelným asistentem a nejlepším přítelem a spolubydlícím je Mike Wazowski. Do tajemného světa příšer a strašidel, kde se elektrická energie získává z dětského (vyděšeného) křiku se nedopatřením dostane holčička Boo...;02.11.2001 Buena Vista Pictures US;přátelé, děti, strach, strašidla;Pete Docter, Lee Unkrich, David Silverman;John Goodman, Billy Crystal, Mary Gibbs, Steve Buscemi, James Coburn, Jennifer Tilly, Frank Oz, Bonnie Hunt, Bob Bergen, Rodger Bumpass;;https://srv.tunefindforfans.com/showads/track/srvclk.php?aid=100006796&lp=https://www.disneyplus.com/en-cz/browse/entity-3c90b85f-ba5e-4351-be87-e625d5706952<br>https://srv.clickfuse.com/ads/adclkr.php?id=100006636&url=https://tv.apple.com/cz/movie/monsters-inc/umc.cmc.3ilsdzy6ghi4adtg3tnwf6jcb<br>https://srv.tunefindforfans.com/showads/track/srvclk.php?aid=100006796&lp=https://www.disneyplus.com/en-cz/browse/entity-3c90b85f-ba5e-4351-be87-e625d5706952<br>https://srv.clickfuse.com/ads/adclkr.php?id=100006636&url=https://tv.apple.com/cz/movie/monsters-inc/umc.cmc.3ilsdzy6ghi4adtg3tnwf6jcb<br>https://apps.apple.com/cz/app/id6755365206<br>https://play.google.com/store/apps/details?id=cz.csfd.csfdroid<br>;Academy Awards (3x)<br>Critics Choice Awards (1x)<br>Los Angeles Film Critics Association Awards (1x)<br>New York Film Critics Circle Awards (1x)<br>The Saturn Awards (3x)<br>;Academy Awards (1x)<br>
49569;Fimfárum Jana Wericha;2002;85.02692998204668;100.0;https://image.pmgstatic.com/cache/resized/w420/files/images/film/posters/167/021/167021690_5395e0.png;https://www.csfd.cz/film/49569-fimfarum-jana-wericha/;Česko;Animovaný / Loutkový / Pohádka / Povídkový / Fantasy;;"Celovečerné animované pásmo na motívy rovnomennej knihy Jana Wericha. Vtipné i poučné rozprávanie o veciach rozprávkových i každodenných, o čertoch, zázrakoch, ale aj o úplne obyčajných ľudských slabostiach a chytráctvach. Výtvarné poňatie bábkových príbehov presne vystihuje humor a atmosféru rozprávok ""Fimfárum"", ""Až opadá listí z dubu"", ""Franta Nebojsa"", ""Splněný sen"" a ""Lakomá Barka"", ktoré Jan Werich narozprával na gramofónovú platňu v šesťdesiatych rokoch a knižne vydal pod titulom Fimfárum.";Na DVD od 01.11.2003 Bontonfilm;podle knihy, sázka, peklo, čerti;Vlasta Pospíšilová, Aurel Klimt;Jan Werich, Ota Jirák;Jan Werich;https://www.ceskatelevize.cz/porady/1092744155-fimfarum-jana-wericha?utm_source=csfd&utm_medium=section_vod&utm_campaign=link<br>https://www.ceskatelevize.cz/porady/1092744155-fimfarum-jana-wericha?utm_source=csfd&utm_medium=section_vod&utm_campaign=link<br>http://www.ceskatelevize.cz/specialy/fimfarum/fimfarum1/<br>https://apps.apple.com/cz/app/id6755365206<br>https://play.google.com/store/apps/details?id=cz.csfd.csfdroid<br>;Český lev (3x)<br>;Český lev (1x)<br>
28495;Laputa: Nebeský zámek;1986;84.9587697793626;124.0;https://image.pmgstatic.com/cache/resized/w420/files/images/film/posters/042/872/42872529_uk5n4z.jpg;https://www.csfd.cz/film/28495-laputa-nebesky-zamek/;Japonsko;Animovaný / Akční / Dobrodružný / Fantasy;Laputa: Zámek v oblacích;Chlapec z hornického městečka a dívka, jejíž původ je zahalen tajemstvím, jsou zataženi do honby za pokladem ukrytým v bájném létajícím městě Laputa. Během krkolomných dobrodružství, razantních honiček i dechberoucích odhalení musejí čelit nejen hamižným vzdušným pirátům, ale také armádě a tajným agentům. Celosvětově uznávaný režisér a scenárista Hajao Mijazaki do snímku promítl svou fascinaci létáním, vášeň pro klasickou evropskou dobrodružnou prózu a pro fascinující epochu konce 19. století, která s sebou přinesla rozmach letectví a vzducholodí. Díky těmto vlivům se Laputa: Nebeský zámek vyznačuje výrazně evropským, až verneovským nádechem, ale současně si uchovává kvality charakteristické pro produkci Studia Ghibli i japonskou animaci obecně. (Aerofilms);02.08.1986 Toei;tajemství, děti, anime, vlak, letadla, roboti, piráti, horníci, steampunk, vzducholoď;Hajao Mijazaki;Keiko Jokozawa, Majumi Tanaka, Ičiró Nagai, Megumi Hajašibara, Tošihiko Seki, Minori Terada, Kotoe Hacui, Tarako, Hóčú Ócuka, Šin'ja Ótaki;;https://www.netflix.com/title/60027393<br>https://www.netflix.com/title/60027393<br>https://apps.apple.com/cz/app/id6755365206<br>https://play.google.com/store/apps/details?id=cz.csfd.csfdroid<br>;;
32099;Fantomas;1964;84.7976070488019;105.0;https://image.pmgstatic.com/cache/resized/w420/files/images/film/posters/161/197/161197350_01c1aa.jpg;https://www.csfd.cz/film/32099-fantomas/;Francie / Itálie;Komedie / Krimi / Dobrodružný / Fantasy;Fantomas;Fantomas, záhadný netvor s ocelovou tváří terorizuje Paříž. O jeho skutečné existenci jsou však stále pochybnosti, neboť ho dosud nikdo na vlastní oči nespatřil. Prvním hostem tajuplného Fantomasova paláce se nedobrovolně stane novinář Fandor, který napsal o netvorovi senzační článek. Fantomas potrestá tuto troufalost osobitě: vezme na sebe Fandorovu podobu a spáchá fantastickou loupež. Později si nasadí i masku komisaře Juvea, který se neúspěšně již dlouho snaží Fantomase dopadnout. (Intersonic);Na Blu-ray od 23.11.2016 Magic Box;podle knihy, policie, krádež, zloděj, novináři, Paříž, neo-noir, záměna identit, vrtulník, eurospy, ponorky, šperky;André Hunebelle;Jean Marais, Louis de Funès, Mylène Demongeot, Jacques Dynam, Robert Dalban, Marie-Hélène Arnaud, Christian Toma, Michel Duplaix, Andrée Tainsy, Hugues Wanner;Pierre Souvestre, Marcel Allain;https://apps.apple.com/cz/app/id6755365206<br>https://play.google.com/store/apps/details?id=cz.csfd.csfdroid<br>;;
389064;Kocour v botách: Poslední přání;2022;84.76979742173113;101.0;https://image.pmgstatic.com/cache/resized/w420/files/images/film/posters/166/887/166887811_a46ea6.jpg;https://www.csfd.cz/film/389064-kocour-v-botach-posledni-prani/;USA;Animovaný / Akční / Dobrodružný / Komedie / Rodinný / Fantasy;Puss in Boots: The Last Wish;Když máte k dispozici devět životů, tak vám na tom, že tu a tam něco odskáčete, vůbec nezáleží, zvlášť když jste legendární hrdina, který se dobrovolně vrhá do těch nejbláznivějších dobrodružství. Kocour v botách právě zachránil obyvatele jednoho městečka před řáděním zuřivého obra, jenže při tom přišel o předposlední ze svých životů. Takové zjištění by zamávalo s mnohem odolnějším charakterem. Kocour se proto rozhodne pověsit boty na hřebík a žít dál v relativním bezpečí kočičího útulku jako obyčejný chlupatý mazlíček. To by ovšem nesměl mít v patách drsnou Zlatovlásku a její tři drsné medvědí parťáky, kteří s ním mají nevyrovnané účty, a také tajemného Vlka, který šermuje jako ďábel (a možná taky ďábel je). Naděje naštěstí umírá poslední – v Kocourově případě má podobu legendární Hvězdy přání, která by mu mohla obnovit ztracené životy. Jenže taková vzácná věc se nesmírně těžko hledá. Kocour v botách musí spolknout hrdost a uzavřít příměří se svou věčnou soupeřkou, kočičí zlodějkou Čiči Pacičkou. Spolu s ní a novým kamarádem Psem, který kdovíproč předstírá, že je kočka, se vydává vstříc pohádkovému dobrodružství, na jehož konci na všechny čeká odměna. Tedy pokud najdou Hvězdu přání jako první. (CinemArt);21.12.2022 Universal Pictures US;láska, smrt, přátelství, přátelé, strach, zrada, nájemný vrah, hrdina, kočky, odpuštění, medvědi, vlci, přání;Joel Crawford, Januel Mercado;Antonio Banderas, Salma Hayek, Harvey Guillén, Florence Pugh, Olivia Colman, Ray Winstone, Samson Kayo, John Mulaney, Wagner Moura, Da'Vine Joy Randolph;;https://srv.clickfuse.com/ads/adclkr.php?id=100006636&url=https://tv.apple.com/cz/movie/puss-in-boots-the-last-wish/umc.cmc.3ysvrfdjp7h6q8dt73t3bq23i<br>https://www.youtube.com/watch?v=ds9PjKdn3kg<br>https://srv.clickfuse.com/ads/adclkr.php?id=100006636&url=https://tv.apple.com/cz/movie/puss-in-boots-the-last-wish/umc.cmc.3ysvrfdjp7h6q8dt73t3bq23i<br>https://www.youtube.com/watch?v=ds9PjKdn3kg<br>https://apps.apple.com/cz/app/id6755365206<br>https://play.google.com/store/apps/details?id=cz.csfd.csfdroid<br>;Academy Awards (1x)<br>British Academy of Film and Television Arts (BAFTA) (1x)<br>Golden Globes (1x)<br>Critics Choice Awards (1x)<br>The Saturn Awards (1x)<br>;
10099;Baron Prášil;1961;84.64879671297201;83.0;https://image.pmgstatic.com/cache/resized/w420/files/images/film/posters/164/304/164304006_1277cd.jpg;https://www.csfd.cz/film/10099-baron-prasil/;Československo;Dobrodružný / Fantasy / Sci-Fi / Animovaný;The Outrageous Baron Munchausen;Novodobý astronaut Toník přistane na Měsíci, kde se setká se zvláštní společností. Patří k ní Cyrano z Bergeracu, hrdinové verneovky Do Měsíce, ale především chvástavý baron Prášil. Všichni jej srdečně vítají se sklenkou vína a přejí si, aby domnělý Měsíčňan poznal kouzlo života na Zemi. Baron Prášil se pak spolu s Toníkem vypraví do Turecka, kde ze zajetí zákeřného sultána vysvobodí půvabnou princeznu Bianku. Vychloubačný baron se ji snaží okouzlit a vrhá se proto do bláznivých dobrodružství – ocitá se v útrobách mořské velryby, proletí se na pařátech obrovitého ptáka, na mořském koníkovi plave pod vodní hladinou, na dělové kouli se přesunuje do válečných vřav. Bianku však během fantaskních eskapád učaruje odvážný snílek Toník a nakonec společně doputují tam, kde příběh začal – na bledý Měsíc. Ten totiž patří nejen básníkům a fantastům, ale především milencům. (AČFK);21.09.1962 Ústřední půjčovna filmů;podle knihy, vojáci, ostrov, lodě, 18. století, princezna, vynálezce, kosmonauti, Měsíc, velryby, tónovaný film;Karel Zeman;Miloš Kopecký, Jana Brejchová, Rudolf Jelínek, Karel Höger, Eduard Kohout, Jan Werich, Bohuš Záhorský, Rudolf Hrušínský, Miloslav Holub, František Šlégr;Gottfried August Bürger;https://srv.clickfuse.com/ads/adclkr.php?id=100006636&url=https://tv.apple.com/cz/movie/the-fabulous-baron-munchausen/umc.cmc.1xpxqxi7t2gznj7lqy5ptwk1s<br>https://www.youtube.com/watch?v=A7gBYWQC29s<br>https://srv.clickfuse.com/ads/adclkr.php?id=100006636&url=https://tv.apple.com/cz/movie/the-fabulous-baron-munchausen/umc.cmc.1xpxqxi7t2gznj7lqy5ptwk1s<br>https://www.youtube.com/watch?v=A7gBYWQC29s<br>https://apps.apple.com/cz/app/id6755365206<br>https://play.google.com/store/apps/details?id=cz.csfd.csfdroid<br>;The Saturn Awards (1x)<br>;
42132;Naušika z Větrného údolí;1984;84.68725257323833;116.0;https://image.pmgstatic.com/cache/resized/w420/files/images/film/posters/162/676/162676295_7ed619.jpg;https://www.csfd.cz/film/42132-nausika-z-vetrneho-udoli/;Japonsko;Animovaný / Dobrodružný / Fantasy / Sci-Fi;Kaze no tani no Nausicaa;Příběh o odvážné mladé princezně se odehrává ve fantaskním světě tisíc let po globální válce, která narušila rovnováhu ekosystému. Nebojácná Naušika z Větrného údolí obdařená nadáním dorozumívat se s obřím hmyzem, objevuje v zapovězeném prostoru krásu a učí se chápat jeho ekologické zákonitosti, narozdíl od většiny lidí, vyhýbajícím se oblastem mimo civilizaci. Zatímco obyvatelé bojují proti sobě i přírodním živlům, snaží se Naušika přinést mezi všechny znesvářené strany smír. Cenami ověnčený film bývá považován za definující dílo Hajaa Mijazakiho. (Aerofilms);11.03.1984 Toho Company;dívka, anime, les, válka, naděje, monstra, ekologie, letadla, poušť, postapokalyptická budoucnost, hrdina, legenda, princezna, hmyz, houby;Hajao Mijazaki;Bin Šimada, Ičiró Nagai, Iemasa Kajumi, Miina Tominaga, Robert Clotworthy, Čika Sakamoto, Sumi Šimamoto, Tarako, Jošiko Sakakibara, Hóčú Ócuka;;https://www.netflix.com/title/70019062<br>https://www.netflix.com/title/70019062<br>https://apps.apple.com/cz/app/id6755365206<br>https://play.google.com/store/apps/details?id=cz.csfd.csfdroid<br>;;
10120;Pohádka o Honzíkovi a Mařence;1980;84.81084939329051;65.0;https://image.pmgstatic.com/cache/resized/w420/files/images/film/posters/159/345/159345711_9b9de2.jpg;https://www.csfd.cz/film/10120-pohadka-o-honzikovi-a-marence/;Československo;Animovaný / Pohádka / Dobrodružný / Fantasy;The Tale of John and Mary;Poslední film klasika trikového filmu Karla Zemana vznikl ploškovou animací - tudíž ani nepředstírá nějakou trojrozměrnost. Inspirován klasickými českými pohádkami, vypráví o malém rytíři, jenž se vypravil do světa mocných, aby posléze seznal, že není důležité dobrodružství u honosných dvorů, nýbrž přátelství prostých lidí.;01.11.1980 Ústřední půjčovna filmů;láska, násilí, útěk, chlapec, vojáci, les, koně, ptáci, hrad, turnaj, zámek, rytíři, přání, skřítci, víly, plošková animace;Karel Zeman;Otakar Brousek st., Jaroslav Moučka, František Filipovský, Naďa Konvalinková, Helena Vondráčková, Zdeněk Vašek, Miloš Vosmanský, Hana Zaoralová, Antonín Procházka, Jana Tomečková;;https://apps.apple.com/cz/app/id6755365206<br>https://play.google.com/store/apps/details?id=cz.csfd.csfdroid<br>;;Zlín Film Festival (1x)<br>
7570;Na Hromnice o den více;1993;84.59968121628249;101.0;https://image.pmgstatic.com/cache/resized/w420/files/images/film/posters/164/500/164500458_cd40e2.jpg;https://www.csfd.cz/film/7570-na-hromnice-o-den-vice/;USA;Fantasy / Komedie / Romantický;Groundhog Day;Samolibý a vším otrávený moderátor počasí Bill Murray je pověřen natočením reportáže o každoročních oslavách Hromnic. Na cestě z města se dostane do ohromné bouře, která přeruší dopravu. Od té chvíle se ocitne v časové smyčce, díky které má spoustu času, aby se nad sebou mohl zamyslet... V městečku Punysutawney se vždy 2. února za svítání koná tradiční slavnost. Pomocí místního maskota - sviště Phila, se má zjistit blížící se začátek jara. Tuto kuriozitu již po několikáté se svým štábem natáčí a komentuje televizní specialista na meteorologii - jmenovec populárního sviště - Phil. Blazeovaného snoba a cynika tato záležitost nudí a naléhá na okamžitý návrat, který je znemožněn sněhovou kalamitou. Phil odmítne pozvání své mladé produkční Rity na večírek v místním hotelu a odchází spát. Ráno se probudí a je opět 2. února - opět se odehrává slavnostní ceremoniál, který je potřeba natočit. Čas se zastavil a jediný, který si to uvědomuje, je Phil. Zprvu je touto situací zaskočen, pak se začne cynicky bavit, ale když se události 2. února stále opakují, začne využívat svých znalostí o tom, co se ten den stane, také i ve prospěch svého okolí. Philova povaha se mění a on získává Ritiny sympatie. Když se jednou společně probudí, je před nimi nový den...;12.02.1993 Columbia/Sony;láska, rande, hotel, reportéři, bar, tradice, maloměsto, cestování časem, druhá šance, časová smyčka;Harold Ramis;Bill Murray, Andie MacDowell, Chris Elliott, Stephen Tobolowsky, Brian Doyle-Murray, Marita Geraghty, Rick Ducommun, Rick Overton, Robin Duke, Ken Hudson Campbell;;https://www.hbomax.com/cz/en/movies/groundhog-day/2604d84b-06e9-4ddc-a746-7869b49b6c64<br>https://srv.clickfuse.com/ads/adclkr.php?id=100006636&url=https://tv.apple.com/cz/movie/groundhog-day/umc.cmc.1w6jlmh7a3csaxq764zd0b6f0<br>https://www.youtube.com/watch?v=n4uB9hdzwjc<br>https://www.hbomax.com/cz/en/movies/groundhog-day/2604d84b-06e9-4ddc-a746-7869b49b6c64<br>https://srv.clickfuse.com/ads/adclkr.php?id=100006636&url=https://tv.apple.com/cz/movie/groundhog-day/umc.cmc.1w6jlmh7a3csaxq764zd0b6f0<br>https://www.youtube.com/watch?v=n4uB9hdzwjc<br>https://apps.apple.com/cz/app/id6755365206<br>https://play.google.com/store/apps/details?id=cz.csfd.csfdroid<br>;New York Film Critics Circle Awards (1x)<br>The Saturn Awards (5x)<br>;British Academy of Film and Television Arts (BAFTA) (1x)<br>The Saturn Awards (1x)<br>
384100;Píseň moře;2014;84.67075446547588;94.0;https://image.pmgstatic.com/cache/resized/w420/files/images/film/posters/159/625/159625069_075c1a.png;https://www.csfd.cz/film/384100-pisen-more/;Irsko / Dánsko / Belgie / Lucembursko / Francie;Animovaný / Rodinný / Fantasy;Song of the Sea;V bájné krajině starých Keltů žije na osamělém majáku otec s dcerou a synem. Život celé rodiny se obrátí vzhůru nohama ve chvíli, kdy se ukáže, že malá dcerka je poslední z tuleních víl. Jedině ona totiž může písní moře zachránit všechny pohádkové bytosti, které proměnila v kámen čarodějnice Macha. Po vysoce ceněné animované pohádce Brendan a tajemství Kellsu (nominace na Oscara) přichází irský režisér Tomm Moore s dalším kouzelným příběhem v celovečerním filmu. Nádherně animovaný svět keltských mýtů a nadějeplné vyprávění o síle rodičovské a sourozenecké lásky vynesly mladému režisérovi nejen srovnání s největšími mistry animovaného filmu, ale také už druhou nominaci na Oscara. (Aerofilms);10.12.2014 Haut et Court;muž, žena, rodina, dívka, tajemství, otec, rodiče, město, záhady, dcera, syn, chlapec, zvířata, sourozenci, moře, ostrov, stáří, voda, kouzla, oceán, magie, babička, zlo, stěhování, legenda, čarodějnice, pobřeží, vnoučata, ptáci, mytologie, prokletí, čarodějnictví, kletba, němota, maják, černá magie, sovy, tuleni, Keltové;Tomm Moore;Brendan Gleeson, Fionnula Flanagan, Pat Shortt, David Rawle, Jon Kenny, Lisa Hannigan, Lucy O'Connell, Paul Young, Grethe Mogensen;;https://apps.apple.com/cz/app/id6755365206<br>https://play.google.com/store/apps/details?id=cz.csfd.csfdroid<br>;Academy Awards (1x)<br>César Awards (1x)<br>;European Film Awards (1x)<br>Shanghai International Film Festival (1x)<br>Melbourne International Film Festival (MIFF) (1x)<br>
42137;Můj soused Totoro;1988;84.59206707513705;86.0;https://image.pmgstatic.com/cache/resized/w420/files/images/film/posters/165/818/165818713_7029d1.jpg;https://www.csfd.cz/film/42137-muj-soused-totoro/;Japonsko;Animovaný / Dobrodružný / Fantasy / Rodinný;Tonari no Totoro;Sestry Sacuki a Mei se s tatínkem stěhují na venkov do strašidelného domu. Starší Sacuki musí převzít péči o domácnost, zatímco malá Mei objevuje zákoutí přilehlého lesa. Dívky se spřátelí s roztomilými lesními duchy v čele s obrovským chlupáčem Totorem a prožijí s nimi největší dobrodružství svého života. Nadčasový film mistra japonské animace Hajaa Mijazakiho v produkci studia Ghibli s ohromující obrazotvorností vypráví o každodenních radostech i trápeních diváků každého věku. (Aerofilms);16.04.1988 Toho Company;přátelství, dívka, otec, děti, matka, dcera, anime, venkov, vesnice, les, nemoc, sestry, duchové, Japonsko, sousedi, babička, déšť, zahrada;Hajao Mijazaki;Šigeru Čiba, Ikue Ótani, Tomohiro Nišimura, Tanie Kitabajaši, Čika Sakamoto, Hitoši Takagi, Sumi Šimamoto, Naoki Tacuta, Noriko Hidaka, Čie Kódžiro;;https://www.netflix.com/title/60032294<br>https://www.netflix.com/title/60032294<br>https://apps.apple.com/cz/app/id6755365206<br>https://play.google.com/store/apps/details?id=cz.csfd.csfdroid<br>;The Saturn Awards (1x)<br>;
42923;Velká ryba;2003;84.48365948637058;125.0;https://image.pmgstatic.com/cache/resized/w420/files/images/film/posters/159/482/159482659_8ff110.jpg;https://www.csfd.cz/film/42923-velka-ryba/;USA;Fantasy / Dobrodružný / Romantický / Drama;Big Fish;Edward Bloom (Albert Finney) byl odjakživa vášnivým vypravěčem neuvěřitelných historek ze svého mládí (Ewan McGregor), kdy jej jeho záliba v cestování zavedla na úžasnou výpravu okolo světa. V jeho mýtických dobrodružstvích nechybí obři, vlkodlaci, zpívající siamská dvojčata ani čarodějnice se skleněným okem, která dokáže nahlédnout do budoucnosti. Se svými fantastickými historkami se Bloomovi daří okouzlit každého kromě jeho syna Willa (Billy Crudup). Když pak Edward onemocní, jeho žena Sandra (Jessica Lange) se pokusí Willa přimět, aby ke svému otci znovu našel cestu. Will se musí pokusit oddělit pravdu od fikce a naučit se s heroickými činy i velkými prohrami svého otce žít.;09.01.2004 Columbia Pictures US;podle knihy, muž, láska, žena, rodina, smrt, 20. století, tajemství, otec, rodiče, město, syn, zvířata, vzpomínky, období 1940-1950, les, nemoc, divočina, umírání, voda, období 1960-1970, legenda, pohřeb, nevyléčitelná nemoc, období 1950-1960, ryby, jezero, cirkus, Korejská válka, mořské panny, obři, vyprávění;Tim Burton;Ewan McGregor, Albert Finney, Billy Crudup, Jessica Lange, Helena Bonham Carter, Alison Lohman, Marion Cotillard, Matthew McGrory, David Denman, Missi Pyle;Daniel Wallace;https://www.hbomax.com/cz/en/movies/big-fish/3bee43da-f654-4cab-9e92-12369c60dd31<br>https://srv.clickfuse.com/ads/adclkr.php?id=100006636&url=https://tv.apple.com/cz/movie/big-fish/umc.cmc.7ke8x6knz1tn75k5buqj3mbyx<br>https://www.youtube.com/watch?v=td8MG_KqKS0<br>https://sledovanitv.cz/epg/event/HBO2:20260309136f5be816d62000ee581fe27d0ca781<br>https://www.hbomax.com/cz/en/movies/big-fish/3bee43da-f654-4cab-9e92-12369c60dd31<br>https://srv.clickfuse.com/ads/adclkr.php?id=100006636&url=https://tv.apple.com/cz/movie/big-fish/umc.cmc.7ke8x6knz1tn75k5buqj3mbyx<br>https://www.youtube.com/watch?v=td8MG_KqKS0<br>https://sledovanitv.cz/epg/event/HBO2:20260309136f5be816d62000ee581fe27d0ca781<br>https://apps.apple.com/cz/app/id6755365206<br>https://play.google.com/store/apps/details?id=cz.csfd.csfdroid<br>;Academy Awards (1x)<br>British Academy of Film and Television Arts (BAFTA) (7x)<br>Golden Globes (4x)<br>Critics Choice Awards (5x)<br>The Saturn Awards (2x)<br>;
1073;Střihoruký Edward;1990;84.41078617546525;105.0;https://image.pmgstatic.com/cache/resized/w420/files/images/film/posters/158/716/158716130_a08794.jpg;https://www.csfd.cz/film/1073-strihoruky-edward/;USA;Drama / Fantasy / Romantický;Edward Scissorhands;Království za ruce by dal hrdina amerického filmu, který sice není tak úplně člověk, přestože se chová lidštěji než většina lidí v jeho okolí. Edward je výtvorem starého vynálezce, který však zemřel dříve než jej stačil dokončit a nahradit důmyslnou sestavu ostrých břitů lidskýma rukama. Edward zůstal úplně sám v chátrajícím hradě a kdovíjak dlouho trvalo, než jej zcela náhodou objevila podnikavá Peggy a vzala s sebou do města. Přestože Edward vypadá jako nějaké hrozivé monstrum, ve skutečnosti je hodný, milý a velmi plachý. Brzy si získá uznání a obdiv svým střihačským uměním, jenže jak už to chodí, jsou i lidé závistiví a zlí, jímž chlapcova obliba nedá spát, obzvláště když si všimnou náklonnosti, kterou chová k hezké dívce Kim.;14.12.1990 20th Century Fox;láska, rodina, smrt, děti, Vánoce, krev, nenávist, sníh, hrad, pokusy na lidech;Tim Burton;Johnny Depp, Winona Ryder, Dianne Wiest, Anthony Michael Hall, Kathy Baker, Robert Oliveri, Conchata Ferrell, Caroline Aaron, Vincent Price, Alan Arkin;;https://srv.tunefindforfans.com/showads/track/srvclk.php?aid=100006796&lp=https://www.disneyplus.com/en-cz/browse/entity-3c963714-a9a8-4a80-9f29-44c659172b6f<br>https://srv.clickfuse.com/ads/adclkr.php?id=100006636&url=https://tv.apple.com/cz/movie/edward-scissorhands/umc.cmc.4ygepzc66jc8v75rpukqh5lro<br>https://www.youtube.com/watch?v=dcagyKeAzQ4<br>https://srv.tunefindforfans.com/showads/track/srvclk.php?aid=100006796&lp=https://www.disneyplus.com/en-cz/browse/entity-3c963714-a9a8-4a80-9f29-44c659172b6f<br>https://srv.clickfuse.com/ads/adclkr.php?id=100006636&url=https://tv.apple.com/cz/movie/edward-scissorhands/umc.cmc.4ygepzc66jc8v75rpukqh5lro<br>https://www.youtube.com/watch?v=dcagyKeAzQ4<br>https://apps.apple.com/cz/app/id6755365206<br>https://play.google.com/store/apps/details?id=cz.csfd.csfdroid<br>;Academy Awards (1x)<br>British Academy of Film and Television Arts (BAFTA) (3x)<br>Golden Globes (1x)<br>Los Angeles Film Critics Association Awards (1x)<br>New York Film Critics Circle Awards (1x)<br>The Saturn Awards (5x)<br>;British Academy of Film and Television Arts (BAFTA) (1x)<br>The Saturn Awards (1x)<br>
10123;Ukradená vzducholoď;1966;84.52513966480447;88.0;https://image.pmgstatic.com/cache/resized/w420/files/images/film/posters/166/793/166793785_a40585.png;https://www.csfd.cz/film/10123-ukradena-vzducholod/;Československo;Dobrodružný / Fantasy;The Stolen Airship;Děj začíná na pražské Jubilejní výstavě roku 1891. Pět pražských kluků se schází na pražském Výstavišti, kde vidí fantastický zázrak řiditelnou vzducholoď podnikatele Findejse. Kvůli reklamě nabízí chlapcům let zdarma, ale když se hlásí platící zájemci, chce je vyhnat. Kluci se nedají ze vzducholodi vypudit a najednou se ocitají nad městem. Ovšem vzducholoď řiditelná není! Nejprve přelétli bezpečně celou Evropu, ale potom havarovali na neznámém ostrově uprostřed oceánu. Zde prožili řadu typicky verneovských dobrodružství, než byli zachráněni výpravou, organizovanou pohotovým žurnalistou Ardanem...;28.04.1967 Ústřední půjčovna filmů;podle knihy, útěk, podvod, 19. století, ostrov, novináři, piráti, steampunk, vzducholoď, tónovaný film;Karel Zeman;Michal Pospíšil, Hanuš Bor, Jan Čížek, Josef Stráník, Jan Malát, Jitka Zelenohorská, Čestmír Řanda st., Stanislav Šimek, Josef Větrovec, Jan Teplý st.;Jules Verne;https://www.youtube.com/watch?v=-8pCgHq4ckE<br>https://www.youtube.com/watch?v=-8pCgHq4ckE<br>https://apps.apple.com/cz/app/id6755365206<br>https://play.google.com/store/apps/details?id=cz.csfd.csfdroid<br>;;
9756;Kabinet doktora Caligariho;1920;84.55452730901833;71.0;https://image.pmgstatic.com/cache/resized/w420/files/images/film/posters/160/870/160870904_1dab07.png;https://www.csfd.cz/film/9756-kabinet-doktora-caligariho/;Německá říše;Drama / Horor / Fantasy / Mysteriózní;Das Kabinett des Doktor Caligari;V malém severoněmeckém městě šíří Dr. Caligari strach a teror s pomocí Cesareho. Ve dne Caligari vystavuje Cesareho na veletrhu, kde v hypnóze předpovídá budoucnost. V noci však Caligariho otrok prochází městem a páchá na příkaz svého pána šílené vraždy. Když jedné noci zemře mladík, kterému Cesare předpověděl blížící se smrt, začne Francis podezírat Dr. Caligariho. Když Cesare unese Francisovu přítelkyni Jane, podezření se mění v jistotu. Tento filmový skvost je ukázkovým příkladem expresionistického filmu a přispěl k mezinárodnímu uznání německé kinematografie. (Film Europe);26.02.1920 Decla-Bioscop-Verleih;černobílý film, smrt, vražda, město, vrah, vzpomínky, němý film, manipulace, pronásledování, únos, doktoři, zlo, psychiatrická léčebna, psychiatr, šílený vědec, pouť (slavnost);Robert Wiene;Werner Krauss, Conrad Veidt, Friedrich Fehér, Lil Dagover, Rudolf Klein-Rogge, Hans Heinrich von Twardowski, Rudolf Lettinger;;https://apps.apple.com/cz/app/id6755365206<br>https://play.google.com/store/apps/details?id=cz.csfd.csfdroid<br>;;
194882;Mrtvá nevěsta Tima Burtona;2005;84.32569695641054;74.0;https://image.pmgstatic.com/cache/resized/w420/files/images/film/posters/158/603/158603200_c5c5de.jpg;https://www.csfd.cz/film/194882-mrtva-nevesta-tima-burtona/;Velká Británie / USA;Animovaný / Fantasy / Romantický / Muzikál;Mrtvá nevěsta;Děj animovaného příběhu se odehrává ve viktoriánské vesnici v 19. století a sleduje příběh Viktora, mladého muže vtaženého do podsvětí, kde je oženěn s tajemnou mrtvou nevěstou. Jeho skutečná nevěsta Viktorie na něj mezitím čeká ve skutečném světě. Přestože se život v Zemi mrtvých ukáže být mnohem barvitější, než jeho striktní viktoriánská výchova, dospěje Viktor k závěru, že v tomto ani v dalších světech neexistuje nic, co by ho udrželo odloučeného od jeho skutečné lásky...;21.10.2005 Warner Bros. UK;smrt, vražda, dívka, otec, matka, rodiče, manželé, město, dcera, syn, chlapec, únos, zrada, mrtvola, les, 19. století, svatba, kouzla, šlechta, snoubenci, kostel, stop motion animace, pavouci, kostlivci, podsvětí (mýtické sídlo mrtvých);Tim Burton, Mike Johnson;Johnny Depp, Helena Bonham Carter, Emily Watson, Albert Finney, Richard E. Grant, Christopher Lee, Joanna Lumley, Danny Elfman, Michael Gough, Tracey Ullman;;https://srv.clickfuse.com/ads/adclkr.php?id=100006636&url=https://tv.apple.com/cz/movie/tim-burtons-corpse-bride/umc.cmc.5ikdb21mpr25v0ekvy4xtdhx<br>https://www.youtube.com/watch?v=JBoIXgqkhjA<br>https://srv.clickfuse.com/ads/adclkr.php?id=100006636&url=https://tv.apple.com/cz/movie/tim-burtons-corpse-bride/umc.cmc.5ikdb21mpr25v0ekvy4xtdhx<br>https://www.youtube.com/watch?v=JBoIXgqkhjA<br>https://apps.apple.com/cz/app/id6755365206<br>https://play.google.com/store/apps/details?id=cz.csfd.csfdroid<br>;Academy Awards (1x)<br>Critics Choice Awards (1x)<br>New York Film Critics Circle Awards (1x)<br>;The Saturn Awards (1x)<br>
6002;Tři veteráni;1983;84.30033695721279;93.0;https://image.pmgstatic.com/cache/resized/w420/files/images/film/posters/161/110/161110365_320b50.jpg;https://www.csfd.cz/film/6002-tri-veterani/;Československo;Pohádka / Komedie / Fantasy / Rodinný;The Three Veterans;"Tři vysloužilí vojáci: dělostřelec Pankrác, dragoun Bimbác a vojenský kuchař Servác jsou po propuštění z armády bez peněz a toulají se světem. Od dobrosrdečných skřítků dostanou kouzelné dary: harfičku, která ""vyrábí"" vojáky, sluhy apod., cylindr, který vykouzlí, na co si člověk vzpomene a ... Tři veteráni přemýšlejí, jak s dary co nejlépe naložit a nakonec se vypraví do království Monte Albo, kde se Bimbác zamiluje do princezny Bosany. Bosana je nejen krásná, ale navíc proradná a postupně vojáky o všechny dary připraví a nechá je vyhnat. Zatímco se s králem radují, co všechno budou moci s kouzelnými věcmi podnikat, vojákům ještě dlouho trvá než pochopí, co je pro ně na světě opravdu nejdůležitější. Pak se znovu objeví skřítci a zavedou veterány ke stromům s kouzelným ovocem. Po něm naroste Bosaně dlouhatánský nos, který dokonce překročí hranice království. Pomoci jí může jen ovoce z druhého stromu...";01.07.1984 Ústřední půjčovna filmů;žena režisérka, přátelství, útěk, cestování, vojáci, podvod, krádež, zloděj, kouzla, podle povídky, král, hotel, bitva, princezna, invaze, skřítci;Oldřich Lipský;Rudolf Hrušínský, Petr Čepek, Josef Somr, Vida Neuwirthová, Július Satinský, Zdeněk Svěrák, Miloš Kopecký, Lubomír Lipský st., Jiří Kaftan, Milan Lasica;Jan Werich;https://www.iprima.cz/filmy/tri-veterani?utm_source=csfd&utm_medium=section_vod&utm_campaign=link_exchange<br>https://www.ceskatelevize.cz/porady/21947-tri-veterani?utm_source=csfd&utm_medium=section_vod&utm_campaign=link<br>https://www.youtube.com/watch?v=N_1dQKLcWFw<br>https://www.iprima.cz/filmy/tri-veterani?utm_source=csfd&utm_medium=section_vod&utm_campaign=link_exchange<br>https://www.ceskatelevize.cz/porady/21947-tri-veterani?utm_source=csfd&utm_medium=section_vod&utm_campaign=link<br>https://www.youtube.com/watch?v=N_1dQKLcWFw<br>https://apps.apple.com/cz/app/id6755365206<br>https://play.google.com/store/apps/details?id=cz.csfd.csfdroid<br>;;Zlín Film Festival (2x)<br>
241059;Na vlásku;2010;84.25973177652126;100.0;https://image.pmgstatic.com/cache/resized/w420/files/images/film/posters/168/138/168138063_jdz5a7.jpg;https://www.csfd.cz/film/241059-na-vlasku/;USA;Animovaný / Komedie / Rodinný / Muzikál / Romantický / Fantasy;Tangled;Na vlásku je animovaná hudební komedie plná efektů a dobrodružství o dívce, která má kouzelné vlasy zlaté barvy dlouhé víc než 70 stop. Princezna Locika je unesena z hradu svých rodičů již jako dítě a zamčena v tajné věži a touží po dobrodružství. Nyní je ve věku teenagera s bujnou fantazií a odhodlá se s pomocí temperamentního bandity provést velký husarský kousek. Locika a její komplici nacházejí dobrodružství, srdce, humor a vlasy… spoustu vlasů. Prozrazení jejího královského původu visí na nitce a její únosce je jim v patách. Tato komedie je převyprávěním klasické pohádky bratří Grimmů.;24.11.2010 Walt Disney US;podle knihy, láska, přátelství, vězení, naděje, zloděj, koně, princezna, čarodějnice, teen comedy, teen romance, Disney Princess, Locika;Byron Howard, Nathan Greno;Mandy Moore, Zachary Levi, Donna Murphy, Ron Perlman, Jeffrey Tambor, Brad Garrett, M.C. Gainey, Paul F. Tompkins, Richard Kiel, Byron Howard;Jacob Grimm, Wilhelm Grimm;https://srv.tunefindforfans.com/showads/track/srvclk.php?aid=100006796&lp=https://www.disneyplus.com/en-cz/browse/entity-197d29a0-7a57-4eca-afa9-da1c050c5abe<br>https://srv.clickfuse.com/ads/adclkr.php?id=100006636&url=https://tv.apple.com/cz/movie/tangled/umc.cmc.4bofe8sikofs0fnarn3pd6u5p<br>https://srv.tunefindforfans.com/showads/track/srvclk.php?aid=100006796&lp=https://www.disneyplus.com/en-cz/browse/entity-197d29a0-7a57-4eca-afa9-da1c050c5abe<br>https://srv.clickfuse.com/ads/adclkr.php?id=100006636&url=https://tv.apple.com/cz/movie/tangled/umc.cmc.4bofe8sikofs0fnarn3pd6u5p<br>http://disney.go.com/disneypictures/tangled/<br>/tag/1764-disney-princess/<br>https://apps.apple.com/cz/app/id6755365206<br>https://play.google.com/store/apps/details?id=cz.csfd.csfdroid<br>;Academy Awards (1x)<br>Golden Globes (2x)<br>Critics Choice Awards (2x)<br>The Saturn Awards (1x)<br>;
29484;Ukradené Vánoce;1993;84.22725760544117;76.0;https://image.pmgstatic.com/cache/resized/w420/files/images/film/posters/158/083/158083485_f60eb8.jpg;https://www.csfd.cz/film/29484-ukradene-vanoce/;USA;Animovaný / Rodinný / Fantasy / Muzikál / Loutkový;Ukradené Vánoce Tima Burtona;Jack Skellington je oblíbený vládce městečka Halloween, který dohlíží na tvoření všech morbidních potěšení, hrůz a překvapení. Jack je svou každoroční neměnnou rutinou absolutně znuděný. Jednoho dne se ocitne v sousedním Vánočním městě a za zvuků vánoční hudby prozkoumává zdejší tradice a obyvatele. Rozhodne se, že unese Santu Clause a uspořádá si Vánoce podle vlastních představ. Na pomoc si pozve své přátele ze záhrobí a vyrobí nádherné dárečky pro všechny hodné děti. Naloží je na sáně tažené kostrami sobů a vyráží nadělovat vánoční pohodu. Co na to budou říkat děti, až jim dárky budou předávat duchové a vlkodlaci? (Nova Cinema);29.10.1993 Buena Vista Pictures US;podle knihy, děti, město, útěk, Vánoce, únos, les, psi, monstra, sníh, duchové, zima, upíři, čarodějnice, hřbitov, vlkodlaci, Halloween, šílený vědec, stop motion animace, loutky, ukradená identita, klauni, Santa Claus, Štědrý den, starosta, skřítci, strašidla, kostlivci, sobi;Henry Selick;Chris Sarandon, Catherine O'Hara, William Hickey, Glenn Shadix, Paul Reubens, Ken Page, Danny Elfman, Sherwood Ball, Edward Ivory, Greg Proops;Tim Burton;https://srv.tunefindforfans.com/showads/track/srvclk.php?aid=100006796&lp=https://www.disneyplus.com/en-cz/browse/entity-4aa190d7-6010-410d-b567-b8be3296b521<br>https://srv.clickfuse.com/ads/adclkr.php?id=100006636&url=https://tv.apple.com/cz/movie/tim-burtons-the-nightmare-before-christmas/umc.cmc.15sv1obrzlxhuf2xhjftbr6ab<br>https://srv.tunefindforfans.com/showads/track/srvclk.php?aid=100006796&lp=https://www.disneyplus.com/en-cz/browse/entity-4aa190d7-6010-410d-b567-b8be3296b521<br>https://srv.clickfuse.com/ads/adclkr.php?id=100006636&url=https://tv.apple.com/cz/movie/tim-burtons-the-nightmare-before-christmas/umc.cmc.15sv1obrzlxhuf2xhjftbr6ab<br>https://apps.apple.com/cz/app/id6755365206<br>https://play.google.com/store/apps/details?id=cz.csfd.csfdroid<br>;Academy Awards (1x)<br>Golden Globes (1x)<br>The Saturn Awards (3x)<br>;The Saturn Awards (2x)<br>
43513;Piráti z Karibiku: Prokletí Černé perly;2003;84.09277499462846;143.0;https://image.pmgstatic.com/cache/resized/w420/files/images/film/posters/158/606/158606055_fe835f.jpg;https://www.csfd.cz/film/43513-pirati-z-karibiku-prokleti-cerne-perly/;USA;Dobrodružný / Akční / Fantasy / Komedie;Pirates of the Caribbean: The Curse of the Black Pearl;Třpytivé vody Karibiku jsou pro darebáckého, ale šarmantního kapitána Jacka Sparrowa nevyčerpatelným zdrojem tajemných a vzrušujících dobrodružství. Jeho idylický život se však razantně změní ve chvíli, kdy se lstivý kapitán Barbossa zmocní jeho lodi Černá perla a napadne město Port Royal, odkud unese guvernérovu okouzlující dceru Elizabeth Swann. Její kamarád z dětství Will Turner se spolu s Jackem vydává na palubě nejrychlejší lodi britské flotily na odvážnou výpravu za záchranou Elizabeth a ukradené Černé perly. V patách je jim Elizabethin snoubenec, sympatický a ctižádostivý Commodore Norrington. Will ale netuší, že je Barbossa i s celou svou pirátskou posádkou pod vlivem prokletí, které jej odsuzuje k věčnému životu ve světě nemrtvých a každou noc jej proměňuje v živého kostlivce. Kletbu může zlomit pouze vrácení ukradené části prokletého pokladu na jeho původní místo. Posádky obou lodí se vydávají vstříc vzrušujícímu střetnutí s Barbossou na tajemný ostrov Isla de Muerta. Když pak pozvednou své meče k souboji s obávanými piráty Karibiku, je v sázce Jackova pomsta, Černá perla, zapomenutý poklad, zlomení kletby nad Barbossou a jeho posádkou, osud britské námořní flotily a v neposlední řadě také životy našich statečných hrdinů.;09.07.2003 Buena Vista Pictures US;muž, láska, žena, rodina, smrt, dívka, tajemství, otec, rodiče, strach, mládež, záhady, dcera, touha, útěk, chlapec, zbraně, oběť (autonehody/zločinu), pátrání, cestování, vzpomínky, vojáci, manipulace, lež, intriky, pronásledování, putování, rivalita, únos, zrada, vězení, boj o přežití, souboje, vášeň, podvod, mrtvola, moře, nenávist, armáda, ostrov, umírání, zranění, voda, rvačka, lodě, střelné zbraně, kouzla, krutost, panika, oceán, přepadení, chamtivost, přestřelka, chladnokrevnost, dobrodruh, magie, střelba, tradice, zakázaná láska, bohatství, výbuch, alkohol, bodné zbraně, sečné zbraně, bomba, past, zlato, nůž, piráti, prokletí, dobrodružství, vyjednávání, puška, expedice, destrukce, námořnictvo, vězeň, podvodníci, ničení, kletba, uprchlý trestanec, nesmrtelnost, přístav, Karibik, útěk z vězení, poklad, sekera, šerm, vězeňská cela, přestrojení, kostlivci, námořníci, kovář, mořeplavci;Gore Verbinski;Johnny Depp, Geoffrey Rush, Orlando Bloom, Keira Knightley, Jack Davenport, Kevin McNally, Zoe Saldaña, Jonathan Pryce, Treva Etienne, David Bailie;;https://srv.tunefindforfans.com/showads/track/srvclk.php?aid=100006796&lp=https://www.disneyplus.com/en-cz/browse/entity-2d6036d7-f3b4-42c3-b1d3-cd5dd79bf307<br>https://srv.clickfuse.com/ads/adclkr.php?id=100006636&url=https://tv.apple.com/cz/movie/pirates-of-the-caribbean-the-curse-of-the-black-pearl/umc.cmc.1wsvf8g54wi5yhum7spxmh470<br>/novinky/8431-disney100-koncert/<br>/novinky/8431-disney100-koncert/<br>/novinky/8431-disney100-koncert/<br>https://srv.tunefindforfans.com/showads/track/srvclk.php?aid=100006796&lp=https://www.disneyplus.com/en-cz/browse/entity-2d6036d7-f3b4-42c3-b1d3-cd5dd79bf307<br>https://srv.clickfuse.com/ads/adclkr.php?id=100006636&url=https://tv.apple.com/cz/movie/pirates-of-the-caribbean-the-curse-of-the-black-pearl/umc.cmc.1wsvf8g54wi5yhum7spxmh470<br>http://disney.go.com/pirates/<br>https://apps.apple.com/cz/app/id6755365206<br>https://play.google.com/store/apps/details?id=cz.csfd.csfdroid<br>;Academy Awards (5x)<br>British Academy of Film and Television Arts (BAFTA) (4x)<br>Amanda Awards (1x)<br>Golden Globes (1x)<br>Critics Choice Awards (1x)<br>The Saturn Awards (10x)<br>;British Academy of Film and Television Arts (BAFTA) (1x)<br>Critics Choice Awards (1x)<br>The Saturn Awards (1x)<br>
221714;Podivuhodný případ Benjamina Buttona;2008;84.07177472997371;166.0;https://image.pmgstatic.com/cache/resized/w420/files/images/film/posters/000/072/72342_6c6a91.jpg;https://www.csfd.cz/film/221714-podivuhodny-pripad-benjamina-buttona/;USA;Drama / Fantasy / Romantický;The Curious Case of Benjamin Button;Film vycházející z povídky F. Scotta Fitzgeralda vypráví o sympatickém padesátníkovi Benjaminu Buttonovi, který je se svým životem spokojený a navíc se nedávno zamiloval do třicátnice Daisy. Hlavní hrdina však místo stárnutí začíná mládnout, což se mu nejdřív líbí, ale postupem času obrátí. Protože prožívat svůj život v opačném směru a mládnout vedle své pozvolna stárnoucí lásky, to není úplně normální.;25.12.2008 Paramount Pictures;láska, smrt, 20. století, matka, strach, dcera, cestování, vzpomínky, období 1940-1950, dospívání, nemocnice, stáří, podle povídky, období 1910-1920, období 1930-1940, období 1970-1980, období 1960-1970, období 1980-1990, období 1950-1960, období 1990-2000, období 1920-1930, těžký úraz, adopce, balet, námořnictvo, období 2000-2010, deník, americký jih, domov důchodců, senilita;David Fincher;Brad Pitt, Cate Blanchett, Taraji P. Henson, Julia Ormond, Jason Flemyng, Mahershala Ali, Jared Harris, Elias Koteas, Phyllis Somerville, Tilda Swinton;F. Scott Fitzgerald;https://srv.clickfuse.com/ads/adclkr.php?id=100006636&url=https://tv.apple.com/cz/movie/the-curious-case-of-benjamin-button/umc.cmc.4jcjrdz0t7b6fqwp8qhkb2i9l<br>https://www.youtube.com/watch?v=MvBfICgLZUo<br>https://srv.clickfuse.com/ads/adclkr.php?id=100006636&url=https://tv.apple.com/cz/movie/the-curious-case-of-benjamin-button/umc.cmc.4jcjrdz0t7b6fqwp8qhkb2i9l<br>https://www.youtube.com/watch?v=MvBfICgLZUo<br>https://apps.apple.com/cz/app/id6755365206<br>https://play.google.com/store/apps/details?id=cz.csfd.csfdroid<br>;Academy Awards (10x)<br>British Academy of Film and Television Arts (BAFTA) (8x)<br>Golden Globes (5x)<br>Critics Choice Awards (8x)<br>Los Angeles Film Critics Association Awards (1x)<br>New York Film Critics Circle Awards (2x)<br>The Saturn Awards (6x)<br>;Academy Awards (3x)<br>British Academy of Film and Television Arts (BAFTA) (3x)<br>The Saturn Awards (3x)<br>
33887;Popelka;1950;84.15947127171944;74.0;https://image.pmgstatic.com/cache/resized/w420/files/images/film/posters/164/978/164978399_90776c.jpg;https://www.csfd.cz/film/33887-popelka/;USA;Animovaný / Rodinný / Romantický / Muzikál / Fantasy;Cinderella;Snad nejznámější pohádka na světě, příběh chudé dívky, která se přes noc stává princovou vyvolenou, vychází nyní v zrestaurované podobě na Disney DVD a VHS dokonce ve speciální verzi. Nezapomenutelnou, animovanou verzi této pohádky dokončilo v roce 1950 studio Disney. Diváky kromě kouzelné animace zaujala i nádherná hudba, která film doprovází. Popelka byla tehdy nominována na Oscara ve třech kategoriích: za Nejlepší píseň (Bibbidi-Bobbidi-Boo), Nejlepší soundtrack a Nejlepší zvuk. Kromě toho získala po celém světě velkou řadu ocenění (jen pro ilustraci uveďme Golden Bear Award, Berlínský mezinárodní filmový festival, 1951 či Cinemonde Et Les Film Francais, 1950 a mnohé další).;04.03.1950 RKO Radio Pictures;láska, žena, rivalita, sestry, kouzla, princ, macecha (nevlastní matka), myši, Disney Princess;Hamilton Luske, Wilfred Jackson, Clyde Geronimi;Eleanor Audley, June Foray, Betty Lou Gerson, Verna Felton, William Phipps, Harold Berens, Mike Douglas, Bill Fraser, Lucille Bliss, James MacDonald;Charles Perrault;/tvurce/3426-walt-disney/prehled/<br>https://srv.tunefindforfans.com/showads/track/srvclk.php?aid=100006796&lp=https://www.disneyplus.com/en-cz/browse/entity-f7272318-0b08-46f5-b89e-284b3e8a7234<br>https://srv.clickfuse.com/ads/adclkr.php?id=100006636&url=https://tv.apple.com/cz/movie/cinderella/umc.cmc.79wcks09an35qbglv7i1imbmc<br>https://srv.tunefindforfans.com/showads/track/srvclk.php?aid=100006796&lp=https://www.disneyplus.com/en-cz/browse/entity-f7272318-0b08-46f5-b89e-284b3e8a7234<br>https://srv.clickfuse.com/ads/adclkr.php?id=100006636&url=https://tv.apple.com/cz/movie/cinderella/umc.cmc.79wcks09an35qbglv7i1imbmc<br>/tag/1764-disney-princess/<br>https://apps.apple.com/cz/app/id6755365206<br>https://play.google.com/store/apps/details?id=cz.csfd.csfdroid<br>;Academy Awards (3x)<br>Venice Film Festival (1x)<br>;Venice Film Festival (1x)<br>Berlinale (Berlin International Film Festival) (2x)<br>
723;Sedmá pečeť;1957;84.12313632950767;96.0;https://image.pmgstatic.com/cache/resized/w420/files/images/film/posters/162/133/162133929_5ohvoo.jpg;https://www.csfd.cz/film/723-sedma-pecet/;Švédsko;Drama / Fantasy;Det sjunde inseglet;Rytíř Antonius Block (Max von Sydow) se vrací domů do Švédska z křížové výpravy proti bezvěrcům. Svou zem však najde zpustošenou běsnícím morem. Blocka navštíví Smrt a sdělí mu, že jeho dny jsou sečteny. Předtím ho ještě čeká jedna šachová partie.;Na DVD od 21.12.2004 Levné knihy;muž, černobílý film, láska, žena, rodina, smrt, přátelství, přátelé, násilí, tajemství, podle divadelní hry, strach, záhady, touha, zbraně, ženy, cestování, putování, les, moře, divočina, náboženství, víra, nespravedlnost, voda, oceán, křesťanství, středověk, sledování, mučení, čarodějnice, pobřeží, církev, oheň, hrad, poprava, čarodějnictví, trest smrti, zápas, rytíři, strom, filozof, 14. století, šachy, upálení, posmrtný život, Smrťák, mor, křižáci;Ingmar Bergman;Gunnar Björnstrand, Bengt Ekerot, Nils Poppe, Max von Sydow, Bibi Andersson, Inga Gill, Maud Hansson, Inga Landgré, Gunnel Lindblom, Bertil Anderberg;;https://apps.apple.com/cz/app/id6755365206<br>https://play.google.com/store/apps/details?id=cz.csfd.csfdroid<br>;Cannes Film Festival (1x)<br>;Cannes Film Festival (1x)<br>
6860;Upír Nosferatu;1922;84.10757432503414;94.0;https://image.pmgstatic.com/cache/resized/w420/files/images/film/posters/169/408/169408912_01sebz.jpg;https://www.csfd.cz/film/6860-upir-nosferatu/;Německá říše;Horor / Fantasy;Nosferatu, symfonie hrůzy;Realitní makléř Hutter cestuje z Wisborgu do Transylvánie, kde nevědomky prodá nemovitost zlověstnému hraběti Orlokovi. Když se probudí se stopami po kousnutí na krku a pozná Orlokovu pravou identitu, nemůže Hutter zabránit hraběti v zavlečení moru a smrti do Wisborgu. Hutterova žena Ellen cítí blížící se tragédii a vidí jedinou možnost, jak město zachránit… Film F. W. Murnaua, první filmové zpracování Stokerova románu „Dracula“, je ikonou hororového žánru. Jeho působivost není založena na inscenovaném násilí ani na umělé atmosféře, ale na kontrastu mezi strnulostí upíra Nosferatu a energií mladého Huttera, a na protikladu opuštěného karpatského hradu a biedermeierovské atmosféry městečka Wisborg. (Film Europe);04.03.1922;podle knihy, muž, černobílý film, láska, žena, smrt, tajemství, strach, manželé, záhady, němý film, 19. století, monstra, novověk, upíři, hrad, gotický horor, Drákula, rakev, mor, expresionismus, gotika, východ slunce;Friedrich Wilhelm Murnau;Max Schreck, Gustav von Wangenheim, Greta Schröder, Georg H. Schnell, Ruth Landshoff, John Gottowt, Gustav Botz, Max Nemetz, Wolfgang Heinz, Albert Venohr;Bram Stoker;https://apps.apple.com/cz/app/id6755365206<br>https://play.google.com/store/apps/details?id=cz.csfd.csfdroid<br>;The Saturn Awards (1x)<br>;
224137;Hvězdný prach;2007;84.00400932782391;128.0;https://image.pmgstatic.com/cache/resized/w420/files/images/film/posters/164/949/164949899_f3ada3.jpg;https://www.csfd.cz/film/224137-hvezdny-prach/;Velká Británie / USA / Island;Fantasy / Romantický / Dobrodružný / Rodinný;Stardust;Ten příběh začíná pádem hvězdy. Není se ostatně čemu divit, když se na jeho vzniku tolik hvězd podílelo. Napsal ho Neil Gaiman, jeden z nejčtenějších spisovatelů současnosti, režíroval Matthew Vaughn, autor stylově čisté gangsterky Po krk v extázi, a hrají v něm takoví herci, jako Robert De Niro, Michelle Pfeiffer nebo Claire Danes. Říká se, že když padá hvězda, měl by si člověk něco přát a ono se mu to splní. Pokud si všichni výše zmínění tvůrci přáli natočit úžasnou podívanou, která naplní pravý obsah slova velkofilm, pak tahle pověra platí... Tristan Thorne (Charlie Cox) je prosťáček z anglické vísky Zeď (příhodně pojmenované podle kamenného valu, který ji obklopuje a chrání před paralelním světem za jejími hranicemi). Miluje místní krasavici Victorii (Sienna Miller) a to tak, že je pro ni schopen čehokoliv. Třeba výpravy do zapovězeného světa za zdí, odkud jí hodlá přinést spadlou hvězdu. Netuší ovšem, že ta po svém dopadu získala podobu krásné dívky jménem Yvaine (Claire Danes) a že nebude jediný, kdo po ní touží. Proti sobě má přitom velmi mocné soupeře – všehoschopného prince, jemuž má hvězda pomoci k získání trůnu, a ohavnou čarodějnici (Michelle Pfeiffer), jíž by spořádání Yvainina srdce zajistilo věčné mládí a krásu. Největším nepřítelem si ale nakonec bude Tristan sám, protože ho ani ve snu nenapadlo, že by se do dárku pro dívku svých snů mohl zamilovat… Pohádkový příběh pro všechny bez ohledu na “počet letokruhů“, vznikl v roce 1997 původně jako komiks. Když ho o rok později Neil Gaiman přepracoval do knižní podoby a ta se okamžitě stala bestsellerem, začalo se mluvit o filmovém zpracování.;19.10.2007 Paramount Pictures UK;podle knihy, láska, vražda, tajemství, otec, matka, syn, putování, souboje, bratři, podle komiksu, kouzla, duchové, magie, král, dědictví, DC Comics, princezna, čarodějnice, princ, piráti, steampunk, vzducholoď;Matthew Vaughn;Charlie Cox, Claire Danes, Robert De Niro, Michelle Pfeiffer, Ricky Gervais, Kate Magowan, Nathaniel Parker, Sienna Miller, Ben Barnes, Peter O'Toole;Neil Gaiman, Neil Gaiman;https://srv.clickfuse.com/ads/adclkr.php?id=100006636&url=https://tv.apple.com/cz/movie/stardust/umc.cmc.535568gf8g1wriibl03pf1vqo<br>https://www.youtube.com/watch?v=2cJGtJVKd40<br>https://srv.clickfuse.com/ads/adclkr.php?id=100006636&url=https://tv.apple.com/cz/movie/stardust/umc.cmc.535568gf8g1wriibl03pf1vqo<br>https://www.youtube.com/watch?v=2cJGtJVKd40<br>https://apps.apple.com/cz/app/id6755365206<br>https://play.google.com/store/apps/details?id=cz.csfd.csfdroid<br>;The Saturn Awards (3x)<br>;
6851;Faust;1926;84.64183381088826;116.0;https://image.pmgstatic.com/cache/resized/w420/files/images/film/posters/169/408/169408940_km4awo.jpg;https://www.csfd.cz/film/6851-faust/;Německá říše;Drama / Fantasy / Horor;Faust - Eine deutsche Volkssage;"Na motivy lidové legendy a dramatizace Christophera Marlowa a J. W. Goetha vypráví tento snímek příběh učence Fausta, který je pokoušen Mefistem. Během hádky s archandělem Gabrielem Mefisto prohlásil, že dokáže každého člověka svést z cesty k Bohu. Aby mohl starého Fausta pokoušet, nechá Mefisto zpustošit zemi morem. Umírající lidé prosí Fausta o pomoc. Když se mu navzdory modlitbám nedostává pomoci od Boha, hledá radu u ďábla. Díky světelné a stínové fotografii, speciálním efektům a divoké kameře našel Murnau filmový styl vyprávění, který z tohoto snímku udělal klasiku. První filmová verze byla podrobena masivní kritice a protestům ještě před začátkem natáčení. Adaptace německého ""národního pokladu"" pro nové a umělecky nedoceněné filmové médium byla považována za svatokrádež. Nicméně po premiéře postupně pochybnosti diváků i odborného tisku mizely. V 70. letech 20. století Eric Rohmer označil tento snímek za filmové mistrovské dílo a dodnes je považováno za klasiku německé filmové historie. (Film Europe)";14.10.1926 Paramount-Ufa-Metro-Verleihbetriebe (Parufamet);černobílý film, smrt, vražda, podle divadelní hry, vrah, oběť (autonehody/zločinu), němý film, náboženství, víra, křesťanství, mytologie, Ďábel, satanismus, Nobelova cena, expresionismus;Friedrich Wilhelm Murnau;Gösta Ekman, Emil Jannings, Camilla Horn, William Dieterle, Werner Fuetterer, Hertha von Walther, Frida Richard, Eric Barclay, Emmy Wyda, Hans Brausewetter;;https://apps.apple.com/cz/app/id6755365206<br>https://play.google.com/store/apps/details?id=cz.csfd.csfdroid<br>;;
393332;Avengers: Endgame;2019;83.92181368260555;182.0;https://image.pmgstatic.com/cache/resized/w420/files/images/film/posters/163/434/163434385_4255c9.png;https://www.csfd.cz/film/393332-avengers-endgame/;USA;Akční / Dobrodružný / Sci-Fi / Fantasy;Avengers: Endgame;Hrozivé události způsobené Thanosem, který vyhladil polovinu života ve vesmíru a silně oslabil Avengers, vedou zbylé superhrdiny k tomu, aby ve strhujícím finále 22 filmů studia Marvel zvaném Avengers: Endgame sebrali poslední síly a pokusili se vrátit úder. (Falcon);26.04.2019 Walt Disney US;smrt, souboje, podle komiksu, magie, superhrdina, cestování časem, Marvel Comics, yakuza, San Francisco, Marvel Cinematic Universe (MCU), Spider-Man, crossover, Captain America, Iron Man, Hulk, Thor (Marvel Comics), Nick Fury, Black Widow, Hawkeye, supervoják, Black Panther, Loki (Marvel Comics), portál, Ant-Man, Doctor Strange, Avengers, Falcon, Rocket Raccoon, Groot, Scarlet Witch, Red Skull, War Machine, Drax the Destroyer, Captain Marvel, Strážci Galaxie, Wasp, Thanos, Nebula, Crossbones;Anthony Russo, Joe Russo;Robert Downey Jr., Chris Evans, Mark Ruffalo, Chris Hemsworth, Scarlett Johansson, Jeremy Renner, Don Cheadle, Paul Rudd, Benedict Cumberbatch, Chadwick Boseman;Stan Lee, Jack Kirby;https://srv.tunefindforfans.com/showads/track/srvclk.php?aid=100006796&lp=https://www.disneyplus.com/en-cz/browse/entity-b39aa962-be56-4b09-a536-98617031717f<br>https://srv.clickfuse.com/ads/adclkr.php?id=100006636&url=https://tv.apple.com/cz/movie/avengers-endgame/umc.cmc.4ao9tm6b6rz4sy7yj5v13ltf8<br>https://srv.tunefindforfans.com/showads/track/srvclk.php?aid=100006796&lp=https://www.disneyplus.com/en-cz/browse/entity-b39aa962-be56-4b09-a536-98617031717f<br>https://srv.clickfuse.com/ads/adclkr.php?id=100006636&url=https://tv.apple.com/cz/movie/avengers-endgame/umc.cmc.4ao9tm6b6rz4sy7yj5v13ltf8<br>https://apps.apple.com/cz/app/id6755365206<br>https://play.google.com/store/apps/details?id=cz.csfd.csfdroid<br>;Academy Awards (1x)<br>British Academy of Film and Television Arts (BAFTA) (1x)<br>Critics Choice Awards (1x)<br>Florida Film Critics Circle Awards (1x)<br>The Saturn Awards (8x)<br>;Critics Choice Awards (2x)<br>The Saturn Awards (6x)<br>
28675;Doručovací služba čarodějky Kiki;1989;83.78953505319924;103.0;https://image.pmgstatic.com/cache/resized/w420/files/images/film/posters/166/976/166976080_be680f.jpg;https://www.csfd.cz/film/28675-dorucovaci-sluzba-carodejky-kiki/;Japonsko;Animovaný / Dobrodružný / Drama / Fantasy;Doručovací služba slečny Kiki(neoficiální název);Malá čarodějka Kiki se spolu se svým mluvícím kocourem Džidžim vydává na zkušenou do světa. V prostředí malebného přímořského městečka je čekají velká i malá dobrodružství. Vynalézavá a odhodlaná Kiki využije svou schopnost létat a založí si doručovací službu, aby se mohla stát opravdovou samostatnou čarodějkou. Jedinečný film z produkce studia Ghibli, které celý svět okouzlilo tituly jako Můj soused Totoro či Cesta do fantazie, uhrane svou magickou atmosférou a hravým ztvárněním radostí i strastí dospívání. (Aerofilms);29.07.1989 Toei;podle knihy, dívka, město, anime, dospívání, kouzla, čarodějnice, pobřeží, ptáci, kočky, podnájemník, pošťák, vzducholoď;Hajao Mijazaki;Minami Takajama, Akio Ócuka, Kóiči Jamadera, Mika Doi, Keiko Toda, Haruko Kató, Čika Sakamoto, Jošiko Kamei, Kappei Jamaguči, Šinpači Cudži;Eiko Kadono;https://www.netflix.com/title/60027106<br>https://www.netflix.com/title/60027106<br>https://apps.apple.com/cz/app/id6755365206<br>https://play.google.com/store/apps/details?id=cz.csfd.csfdroid<br>;;
308329;Vlčí děti;2012;84.0174672489083;117.0;https://image.pmgstatic.com/cache/resized/w420/files/images/film/posters/162/005/162005282_ib203b.jpg;https://www.csfd.cz/film/308329-vlci-deti/;Japonsko;Animovaný / Drama / Fantasy / Romantický;Ókami kodomo no Ame to Juki;"V překladu ""Vlčí děti Ame a Yuki"". Film je o rodičovské lásce a celkem pokrývá děj třinácti let. Příběh začíná u devatenáctileté Hany, která na vysoké škole potká a zamiluje se do ""vlčího muže"". Jejich láska je vzájemná a vede až ke svatbě, po které se jim postupně narodí dvě děti, holčička Yuki a chlapeček Ame. Všechno je v pořádku a nikdo nemá o existenci ""vlčích dětí"" ani ponětí. Když ale Hanin manžel nečekaně zemře, rozhodne se Hana přestěhovat se na venkov, daleko od města, a tam vychovávat své děti. (Moiraine)";21.07.2012 Toho Company;láska, rodina, dívka, otec, děti, matka, rodiče, mládež, manželé, touha, chlapec, anime, škola, sourozenci, dospívání, studenti, svatba, těhotenství, sníh, snoubenci, vysoká škola, zakázaná láska, porod, vlci, déšť, nemluvně;Mamoru Hosoda;Aoi Mijazaki, Haru Kuroki, Jukito Nišii, Bunta Sugawara, Kumiko Asó, Megumi Hajašibara, Micuki Tanimura, Tamio Óki, Šóta Sometani, Amon Kabe;;https://apps.apple.com/cz/app/id6755365206<br>https://play.google.com/store/apps/details?id=cz.csfd.csfdroid<br>;;Sitges Film Festival (1x)<br>
4742;Mrtvý muž;1995;83.5792235672968;121.0;https://image.pmgstatic.com/cache/resized/w420/files/images/film/posters/162/481/162481992_4a1d89.jpg;https://www.csfd.cz/film/4742-mrtvy-muz/;USA / Německo / Japonsko;Western / Drama / Fantasy;Dead Man;William Blake putuje k západním hranicím Ameriky někdy v druhé polovině 19. století. Cestuje vlakem napříč zemí za prací a když neuspěje, stává se po sérii nehod štvancem. Zbloudilý a ošklivě zraněný se setkává s velmi podivným, odevšad vyobcovaným indiánem, který se jmenuje Nikdo. Příběh, díky Nikomu, zavádí Williama Blakea do komických a nebezpečných situací. Zatažen do světa plného krutosti a zmatku, otevírá Bill oči. Jako by se ponořil do odlesku zrcadlové stěny a vynořil se v dosud neznámém světě, který existuje na druhé straně zrcadla.;10.05.1996 Miramax Films;muž, černobílý film, smrt, vražda, násilí, strach, manželé, město, útěk, zbraně, vrah, oběť (autonehody/zločinu), cestování, pomsta, pronásledování, putování, zločin, nevěra, zrada, boj o přežití, kriminalita, zabijáci, umírání, střelné zbraně, černý humor, manželství, nebezpečí, střelba, milenka, indiáni, domorodé kmeny, Divoký západ, odplata, milenec, továrna, nezaměstnanost, lovci lidí, lovci, účetnictví, Ohio, acid western;Jim Jarmusch;Johnny Depp, Gary Farmer, Lance Henriksen, Michael Wincott, Mili Avital, Crispin Glover, Gabriel Byrne, John Hurt, Alfred Molina, Eugene Byrd;;https://apps.apple.com/cz/app/id6755365206<br>https://play.google.com/store/apps/details?id=cz.csfd.csfdroid<br>;Independent Spirit Awards (4x)<br>Cannes Film Festival (1x)<br>;European Film Awards (1x)<br>
35304;Džúbei a umění nindžucu;1993;83.90117035110534;91.0;https://image.pmgstatic.com/cache/resized/w420/files/images/film/posters/161/733/161733449_frfbun.jpg;https://www.csfd.cz/film/35304-dzubei-a-umeni-nindzucu/;Japonsko;Animovaný / Akční / Dobrodružný / Fantasy;Džúbei ninpúčó;Jubei je nindža, kterého si můžete najmout za peníze. Jeho schopnosti a dovednosti ovládání meče jsou výjimečné. Okolnosti ho donutí k tomu, aby jednomu staříkovi pomáhal zlikvidovt osm ďáblů Kimon. (sheen);;láska, přátelství, násilí, anime, pomsta, putování, vesnice, souboje, Japonsko, špioni, démoni, samurajové, jed, nindžové;Jošiaki Kawadžiri;Kóiči Jamadera, Takeši Aono, Norio Wakamoto, Tošihiko Seki, Ičiró Nagai, Júsaku Jara, Daisuke Góri, Osamu Saka, Gara Takašima, Emi Šinohara;;https://apps.apple.com/cz/app/id6755365206<br>https://play.google.com/store/apps/details?id=cz.csfd.csfdroid<br>;;
318810;Berserk: Ógon džidai hen II – Doldrey kórjaku;2012;84.0117994100295;95.0;https://image.pmgstatic.com/cache/resized/w420/files/images/film/posters/168/500/168500013_2p0ffk.jpg;https://www.csfd.cz/film/318810-berserk-ogon-dzidai-hen-ii-doldrey-korjaku/;Japonsko;Animovaný / Akční / Drama / Fantasy;ベルセルク 黄金時代篇Ⅱ ドルドレイ攻略;Trilógia Berserk: Golden Age pokračuje druhým dielom s názvom The Battle for Doldrey. Hlavný protagonista Guts, ktorý je stále v službách Klanu Jastraba, pociťuje dôsledky rozhovoru svojho veliteľa Griffitha s princeznou Charlotte: cíti sa nedocenený a podvedený. Po triumfe nad nepriateľskou armádou je Griffith požiadaný, aby dobyl poslednú nepriateľskú pevnosť, zvanú Doldrey, v ktorej sídlia legendárni nosoroží jazdci na čele s nepremožiteľným bojovníkom, generálom Bosconem. (HDeer);23.06.2012 Warner Bros. JP;láska, přátelství, zbraně, anime, intriky, sny, zrada, válka, monstra, král, středověk, bitva, mučení, démoni, princezna, žoldáci, osud;Tošijuki Kubooka, Kóiči Hacumi;Aki Tojosaki, Nobujuki Kacube, Júki Kadži, Kazuki Jao, Čafúrin, Takahiro Sakurai, Minako Kotobuki, Kenta Mijake, Hiroaki Iwanaga, Hóčú Ócuka;Kentaró Miura;https://apps.apple.com/cz/app/id6755365206<br>https://play.google.com/store/apps/details?id=cz.csfd.csfdroid<br>;;
280624;Arrietty ze světa půjčovníčků;2010;83.53814432989691;94.0;https://image.pmgstatic.com/cache/resized/w420/files/images/film/posters/168/956/168956117_5hy90j.jpg;https://www.csfd.cz/film/280624-arrietty-ze-sveta-pujcovnicku/;Japonsko;Animovaný / Dobrodružný / Drama / Fantasy;Kariguraši no Arrietty;Mezi zdmi a pod podlahami našich domů se skrývá jejich svět. Japonský animovaný film volně vycházející ze známé pohádky Mary Nortonové. Japonské animační studio Ghibli představuje nejen v domácím prostředí, ale i na celém světě absolutní špičku na poli tvorby animovaných filmů pro celou rodinu. Společnost, k níž vzhlíží profesionálové z oboru včetně vedení studia Pixar, si vydobylo celosvětovou slávu okouzlujícími snímky, které převážně vyvěraly z autorské imaginace zakladatele Hajaa Mijazakiho, ale často také čerpaly inspiraci z japonských i světových knih pro děti a mládež. Jak napovídá název, Arrietty ze světa půjčovníčků vychází z mezinárodně populární série britské spisovatelky Mary Nortonové, jež česky vyšla jako Pidilidi. Do scénáře filmu ji adaptoval Mijazaki a režie se ujal animátor Hiromasa Jonebajaši, jenž se předtím podílel na většině produkcí studia počínaje legendární Princeznou Mononoke. Vyprávění filmu se soustředí na vykreslení fantaskního světa půjčovníčků. To jsou malinkatí lidé žijící v prostorech mezi zdmi či pod podlahami starých domů, kteří si vše, co potřebují k životu, půjčují od jejich obyvatel. Mladá Arrietty takto se svými rodiči žije v domě, kde bydlí babička mladého chlapce Šóa. V den, kdy Šó přijede, zrovna Arrietty čeká její první výprava s tatínkem pro zásoby do světa velkých lidí. (Česká televize);17.07.2010 Toho Company;rodina, tajemství, děti, útěk, anime, nemoc, kočky;Hiromasa Jonebajaši;Rjúnosuke Kamiki, Mirai Šida, Kirin Kiki, Tacuja Fudžiwara, Šinobu Ótake, Tomokazu Miura, Keiko Takešita, Šin'iči Hatori;Mary Norton;https://www.netflix.com/title/70216227<br>http://www.ceskatelevize.cz<br>http://www.ceskatelevize.cz<br>https://www.netflix.com/title/70216227<br>https://apps.apple.com/cz/app/id6755365206<br>https://play.google.com/store/apps/details?id=cz.csfd.csfdroid<br>;;
136854;Odpolední osidla;1943;84.37158469945355;14.0;https://image.pmgstatic.com/cache/resized/w420/files/images/film/posters/164/758/164758518_9d5784.jpg;https://www.csfd.cz/film/136854-odpoledni-osidla/;USA;Krátkometrážní / Fantasy / Experimentální;Meshes of the Afternoon;Snímek Odpolední osidla natočila jako svůj debut Maya Deren spolu s českým dokumentaristou a fotografem Alexandrem Hammidem. Derenová zde zužitkovala své pohybové zkušenosti a cit pro výraz, zatímco Hammid přidal filmařskou zkušenost a neuvěřitelný obrazový talent. Děj snímku je spíše sensuální halucinací, která se odehrává na malém prostoru domu ústřední dvojice a v jeho nejbližším okolí. Využívá zručně multiplikace postav a předmětů, takže hlavní hrdinka se potkává sama se sebou nebo se pozoruje v situacích, které se už staly a v prožívané současnosti je doprovazejí mírné obměny v provádění úkonů (např. otevírání dveří). Neustále vracející se motiv květiny, klíče a nože znejisťuje diváka, aniž by mu na závěr poskytl uspokojivou odpověď, proč se předměty v příběhu objevily. Některá zpodobnění Mayi mají místo obličeje zrcadla, která jen posilují dojem existenciální úzkosti. Surrealistický film končí v tragické pointě, která jediná poskytuje jakési vodítko k uchopení děje. (Hwaelos);;černobílý film, žena režisérka;Maya Deren, Alexander Hackenschmied;Maya Deren, Alexander Hackenschmied;;https://apps.apple.com/cz/app/id6755365206<br>https://play.google.com/store/apps/details?id=cz.csfd.csfdroid<br>;;
8773;Byt;1968;83.9039408866995;13.0;https://image.pmgstatic.com/cache/resized/w420/files/images/film/posters/164/304/164304375_2c9b1a.jpg;https://www.csfd.cz/film/8773-byt/;Československo;Animovaný / Krátkometrážní / Fantasy;The Flat;Taková nenápadná vzpoura všedních věcí… Neznámý muž kvůli své zvědavosti uvízne v bytě, kde však platí zcela jiné zákony, než všude jinde. Pokus sníst polévku dopadne katastrofálně, neboť lžíce se mění v cedník, vajíčko má doslova těžkotonážní vlastnosti a deska jídelního stolu je někdy propustná. Podobně je to i s postelí… Byt muže obejme, zatkne, nepustí, drží… věci se spikly a muž se marně pokouší vymanit – až do konečné tečky v podobě zdi se jmény jeho předchůdců... Absurdní hříčka o světě, který nechce propustit toho, kdo v něm uvízl? Surrealistická vize depresivního a bezmocného pacienta? Alegorie na restriktivní socialismus? Každý nechť si v tomto Švankmajerově filmu najde svůj výklad… (Česká televize);;;Jan Švankmajer;Ivan Kraus, Juraj Herz;;http://www.ceskatelevize.cz<br>http://www.ceskatelevize.cz<br>https://apps.apple.com/cz/app/id6755365206<br>https://play.google.com/store/apps/details?id=cz.csfd.csfdroid<br>;;
8790;Něco z Alenky;1988;83.55902777777777;86.0;https://image.pmgstatic.com/cache/resized/w420/files/images/film/posters/162/648/162648916_b68681.png;https://www.csfd.cz/film/8790-neco-z-alenky/;Československo / Švýcarsko / Velká Británie / Západní Německo;Animovaný / Fantasy / Loutkový;Alice;Švankmajerův film Něco z Alenky je poctou nezměrné Carrollově představivosti, ale současně i záminkou k rozvinutí o nic menší představivosti vlastní. Je autorovou vzpomínkou na dětství, a zároveň pokusem evokovat prožitek dětství i v divácích. Infantilní vnímání světa totiž surrealisté vždy stavěli na roveň básnické intuici či myšlení příslušníků domorodých kultur. Všechny tyto formy lidské mentality jsou vzdáleny otěžím logického a pojmového chápání reality, v němž není místo pro obraznost, která je tolik potřebným prostředkem proti okorání lidského ducha. Jestliže postavě Alenky vyhradil režisér pro její hry prostor dětského pokoje, prostorem, který ve filmu vyhradil své představivosti, je sen. Čili fenomén, na němž se surrealisté rozhodli dokázat, že realita, jež člověka obklopuje, je jen fragmentem jeho života, který do plnohodnotného celku – surreality – doplňují neprobádané oblasti nevědomí. Něco z Alenky demonstruje propojení reality a snu velmi výmluvně. Když se dívka na konci filmu probudí, uvědomujeme si, že celé dobrodružství se odehrálo během jejího spánku. Až na jednu drobnost: terárium je opravdu rozbité a králík je opravdu pryč – sen se stává skutečností a skutečnost snem. André Breton, zakladatel surrealismu, definoval tento stav vzájemného prolnutí pojmem „spojité nádoby“.;Na DVD od 03.10.2012 Bontonfilm;podle knihy, přátelství, přátelé, dívka, surrealismus;Jan Švankmajer;Kristýna Kohoutová;Lewis Carroll;https://apps.apple.com/cz/app/id6755365206<br>https://play.google.com/store/apps/details?id=cz.csfd.csfdroid<br>;;
1019827;Baelin's Route: An Epic NPC Man Adventure;2021;85.75197889182058;37.0;https://image.pmgstatic.com/cache/resized/w420/files/images/film/posters/165/359/165359996_807f45.jpg;https://www.csfd.cz/film/1019827-baelin-s-route-an-epic-npc-man-adventure/;Nový Zéland;Krátkometrážní / Fantasy / Komedie / Dobrodružný / Akční;;Baelin (Rowan Bettjeman), jednoduché NPC na pozadí ve videohře „Skycraft“, kráčí stejnou cestou, jak dlouho si jen pamatuje. Jeho mírumilovná (a bezduchá) rutina je však násilně otřesena, když ho popudlivý dobrodruh (Ben Van Lier) stáhne z cesty a vydá se na nebezpečnou výpravu za doprovodem tajemné NPC dívky jménem Willow (Phoenix Cross) napříč drsným světem Ázerim. (Filip_ondrej);;putování, souboje, dilema, satira, hrdina, videohry, rybaření, orkové;Adam King, Alan Morrison;Rowan Bettjeman, Phoenix Cross, Ben Van Lier, Alan Morrison, Adam King, Hamish Parkinson, Rhiannon McCall, Ellie Harwood, David Correos, Robert Hartley;;https://apps.apple.com/cz/app/id6755365206<br>https://play.google.com/store/apps/details?id=cz.csfd.csfdroid<br>;;
107584;Vozka smrti;1921;83.81134480560867;107.0;https://image.pmgstatic.com/cache/resized/w420/files/images/film/posters/170/661/170661166_s1qooz.jpg;https://www.csfd.cz/film/107584-vozka-smrti/;Švédsko;Drama / Mysteriózní / Fantasy / Horor;Körkarlen;"V takzvané zlaté éře švédského filmu v době ohraničené přibližně léty 1913 až 1923 poskytovala filmovým autorům častokrát inspiraci domácí literatura, především díla Selmy Lagerlöfové. Tak tomu bylo i v případě jejího románu Vozka smrti, který převedl na plátno Victor Sjöström. Film se proslavil působivým použitím dvojexpozice pro duchařské scény; tento postup by sice známý už v prvních letech kinematografie ( Meliés ), ale teprve Sjöström z něj vytěžil tak silnou emoci a poetičnost. Proti nesporným a trvalým hodnotám k nimž patří i bezpečné zvládnutí složitě pomocí retrospektiv vyprávěného příběhu stojí určité rysy, poplatné době, které dnes působí příliš mravokárně a křečovitě hlavně celé moralistní pojetí. Přesto není důvod odporovat švédskému historikovi Runemu Waldekranzovi, jenž napsal: Vozka smrti byl mistrovským dílem Sjöströmovým, ale znamená i vrchol švédské němé kinematografie.";;podle knihy, černobílý film, smrt, vražda, manželé, němý film, pomsta, duchové, alkoholismus, Smrťák, tuberkulóza;Victor Sjöström;Victor Sjöström, Hilda Borgström, Tore Svennberg, Astrid Holm, Concordia Selander, Lisa Lundholm, Tor Weijden, Einar Axelsson, Olof Ås, Nils Aréhn;Selma Lagerlöf;https://apps.apple.com/cz/app/id6755365206<br>https://play.google.com/store/apps/details?id=cz.csfd.csfdroid<br>;;
9412;Jak utopit Dr. Mráčka aneb Konec vodníků v Čechách;1974;83.20969774988602;96.0;https://image.pmgstatic.com/cache/resized/w420/files/images/film/posters/166/224/166224623_0e9d46.jpg;https://www.csfd.cz/film/9412-jak-utopit-dr-mracka-aneb-konec-vodniku-v-cechach/;Československo;Komedie / Fantasy;Ako utopiť dr. Mráčka alebo Koniec vodníkov v Čechách;Slavná filmová komedie o zásadovém bytovém referentovi a neslavném osudu posledních českých vodníků. Zbylo jich už jen sedm. Pan Wassermann s chotí a dcerou Polly a jejich sloužící, Karel, Bertík a Alois s dcerou Janou. I jejich konec se však zdá neodvratný, zejména poté, kdy je Lojzíkovi za obětavost přidělen nový suchý byt I. kategorie s ústředním topením a informací, že jejich vlhký domek na břehu Vltavy bude zbourán. Tomu se vodníci rozhodnou zabránit za každou cenu a vydají se za bytovým referentem doktorem Mráčkem, který má jejich případ na starosti...;01.03.1975 Ústřední půjčovna filmů;láska, sex, krev, doktoři, nemocnice, krádež, psi, zloděj, vědci, černý humor, kouzla, právníci, zakázaná láska, řeka, Praha, ryby, záměna identit, potápění, tajná láska, nesmrtelnost, márnice, vodník;Václav Vorlíček;Libuše Šafránková, Jaromír Hanzlík, František Filipovský, Miloš Kopecký, Vladimír Menšík, Zdeněk Řehoř, Stella Zázvorková, Eva Hudečková, Čestmír Řanda st., Míla Myslíková;;https://apps.apple.com/cz/app/id6755365206<br>https://play.google.com/store/apps/details?id=cz.csfd.csfdroid<br>;;
476620;Legendy Polskie: Twardowsky 2.0;2016;85.3731343283582;20.0;//static.pmgstatic.com/assets/images/050b5bad23b8eb0b4f88f971b8f6a168/empty-image.svg;https://www.csfd.cz/film/476620-legendy-polskie-twardowsky-2-0/;Polsko;Krátkometrážní / Akční / Komedie / Fantasy;Polish Legends: Twardowsky 2.0;;;;Tomasz Bagiński;Robert Więckiewicz, Aleksandra Kasprzyk, Tomasz Drabek;;https://apps.apple.com/cz/app/id6755365206<br>https://play.google.com/store/apps/details?id=cz.csfd.csfdroid<br>;;
239950;Harry Potter a Relikvie smrti - část 2;2011;83.07244808225664;125.0;https://image.pmgstatic.com/cache/resized/w420/files/images/film/posters/000/383/383799_36654a.jpg;https://www.csfd.cz/film/239950-harry-potter-a-relikvie-smrti-cast-2/;Velká Británie / USA;Dobrodružný / Drama / Rodinný / Fantasy;Harry Potter and the Deathly Hallows: Part 2;Přichází poslední dobrodružství ságy o Harry Potterovi. V tomto výpravném finále eskaluje bitva mezi dobrem a zlem do otevřené války čarodějného světa. Nikdy nebylo v sázce tolik jako teď. Nikdo už není v bezpečí. Je to ale Harry Potter, kdo možná bude muset podstoupit oběť největší, když se přiblíží rozhodující bitva s Lordem Voldemortem. Tady všechno končí ...;15.07.2011 Warner Bros. US;podle knihy, láska, rodina, smrt, přátelství, přátelé, vražda, tajemství, otec, matka, rodiče, strach, dcera, syn, vrah, škola, dospívání, rivalita, les, učitel, studenti, kouzla, magie, Londýn, zlo, bitva, odboj, hrad, vzpoura, čarodějové, hadi, profesorka;David Yates;Daniel Radcliffe, Emma Watson, Rupert Grint, Helena Bonham Carter, Bonnie Wright, Maggie Smith, Evanna Lynch, Robbie Coltrane, Alan Rickman, Geraldine Somerville;J. K. Rowling;https://www.hbomax.com/cz/en/movies/harry-potter-and-the-deathly-hallows-part-2/1890c8c5-2f40-4140-a363-064428201826<br>https://srv.clickfuse.com/ads/adclkr.php?id=100006636&url=https://tv.apple.com/cz/movie/harry-potter-and-the-deathly-hallows-part-2/umc.cmc.4a5c366ol33jmntkgz0vwkwhg<br>https://www.youtube.com/watch?v=nf3EUJT9pjY<br>https://sledovanitv.cz/epg/event/HBO:20251212df2507f9d0d5bcff1287620bb779d53a<br>https://www.hbomax.com/cz/en/movies/harry-potter-and-the-deathly-hallows-part-2/1890c8c5-2f40-4140-a363-064428201826<br>https://srv.clickfuse.com/ads/adclkr.php?id=100006636&url=https://tv.apple.com/cz/movie/harry-potter-and-the-deathly-hallows-part-2/umc.cmc.4a5c366ol33jmntkgz0vwkwhg<br>https://www.youtube.com/watch?v=nf3EUJT9pjY<br>https://sledovanitv.cz/epg/event/HBO:20251212df2507f9d0d5bcff1287620bb779d53a<br>https://apps.apple.com/cz/app/id6755365206<br>https://play.google.com/store/apps/details?id=cz.csfd.csfdroid<br>;Academy Awards (3x)<br>British Academy of Film and Television Arts (BAFTA) (3x)<br>Critics Choice Awards (2x)<br>The Saturn Awards (9x)<br>;British Academy of Film and Television Arts (BAFTA) (1x)<br>Critics Choice Awards (2x)<br>The Saturn Awards (1x)<br>
32101;Fantomas se zlobí;1965;83.02303302928068;94.0;https://image.pmgstatic.com/cache/resized/w420/files/images/film/posters/161/197/161197352_ae7743.jpg;https://www.csfd.cz/film/32101-fantomas-se-zlobi/;Francie / Itálie;Komedie / Dobrodružný / Krimi / Fantasy;Fantômas se déchaîne;Pronásledování rafinovaného Fantomase přivádí tentokrát komisaře Juvea, novináře Fandora a jeho snoubenku Helenu do Říma, kam je svolán významný vědecký kongres. Hvězdou tohoto kongresu má být profesor Lefebvre, vědec zabývající se výzkumem v oboru hypnózy. Jeho objevy jsou tak převratné, že se dá předpokládat, že Fantomas bude mít o stařičkého vědce zájem a postará se o jeho zmizení. K únosu skutečně dojde, ačkoli určit toho pravého profesora mezi třemi navlas stejnými je pro komisaře Juvea úkol nelehký. (Intersonic);Na Blu-ray od 23.11.2016 Magic Box;podle knihy, vražda, policie, únos, zloděj, vědci, vlak, letadla, maska, záměna identit, vynálezce, laboratoř, Řím, podzemí;André Hunebelle, Haroun Tazieff;Jean Marais, Louis de Funès, Mylène Demongeot, Jacques Dynam, Robert Dalban, Albert Dagnant, Christian Toma, Michel Duplaix, Olivier de Funès, Florence Blot;Pierre Souvestre, Marcel Allain;https://apps.apple.com/cz/app/id6755365206<br>https://play.google.com/store/apps/details?id=cz.csfd.csfdroid<br>;;
32913;Nebe nad Berlínem;1987;83.06885704299197;127.0;https://image.pmgstatic.com/cache/resized/w420/files/images/film/posters/000/020/20799_d16a0e.jpg;https://www.csfd.cz/film/32913-nebe-nad-berlinem/;Západní Německo / Francie;Fantasy / Drama / Poetický / Romantický;Der Himmel über Berlin;Příběh o neviditelných a nesmrtelných andělech, kteří osídlí Berlín a naslouchají myšlenkám jeho lidských obyvatel a utěšují ty, kteří jsou v nesnázi. Navzdory tomu, že je město hustě zalidněno, žije spousta jeho obyvatel osamocena a v odloučení od svých nejbližších. Anděl Damien se zamiluje do jedné takové ženy, krásné a osamělé akrobatky na hrazdě jménem Marion. Rozhodne se, že se stane člověkem, protože i on chce prožívat lidská potěšení všemi smysly – od dobrého jídla až po láskyplný dotyk milované osoby. A přeje si zažít opravdovou lásku mezi dvěma lidmi. (Zlín Film Festival);29.10.1987 Filmverlag der Autoren;černobílý film, Německo, cirkus, Berlín, andělé;Wim Wenders;Bruno Ganz, Solveig Dommartin, Otto Sander, Curt Bois, Peter Falk, Hans-Martin Stier, Laurent Petitgand, Paul Busch, Didier Flamand, Jürgen Heinrich;;https://apps.apple.com/cz/app/id6755365206<br>https://play.google.com/store/apps/details?id=cz.csfd.csfdroid<br>;British Academy of Film and Television Arts (BAFTA) (1x)<br>European Film Awards (2x)<br>César Awards (1x)<br>New York Film Critics Circle Awards (1x)<br>Cannes Film Festival (1x)<br>;Independent Spirit Awards (1x)<br>European Film Awards (2x)<br>German Film Awards (2x)<br>Los Angeles Film Critics Association Awards (2x)<br>New York Film Critics Circle Awards (1x)<br>Cannes Film Festival (1x)<br>
5452;Dům k pověšení;1988;83.37773042088439;142.0;https://image.pmgstatic.com/cache/resized/w420/files/images/film/posters/160/173/160173932_b3b48c.jpg;https://www.csfd.cz/film/5452-dum-k-poveseni/;Jugoslávie / Itálie / Velká Británie;Drama / Komedie / Krimi / Fantasy;Dom za vešanje;Hlavní hrdina filmu Perhan žije se svou babičkou Hatidžou, strýcem Merdžanem a nemocnou sestrou Danirou v romské osadě, ze které jsou pravidelně unášeny děti do Itálie, kde jsou využívány Ahmedovou mafií k různým zločinům. Perhan se zamiluje do krásné Azry, ale k docílení svatby potřebuje peníze, a tak se vydává na dlouhou cestu do Milána Kusturica svým filmem reagoval na článek v novinách, kdy skupina jugoslávských Romů byla zatčena italskou policií a obviněna z vykupování dětí z chudých romských rodin. Děti převážela ilegálně do Itálie, kde je nutila k žebrání, prostituci a krádežím. Kusturica odjel do Skopje a několik měsíců žil v romské osadě, ve které naslouchal starým mýtům vyprávějících o svobodě a smrti. Ve filmu propojil dokumentární rovinu se symbolickou, ve které jsou protagonisté čistší, věří ve své sny a touží po šťastnějším volnějším životě. Film získal cenu za režii na MFF v Cannes v roce 1989.;30.07.2009 AČFK;Romové;Emir Kusturica;Davor Dujmovic, Bora Todorovič, Ljubica Adžović, Zabit Memedov, Predrag 'Pepi' Lakovič;;https://apps.apple.com/cz/app/id6755365206<br>https://play.google.com/store/apps/details?id=cz.csfd.csfdroid<br>;European Film Awards (1x)<br>César Awards (1x)<br>Cannes Film Festival (1x)<br>;Guldbagge Awards (1x)<br>Cannes Film Festival (1x)<br>
17962;Souboj Titánů;1981;82.8837243241271;118.0;https://image.pmgstatic.com/cache/resized/w420/files/images/film/posters/158/083/158083400_ab6248.jpg;https://www.csfd.cz/film/17962-souboj-titanu/;Velká Británie / USA;Fantasy / Dobrodružný / Rodinný / Akční;Clash of the Titans;Perseus, syn boha Dia a pozemské krásky je nevědomky zatažen do intrik žárlivé Diovy manželky Héry a více či méně malicherných konfliktů ostatních bohů. A tak Perseus na své cestě za štěstím (a krásnou Andromedou) musí překonat nejen mýtické nestvůry, včetně Gorgony Medusy, ale i lidské vrtochy božských vládců Olympu.;12.06.1981 Metro-Goldwyn-Mayer (MGM);muž, žena, rodina, smrt, otec, děti, rodiče, dcera, pomsta, putování, moře, voda, oceán, koně, děda, hrdina, princezna, čarodějnice, vnoučata, mytologie, prokletí, kanibalismus, Meč a sandály, bohové, hadi, nemluvně, starověké Řecko, proroctví, Zeus, Medusa, Kraken, Poseidón, Héra, Athéna, Pegas, Afrodita, Charón;Desmond Davis;Harry Hamlin, Burgess Meredith, Laurence Olivier, Claire Bloom, Maggie Smith, Ursula Andress, Jack Gwillim, Susan Fleetwood, Siân Phillips, Judi Bowker;;https://srv.clickfuse.com/ads/adclkr.php?id=100006636&url=https://tv.apple.com/cz/movie/clash-of-the-titans/umc.cmc.45unfeqx7tk4lqfmq2nhg55k7<br>https://www.youtube.com/watch?v=fSrxkT0zp8U<br>https://srv.clickfuse.com/ads/adclkr.php?id=100006636&url=https://tv.apple.com/cz/movie/clash-of-the-titans/umc.cmc.45unfeqx7tk4lqfmq2nhg55k7<br>https://www.youtube.com/watch?v=fSrxkT0zp8U<br>https://apps.apple.com/cz/app/id6755365206<br>https://play.google.com/store/apps/details?id=cz.csfd.csfdroid<br>;The Saturn Awards (5x)<br>;The Saturn Awards (1x)<br>
8642;Indiana Jones a Chrám zkázy;1984;82.84927519128263;118.0;https://image.pmgstatic.com/cache/resized/w420/files/images/film/posters/167/669/167669324_q1xwcn.png;https://www.csfd.cz/film/8642-indiana-jones-a-chram-zkazy/;USA;Dobrodružný / Akční / Drama / Fantasy;Indiana Jones and the Temple of Doom;"Volné pokračování Dobyvatelů ztracené archy, které se však odehrává o rok dřív, roku 1935. Indiana se tentokrát v šanghajském klubu zaplete s čínským gangsterským bossem. Ve hře je zprvu ""jen"" stará čínská socha a vzácný diamant, záhy však i samotný Jonesův život. Snímek získal Oscara za vizuální efekty.";23.05.1984 Paramount Pictures;děti, útěk, vojáci, gangsteři, sekta, Indie, automobilová honička, past, rituál, otroctví, důl, sloni, letadlo v ohrožení, artefakt, lovci pokladů, Velká čínská zeď;Steven Spielberg;Harrison Ford, Kate Capshaw, Ke Huy Quan, Amrish Puri, Roshan Seth, Philip Stone, Ric Young, Philip Tan, Dan Aykroyd, George Lucas;;https://www.skyshowtime.com/cz/stream/movies/indiana-jones-a-chram-zkazy/19f57dc0-fcdb-32db-aaed-7fd21f6cec5f<br>https://srv.clickfuse.com/ads/adclkr.php?id=100006636&url=https://tv.apple.com/cz/movie/indiana-jones-and-the-temple-of-doom/umc.cmc.70ynzq7gw8xjusasgf874liwd<br>https://www.youtube.com/watch?v=kCJFt-xxjrs<br>https://www.skyshowtime.com/cz/stream/movies/indiana-jones-a-chram-zkazy/19f57dc0-fcdb-32db-aaed-7fd21f6cec5f<br>https://srv.clickfuse.com/ads/adclkr.php?id=100006636&url=https://tv.apple.com/cz/movie/indiana-jones-and-the-temple-of-doom/umc.cmc.70ynzq7gw8xjusasgf874liwd<br>https://www.youtube.com/watch?v=kCJFt-xxjrs<br>https://apps.apple.com/cz/app/id6755365206<br>https://play.google.com/store/apps/details?id=cz.csfd.csfdroid<br>;Academy Awards (1x)<br>British Academy of Film and Television Arts (BAFTA) (3x)<br>The Saturn Awards (6x)<br>;Academy Awards (1x)<br>British Academy of Film and Television Arts (BAFTA) (1x)<br>The Saturn Awards (1x)<br>
10360;Krotitelé duchů;1984;82.84173702622373;107.0;https://image.pmgstatic.com/cache/resized/w420/files/images/film/posters/159/006/159006271_f48b78.jpg;https://www.csfd.cz/film/10360-krotitele-duchu/;USA;Sci-Fi / Fantasy / Komedie / Dobrodružný;Ghostbusters;Hejna malých zelených duchů, strašidla a paranormální jevy se začínají objevovat v New Yorku. Kdo může ochránit lidi před těmito nadpřirozenými bytostmi? Pouze tři nezaměstnaní parapsychologové. Dávají se dohromady a vytvářejí tým lovců duchů. Vybaveni ektoplazmovými kanóny, pastmi na duchy a speciálním vozidlem bojují proti přesile slizských oblud.;08.06.1984 Columbia Pictures US;muž, přátelství, přátelé, tajemství, město, záhady, pátrání, škola, kolegové, New York, vědci, duchové, věda, hotel, vysoká škola, paranormální jevy, vědec, démoni, apokalypsa, knihovna, sekretářka, posedlost démonem, mrakodrap, posedlost duchem;Ivan Reitman;Bill Murray, Dan Aykroyd, Sigourney Weaver, Harold Ramis, Rick Moranis, Annie Potts, William Atherton, Ernie Hudson, Slavitza Jovan, Alice Drummond;;https://www.hbomax.com/cz/en/movies/ghostbusters/56592450-70ff-4eb0-918b-f00737394d0d<br>https://srv.tunefindforfans.com/showads/track/srvclk.php?aid=100006796&lp=https://www.disneyplus.com/en-cz/browse/entity-0a7184af-7705-4884-bcef-908c27edb1af<br>https://srv.clickfuse.com/ads/adclkr.php?id=100006636&url=https://tv.apple.com/cz/movie/ghostbusters/umc.cmc.68x0l486w0u0qonsxawjuynxk<br>https://www.youtube.com/watch?v=DMOw3a4Ma7s<br>https://www.hbomax.com/cz/en/movies/ghostbusters/56592450-70ff-4eb0-918b-f00737394d0d<br>https://srv.tunefindforfans.com/showads/track/srvclk.php?aid=100006796&lp=https://www.disneyplus.com/en-cz/browse/entity-0a7184af-7705-4884-bcef-908c27edb1af<br>https://srv.clickfuse.com/ads/adclkr.php?id=100006636&url=https://tv.apple.com/cz/movie/ghostbusters/umc.cmc.68x0l486w0u0qonsxawjuynxk<br>https://www.youtube.com/watch?v=DMOw3a4Ma7s<br>https://apps.apple.com/cz/app/id6755365206<br>https://play.google.com/store/apps/details?id=cz.csfd.csfdroid<br>;Academy Awards (2x)<br>British Academy of Film and Television Arts (BAFTA) (1x)<br>Golden Globes (3x)<br>;British Academy of Film and Television Arts (BAFTA) (1x)<br>The Saturn Awards (1x)<br>
228329;Avatar;2009;82.80430310725288;166.0;https://image.pmgstatic.com/cache/resized/w420/files/images/film/posters/166/571/166571533_8c9d12.jpg;https://www.csfd.cz/film/228329-avatar/;USA / Velká Británie;Akční / Dobrodružný / Sci-Fi / Fantasy;Avatar;Avatar před námi otevírá neuvěřitelný svět za hranicemi naší fantazie, svět střetu dvou naprosto odlišných civilizací. Nově objevená vzdálená planeta Pandora je mírumilovné místo s obyvatelstvem - Na’vi, žijícím v souladu s divukrásnou vegetací planety. Posádka vyslaná ze Země na své průzkumné misi objeví na Pandoře velmi cenný minerál, který by měl na Zemi nevyčíslitelnou hodnotu. Pobyt na Pandoře je ovšem pro člověka možný teprve po vytvoření jeho genetického dvojníka, hybrida Avataru, který může být ovládán psychikou oddělenou od lidského těla a fyzicky odpovídá původnímu obyvatelstvu Pandory, které má fluorescentní modrou kůži a dosahuje 3m výšky. Na tuto náročnou misi je vybrán mezi jinými také Jake Sully (Sam Worthington), bývalý námořník, který byl při jedné ze svých předešlých misí paralyzován od pasu dolů. A právě šance opět chodit přiměla Jakea, aby se do programu Avatar přihlásil.Průzkumná mise je vyslána a po přistání na Pandoře je zcela ohromena úžasnou rozmanitostí místní vegetace. Stromy dosahují výšky mrakodrapů a světélkující prales je plný nádherných tvorů, které jste nikdy neviděli, ale také hrozných prehistorických predátorů. To je jen zrnko překvapení, které posádku čeká. I když se zdá, že po počáteční nedůvěře lidí Na’vi se posádce podařilo adaptovat a také získat prostor pro diplomatickou misi, pandořané se rozhodně nehodlají nechat kolonizovat a dojde ke tvrdému střetu. Jake, který se postupně sblížil s místním obyvatelstvem, a především s místní princeznou Neytiri, stojí před rozhodnutím, za koho bojovat ve finální bitvě, která má rozhodnout o osudu a vývoji celého světa. (Bontonfilm);17.12.2009 20th Century Fox UK;láska, smrt, útěk, zbraně, zvířata, vojáci, vězení, podvod, les, naděje, vědci, mimozemšťané, vesmír, environmentalismus, domorodé kmeny, bitva, roboti, odboj, korporace, vesmírná loď, ptáci, tělesné postižení, 3D, vrtulník, kolonizace, invalidní vozík, Wilhelm scream, strom, tank, rostliny, raketoplán, vojenská vzpoura;James Cameron;Sam Worthington, Zoe Saldaña, Stephen Lang, Michelle Rodriguez, Giovanni Ribisi, Joel David Moore, CCH Pounder, Wes Studi, Laz Alonso, Sigourney Weaver;;https://srv.tunefindforfans.com/showads/track/srvclk.php?aid=100006796&lp=https://www.disneyplus.com/en-cz/browse/entity-357d8505-b9bc-41e3-9f27-0414738df143<br>https://srv.clickfuse.com/ads/adclkr.php?id=100006636&url=https://tv.apple.com/cz/movie/avatar/umc.cmc.1hmaf5hccvdvn71dc5hr7mgcj<br>https://www.youtube.com/watch?v=mtSkFR-8cU8<br>https://srv.tunefindforfans.com/showads/track/srvclk.php?aid=100006796&lp=https://www.disneyplus.com/en-cz/browse/entity-357d8505-b9bc-41e3-9f27-0414738df143<br>https://srv.clickfuse.com/ads/adclkr.php?id=100006636&url=https://tv.apple.com/cz/movie/avatar/umc.cmc.1hmaf5hccvdvn71dc5hr7mgcj<br>https://www.youtube.com/watch?v=mtSkFR-8cU8<br>https://apps.apple.com/cz/app/id6755365206<br>https://play.google.com/store/apps/details?id=cz.csfd.csfdroid<br>;Academy Awards (6x)<br>British Academy of Film and Television Arts (BAFTA) (6x)<br>César Awards (1x)<br>Golden Globes (2x)<br>Critics Choice Awards (3x)<br>Los Angeles Film Critics Association Awards (1x)<br>New York Film Critics Circle Awards (1x)<br>;Academy Awards (3x)<br>British Academy of Film and Television Arts (BAFTA) (2x)<br>Golden Globes (2x)<br>Critics Choice Awards (6x)<br>Florida Film Critics Circle Awards (1x)<br>The Saturn Awards (10x)<br>
254459;Brendan a tajemství Kellsu;2009;83.00444005920079;75.0;https://image.pmgstatic.com/cache/resized/w420/files/images/film/posters/160/623/160623339_5edf60.jpg;https://www.csfd.cz/film/254459-brendan-a-tajemstvi-kellsu/;Belgie / Irsko / Francie;Animovaný / Dobrodružný / Fantasy / Rodinný;Brendan et le secret de Kells;Brendan žije ve vzdáleném středověkém opatství, které čelí nájezdům barbarů. Ale nový život plný dobrodružství čeká mladého mnicha, když k nim dorazí mistr iluminátor se starobylou nedokončenou knihou plnou tajemné moudrosti a síly... V tomto bohatém příběhu o síle imaginace a víry v to, že lidstvo překoná zlé časy, se spojuje magie, fantazie a keltská mytologie. V 9. století, v odlehlé části Irska leží opevněné opatství Kells, ve kterém tiše žije dvanáctiletý Brendan. Spolu s ostatními mnichy tvrdě pracuje na zpevnění zdí opatství, ve snaze ubránit se vikingským nájezdům. Jenže s příchodem bratra Aidana, slavného mistra iluminátora a ochránce mimořádné, avšak nedokončené knihy, se Brendanovi otevírají dveře do nového světa. Aidon ho zasvětí do umění iluminace - výzdoby rukopisných knih a objeví v něm ohromný talent. Brendan má dokončit onu velkolepou knihu. Nejprve však musí překonat své obavy z tajného úkolu, díky němuž se poprvé dostane za zdi opatství. Brendan se vydává do kouzelného lesa, ve kterém se skrývají mýtické bytosti. A zde se mladý mnich setká s pohádkovou Aisling, tajemnou vlčí dívkou, která mu bude pomáhat při plnění jeho úkolu. Děsivé vikingské hordy se však blíží. Prosvětlí Brendanovy umělecké vize temnotu a dokáží, že osvícenost je nejlepší hradbou proti barbarům?;11.02.2009 Gebeka Films;rodina, žena režisérka, přátelství, přátelé, násilí, tajemství, děti, mládež, záhady, touha, chlapec, zbraně, zvířata, cestování, putování, les, divočina, sláva, ostrov, náboženství, víra, hory, kouzla, duchové, přepadení, dobrodruh, magie, křesťanství, kniha, středověk, církev, duchovní, přízrak, válečníci, Meč a magie, klášter, mniši, Irsko, vikingové, rabování;Tomm Moore, Nora Twomey;Brendan Gleeson, Nora Twomey, Paul Tylak, Paul Young, Fabian Erlinghauser, Michael McGrath, Mick Lally;;https://apps.apple.com/cz/app/id6755365206<br>https://play.google.com/store/apps/details?id=cz.csfd.csfdroid<br>;Academy Awards (1x)<br>European Film Awards (1x)<br>;
10113;Na kometě;1970;82.88670460424211;74.0;https://image.pmgstatic.com/cache/resized/w420/files/images/film/posters/159/345/159345708_5b0e15.jpg;https://www.csfd.cz/film/10113-na-komete/;Československo;Dobrodružný / Sci-Fi / Fantasy;On the Comet;"Poslední z trikových hraných filmů Karla Zemana, které vizuálně vycházely ze starobylých rytin provázejících romány Julese Verna. Tentokrát příběh začíná na zapadlém místě kterési francouzské kolonie, které od zemského povrchu odloupla obrovská kometa a vyvrhla do vesmíru. Ale i tam pokračují malicherné spory, řevnivost i přípravy k povstání... Režisér tu dospěl k výrazné komediální nadsázce, ke karikatuře nejrůznějších úředníků a vojáků, když již odmítal řešit jakékoli ""nadčasové"" záležitosti. Je to poslední film, v jehož titulcích směl být jako scenárista uveden Jan Procházka.";09.10.1970 Ústřední půjčovna filmů;podle knihy, černobílý film, útěk, zbraně, vojáci, moře, válka, 19. století, lodě, Afrika, vesmír, dinosauři, kolonie, planety, kometa, tónovaný film;Karel Zeman;Emil Horváth ml., Magda Vášáryová, František Filipovský, Josef Větrovec, Čestmír Řanda st., Vladimír Menšík, Jiřina Jirásková, Karel Effa, Jaroslav Mareš, Steva Maršálek;Jules Verne;https://apps.apple.com/cz/app/id6755365206<br>https://play.google.com/store/apps/details?id=cz.csfd.csfdroid<br>;;
1080;Ospalá díra;1999;82.71136646771164;105.0;https://image.pmgstatic.com/cache/resized/w420/files/images/film/posters/164/947/164947718_72eff1.jpg;https://www.csfd.cz/film/1080-ospala-dira/;USA / Německo;Fantasy / Horor / Mysteriózní;Sleepy Hollow;Americký historický horror, ve kterém mladý konstábl vyšetřuje případ vražd, jenž má údajně na svědomí legendární bezhlavý jezdec Mladý newyorský konstábl Ichabod Crane je pro svou racionalitu a snahu využívat k práci moderních metod trnem v oku svým nadřízeným. Ti ho proto roku 1799 pošlou do odlehlé vesnice Ospalá díra, kde došlo již ke třem záhadným vraždám. Místní lidé věří, že mrtvého Van Garretta, jeho syna a vdovu Winshipovou, nalezené bez hlav, má na svědomí legendární bezhlavý jezdec, což byl podle legendy krutý hesenský žoldák, který bojoval během americké revoluce na straně Angličanů a před dvaceti lety zabit v lesích poblíž vesnice. Teď se prý mstí a nedá pokoj dokud nenajde svou hlavu. Crane však na legendy a přízraky nevěří a pustí se do vyšetřování. Ještě téže noci je zabit další muž a jeho osiřelý syn je odhodlán jeho smrt pomstít. Konstáblovi se snaží pomoci také dcera místního boháče Katrina Van Tessel, do které se Crane zamiloval. Poznámka soudce Philipse ho přivede k odhalení, že zavražděná vdova byla těhotná. Když se s pomocí Katriny začne orientovat v místních poměrech a vztazích a stane se svědkem toho jak bezhlavý jezdec nejprve utne hlavu Philipsovi, a poté zavraždí celou rodinu porodní báby Killianové, začne si věci dávat dohromady. Všichni mrtví měli něco společného s případem zavražděného Garretta a vdovou Winshipovou, které odkázal celý majetek. Buď byli svědky podpisu závěti nebo znali otce nenarozeného dítěte těhotné Winshipové. Crane podezírá místní elitu ze spiknutí s cílem získat dědictví po Garretovi a správně odhadne, že někdo vykopal hlavu bezhlavého jezdce a nyní ho s její pomocí ovládá. Každá další stopa ho však vede k podezření, že za vším je Katrina. Aby ji nemusel zatknout, rozhodne se odejít, cestou mu však náhoda pomůže pochopit, že všechno je jinak a dívka se ho naopak snažila ochránit. Rozhodne se vrátit a odhodlán utkat se s bezhlavým jezdcem a odhalit skutečného viníka, který stojí v pozadí celého případu.;19.11.1999 Paramount Pictures;podle knihy, láska, vražda, násilí, dívka, tajemství, otec, policie, město, chlapec, vyšetřování, pomsta, venkov, intriky, vesnice, krev, les, dům, detektiv, gore, kouzla, duchové, chamtivost, koně, vydírání, magie, dědictví, legenda, čarodějnice, spiknutí, kostel, přízrak, hřbitov, čarodějnictví, gotický horor, strom, podzim, macecha (nevlastní matka), whodunit, závěť;Tim Burton;Johnny Depp, Christina Ricci, Miranda Richardson, Michael Gambon, Casper Van Dien, Jeffrey Jones, Richard Griffiths, Ian McDiarmid, Michael Gough, Christopher Walken;Washington Irving;https://www.skyshowtime.com/cz/stream/movies/ospala-dira/0ff4b202-534d-381f-a125-b1e5ae36b618<br>https://srv.clickfuse.com/ads/adclkr.php?id=100006636&url=https://tv.apple.com/cz/movie/sleepy-hollow/umc.cmc.yaqz9yr793vgj013hzifqhih<br>https://www.youtube.com/watch?v=1RApBRqFfBI<br>https://www.skyshowtime.com/cz/stream/movies/ospala-dira/0ff4b202-534d-381f-a125-b1e5ae36b618<br>https://srv.clickfuse.com/ads/adclkr.php?id=100006636&url=https://tv.apple.com/cz/movie/sleepy-hollow/umc.cmc.yaqz9yr793vgj013hzifqhih<br>https://www.youtube.com/watch?v=1RApBRqFfBI<br>/tvurce/890-basil-rathbone/prehled/<br>https://apps.apple.com/cz/app/id6755365206<br>https://play.google.com/store/apps/details?id=cz.csfd.csfdroid<br>;Academy Awards (2x)<br>British Academy of Film and Television Arts (BAFTA) (1x)<br>New York Film Critics Circle Awards (1x)<br>The Saturn Awards (9x)<br>;Academy Awards (1x)<br>British Academy of Film and Television Arts (BAFTA) (2x)<br>Los Angeles Film Critics Association Awards (1x)<br>The Saturn Awards (2x)<br>
241997;Avengers;2012;82.68166615992703;143.0;https://image.pmgstatic.com/cache/resized/w420/files/images/film/posters/000/486/486686_69f4e4.jpg;https://www.csfd.cz/film/241997-avengers-pomstitelia/;USA;Akční / Dobrodružný / Sci-Fi / Fantasy;The Avengers;Marvel Studios uvádí super hrdinský tým všech dob Avengers, ve kterém se přestaví ikoničtí super hrdinové – Iron Man, Neuvěřitelný Hulk, Thor, Captain America, Hawkeye a Black Widow. Když se objeví nečekaný nepřítel, který ohrožuje světovou bezpečnost, Nick Fury, ředitel mezinárodní mírové agentury, známé také jako S.H.I.E.L.D., zjistí, že potřebuje tým, aby odvrátil světovou katastrofu. Začíná provádět nábor po celém světě. (Falcon);04.05.2012 Walt Disney US;smrt, přátelé, zbraně, pomsta, vojáci, souboje, bratři, podle komiksu, monstra, New York, agenti, vědci, mimozemšťané, vesmír, superhrdina, rukojmí, letadla, bitva, roboti, Marvel Comics, laboratoř, 3D, vrtulník, bohové, Marvel Cinematic Universe (MCU), crossover, Captain America, Iron Man, Hulk, Thor (Marvel Comics), Nick Fury, červí díra, Black Widow, Hawkeye, supervoják, Loki (Marvel Comics), Avengers;Joss Whedon;Robert Downey Jr., Jeremy Renner, Scarlett Johansson, Chris Evans, Samuel L. Jackson, Chris Hemsworth, Mark Ruffalo, Clark Gregg, Lou Ferrigno, Tom Hiddleston;Stan Lee, Jack Kirby, Don Heck;https://srv.tunefindforfans.com/showads/track/srvclk.php?aid=100006796&lp=https://www.disneyplus.com/en-cz/browse/entity-3a5596d6-5133-4a8e-8d21-00e1531a4e0f<br>https://srv.clickfuse.com/ads/adclkr.php?id=100006636&url=https://tv.apple.com/cz/movie/the-avengers/umc.cmc.7i757ymuvffa02onn3uva0emx<br>https://www.youtube.com/watch?v=xtdKXEI-gc8<br>/novinky/9540-co-vsechno-vime-o-nove-narnii-od-netflixu/<br>/novinky/9540-co-vsechno-vime-o-nove-narnii-od-netflixu/<br>/novinky/9540-co-vsechno-vime-o-nove-narnii-od-netflixu/<br>https://srv.tunefindforfans.com/showads/track/srvclk.php?aid=100006796&lp=https://www.disneyplus.com/en-cz/browse/entity-3a5596d6-5133-4a8e-8d21-00e1531a4e0f<br>https://srv.clickfuse.com/ads/adclkr.php?id=100006636&url=https://tv.apple.com/cz/movie/the-avengers/umc.cmc.7i757ymuvffa02onn3uva0emx<br>https://www.youtube.com/watch?v=xtdKXEI-gc8<br>https://apps.apple.com/cz/app/id6755365206<br>https://play.google.com/store/apps/details?id=cz.csfd.csfdroid<br>;Academy Awards (1x)<br>British Academy of Film and Television Arts (BAFTA) (1x)<br>Critics Choice Awards (3x)<br>The Saturn Awards (2x)<br>;The Saturn Awards (4x)<br>
299750;The Maker;2011;83.83812010443864;6.0;https://image.pmgstatic.com/cache/resized/w420/files/images/film/posters/160/809/160809080_dee1cb.jpg;https://www.csfd.cz/film/299750-the-maker/;Austrálie;Krátkometrážní / Animovaný / Rodinný / Fantasy;;Potemnělá komůrka, staré lexikony, herbáře, atlasy a slovníky, v košíku role starých látek, v přihrádce knoflíky a na stole jedny velké přesýpací hodiny. Tajemná bytost začíná tvořit, začíná vyrábět dalšího ze svého druhu. Kdo je však oním stvořeným? (Segrestor);;;Christopher Kezelos;;;https://apps.apple.com/cz/app/id6755365206<br>https://play.google.com/store/apps/details?id=cz.csfd.csfdroid<br>;;
18248;Aladin;1992;82.60890886800163;87.0;https://image.pmgstatic.com/cache/resized/w420/files/images/film/posters/158/283/158283580_9a5965.jpg;https://www.csfd.cz/film/18248-aladin/;USA;Animovaný / Rodinný / Muzikál / Fantasy;Aladin;Aladin je chudý chlapec z tržiště, jehož jediným majetkem i přítelem je jeho opička Abu. Denně sní svůj sen o úniku z bezútěšného života v bídě a o lásce krásné princezny Jasmíny. Osud se nakloní v jeho prospěch, když jej chce zlý sultánův rádce Džafar využít k získání kouzelné lampy z jeskyně, skryté uprostřed pouště. Aladin se stane majitelem kouzelného koberce a lampy, jejíž dobrý džin mu může splnit tři přání. Aladin se s jeho pomocí skutečně přiblíží k princezně, dosud neústupně odmítající nápadníky, a získá její lásku. Stále jej však trápí jeho prostý původ, který se jí zdráhá přiznat. A to jej ještě čeká souboj se zrádným Džafarem a jeho papouškem Jagem, zmocnivšími se na čas lampy, sultanátu i princezny...Nejstarší zprávy o proslulém souboru perských arabských a indických lidových příběhů, známém pod názvem Pohádky tisíce a jedné noci, pocházejí už z desátého století. První rukopisné záznamy spisu, čítajícího nakonec více než 267 příběhů různé délky, vznikaly ve čtrnáctém a patnáctém století. Příběh o Aladinovi, který je jednou z nejznámějších a nejčastěji zpracovávaných arabských pohádek, vznikl pravděpodobně okolo druhé poloviny dvanáctého století v Egyptě, což však nebrání tomu, aby byl v mnoha adaptacích situován do prostředí, připomínajícího oblíbenou romantickou vizi středověkého Bagdadu. Tvůrci nejnovější americké verze, která na přelomu roku dlouhou dobu kralovala americké distribuci, se nechali volně inspirovat všemi předchozími adaptacemi podobných příběhů a navíc plně využili možností moderního animovaného filmu. Vedle magických letů na koberci a komplikovaných hudebních scén v nejlepší disneyovské tradici je film naplněn nepřetržitým přívalem propracovaných obrazových gagů, soustředěn zejména okolo postavy džina. Ten, v původní verzi namluven Robinem Williamsem, se tak stává takřka hlavní postavou filmu a je hlavním důvodem, proč Aladin může potěšit nejen děti, ale i ty dospělé, kteří mají chuť se smát. Film byl oceněn 2 Oscary.;25.11.1992 Buena Vista Pictures US;láska, zloděj, kouzla, chudoba, poušť, princezna, opice, Wilhelm scream, tygři, džin, sultán, Disney Princess;John Musker, Ron Clements, Bunis Yang;Robin Williams, Frank Welker, Gilbert Gottfried, Charlie Adler, Corey Burton, Jim Cummings, Russi Taylor, Hal Smith, Scott Weinger, Lea Salonga;;https://srv.tunefindforfans.com/showads/track/srvclk.php?aid=100006796&lp=https://www.disneyplus.com/en-cz/browse/entity-bfad6284-a0aa-4ae1-8469-dc1653121dbb<br>https://srv.clickfuse.com/ads/adclkr.php?id=100006636&url=https://tv.apple.com/cz/movie/aladdin/umc.cmc.13229jkd134ryb4p2jhktwx31<br>https://srv.tunefindforfans.com/showads/track/srvclk.php?aid=100006796&lp=https://www.disneyplus.com/en-cz/browse/entity-bfad6284-a0aa-4ae1-8469-dc1653121dbb<br>https://srv.clickfuse.com/ads/adclkr.php?id=100006636&url=https://tv.apple.com/cz/movie/aladdin/umc.cmc.13229jkd134ryb4p2jhktwx31<br>/tag/1764-disney-princess/<br>https://apps.apple.com/cz/app/id6755365206<br>https://play.google.com/store/apps/details?id=cz.csfd.csfdroid<br>;Academy Awards (3x)<br>British Academy of Film and Television Arts (BAFTA) (2x)<br>Golden Globes (3x)<br>The Saturn Awards (2x)<br>;Academy Awards (2x)<br>Golden Globes (2x)<br>Los Angeles Film Critics Association Awards (1x)<br>The Saturn Awards (3x)<br>
320638;Strážci Galaxie;2014;82.51638816921981;116.0;https://image.pmgstatic.com/cache/resized/w420/files/images/film/posters/158/607/158607121_9986ee.jpg;https://www.csfd.cz/film/320638-strazci-galaxie/;USA / Velká Británie;Akční / Dobrodružný / Sci-Fi / Fantasy / Komedie;Guardians of the Galaxy;V tomto akcí nabitém, výpravném vesmírném dobrodružství se odvážný dobrodruh Peter Quill stává středem zájmu nájemných zabijáků poté, co Ronanovi, mocnému padouchovi s plány ohrožující celý vesmír, ukradne tajemnou kouli. Aby neúnavnému Ronanovi unikl, je Quill nucen spojit své síly se čtveřicí pozoruhodných hrdinů – Rocketem, po zuby ozbrojeným mývalem, Grootem, humanoidem, který připomíná strom, vražednou a tajemnou Gamorou a pomstychtivým Draxem Ničitelem. Když ale Quill objeví skutečnou moc koule a hrozbu, která se v ní ukrývá a ohrožuje celý vesmír, musí udělat vše pro to, aby nesourodá skupina táhla za jeden provaz a v posledním zoufalém souboji se pokusila zachránit osud celé galaxie. (Falcon);03.07.2020;láska, smrt, matka, syn, útěk, zbraně, vězení, zloděj, podle komiksu, vesmír, superhrdina, vesmírná loď, bandité, Marvel Comics, 3D, lovci lidí, zbraně hromadného ničení, genetická úprava, Marvel Cinematic Universe (MCU), Rocket Raccoon, Groot, Drax the Destroyer, Strážci Galaxie, Thanos, Nebula, Star-Lord, Gamora;James Gunn;Chris Pratt, Zoe Saldaña, Dave Bautista, Vin Diesel, Bradley Cooper, Lee Pace, Michael Rooker, Karen Gillan, Djimon Hounsou, John C. Reilly;Dan Abnett, Andy Lanning;https://srv.tunefindforfans.com/showads/track/srvclk.php?aid=100006796&lp=https://www.disneyplus.com/en-cz/browse/entity-c9ee959b-7249-4a4c-9708-9ffd1ddb00f1<br>https://srv.clickfuse.com/ads/adclkr.php?id=100006636&url=https://tv.apple.com/cz/movie/guardians-of-the-galaxy/umc.cmc.71igdwen6ko2dlhwaw12vbdh<br>https://srv.tunefindforfans.com/showads/track/srvclk.php?aid=100006796&lp=https://www.disneyplus.com/en-cz/browse/entity-c9ee959b-7249-4a4c-9708-9ffd1ddb00f1<br>https://srv.clickfuse.com/ads/adclkr.php?id=100006636&url=https://tv.apple.com/cz/movie/guardians-of-the-galaxy/umc.cmc.71igdwen6ko2dlhwaw12vbdh<br>https://apps.apple.com/cz/app/id6755365206<br>https://play.google.com/store/apps/details?id=cz.csfd.csfdroid<br>;Academy Awards (2x)<br>British Academy of Film and Television Arts (BAFTA) (2x)<br>Critics Choice Awards (3x)<br>Florida Film Critics Circle Awards (1x)<br>The Saturn Awards (5x)<br>;Critics Choice Awards (2x)<br>The Saturn Awards (4x)<br>
324116;Berserk: Ógon džidai hen III – Kórin;2013;83.07101727447217;110.0;https://image.pmgstatic.com/cache/resized/w420/files/images/film/posters/162/610/162610634_8f5d95.jpg;https://www.csfd.cz/film/324116-berserk-ogon-dzidai-hen-iii-korin/;Japonsko;Animovaný / Akční / Drama / Fantasy;ベルセルク 黄金時代篇Ⅲ 降臨;Kumpanie Jestřába se bez Griffitha a Gutse skrývá v tmavých lesích a pod velením bojovné Cascy jen s vypětím sil vzdoruje královské armádě. Potřebné povzbuzení přinese návrat neohroženého Gutse a k obnovení původní síly má dopomoci osvobození uvězněného vůdce Griffitha. Výsledkem je trpké zklamání a složité dilema pro Cascu. Sled událostí ale vzápětí nabere zcela jiný směr, do hry se vrací talisman Behelit a o slovo se konečně rázně přihlásí démoni. Nastává temná éra, Griffith je postaven před osudové rozhodnutí a začíná věčný boj Gutse s přízraky – zrodí se Black Swordsman. (Dont);01.02.2013 Warner Bros. JP;láska, smrt, přátelství, zbraně, anime, pronásledování, zrada, vězení, monstra, středověk, mučení, démoni, žoldáci, osud, proroctví;Tošijuki Kubooka, Kóiči Hacumi;Akio Ócuka, Aki Tojosaki, Mijuki Sawaširo, Nobujuki Kacube, Júki Kadži, Ajana Taketacu, Kazuki Jao, Takahiro Sakurai, Minako Kotobuki, Kenta Mijake;Kentaró Miura;https://apps.apple.com/cz/app/id6755365206<br>https://play.google.com/store/apps/details?id=cz.csfd.csfdroid<br>;;
5615;Unavená smrt;1921;84.3265306122449;105.0;https://image.pmgstatic.com/cache/resized/w420/files/images/film/posters/163/466/163466372_f67f14.jpg;https://www.csfd.cz/film/5615-unavena-smrt/;Německá říše;Drama / Thriller / Fantasy;Der müde Tod;V jedné malé vesnici kdesi uprostřed Evropy se zničehonic zjeví záhadná postava v černé kápi a odvede si sebou mladého muže, který právě plánuje svatbu se svojí dívkou. Když nešťastná dívka zjistí že to byla samotná smrt, vydá se ji vyhledat a prosí ať ji vrátí milého zpátky. Postava v černé kápi ji zavede do jakéhosi chrámu, kde hoří tisíce bílých svící, z nichž každá představuje jeden lidský život. Smrt pocítí k nešťastné dívce lítost a slíbí ji, že jí vrátí milého zpátky, když ona dokáže zachránit alespoň jeden ze tří lidských životů, které se právě chystá zničit...Tento fascinující gotický příběh je jedním z hlavních děl poválečné německé kinematografie. Fritz Lang ním odpověděl na právě probíhající vlnu avantgardního expresionismu. Zajímavostí je, že k natočení tohoto díla inspiroval Langa jeden sen, který se mu zdál kdysi dávno v dětství. (caligari);06.10.1921 Decla-Bioscop-Verleih;muž, černobílý film, láska, žena, smrt, tajemství, město, záhady, touha, pátrání, němý film, vášeň, dilema, náboženství, víra, milenka, středověk, Itálie, cizinec (neznámý člověk), milenec, Čína, Benátky, Smrťák, renesance, expresionismus;Fritz Lang;Lil Dagover, Walter Janssen, Bernhard Goetzke, Karl Platen, Lydia Potěchina, Grete Berger, Eduard von Winterstein, Rudolf Klein-Rogge, Louis Brody, Károly Huszár;;https://apps.apple.com/cz/app/id6755365206<br>https://play.google.com/store/apps/details?id=cz.csfd.csfdroid<br>;The Saturn Awards (2x)<br>;
360779;Kung Fury;2015;82.49570446735395;31.0;https://image.pmgstatic.com/cache/resized/w420/files/images/film/posters/159/870/159870874_2e073b.jpg;https://www.csfd.cz/film/360779-kung-fury/;Švédsko;Krátkometrážní / Akční / Komedie / Fantasy / Sci-Fi;Kung Fury(festivalový název);Hlavní hrdina snímku, policista Kung Fury, se vydává na cestu za pomstou svého přítele, kterého zabil největší kung-fu zločinec v dějinách lidstva, Adolf Hitler. Fury cestuje časem do dob nacistického Německa, aby Hitlera zničil jednou provždy. (Santa666);;policie, zbraně, vojáci, nacisté, nacismus, parodie, bojová umění, kung-fu, cestování časem, policejní stanice, pokusy na lidech, dinosauři, bohové, hacker, vikingové;David Sandberg;David Sandberg, Jorma Taccone, Björn Gustafsson, David Hasselhoff, Eos Karlsson, Per-Henrik Arvidius, Leopold Nilsson, Andreas Cahling;;https://srv.clickfuse.com/ads/adclkr.php?id=100006636&url=https://tv.apple.com/cz/movie/kung-fury/umc.cmc.6yyqqppdv2upozu2hrf0slnta<br>https://srv.clickfuse.com/ads/adclkr.php?id=100006636&url=https://tv.apple.com/cz/movie/kung-fury/umc.cmc.6yyqqppdv2upozu2hrf0slnta<br>https://apps.apple.com/cz/app/id6755365206<br>https://play.google.com/store/apps/details?id=cz.csfd.csfdroid<br>;European Film Awards (1x)<br>;Guldbagge Awards (1x)<br>
737568;Duše;2020;82.31893971782813;107.0;https://image.pmgstatic.com/cache/resized/w420/files/images/film/posters/164/291/164291838_5ad2fd.jpg;https://www.csfd.cz/film/737568-duse/;USA;Animovaný / Dobrodružný / Komedie / Rodinný / Fantasy / Hudební;Soul;Co dělá člověka… člověkem? Pixar Animation Studios uvádí celovečerní film Duše, ve kterém se představí středoškolský učitel hudební výchovy Joe Gardner (v původním znění Jamie Foxx), který dostane životní šanci hrát v proslulém jazzovém klubu. Jeden chybný krok ho však přenese z ulic New Yorku do Neznáma před, což je fantastické místo, kde čerstvě narozené duše získávají před vstupem na Zemi vlastnosti, návyky i zlozvyky. Joe však na svém životě lpí a tak spojí síly s duší číslo 22 (v původním znění Tina Fey), která však vůbec nechápe, čím je zrovna lidský život tak výjimečný. A jak se Joe zoufale snaží duši číslo 22 vysvětlit, co je na životě tak skvělé, sám získává odpovědi na otázky, které si sám nesčetněkrát kladl. (Falcon);Na VOD od 25.12.2020 Disney+;smrt, učitel, hudebník, záměna identit, jazz, kóma, druhá šance, posmrtný život, výměna těl, podsvětí (mýtické sídlo mrtvých);Pete Docter, Kemp Powers;Jamie Foxx, Tina Fey, Graham Norton, Rachel House, Alice Braga, Richard Ayoade, Questlove, Daveed Diggs, Phylicia Rashad, Angela Bassett;;https://srv.tunefindforfans.com/showads/track/srvclk.php?aid=100006796&lp=https://www.disneyplus.com/en-cz/browse/entity-5f055dc5-cc07-43f2-839e-bf073b16a823<br>https://srv.clickfuse.com/ads/adclkr.php?id=100006636&url=https://tv.apple.com/cz/movie/soul/umc.cmc.6wle5itf2fkzl2gvlw9r14xcx<br>https://www.youtube.com/watch?v=jFG4BpCiU90<br>https://srv.tunefindforfans.com/showads/track/srvclk.php?aid=100006796&lp=https://www.disneyplus.com/en-cz/browse/entity-5f055dc5-cc07-43f2-839e-bf073b16a823<br>https://srv.clickfuse.com/ads/adclkr.php?id=100006636&url=https://tv.apple.com/cz/movie/soul/umc.cmc.6wle5itf2fkzl2gvlw9r14xcx<br>https://www.youtube.com/watch?v=jFG4BpCiU90<br>https://www.csfd.cz/vod/disney-plus/<br>https://apps.apple.com/cz/app/id6755365206<br>https://play.google.com/store/apps/details?id=cz.csfd.csfdroid<br>;Academy Awards (1x)<br>British Academy of Film and Television Arts (BAFTA) (1x)<br>AACTA International Awards (1x)<br>Florida Film Critics Circle Awards (1x)<br>Los Angeles Film Critics Association Awards (1x)<br>;Academy Awards (2x)<br>British Academy of Film and Television Arts (BAFTA) (2x)<br>Golden Globes (2x)<br>Critics Choice Awards (1x)<br>Florida Film Critics Circle Awards (2x)<br>Los Angeles Film Critics Association Awards (1x)<br>
139875;Červený balónek;1956;83.24074074074073;34.0;https://image.pmgstatic.com/cache/resized/w420/files/images/film/posters/167/800/167800125_7j9z5d.jpg;https://www.csfd.cz/film/139875-cerveny-balonek/;Francie;Krátkometrážní / Rodinný / Fantasy;Le Ballon rouge;"Francouzský středometrážní barevný film. který filmová kritika nazvala „čistě filmovou, pohybovou, rytmickou a barevnou básní"". Je to lyrický příběh o přátelství mezi malým pařížským chlapcem Pascalem a jeho červeným nafukovacím balónkem. Od chvíle, kdy se ti dva sejdou, sleduje divák jejich osudy s nesmírným zaujetím. Usmívá se jako ti chodci, pod jejichž deštníky schovává malý Pascal svůj balónek před deštěm, má radost, když balónek pronásleduje a zesměšní přísného ředitele školy, chápe sympatie červeného balónku k modrému, napjatě prožívá s Pascalem pronásledování tlupou uličníků a společně s ním se mu chce zaplakat ve chvíli, kdy hladký povrch červeného balónku je proražen ostrým kamenem, a kdy balónek před jeho očima stárne, vrás-kovatí, splaskává a konečně pomalu a tiše umírá. To je nesporně jedna z nejsilnějších a při tom nejlyričtějších scén filmu, vytvořeného velkým umělcem režisérem Albertem Lamorissem, jehož srdce je vrchovatě naplněno láskou k dětem a smyslem pro filmovou poesii. (Filmový přehled)";Na DVD od 23.04.2009 Atypfilm;;Albert Lamorisse;Pascal Lamorisse, Georges Sellier, Vladimir Popov, Paul Perey, Renaud;;https://apps.apple.com/cz/app/id6755365206<br>https://play.google.com/store/apps/details?id=cz.csfd.csfdroid<br>;New York Film Critics Circle Awards (1x)<br>;Academy Awards (1x)<br>British Academy of Film and Television Arts (BAFTA) (1x)<br>Cannes Film Festival (1x)<br>
313636;Hotarubi no mori e;2011;82.88122605363985;45.0;https://image.pmgstatic.com/cache/resized/w420/files/images/film/posters/165/663/165663895_9ef782.jpg;https://www.csfd.cz/film/313636-hotarubi-no-mori-e/;Japonsko;Animovaný / Drama / Fantasy;蛍火の杜へ;Malá dívenka Hotaru se ztratí v lese, o němž se vypráví, že se v něm vyskytují zvláštní bytosti. Jedna taková bytost se před ní objeví a z lesa ji vyvede. Laskavý zachránce se jmenuje Gin a kromě masky na něm nic zvláštního není. Nebo vlastně je: dotkne-li se ho nějaký člověk, tak nadobro zmizí. I přes tento nedostatek se mezi Hotaru a Ginem vytvoří pouto, které časem sílí i bez fyzického kontaktu. (Ne4um);;láska, přátelství, anime, les, léto, duchové, prázdniny;Takahiro Ómori;Ajane Sakura, Kóki Učijama, Šinpači Cudži, Mami Učida, Kanehira Jamamoto, Hajato Taja, Hiroki Gotó, Masanori Mačida, Asami Imai;;https://apps.apple.com/cz/app/id6755365206<br>https://play.google.com/store/apps/details?id=cz.csfd.csfdroid<br>;;
7599;Legenda o slavném návratu;2000;82.25910557860766;126.0;https://image.pmgstatic.com/cache/resized/w420/files/images/film/posters/000/069/69899_e01f6c.gif;https://www.csfd.cz/film/7599-legenda-o-slavnem-navratu/;USA;Drama / Fantasy / Romantický / Sportovní;The Legend of Bagger Vance;"Psal se rok 1916 a zdálo se, že na straně mladičkého Rannulpha Junuha jsou všichni svatí. V Savannah, ve městě kde žil, byl golf milovaným sportem a on se s golfovou holí v ruce snad narodil. Pak přišel povolávací rozkaz a ze zákopů I. světové války se vrátil zcela jiný mladík. Jako by mu utrpení, kterého byl svědkem, stálo v nastoupené cestě. Opustil svou dívku Adele, někdejší dům i golfové hřiště a obklopil se lidmi stejně ztracenými v životě jako on sám. Léta plynula, a z Adele se stala dědička rozsáhlého, jenže krachujícího golfového komplexu. V době hospodářské krize je pro ni uspořádání velkého turnaje jedinou záchranou. Dva velké hráče - Hardyho Greavese a Bobby Jonese - získala. Chyběl jí jen domácí soupeř. Nebylo jednoduché Rannulpha přesvědčit, aby nastoupil. Nikdo mu moc šancí nedával. Opravdu v něj věřil jen malý Hardy. Ten se s odstupem času stal vypravěčem příběhu o třech turnajových dnech, v nichž se v Savannah objevil golfový ""anděl strážný"" jménem Bagger Vance, aby vrátil život svému chráněnci Rannulphovi a poznamenal osudy všech přítomných.";29.10.2000 DreamWorks;podle knihy, 20. století, rivalita, období 1910-1920, 1. světová válka, turnaj, golf;Robert Redford;Will Smith, Matt Damon, Charlize Theron, Bruce McGill, Joel Gretsch, J. Michael Moncrief, Peter Gerety, Lane Smith, Michael O'Neill, Thomas Jay Ryan;Steven Pressfield;https://apps.apple.com/cz/app/id6755365206<br>https://play.google.com/store/apps/details?id=cz.csfd.csfdroid<br>;The Saturn Awards (1x)<br>;
206586;Ima, ai ni jukimasu;2004;82.97101449275362;119.0;https://image.pmgstatic.com/cache/resized/w420/files/images/film/posters/163/662/163662607_c4e20c.jpg;https://www.csfd.cz/film/206586-ima-ai-ni-jukimasu/;Japonsko;Fantasy / Romantický / Drama;いま、会いにゆきます;Mia, Takumi a jejich syn Yuji jsou spokojená rodina, dukud Mia nepodlehne nemoci a nezemře. Řekne Yujiovi že půjde po smrti na hvězdu Akaibu a že se vrátí v období dešťů na zemi přesně jak se píše v knize, kterou mu dá. Yuji i manžel Takumi slepě věří že se stane zázrak a její slova se naplní. Když začne období dešťů vydájí se do prostředka lesa k společnému místu, kam chodívali. Slib se naplní a Mia se ocitne na zemi, avšak bez vzpomínek... (Káronoš);30.10.2004 Toho Company;láska, rodina, smrt, matka, manželé, déšť;Nobuhiro Doi;Júko Takeuči, Šidó Nakamura, Júta Hiraoka, Čihiro Ócuka, You, Suzuki Macuo, Kacuo Nakamura, Jósuke Asari, Fumijo Kohinata, Kazuaki Hankai;;https://apps.apple.com/cz/app/id6755365206<br>https://play.google.com/store/apps/details?id=cz.csfd.csfdroid<br>;Hong Kong Film Awards (1x)<br>;
31802;Země dinosaurů;1988;82.48534583821805;70.0;https://image.pmgstatic.com/cache/resized/w420/files/images/film/posters/000/019/19722_b2c912.jpg;https://www.csfd.cz/film/31802-zeme-dinosauru/;USA / Irsko;Animovaný / Dobrodružný / Rodinný / Fantasy;Země dinosaurů 1 - Jak to všechno začalo;Prostřednictvím tohoto kresleného příběhu pro celou rodinu se vydej s dinosauřími kamarády Nožičkou, Sárou, Zobkou, Bodlinkou a Pírkem na báječnou cestu do pravěku. Před dávnými a dávnými časy, v dobách čadících vulkánů a strašlivých zemětřesení, se jeden malý brachosaurus jménem Nožička ocitl úplně sám. Na své cestě do legendárního Velkého údolí se šťavnatou trávou potká čtyři malé dinosauříky, kteří se k němu připojí. A tak začne vzrušující, ale i nebezpečné dobrodružství, během něhož malí kamarádi potkají hladové dravce a jiné překážky. Díky tomu se naučí mnoha novým věcem, jako je pomoc kamarádovi a týmová práce.;18.11.1988 Universal Pictures US;smrt, přátelství, přátelé, děti, matka, rodiče, strach, syn, útěk, zvířata, pátrání, pronásledování, putování, souboje, hory, osamělost, babička, poušť, sirotek, děda, výbuch, jezero, jeskyně, dinosauři, strom, statečnost, déšť, sopka, pravěk, zemětřesení, želvy, žáby, vodopád, tyranosaurus;Don Bluth;Helen Shaver, Pat Hingle, Burke Byrnes, Judith Barsi, Gabriel Damon, Bill Erwin, Candace Hutson, Sven Erik Vikström, Will Ryan;;https://www.skyshowtime.com/cz/stream/movies/zeme-dinosauru/024888cf-7c22-3986-b65c-6ad6df663c60<br>https://srv.clickfuse.com/ads/adclkr.php?id=100006636&url=https://tv.apple.com/cz/movie/the-land-before-time/umc.cmc.6u3b5e89dojwtxbn4g6ih3lao<br>https://www.skyshowtime.com/cz/stream/movies/zeme-dinosauru/024888cf-7c22-3986-b65c-6ad6df663c60<br>https://srv.clickfuse.com/ads/adclkr.php?id=100006636&url=https://tv.apple.com/cz/movie/the-land-before-time/umc.cmc.6u3b5e89dojwtxbn4g6ih3lao<br>https://apps.apple.com/cz/app/id6755365206<br>https://play.google.com/store/apps/details?id=cz.csfd.csfdroid<br>;The Saturn Awards (1x)<br>;
299248;Berserk: Ógon džidai hen I – Haó no tamago;2012;82.35874931431705;77.0;https://image.pmgstatic.com/cache/resized/w420/files/images/film/posters/167/454/167454103_es67so.jpg;https://www.csfd.cz/film/299248-berserk-ogon-dzidai-hen-i-hao-no-tamago/;Japonsko;Animovaný / Akční / Drama / Fantasy;ベルセルク 黄金時代篇Ⅰ 覇王の卵;Narodený z obesenej ženy sa sirota Guts dostáva do výchovy žoldniera. Napriek neľahkému detstvu vyrastie z tohto dieťaťa silný mladík a veľmi schopný bojovník. Jeho sila mu dovoľuje používať aj masívny meč, ktorý presahuje dĺžku dospelého človeka.Pri jednom z mnohých vojnových ťažení spoznáva Cascu a charizmatického Griffitha, vodcu žoldnierskej Skupiny Jastraba a držiteľa záhadného prívesku - Behelit. Guts mu očividne padne do oka a stane sa jedným z nich. Medzi členmi družiny nájde skutočných priateľov a postupom času získa pozíciu ako Griffithova pravá ruka.Toto je iba jedna kapitola príbehu z rozsiahlej manga ságy od autora menom Kentaro Miura. Veľmi temný fantasy príbeh láka stále nových fanúšikov, pretože dej nie je ani po vyše dvadsiatich rokoch od jeho uvedenia v roku 1990 stále uzavretý. V roku 1997 sa Berserk dočkal aj svojho 25 dielneho anime prevedenia, ktoré slávilo tiež veľký úspech. Po približne ďalších pätnástich rokoch sa dostávame opäť k anime, ktoré bude ale na rozdiel od svojho seriálového predchodcu rozdelené do niekoľkých dlhších filmov. Prvý z radu filmov, ktoré majú pokryť dej celej manga predlohy, bude uvedený v roku 2012. Nesie názov Berserk Golden Age Arc I: Egg of the Supreme Ruler a ako jeden z troch filmov nám zachytí časť príbehu „zlatého obdobia“. (Trip);04.02.2012 Warner Bros. JP;přátelství, zbraně, anime, intriky, sny, zrada, válka, monstra, král, středověk, bitva, démoni, princezna, čarodějnictví, žoldáci, osud, proroctví;Tošijuki Kubooka, Kóiči Hacumi;Aki Tojosaki, Nobujuki Kacube, Kazuki Jao, Takahiro Sakurai, Júiči Nakamura, Minako Kotobuki, Kento Fudžinuma, Kenta Mijake, Hiroaki Iwanaga, Hóčú Ócuka;Kentaró Miura;https://apps.apple.com/cz/app/id6755365206<br>https://play.google.com/store/apps/details?id=cz.csfd.csfdroid<br>;;
1116;Anděl zkázy;1962;82.38498789346247;93.0;https://image.pmgstatic.com/cache/resized/w420/files/images/film/posters/162/122/162122081_4e0ee3.jpg;https://www.csfd.cz/film/1116-andel-zkazy/;Mexiko;Komedie / Drama / Fantasy / Mysteriózní;El ángel exterminador;Velký filmový surrealista Luis Buñuel je spoluautorem scénáře a režisérem této temné, hořce vtipné satiry. Skupina lidí ve společenských šatech přijede do elegantně zařízeného domu na večeři. Když se však po jídle hosté přesunou do hudebního pokoje, zjistí, že služebnictvo uteklo, ale oni z nějakého důvodu nemohou odejít. Není zřejmé proč – nejsou zde zamčené dveře ani zamřížovaná okna, která by jim bránila v odchodu – ale hosté jsou přesto přesvědčeni o tom, že jsou zde uvězněni. Ponecháni svému osudu se pomalu proměňují v noblesní barbary, kteří zarazí sekeru do vodovodního potrubí, aby se mohli napít vody, zabijí a snědí ovci, jež měla být součástí večerní zábavy, schovají těla mrtvých hostí ve skříni, koketují s magií a pálí nábytek. Snímek hojně oplývá Buñuelovým suchým, donkichotským humorem. (Cinemax);Na DVD od 03.12.2008 Levné knihy;;Luis Buñuel;Silvia Pinal, Jacqueline Andere, Claudio Brook, José Baviera, Rita Macedo, Augusto Benedico, Antonio Bravo, Enrique García Álvarez, Eric del Castillo, Enrique Rambal;;https://apps.apple.com/cz/app/id6755365206<br>https://play.google.com/store/apps/details?id=cz.csfd.csfdroid<br>;Cannes Film Festival (1x)<br>;Cannes Film Festival (1x)<br>
101403;Darth Maul: Apprentice;2016;82.99300699300699;18.0;https://image.pmgstatic.com/cache/resized/w420/files/images/film/posters/160/580/160580199_93304f.jpg;https://www.csfd.cz/film/101403-darth-maul-apprentice/;Německo;Krátkometrážní / Fantasy / Akční / Sci-Fi;;Skupina Jediů je vylákána nouzovým signálem na odlehlou planetu, kde, jak se ukáže, musí čelit dosud neznámému sithskému lordu. Darth Maul podstupuje svoji závěrečnou zkoušku připravenou Darth Sidiousem, ve které musí prokázat nejen znalost Síly a dovednost v používání světelného meče, ale i demonstrovat, zda v sobě ještě najde špetku soucitu či slitování. (Tony-Z);;zbraně, lež, zrada, souboje, les, Star Wars;Shawn Bu;Mathis Landwehr, Ben Schamma, Svenja Jung, Eskindir Tesfay;;https://apps.apple.com/cz/app/id6755365206<br>https://play.google.com/store/apps/details?id=cz.csfd.csfdroid<br>;;
201014;Koňok - Gorbunok;1947;90.0;54.0;https://image.pmgstatic.com/cache/resized/w420/files/images/film/posters/000/044/44814_4a38bb.jpg;https://www.csfd.cz/film/201014-konik-hrbacik/;Sovětský svaz;Animovaný / Rodinný / Fantasy;Конёк-Горбунок;Za sedmero horami a sedmero moři žili, byli tři bratři. Nestarší byl moudrý, prostřední se neztratil, jen toho nejmladšího považovali všichni za hlupáka. Někdo škodil jejich poli, obilí vždy přes noc, uváleno celé bylo. I vydali se bratři pole hlídat, a že ti dva starší měli pod čepicí, poslali nejmladšího Ivana, aby kolem lánu chodil, a sami zatím, do stohu se natáhli. Té noci však Ivana potkalo štěstí, o kterém si teď vyslechněte pohádku. (dopitak);;koně;Ivan Ivanov-Vano;Valentina Sperantova;Pjotr Jeršov;https://apps.apple.com/cz/app/id6755365206<br>https://play.google.com/store/apps/details?id=cz.csfd.csfdroid<br>;;
345734;V hlavě;2015;81.61938088829072;95.0;https://image.pmgstatic.com/cache/resized/w420/files/images/film/posters/159/931/159931165_be2491.jpg;https://www.csfd.cz/film/345734-v-hlave/;USA;Animovaný / Fantasy / Dobrodružný / Komedie / Drama / Rodinný;Inside Out;Období dospívání může být velice komplikované, a Riley, která je vytržena ze svého starého života na americkém Středozápadu poté, co se její otec musí kvůli novému zaměstnání přestěhovat do San Francisca, není žádnou výjimkou. Stejně jako my všichni, i Riley je ovládána svými emocemi – Radostí (Amy Poehler), Strachem (Bill Hader), Hněvem (Lewis Black), Znechucením (Mindy Kaling) a Smutkem (Phyllis Smith). Emoce žijí v Řídícím centru, centrále uvnitř Rileyiny mysli, odkud jí pomáhají vypořádat se s nástrahami všedních dní. Jak se Riley se svými emocemi společně pokoušejí vyrovnat s problémy nových začátků v San Franciscu, propuká v Řídícím centru zmatek. Ačkoliv se Radost, Rileyina hlavní a nejdůležitější emoce, pokouší zachovat všem pozitivní myšlení, objevují se mezi jednotlivými emocemi neshody v tom, jak se co nejlépe vypořádat s novým městem, domovem a školou. (Falcon);19.06.2015 Walt Disney US;láska, rodina, přátelství, dívka, otec, matka, rodiče, strach, dcera, chlapec, škola, vzpomínky, dospívání, sny, deprese, stěhování, San Francisco;Pete Docter, Ronnie Del Carmen;Diane Lane, Amy Poehler, Mindy Kaling, Bill Hader, Kyle MacLachlan, Phyllis Smith, Lewis Black, Richard Kind, Jess Harnell, Carlos Alazraqui;;https://srv.tunefindforfans.com/showads/track/srvclk.php?aid=100006796&lp=https://www.disneyplus.com/en-cz/browse/entity-d4b87168-7d0b-49bc-b138-457ab7723feb<br>https://srv.clickfuse.com/ads/adclkr.php?id=100006636&url=https://tv.apple.com/cz/movie/inside-out/umc.cmc.e8rnwzv7klnnt9d5gq9m45nv<br>https://www.youtube.com/watch?v=y_dGItTAU1c<br>/novinky/9081-u-disneyho-predstavili-radu-novinek/<br>/novinky/9081-u-disneyho-predstavili-radu-novinek/<br>/novinky/9081-u-disneyho-predstavili-radu-novinek/<br>/novinky/8372-disney-oznamilo-kupu-animaku-a-taky-vyhazovy/<br>/novinky/8372-disney-oznamilo-kupu-animaku-a-taky-vyhazovy/<br>/novinky/8372-disney-oznamilo-kupu-animaku-a-taky-vyhazovy/<br>https://srv.tunefindforfans.com/showads/track/srvclk.php?aid=100006796&lp=https://www.disneyplus.com/en-cz/browse/entity-d4b87168-7d0b-49bc-b138-457ab7723feb<br>https://srv.clickfuse.com/ads/adclkr.php?id=100006636&url=https://tv.apple.com/cz/movie/inside-out/umc.cmc.e8rnwzv7klnnt9d5gq9m45nv<br>https://www.youtube.com/watch?v=y_dGItTAU1c<br>http://movies.disney.com/inside-out/<br>https://apps.apple.com/cz/app/id6755365206<br>https://play.google.com/store/apps/details?id=cz.csfd.csfdroid<br>;Academy Awards (1x)<br>British Academy of Film and Television Arts (BAFTA) (1x)<br>Robert Awards (Danish Film Awards) (1x)<br>Critics Choice Awards (2x)<br>Florida Film Critics Circle Awards (1x)<br>Los Angeles Film Critics Association Awards (1x)<br>;Academy Awards (1x)<br>British Academy of Film and Television Arts (BAFTA) (1x)<br>Golden Globes (1x)<br>Critics Choice Awards (1x)<br>Florida Film Critics Circle Awards (1x)<br>New York Film Critics Circle Awards (1x)<br>The Saturn Awards (1x)<br>
5982;Ať žijí duchové!;1977;81.61169652265542;80.0;https://image.pmgstatic.com/cache/resized/w420/files/images/film/posters/166/616/166616620_8fc278.jpg;https://www.csfd.cz/film/5982-at-ziji-duchove/;Československo;Rodinný / Komedie / Muzikál / Fantasy;Nech žijú duchovia!;Hrdiny veselé dětské hudební komedie jsou chlapci a děvčata, kteří vytáhnou do boje proti některým dospělým ze své obce, když chtějí proměnit starý hrad v zemědělský objekt. Za vydatné pomoci duchů, rytíře Viléma Brtníka z Brtníku a jeho dcerky Leontýnky obývajících zchátralý objekt, a mnoha trpaslíků, které rytíř přivolal, se jim podaří dosáhnout cíle - hrad je opraven a předán do péče dětí. Z Leontýnky, která si stěžuje na osud nesmrtelných bytostí, se díky kopretině darované Dlouhým Jendou z lásky stane normální dívka...;01.11.1977 Ústřední půjčovna filmů;rodina, tajemství, otec, děti, rodiče, mládež, záhady, dcera, venkov, vesnice, duchové, hrad, přízrak, rytíři, trpaslíci;Oldřich Lipský;Dana Vávrová, Jiří Procházka, Jiří Sovák, Vlastimil Brodský, Lubomír Lipský st., Věra Tichánková, Petr Starý, Igor Nachtigal, David Vlček, Tomáš Holý;;https://www.iprima.cz/filmy/at-ziji-duchove?utm_source=csfd&utm_medium=section_vod&utm_campaign=link_exchange<br>https://www.youtube.com/watch?v=_AQvCoIoNFc<br>https://www.iprima.cz/filmy/at-ziji-duchove?utm_source=csfd&utm_medium=section_vod&utm_campaign=link_exchange<br>https://www.youtube.com/watch?v=_AQvCoIoNFc<br>https://apps.apple.com/cz/app/id6755365206<br>https://play.google.com/store/apps/details?id=cz.csfd.csfdroid<br>;;
374525;Thor: Ragnarok;2017;81.60653945537666;130.0;https://image.pmgstatic.com/cache/resized/w420/files/images/film/posters/162/072/162072169_579988.jpg;https://www.csfd.cz/film/374525-thor-ragnarok/;USA / Austrálie;Akční / Dobrodružný / Fantasy / Sci-Fi / Komedie;Thor: Ragnarok;Thor je uvězněn na opačném konci vesmíru bez svého mocného kladiva a je nucen pustit se do závodu s časem, aby se vrátil včas do Asgardu a zastavil Ragnarok - zkázu svého domova a konec asgardské civilizace - který se snaží rozpoutat mocný nový nepřítel, nemilosrdná Hela. Předtím ale musí přežít smrtící gladiátorskou soutěž, v níž se ocitá tváří v tvář svému bývalému spojenci z řad Avengers - neuvěřitelnému Hulkovi. (Falcon);03.11.2017 Walt Disney US;smrt, otec, pomsta, souboje, bratři, podle komiksu, vesmír, superhrdina, zlo, bitva, vesmírná loď, Marvel Comics, 3D, bohové, Marvel Cinematic Universe (MCU), gladiátoři, Hulk, Thor (Marvel Comics), Loki (Marvel Comics), Avengers, Valkyrie (Marvel Comics);Taika Waititi;Chris Hemsworth, Tom Hiddleston, Mark Ruffalo, Cate Blanchett, Tessa Thompson, Idris Elba, Jeff Goldblum, Anthony Hopkins, Karl Urban, Zachary Levi;Stan Lee, Larry Lieber, Jack Kirby;https://srv.clickfuse.com/ads/adclkr.php?id=100006636&url=https://tv.apple.com/cz/movie/thor-ragnarok/umc.cmc.5f4fq6k3njmustywcg5jld7im<br>https://srv.clickfuse.com/ads/adclkr.php?id=100006636&url=https://tv.apple.com/cz/movie/thor-ragnarok/umc.cmc.5f4fq6k3njmustywcg5jld7im<br>https://apps.apple.com/cz/app/id6755365206<br>https://play.google.com/store/apps/details?id=cz.csfd.csfdroid<br>;Critics Choice Awards (3x)<br>The Saturn Awards (2x)<br>;
135983;Karlík a továrna na čokoládu;2005;81.58137372641693;115.0;https://image.pmgstatic.com/cache/resized/w420/files/images/film/posters/159/527/159527741_9186a7.jpg;https://www.csfd.cz/film/135983-karlik-a-tovarna-na-cokoladu/;USA / Velká Británie / Austrálie;Fantasy / Rodinný / Muzikál / Dobrodružný / Komedie;Charlie and the Chocolate Factory;Karlík Bucket žije se svými rodiči a prarodiči v polorozpadlém domku. Jsou chudí, ale milují se a nedali by jeden na druhého dopustit. Nedaleko se nachází obří továrna na čokoládu, kde kdysi Karlíkův děda pracoval a poznal osobně samotného majitele Willyho Wonku. Karlík, který miluje čokoládu má sen se do továrny jednou podívat, ale to se zdá celkem nemožné až do té doby, kdy Willy Wonka vyhlásí soutěž, jejíž pět dětských vítězů z celého světa bude moct strávit jeden den v továrně. Stačí jen v jedné z čokolád najít zlatý kupon... (TV Nova);29.07.2005 Warner Bros. UK;podle knihy, muž, rodina, přátelství, přátelé, dívka, tajemství, otec, děti, matka, rodiče, mládež, záhady, touha, syn, chlapec, Vánoce, sny, rivalita, kamarádi, naděje, chudoba, soutěž, babička, děda, vnoučata, továrna, vynálezce, sobectví, vynález, čokoláda;Tim Burton;Freddie Highmore, Johnny Depp, Helena Bonham Carter, James Fox, David Kelly, Christopher Lee, Deep Roy, Jordan Fry, Phillip Wiegratz, Missi Pyle;Roald Dahl;https://srv.clickfuse.com/ads/adclkr.php?id=100006636&url=https://tv.apple.com/cz/movie/charlie-and-the-chocolate-factory/umc.cmc.3mo8p5peoquw0aniinm2ht3ai<br>/novinky/6443-waititi-netflix-a-knihy-roalda-dahla/<br>/novinky/6443-waititi-netflix-a-knihy-roalda-dahla/<br>/novinky/6443-waititi-netflix-a-knihy-roalda-dahla/<br>https://srv.clickfuse.com/ads/adclkr.php?id=100006636&url=https://tv.apple.com/cz/movie/charlie-and-the-chocolate-factory/umc.cmc.3mo8p5peoquw0aniinm2ht3ai<br>https://apps.apple.com/cz/app/id6755365206<br>https://play.google.com/store/apps/details?id=cz.csfd.csfdroid<br>;Academy Awards (1x)<br>British Academy of Film and Television Arts (BAFTA) (4x)<br>Amanda Awards (1x)<br>Golden Globes (1x)<br>Critics Choice Awards (1x)<br>The Saturn Awards (4x)<br>;Critics Choice Awards (1x)<br>
334596;Příběh o princezně Kaguje;2013;82.3047619047619;137.0;https://image.pmgstatic.com/cache/resized/w420/files/images/film/posters/159/727/159727772_535417.jpg;https://www.csfd.cz/film/334596-pribeh-o-princezne-kaguje/;Japonsko;Animovaný / Fantasy / Drama;Příběh princezny Kaguji(festivalový název);Báje o princezně Kaguje představuje jednu z nejzásadnějších literárních klasik japonské kultury. Pojednává o nebeské princezně, kterou v podobě maličké holčičky najde starý sběrač bambusu uvnitř zářícího stonku. Spolu se svou ženou ji vychová jako vlastní dceru. Rychle rostoucí dívka dospěje do krásy, ale z bezstarostných radostí dětství ji vytrhne otcova ambice zajistit jí dokonalý život a udělat z ní dvorní dámu. Její srdce, spoutané povinnostmi a snahou dostát očekáváním, ale touží po něčem zcela jiném. Spoluzakladatel studia Ghibli Isao Takahata vytvořil srdcebolnou oslavu nádhery i stesku života. (Aerofilms);23.11.2013 Toho Company;láska, rodina, smrt, přátelství, přátelé, dívka, děti, rodiče, manželé, město, touha, útěk, chlapec, anime, venkov, hudba, únos, podvod, les, dům, svatba, hory, chudoba, šlechta, legenda, princ, adopce, amnézie, bohové, přání, zahrada, Měsíc, Buddhismus;Isao Takahata;Aki Asakura, Kengo Kóra, Tacuja Nakadai, Takeo Čii, Rjúdó Uzaki, Šičinosuke Nakamura, Isao Hašizume, Tomoko Tabata, Nobuko Mijamoto, Takaja Kamikawa;;https://www.netflix.com/title/80013552<br>https://www.netflix.com/title/80013552<br>https://apps.apple.com/cz/app/id6755365206<br>https://play.google.com/store/apps/details?id=cz.csfd.csfdroid<br>;Academy Awards (1x)<br>The Saturn Awards (1x)<br>Melbourne International Film Festival (MIFF) (1x)<br>;Los Angeles Film Critics Association Awards (1x)<br>
1119894;Suzume;2022;81.90060076460951;122.0;https://image.pmgstatic.com/cache/resized/w420/files/images/film/posters/167/640/167640449_lz5ycn.jpg;https://www.csfd.cz/film/1119894-suzume/;Japonsko;Animovaný / Akční / Dobrodružný / Fantasy;Suzume no todžimari;„Suzume“ je příběh o dospívání sedmnáctileté hlavní hrdinky jménem Suzume, odehrávající se na různých místech Japonska postižených přírodními katastrofami, kde musí tato dívka zavřít dveře, které tuto zkázu způsobují.Suzumina cesta začíná v poklidném městečku na ostrově Kjúšú (na jihozápadě Japonska), kdese setká s mladíkem, který jí řekne: „Hledám dveře.“ Suzume najde osamělé vybledlé dveře stojící vzpřímeně uprostřed trosek, jako by byly chráněny před katastrofou, k níž tam došlo. Suzume, již očividně přitahuje jejich síla, sáhne po klice… Dveře se v Japonsku začínají otevírat jedny po druhých a vrhají zkázu na všechny v jejich blízkosti. Suzume musí tyto portály zavřít, aby zabránila další katastrofě. (Falcon);11.11.2022 Toho Company;láska, anime, Japonsko;Makoto Šinkai;Hokuto Macumura, Nanoka Hara, Eri Fukacu, Hakuó Macumoto II, Šóta Sometani, Sairi Itó, Kotone Hanase, Kana Hanazawa, Rjúnosuke Kamiki, Aimi;;https://www.netflix.com/title/81696498<br>https://www.netflix.com/title/81696498<br>https://apps.apple.com/cz/app/id6755365206<br>https://play.google.com/store/apps/details?id=cz.csfd.csfdroid<br>;Golden Globes (1x)<br>Florida Film Critics Circle Awards (1x)<br>The Saturn Awards (1x)<br>Berlinale (Berlin International Film Festival) (1x)<br>;
10199;Duch;1990;81.44308560677328;127.0;https://image.pmgstatic.com/cache/resized/w420/files/images/film/posters/159/527/159527693_7aba87.jpg;https://www.csfd.cz/film/10199-duch/;USA;Drama / Romantický / Thriller / Fantasy;Duch;Lehce komediální melodrama je kombinováno s detektivní zápletkou. Mladý newyorský bankovní úředník Sam (Patrick Swayze) začne žít s výtvarnicí Molly (Demi Moore). Jejich počínající šťastný život je však přerván Samovou násilnou smrtí, když jej na ulici zastřelí neznámý poberta. Ale Sam nemůže milovanou dívku opustit, a tak ji provází životem alespoň jako duch. Ze záhrobí naváže spojení se světem živých prostřednictvím bizarního média, kterým je černoška Oda Mae (Whoopi Goldberg).;13.07.1990 Paramount Pictures;láska, žena, smrt, přátelství, přátelé, vražda, násilí, dívka, tajemství, město, záhady, touha, útěk, vyšetřování, ženy, pátrání, pomsta, peníze, manipulace, lež, intriky, pronásledování, sny, zločin, zrada, boj o přežití, vášeň, podvod, kamarádi, mrtvola, vztahy, bolest, kriminalita, smutek, trauma, nenávist, tragédie, naděje, krádež, zloděj, zabijáci, umírání, loupež, žárlivost, New York, duchové, chamtivost, romance, nájemný vrah, stěhování, paranormální jevy, závist, vztek, emoce, banka, sobectví, podvodníci, podzemí, metro, něha, posmrtný život, nebe, médium, věštkyně;Jerry Zucker;Patrick Swayze, Demi Moore, Tony Goldwyn, Whoopi Goldberg, Vincent Schiavelli, Said Faraj, Phil Leeds, Mike Jittlov, Stephen Root, Rick Aviles;;https://srv.clickfuse.com/ads/adclkr.php?id=100006636&url=https://tv.apple.com/cz/movie/ghost/umc.cmc.3rtnrt23sub4j8tspcg5xyr72<br>https://www.youtube.com/watch?v=eE512aX6fbk<br>https://srv.clickfuse.com/ads/adclkr.php?id=100006636&url=https://tv.apple.com/cz/movie/ghost/umc.cmc.3rtnrt23sub4j8tspcg5xyr72<br>https://www.youtube.com/watch?v=eE512aX6fbk<br>https://apps.apple.com/cz/app/id6755365206<br>https://play.google.com/store/apps/details?id=cz.csfd.csfdroid<br>;Academy Awards (3x)<br>British Academy of Film and Television Arts (BAFTA) (3x)<br>Golden Globes (3x)<br>The Saturn Awards (6x)<br>;Academy Awards (2x)<br>British Academy of Film and Television Arts (BAFTA) (1x)<br>Golden Globes (1x)<br>The Saturn Awards (3x)<br>
232938;Hobit: Neočekávaná cesta;2012;81.41516349263385;169.0;https://image.pmgstatic.com/cache/resized/w420/files/images/film/posters/165/520/165520068_d9d1ee.jpg;https://www.csfd.cz/film/232938-hobit-neocekavana-cesta/;USA / Nový Zéland;Dobrodružný / Fantasy;The Hobbit: An Unexpected Journey;Film sleduje cestu hlavní postavy Bilbo Pytlíka, který se ocitne na dobrodružné výpravě. Cílem cesty je si znovu nárokovat ztracené trpasličí království Erebor. Bilba nečekaně osloví čaroděj Gandalf Šedý, díky kterému se ocitne ve společnosti třinácti trpaslíků v čele s legendárním bojovníkem Thorinem. Cesta do divočiny vede přes tajemné země, kde se to hemží zlobry, skřety a kouzelníky. Ačkoliv cíl jejich výpravy - Osamělá hora, leží na Východě, musí projít nejdříve jeskynním systémem, kde Bilbo potká někoho, kdo mu navždy změní život…Gluma. Skromný Bilbo Pytlík pak sám s Glumem na břehu podzemního jezera objeví nejen hloubku lstivosti a odvahy, která překvapí i jeho samotného, ale také získá do svého vlastnictví Glumův prsten „miláška“, který má nečekané a užitečné možnosti... Jednoduchý zlatý prsten je spojen s osudem celé Středozemě takovým způsobem, jaký Bilbo nemůže zatím ani tušit.;14.12.2012 Warner Bros. US;podle knihy, putování, kouzla, magie, draci, čarodějové, Wilhelm scream, pavouci, elfové, trpaslíci, trollové, skřeti;Peter Jackson;Martin Freeman, Ian McKellen, Richard Armitage, Ken Stott, Graham McTavish, William Kircher, James Nesbitt, Stephen Hunter, Dean O'Gorman, Aidan Turner;J.R.R. Tolkien;/tvurce/551173-ruby-ashbourne-serkis/prehled/<br>https://www.hbomax.com/cz/en/movies/hobbit-an-unexpected-journey/20084529-4f8d-4859-905d-c76a2b71f883<br>https://srv.clickfuse.com/ads/adclkr.php?id=100006636&url=https://tv.apple.com/cz/movie/the-hobbit-an-unexpected-journey/umc.cmc.26cnqi19l1k0z2y9g7udtvfbz<br>https://www.youtube.com/watch?v=TlV8OlEEh5g<br>https://sledovanitv.cz/epg/event/HBO2:202602237c2d20bd2876abc8a0f6594e69a7f5e9<br>https://www.hbomax.com/cz/en/movies/hobbit-an-unexpected-journey/20084529-4f8d-4859-905d-c76a2b71f883<br>https://srv.clickfuse.com/ads/adclkr.php?id=100006636&url=https://tv.apple.com/cz/movie/the-hobbit-an-unexpected-journey/umc.cmc.26cnqi19l1k0z2y9g7udtvfbz<br>https://www.youtube.com/watch?v=TlV8OlEEh5g<br>https://sledovanitv.cz/epg/event/HBO2:202602237c2d20bd2876abc8a0f6594e69a7f5e9<br>https://apps.apple.com/cz/app/id6755365206<br>https://play.google.com/store/apps/details?id=cz.csfd.csfdroid<br>;Academy Awards (3x)<br>British Academy of Film and Television Arts (BAFTA) (3x)<br>Critics Choice Awards (4x)<br>The Saturn Awards (8x)<br>;The Saturn Awards (1x)<br>
178092;Ramayana: Legenda o princi Ramovi;1992;84.0;136.0;https://image.pmgstatic.com/cache/resized/w420/files/images/film/posters/161/113/161113353_4a7a46.png;https://www.csfd.cz/film/178092-ramayana-legenda-o-princi-ramovi/;Indie / Japonsko;Animovaný / Fantasy / Dobrodružný / Drama / Romantický;Ramayana: The Legend of Prince Rama;Film podle starověkého indického eposu Rámájana vypráví příběh prince Rámy. Ve filmu je zahrnuto všech sedm dílů eposu počínaje princovým mládím a jeho svatbou se Sítou, přes jeho lesní vyhnanství a únos Síty, setkání s Hanumánem a opičím lidem, až po boj na ostrově Lanka.Ačkoliv děj musí být často zkracován, jsou ve filmu obsaženy všechny hlavní události eposu a díky animované formě je film vhodný i pro mladší díváky, aby se seznámili s tradičním indickým dílem. (Tamten);;manželé, únos, svatba, král, démoni, legenda, mytologie, princ, opice;Yugo Sako, Ikkó Kobajaši;James Earl Jones, Shatrughan Sinha, Mari Devon, Shakti Singh;Válmíki;https://apps.apple.com/cz/app/id6755365206<br>https://play.google.com/store/apps/details?id=cz.csfd.csfdroid<br>;;
195299;Psí poslání;2017;81.40214878280973;100.0;https://image.pmgstatic.com/cache/resized/w420/files/images/film/posters/161/333/161333878_576bbe.jpg;https://www.csfd.cz/film/195299-psi-poslani/;USA / Indie;Dobrodružný / Rodinný / Komedie / Drama / Fantasy;A Dog's Purpose;Film režiséra Lasse Hallströma Psí poslání vypráví cituplný a překvapivý příběh jednoho věrného psa (namluvil Josh Gad), který nachází smysl své existence prostřednictvím životů lidí, které učí smát se a milovat. Během pěti desetiletí nás jeden hlas, hlas neúnavného psa, zavede na strhující a povznášející cestu, na které promlouvá k srdci všech lidí, kteří kdy milovali nějaké zvíře. Přestože se během těch let postupně reinkarnuje do několika psů různých ras, je to jeho pevné pouto se spřízněnou duší jménem Ethan, které přenáší a inspiruje jednoho psa na jeho cestě za nalezením vlastního poslání a skutečného smyslu existence a pro svého chlapce. (Freeman Ent.);27.01.2017 Universal Pictures US;podle knihy, láska, rodina, psi, osud, reinkarnace;Lasse Hallström;Britt Robertson, Dennis Quaid, Josh Gad, Peggy Lipton, Juliet Rylance, John Ortiz, Luke Kirby, Gabrielle Rose, Caroline Cave, Nicole LaPlaca;W. Bruce Cameron;https://srv.clickfuse.com/ads/adclkr.php?id=100006636&url=https://tv.apple.com/cz/movie/a-dogs-purpose/umc.cmc.2muwewsonx2jitxmneramxu97<br>https://www.youtube.com/watch?v=FuxE6WJUNo0<br>https://srv.clickfuse.com/ads/adclkr.php?id=100006636&url=https://tv.apple.com/cz/movie/a-dogs-purpose/umc.cmc.2muwewsonx2jitxmneramxu97<br>https://www.youtube.com/watch?v=FuxE6WJUNo0<br>https://apps.apple.com/cz/app/id6755365206<br>https://play.google.com/store/apps/details?id=cz.csfd.csfdroid<br>;;
8787;Zamilované maso;1989;81.76264396594893;1.0;https://image.pmgstatic.com/cache/resized/w420/files/images/film/posters/164/304/164304235_d9d759.jpg;https://www.csfd.cz/film/8787-zamilovane-maso/;Velká Británie / USA / Západní Německo;Krátkometrážní / Komedie / Romantický / Fantasy;Meat Love;Minútový snímok netradičnej lásky, ktorá tak rýchlo ako začala aj končí. Švankmajer ani nemôže byť viac švankmajerovskejší. Hudba z rádia, tanec a vášeň milencov, sex v tanieri s múkou v podaní dvoch plátkov zamilovaného mäsa... Život je niekedy príliš krátky a preto ho treba naplno využiť. (m4k);;láska, sex, jídlo;Jan Švankmajer;;;http://www.youtube.com/watch?v=UQkWrZw05P4&feature=related<br>https://apps.apple.com/cz/app/id6755365206<br>https://play.google.com/store/apps/details?id=cz.csfd.csfdroid<br>;;
861424;Gekidžóban Kimecu no Jaiba: Mugen Rešša Hen;2020;82.32613908872902;117.0;https://image.pmgstatic.com/cache/resized/w420/files/images/film/posters/164/488/164488069_349bc2.jpg;https://www.csfd.cz/film/861424-gekidzoban-kimecu-no-jaiba-mugen-ressa-hen/;Japonsko;Animovaný / Akční / Fantasy / Komedie;劇場版　鬼滅の刃　無限列車編;Počet obětí tajemných zmizení lidí na palubě jednoho pravidelného linkového vlaku se nebývale zvedl, což nemohlo ujít pozornosti organizace zabijáků démonů. Ovšem předchozí snaha o vyšetření celé situace, doplněná vysláním několika lovců, nevedla k žádnému výsledku a skončila pouze dalším krveprolitím a lidskou smrtí. Proto byl nyní na cestu vyslán Kyoujurou Rengoku, samotný ohnivý pilíř Hashirů, nejsilnějších bojovníků celé organizace, aby učinil tomuto řádění přítrž. Jako doprovod mu byla vybrána trojice nadějných nováčků: Tanjirou Kamado, Zenitsu Agatsuma a Inosuke Hashibira. Ti věří, že budou mít možnost se něčemu přiučit od tohoto vzorového lovce démonů. Aniž by to však při nástupu do vlaku věděli, tak síla ukrytá za těmito útoky již dala do pohybu svůj strašlivý plán, díky kterému chce zabít všech dvě stě pasažérů včetně lovců samotných... (Jeoffrey);16.10.2020 Toho Company;anime, podle mangy;Haruo Sotozaki;Nacuki Hanae, Akari Kitó, Hiro Šimono, Satoši Hino, Jošicugu Macuoka, Júja Hirose, Daisuke Hirakawa, Akira Išida, Tomokazu Sugita, Ken'iči Suzumura;Kojoharu Gotóge;https://apps.apple.com/cz/app/id6755365206<br>https://play.google.com/store/apps/details?id=cz.csfd.csfdroid<br>;;
1122159;Džudžucu kaisen 0;2021;82.49641319942612;105.0;https://image.pmgstatic.com/cache/resized/w420/files/images/film/posters/165/934/165934984_a348e0.jpg;https://www.csfd.cz/film/1122159-dzudzucu-kaisen-0/;Japonsko;Animovaný / Akční / Fantasy;Gekijouban Jujutsu Kaisen 0;16letý Yuuta je zatížen monstrózním prokletím. Jeho situace přitahuje pozornost kouzelníka Goja Satoru. Ten v Yuutovi vidí obrovský potenciál a doufá, že mu pomůže přeměnit jeho smrtící břemeno v prospěšnou sílu. Ovšem Yuuta upoutal i pozornost kouzelníka Geta Suguru, jenž v jeho síle vidí možnost genocidy. (mikki089);24.12.2021 Toho Company;anime, podle mangy;Song-hu Park;Júiči Nakamura, Takahiro Sakurai, Megumi Ogata, Micuo Iwata, Kóki Učijama, Kana Hanazawa, Tomokazu Seki, Mikako Komacu, Risae Macuda, Sacumi Macuda;Gege Akutami;https://www.netflix.com/title/81602834<br>https://www.netflix.com/title/81602834<br>https://apps.apple.com/cz/app/id6755365206<br>https://play.google.com/store/apps/details?id=cz.csfd.csfdroid<br>;;
346886;Malý princ;2015;81.33050040295993;106.0;https://image.pmgstatic.com/cache/resized/w420/files/images/film/posters/160/340/160340975_b58460.jpg;https://www.csfd.cz/film/346886-maly-princ/;Francie;Animovaný / Fantasy;Le Petit Prince;Od Marka Osborna, režiséra Kung Fu Pandy, přichází první celovečerní animovaná adaptace slavného díla o přátelství, lásce a skutečném štěstí. Ústřední postavou je malá holčička, kterou se její maminka snaží připravit na skutečný svět dospělých. Její plán naruší trochu excentrický, leč dobrosrdečný soused, letec, který holčičce představí neobyčejný svět, jenž mu před dávnou dobou představil Malý princ. Ve světě, kde vše je možné, začne pro malou holčičku kouzelná cesta uvnitř vlastní představivosti, na které znovuobjeví své dětství a zjistí, že skutečně můžeme vidět jen srdcem. (A-Company CZ);29.07.2015 Paramount Pictures FR;podle knihy, muž, přátelství, přátelé, dívka, děti, matka, mládež, dcera, vzpomínky, stáří, chamtivost, sousedi, surrealismus, prázdniny, princ, piloti, 3D, stop motion animace;Mark Osborne;Jeff Bridges, Mackenzie Foy, Rachel McAdams, Marion Cotillard, Riley Osborne, James Franco, Bud Cort, Benicio Del Toro, Ricky Gervais, Albert Brooks;Antoine de Saint-Exupéry;https://apps.apple.com/cz/app/id6755365206<br>https://play.google.com/store/apps/details?id=cz.csfd.csfdroid<br>;The Saturn Awards (1x)<br>;César Awards (1x)<br>
33799;Žlutá ponorka;1968;81.6078753076292;90.0;https://image.pmgstatic.com/cache/resized/w420/files/images/film/posters/164/294/164294152_dd36ec.jpg;https://www.csfd.cz/film/33799-zluta-ponorka/;Velká Británie / USA;Animovaný / Fantasy / Hudební / Komedie;Yellow Submarine;Modří mizerové vyhlásili městu Pepřenii válku a poslali hrozivou modrou rukavici, aby zničila vše dobré. Kapitán Fred požádá o pomoc členy skupiny Beatles - Johna, Paula, Ringa a George. Ti s ním proplouvají se s svou žlutou ponorkou oceánem plným nástrah a nebezpečí. Mají jediný cíl - svrhnout modré ničemy a nastolit mír. Jedná se o barevný animovaný snímek, ve kterém nakonec hudba porazí zlo. (Adam_Musil);08.07.2018 Picturehouse Entertainment;město, hudba, moře, válka, kapela, ponorky;George Dunning;John Lennon, Paul McCartney, George Harrison, Ringo Starr, Dick Emery;;https://srv.clickfuse.com/ads/adclkr.php?id=100006636&url=https://tv.apple.com/cz/movie/yellow-submarine/umc.cmc.66x1u0zuk1m6lt1m0zhteha2h<br>https://srv.clickfuse.com/ads/adclkr.php?id=100006636&url=https://tv.apple.com/cz/movie/yellow-submarine/umc.cmc.66x1u0zuk1m6lt1m0zhteha2h<br>https://apps.apple.com/cz/app/id6755365206<br>https://play.google.com/store/apps/details?id=cz.csfd.csfdroid<br>;;
312352;Lásky čas;2013;81.24529641462549;123.0;https://image.pmgstatic.com/cache/resized/w420/files/images/film/posters/157/954/157954228_8232d5.jpg;https://www.csfd.cz/film/312352-lasky-cas/;Velká Británie;Fantasy / Romantický / Drama;About Time;"Tim (Domhnall Gleeson) je naprosto obyčejný nesmělý jednadvacetiletý Brit, který má starostlivou matku, potrhlou sestru, úžasného otce (Bill Nighy) a žádnou holku. To se má brzy změnit, jelikož Tim právě dozrál do věku, kdy mu tatínek prozradí rodové tajemství. Všichni mužští členové tohoto rodu totiž mohou tak trochu cestovat v čase. „Tak trochu"" v tomto případě znamená, že se můžou vracet jen do minulosti, k událostem, které oni sami prožili. Stačí zajít do nějakého tmavého koutu, zavřít oči, sevřít pěsti a jste tam, kde jste si přáli být. Tim se okamžitě rozhodne využít téhle dovednosti k tomu nejdůležitějšímu, co člověk jeho věku potřebuje. Tedy k holce, pokud možno hezké, chytré, hodné a lačné po sexu. Ta Timova se jmenuje Mary (Rachel McAdams) a jejich vztah je dokonalý, protože všechny nedokonalosti Tim pokaždé napraví. Ovšem ani s takovou schopností nemůžete život obehrávat donekonečna, zvlášť když je to prevít, který vám připravuje jedno nelehké dilema za druhým. S každým návratem totiž přijdete o všechno, co jste do té doby prožili. A to někdy hodně mrzí. (CinemArt)";04.09.2013 Universal Pictures UK;láska, žena, rodina, tajemství, otec, rodiče, manželé, syn, vzpomínky, sourozenci, dospívání, dilema, svatba, nehoda, párty, cestování časem, Silvestr;Richard Curtis;Domhnall Gleeson, Rachel McAdams, Bill Nighy, Lydia Wilson, Lindsay Duncan, Richard Cordery, Joshua McGuire, Tom Hollander, Margot Robbie, Will Merrick;;https://srv.clickfuse.com/ads/adclkr.php?id=100006636&url=https://tv.apple.com/cz/movie/about-time/umc.cmc.2vfd635fg0hxxlsqcetlzw8mp<br>https://srv.clickfuse.com/ads/adclkr.php?id=100006636&url=https://tv.apple.com/cz/movie/about-time/umc.cmc.2vfd635fg0hxxlsqcetlzw8mp<br>https://apps.apple.com/cz/app/id6755365206<br>https://play.google.com/store/apps/details?id=cz.csfd.csfdroid<br>;The Saturn Awards (3x)<br>;San Sebastián International Film Festival (1x)<br>
10997;Poslední jednorožec;1982;81.40375260597638;92.0;https://image.pmgstatic.com/cache/resized/w420/files/images/film/posters/157/908/157908848_426f52.jpg;https://www.csfd.cz/film/10997-posledni-jednorozec/;USA / Velká Británie / Japonsko;Animovaný / Pohádka / Fantasy;The Last Unicorn;Na světě odjakživa žili jednorožci, ale teď se zdá, že je tu jen jeden poslední. Ten ale nechce uvěřit, že už nemá žádné druhy a tak putuje světem, aby aspoň jednoho našel. Cestou potkává nadaného kouzelníka Schmendricka, který se vydává pátrat společně s ním. Podaří se jim zjistit, že všechny jednorožce vězní zlý král Haggard, který je nechává hlídat obrovským rudým býkem. Bude těžké je osvobodit, ale jednorožec s kouzelníkem to musí dokázat. (Kinoaero.cz);Na DVD od 27.09.2008 Vapet production;jednorožec;Jules Bass, Arthur Rankin Jr.;Robert Klein, Alan Arkin, Jeff Bridges, Mia Farrow, Angela Lansbury, Christopher Lee, Keenan Wynn, René Auberjonois, Brother Theodore, Paul Frees;Peter S. Beagle;https://apps.apple.com/cz/app/id6755365206<br>https://play.google.com/store/apps/details?id=cz.csfd.csfdroid<br>;The Saturn Awards (1x)<br>;
28477;Zázrak v New Yorku;1947;81.83889340927583;96.0;https://image.pmgstatic.com/cache/resized/w420/files/images/film/posters/168/316/168316961_c8u8at.jpg;https://www.csfd.cz/film/28477-zazrak-v-new-yorku/;USA;Komedie / Drama / Rodinný / Fantasy;Zázrak na 34. ulici;Santa Claus zosobňuje nejkouzelnější postavu dětství. Dokáže probudit víru v zázraky, lidskost a splněná přání i v srdcích dospělých? ... Zázrak na 34. ulici neodmyslitelně patří mezi nejpůsobivější a nejikoničtější vánoční filmy všech dob. Srdce diváků si získal nadčasovým poselstvím, že víra v zázraky, laskavost a dobrou vůli má ve světě stále své místo. Nestárnoucí příběh začíná během slavného vánočního průvodu obchodního domu Macy’s v New Yorku, kde za opilého muže v kostýmu Santa Clause na poslední chvíli na žádost organizátorky průvodu Doris Walkerová (Maureen O'Haraová) zaskočí postarší muž jménem Kris Kringle (oscarový Edmund Gwenn). V roli Santa Clause působí tak přesvědčivě, že ho okamžitě obchodní dům Macy's na 34. ulici angažuje jako oficiálního Santa Clause pro vánoční sezónu. V prostředí konzumního obchodního domu se tak náhle zjeví vřelý muž, který rozdává radost na počkání a rychle si získá srdce dospělých zákazníků i jejich dětí. Racionální a skeptická Doris ale odmítá uvěřit jeho tvrzení, že je skutečný Santa Claus. Dobrosrdečný Kris si ale dokáže získat důvěru Dorisiny rozkošné dcerky Susan (mladičká Natalie Woodová) a mladého advokáta Freda Gaileyho (John Payne). V cynickém světě ovšem mají mnozí pochybnosti o Krisově duševním zdraví. Otázky kolem jeho existence vyvrcholí v soudním procesu, který má rozhodnout, zda tento milý starý pán může zosobňovat jediného a nepopiratelného Santa Clause. (Česká televize);02.05.1947 20th Century Fox;černobílý film, Vánoce, Santa Claus;George Seaton;Maureen O'Hara, John Payne, Edmund Gwenn, Gene Lockhart, Natalie Wood, Porter Hall, William Frawley, Jerome Cowan, Philip Tonge, Jack Albertson;;https://srv.tunefindforfans.com/showads/track/srvclk.php?aid=100006796&lp=https://www.disneyplus.com/en-cz/browse/entity-d26d9cfd-7ba4-4a0b-88db-ceb4630baad0<br>https://srv.clickfuse.com/ads/adclkr.php?id=100006636&url=https://tv.apple.com/cz/movie/miracle-on-34th-street/umc.cmc.7f6dc8gk620zv8xkx2kxl9z2d<br>https://www.youtube.com/watch?v=Px92tHPYjvk<br>http://www.ceskatelevize.cz<br>http://www.ceskatelevize.cz<br>https://srv.tunefindforfans.com/showads/track/srvclk.php?aid=100006796&lp=https://www.disneyplus.com/en-cz/browse/entity-d26d9cfd-7ba4-4a0b-88db-ceb4630baad0<br>https://srv.clickfuse.com/ads/adclkr.php?id=100006636&url=https://tv.apple.com/cz/movie/miracle-on-34th-street/umc.cmc.7f6dc8gk620zv8xkx2kxl9z2d<br>https://www.youtube.com/watch?v=Px92tHPYjvk<br>https://apps.apple.com/cz/app/id6755365206<br>https://play.google.com/store/apps/details?id=cz.csfd.csfdroid<br>;Academy Awards (1x)<br>;Academy Awards (3x)<br>Golden Globes (1x)<br>
714117;Seišun buta jaró wa jume - Miru šódžo no jume o minai;2019;84.78260869565217;89.0;https://image.pmgstatic.com/cache/resized/w420/files/images/film/posters/163/686/163686115_f537b7.jpg;https://www.csfd.cz/film/714117-seisun-buta-jaro-wa-jume-miru-sodzo-no-jume-o-minai/;Japonsko;Animovaný / Komedie / Romantický / Drama / Fantasy;青春ブタ野郎はゆめみる少女の夢を見ない;Ve filmovém pokračování seriálu Seishun buta yarou wa Bunny Girl senpai no yume o minai (2018) se opět vrací mladý Sakuta Azusagawa, který si ve druhém ročníku na střední škole snaží užívat bezstarostné dny a trávit co nejvíce času se svojí přítelkyní z třetího ročníku Mai Sakurajimou a svými dalšími přáteli. Blíží se Vánoce a Sakuta věří, že jeho milá bude mít při svém pracovním vytížení nyní trochu více volného času. Jeho představy o společných romantických chvilkách jsou však přerušeny náhlým zjevením dívky, která byla před dvěma lety jeho první velkou láskou. Tak se do chlapcova života vrací Shouko Makinohara a to hned dvakrát! Jak je to možné a proč je jedna Shouko mladou dívkou v Sakutově věku a druhá roztomilá školačka? Vše se navíc zamotává tak, že starší Shouko musí začít u chlapce bydlet, což však narušuje Sakutův současný vztah, a druhá mladší verze je zase pacientkou ve stejné nemocnici, kam chodí na pravidelné prohlídky Sakutova sestra, a to s velmi vážnou diagnózou. Jak to vše souvisí a proč chlapce zrovna nyní opět začaly tak strašně bolet ty záhadné jizvy na prsou? (Jeoffrey);15.06.2019 Aniplex;;Sóiči Masui;Asami Seto, Kaito Išikawa, Inori Minase, Acumi Tanezaki, Nao Tójama, Maaja Učida, Jurika Kubo, Himika Akaneja, Satomi Sató, Júma Učida;Hadžime Kamošida;https://apps.apple.com/cz/app/id6755365206<br>https://play.google.com/store/apps/details?id=cz.csfd.csfdroid<br>;;
8135;King Kong;1933;81.35309586421229;100.0;https://image.pmgstatic.com/cache/resized/w420/files/images/film/posters/169/053/169053322_leqsck.jpg;https://www.csfd.cz/film/8135-king-kong/;USA;Dobrodružný / Fantasy / Horor;King Kong;Měl to být osmý div světa. Ale utrhl se z řetězů. Slavné filmové monstrum, obří opičí samec King Kong, vzbuzuje úžas filmových diváků už od roku 1933. Právě první verze jeho příběhu se stala nezapomenutelnou legendou, a to navzdory dvěma velkorozpočtovým remakům z let 1976 a 2005. Film vypráví příběh režiséra Carla Denhama, který se najatou lodí vydá na tajuplný ostrov, aby tam s nic netušící herečkou Ann Darrowovou natočil dobrodružný příběh na motivy pohádky Kráska a zvíře. V ostrovní džungli se totiž nacházejí desítky prehistorických tvorů. Mezi nimi i obří gorila, zvaná Kong. Domorodci, kteří drží zvířata za obrovskou starobylou zdí, herečku unesou a obětují ji Kongovi. Štáb ji však z opičákových spárů po dlouhém boji zachrání. Podaří se mu dokonce Konga omámit a převézt do New Yorku. Tam však začíná druhá část strhujícího dramatu: Denhamova nová atrakce se totiž utrhne z řetězů a rozpoutá v ulicích peklo... (Česká televize);07.04.1933 RKO Radio Pictures;černobílý film, smrt, útěk, únos, ostrov, New York, lodě, letadla, džungle, domorodé kmeny, dinosauři, stop motion animace, gorily, mrakodrap, King Kong;Merian C. Cooper, Ernest B. Schoedsack;Fay Wray, Robert Armstrong, Bruce Cabot, Frank Reicher, Sam Hardy, James Flavin, Ernest B. Schoedsack, Dorothy Gulliver, Merian C. Cooper, Roscoe Ates;;https://srv.clickfuse.com/ads/adclkr.php?id=100006636&url=https://tv.apple.com/cz/movie/king-kong/umc.cmc.12lmiy110dcxushc08uidmnv9<br>https://www.youtube.com/watch?v=_1jYxwo2l2g<br>http://www.ceskatelevize.cz<br>http://www.ceskatelevize.cz<br>https://srv.clickfuse.com/ads/adclkr.php?id=100006636&url=https://tv.apple.com/cz/movie/king-kong/umc.cmc.12lmiy110dcxushc08uidmnv9<br>https://www.youtube.com/watch?v=_1jYxwo2l2g<br>https://apps.apple.com/cz/app/id6755365206<br>https://play.google.com/store/apps/details?id=cz.csfd.csfdroid<br>;The Saturn Awards (3x)<br>;
5616;Nibelungové: Pomsta Krimhildina;1924;84.66101694915254;129.0;https://image.pmgstatic.com/cache/resized/w420/files/images/film/posters/166/733/166733686_6229b0.jpg;https://www.csfd.cz/film/5616-nibelungove-pomsta-krimhildina/;Německá říše;Drama / Dobrodružný / Fantasy;Synové mlhy;Kriemhildina pomsta se odehrává v sedmi písních. Aby vykoupila Siegfriedovu smrt, souhlasí s tím, že se provdá za Etzela, krále Hunů. Když mu dá dědice trůnu, jsou pozváni Burgunďané. Hostina však poslouží Kriemhildinu plánu na pomstu: protože král Gunther, jeho bratři a jejich spojenci jsou věrní Hagenu Tronjemu, vypukne boj, na jehož konci zahynou všichni zúčastnění a s nimi i poklad Nibelungů. (Film Europe);26.04.1924 ufa;černobílý film, žena, smrt, násilí, podle divadelní hry, zvířata, němý film, pomsta, manipulace, intriky, souboje, bolest, smutek, nenávist, tragédie, umírání, rvačka, krutost, koně, chladnokrevnost, bitva, odplata, dědictví, vztek, legenda, bodné zbraně, sečné zbraně, moc, válečníci, domluvené manželství, poklad;Fritz Lang;Theodor Loos, Bernhard Goetzke, Hans Adalbert Schlettow, Rudolf Klein-Rogge, Fritz Alberti, Erwin Biswanger, Margarete Schön, Hans Carl Mueller, Rudolf Rittner, Hanna Ralph;;https://apps.apple.com/cz/app/id6755365206<br>https://play.google.com/store/apps/details?id=cz.csfd.csfdroid<br>;The Saturn Awards (1x)<br>;
859;Excalibur;1981;81.14918941104042;140.0;https://image.pmgstatic.com/cache/resized/w420/files/images/film/posters/164/967/164967305_8f2fb3.jpg;https://www.csfd.cz/film/859-excalibur/;Velká Británie / USA;Fantasy / Dobrodružný / Drama;Excalibur;Jen ten, kdo je předurčen, dokáže vládnout magickým mečem. Jen ten se může stát králem. Britský film na motivy dávné legendy o králi Artuši a rytířích kulatého stolu. Temný věk. Země je rozdělena a zmítána válkami. Má však naději na mír, neboť Uther Pendragon, jemuž kouzelník Merlin slíbil za jeho sjednání magický meč Excalibur, uzavře se svým sokem vévodou z Cornwallu příměří. Vášeň je však silnější než vůle. A vášni, která Uthera posedne při spatření krásné Cornwallovy manželky, je tento muž ochoten obětovat vše. I těžce vydobytý mír... Tak začíná jedno ze zpracování dávné legendy o králi Artuši a jeho rytířích kulatého stolu. (Z těch starších připomeňme např. hollywoodskou muzikálovou verzi Král Artuš a jeho družina z roku 1967 a filmy Lancelot od jezera z roku 1974 či Percival Galský z roku 1978.) Režisér Boorman se myšlenkou, natočit Artušovy příběhy, zabýval řadu let. Vyšel z klasického středověkého románu Thomase Maloryho Artušova smrt a pokusil se zrekonstruovat starobylou legendu z pohledu člověka XX. století. Nadpřirozeno a zázračno se v jeho podání stává přirozenou součástí realisticky nazíraného příběhu. Natáčení se odehrávalo v irských exteriérech, v tajuplné, až mysticky působící přírodě, jež si uchovává mnohé z půvabu a kouzla dávno minulých dob... K nezanedbatelným kladům filmu patří výtvarná stránka (kameraman Thomson byl nominován na Oscara), i hudba, používající motivů z děl Carla Orffa (Carmina burana) a Richarda Wagnera. Excalibur byl uveden v soutěži 34. MFF v Cannes v roce 1981, kde získal Cenu za umělecký přínos. (Česká televize);10.04.1981 Warner Bros. US;podle knihy, muž, láska, žena, smrt, násilí, zbraně, nevěra, kouzla, magie, král, šlechta, středověk, legenda, mytologie, draci, čarodějnictví, Meč a magie, čarodějové, rytíři, meč, Král Artuš;John Boorman;Nigel Terry, Helen Mirren, Nicholas Clay, Cherie Lunghi, Nicol Williamson, Robert Addie, Gabriel Byrne, Liam Neeson, Corin Redgrave, Katrine Boorman;Thomas Malory;http://www.ceskatelevize.cz<br>http://www.ceskatelevize.cz<br>https://apps.apple.com/cz/app/id6755365206<br>https://play.google.com/store/apps/details?id=cz.csfd.csfdroid<br>;Academy Awards (1x)<br>British Academy of Film and Television Arts (BAFTA) (1x)<br>The Saturn Awards (5x)<br>Cannes Film Festival (1x)<br>;The Saturn Awards (1x)<br>Cannes Film Festival (1x)<br>
340217;Liga spravedlivých: Záchrana světa;2013;81.28909952606635;78.0;https://image.pmgstatic.com/cache/resized/w420/files/images/film/posters/169/143/169143936_ixoh26.jpg;https://www.csfd.cz/film/340217-liga-spravedlivych-zachrana-sveta/;USA;Animovaný / Akční / Dobrodružný / Sci-Fi / Fantasy;Justice League: The Flashpoint Paradox;V této napínavé adaptaci komiksu z roku 2011 cestuje Flash v čase s cílem napravit klíčové události v životě své rodiny. Jenže to způsobí řetězovou reakci a dojde k vytvoření katastrofální roztříštěné alternativní reality, ve které Liga spravedlivých nikdy nevznikla a Superman není k nalezení. Uprostřed nového světa pustošeného nelítostnou válkou Wonder Woman a Amazonek s Aquamanem a Atlanťany se Flash musí spojit s mnohem krutějším a násilničtějším Batmanem i vládním agentem Cyborgem, aby se společně pokusili obnovit Flashovu původní časovou linii. (HBO Europe);;smrt, vražda, děti, matka, město, vojáci, vězení, válka, podle komiksu, novináři, mimozemšťané, superhrdina, postapokalyptická budoucnost, cestování časem, DC Comics, vesmírná loď, antiutopie, Batman, ponorky, bohové, Superman, paralelní svět, zbraně hromadného ničení, Wonder Woman, Flash (DC Comics), Lex Luthor, Green Lantern, Aquaman, Liga spravedlivých, Deathstroke, Atlantida, Amazonky, Shazam, Captain Cold, Black Manta, Mera, Clayface, Lois Lane, Captain Boomerang, Ocean Master, Reverse-Flash, Aqualad, Heat Wave, Enchantress, Sandman (DC Comics), Mirror Master;Jay Oliva, Takuo Tominaga;Ron Perlman, Nathan Fillion, Kevin McKidd, Cary Elwes, C. Thomas Howell, Dana Delany, Kevin Conroy, Danny Huston, Justin Chambers, Michael B. Jordan;Gardner Fox, Geoff Johns, Andy Kubert;https://srv.clickfuse.com/ads/adclkr.php?id=100006636&url=https://tv.apple.com/cz/movie/justice-league-the-flashpoint-paradox/umc.cmc.4dzds26n3ki19h532k3983ys1<br>https://www.youtube.com/watch?v=s96OteLjBBA<br>http://www.hbo.eu<br>http://www.hbo.eu<br>https://srv.clickfuse.com/ads/adclkr.php?id=100006636&url=https://tv.apple.com/cz/movie/justice-league-the-flashpoint-paradox/umc.cmc.4dzds26n3ki19h532k3983ys1<br>https://www.youtube.com/watch?v=s96OteLjBBA<br>/tag/512-amazonky/<br>https://apps.apple.com/cz/app/id6755365206<br>https://play.google.com/store/apps/details?id=cz.csfd.csfdroid<br>;;
210646;Dobrodružství prince Achmeda;1926;83.18537859007833;66.0;https://image.pmgstatic.com/cache/resized/w420/files/images/film/posters/159/730/159730805_ef06dc.jpg;https://www.csfd.cz/film/210646-dobrodruzstvi-prince-achmeda/;Německá říše;Animovaný / Dobrodružný / Fantasy / Romantický;Die Abenteuer des Prinzen Achmed;"Princ Ahmed se zamiluje do krásné víly Peri Banu. Zlý čaroděj však vílu unese a prince svrhne do jícnu sopky. Podaří se Ahmedovi najít ztracenou lásku v daleké Číně? Kouzelný animovaný film inspirovaný pohádkami Tisíce a jedné noci, ve kterém se sejdou létající koně, víly, princové, princezny i Alladinova kouzelná lampa. Německá výtvarnice Lotte Reinigerová (1899-1981) pracovala s vzácně používanou technikou stínového divadla. Celý film je tvořen z vystřižených siluet, které díky ladné animaci ožívají v kouzelném barevném světě světelných efektů. Na filmu DOBRODRUŽSTVÍ PRINCE AHMEDA pracovala Lotte Reinigerová se skupinou vynikajících animátorů (mj. Walter Ruttmann či Berthold Bartosch) dlouhé tři roky. Když Jean Renoir viděl výsledek, prohlásil: ""Mistrovský kousek... Lotte Reinigerová se narodila s kouzelnýma rukama."" (minus)";03.09.1926 ufa;černobílý film, láska, žena režisérka, cestování, únos, zlo, démoni, princ, Čína, čarodějové, víly, džin, tónovaný film;Lotte Reiniger, Carl Koch;;;https://apps.apple.com/cz/app/id6755365206<br>https://play.google.com/store/apps/details?id=cz.csfd.csfdroid<br>;;
221638;Faunův labyrint;2006;81.03381865803867;118.0;https://image.pmgstatic.com/cache/resized/w420/files/images/film/posters/159/801/159801503_bbb374.jpg;https://www.csfd.cz/film/221638-faunuv-labyrint/;Mexiko / Španělsko;Fantasy / Válečný / Drama;El laberinto del fauno;Píše se rok 1944 a dvanáctiletá Ofélie jede se svou těhotnou matkou za otčímem, frankistickým důstojníkem, který kdesi v horách na severu Španělska potlačuje zbytky republikánského povstání. Život ve vojenské posádce ale nenabízí Ofélii pouze realitu poznamenanou boji s povstalci, všeobecným nedostatkem jídla a velmi chladným vztahem s otčímem – v nedalekém starodávném labyrintu potká dívka jednou v noci starého fauna, který ji prozradí, že je ztracenou princeznou kdysi mocné pohádkové říše a současně poslední nadějí na její záchranu. Než se ale opět setká se svým královským otcem, musí splnit několik úkolů. Fascinující podívaná a silný příběh o tom, že ve světě dětské fantazie se za život, čest a odvahu platí stejná cena jako ve světě dospělých.;11.10.2006 Warner Bros. España;20. století, dívka, děti, matka, záhady, dcera, období 1940-1950, 2. světová válka, vojáci, les, partyzáni, víly;Guillermo del Toro;Ivana Baquero, Doug Jones, Sergi López, Ariadna Gil, Maribel Verdú, Álex Angulo, Federico Luppi, Roger Casamajor, Ivan Massagué, Manolo Solo;;https://apps.apple.com/cz/app/id6755365206<br>https://play.google.com/store/apps/details?id=cz.csfd.csfdroid<br>;Academy Awards (3x)<br>Independent Spirit Awards (1x)<br>British Academy of Film and Television Arts (BAFTA) (5x)<br>Goya Awards (6x)<br>Golden Globes (1x)<br>Critics Choice Awards (2x)<br>Los Angeles Film Critics Association Awards (1x)<br>The Saturn Awards (5x)<br>Cannes Film Festival (1x)<br>;Academy Awards (3x)<br>Independent Spirit Awards (1x)<br>British Academy of Film and Television Arts (BAFTA) (3x)<br>Goya Awards (7x)<br>Florida Film Critics Circle Awards (2x)<br>Los Angeles Film Critics Association Awards (1x)<br>New York Film Critics Circle Awards (1x)<br>The Saturn Awards (2x)<br>
118298;Constantine;2005;80.98894784871734;115.0;https://image.pmgstatic.com/cache/resized/w420/files/images/film/posters/165/048/165048461_d1f22c.jpg;https://www.csfd.cz/film/118298-constantine/;USA / Německo;Fantasy / Mysteriózní / Thriller / Horor;Constantine;John Constantine od malička vidí svět takový, jaký opravdu je. Má schopnost rozeznat anděly a démony skryté pod lidským vzezřením. Tím, že se dříve snažil spáchat sebevraždu a nežil zrovna životem světce, si přímo koupil vstupenku do pekla. Když jeho plíce začnou vypovídat službu kvůli neustálému kouření cigaret, dozví se od lékařů, že zemře mlád a bude to brzy. Dá se dohromady s nedůvěřivou policistkou Angelou Dodsonovou, aby společně vyřešili záhadnou sebevraždu jejího dvojčete. Pátrání je přivede do světa andělů a démonů, který existuje těsně pod povrchem Los Angeles. Stanou se zajatci sledu katastrofických událostí z jiného světa a pokusí se najít vlastní klid za jakoukoli cenu. (Nova Cinema);18.04.2005 Warner Bros. US;žena, smrt, vražda, vrah, nemoc, nemocnice, podle komiksu, umírání, sestry, sebevražda, zlo, démoni, DC Comics, rakovina, dvojčata, Ďábel, exorcismus, andělé, peklo, John Constantine;Francis Lawrence;Keanu Reeves, Rachel Weisz, Shia LaBeouf, Djimon Hounsou, Max Baker, Pruitt Taylor Vince, Gavin Rossdale, Tilda Swinton, Peter Stormare, Jesse Ramirez;Jamie Delano, Garth Ennis;https://srv.clickfuse.com/ads/adclkr.php?id=100006636&url=https://tv.apple.com/cz/movie/constantine/umc.cmc.1jnkmvwctuhdmqgz0q388b6qd<br>https://www.youtube.com/watch?v=0kCqj83yu4M<br>https://srv.clickfuse.com/ads/adclkr.php?id=100006636&url=https://tv.apple.com/cz/movie/constantine/umc.cmc.1jnkmvwctuhdmqgz0q388b6qd<br>https://www.youtube.com/watch?v=0kCqj83yu4M<br>https://apps.apple.com/cz/app/id6755365206<br>https://play.google.com/store/apps/details?id=cz.csfd.csfdroid<br>;The Saturn Awards (1x)<br>;
295082;Jak vycvičit draka 2;2014;81.00314355571079;102.0;https://image.pmgstatic.com/cache/resized/w420/files/images/film/posters/158/543/158543004_3e89db.jpg;https://www.csfd.cz/film/295082-jak-vycvicit-draka-2/;USA;Animovaný / Dobrodružný / Fantasy / Komedie / Rodinný;How to Train Your Dragon 2;"Ostrov Blp býval místem, kde Vikingové ve dne v noci bojovali s draky. Pak však mladý snílek Škyťák vycvičil draka Bezzubku, spřátelil se s ním a hlavně všem vysvětlil, že lidé a draci mohou žít v harmonii. Příběh poskočil o pět let dopředu a z Blpu se stal v mezidobí dračí ráj, kde se lidé a draci navzájem respektují a mají se rádi. Škyťákova největší kamarádka Astrid je hvězdou oblíbených dračích závodů, ve kterých hravě poráží ostatní vikinské teenagery, zatímco Škyťák dává přednost osamělým spanilým letům s Bezzubkou, během nichž mapují neznámá území a objevují nové světy a nové draky. Jedno z jejich dobrodružství je přivede do těžko přístupné ledové jeskyně, která je domovem stovky neznámých divokých draků. Taky se zde setkají s tajemnou Dračí jezdkyní, z které se vyklube Škyťákova dávno ztracená matka Valka. Na láskyplné objetí matky se synem ale není čas, protože nad soužitím lidí a draků se stahují mračna, která se přihnala díky Dragovi, mocichtivým a samozvaným „dračím bohem"", kterému slouží nafoukaný lovec draků Eret. Tihle dva představují nebezpečí, se kterým sám Škyťák s Bezzubkou nic nezmůžou, a tak dají dohromady starou partu, do níž kromě Astrid patří i Tlamoun, Snoplivec, Rybinoha a dvojčata Ťafan a Rafana. Spolu s nimi se ale budou muset mocnému nepříteli postavit i Škyťákův otec, vikinský náčelník Kliďas Velikán a především jeho matka Valka. Naučit táhnout tenhle nesourodý spolek za jeden provaz bude nesmírně obtížné. Bez toho ale nebudou mít obyvatelé Blpu sebemenší šanci. (CinemArt)";13.06.2014 20th Century Fox;podle knihy, rodina, přátelství, přátelé, otec, matka, rodiče, syn, chlapec, válka, zlo, bitva, invaze, draci, 3D, vikingové;Dean DeBlois;Jay Baruchel, Gerard Butler, Kristen Wiig, Jonah Hill, Christopher Mintz-Plasse, America Ferrera, T.J. Miller, Craig Ferguson, Djimon Hounsou, Kit Harington;Cressida Cowell;https://www.netflix.com/title/70298991<br>https://www.skyshowtime.com/cz/stream/movies/jak-vycvicit-draka-2/5fd9fe0e-a303-3f7d-b0ae-524a3dd44663<br>https://srv.clickfuse.com/ads/adclkr.php?id=100006636&url=https://tv.apple.com/cz/movie/how-to-train-your-dragon-2/umc.cmc.2ag6thi96de0ywp2ohysjz2u8<br>https://www.youtube.com/watch?v=xzz7Bir9nFc<br>https://www.netflix.com/title/70298991<br>https://www.skyshowtime.com/cz/stream/movies/jak-vycvicit-draka-2/5fd9fe0e-a303-3f7d-b0ae-524a3dd44663<br>https://srv.clickfuse.com/ads/adclkr.php?id=100006636&url=https://tv.apple.com/cz/movie/how-to-train-your-dragon-2/umc.cmc.2ag6thi96de0ywp2ohysjz2u8<br>https://www.youtube.com/watch?v=xzz7Bir9nFc<br>https://apps.apple.com/cz/app/id6755365206<br>https://play.google.com/store/apps/details?id=cz.csfd.csfdroid<br>;Academy Awards (1x)<br>Critics Choice Awards (1x)<br>Florida Film Critics Circle Awards (1x)<br>The Saturn Awards (2x)<br>;Golden Globes (1x)<br>
24029;Zloděj z Bagdádu;1924;83.24022346368716;155.0;https://image.pmgstatic.com/cache/resized/w420/files/images/film/posters/167/157/167157942_694814.jpg;https://www.csfd.cz/film/24029-zlodej-z-bagdadu/;USA;Akční / Dobrodružný / Fantasy / Rodinný;The Thief of Bagdad;Tento romanticko-hrdinský příběh z pohádek „Tisíce a jedné noci“ byl zamilovaným projektem hollywoodské megastar, producenta Douglase Fairbankse, který po jeho předcházejících úspěších kostýmních Tří mušketýrů, Zorra mstitele a Robina Hooda upevnil Fairbanksův status největší hvězdy dobrodružných akčních filmů své doby a jedné z prvních „multihyperhvězd“ tohoto žánru. Fairbanks tu vystupuje v roli bezbožného zloděje Ahmeda, který si vydobyl pověst největšího lupiče Bagdádu. Zamiluje se do krásné princezny a oba se rozhodnou vzít, zasáhne však její otec, bagdádský kalif, a sňatek zakáže. To spustí řetěz událostí, v nichž se objeví křišťálová koule, kouzelné jablko, pegas, neviditelný plášť… a samozřejmě i létající koberec. Na filmu Zloděj z Bagdádu se nešetřilo: šlo o jeden z nejnákladnějších snímků vyrobených v Hollywoodu v éře němého filmu, jak o tom svědčí úžasné kulisy Williama Camerona Menziese i přelomové speciální efekty, které se prolínají celým filmem. Film Zloděj z Bagdádu, který mistrovsky režíroval Raoul Walsh – jeden z nejvýznamnějších amerických tvůrců a autor takových filmových klasik, jako jsou The Bowery, High Sierra a White Heat – bude už navždy vzněcovat naši fantazii. (Film Europe);18.03.1924 United Artists;muž, černobílý film, němý film, únos, zloděj, podle povídky, šlechta, rukojmí, princ;Raoul Walsh;Douglas Fairbanks, Snitz Edwards, Charles Belcher, Julanne Johnston, Anna May Wong, Brandon Hurst, Philip Ahn, Noble Johnson, Charles Stevens, Jesse Lasky Jr.;;https://apps.apple.com/cz/app/id6755365206<br>https://play.google.com/store/apps/details?id=cz.csfd.csfdroid<br>;;
476448;Legendy Polskie: Jaga;2016;82.61437908496733;13.0;//static.pmgstatic.com/assets/images/050b5bad23b8eb0b4f88f971b8f6a168/empty-image.svg;https://www.csfd.cz/film/476448-legendy-polskie-jaga/;Polsko;Akční / Krátkometrážní / Fantasy;;;;;Tomasz Bagiński;Piotr Machalica, Robert Więckiewicz, Tomasz Drabek, Katarzyna Pośpiech;;https://apps.apple.com/cz/app/id6755365206<br>https://play.google.com/store/apps/details?id=cz.csfd.csfdroid<br>;;
47145;Le Locataire diabolique;1909;83.10734463276836;6.0;https://image.pmgstatic.com/cache/resized/w420/files/images/film/posters/157/813/157813915_8d0fc5.jpg;https://www.csfd.cz/film/47145-le-locataire-diabolique/;Francie;Krátkometrážní / Fantasy / Komedie;The Devilish Tenant;Nájemník se stěhuje do svého nového bytu. Má sebou pouze jeden kufr, ze kterého postupně vybaluje nábytek, obrazy, klavír, zrdcadlo a nakonec i celou rodinu. Brzy mu ovčem dojdou peníze na nájemné, což se nelíbí panu domácímu, tak vytáhne svůj kouzelný kufr, všecko zase sbalí zpět a prchá oknem. (jonyyy);;černobílý film, rodina, němý film, stěhování;Georges Méliès;André Méliès;;https://apps.apple.com/cz/app/id6755365206<br>https://play.google.com/store/apps/details?id=cz.csfd.csfdroid<br>;;
395886;Šingeki no kjodžin: kuinaki sentaku;2014;83.09859154929578;;https://image.pmgstatic.com/cache/resized/w420/files/images/film/posters/159/374/159374245_347027.jpg;https://www.csfd.cz/film/395886-singeki-no-kjodzin-kuinaki-sentaku/;Japonsko;Animovaný / Akční / Drama / Fantasy;Shingeki no kyojin: Kuinaki sentaku;První část: V podzemním okrese, kde se občané jenom zřídka kdy dostanou na sluneční svit, Levi společně s Farlanem používá k různým krádežím manévrovací zařízení. Jednoho dne se setkají s dívkou jménem Isabel, která je pronásledována za to, že se snaží dostat z podzemí kvůli tomu, aby dostala zraněného ptáka zpátky na povrch. Rozhodnou se ji přijmout k sobě. Po nějaké době tajemný muž z povrchu použije rukojmích, aby zajistil, že Levi, Farlan a Isabel přijmou práci, která je odměněna povolením žít na povrchu. Poté jsou pronásledováni vojenskou policií, ale tu předběhne průzkumná legie, která je chytí a přinutí výměnou za jejich očištění od zločinů připojit se k průzkumné legii.Druhá část: Levi, Farlan a Isabel začali svůj život u průzkumné legie pod dozoren Flagena, který není zrovna potěšen, že se do legie přidali zločinci. Erwin právě vytvořil novou formaci pro průzkumnou legii, která by pomohla vojákům za hradbami vyhnout se titánům za účelem snížení ztrát na životech a poznamenal, že by chtěl využít schopností těch tří. Levi připomíná žádost od tajemného muže, aby ukradli Erwinovi dokumenty a následně ho zabili. Poté, co nebyli schopni najít onen dokument v Erwinově kanceláři, začali plánovat Erwinovo přepadení během výpravy. Strhne se ale silný déšť a Leviho oddíl včetně Farlana a Isabel je zabit titány. Následně se ukáže, že dokument byl falešný, a Erwin řekne Levimu, ať nelituje a pokračuje dál jako člen průzkumné legie. (MurakamiAiko);;anime;Tecuró Araki, Šintaró Itoga;Romi Paku, Daisuke Ono, Hiroši Janaka, Kenta Mijake, Ikumi Hajama, Kendžiró Cuda, Kódži Jusa, Marija Ise, Takaja Haši, Hitoši Janai;Hadžime Isajama;https://apps.apple.com/cz/app/id6755365206<br>https://play.google.com/store/apps/details?id=cz.csfd.csfdroid<br>;;
1323485;Jak vycvičit draka;2025;80.95805739514348;125.0;https://image.pmgstatic.com/cache/resized/w420/files/images/film/posters/170/087/170087995_ipqdtf.jpg;https://www.csfd.cz/film/1323485-jak-vycvicit-draka/;USA;Akční / Dobrodružný / Fantasy / Rodinný;How to Train Your Dragon;Kdybyste hledali toho nejvynalézavějšího Vikinga, skončili byste u Škyťáka (Mason Thames). Na jeho rodném ostrově Blpu to ovšem není nijak vítaná vlastnost, prim hraje ten, kdo dokáže jakýmkoliv způsobem sejmout libovolného draka jako Škyťákův táta, vikinský náčelník Kliďas Velikán (Gerard Butler). Draci jsou totiž pro zdejší lidi odjakživa tím největším nepřítelem. Když však Škyťák šťastnou náhodou poraní exemplář mýtického a nepolapitelného příslušníka druhu Noční běs a začne ho lépe poznávat, pochopí, že nic nemusí trvat věčně. Ani dávná nepřátelství. Jenže jak o tom má mladík, považovaný spíš za outsidera, přesvědčit své soukmenovce, pro které pořád platí, že nejlepší drak je ten, kterého mají bezpečně pod zámkem? (CinemArt);13.06.2025 Universal Pictures US;podle knihy, muž, rodina, přátelství, přátelé, dívka, otec, děti, strach, mládež, touha, syn, chlapec, zbraně, dospívání, sny, rivalita, souboje, kamarádi, vztahy, mezilidské vztahy, divočina, nenávist, dilema, naděje, ostrov, dobrodruh, předsudky, příroda, středověk, bitva, tradice, lov, bodné zbraně, sečné zbraně, draci, rodičovství, dobrodružství, válečníci, vikingové, lovci, sekera, létání;Dean DeBlois;Mason Thames, Nico Parker, Julian Dennison, Gabriel Howell, Bronwyn James, Harry Trevaldwyn, Gerard Butler, Nick Frost, Ruth Codd, Samuel Johnson;Cressida Cowell;https://www.skyshowtime.com/cz/stream/movies/jak-vycvicit-draka/70ef5adf-d120-3a6a-af13-4c4d339e3882<br>https://srv.clickfuse.com/ads/adclkr.php?id=100006636&url=https://tv.apple.com/cz/movie/how-to-train-your-dragon/umc.cmc.6xnfodk272f9zoyd6y7rlu4tw<br>https://www.youtube.com/watch?v=c3BSaTnlNhc<br>https://www.skyshowtime.com/cz/stream/movies/jak-vycvicit-draka/70ef5adf-d120-3a6a-af13-4c4d339e3882<br>https://srv.clickfuse.com/ads/adclkr.php?id=100006636&url=https://tv.apple.com/cz/movie/how-to-train-your-dragon/umc.cmc.6xnfodk272f9zoyd6y7rlu4tw<br>https://www.youtube.com/watch?v=c3BSaTnlNhc<br>https://apps.apple.com/cz/app/id6755365206<br>https://play.google.com/store/apps/details?id=cz.csfd.csfdroid<br>;British Academy of Film and Television Arts (BAFTA) (1x)<br>The Saturn Awards (3x)<br>;
43834;Sněhulák;1982;82.20216606498195;26.0;https://image.pmgstatic.com/cache/resized/w420/files/images/film/posters/167/115/167115000_034b12.jpg;https://www.csfd.cz/film/43834-snehulak/;Velká Británie;Animovaný / Krátkometrážní / Dobrodružný / Rodinný / Fantasy;The Snowman;Animovaná vánoční pohádka zfilmovaná podle knihy Raymonda Briggsa. Odehrává se zde příběh malého chlapce, který si postaví sněhuláka, a když sněhulák odbitím půlnoci ožije, prožije s ním celou řadu neuvěřitelných dobrodružství. (Česká televize);;Vánoce;Dianne Jackson;David Bowie, Raymond Briggs;Raymond Briggs;http://www.ceskatelevize.cz<br>https://apps.apple.com/cz/app/id6755365206<br>https://play.google.com/store/apps/details?id=cz.csfd.csfdroid<br>;Academy Awards (1x)<br>;
833074;Gekidžóban Made in Abyss: Fukaki tamašii no reimei;2020;83.31210191082802;113.0;https://image.pmgstatic.com/cache/resized/w420/files/images/film/posters/164/289/164289811_4ca89d.jpg;https://www.csfd.cz/film/833074-gekidzoban-made-in-abyss-fukaki-tamasii-no-reimei/;Japonsko;Animovaný / Dobrodružný / Fantasy;劇場版メイドインアビス　深き魂の黎明;Made in Abyss: Dawn of the Deep Soul přináší pokračování příběhu mladičké Riko a jejího ochránce Rega, ke kterým se nyní přidala i jejich nová kamarádka Nanachi. Spolu se vydávají do pátého patra tajemné propasti, nazvané „Sea of Corpses“, kde se potkávají se záhadným Bonedrewdem, legendárním dobrodruhem a jedním z majitelů bíle píšťaly, jehož stín visí nad Nanachinou tragickou minulostí. Ten je ke skupince až nečekaně pohostinný, ovšem stateční hrdinové již moc dobře vědí, že v této nevyzpytatelné propasti není nic tak, jak se na první pohled zdá... (Jeoffrey);;;Masajuki Kodžima;Miju Tomita, Marija Ise, Šiori Izawa, Tošijuki Morikawa, Inori Minase, Genta Nakamura, Šinnosuke Musaši;;https://apps.apple.com/cz/app/id6755365206<br>https://play.google.com/store/apps/details?id=cz.csfd.csfdroid<br>;;
105807;Koralína a svět za tajnými dveřmi;2009;80.72243881816901;96.0;https://image.pmgstatic.com/cache/resized/w420/files/images/film/posters/000/033/33000_274499.jpg;https://www.csfd.cz/film/105807-koralina-a-svet-za-tajnymi-dvermi/;USA;Animovaný / Rodinný / Fantasy / Dobrodružný;Koralína a svět za tajemnými dveřmi;Dva báječní muži s nekonečnou fantazií a třetí rozměr. Kombinace těchto faktorů stvořila temnou pohádku Koralína a svět za tajnými dveřmi. Dobrodružný příběh, který vzdáleně připomíná Alenčinu výpravu do světa za zrcadlem, se zrodil v hlavě Neila Gaimana, jednoho z nejlepších autorů fantasy současnosti. V jiné hlavě, která patřila tvůrci slavné Předvánoční noční můry Henrymu Selickovi, se zase vylíhnul nápad na jeho filmové zpracování. A ne ledajaké. Poprvé v historii kinematografie Selick zkombinoval metodu tradiční stop-motion animace a stereoskopického 3-D. Vznikl nikoliv pouhý film, ale zážitek, který lze jen velmi obtížně popsat slovy... Jedenáctiletá Koralína Jonesová je zvědavé a neposedné děvče s rašící pubertou. O to bolestněji na ni doléhá, že se z města tepajícího životem odstěhovala do barabizny kdesi v „pustoprázdnu“, kde na ni rodiče permanentně nemají čas a jediným vrstevníkem je kluk jménem Wybie, z něhož se vyklubal velmi otravný protiva. Možnost povyražení nelze očekávat ani od Koralíniných nových sousedů, jimiž jsou dvě vysloužilé herečky a bývalý ruský cirkusák pan Bobinsky. Asi by se brzy ukousala nudou, kdyby v jedné z místností Koralína neobjevila tajné dveře. Za nimi čeká překvapení. Alternativní svět, který je na první pohled velmi podobný tomu reálnému, ale už na druhý úplně jiný – lepší. Její alternativní rodiče se jí věnují, alternativní Wybie není ani trošku otravný a ze sousedů se vyklubali nejzábavnější lidé pod sluncem. Koralínu dokonce napadne, jestli by jí v téhle dokonalejší verzi existence nebylo lépe. Nebylo, což se jí neustále snaží naznačovat mluvící kocour. Když ho konečně poslechne, je už pozdě. Útěk z „dokonalého světa“ do neutěšené reality nebude pro jedenáctiletou holku vůbec jednoduchý.;06.02.2009 Focus Features;podle knihy, rodina, přátelství, dívka, tajemství, otec, děti, matka, rodiče, chlapec, únos, dům, psi, kouzla, herci, duchové, zlo, kočky, cirkus, stop motion animace, paralelní svět, zahrada, myši, studna;Henry Selick;Dakota Fanning, Dawn French, Teri Hatcher, Ian McShane, Jennifer Saunders, Keith David, John Hodgman, Emerson Tenney, Robert Bailey Jr., Christopher Murrie;Neil Gaiman;https://srv.clickfuse.com/ads/adclkr.php?id=100006636&url=https://tv.apple.com/cz/movie/coraline/umc.cmc.17hvodr5b8uuq3z45cs23akbd<br>https://srv.clickfuse.com/ads/adclkr.php?id=100006636&url=https://tv.apple.com/cz/movie/coraline/umc.cmc.17hvodr5b8uuq3z45cs23akbd<br>https://apps.apple.com/cz/app/id6755365206<br>https://play.google.com/store/apps/details?id=cz.csfd.csfdroid<br>;Academy Awards (1x)<br>British Academy of Film and Television Arts (BAFTA) (1x)<br>Golden Globes (1x)<br>Critics Choice Awards (1x)<br>New York Film Critics Circle Awards (1x)<br>;
431601;The Answers;2015;83.87351778656127;8.0;https://image.pmgstatic.com/cache/resized/w420/files/images/film/posters/160/605/160605936_7af0f9.jpg;https://www.csfd.cz/film/431601-the-answers/;USA;Krátkometrážní / Komedie / Drama / Fantasy;;"Krátkometrážní snímek, představený na několika filmových festivalech (San Barbara, Nashville, Little Rock a další), ve kterém hlavní roli zahrál Daniel Lissing. Nedlouho po své smrti, se oběť autonehody dozvídá odpovědi na všechny otázky, které si kdy položila ohledně svého života. Čítající i jednu z hlavních: ""Co to všechno znamená?"" (SimpanzJi)";;;Michael Goode;Daniel Lissing, Rose McIver, Katherine Diaz, Angel Melanson;;https://apps.apple.com/cz/app/id6755365206<br>https://play.google.com/store/apps/details?id=cz.csfd.csfdroid<br>;;
19307;Pleasantville: Městečko zázraků;1998;80.74270557029178;124.0;https://image.pmgstatic.com/cache/resized/w420/files/images/film/posters/167/209/167209591_6a7e8e.jpg;https://www.csfd.cz/film/19307-pleasantville-mestecko-zazraku/;USA;Fantasy / Komedie / Drama;Městečko Pleasantville;"Jedním z oblíbených programů televizní stanice Time je starý černobílý sitcom z idylického života jednoho amerického městečka padesátých let. Jedním z jeho nadšených fandů je středoškolák David, který zná celý seriál téměř zpaměti. Když jeho matka odjede s novým přítelem a on zůstane doma sám se svou stejně starou sestrou Jennifer, samozřejmě se s ní pohádá o to, na co se budou dívat v televizi. Při hádce rozbijí dálkové ovládání, bez něhož je televize neovladatelná. Objeví se starý opravář a nabídne Davidovi zvláštní ovladač, o který se vzápětí strhne další hádka. Během ní David s Jennifer stisknou tlačítko a rázem se ocitnou přímo v černobílém světě Davidova oblíbeného seriálu Pleasantville jako Bud a Mary Sue, děti manželů Parkerových, kteří patří k hlavním postavám seriálu. Zatímco David se velmi rychle orientuje v místě i čase, přesněji řečeno, epizodě seriálu, která se právě kolem nich odehrává, Mary Sue nehodlá dodržovat pravidla a rozhodne se sbalit pohledného kapitána místního basketbalového mužstva Skipa. To má ovšem pro seriál nečekané následky. Když totiž Jennifer alias Mary Sue Skipovi místo nevinného držení za ruce předvede skutečný sex, mnohé se změní. Basketbalové mužstvo, které nikdy neprohrálo (každý jejich hod skončil v koši), se po Skipově vyprávění nedokáže soustředit na hru a v černobílém světě se objeví něco zcela nevídaného. Rudá růže. Jennifer zjistí, že v Pleasantvillských knihách jsou jen prázdné stránky a když se ostatní udiveně ptají, co by v nich jako mělo být, začne jim Jennifer vyprávět příběhy, tak jak si je matně pamatuje ze školy. A dějí se další zázraky. S jejím vyprávěním se v jednotlivých knihách objevuje text. Objeví se také další důsledky, které si nikdo nedokáže vysvětlit a proto jsou považovány za nemoc, během které se na pokožce šíří barvy. Objevují se další nenápadné změny. Ve výloze prodejny s nábytkem šokuje obyvatele městečka manželská dvojpostel, Bill Johnson, majitel bistra, kde David alias Bud pomáhá, už nechce dělat stále stejné hamburgery a okouzlen knihou o výtvarném umění, kterou mu přinesl David, se pustí do malování, Jennifer si promluví s matkou o sexu, který je pro paní Parkerovou věcí zcela neznámou, a objeví se další barevné věci. Starosta a jeho věrní soudí, že s podivnými změnami je třeba rychle něco udělat a rozhodnou se zakročit. Všechny podniky ve městě jsou opatřeny nápisy ""jen pro černobílé"", bandy černobílých výtržníků napadají barevné lidi, je zakázán rokenrol a všechny barvy kromě černé, bílé a všech odstínů šedé. David se však rozhodne proti bojovníkům za staré pořádky postavit.";23.10.1998 New Line Cinema;láska, rodina, 20. století, dívka, děti, matka, rodiče, mládež, dcera, syn, škola, sourozenci, umění, manipulace, naděje, rande, samota, osamělost, chladnokrevnost, paranormální jevy, svoboda, období 1950-1960, období 1990-2000, antiutopie, předměstí, basketbal, rabování;Gary Ross;Tobey Maguire, Reese Witherspoon, William H. Macy, Joan Allen, Jeff Daniels, J. T. Walsh, Don Knotts, Marley Shelton, Marissa Ribisi, Jane Kaczmarek;;https://apps.apple.com/cz/app/id6755365206<br>https://play.google.com/store/apps/details?id=cz.csfd.csfdroid<br>;Academy Awards (3x)<br>The Saturn Awards (3x)<br>;Critics Choice Awards (1x)<br>Los Angeles Film Critics Association Awards (2x)<br>The Saturn Awards (2x)<br>
737235;Kono subaraší sekai ni šukufuku o! Kurenai densecu;2019;83.28947368421052;95.0;https://image.pmgstatic.com/cache/resized/w420/files/images/film/posters/163/748/163748990_57d036.jpg;https://www.csfd.cz/film/737235-kono-subarasi-sekai-ni-sukufuku-o-kurenai-densecu/;Japonsko;Animovaný / Dobrodružný / Fantasy / Komedie;この素晴らしい世界に祝福を! 紅伝説;Ve filmovém pokračování Kono subarashii sekai ni shukufuku wo! a Kono subarashii sekai ni shukufuku wo! 2 se opět vrací Kazuma Satō a jeho parta. Tentokrát jsou vyplašeni dopisem od Yunyun, ve kterém se píše, že se mají dostavit do vesnice klanu Karmínových Démonů. Banda se tam rozhodne jít a využijí tam trochu času, který jim zbyl, ale potíže začnou vznikat poté, co se objeví nepřátelský generál! (CarnTheNunya);;anime, podle mangy;Takaomi Kanasaki;Ai Kajano, Džun Fukušima, Rie Takahaši, Sora Amamija, Aki Tojosaki, Ajaka Suwa, Jui Horie, Maria Naganawa, Tecu Inada, Jošiki Nakadžima;Nacume Akacuki;https://www.youtube.com/watch?v=_7xMfIp-irg<br>https://www.youtube.com/watch?v=782zsqMDnLI<br>https://www.youtube.com/watch?v=E-K8y6o5TFU<br>https://apps.apple.com/cz/app/id6755365206<br>https://play.google.com/store/apps/details?id=cz.csfd.csfdroid<br>;;
36716;Ďáblova krása;1950;82.19917012448133;99.0;https://image.pmgstatic.com/cache/resized/w420/files/images/film/posters/160/006/160006717_c819c0.jpg;https://www.csfd.cz/film/36716-dablova-krasa/;Francie / Itálie;Komedie / Drama / Fantasy;La Beauté du diable;Francouzská filmová fantastická komedie René Claira na faustovský motiv. Historie profesora Fausta a jeho omládnutí dílem ďáblovým, známá z Goethova nejslavnějšího díla, nabývá zde nové formy, plné jemného francouzského humoru. Autoři filmu reagovali v tomto díle na mírové hnutí, neboť film je odmítnutím válek a zneužití atomové energie. (Filmový přehled);16.03.1950 Les Films Corona;černobílý film, Ďábel;René Clair;Michel Simon, Gérard Philipe, Nicole Besnard, Simone Valère, Carlo Ninchi, Raymond Cordy, Tullio Carminati, Paolo Stoppa, Gaston Modot, Armand Salacrou;;https://apps.apple.com/cz/app/id6755365206<br>https://play.google.com/store/apps/details?id=cz.csfd.csfdroid<br>;British Academy of Film and Television Arts (BAFTA) (1x)<br>;
20382;Malý toaster;1987;81.02055279943302;90.0;https://image.pmgstatic.com/cache/resized/w420/files/images/film/posters/000/016/16331_02cc81.jpg;https://www.csfd.cz/film/20382-maly-toaster/;USA / Tchaj-wan / Japonsko;Animovaný / Dobrodružný / Rodinný / Komedie / Fantasy / Muzikál;Odvážný malý toaster;Mile svérázné veselé postavičky a přitažlivé výtvarné zpracování dělají z tohoto výjimečně pěkného filmu krásný zážitek pro každé dítě. Film připomíná velké hollywoodské filmy, ve kterých hrdinové stále musí čelit novým problémům a proto je velmi vzrušující a skutečně silně upoutá vaši pozornost. Nudit se při něm zaručeně nebudou malí ani velcí! Jednoho dne rodina opustí svůj domov a zanechá v něm domácí spotřebiče. Ty ale oživnou a vypraví se do světa najít svého „pána“. Tak začíná nebezpečná, humorná a krásná podívaná o putování domácích spotřebičů do města i na venkov. Po boku nebojácného malého toastera tu kráčí vážný vysavač, zbabělá skříńka, hlučné rádio, rozsvícená lampa a další. Cestou prožívají nevídaná dobrodružství a jsou moc rádi, když nakonec svého „pána“ přece jen najdou.;Na DVD od 01.02.2004 Magic Box;město, venkov, putování, statečnost;Jerry Rees;Jon Lovitz, Timothy Stack, Phil Hartman, Joe Ranft, Deanna Oliver, Randall William Cook, Judy Toll, Chris Edgerly, Pat Fraley, Gary Falcone;;https://apps.apple.com/cz/app/id6755365206<br>https://play.google.com/store/apps/details?id=cz.csfd.csfdroid<br>;Sundance Film Festival (1x)<br>;Sundance Film Festival (1x)<br>
197182;Harry Potter a Fénixův řád;2007;80.43435698488089;138.0;https://image.pmgstatic.com/cache/resized/w420/files/images/film/posters/000/044/44372_614c47.jpg;https://www.csfd.cz/film/197182-harry-potter-a-fenixuv-rad/;Velká Británie / USA;Fantasy / Rodinný / Dobrodružný / Drama;Harry Potter and the Order of the Phoenix;Harry Potter se vrací do Bradavic, aby nastoupil do pátého ročníku školy čar a kouzel. Tam však zjistí, že většina členů kouzelnické komunity věří, že jeho nedávné setkání s Lordem Voldemortem je obyčejný výmysl, čímž je zásadně zpochybněna Harryho důvěryhodnost. Ba co hůř, ministr kouzel Kornelius Popletal opět jmenoval nového učitele obrany proti černé magii. V lekcích podezřelé profesorky Umbridgeové se však mladí čarodějové nic zásadního nenaučí a proto nemají dostatek znalostí k boji s temnými silami, které se kolem nich stahují. Na Hermioninu a Ronovu výzvu se Harry rozhodne vzít chod věcí do svých rukou. Tajně se začne scházet s malou skupinou studentů, kteří se hrdě nazvali Brumbálova armáda, a učí je, jak se ubránit černé magii. Ačkoliv je sám teprve student, připravuje odvážné mladé čaroděje na nebezpečnou bitvu, která brzy propukne..;13.07.2007 Warner Bros. UK;podle knihy, rodina, přátelství, přátelé, otec, matka, rodiče, dcera, syn, škola, manipulace, souboje, učitel, soud, kouzla, šikana, magie, zlo, sirotek, mučení, odboj, výcvik, vzpoura, čarodějové, profesor, profesorka, věštkyně, věštec, kentauři;David Yates;Daniel Radcliffe, Rupert Grint, Emma Watson, Jason Isaacs, Tom Felton, Maggie Smith, Helena Bonham Carter, Robbie Coltrane, Ralph Fiennes, Michael Gambon;J. K. Rowling;https://www.hbomax.com/cz/en/movies/harry-potter-and-the-order-of-the-phoenix/25768909-39b8-4cb2-a39f-e059460f7add<br>https://srv.clickfuse.com/ads/adclkr.php?id=100006636&url=https://tv.apple.com/cz/movie/harry-potter-and-the-order-of-the-phoenix/umc.cmc.37a9axm70raoztdprh6fimsth<br>https://www.youtube.com/watch?v=u_SZOMHj4Ew<br>https://sledovanitv.cz/epg/event/HBO:202512114f27ef483a8d45805ca4d354886013db<br>https://www.hbomax.com/cz/en/movies/harry-potter-and-the-order-of-the-phoenix/25768909-39b8-4cb2-a39f-e059460f7add<br>https://srv.clickfuse.com/ads/adclkr.php?id=100006636&url=https://tv.apple.com/cz/movie/harry-potter-and-the-order-of-the-phoenix/umc.cmc.37a9axm70raoztdprh6fimsth<br>https://www.youtube.com/watch?v=u_SZOMHj4Ew<br>https://sledovanitv.cz/epg/event/HBO:202512114f27ef483a8d45805ca4d354886013db<br>https://apps.apple.com/cz/app/id6755365206<br>https://play.google.com/store/apps/details?id=cz.csfd.csfdroid<br>;British Academy of Film and Television Arts (BAFTA) (2x)<br>Critics Choice Awards (1x)<br>The Saturn Awards (9x)<br>;European Film Awards (1x)<br>
181865;Pepek námořník potkává námořníka Sindbáda;1936;81.68595041322314;16.0;https://image.pmgstatic.com/cache/resized/w420/files/images/film/posters/159/371/159371904_144994.jpg;https://www.csfd.cz/film/181865-pepek-namornik-potkava-namornika-sindbada/;USA;Animovaný / Krátkometrážní / Komedie / Fantasy;Pepek námořník a Sindibád;Pepek a Olive Oyl navštíví záhadný ostrov Sindbada (Bluto) s jeho dvouhlavým obrem, lvy, draky a dalšími fantastickými příšerami. Pepek a Sindbad nakonec svedou velký boj. (duklak2);Na DVD od 15.07.2008 Blesk;podle komiksu, Pepek námořník;Dave Fleischer;Jack Mercer, Mae Questel, Lou Fleischer;E. C. Segar;https://srv.clickfuse.com/ads/adclkr.php?id=100006636&url=https://tv.apple.com/cz/movie/popeye-the-sailor-meets-sindbad-the-sailor/umc.cmc.1hetiadib2g3c0n6m0wrlhfcf<br>https://srv.clickfuse.com/ads/adclkr.php?id=100006636&url=https://tv.apple.com/cz/movie/popeye-the-sailor-meets-sindbad-the-sailor/umc.cmc.1hetiadib2g3c0n6m0wrlhfcf<br>https://apps.apple.com/cz/app/id6755365206<br>https://play.google.com/store/apps/details?id=cz.csfd.csfdroid<br>;Academy Awards (1x)<br>;
397338;Odvážná Vaiana: Legenda o konci světa;2016;80.35628088725434;107.0;https://image.pmgstatic.com/cache/resized/w420/files/images/film/posters/161/305/161305602_3e4e32.jpg;https://www.csfd.cz/film/397338-odvazna-vaiana-legenda-o-konci-sveta/;USA;Animovaný / Dobrodružný / Komedie / Rodinný / Fantasy / Muzikál;Moana;Walt Disney Animation Studios uvedou struhující počítačově animovaný film Odvážná Vaiana: Legenda o konci světa o nebojácné dospívající dívce, která se vydává na nebezpečnou cestu, aby zachránila svůj lid. Cestou potkává Vaiana (Auli'i Cravalho) kdysi mocného poloboha Mauiho (Dwayne Johnson), který jí pomůže stát se zkušenou mořeplavkyní. Společně se plaví přes širý oceán a zažívají nebezpečná a úžasná dobrodružství, například setkání s obřími mořskými monstry, ze kterých leckdy uniknou jen o vlásek. Na konci cesty Vaiana splní úkol svých předků a najde to, co vždycky hledala: sama sebe. (Falcon);23.11.2016 Buena Vista Pictures US;dívka, dcera, zvířata, moře, ostrov, monstra, voda, lodě, oceán, babička, domorodé kmeny, hrdina, démoni, legenda, pláž, oheň, 3D, bohové, Disney Princess, láva;Ron Clements, John Musker;Auli'i Cravalho, Dwayne Johnson, Temuera Morrison, Jemaine Clement, Nicole Scherzinger, Alan Tudyk, Oscar Kightley, Chris Jackson, Phillipa Soo;;https://srv.tunefindforfans.com/showads/track/srvclk.php?aid=100006796&lp=https://www.disneyplus.com/en-cz/browse/entity-e8896bfa-1052-41f7-ae2e-00255d77cf05<br>https://srv.clickfuse.com/ads/adclkr.php?id=100006636&url=https://tv.apple.com/cz/movie/moana/umc.cmc.13yhzauh3b57obklyle10aepi<br>/novinky/8951-disney-o-rok-odsouva-hranou-moanu/<br>/novinky/8951-disney-o-rok-odsouva-hranou-moanu/<br>/novinky/8951-disney-o-rok-odsouva-hranou-moanu/<br>/novinky/8898-disney-oznamuje-pokracovani-a-premiery-svych-hitu/<br>/novinky/8898-disney-oznamuje-pokracovani-a-premiery-svych-hitu/<br>/novinky/8898-disney-oznamuje-pokracovani-a-premiery-svych-hitu/<br>https://srv.tunefindforfans.com/showads/track/srvclk.php?aid=100006796&lp=https://www.disneyplus.com/en-cz/browse/entity-e8896bfa-1052-41f7-ae2e-00255d77cf05<br>https://srv.clickfuse.com/ads/adclkr.php?id=100006636&url=https://tv.apple.com/cz/movie/moana/umc.cmc.13yhzauh3b57obklyle10aepi<br>/tag/1764-disney-princess/<br>https://apps.apple.com/cz/app/id6755365206<br>https://play.google.com/store/apps/details?id=cz.csfd.csfdroid<br>;Academy Awards (2x)<br>British Academy of Film and Television Arts (BAFTA) (1x)<br>Golden Globes (2x)<br>Critics Choice Awards (2x)<br>Florida Film Critics Circle Awards (1x)<br>The Saturn Awards (1x)<br>;
5733;Tygr a drak;2000;80.34056423513543;116.0;https://image.pmgstatic.com/cache/resized/w420/files/images/film/posters/000/005/5283_8c619c.jpg;https://www.csfd.cz/film/5733-tygr-a-drak/;Tchaj-wan / Čína / Hongkong / USA;Dobrodružný / Drama / Akční / Fantasy / Romantický;Wo hu cang long;TYGR A DRAK je epický milostný příběh zasazený do staré Číny. Krásný a silný Li Mu Bai (Chow Yun-Fat) je jedním z nejlepších mistrů nejvyššího bojového umění své doby. V tajném výcvikovém táboře potkává dávnou přítelkyní Shu Lien (Michelle Yeoh). Kdysi v boji zabil jejího snoubence, ale náklonnost mezi nimi je vzájemná. Li požádá Shu Lien, která pokračuje v cestě do Pekingu, aby předala jeho meč, legendární Green Destiny (Zelený osud), do rukou pana Tche, respektovaného vůdce a přítele Shu Lienina otce. Li chce tímto gestem začít po letech bojů novou životní etapu. Odchází do hor poklonit se památce dávného mistra, kterého před lety otrávila kriminálnice Jade Fox (Cheng Pei- pei). Mezi tím se Shu Lien setkává v Pekingu s dcerou guvernéra krásnou Jen (Zhang Ziyi), která je obdivovatelkou způsobu života, jakým žije Shu Lien. Krátce na to je posvátný meč z domu pana Tche ukraden a způsob ukazuje na styl Jade Fox. Po stopách krádeže se jako první vydává Shu Lien. Zelený osud je v rukou Jade Fox a je na Li Mu Baiovi, aby jej získal zpátky a zároveň pomstil všechny mrtvé. Je za to ochoten položit i život...;06.07.2000;podle knihy, muž, láska, žena, vražda, dívka, pomsta, souboje, krádež, bojová umění, šlechta, sluha, bandité, Čína, chůva, wuxia;Ang Lee;Yun-fat Chow, Michelle Yeoh, Ziyi Zhang, Chen Chang, Sihung Lung, Pei-pei Cheng, Fa Zeng Li, Xian Gao, Yan Hai, De Ming Wang;Dulu Wang;https://apps.apple.com/cz/app/id6755365206<br>https://play.google.com/store/apps/details?id=cz.csfd.csfdroid<br>;Academy Awards (6x)<br>British Academy of Film and Television Arts (BAFTA) (10x)<br>European Film Awards (1x)<br>Amanda Awards (1x)<br>Hong Kong Film Awards (8x)<br>Golden Globes (1x)<br>Los Angeles Film Critics Association Awards (2x)<br>The Saturn Awards (7x)<br>;Academy Awards (4x)<br>Independent Spirit Awards (3x)<br>British Academy of Film and Television Arts (BAFTA) (4x)<br>Robert Awards (Danish Film Awards) (1x)<br>Hong Kong Film Awards (8x)<br>Golden Globes (2x)<br>Critics Choice Awards (1x)<br>Florida Film Critics Circle Awards (2x)<br>Los Angeles Film Critics Association Awards (4x)<br>New York Film Critics Circle Awards (1x)<br>The Saturn Awards (1x)<br>Toronto International Film Festival (1x)<br>
476618;Legendy Polskie: Operacja Bazyliszek;2016;82.08144796380091;17.0;//static.pmgstatic.com/assets/images/050b5bad23b8eb0b4f88f971b8f6a168/empty-image.svg;https://www.csfd.cz/film/476618-legendy-polskie-operacja-bazyliszek/;Polsko;Krátkometrážní / Dobrodružný / Mysteriózní / Fantasy;Polish Legends: Operacja Bazyliszek;;;;Tomasz Bagiński;Paweł Domagała, Michalina Olszańska, Olaf Lubaszenko, Piotr Machalica;;https://apps.apple.com/cz/app/id6755365206<br>https://play.google.com/store/apps/details?id=cz.csfd.csfdroid<br>;;
238304;Hobit: Šmakova dračí poušť;2013;80.30334056399133;161.0;https://image.pmgstatic.com/cache/resized/w420/files/images/film/posters/158/067/158067037_c44a67.jpg;https://www.csfd.cz/film/238304-hobit-smakova-draci-poust/;USA / Nový Zéland;Dobrodružný / Fantasy;The Hobbit: The Desolation of Smaug;Hobit: Šmakova dračí poušť líčí další dobrodružství hobita Bilbo Pytlíka na jeho společné pouti s čarodějem Gandalfem a třinácti trpaslíky vedenými Thorinem Pavézou. Vydali se na výpravnou cestu, jejímž cílem je získat zpět Osamělou horu a ztracené království trpaslíků Erebor. Poté, co přežili začátek své neočekávané cesty, pokračuje tato společnost směrem na Východ a cestou potkává kožoměnce Medděda a v lese Mirkwood plném nástrah se střetává s houfem obřích Pavouků. Když se jim podaří uniknout ze zajetí nebezpečných lesních elfů, pokračují trpaslíci k Jezernímu městu a nakonec k samotné Osamělé hoře, kde musí čelit největšímu nebezpečí v podobě Šmaka - nejstrašlivější nestvůry, která prověří nejen jejich odvahu, ale i pevnost jejich přátelství a smysluplnost celé pouti. (Warner Bros. CZ);13.12.2013 Warner Bros. US;podle knihy, putování, souboje, hory, kouzla, magie, zlato, draci, 3D, pavouci, elfové, trpaslíci, skřeti;Peter Jackson;Martin Freeman, Ian McKellen, Benedict Cumberbatch, Luke Evans, Orlando Bloom, Evangeline Lilly, Richard Armitage, Graham McTavish, James Nesbitt, Ken Stott;J.R.R. Tolkien;https://www.hbomax.com/cz/en/movies/hobbit-the-desolation-of-smaug-extended-edition/6ba42b80-1619-4ed4-b250-0f0718fd3141<br>https://srv.clickfuse.com/ads/adclkr.php?id=100006636&url=https://tv.apple.com/cz/movie/the-hobbit-the-desolation-of-smaug/umc.cmc.37ggdl4fnin7wu7o010404oit<br>https://www.youtube.com/watch?v=6UqFleydmg8<br>https://sledovanitv.cz/epg/event/HBO2:202602244a85354581b28c4ec0559a1db487bce6<br>https://www.hbomax.com/cz/en/movies/hobbit-the-desolation-of-smaug-extended-edition/6ba42b80-1619-4ed4-b250-0f0718fd3141<br>https://srv.clickfuse.com/ads/adclkr.php?id=100006636&url=https://tv.apple.com/cz/movie/the-hobbit-the-desolation-of-smaug/umc.cmc.37ggdl4fnin7wu7o010404oit<br>https://www.youtube.com/watch?v=6UqFleydmg8<br>https://sledovanitv.cz/epg/event/HBO2:202602244a85354581b28c4ec0559a1db487bce6<br>https://apps.apple.com/cz/app/id6755365206<br>https://play.google.com/store/apps/details?id=cz.csfd.csfdroid<br>;Academy Awards (3x)<br>British Academy of Film and Television Arts (BAFTA) (2x)<br>Critics Choice Awards (5x)<br>Florida Film Critics Circle Awards (1x)<br>The Saturn Awards (8x)<br>;The Saturn Awards (1x)<br>
328872;Kluk ve světě příšer;2015;80.66901408450704;119.0;https://image.pmgstatic.com/cache/resized/w420/files/images/film/posters/160/655/160655036_6e8e59.jpg;https://www.csfd.cz/film/328872-kluk-ve-svete-priser/;Japonsko;Animovaný / Dobrodružný / Drama / Fantasy;Bakemono no ko;Příběh o důležitosti rodiny, lásky a cti vyniká fascinujícím mistrovstvím animace japonského režiséra Mamoru Hosody. Devítiletý Kjúta je obyčejný kluk z moderního Tokia. Hodně věcí o životě ještě neví a neměl dosud ani tušení o tom, že vedle reálného světa existuje ještě skrytý fantazijní svět obývaný zvířaty. Až do chvíle, než se v něm náhodou sám ocitl. V kouzelném světě Džútengai ale nejsou lidé příliš vítáni a celou zemí navíc zmítají nepokoje s nástupem nového panovníka. Chlapce se ujme osamělý medvědí válečník, aby ho uchránil nebezpečí v neznámém světě. (AČFK);11.07.2015 Toho Company;rodina, smrt, přátelství, přátelé, otec, matka, mládež, chlapec, zvířata, anime, dospívání, souboje, učitel, studenti, monstra, dobrodruh, bojová umění, MMA;Mamoru Hosoda;Aoi Mijazaki, Kódži Jakušo, Šóta Sometani, Haru Kuroki, Lily Franky, Mamoru Mijano, Masahiko Cugawa, Sumire Morohoši, Jó Óizumi, Kumiko Asó;;https://apps.apple.com/cz/app/id6755365206<br>https://play.google.com/store/apps/details?id=cz.csfd.csfdroid<br>;San Sebastián International Film Festival (1x)<br>;
14696;Šťastný to muž;1973;82.00980392156863;183.0;https://image.pmgstatic.com/cache/resized/w420/files/images/film/posters/158/732/158732657_e294c3.jpg;https://www.csfd.cz/film/14696-stastny-to-muz/;Velká Británie / USA;Drama / Komedie / Fantasy / Hudební;O Lucky Man!;Druhá část Andersonovy trilogie s postavou Micka Travise vznikla podle původního scénáře představitele ústředního hrdiny Malcolma McDowella, který popisoval své zkušenosti obchodního zástupce s kávou. Lindsay Anderson společně se scenáristou trilogie Davidem Sherwinem námět rozpracovali a připravili k realizaci. V téměř muzikálové koláži písní a jednotlivých epizod sledujeme bizarní cestu prodejce kávy, který se vydává do světa za štěstím a v rozmanitých prostředích (vojenský objekt, atomová elektrárna, kostel, noční párty) se setkává s různě zkorumpovanými představiteli moci. Malcolm McDowell je zde jako Šťastný muž naprosto neodolatelný a na samém vrcholu hereckého rozkvětu. Životní pouť jeho postavy, plná hrabivosti a chamtivosti mládí, odráží charakteristické jevy britské společnosti přelomu 60. a 70. let minulého století. Již potřetí se Anderson setkal s precizní prací kameramana Miroslava Ondříčka, na vynikající hudební složce se podílel Alan Price, který již dříve komponoval hudbu k některým předešlým Andersonovým divadelním inscenacím. Nakonec si spolu s dalšími hudebníky ve filmu zahrál sám sebe, podobně se v závěru filmu ve scéně konkurzu na Šťastného muže objeví i Lindsay Anderson. S výjimkou Malcolma McDowella se většina herců objeví v různých úlohách několikrát.;;;Lindsay Anderson;Malcolm McDowell, Ralph Richardson, Arthur Lowe, Helen Mirren, Philip Stone, Warren Clarke, Bill Owen, Geoffrey Palmer, John Barrett, Lindsay Anderson;;/tvurce/94904-mona-washbourne/prehled/<br>https://srv.clickfuse.com/ads/adclkr.php?id=100006636&url=https://tv.apple.com/cz/movie/o-lucky-man/umc.cmc.3q14e0akrlnqlale9zpiinood<br>https://www.youtube.com/watch?v=9nevAMsepus<br>https://srv.clickfuse.com/ads/adclkr.php?id=100006636&url=https://tv.apple.com/cz/movie/o-lucky-man/umc.cmc.3q14e0akrlnqlale9zpiinood<br>https://www.youtube.com/watch?v=9nevAMsepus<br>https://apps.apple.com/cz/app/id6755365206<br>https://play.google.com/store/apps/details?id=cz.csfd.csfdroid<br>;Golden Globes (1x)<br>Cannes Film Festival (1x)<br>;British Academy of Film and Television Arts (BAFTA) (2x)<br>
417990;One Punch Man: Road to Hero;2015;82.57234726688102;24.0;https://image.pmgstatic.com/cache/resized/w420/files/images/film/posters/160/365/160365178_1555a5.jpg;https://www.csfd.cz/film/417990-one-punch-man-road-to-hero/;Japonsko;Animovaný / Akční / Fantasy / Komedie / Sci-Fi;ワンパンマン ロード・トゥ・ヒーロー;;;anime;Šingo Nacume;Kaito Išikawa, Šin'ja Hamazoe, Ako Majama, Jošimicu Šimojama, Čó, Makoto Furukawa, Jódži Ueda, Hiroki Gotó;One;https://apps.apple.com/cz/app/id6755365206<br>https://play.google.com/store/apps/details?id=cz.csfd.csfdroid<br>;;
203662;Inujaša: Tenka hadó no ken;2003;82.09424083769633;98.0;https://image.pmgstatic.com/cache/resized/w420/files/images/film/posters/161/826/161826269_2182a4.jpg;https://www.csfd.cz/film/203662-inujasa-tenka-hado-no-ken/;Japonsko;Animovaný / Akční / Dobrodružný / Fantasy;映画 犬夜叉　天下覇道の剣;Třetí film, doplňující oblíbený anime seriál, nás zavádí do minulosti, kde konečně objasňuje osud Inuyashova otce a jeho mocných mečů, které předal do vlastnictví svých synů. Kromě Tenseigy a Tessaigy, mečů darujících život a smrt, se objevuje třetí meč - Solunga. Meč s vlastní osobností, který se pokusí ovládnout Inuyashovu démonickou polovinu a poté celý svět... (Jin-ko);;láska, smrt, přátelé, dívka, otec, matka, anime, vzpomínky, souboje, bratři, nenávist, posedlost, zombie, démoni, Meč a magie, peklo;Tošija Šinohara;Akio Ócuka, Hóko Kuwašima, Ken Narita, Ken'iči Ogata, Mamiko Noto, Kappei Jamaguči, Fumihiko Tačiki, Hiroki Jasumoto, Jasunori Macumoto, Čó;Rumiko Takahaši;https://apps.apple.com/cz/app/id6755365206<br>https://play.google.com/store/apps/details?id=cz.csfd.csfdroid<br>;;
32100;Fantomas kontra Scotland Yard;1967;80.06183903925435;104.0;https://image.pmgstatic.com/cache/resized/w420/files/images/film/posters/161/197/161197363_f45770.jpg;https://www.csfd.cz/film/32100-fantomas-kontra-scotland-yard/;Francie / Itálie;Komedie / Dobrodružný / Krimi / Fantasy;Fantomas kontra Interpol;Fantomas vymyslel další pekelný kousek: nejbohatším lidem světa dá na vybranou - buď život, nebo tzv. daň z práva na život. Všichni ohrožení boháči se sejdou ve Skotsku, v přepychovém zámku lorda MacRashleye. Nechybí ani novinář Fandor, jeho snoubenka Helena a komisař Juve se svým pomocníkem. Nikdo však netuší, že na zámku je i Fantomas, který díky svému přestrojení a umění ve zhotovování dokonalých masek se stane dokonce samotným lorde Rashleyem. Snaží se získat diamanty v ceně miliónu dolarů, ale v patách má Fandora s Helenou a komisaře Juvea s celou jeho suitou. (Intersonic);Na Blu-ray od 23.11.2016 Magic Box;podle knihy, vražda, vrah, únos, mrtvola, gangsteři, krádež, zloděj, sériový vrah, lodě, letadla, lov, záměna identit, zámek;André Hunebelle;Jean Marais, Louis de Funès, Mylène Demongeot, Françoise Christophe, Jean-Roger Caussimon, Robert Dalban, André Dumas, Max Montavon, Rita Renoir, Jean Ozenne;Pierre Souvestre, Marcel Allain;https://apps.apple.com/cz/app/id6755365206<br>https://play.google.com/store/apps/details?id=cz.csfd.csfdroid<br>;;
227194;9;2005;80.43363299841354;11.0;https://image.pmgstatic.com/cache/resized/w420/files/images/film/posters/120/456/120456936_f9f29f.jpg;https://www.csfd.cz/film/227194-9/;USA;Krátkometrážní / Animovaný / Fantasy / Thriller;;Hadrový paňác poměří síly s monstrem, které vysává duše jeho soukmenovců. (havLord);;postapokalyptická budoucnost, steampunk;Shane Acker;;;https://apps.apple.com/cz/app/id6755365206<br>https://play.google.com/store/apps/details?id=cz.csfd.csfdroid<br>;Academy Awards (1x)<br>;
366254;Lost - Epilogue: The New Man in Charge;2010;84.3820224719101;12.0;//static.pmgstatic.com/assets/images/050b5bad23b8eb0b4f88f971b8f6a168/empty-image.svg;https://www.csfd.cz/film/366254-lost-epilogue-the-new-man-in-charge/;USA;Dobrodružný / Drama / Fantasy / Krátkometrážní;;Jedná se o epilog televizního seriálu Ztraceni. Ačkoliv se samotný epilog nikdy neodvysílal v televizi, tak obsahuje zajímavé odpovědi na některé nevyřešené záhady, na jejichž objasnění v poslední 6. sérii nezbylo místo. Samotný děj se odehrává ve dvou rovinách - ta první ukazuje Benovu (Michael Emerson) návštěvu objektu iniciativy DHARMA mimo ostrov. Druhá část se odehrává v Institutu duševního zdraví Santa Rosa, kde Ben navštíví Walta (Malcolm David Kelley). (dan4815);;;Paul A. Edwards;Michael Emerson, Jorge Garcia, Ted Rooney, François Chau, Malcolm David Kelley, Ray Porter;;https://www.youtube.com/watch?v=UNxgdQWJAN4<br>/tvurce/11675-alex-chapple/prehled/<br>/film/69585-amazonka/prehled/<br>https://apps.apple.com/cz/app/id6755365206<br>https://play.google.com/store/apps/details?id=cz.csfd.csfdroid<br>;;
722199;Kde je moje tělo?;2019;80.40796019900498;81.0;https://image.pmgstatic.com/cache/resized/w420/files/images/film/posters/164/048/164048690_2af4be.jpg;https://www.csfd.cz/film/722199-kde-je-moje-telo/;Francie;Animovaný / Drama / Fantasy / Romantický;J'ai perdu mon corps;Tenhle oceněný animovaný film vypráví o dobrodružství, mladé lásce a vzpomínkách z dětství. Paříží se zatím pohybuje ruka oddělená od těla a hledá svého majitele. (Netflix);06.11.2019 Rezo Films;podle knihy, láska, Francie, Paříž, autonehoda, surrealismus, sirotek, těžký úraz, knihovna, amputace, mouchy;Jérémy Clapin;Patrick d'Assumçao, Victoire Du Bois, Jarrod Pistilli, Hakim Faris, Alfonso Arfi, Hichem Mesbah, Myriam Loucif, Maud Le Guenedal, Nicole Favart, Quentin Baillot;Guillaume Laurant;https://www.netflix.com/title/81120982<br>https://www.netflix.com/<br>https://www.netflix.com/title/81120982<br>https://www.csfd.cz/vod/netflix/<br>https://apps.apple.com/cz/app/id6755365206<br>https://play.google.com/store/apps/details?id=cz.csfd.csfdroid<br>;Academy Awards (1x)<br>European Film Awards (1x)<br>César Awards (1x)<br>Critics Choice Awards (1x)<br>Warsaw International Film Festival (1x)<br>;César Awards (2x)<br>Florida Film Critics Circle Awards (1x)<br>Los Angeles Film Critics Association Awards (2x)<br>New York Film Critics Circle Awards (1x)<br>Sitges Film Festival (1x)<br>
254420;Iron Man 3;2013;80.03220671528524;130.0;https://image.pmgstatic.com/cache/resized/w420/files/images/film/posters/119/633/119633841_fb58de.jpg;https://www.csfd.cz/film/254420-iron-man-3/;USA / Čína;Sci-Fi / Fantasy / Akční / Dobrodružný;Iron Man Three;Ve filmu společnosti Marvel Studios Iron Man 3 je svérázný, ale geniální průmyslník Tony Stark / Iron Man nucen čelit nepříteli, jehož dosah nezná hranic. Když je rukou nepřítele připraven o vše, čeho si v životě cení, vydá se Stark na pouť s cílem nalézt toho, kdo je za jeho utrpení zodpovědný. Na každém jejím kroku bude nucen prokázat své odhodlání a sílu vůle. Zahnán do kouta bude nucen přežít pouze prostřednictvím svých vynálezům a při ochraně svých nejbližších se bude moci spolehnout jen na svou geniální mysl a své instinkty. Při své odvetě současně objevuje odpověď na otázku, která ho ve skrytu duše dlouho sužovala: je on sám pouhou součástí svého obleku, nebo je oblek pouze součástí jeho samého?;01.05.2013 China Film;přátelství, chlapec, zbraně, pomsta, Vánoce, únos, podle komiksu, vědci, teroristé, superhrdina, roboti, prezident, Marvel Comics, vynálezce, 3D, IMAX, Miami, Marvel Cinematic Universe (MCU), Iron Man, War Machine, pyrokineze;Shane Black;Robert Downey Jr., Gwyneth Paltrow, Don Cheadle, Ben Kingsley, Paul Bettany, Rebecca Hall, Guy Pearce, James Badge Dale, Jon Favreau, Stan Lee;Stan Lee, Jack Kirby, Larry Lieber;https://srv.tunefindforfans.com/showads/track/srvclk.php?aid=100006796&lp=https://www.disneyplus.com/en-cz/browse/entity-e8569c2d-85ec-42a4-8811-b2618d494a40<br>https://srv.clickfuse.com/ads/adclkr.php?id=100006636&url=https://tv.apple.com/cz/movie/iron-man-3/umc.cmc.330w7tm79l0jupdtwihclt1rh<br>https://www.youtube.com/watch?v=eiH-Xnvx6E4<br>https://srv.tunefindforfans.com/showads/track/srvclk.php?aid=100006796&lp=https://www.disneyplus.com/en-cz/browse/entity-e8569c2d-85ec-42a4-8811-b2618d494a40<br>https://srv.clickfuse.com/ads/adclkr.php?id=100006636&url=https://tv.apple.com/cz/movie/iron-man-3/umc.cmc.330w7tm79l0jupdtwihclt1rh<br>https://www.youtube.com/watch?v=eiH-Xnvx6E4<br>https://apps.apple.com/cz/app/id6755365206<br>https://play.google.com/store/apps/details?id=cz.csfd.csfdroid<br>;Academy Awards (1x)<br>British Academy of Film and Television Arts (BAFTA) (1x)<br>Critics Choice Awards (4x)<br>The Saturn Awards (2x)<br>;The Saturn Awards (3x)<br>
734198;Myši patří do nebe;2021;80.20517830972155;87.0;https://image.pmgstatic.com/cache/resized/w420/files/images/film/posters/165/613/165613154_204b67.jpg;https://www.csfd.cz/film/734198-mysi-patri-do-nebe/;Česko / Francie / Polsko / Slovensko;Animovaný / Rodinný / Dobrodružný / Komedie / Fantasy;Même les souris vont au paradis;Myška Šupito ráda všechny přesvědčuje o tom, že je nejodvážnější myší na celém světě a vůbec ničeho se nebojí. Ale opak je pravdou, ve skutečnosti se pobobkuje ze všeho, co se kolem jen mihne. Jejím toužebným přáním je být stejně statečná jako její tatínek. Ten se dokázal s nasazením vlastního života postavit děsivému lišákovi Tlamounovi, postrachu celého lesa. Boj sice nevyhrál, stal se ale obdivovaným hrdinou myšího společenství. Šupito chce všem dokázat, že odvaha je dědičná. Snaží se zopakovat jeho legendární kousek - vytrhnout pár chlupů z liščího kožichu. Za cíl si vybere spícího mladého lišáka Bělobřicha. Vše se nakonec semele trochu jinak, než si malá myška představovala. Lišák se nečekaně probudí a honička končí nešťastně pro oba dva. Šupito i Bělobřich se dostanou do zvířecího nebe. Při pokusu vyhnout se vstupní očistné koupeli v nebeských lázních na sebe myška i lišák opět natrefí a díky společné nelibosti k mytí jsou přinuceni pokračovat v cestě společně. Putují po nebeských atrakcích i fantaskních zákoutích, zažívají nejrůznější dobrodružství i nečekaná setkání a navzájem se poznávají. Šupito je na Bělobřicha nejdřív pořádně naštvaná, ale postupně si uvědomuje, že je jiný než ostatní tolik nenáviděné lišky. Na cestě nebem musí oba společně zdolat různé nástrahy, splnit úkoly a překonat překážky. Vznikne mezi nimi podivuhodné přátelství a na konci jejich putování na ně čeká velké překvapení. (CinemArt);29.04.2022 Nowe Horyzonty;podle knihy, smrt, žena režisérka, přátelství, přátelé, otec, strach, zvířata, sourozenci, les, Wilhelm scream, kino, stop motion animace, statečnost, reinkarnace, oběť (rituální), lišky, myši, posmrtný život, zábavní park, nebe, krtci;Jan Bubeníček, Denisa Grimmová;Pavlína Balner, Matouš Ruml, Ondřej Vetchý, Lukáš Pavlásek, Martin Stránský, Ludmila Zábršová-Molínová, David Novotný, Jiří Klem, Jiří Lábus, Martin Dejdar;Iva Procházková;https://www.netflix.com/title/81674899<br>https://srv.clickfuse.com/ads/adclkr.php?id=100006636&url=https://tv.apple.com/cz/movie/even-mice-belong-in-heaven/umc.cmc.7311w9jq938ggttjr4v6fl7co<br>https://www.iprima.cz/filmy/mysi-patri-do-nebe?utm_source=csfd&utm_medium=section_vod&utm_campaign=link_exchange<br>https://www.youtube.com/watch?v=gC0awkXOZIY<br>https://www.netflix.com/title/81674899<br>https://srv.clickfuse.com/ads/adclkr.php?id=100006636&url=https://tv.apple.com/cz/movie/even-mice-belong-in-heaven/umc.cmc.7311w9jq938ggttjr4v6fl7co<br>https://www.iprima.cz/filmy/mysi-patri-do-nebe?utm_source=csfd&utm_medium=section_vod&utm_campaign=link_exchange<br>https://www.youtube.com/watch?v=gC0awkXOZIY<br>https://apps.apple.com/cz/app/id6755365206<br>https://play.google.com/store/apps/details?id=cz.csfd.csfdroid<br>;European Film Awards (1x)<br>César Awards (1x)<br>Český lev (1x)<br>Zlín Film Festival (1x)<br>;Český lev (1x)<br>Ceny české filmové kritiky (1x)<br>Shanghai International Film Festival (1x)<br>Zlín Film Festival (1x)<br>
380161;Strážci Galaxie Vol. 2;2017;80.00697176435436;136.0;https://image.pmgstatic.com/cache/resized/w420/files/images/film/posters/161/620/161620568_5e5f1e.jpg;https://www.csfd.cz/film/380161-strazci-galaxie-vol-2/;USA / Nový Zéland / Kanada;Akční / Dobrodružný / Sci-Fi / Fantasy / Komedie;Guardians of the Galaxy Vol. 2;V rytmu zbrusu nových Nejlepších hitů #2 pokračují ve filmu od studia Marvel Strážci Galaxie Vol. 2 dobrodružství party superhrdinů, kteří se vydávají až na samé hranice kosmu. Strážci se musí naučit držet pohromadě a odhalit tajemství rodičů Petera Quilla. Staří nepřátelé se stávají spojenci a na pomoc našim super-hrdinům přicházejí i další oblíbené postavy z rozpínajícího se filmového vesmíru studia Marvel. (Falcon);05.05.2017 Walt Disney US;láska, rodina, smrt, přátelství, otec, pronásledování, souboje, podle komiksu, mimozemšťané, vesmír, superhrdina, sirotek, vesmírná loď, Marvel Comics, 3D, Wilhelm scream, Marvel Cinematic Universe (MCU), Rocket Raccoon, Groot, Drax the Destroyer, Strážci Galaxie;James Gunn;Chris Pratt, Zoe Saldaña, Dave Bautista, Bradley Cooper, Vin Diesel, Michael Rooker, Karen Gillan, Pom Klementieff, Kurt Russell, Elizabeth Debicki;Dan Abnett, Andy Lanning;https://srv.tunefindforfans.com/showads/track/srvclk.php?aid=100006796&lp=https://www.disneyplus.com/en-cz/browse/entity-9fcd7087-c151-49dc-aeb9-b2f9943fd4e6<br>https://srv.clickfuse.com/ads/adclkr.php?id=100006636&url=https://tv.apple.com/cz/movie/guardians-of-the-galaxy-vol-2/umc.cmc.7g0gtypmo4kimdjqo0x078kuk<br>https://srv.tunefindforfans.com/showads/track/srvclk.php?aid=100006796&lp=https://www.disneyplus.com/en-cz/browse/entity-9fcd7087-c151-49dc-aeb9-b2f9943fd4e6<br>https://srv.clickfuse.com/ads/adclkr.php?id=100006636&url=https://tv.apple.com/cz/movie/guardians-of-the-galaxy-vol-2/umc.cmc.7g0gtypmo4kimdjqo0x078kuk<br>https://apps.apple.com/cz/app/id6755365206<br>https://play.google.com/store/apps/details?id=cz.csfd.csfdroid<br>;Academy Awards (1x)<br>Florida Film Critics Circle Awards (1x)<br>The Saturn Awards (3x)<br>;The Saturn Awards (1x)<br>
12491;Daleká cesta za domovem;1978;80.66259808195292;101.0;https://image.pmgstatic.com/cache/resized/w420/files/images/film/posters/158/083/158083372_457168.jpg;https://www.csfd.cz/film/12491-daleka-cesta-za-domovem/;Velká Británie / Kanada;Animovaný / Dobrodružný / Thriller / Rodinný / Pohádka / Fantasy;Watership Down;"Animovaná klasika, natočená podle románu, který uchvátil celý svět. V tomto okouzlujícím filmu, natočením podle bestselleru Richarda Adamse, ožívá nadčasová klasika. Leonard Maltin nazval tento půvabný film, určený divákům všech generací, ""jedním z nejlepších... animovaných filmů, jaké kdy vznikly!"" Mezi zvlněnými kopci a pokojnými loukami Anglie žije společenství králíků. Když je ale jejich nora ohrožena, uteče malá skupinka statečných králíků do neznámé krajiny, aby našla nový domov. Pod vedením vizionářského Lískáče, odvážného Hlavouna, chytré Borůvky a čestné Břízy musejí na své pouti čelit skličujícím výzvám a použít všechnu svou sílu a obratnost, aby přežili. Během svého putování získají podivného přítele - osamělého racka jménem Kejhal - a utkají se se zlým generálem Kostivalem, krutým vůdcem jiné nory. Režisér Martin Rosen vypráví příběh z velké části z perspektivy králíků, takže se s každým z nich můžeme identifikovat. Daleká cesta za domovem, plná vzrušení a dobrodružství, je napínavým, vzrušujícím příběhem, oslavujícím tradiční hodnoty jako jsou loajalita, odvaha a duch.";25.10.2024 British Film Institute (BFI);podle knihy, zvířata, intriky, putování, zrada, naděje, králíci;Martin Rosen;John Hurt, Richard Briers, Ralph Richardson, Richard O'Callaghan, Denholm Elliott, Zero Mostel, Nigel Hawthorne, Joss Ackland, Harry Andrews, Roy Kinnear;Richard Adams;https://apps.apple.com/cz/app/id6755365206<br>https://play.google.com/store/apps/details?id=cz.csfd.csfdroid<br>;The Saturn Awards (1x)<br>;The Saturn Awards (1x)<br>
225864;Mei to Koneko basu;2002;83.39285714285714;13.0;https://image.pmgstatic.com/cache/resized/w420/files/images/film/posters/158/593/158593392_7ad241.jpg;https://www.csfd.cz/film/225864-mei-to-koneko-basu/;Japonsko;Animovaný / Krátkometrážní / Dobrodružný / Fantasy;めいとこねこバス;"Tento Miyazakiho krátký snímek je neoficiálním pokračováním jeho slavného anime Tonari no Totoro. Byl promítán pouze krátký čas v tokijském Muzeu Ghibli. Vypráví o malé Mei a jejím ""koťátkobusu"" (potomek známého kočkobusu z filmu) a jejich dobrodružství. (Fabienne)";;rodina, přátelství, dívka, anime, duchové, výlet, kočky, autobus;Hajao Mijazaki;Hajao Mijazaki, Čika Sakamoto, Manabu Muradži, Masahiro Jošino, Širó Saitó, Šindži Tokumaru, Hiroši Ótaki, Kódžiró Takahaši;;https://apps.apple.com/cz/app/id6755365206<br>https://play.google.com/store/apps/details?id=cz.csfd.csfdroid<br>;;
3301;Brazil;1985;80.01557329180456;131.0;https://image.pmgstatic.com/cache/resized/w420/files/images/film/posters/162/502/162502767_e9b657.png;https://www.csfd.cz/film/3301-brazil/;Velká Británie;Drama / Fantasy / Sci-Fi;Brazil;"Podobně jako ve DVANÁCTI OPICÍCH, i zde Gilliam umístil svůj příběh do těžko definovatelného období kolem Vánoc ""někdy ve 20. století"", kdy armády bezejmenných úředníčků striktně dodržujících kancelářskou etiku jak z 30. let na každém kroku doprovází fantaskní přístroje moderní doby. Groteskní prostředí doplňují stejně groteskní postavy - hlavní hrdina Sam (Jonathan Pryce), jež se postupně sbližuje s naivní Jill (Kim Griest), pro kterou největší potěšení představuje sauna a filmy bratrů Marxových; Samova matka posedlá plastickou chirurgií; Jack v podání Michaela Palina, jemuž byla tato role napsána na tělo a jehož postava prochází ve filmu proměnou z příjemného chlapíka až k typickému produktu zrůdného systému, který např. svou ženu oslovuje Barbaro jen proto, že jeho šéf si není schopen zapamatovat její pravé jméno.";14.09.2017 AČFK;láska, sny, teroristé, antiutopie, tajná policie, kyberpunk, ideologie, retrofuturismus;Terry Gilliam;Jonathan Pryce, Robert De Niro, Katherine Helmond, Ian Holm, Bob Hoskins, Michael Palin, Ian Richardson, Peter Vaughan, Kim Greist, Jim Broadbent;;https://srv.clickfuse.com/ads/adclkr.php?id=100006636&url=https://tv.apple.com/cz/movie/brazil/umc.cmc.25tn9231aa7mzrvk4y5ssijqj<br>https://www.youtube.com/watch?v=uUGRb2BC3Yo<br>https://srv.clickfuse.com/ads/adclkr.php?id=100006636&url=https://tv.apple.com/cz/movie/brazil/umc.cmc.25tn9231aa7mzrvk4y5ssijqj<br>https://www.youtube.com/watch?v=uUGRb2BC3Yo<br>https://apps.apple.com/cz/app/id6755365206<br>https://play.google.com/store/apps/details?id=cz.csfd.csfdroid<br>;Academy Awards (2x)<br>;British Academy of Film and Television Arts (BAFTA) (2x)<br>Los Angeles Film Critics Association Awards (3x)<br>
21008;Návštěvníci;1993;79.92288735193577;107.0;https://image.pmgstatic.com/cache/resized/w420/files/images/film/posters/000/034/34357_bd74df.jpg;https://www.csfd.cz/film/21008-navstevnici/;Francie;Fantasy / Komedie / Sci-Fi;Les Visiteurs;Drátěnou košili v pračce nevypereš, aneb současná doba si nedokáže vážit statečných rytířů... Stačilo se jen omylem napít lektvaru namíchaného nepřátelským kouzelníkem a rázem se rytíř Godefroy a jeho sluha Jacquouille (již podle tohoto jména poznají Francouzi, že se jedná o zcela neurozeného člověka) ocitli ve 20. století. Samozřejmě, jak už to ve Francii bývá, našli své potomky, i když zrovna ne na takové úrovni, jakou by si představovali. Šlechta, potomci statečných rytířů, zchudla a v jejím zámku se naopak usídlil potomek vykutálených sluhů, který si jen změnil jméno z posměšného Jacquouille na důstojnějšího Jacquarta. Samozřejmě, že se pán i jeho sluha nejdříve ocitnou v blázinci, ale šlechtická krev se nezapře a Beatrice, jako přímý potomek rytíře Godefroy de Montmirail, se o svého předka postará... (Česká televize);27.01.1993 Buena Vista International;zbraně, koně, král, kněz, středověk, cestování časem, čarodějnice, čarodějové, rytíři;Jean-Marie Poiré;Christian Clavier, Jean Reno, Valérie Lemercier, Marie-Anne Chazel, Isabelle Nanty, Arielle Sémenoff, Katja Weitzenböck, Michel Scourneau, Gérard Séty, Michel Peyrelon;;http://www.ceskatelevize.cz<br>http://www.ceskatelevize.cz<br>https://apps.apple.com/cz/app/id6755365206<br>https://play.google.com/store/apps/details?id=cz.csfd.csfdroid<br>;César Awards (8x)<br>;César Awards (1x)<br>
307489;Vegas, Baby!;2011;80.3078677309008;8.0;https://image.pmgstatic.com/cache/resized/w420/files/images/film/posters/160/177/160177177_f63aed.jpg;https://www.csfd.cz/film/307489-vegas-baby/;Velká Británie;Krátkometrážní / Komedie / Drama / Fantasy;;Jedná se o speciál k seriálu Misfits, ve kterém jedna z hlavních postav Nathan (Robert Sheehan) odjíždí do Las Vegas, aby zde díky jeho nové schopnosti vydělal spoustu peněz. Hlavní hrdina však není z nejbystřejších. (Scelleton);;podvod, kasino, Las Vegas;;Robert Sheehan, Arlo Fitter-Clarke, Joe Gilgun, Philip Rosch;;https://apps.apple.com/cz/app/id6755365206<br>https://play.google.com/store/apps/details?id=cz.csfd.csfdroid<br>;;
10142;Falešná hra s králíkem Rogerem;1988;79.94276369582992;104.0;https://image.pmgstatic.com/cache/resized/w420/files/images/film/posters/167/228/167228374_bbefb4.jpg;https://www.csfd.cz/film/10142-falesna-hra-s-kralikem-rogerem/;USA;Animovaný / Fantasy / Krimi / Komedie / Rodinný;Who Framed Roger Rabbit;"Když se Steven Spielberg a Robert Zemeckis rozhodli natočit tento film, vyvstal před nimi nesnadný úkol: vymyslet technologii, která by na plátně pomohla vytvořit iluzi, jakou diváci doposud neviděli. FALEŠNÁ HRA S KRÁLÍKEM ROGEREM vychází z myšlenky, že kreslení hrdinové animovaných grotesek vedou mimo kameru své soukromé životy a prožívají stejné starosti a radosti jako lidé z masa a kostí. Žijí sice v animovaném městečku Toontown (Kreslounov), často se ovšem potulují po hollywoodských studiích. Koexistence ""kreslounů"" a lidí je roztříštěna ve chvíli, kdy je zamordován majitel pozemků Toontownu a podezření padne na bílého králíka Rogera. Do případu se zaplete i soukromé očko a musí čelit úskokům sadistického soudce, který hodlá Toontown vymazat z povrchu země a místo něj postavit dálnici.Zemeckisův a Spielbergův experiment měl prohloubit komunikaci herce s kresbičkou, zdokonalit synchronizaci, umožnit kameře volný pohyb a dodat figurkám trojrozměrnou plastičnost. Animátor, který by něco takového dokázal, byl pouze jeden - Richard Williams. Tvůrci přijali pravidlo, že herci budou pouze ""harmonickým doplňkem a součástí animovaného filmu"". Každá sekvence byla rozkreslena záběr po záběru a hrané pasáže se musely přizpůsobit možnostem pohybu kreslených postav. Herci natočili ""živou"" akci, při které hráli ""nasucho"" a komunikovali s neviditelnými protihráči. Teprve dodatečně byly na každé políčko ručně vkopírovány kreslené postavy.Zapomenout na konvence animovaného filmu se tvůrcům vyplatilo - jejich komedie je zatím nejlepší symbiózou hraného filmu a animace, kterou překoná asi jen počítačová technologie. Na autenticitě obrazu má obrovskou zásluhu především představitel detektiva Eddieho Bob Hoskins. V prázdném prostoru dokázal vnímat své neexistující partnery a ""hrát tak, jako by s animovanými králíky rozmlouval celá léta."" Příběh o králíkovi Rogerovi, který byl falešně obviněn z vraždy domnělého milence své nebezpečně smyslné manželky Jessiky, propojuje dva zdánlivě neslučitelné americké filmové žánry 40. let: kreslenou grotesku s kriminálním příběhem ""drsné školy"". Výprava, kostýmy i nasvícení se podobají klasickým filmům ""noir"", dialogy jiskří břitkými bonmoty a černým humorem a struktura snímku přejímá modelové principy detektivní šarády. Do krvavého komplotu však nejsou zapleteni lidé - s výjimkou Eddieho a jeho milenky Dolores - ale nevinná disneyovská zvířátka, pro něž je největší tragédií, když se publikum nesměje jejich vtipům...O ojedinělosti celého projektu svědčí i fakt, že se v něm objevují nejen disneyovské figurky, ale i kreslení hrdinové dalších filmových společností. Mezi elitu se přirozeně začlenila i ústřední manželská dvojice. Králík Roger je sice občas trochu hysterický, jeho mimika je však odzbrojující. Předobrazem pro jeho dráždivě koketující ženu Jessicu se stala mimo jiné rusovlasá Rita Hayworthová. V originále ji namluvila Kathleen Turnerová, která erotickým hlasem šeptá věty typu: ""Já nejsem špatná - mě jenom takhle nakreslili.""";22.06.1988 Buena Vista Pictures US;vražda, město, zvířata, intriky, parodie, křivé obvinění, soudce, soukromý detektiv, Betty Boop, whodunit, králíci;Robert Zemeckis;Bob Hoskins, Christopher Lloyd, Joanna Cassidy, Stubby Kaye, Joel Silver, Mae Questel, Mel Blanc, Tony Anselmo, June Foray, Russi Taylor;;https://srv.tunefindforfans.com/showads/track/srvclk.php?aid=100006796&lp=https://www.disneyplus.com/en-cz/browse/entity-40c47172-d2ea-452d-bb69-ca8f45bc2b9d<br>https://srv.clickfuse.com/ads/adclkr.php?id=100006636&url=https://tv.apple.com/cz/movie/who-framed-roger-rabbit/umc.cmc.126ixdsghyc5zkvq6r1qlquow<br>https://srv.tunefindforfans.com/showads/track/srvclk.php?aid=100006796&lp=https://www.disneyplus.com/en-cz/browse/entity-40c47172-d2ea-452d-bb69-ca8f45bc2b9d<br>https://srv.clickfuse.com/ads/adclkr.php?id=100006636&url=https://tv.apple.com/cz/movie/who-framed-roger-rabbit/umc.cmc.126ixdsghyc5zkvq6r1qlquow<br>https://apps.apple.com/cz/app/id6755365206<br>https://play.google.com/store/apps/details?id=cz.csfd.csfdroid<br>;Academy Awards (3x)<br>British Academy of Film and Television Arts (BAFTA) (4x)<br>César Awards (1x)<br>Golden Globes (2x)<br>The Saturn Awards (5x)<br>;Academy Awards (4x)<br>British Academy of Film and Television Arts (BAFTA) (1x)<br>Los Angeles Film Critics Association Awards (1x)<br>The Saturn Awards (3x)<br>
47115;L'Homme à la tête en caoutchouc;1901;81.3821138211382;3.0;https://image.pmgstatic.com/cache/resized/w420/files/images/film/posters/000/025/25516_0ea0a3.jpg;https://www.csfd.cz/film/47115-l-homme-a-la-tete-en-caoutchouc/;Francie;Krátkometrážní / Komedie / Fantasy;The India Rubber Head;Georges Méliés natočil další film, kde využil triku hlavy bez těla. Tentokrát ji v dvou a půl minutovém snímku nechává nafukovat, až hlava nakonec neopatrným zacházením vybuchne... (Stegr);;černobílý film, němý film;Georges Méliès;Georges Méliès;;http://www.youtube.com/watch?v=Ikboz1LFKZ4&feature=related<br>https://apps.apple.com/cz/app/id6755365206<br>https://play.google.com/store/apps/details?id=cz.csfd.csfdroid<br>;;
31672;Dvojí život Veroniky;1991;79.97964894428898;93.0;https://image.pmgstatic.com/cache/resized/w420/files/images/film/posters/000/019/19756_78l6q5.jpg;https://www.csfd.cz/film/31672-dvoji-zivot-veroniky/;Francie / Polsko / Norsko;Drama / Fantasy / Hudební / Romantický;La Double Vie de Véronique;"Krzysztof Kieślowski je patrně jediný režisér z postkomunistických zemí, který si svou tvorbou udržoval vysoký celoevropský a i světový kredit. U nás si ho ceníme od jeho slavného AMATÉRA (1979), ve světě se však důsledně prosadil až svým televizním DEKALOGEM a filmem DVOJÍ ŽIVOT VERONIKY (1991). Důsledně v nich pokračuje v originálních analýzách vnitřního světa člověka, kde zůstává vždy mnoho tušeného, nevyřčeného a kde se nahodilost a nutnost, rozum a city pohybují v určitých kruzích. Kieslowského spojení metafyziky a hlubokého zájmu o osud jedince se realizuje v působivé formě, vyznačující se přesností a zároveň i mnohovýznamovostí.Zvláštní příběh dvou identických dívek, Polky a Francouzky, lze vnímat v nejrůznějších rovinách. Divákovi se záměrně otvírá nekonečný prostor pro úvahy a reflexe. Zatímco ""polská"" Veronika dává před láskou k muži přednost lásce k hudbě, a proto také umírá, ""francouzská"" Veronika volí zdánlivě ""příjemnější"" životní cestu. Obě ženy, které se náhodně setkají jen na dálku a na kratičký okamžik, trpí stejnou srdeční nemocí, mají stejná gesta, používají stejné předměty. Také vztah k otcům je velmi podobný. Zatímco první umírá pro lásku k umění, druhá nachází - jakoby v podvědomí poučena jejím údělem - životní lásku k muži, který je možná strůjcem jejich příběhu. Záhadné věci se tu dějí s neuvěřitelnou přirozeností a jednoduchostí.Kieślowski pomocí dokonale propracovaných detailů vytváří strhující až mystický obraz, naplněný zvláštní emoční silou a vymykající se v mnohém současným kinematografickým trendům. Obrovský podíl na vyznění filmu mají kameraman Sławomir Idziak, hudební skladatel Zbigniew Preisner a především představitelka obou Veronik Irène Jacobová.";06.10.1991;láska, žena, rodina, smrt, otec, rodiče, město, dcera, touha, ženy, umění, hudba, vášeň, hudebník, Francie, zpěv, muzikant, samota, Paříž, osamělost, zpěvačka, cizinec (neznámý člověk), dvojník, Polsko;Krzysztof Kieślowski;Irène Jacob, Philippe Volter, Halina Gryglaszewska, Sandrine Dumas, Jerzy Gudejko, Kalina Jędrusik, Aleksander Bardini, Władysław Kowalski, Jan Sterniński, Louis Ducreux;;https://srv.clickfuse.com/ads/adclkr.php?id=100006636&url=https://tv.apple.com/cz/movie/the-double-life-of-veronique/umc.cmc.3lfn4gcne030ugfk6vkkot382<br>https://srv.clickfuse.com/ads/adclkr.php?id=100006636&url=https://tv.apple.com/cz/movie/the-double-life-of-veronique/umc.cmc.3lfn4gcne030ugfk6vkkot382<br>https://apps.apple.com/cz/app/id6755365206<br>https://play.google.com/store/apps/details?id=cz.csfd.csfdroid<br>;Independent Spirit Awards (1x)<br>César Awards (2x)<br>Guldbagge Awards (1x)<br>Golden Globes (1x)<br>Cannes Film Festival (1x)<br>;Los Angeles Film Critics Association Awards (1x)<br>Cannes Film Festival (3x)<br>Warsaw International Film Festival (1x)<br>
624748;Psí poslání 2;2019;79.90160832544939;108.0;https://image.pmgstatic.com/cache/resized/w420/files/images/film/posters/163/335/163335409_2e9588.jpg;https://www.csfd.cz/film/624748-psi-poslani-2/;USA;Dobrodružný / Rodinný / Komedie / Drama / Fantasy;A Dog's Journey;Některá přátelství jsou věčná a to i v pokračování celosvětově úspěšného rodinného filmu Psí poslání. Ve filmu Psí poslání 2, nalezne milovaný pes Bailey nový smysl života. Naváže pevné pouto s těmi, které zbožňuje, a společně se vydají na místa, která si nedokázali ani ve snu představit. Tak začíná Baileyho dobrodružná cesta několika životy naplněnými láskou, přátelstvím, věrností a také několika fakt skvělými drbáními na bříšku. (Vertical Entertainment);17.05.2019 Universal Pictures US;láska, rodina, smrt, přátelství, matka, rodiče, policie, dospívání, psi, autonehoda, babička, děda, rakovina;Gail Mancuso;Josh Gad, Dennis Quaid, Kathryn Prescott, Marg Helgenberger, Betty Gilpin, Henry Lau, Abby Ryder Fortson, Ian Chen, Emma Volk, Johnny Galecki;W. Bruce Cameron;https://srv.clickfuse.com/ads/adclkr.php?id=100006636&url=https://tv.apple.com/cz/movie/a-dogs-journey/umc.cmc.46eg1v4k9ooiv5yhby95yfztc<br>https://www.youtube.com/watch?v=7uoAU5DP_P4<br>https://srv.clickfuse.com/ads/adclkr.php?id=100006636&url=https://tv.apple.com/cz/movie/a-dogs-journey/umc.cmc.46eg1v4k9ooiv5yhby95yfztc<br>https://www.youtube.com/watch?v=7uoAU5DP_P4<br>https://apps.apple.com/cz/app/id6755365206<br>https://play.google.com/store/apps/details?id=cz.csfd.csfdroid<br>;;
5617;Nibelungové: Siegfried;1924;82.42857142857143;143.0;https://image.pmgstatic.com/cache/resized/w420/files/images/film/posters/166/733/166733631_7ea52f.jpg;https://www.csfd.cz/film/5617-nibelungove-siegfried/;Německá říše;Drama / Dobrodružný / Fantasy;Nibelungové: Smrt bohatýra;"Vzestup a pád hrdiny Siegfrieda se odehrává v sedmi písních: jako první zabije draka, pak se zmocní pokladu Nibelungů a podrobí si dvanáct králů; osvobodí Kriemhildu a pomůže králi Guntherovi podrobit si Brunhildu lstí. Osud se však obrátí proti Siegfriedovi: rivalita mezi Kriemhildou a Brunhildou a Guntherova zrada způsobí jeho zkázu. Hagen Tronje hrdinu zákeřně zabije, ale čin zůstane nepotrestán. (Film Europe)";14.02.1924 ufa;podle knihy, muž, černobílý film, láska, žena, smrt, touha, oběť (autonehody/zločinu), němý film, pomsta, vášeň, dobrodruh, hrdina, oběť (někomu/něčemu), dobrodružství, expresionismus;Fritz Lang;Paul Richter, Theodor Loos, Hans Adalbert Schlettow, Bernhard Goetzke, Fritz Alberti, Grete Berger, Rudolf Klein-Rogge, Erwin Biswanger, Frida Richard, Margarete Schön;;https://apps.apple.com/cz/app/id6755365206<br>https://play.google.com/store/apps/details?id=cz.csfd.csfdroid<br>;The Saturn Awards (1x)<br>;
1626;Harry Potter a Kámen mudrců;2001;79.67923661899269;152.0;https://image.pmgstatic.com/cache/resized/w420/files/images/film/posters/000/001/1549_54f01f.jpg;https://www.csfd.cz/film/1626-harry-potter-a-kamen-mudrcu/;Velká Británie / USA;Fantasy / Rodinný / Dobrodružný / Mysteriózní;Harry Potter and the Philosopher's Stone;"Kdo by dnes už alespoň nezaslechl jméno Harryho Pottera, čarodejnického učně, jehož neskutečná popularita mezi dětmi během krátké doby zasáhla i dospělé. Filmovou verzi jeho prvního příběhu zrežíroval Chris Columbus ve spolupráci s autorkou ""potterovských"" románů J. K. Rowlingovou a pod přísným a podnětným dohledem své dcery Eleanor přenesl na filmové plátno svět Školy čar a kouzel v Bradavicích v plném lesku a hávu hodném největšího kouzelníka na světě. Celý příběh Kamene Mudrců se točí kolem sirotka Harryho Pottera. Tomu krátce po narození zahynou za neobvyklých událostí oba rodiče, a Harry proto musí vyrůstat v rodině strýce Vernona a tety Petunie, kteří mu neustále dávají najevo, že místo kde bydlí, není domov. O to větší překvapení ho čeká, když mu v den jeho jedenáctých narozenin přijde dopis, který je předzvěstí změny v jeho dosavadním životě. Od nynějška není obyčejným chlapcem, i když na to stále vypadá, ale stává se studentem Školy čar a kouzel v Bradavicích. Ani tento nový život však nebude procházka růžovou zahradou, obzvlášť když se začne probouzet Harryho záhadná minulost a její temný hrdina, Lord Voldemort...";10.07.2020 Warner Bros. UK;podle knihy, rodina, smrt, přátelství, přátelé, dívka, otec, matka, rodiče, syn, chlapec, škola, sourozenci, Vánoce, dospívání, les, učitel, bratři, studenti, kouzla, duchové, magie, zlo, sirotek, čarodějnice, narozeniny, draci, čarodějnictví, strýc, čarodějové, hadi, profesor, zoologická zahrada, šachy, profesorka, zrcadlo, trollové;Chris Columbus;Daniel Radcliffe, Rupert Grint, Emma Watson, Robbie Coltrane, Tom Felton, Richard Harris, Fiona Shaw, Ian Hart, John Hurt, Richard Griffiths;J. K. Rowling;https://www.hbomax.com/cz/en/movies/harry-potter-and-the-philosophers-stone/4b990c5d-38ab-4daf-8092-2617cbc6d062<br>https://srv.clickfuse.com/ads/adclkr.php?id=100006636&url=https://tv.apple.com/cz/movie/harry-potter-and-the-sorcerers-stone/umc.cmc.55wxtmrughu40phd8lgr6qejr<br>https://www.youtube.com/watch?v=-ojN9LOtYF4<br>https://www.hbomax.com/cz/en/movies/harry-potter-and-the-philosophers-stone/4b990c5d-38ab-4daf-8092-2617cbc6d062<br>https://srv.clickfuse.com/ads/adclkr.php?id=100006636&url=https://tv.apple.com/cz/movie/harry-potter-and-the-sorcerers-stone/umc.cmc.55wxtmrughu40phd8lgr6qejr<br>https://www.youtube.com/watch?v=-ojN9LOtYF4<br>https://apps.apple.com/cz/app/id6755365206<br>https://play.google.com/store/apps/details?id=cz.csfd.csfdroid<br>;Academy Awards (3x)<br>British Academy of Film and Television Arts (BAFTA) (7x)<br>Amanda Awards (1x)<br>Critics Choice Awards (2x)<br>The Saturn Awards (8x)<br>;Critics Choice Awards (1x)<br>The Saturn Awards (1x)<br>
16745;Vrána;1994;79.69939174584024;102.0;https://image.pmgstatic.com/cache/resized/w420/files/images/film/posters/169/718/169718276_3ecc24.jpg;https://www.csfd.cz/film/16745-vrana/;USA;Akční / Drama / Fantasy / Thriller;The Crow;Láska je věčná. Kultovní americký film o pomstě ze záhrobí, během jehož natáčení tragicky zahynul představitel hlavní role Brandon Lee. Lidé kdysi věřili, že když někdo zemře, přenese vrána jeho duši do říše mrtvých. Ale někdy se stane něco tak hrozného, že duše si s sebou nese strašlivý zármutek a nedostává se jí klidu. V takovém případě někdy, ale opravdu jen někdy může vrána duši přinést zpátky, aby vše špatné napravila. Tak se i rockový muzikant Eric Draven vrací mezi živé, aby ve zločinem rozloženém Detroitu vykonal pomstu na gangu násilníků za vraždu sebe i své snoubenky... Krví nasáklý příběh o romanci sahající až za hrob pochází ze stejnojmenného komiksu, který hudebník a kreslíř James O'Barr vytvořil na začátku osmdesátých let, aby se pokusil vnitřně vyrovnat s násilnou smrtí své snoubenky. Hněvem, smutkem i láskou kypící dílo svému autorovi duševní klid nepřineslo, ale udělalo z něj jednoho z velikánů amerického autorského komiksu. V devadesátých letech, kdy Hollywood poprvé masově objevoval komerční potenciál kreslených románů, došlo i na adaptaci Barrova díla. Režie byla svěřena začínajícímu režisérovi reklam a videoklipů Alexi Proyasovi a hlavní roli získal Brandon Lee, syn legendárního mistra bojových umění Bruce Leeho. Zatímco Proyasovi ponurý snímek nastartoval kariéru a pasoval ho mezi filmovými nadšenci bedlivě sledované tvůrce, pro Leeho se stal kariérním vrcholem, ale bohužel i koncem života. Nešťastnou náhodou byl při natáčení jedné scény postřelen projektilem z pistole, která měla obsahovat pouze slepé náboje, a na následky zranění zemřel. Podobně jako jeho otec, který také zahynul za mnohoznačných okolností při natáčení svého největšího projektu, se i Brandon Lee stal posmrtně ikonou. Příznačně své poslední roli, s níž herecky i osobnostně splynul, ale není dnes vzpomínán tolik coby představitel akčních filmů, nýbrž jako symbol tragické lásky. Zdánlivě prokletý film, během jehož natáčení došlo ještě k několika dalším nehodám, byl dokončen za pomoci dvojníků i speciálních efektů a dodnes si udržuje statut jednoho z velkých kultů americké kinematografie. Na motivy komiksů Jamese O'Barra vznikly ještě tři další filmy a dokonce i televizní seriál, ale všechny se pouze přiživovaly na nehynoucí legendě prvního snímku. (Česká televize);11.05.1994 Dimension Films;muž, láska, žena, smrt, vražda, násilí, dívka, děti, policie, strach, mládež, zbraně, vyšetřování, vrah, zvířata, pátrání, pomsta, sourozenci, krev, detektiv, gangsteři, mafie, gang, tragédie, podle komiksu, gore, nespravedlnost, rvačka, znásilnění, přestřelka, snoubenci, sexuální obtěžování, ptáci, sexuální zneužívání, požár, kostel, oheň, Halloween, Detroit;Alex Proyas;Brandon Lee, Ernie Hudson, Michael Wincott, David Patrick Kelly, Bai Ling, Rochelle Davis, Sofia Shinas, Michael Massee, Bill Raymond, Marco Rodríguez;James O'Barr;http://www.ceskatelevize.cz<br>http://www.ceskatelevize.cz<br>https://apps.apple.com/cz/app/id6755365206<br>https://play.google.com/store/apps/details?id=cz.csfd.csfdroid<br>;The Saturn Awards (5x)<br>;
1517793;Kočičí odysea;2024;79.80368828078525;85.0;https://image.pmgstatic.com/cache/resized/w420/files/images/film/posters/169/286/169286911_8nvlgv.jpg;https://www.csfd.cz/film/1517793-kocici-odysea/;Lotyšsko / Francie / Belgie;Animovaný / Dobrodružný / Fantasy / Rodinný;Straume;Svět se zdá být na konci, plný pozůstatků lidské přítomnosti. Kočka je samotářské zvíře, ale když je její domov zničen velkou povodní, najde útočiště na lodi obývané různými druhy, se kterými se musí spojit navzdory jejich odlišnostem. Na osamělé lodi plující mystickou zaplavenou krajinou se tak vyrovnávají s výzvami a nebezpečími, které jim přináší adaptace na tento nový svět. (Film Europe);30.10.2024 UFO Distribution;smrt, útěk, zvířata, putování, les, moře, psi, lodě, postapokalyptická budoucnost, ptáci, kočky, ryby, velryby, povodeň, sochy, lemuři, záplava, kapybary;Gints Zilbalodis;;;https://srv.clickfuse.com/ads/adclkr.php?id=100006636&url=https://tv.apple.com/cz/movie/flow/umc.cmc.22galt2spi1jlic15bdjvf1mz<br>https://www.youtube.com/watch?v=nIKCBsN7mmQ<br>https://srv.clickfuse.com/ads/adclkr.php?id=100006636&url=https://tv.apple.com/cz/movie/flow/umc.cmc.22galt2spi1jlic15bdjvf1mz<br>https://www.youtube.com/watch?v=nIKCBsN7mmQ<br>https://apps.apple.com/cz/app/id6755365206<br>https://play.google.com/store/apps/details?id=cz.csfd.csfdroid<br>;Academy Awards (1x)<br>British Academy of Film and Television Arts (BAFTA) (2x)<br>European Film Awards (1x)<br>Goya Awards (1x)<br>Critics Choice Awards (2x)<br>Florida Film Critics Circle Awards (1x)<br>Cannes Film Festival (1x)<br>;Academy Awards (1x)<br>Independent Spirit Awards (1x)<br>European Film Awards (1x)<br>César Awards (1x)<br>Golden Globes (1x)<br>Florida Film Critics Circle Awards (1x)<br>Los Angeles Film Critics Association Awards (1x)<br>New York Film Critics Circle Awards (1x)<br>Melbourne International Film Festival (MIFF) (1x)<br>
460035;Doctor Strange - bonusový prodloužený IMAX trailer;2016;81.24721603563475;15.0;https://image.pmgstatic.com/cache/resized/w420/files/images/film/posters/161/127/161127521_6afbde.jpg;https://www.csfd.cz/film/460035-doctor-strange-bonusovy-prodlouzeny-imax-trailer/;USA;Krátkometrážní / Akční / Dobrodružný / Fantasy;Expand Your Mind: An IMAX 3D Exclusive First Look;"Studio Marvel přináší exkluzivní bonusový materiál o světoznámém neurochirurgovi Dr. Stephenu Strangovi, jehož život se změní po strašlivé dopravní nehodě, která mu znemožnila používat ruce. Patnáctiminutový prodloužený IMAX trailer, který lze označit jako „prequel"" vám umožní lépe poznat Dr. Strange a také možná odpoví na mnohé vaše otázky. Exkluzivně pouze v IMAX 11. 10. 2016. (Falcon)";;;Scott Derrickson;Benedict Cumberbatch, Chiwetel Ejiofor, Rachel McAdams, Benedict Wong, Michael Stuhlbarg, Scott Adkins, Benjamin Bratt, Mads Mikkelsen, Tilda Swinton;;https://apps.apple.com/cz/app/id6755365206<br>https://play.google.com/store/apps/details?id=cz.csfd.csfdroid<br>;;
6171;Star Wars: Epizoda II - Klony útočí;2002;79.50753253625705;142.0;https://image.pmgstatic.com/cache/resized/w420/files/images/film/posters/158/598/158598302_f7ceae.jpg;https://www.csfd.cz/film/6171-star-wars-epizoda-ii-klony-utoci/;USA;Sci-Fi / Fantasy / Dobrodružný / Akční;Hvězdné války: Epizoda II - Klony útočí;"10 let po Epizodě I pokračují dobrodružství a dramatické osudy rytířů Jedi Anakina Skywalkera a Obi-Wana Kenobiho, kteří mají za úkol chránit senátorku Padmé Amidaluovou, jejíž život je ohrožen. Ke zvýšení napětí, jak se budou vyvíjet vztahy ""starwarsových"" hrdinů se režisér Lucas snaží děj poněkud utajit. Ale přesto jsou tu některé informace o tom, co nového se v tomto díle dozvíte více o Padmé Amidale a jejím milostném vztahu k Anakinovi, který se stane osudným pro další osud celé galaxie. Bude odhalen původ Boby Fetta a úderných oddílů Impéria. Epizoda II objasní, jak to je s ""Válkou klonů"", zmiňovanou v původních Hvězdných válkách. Film je temnější než Epizoda I a jeho atmosféra se blíží filmu Impérium vrací úder. Padmé a Anakin prožívají většinu filmového dobrodružství spolu a s Obi-Wan Kenobim se potkají až na konci filmu. Vrátíme se s hrdiny na Coruscant, Naboo a Tatooine. A poznáte 2 nové planety.";16.05.2002 20th Century Fox;láska, smrt, matka, město, útěk, zbraně, pomsta, politika, vojáci, pronásledování, souboje, moře, armáda, mimozemšťané, vesmír, poušť, nájemný vrah, bitva, roboti, vesmírná loď, výbuch, bomba, atentát, otroctví, Wilhelm scream, lovci lidí, déšť, Star Wars, stíhačky, klonování, mrakodrap;George Lucas;Ewan McGregor, Natalie Portman, Hayden Christensen, Christopher Lee, Samuel L. Jackson, Frank Oz, Ian McDiarmid, Pernilla August, Temuera Morrison, Jimmy Smits;;https://srv.tunefindforfans.com/showads/track/srvclk.php?aid=100006796&lp=https://www.disneyplus.com/en-cz/browse/entity-39cbdf17-1bbe-4de2-b4a4-8e342875c2c6<br>https://srv.clickfuse.com/ads/adclkr.php?id=100006636&url=https://tv.apple.com/cz/movie/star-wars-attack-of-the-clones/umc.cmc.27tj6w4r4fpeziazh0cyza2bq<br>https://www.youtube.com/watch?v=y-QIScKylB8<br>https://srv.tunefindforfans.com/showads/track/srvclk.php?aid=100006796&lp=https://www.disneyplus.com/en-cz/browse/entity-39cbdf17-1bbe-4de2-b4a4-8e342875c2c6<br>https://srv.clickfuse.com/ads/adclkr.php?id=100006636&url=https://tv.apple.com/cz/movie/star-wars-attack-of-the-clones/umc.cmc.27tj6w4r4fpeziazh0cyza2bq<br>https://www.youtube.com/watch?v=y-QIScKylB8<br>/film/1178727-disney-gallery-star-wars-boba-fett-zakon-podsveti/prehled/<br>/film/849599-disney-galerie-star-wars-mandalorian/prehled/<br>https://apps.apple.com/cz/app/id6755365206<br>https://play.google.com/store/apps/details?id=cz.csfd.csfdroid<br>;Academy Awards (1x)<br>Critics Choice Awards (1x)<br>The Saturn Awards (8x)<br>Golden Raspberry Awards (Razzies) (5x)<br>;The Saturn Awards (2x)<br>Golden Raspberry Awards (Razzies) (2x)<br>
126860;Povídky o bledé luně po dešti;1953;80.75085324232082;94.0;https://image.pmgstatic.com/cache/resized/w420/files/images/film/posters/166/734/166734684_e7e4c0.jpg;https://www.csfd.cz/film/126860-povidky-o-blede-lune-po-desti/;Japonsko;Drama / Thriller / Fantasy;Ugecu monogatari;"Povídky o bledé luně po dešti (1953) volně obměňuje dvě povídky ze stejnojmenné klasické knihy, jejíž autor Akinari Ueda žil v letech 1734 1809 a inspiroval se příběhy, tradovanými po staletí. Venkovský hrnčíř Gendžuro trpí bídou uprostřed zmatku válečných sporů mezí mocnými rody, jež pustoší zemi, rozsévají hrůzu a smrt. S manželkou a dítětem, se svou sestrou a švagrem hledají útočiště ve městě, Gendžurova žena se cestou odpojí a zabijí ji vojáci. Nic netušící hrnčíř dorazí do města sám a podlehne kouzlu krásné ženy, ve skutečnosti démona. Prohlédne, vrátí se domů a tam ho přivítá manželka nyní už také duch. Hrnčířův švagr si vyslouží zásluhy a vysokou hodnost na válečném poli, ale když se v nevěstinci setká s manželkou, kterou za jeho dlouhé nepřítomnosti znásilnili vojáci, odloží skvělou zbroj a oba se vracejí do vesnice Stručný záznam hlavní dějové linie pochopitelně nevystihuje vztahy ani psychologické motivace; jenom pramálo napoví o skutečném tématu, o myšlence a naprosto nic o ztvárnění. Tento film s mimořádnou přesvědčivostí potvrzuje, že Mizoguči nehledal zpravidla v minulosti záminku pro únik před naléhavou problematikou dneška, ani příležitost, jak se oddávat virtuózním, leč samoúčelným a chladným etudám. Naopak: podobně jako Kurosawa, Kobajaši a další, také on křísil minulé doby a životy k obrazu dneška, vytyčoval paralely, navozoval obecně platné konflikty a dilemata. Bylo jen k prospěchu věci, jestliže tak nečinil tezovitě, nýbrž s mistrným zvládnutím výrazových prostředků filmové řeči. Tvůrci podobných filmů neoslavují hrdinné činy a nádheru feudálů, na jejichž mocenské spory vždy doplácí prostý člověk. Ubohý vesničan nebo městský chuďas, jeho nejistý život vydaný napospas kopytům válečných ořů, napjatým luků, vytaseným mečům a namířeným kopím. Pláč nad mrtvolami žen a dětí uprostřed rozvalin domova a popleněná, spálená úroda Takže toto stanovisko není pokaždé tak jednoznačné jako v Povídkách o bledé luně po dešti.";26.03.1953 Daiei eiga;podle knihy, černobílý film, láska, rodina, smrt, vražda, manželé, venkov, vesnice, válka, duchové, Japonsko, středověk, démoni, občanská válka, přízrak, samurajové, 16. století;Kendži Mizoguči;Masajuki Mori, Mačiko Kjó, Kinujo Tanaka, Micuko Mito, Eitaró Ozawa, Saburó Date, Šózó Nanbu, Mitsusaburô Ramon;Akinari Ueda;https://apps.apple.com/cz/app/id6755365206<br>https://play.google.com/store/apps/details?id=cz.csfd.csfdroid<br>;Academy Awards (1x)<br>Venice Film Festival (1x)<br>;Venice Film Festival (1x)<br>
579524;Dungeons & Dragons: Čest zlodějů;2023;79.51558670997892;134.0;https://image.pmgstatic.com/cache/resized/w420/files/images/film/posters/167/158/167158525_6baadb.jpg;https://www.csfd.cz/film/579524-dungeons-dragons-cest-zlodeju/;USA;Dobrodružný / Fantasy;Dungeons & Dragons: Honor Among Thieves;Potulný zpěvák neboli bard Edgin (Chris Pine) se živí tím, že se svou partou zlodějíčků pomáhá měnit majitele vzácných artefaktů (jednomu ho ukradnou a druhému prodají). Je to práce, při které prakticky neustále strkáte hlavu do oprátky, a ani Edgin nemůže mít věčně kliku. Když se mu podaří šlohnout to, co se nikdy nemělo dostat do nesprávných rukou, a on to navíc do těch rukou dobrovolně vloží, spustí dominový efekt, který může otřást celým světem. Edgin je sice tak trochu zmetek, ale pořád má v sobě kousek cti, a tak se rozhodne napravit, co spískal. Protože však proti němu stojí armáda nelítostných zabijáků, mocných čarodějů a bývalý kamarád Forge Fletcher (Hugh Grant), potřebuje tým, se kterým by mohl mít aspoň nepatrnou šanci v tomhle úkolu obstát. A protože film vychází z legendární hry „Dračí doupě“, je jasné, že v jeho partě nesmí chybět drsná válečnice (Michelle Rodriguez), ušlechtilý rytíř (Regé-Jean Page), mág (Justice Smith) nebo druidka (Sophia Lillis). (CinemArt);31.03.2023 Paramount Pictures;muž, žena, přátelé, otec, dcera, útěk, zbraně, ženy, zvířata, zrada, vězení, souboje, les, naděje, zloděj, monstra, kouzla, pocit viny, koně, dobrodruh, magie, zlo, bitva, iluze, vdovec, hřbitov, draci, čarodějnictví, válečníci, Meč a magie, čarodějové, podzemí, poklad, artefakt, sochy, labyrint, vzkříšení, teleportace, trezor, aréna, druidové, nekromancie;John Francis Daley, Jonathan Goldstein;Chris Pine, Michelle Rodriguez, Regé-Jean Page, Justice Smith, Sophia Lillis, Hugh Grant, Chloe Coleman, Daisy Head, Spencer Wilding, Nicholas Blane;;https://srv.clickfuse.com/ads/adclkr.php?id=100006636&url=https://tv.apple.com/cz/movie/dungeons--dragons-honor-among-thieves/umc.cmc.j0wchqkufsaxqt259729da33<br>https://www.youtube.com/watch?v=bwwcjirzYRc<br>https://srv.clickfuse.com/ads/adclkr.php?id=100006636&url=https://tv.apple.com/cz/movie/dungeons--dragons-honor-among-thieves/umc.cmc.j0wchqkufsaxqt259729da33<br>https://www.youtube.com/watch?v=bwwcjirzYRc<br>https://apps.apple.com/cz/app/id6755365206<br>https://play.google.com/store/apps/details?id=cz.csfd.csfdroid<br>;The Saturn Awards (1x)<br>;
369825;Kniha džunglí;2016;79.4728304947283;106.0;https://image.pmgstatic.com/cache/resized/w420/files/images/film/posters/160/571/160571566_81fef0.jpg;https://www.csfd.cz/film/369825-kniha-dzungli/;USA / Velká Británie;Dobrodružný / Drama / Rodinný / Fantasy;The Jungle Book;Hrdinou filmu je chlapec Mauglí (nováček Neel Sethi), člověčí mládě vychované v džungli vlčí smečkou. Do džungle však přichází hrozivý tygr Šér Chán, jenž si nese jizvy způsobené člověkem. Šér Chán chce zničit vše, co vnímá jako ohrožení a Mauglí cítí, že již v džungli není vítán. A tak opouští svůj domov a vydává se na dobrodružnou cestu plnou poznání. Provází ho přísný mentor, pardál Baghíra, a veselý medvěd Balú. Cestou džunglí se Mauglí setká se zvířaty, které to s ním nemyslí vždy dobře. Patří mezi ně krajta Ká, jejíž svůdný hlas a pronikavý pohled hypnotizují člověčí mládě, a marnivý král Ludvík, který se snaží Mauglího přemluvit, aby mu prozradil tajemství překrásného, leč smrtonosného Rudého květu: ohně. (Falcon);15.04.2016 Walt Disney Studios Motion Pictures;podle knihy, chlapec, zvířata, džungle, požár, oheň, medvědi, opice, sloni, vlci, hadi, tygři, vlčí dítě, panteři;Jon Favreau;Neel Sethi, Bill Murray, Ben Kingsley, Idris Elba, Lupita Nyong'o, Scarlett Johansson, Giancarlo Esposito, Christopher Walken, Garry Shandling, Emjay Anthony;Rudyard Kipling;https://srv.tunefindforfans.com/showads/track/srvclk.php?aid=100006796&lp=https://www.disneyplus.com/en-cz/browse/entity-f50cb3b5-0959-4316-97bc-24ea049b753d<br>https://srv.clickfuse.com/ads/adclkr.php?id=100006636&url=https://tv.apple.com/cz/movie/the-jungle-book/umc.cmc.4givmnl788an88xihendpuqkc<br>/novinky/6380-disney-planuje-hraneho-bambiho/<br>/novinky/6380-disney-planuje-hraneho-bambiho/<br>/novinky/6380-disney-planuje-hraneho-bambiho/<br>/novinky/6025-disney-naslo-svoji-ursulu/<br>/novinky/6025-disney-naslo-svoji-ursulu/<br>/novinky/6025-disney-naslo-svoji-ursulu/<br>/novinky/5366-maugli-miri-na-netflix/<br>/novinky/5366-maugli-miri-na-netflix/<br>/novinky/5366-maugli-miri-na-netflix/<br>https://srv.tunefindforfans.com/showads/track/srvclk.php?aid=100006796&lp=https://www.disneyplus.com/en-cz/browse/entity-f50cb3b5-0959-4316-97bc-24ea049b753d<br>https://srv.clickfuse.com/ads/adclkr.php?id=100006636&url=https://tv.apple.com/cz/movie/the-jungle-book/umc.cmc.4givmnl788an88xihendpuqkc<br>https://apps.apple.com/cz/app/id6755365206<br>https://play.google.com/store/apps/details?id=cz.csfd.csfdroid<br>;Florida Film Critics Circle Awards (1x)<br>The Saturn Awards (5x)<br>;Academy Awards (1x)<br>British Academy of Film and Television Arts (BAFTA) (1x)<br>Critics Choice Awards (1x)<br>The Saturn Awards (1x)<br>
36900;Země, odkud přicházím;1956;80.33376123234916;94.0;https://image.pmgstatic.com/cache/resized/w420/files/images/film/posters/160/996/160996070_991ba8.jpg;https://www.csfd.cz/film/36900-zeme-odkud-prichazim/;Francie;Fantasy / Komedie / Hudební;Le Pays d'où je viens;Dědic velkého jmění, který má v patách detektivy, se po sérii příjemných i tragických nedorozumění rozhodne dát dohromady svého dvojníka a jeho tajnou lásku. (Netflix);22.08.1956 Cocinor;Vánoce, záměna identit, Štědrý den;Marcel Carné;Gilbert Bécaud, Madeleine Lebeau, Gaby Basset, Françoise Arnoul, Claude Brasseur, Marcel Bozzuffi, Gabrielle Fontan, André Numès Fils, André Gabriello, Camille Guérini;;https://www.netflix.com/title/81409596<br>https://www.netflix.com/<br>https://www.netflix.com/title/81409596<br>https://apps.apple.com/cz/app/id6755365206<br>https://play.google.com/store/apps/details?id=cz.csfd.csfdroid<br>;;
5447;Sny Akiry Kurosawy;1990;80.0186741363212;119.0;https://image.pmgstatic.com/cache/resized/w420/files/images/film/posters/159/338/159338936_f4d71b.jpg;https://www.csfd.cz/film/5447-sny-akiry-kurosawy/;Japonsko / USA;Fantasy / Drama / Podobenství;Kurosawovy Sny(festivalový název);"Filmový snář skládající se z osmi krátkých snímků proslulého japonského režiséra reflektuje jeho sny a fantazie, jeho traumata i osobní tragédie. ""Slunce v dešti"" je o neposlušném chlapci, který se i přes zákaz vydá pozorovat svatební liščí průvod. ""Broskvový sad"" ukazuje toho samého chlapce jak naslouchá myšlenkám bezcitnými lidmi poražených stromů. ""Bouře"" popisuje zázračnou záchranu skupiny horolezců. ""Tunel"" vypráví o muži potkavším ducha mrtvých vojáků, za jejichž smrt nese zodpovědnost. ""Vrány"" nám představí studenta, jenž se vydá na okružní cestu po malbách Vincenta Van Gogha. ""Hora Fuji v červeném"" o důsledcích jaderného ohrožení Japonska nikomu nedá spát. ""Plačící démon"" načrtává portrét světa zničeného jadernou válkou plného lidských mutantů. ""Vesnice vodních mlýnů"" nás zavede do malé vesnice, jejíž obyvatelé se naučili žít v naprostém souladu s přírodou a přirozeností. Minulost, přítomnost i budoucnost napříč snovým světem nekonečného snílka Akiry Kurosawy. (monolog)";24.08.1990 Warner Bros. US;muž, sny, Japonsko, malíř, surrealismus, režisér, malířství, antologie;Akira Kurosawa, Iširó Honda;Akira Terao, Mieko Harada, Jošitaka Zuši, Hisaši Igawa, Čišú Rjú, Martin Scorsese, Tecu Watanabe, Micuko Baišó, Čósuke Ikarija, Masuo Amada;;https://apps.apple.com/cz/app/id6755365206<br>https://play.google.com/store/apps/details?id=cz.csfd.csfdroid<br>;Golden Globes (1x)<br>;
7434;Otázka života a smrti;1946;80.34934497816595;104.0;https://image.pmgstatic.com/cache/resized/w420/files/images/film/posters/166/752/166752281_173908.jpg;https://www.csfd.cz/film/7434-otazka-zivota-a-smrti/;Velká Británie;Fantasy / Romantický / Drama / Válečný;A Matter of Life and Death;Toto je povídka o dvou světech: jeden známe a druhý existuje pouze v mysli mladého letce, jehož život a fantasie jsou hluboko otřeseny válkou. Vedoucí eskadry Carter se vrací ze své 67. bombardovací výpravy. Jeho letadlo je poháněno jedním a jen z části druhým motorem, kontrolní zařízení mu byla ustřelena, jeho padák je zničen a přistávací zařízení jsou pryč. Je v letadle sám s mrtvým tělem telegrafisty, ostatní část posádky vyskočila. Není pravděpodobné, že se mu podařilo vyváznout. Zatím co cítí, že prožívá poslední okamžiky svého života, mluví mikrofonem k americké letadlové rozhlasové službě. Protože je básníkem a protože se cítí být mlád a je doposud živ, mluví o lásce - pak skočí...;08.12.2017 Park Circus;láska, smrt, 20. století, období 1940-1950, 2. světová válka, andělé, posmrtný život;Michael Powell, Emeric Pressburger;David Niven, Kim Hunter, Robert Coote, Kathleen Byron, Richard Attenborough, Bonar Colleano, Joan Maude, Marius Goring, Roger Livesey, Edwin Max;;https://apps.apple.com/cz/app/id6755365206<br>https://play.google.com/store/apps/details?id=cz.csfd.csfdroid<br>;New York Film Critics Circle Awards (2x)<br>;
1092;Nenápadný půvab buržoazie;1972;79.50289410963568;102.0;https://image.pmgstatic.com/cache/resized/w420/files/images/film/posters/000/001/1108_5a2421.png;https://www.csfd.cz/film/1092-nenapadny-puvab-burzoazie/;Francie / Itálie / Španělsko;Komedie / Drama / Fantasy;Le Charme discret de la bourgeoisie;Skupina přátel z vyšší společnosti by ráda společně pojedla, toto banální přání se však ukáže jako nesplnitelné. Hosté se sejdou, popíjejí, konverzují, ale ke společnému jídlu nikdy nedojde – a události, které jej maří, jsou čím dál tím bizarnější. Spletitý, hravý příběh graduje v absurdním, snovém finále. Na základě této groteskní zápletky Buñuel se zlomyslným humorem analyzuje povrchnost společnosti i její ideály, přičemž nešetří církevní hodnostáře, vrcholné politiky, revolucionáře, vojáky ani aristokraty. Směšnotrapná společenská faux pas v nejvážnějších situacích umocňují satirický náboj filmu. Režisér nabízí pohled do podvědomí znuděných snobů – komické scény střídají zdánlivě nesouvisející situace a pro Buñuela typické absurdní snové sekvence. V duchu surrealistické hry jsou akcentovány motivy snu, sexu a smrti. Hlavní postava (velvyslanec jihoamerického státu, vydělávajícího peníze na výrobě a pašování drog) umožnila režisérovi vyjádřit určitou dobovou levicovou angažovanost, většina kritizovaných společenských nešvarů je však aktuální i dnes.;01.07.1990 Ústřední půjčovna filmů;muž, žena, smrt, manželé, sny, satira, parodie, experiment, surrealismus, restaurace, sobectví;Luis Buñuel;Fernando Rey, Paul Frankeur, Delphine Seyrig, Bulle Ogier, Stéphane Audran, Jean-Pierre Cassel, Milena Vukotic, Claude Piéplu, Michel Piccoli, Julien Bertheau;;https://apps.apple.com/cz/app/id6755365206<br>https://play.google.com/store/apps/details?id=cz.csfd.csfdroid<br>;Academy Awards (1x)<br>British Academy of Film and Television Arts (BAFTA) (3x)<br>Golden Globes (1x)<br>New York Film Critics Circle Awards (2x)<br>;Academy Awards (1x)<br>British Academy of Film and Television Arts (BAFTA) (2x)<br>
1570003;Ore dake Level Up na Ken: ReAwakening;2024;88.94736842105263;96.0;https://image.pmgstatic.com/cache/resized/w420/files/images/film/posters/169/496/169496155_swu910.jpg;https://www.csfd.cz/film/1570003-ore-dake-level-up-na-ken-reawakening/;Japonsko;Animovaný / Akční / Dobrodružný / Fantasy;俺だけレベルアップな件 -ReAwakening-;;29.11.2024 Aniplex;;Šunsuke Nakašige;Taito Ban, Bandžó Ginga, Makoto Furukawa, Reina Ueda, Haruna Mikawa, Daisuke Hirakawa, Genta Nakamura, Riria Itó, Šunsuke Sakuja, Kódži Okino;Chugong, H-goon, Dubu;https://apps.apple.com/cz/app/id6755365206<br>https://play.google.com/store/apps/details?id=cz.csfd.csfdroid<br>;;
175098;Siworae;2000;79.8034398034398;96.0;https://image.pmgstatic.com/cache/resized/w420/files/images/film/posters/161/446/161446042_8478c0.jpg;https://www.csfd.cz/film/175098-siworae/;Jižní Korea;Romantický / Fantasy / Drama;시월애;Il Mare, „Moře“, dům u jezera. O Vánocích roku 1999 se odsud stěhuje mladá dabérka dětských pořadů, Eun-joo. V poštovní schránce nechává novému vlastníkovi vánoční pohlednici, v které ho prosí, zda by jí případnou opožděnou poštu neposlal na její novou adresu. Vánoce 1997. Čerstvě dostavěné Il Mare hostí svého prvního obyvatele, architekta Sung-hyunga. Ten nachází ve své poštovní schránce vánoční přání datované rokem 1999. Píše mu jakási Eun-joo a prosí ho o vyřešení jejího problému s poštou. Jihokorejský snímek Il Mare inspiroval americký remake „DŮM U JEZERA“ (2006) režiséra Alejandra Agrestiho, se Sandrou Bullock a Keanu Reevesem v hlavních rolích. (kiddo);;láska, jezero;Hyeon-seung Lee;Jung-jae Lee, Ji-hyeon Jeon, Moo-saeng Kim, Heung-soo Kim, Kwang-in Kim;;https://apps.apple.com/cz/app/id6755365206<br>https://play.google.com/store/apps/details?id=cz.csfd.csfdroid<br>;;
73620;Mickey a kouzelné fazole;1947;82.26890756302521;29.0;https://image.pmgstatic.com/cache/resized/w420/files/images/film/posters/000/334/334528_ecbd6b.jpg;https://www.csfd.cz/film/73620-mickey-a-kouzelne-fazole/;USA;Animovaný / Dobrodružný / Rodinný / Fantasy / Krátkometrážní;Mickey and the Beanstalk;Disneyovská pohádka na motivy příběhu o Jackovi a kouzelné fazoli - hrdinové filmu jsou Mickey Mouse, Donald Duck a Goofy, kteří trpí hlady ve vyprahlém království, ze kterého zlý obr ukradl kouzelnou zpívající harfu, která dávala království život. Poté, co náhodou z jejich chaloupky vyroste fazole do nebe, rozhodnou se hrdinové získat od obra harfu zpět. (Rosana);Na DVD od 01.11.2004 Warner Bros. CZ;kouzla, kačer Donald, myšák Mickey, obři, pes Goofy;Hamilton Luske;Walt Disney, Clarence Nash, Pinto Colvig, Sterling Holloway, Edgar Bergen;;/tvurce/3426-walt-disney/prehled/<br>https://apps.apple.com/cz/app/id6755365206<br>https://play.google.com/store/apps/details?id=cz.csfd.csfdroid<br>;;
277495;Avatar: The Way of Water;2022;79.19334950877054;192.0;https://image.pmgstatic.com/cache/resized/w420/files/images/film/posters/166/840/166840794_0d238f.png;https://www.csfd.cz/film/277495-avatar-cesta-vody/;USA;Akční / Dobrodružný / Sci-Fi / Fantasy;Avatar: The Way of Water;Film Avatar: The Way of Water nabízí filmový zážitek na zcela nové úrovni. James Cameron vrátí diváky zpět do nádherného světa Pandory ve velkolepém a strhujícím dobrodružství plném akce. Ve filmu Avatar: The Way of Water se po více jak deseti letech znovu setkáváme s Jakem Sullym, Neytiri a jejich dětmi, kteří stále bojují za to, aby se udrželi v bezpečí a naživu. (Falcon);16.12.2022 20th Century Studios;láska, smrt, přátelství, přátelé, otec, děti, město, dcera, syn, útěk, chlapec, pomsta, vojáci, pronásledování, vězení, podvod, moře, voda, mimozemšťané, vesmír, domorodé kmeny, bitva, mučení, ryby, rybolov, ponorky, loď v ohrožení, velryby;James Cameron;Sam Worthington, Zoe Saldaña, Sigourney Weaver, Stephen Lang, Kate Winslet, Cliff Curtis, Joel David Moore, CCH Pounder, Edie Falco, Brendan Cowell;;https://srv.tunefindforfans.com/showads/track/srvclk.php?aid=100006796&lp=https://www.disneyplus.com/en-cz/browse/entity-e6ef640e-787e-4477-aba4-9e05925ebac2<br>https://srv.clickfuse.com/ads/adclkr.php?id=100006636&url=https://tv.apple.com/cz/movie/avatar-the-way-of-water/umc.cmc.5k5xo2espahvd6kcswi2b5oe9<br>https://www.youtube.com/watch?v=5bN0QNlFCAg<br>https://srv.tunefindforfans.com/showads/track/srvclk.php?aid=100006796&lp=https://www.disneyplus.com/en-cz/browse/entity-e6ef640e-787e-4477-aba4-9e05925ebac2<br>https://srv.clickfuse.com/ads/adclkr.php?id=100006636&url=https://tv.apple.com/cz/movie/avatar-the-way-of-water/umc.cmc.5k5xo2espahvd6kcswi2b5oe9<br>https://www.youtube.com/watch?v=5bN0QNlFCAg<br>https://apps.apple.com/cz/app/id6755365206<br>https://play.google.com/store/apps/details?id=cz.csfd.csfdroid<br>;Academy Awards (3x)<br>British Academy of Film and Television Arts (BAFTA) (1x)<br>AACTA International Awards (1x)<br>Golden Globes (2x)<br>Critics Choice Awards (5x)<br>The Saturn Awards (8x)<br>;Academy Awards (1x)<br>British Academy of Film and Television Arts (BAFTA) (1x)<br>AACTA International Awards (1x)<br>Critics Choice Awards (1x)<br>Florida Film Critics Circle Awards (1x)<br>Los Angeles Film Critics Association Awards (1x)<br>The Saturn Awards (4x)<br>
47277;Le Royaume des fées;1903;85.92592592592592;16.0;//static.pmgstatic.com/assets/images/050b5bad23b8eb0b4f88f971b8f6a168/empty-image.svg;https://www.csfd.cz/film/47277-le-royaume-des-fees/;Francie;Fantasy / Krátkometrážní;Fairyland: A Kingdom of Fairies;Princezna Azurina je zasnoubena s princem Bel-Azorem za přítomnosti laskavých sudiček. Otec Azuriny však na oslavu zásnub zapomněl pozvat i zlou čarodějnici. Ta nelení a již během zásnub Azurinu unese. To si však nemůže čerstvě zasnoubené princ Bel-Azor nechat líbit. Okamžitě se vydává na dobrodružnou cestu a s pomocí víly Aurory opět nalezne svoji milovanou. (Snorlax);;;Georges Méliès;Bleuette Bernon, Georges Méliès;Marie-Catherine d'Aulnoy;http://www.youtube.com/watch?v=AfmH7WyWXg8<br>https://apps.apple.com/cz/app/id6755365206<br>https://play.google.com/store/apps/details?id=cz.csfd.csfdroid<br>;;
340977;Ovečka Shaun ve filmu;2015;79.24965261695229;85.0;https://image.pmgstatic.com/cache/resized/w420/files/images/film/posters/159/529/159529611_588cfa.jpg;https://www.csfd.cz/film/340977-ovecka-shaun-ve-filmu/;Velká Británie / Francie;Animovaný / Fantasy / Dobrodružný / Komedie / Rodinný;Shaun the Sheep Movie;Život na farmě je nekonečná nuda. Každý den plyne ve stejném rytmu, Shaun musí poslouchat a dělat co farmář nařídí. Jak jen mít jeden jediný den volna? To chce pořádný plán, takže Shaun vymyslí způsob, jak mít zase jeden odpočinkový den. Ale i plánovat se musí umět a každý plán se může zvrtnout! Shaun a další ovce přijdou s mazaným trikem jak farmáře uspat. Skáčou stále dokolečka přes ohradu, farmář počítá, počítá a počítá své ovečky, až nakonec usne. Ovce potom farmáře opatrně uloží do starého karavanu v rohu hřiště a předstírají, že je noc. Když farmářův věrný pes Bitzer zjistí, co ovce udělaly, celý plán končí. Blitzer se snaží farmáře dostat z karavanu, ale karavan se uvolní a přes všechny překážky vyjede ven na silnici i se spícím farmářem uvnitř. Bitzer vyrazí za karavanem, který ujíždí přímo do velkoměsta. Shaun a ovčí stádo zatím hospodaří na farmě. Farmář a pes se z města stále nevracejí a na farmě zavládne chaos. Stádo se Shaun v čele se rozhodne napravit svoji chybu a vydá se do velkoměsta najít farmáře a jeho věrného Bitzera. Na této záchranné výpravě je čeká mnoho dobrodružství. Budou Shaun a kamarádi schopni najít svého farmáře dřív, než se ztratí navždy? (Bohemia MP);06.02.2015 StudioCanal UK;přátelé, policie, město, útěk, zvířata, peníze, venkov, vězení, psi, farma, naschvály, prasata, ovce, plastelínová animace, stodola;Mark Burton, Richard Starzak;Omid Djalili, John Sparkes, Kate Harbour, Andy Nyman, Nick Park, Justin Fletcher, Richard Webber, Simon Greenall, Jack Paulson, Nia Medi James;;https://srv.clickfuse.com/ads/adclkr.php?id=100006636&url=https://tv.apple.com/cz/movie/shaun-the-sheep-movie/umc.cmc.327g94goo5099ifjs0x9v2vf4<br>https://www.iprima.cz/filmy/ovecka-shaun-ve-filmu?utm_source=csfd&utm_medium=section_vod&utm_campaign=link_exchange<br>https://www.youtube.com/watch?v=yDbYJqnQmZs<br>https://srv.clickfuse.com/ads/adclkr.php?id=100006636&url=https://tv.apple.com/cz/movie/shaun-the-sheep-movie/umc.cmc.327g94goo5099ifjs0x9v2vf4<br>https://www.iprima.cz/filmy/ovecka-shaun-ve-filmu?utm_source=csfd&utm_medium=section_vod&utm_campaign=link_exchange<br>https://www.youtube.com/watch?v=yDbYJqnQmZs<br>https://apps.apple.com/cz/app/id6755365206<br>https://play.google.com/store/apps/details?id=cz.csfd.csfdroid<br>;Academy Awards (1x)<br>British Academy of Film and Television Arts (BAFTA) (1x)<br>European Film Awards (1x)<br>Golden Globes (1x)<br>Critics Choice Awards (1x)<br>Florida Film Critics Circle Awards (1x)<br>;
15622;Charlie: Všichni pejskové jdou do nebe;1989;79.4228356336261;89.0;https://image.pmgstatic.com/cache/resized/w420/files/images/film/posters/160/988/160988169_3bc3cb.jpg;https://www.csfd.cz/film/15622-charlie-vsichni-pejskove-jdou-do-nebe/;Velká Británie / Irsko;Animovaný / Dobrodružný / Fantasy / Rodinný;Charlie;"Charlie není pes jako všichni ostatní. Dal by se přirovnat k Nicku Marshallovi z Po čem ženy touží, prostě pouliční vůdce, miláček fenek, nekonečný frajírek a bonviván. No a pak jednoho dne je konec a Charlie umře. A aby nemusel jít do nebe, kde je to pro takovéhle týpky vážně děsivá nuda, přijme Satanovu nabídku a zaprodá mu svou duši. Za ni dostane výměnou druhý život na Zemi a hodinky, které musí stále tikat, jinak propadne navždy peklu. To je ale Charliemu upřímně jedno, protože může zůstat a dál si užívat ""života"". Jenže... (monolog)";Na DVD od 01.12.2006 Dimas;přátelství, přátelé, dívka, psi;Don Bluth, Gary Goldman, Dan Kuenster;Dom DeLuise, Burt Reynolds, Loni Anderson, Ken Page, Dick Zondag, Melba Moore, Judith Barsi, David N. Weiss, Vic Tayback, John K. Carr;;https://apps.apple.com/cz/app/id6755365206<br>https://play.google.com/store/apps/details?id=cz.csfd.csfdroid<br>;;
194553;Rusalka;1997;83.2;10.0;//static.pmgstatic.com/assets/images/050b5bad23b8eb0b4f88f971b8f6a168/empty-image.svg;https://www.csfd.cz/film/194553-rusalka/;Rusko;Animovaný / Krátkometrážní / Fantasy;Rusalka;V jednom domku na samotě žije starý mnich s mladým novicem. Mnich ve svém mládí zradil svou milou, když se oženil s jinou ženou. Zlomil jí srdce a ona se pak utopila. Nyní se v převtělení mořské panny vrací, aby se pomstila. (Anifilm);;;Alexandr Petrov;;;https://apps.apple.com/cz/app/id6755365206<br>https://play.google.com/store/apps/details?id=cz.csfd.csfdroid<br>;Academy Awards (1x)<br>;
42949;Harry Potter a Ohnivý pohár;2005;79.04059216241625;157.0;https://image.pmgstatic.com/cache/resized/w420/files/images/film/posters/000/024/24512_d54bf0.jpg;https://www.csfd.cz/film/42949-harry-potter-a-ohnivy-pohar/;Velká Británie / USA;Fantasy / Rodinný / Dobrodružný / Drama;Harry Potter and the Goblet of Fire;Navzdory zlým snům, které ho nepřestávají pronásledovat, vydá se Harry s Weasleyovými na čtyřsté dvacáté druhé famfrpálové mistrovství světa. Slavnostní zahájení je velkolepé, v noci však kemp přepadne skupina maskovaných čarodějů, kteří vyvolávají paniku a na obloze vykouzlí obrovskou lebku s hadem v ústech. Znamení Voldemortovo. Je jasné, že se blíží temná doba. Je to zřejmé i z faktu, že se tu bude konat významný Turnaj tří kouzelníků, jehož vítěz získá Ohnivý pohár. Do soutěže se smějí přihlásit pouze kouzelníci starší sedmnácti let. Do Bradavic přijíždí nejen nový učitel obrany proti černé magii Alostor Moody, ale také výpravy ze dvou dalších evropských kouzelnických škol. Zatímco se napjatě čeká na trojici, kterou pohár vybere, začíná vyučování. Moody dává od první hodiny jasně najevo, že bere obranu proti černé magii vážně. Nastává slavnostní okamžik. Pohár vybere do turnaje Cedrica, Viktora a Fleur. K úžasu všech určí ještě Harryho, i když mu ještě není sedmnáct. Podle pravidel se musí turnaje zúčastnit, protože byl pohárem vybrán. Harry zjistí, že prvním úkolem bude získat zlaté vejce, střežené drakem. Kolegiálně to prozradí Cedricovi a oběma se to v napínavém souboji podaří stejně jako Viktorovi a Fleur. Zatímco se chystají na druhý úkol, blíží se velký Vánoční ples. A to ještě netuší, že se závěrečný úkol turnaje změní v děsivou noční můru, která bude někoho stát život. (TV Nova);18.11.2005 Warner Bros. UK;podle knihy, láska, rodina, smrt, přátelství, přátelé, vražda, dívka, otec, matka, rodiče, strach, dcera, syn, útěk, vrah, škola, sourozenci, Vánoce, zrada, učitel, tanec, kouzla, zlo, závist, čarodějnice, draci, turnaj, čarodějové, hadi, profesor, ples, profesorka;Mike Newell;Daniel Radcliffe, Emma Watson, Rupert Grint, Robbie Coltrane, Tom Felton, Michael Gambon, Brendan Gleeson, Jason Isaacs, Alan Rickman, Maggie Smith;J. K. Rowling;https://www.hbomax.com/cz/en/movies/harry-potter-and-the-goblet-of-fire/d2e9ff29-e71d-4eae-9a4b-7cd0e00236ea<br>https://srv.clickfuse.com/ads/adclkr.php?id=100006636&url=https://tv.apple.com/cz/movie/harry-potter-and-the-goblet-of-fire/umc.cmc.24y16k16f8dxl4o2e8ho0lc1t<br>https://www.youtube.com/watch?v=v3MY5oO6Rj8<br>https://www.hbomax.com/cz/en/movies/harry-potter-and-the-goblet-of-fire/d2e9ff29-e71d-4eae-9a4b-7cd0e00236ea<br>https://srv.clickfuse.com/ads/adclkr.php?id=100006636&url=https://tv.apple.com/cz/movie/harry-potter-and-the-goblet-of-fire/umc.cmc.24y16k16f8dxl4o2e8ho0lc1t<br>https://www.youtube.com/watch?v=v3MY5oO6Rj8<br>https://apps.apple.com/cz/app/id6755365206<br>https://play.google.com/store/apps/details?id=cz.csfd.csfdroid<br>;Academy Awards (1x)<br>British Academy of Film and Television Arts (BAFTA) (2x)<br>Critics Choice Awards (3x)<br>The Saturn Awards (8x)<br>;British Academy of Film and Television Arts (BAFTA) (1x)<br>
3389;Prosperovy knihy;1991;80.38986354775828;124.0;https://image.pmgstatic.com/cache/resized/w420/files/images/film/posters/158/728/158728054_938d75.jpg;https://www.csfd.cz/film/3389-prosperovy-knihy/;Nizozemsko / Francie / Velká Británie / Itálie;Fantasy / Drama;Prospero's Books;Filmová adaptace Shakespearovy hry Bouře, která se nazývá PROSPEROVY KNIHY. Děj je sledován přímo z postavy Prospera, který přežívá se svou dcerou na pustém ostrově. S sebou má dohromady čtyřiadvacet knih od svého dvořana Gonzala. Zde Prospero vystupuje jako bůh a díky těmto kouzelným knihám ve kterých se nacházejí odhalení potřeb a života člověka dokáže vytvořit kouzelnou říši a ovládnout všechny nadpřirozené bytosti. Greenaway v tomto snímku také plní plátno obrazy, které jsou ovlivněny italskými renesančními mistry. Například Rubensova,Tinorettova či Klimtova díla. (Aristes);02.10.1991 Pyramide Distribution;muž, láska, žena, rodina, podle divadelní hry, dcera, pomsta, sourozenci, bratři, ostrov, stáří, šlechta, strýc, neteř;Peter Greenaway;John Gielgud, Michel Blanc, Erland Josephson, Tom Bell, Kenneth Cranham, Mark Rylance, Pierre Bokma, James Thiérrée, Ute Lemper, Isabelle Pasco;;https://apps.apple.com/cz/app/id6755365206<br>https://play.google.com/store/apps/details?id=cz.csfd.csfdroid<br>;British Academy of Film and Television Arts (BAFTA) (1x)<br>Venice Film Festival (1x)<br>;Warsaw International Film Festival (1x)<br>
109809;Rukopis nalezený v Zaragoze;1964;80.91644204851752;124.0;https://image.pmgstatic.com/cache/resized/w420/files/images/film/posters/158/729/158729270_d63f60.jpg;https://www.csfd.cz/film/109809-rukopis-nalezeny-v-zaragoze/;Polsko;Drama / Fantasy / Historický / Mysteriózní / Komedie;Rękopis znaleziony w Saragossie;Zábavný historický film Rukopis nalezený v Zaragoze v sobě spojuje prvky stylové kostýmní komedie, dobrodružného rytířského filmu i fantastické báje s duchy, oběšenci, šílenci a tajemnými princeznami. Byl natočen podle nevšedního románu velkého dobrodruha, knížete Jana Potockého. Román vznikl jako barvité vyprávění a současně satira na lidskou pošetilost a pověrčivost. Jeho hlavním hrdinou je mladý Alfonso van Worden, který se právě dozvěděl, že je jediným mužským potomkem slavného rodu a je vybrán k velikým úkolům. (Letní filmová škola);09.02.1965;;Wojciech Jerzy Has;Zbigniew Cybulski, Iga Cembrzyńska, Elżbieta Czyżewska, Gustaw Holoubek, Joanna Jędryka, Janusz Kłosiński, Bogumił Kobiela, Barbara Krafftówna, Krzysztof Litwin, Mirosława Lombardo;Jan Potocki;https://apps.apple.com/cz/app/id6755365206<br>https://play.google.com/store/apps/details?id=cz.csfd.csfdroid<br>;San Sebastián International Film Festival (1x)<br>;
223157;Gekidžóban Hagane no renkindžucuši: Šambala o juku mono;2005;79.56118143459916;105.0;https://image.pmgstatic.com/cache/resized/w420/files/images/film/posters/162/924/162924728_422784.jpg;https://www.csfd.cz/film/223157-gekidzoban-hagane-no-renkindzucusi-sambala-o-juku-mono/;Japonsko;Animovaný / Dobrodružný / Drama / Fantasy;劇場版 鋼の錬金術師 シャンバラを征く者;"""Shambala, tajemný svět propojený s tím naším. Svět ve kterém platí rozdílné zákony než v našem, přesto svět, kde se lidé rodí a umírají."" Edward Elric žije v Mnichově a píše se rok 1923. Nemá žádnou možnost použít své schopnosti, neboť ty v tomto světě nefungují, přesto však stále doufá, že se znovu setká se svým bratrem Alfonsem. Brzy potkává tajemnou romskou dívku Nou a velice rychle se zaplétá s organizací Thule, jejíž úmysly na pozadí vzrůstající nacistické moci v Německu rozhodně nevypadají mírumilovně. Thule touží otevřít bránu mezi oběma světy - tímto i Amestris, kterou nazývají Shambala. Film popisuje události dva roky po posledním díle seriálu a tentokrát se dočkáme lepší animace i všech starých známých. Příběh na pozadí ekonomického kolapsu po první světové válce, plný témat jako odpovědnost, přátelství, nenávist a pýcha. (kaspar)";23.07.2005 Shochiku;anime, bratři, paralelní svět, alchymie;Seidži Mizušima;Rie Kugimija, Romi Paku, Šun Oguri, Hóko Kuwašima, Kotono Micuiši, Nana Mizuki, Unšó Išizuka, Masane Cukajama, Kendži Ucumi, Juka Komacu;Hiromu Arakawa;https://apps.apple.com/cz/app/id6755365206<br>https://play.google.com/store/apps/details?id=cz.csfd.csfdroid<br>;;
18250;Herkules;1997;78.93387028401865;89.0;https://image.pmgstatic.com/cache/resized/w420/files/images/film/posters/164/972/164972020_4e6c09.jpg;https://www.csfd.cz/film/18250-herkules/;USA;Animovaný / Dobrodružný / Rodinný / Komedie / Fantasy;Herkules;Hercula, syna vládce bohů Dia, unesli z kolébky na Olympu. Odporní nohsledi proradného krále podsvětí Háda naštěstí nedotáhli svůj úkol do konce - podařilo se jim sice Hercula pomocí kouzelného lektvaru téměř zbavit božství, ale k smrtící ráně, která měla ukončit chlapcův život dříve než dospěje a zkříží Hádovy plány, se už nedostali. Hercula pak našel bezdětný pastýř a vychoval ho jako vlastní dítě. Uběhlo osmnáct let a Hercules dospěl v statného mládence, který je pro svou neovladatelnou sílu a nešikovnost postrachem širokého okolí. Když se jednoho dne všemi opovrhovaný mladík náhodou dozví, že je synem samotného Dia, neváhá ani minutu a vydává se na cestu za dobrodružstvím. Během ní se stačí zamilovat, překazit nekalé Hádovi plány a stát se skutečným hrdinou ... nejen silou svalů, ale i příkladným charakterem.;27.06.1997 Buena Vista Pictures US;hrdina, Wilhelm scream, bohové, nesmrtelnost, starověké Řecko, Herkules, Kyklopové, Zeus, Hádés, Arés;Ron Clements, John Musker;Tate Donovan, Danny DeVito, James Woods, Bobcat Goldthwait, Matt Frewer, Rip Torn, Samantha Eggar, Barbara Barrie, Hal Holbrook, Amanda Plummer;;https://srv.tunefindforfans.com/showads/track/srvclk.php?aid=100006796&lp=https://www.disneyplus.com/en-cz/browse/entity-ae19dd2f-a945-442b-a18e-d57fa8f5091f<br>https://srv.clickfuse.com/ads/adclkr.php?id=100006636&url=https://tv.apple.com/cz/movie/hercules/umc.cmc.75ki76zgijhtzk3xpx27jbtyq<br>/novinky/7868-hrany-remake-disneyho-herkula-nasel-rezisera/<br>/novinky/7868-hrany-remake-disneyho-herkula-nasel-rezisera/<br>/novinky/7868-hrany-remake-disneyho-herkula-nasel-rezisera/<br>https://srv.tunefindforfans.com/showads/track/srvclk.php?aid=100006796&lp=https://www.disneyplus.com/en-cz/browse/entity-ae19dd2f-a945-442b-a18e-d57fa8f5091f<br>https://srv.clickfuse.com/ads/adclkr.php?id=100006636&url=https://tv.apple.com/cz/movie/hercules/umc.cmc.75ki76zgijhtzk3xpx27jbtyq<br>https://apps.apple.com/cz/app/id6755365206<br>https://play.google.com/store/apps/details?id=cz.csfd.csfdroid<br>;Academy Awards (1x)<br>Golden Globes (1x)<br>The Saturn Awards (1x)<br>;Los Angeles Film Critics Association Awards (1x)<br>
1641;Divotvorný hrnec;1968;79.38144329896907;141.0;https://image.pmgstatic.com/cache/resized/w420/files/images/film/posters/159/533/159533450_2b715c.jpg;https://www.csfd.cz/film/1641-divotvorny-hrnec/;USA;Rodinný / Fantasy / Muzikál;Finian's Rainbow;"Nestárnoucí muzikál v režii Francise Forda Coppoly se skvělým Fredem Astairem je založen na brodwayské show ze 40. let. Tajemný Ir se přestěhuje do malého jižanského městečka. Má v plánu zakopat kouzelný hrnec zlata, který ukradl skřítkovi Ogovi, a vypěstovat si tak bohatou ""úrodu"". Ale jeho plány jsou zničeny ve chvíli, kdy jeho dcera Sharon vysloví nesprávné přání ve chvíli, kdy stojí nad kouzelným hrncem.";09.10.1968 Warner Brothers/Seven Arts;podle divadelní hry, americký jih;Francis Ford Coppola;Fred Astaire, Petula Clark, Tommy Steele, Don Francks, Keenan Wynn, Al Freeman Jr., Wright King, Jester Hairston, Roy Glenn, Ronald Colby;;https://srv.clickfuse.com/ads/adclkr.php?id=100006636&url=https://tv.apple.com/cz/movie/finians-rainbow/umc.cmc.7j834gito0eaefnzr9tr5jr2l<br>https://www.youtube.com/watch?v=jc6QN3_-OGY<br>https://srv.clickfuse.com/ads/adclkr.php?id=100006636&url=https://tv.apple.com/cz/movie/finians-rainbow/umc.cmc.7j834gito0eaefnzr9tr5jr2l<br>https://www.youtube.com/watch?v=jc6QN3_-OGY<br>https://apps.apple.com/cz/app/id6755365206<br>https://play.google.com/store/apps/details?id=cz.csfd.csfdroid<br>;Academy Awards (2x)<br>Golden Globes (4x)<br>;
274340;Nuit blanche;2009;80.74866310160428;5.0;//static.pmgstatic.com/assets/images/050b5bad23b8eb0b4f88f971b8f6a168/empty-image.svg;https://www.csfd.cz/film/274340-nuit-blanche/;Kanada;Krátkometrážní / Drama / Fantasy / Romantický;White Night;Krátkometrážna snímka s prekvapením na záver zachytáva lásku prekonávajúcu všetky prekážky. (m3p);;;Arev Manoukian;;;http://www.youtube.com/watch?v=JVuUwvUUPro&feature=related<br>http://www.youtube.com/watch?v=IWphVg3d2zc&feature=related<br>https://apps.apple.com/cz/app/id6755365206<br>https://play.google.com/store/apps/details?id=cz.csfd.csfdroid<br>;;
222352;Horší už to nebude;2006;78.83082564849269;113.0;https://image.pmgstatic.com/cache/resized/w420/files/images/film/posters/000/048/48446_d935b4.jpg;https://www.csfd.cz/film/222352-horsi-uz-to-nebude/;USA;Komedie / Drama / Fantasy / Romantický;Horší to už nebude;„Toto je příběh muže jménem Harold Crick… a jeho hodinek. Harold Crick je muž nekonečných čísel, neustálých kalkulací a pozoruhodně mála slov. A jeho hodinky neřeknou o mnoho víc.“ Po deseti letech usilovné práce je spisovatelka Karen Eiffel téměř na konci své poslední a možná nejlepší knihy. Jejím jediným úkolem zůstává vymyslet, jak zabít svoji hlavní postavu, Harolda Cricka. Karen však nemá ani tušení, že Harold Crick z nevysvětlitelných důvodů žije ve skutečném světě… a najednou slyší její slova. Fikce a realita se střetnou, když zmatený Harold slyší, co si ona myslí, a zjistí, že musí najít způsob, jak změnit její (a svůj) konec. Horší už to nebude je neotřelou komedií o tom, jak vzít svůj dosavadní život do rukou a učinit z něj takový, jaký ho chcete mít.;10.11.2006 Columbia/Sony;muž, láska, žena, smrt, dívka, tajemství, záhady, touha, manipulace, sny, vášeň, vztahy, mezilidské vztahy, naděje, spisovatel, zranění, zoufalství, rande, romance, kniha, pochyby, kancelář, spisovatelka;Marc Forster;Will Ferrell, Maggie Gyllenhaal, Dustin Hoffman, Queen Latifah, Emma Thompson, Tom Hulce, Linda Hunt, Christian Stolte, Kristin Chenoweth, Andrew Rothenberg;;https://www.hbomax.com/cz/en/movies/stranger-than-fiction/d6eada03-29c9-4870-8ae4-bcaef1cd8fa2<br>https://srv.clickfuse.com/ads/adclkr.php?id=100006636&url=https://tv.apple.com/cz/movie/stranger-than-fiction/umc.cmc.5d3tacaem6jryz1klex7zmih1<br>https://sledovanitv.cz/epg/event/HBO:202512174448090965ae43217abbe684b3348399<br>https://www.hbomax.com/cz/en/movies/stranger-than-fiction/d6eada03-29c9-4870-8ae4-bcaef1cd8fa2<br>https://srv.clickfuse.com/ads/adclkr.php?id=100006636&url=https://tv.apple.com/cz/movie/stranger-than-fiction/umc.cmc.5d3tacaem6jryz1klex7zmih1<br>https://sledovanitv.cz/epg/event/HBO:202512174448090965ae43217abbe684b3348399<br>https://apps.apple.com/cz/app/id6755365206<br>https://play.google.com/store/apps/details?id=cz.csfd.csfdroid<br>;Golden Globes (1x)<br>Critics Choice Awards (2x)<br>The Saturn Awards (5x)<br>;
6170;Star Wars: Epizoda I - Skrytá hrozba;1999;78.77184366038753;136.0;https://image.pmgstatic.com/cache/resized/w420/files/images/film/posters/159/623/159623768_b6f329.jpg;https://www.csfd.cz/film/6170-star-wars-epizoda-i-skryta-hrozba/;USA;Sci-Fi / Fantasy / Dobrodružný / Akční;Hvězdné války: Epizoda I - Skrytá hrozba;Galaktickou republikou zmítají nepokoje. Vznikly spory ohledně zdanění obchodních cest k odlehlým hvězdným soustavám. Chamtivá Obchodní federace doufá, že záležitost vyřeší její armáda bojových droidů, která začne úplnou blokádu malé planety Naboo. Zatímco Republikový kongres vede o těchto dramatických událostech zdlouhavé rozhovory, Nejvyšší kancelář tajně vyšle dva rytíře Jedi, ochránce míru a spravedlnosti v galaxii, aby konflikt zažehnali...;19.05.1999 20th Century Fox;láska, smrt, vražda, město, útěk, chlapec, zbraně, vojáci, intriky, zrada, souboje, moře, armáda, mimozemšťané, korupce, vesmír, poušť, bitva, roboti, vesmírná loď, královna, závody, invaze, otroctví, ponorky, Wilhelm scream, Star Wars, stíhačky;George Lucas;Liam Neeson, Ewan McGregor, Natalie Portman, Jake Lloyd, Pernilla August, Ian McDiarmid, Oliver Ford Davies, Hugh Quarshie, Anthony Daniels, Ahmed Best;;https://srv.tunefindforfans.com/showads/track/srvclk.php?aid=100006796&lp=https://www.disneyplus.com/en-cz/browse/entity-e0a9fee4-2959-4077-ad8c-8fab4fd6e4d1<br>https://srv.clickfuse.com/ads/adclkr.php?id=100006636&url=https://tv.apple.com/cz/movie/star-wars-the-phantom-menace/umc.cmc.1x8mput5lh4l0u6vue0hbmhs3<br>https://www.youtube.com/watch?v=-vOuTCFxdh0<br>https://srv.tunefindforfans.com/showads/track/srvclk.php?aid=100006796&lp=https://www.disneyplus.com/en-cz/browse/entity-e0a9fee4-2959-4077-ad8c-8fab4fd6e4d1<br>https://srv.clickfuse.com/ads/adclkr.php?id=100006636&url=https://tv.apple.com/cz/movie/star-wars-the-phantom-menace/umc.cmc.1x8mput5lh4l0u6vue0hbmhs3<br>https://www.youtube.com/watch?v=-vOuTCFxdh0<br>/film/1178727-disney-gallery-star-wars-boba-fett-zakon-podsveti/prehled/<br>/film/849599-disney-galerie-star-wars-mandalorian/prehled/<br>https://apps.apple.com/cz/app/id6755365206<br>https://play.google.com/store/apps/details?id=cz.csfd.csfdroid<br>;Academy Awards (3x)<br>British Academy of Film and Television Arts (BAFTA) (2x)<br>The Saturn Awards (10x)<br>Golden Raspberry Awards (Razzies) (6x)<br>;The Saturn Awards (2x)<br>Golden Raspberry Awards (Razzies) (1x)<br>
692824;Tenki no ko;2019;79.37388193202146;114.0;https://image.pmgstatic.com/cache/resized/w420/files/images/film/posters/163/517/163517104_1c5f6a.jpg;https://www.csfd.cz/film/692824-tenki-no-ko/;Japonsko;Animovaný / Fantasy / Romantický;天気の子;Středoškolák Hodaka se rozhodne k radikálnímu kroku a uteče ze svého rodného, izolovaného ostrova do Tokia. Zanedlouho zjišťuje, že život v Tokiu není žádný med a čím dál více uzavřený Hodaka se dostává do tíživé finanční situace, protože si nemůže najít práci. Nekonečné deštivé dny jako kdyby symbolizovaly Hodakovo trápení. V nouzi přijímá práci editora v podezřelém okultním plátku, ale jeho dny doslova rozjasní až setkání s neobyčejnou dívkou Hinou. Hina totiž má schopnost zastavit déšť a rozehnat oblaka... (Scalpelexis);19.07.2019 Toho Company;láska, dívka, tajemství, děti, mládež, město, záhady, touha, útěk, chlapec, anime, peníze, novináři, léto, chudoba, Japonsko, sirotek, paranormální jevy, média, žurnalistika, bouře, nezaměstnanost, déšť, Tokio;Makoto Šinkai;Nana Mori, Šun Oguri, Cubasa Honda, Sei Hiraizumi, Júki Kadži, Čieko Baišó, Sakura Kirjú, Kótaro Daigo, Taito Ban, Iori Saeki;;https://apps.apple.com/cz/app/id6755365206<br>https://play.google.com/store/apps/details?id=cz.csfd.csfdroid<br>;Robert Awards (Danish Film Awards) (1x)<br>Florida Film Critics Circle Awards (1x)<br>;
10100;Bláznova kronika;1964;78.98103384157679;82.0;https://image.pmgstatic.com/cache/resized/w420/files/images/film/posters/170/197/170197541_2pscki.jpg;https://www.csfd.cz/film/10100-blaznova-kronika/;Československo;Dobrodružný / Komedie / Historický / Fantasy;Bláznova kronika;Vizuálně experimentující film, prolínající dávné rytiny do filmového obrazu, zasadil Karel Zeman do vichrů třicetileté války. Protagonisty učinil čerstvého odvedence a jeho na válečných polích zkušenějšího kamaráda, kteří pak spolu táhnou do dalších bojů i milostných dobrodružství. Dva kamarádi táhnou společně po bojištích třicetileté války. Píše se rok 1625. Oráče Petra odvedli k vojsku přímo od jeho pluhu. Matěj byl už značně ostřílený voják... Náhoda ty dva spojila, a tak společně táhnou slavnými i těmi zapomenutými bojišti třicetileté války v osobitém zpracování kouzelníka filmového plátna Karla Zemana.;18.12.1964 Ústřední půjčovna filmů;černobílý film, láska, přátelé, dívka, útěk, vojáci, válka, šlechta, snoubenci, zlato, 17. století, Třicetiletá válka;Karel Zeman;Petr Kostka, Miloslav Holub, Emília Vášáryová, Valentina Thielová, Karel Effa, Eva Šenková, Eduard Kohout, Vladimír Menšík, Čestmír Řanda st., Jiří Holý;;https://apps.apple.com/cz/app/id6755365206<br>https://play.google.com/store/apps/details?id=cz.csfd.csfdroid<br>;;
577;Fantazie;1940;79.33333333333333;120.0;https://image.pmgstatic.com/cache/resized/w420/files/images/film/posters/164/967/164967839_420a6e.jpg;https://www.csfd.cz/film/577-fantazie/;USA;Animovaný / Rodinný / Fantasy / Hudební;Fantasia;Nadčasové veledílo z dílny Walta Disneyho je báječnou směsí zvuku a obrazu, dnes navíc ve skvělé digitální úpravě! Na disku navíc naleznete objevné kometáře a zajímavé bonusy. Zážitek z filmu Fantazie tak pro vás dostane nový rozměr a generace diváků budou mít příležitost si tento hudební skvost užít jako nikdy dřív! Bez filmu Fantazie nemůže být žádná domácí kolekce Disneyho filmů úplná. Na vlastní oči spatříte hudbu, která ožije, na vlastní uši uslyšíte obrazy, které začnou zpívat, a srdce si tuto směs bude žádat znovu a znovu!;13.11.1940 RKO Radio Pictures;hudba, koncert;James Algar, Samuel Armstrong, Ford Beebe;Walt Disney, Leopold Stokowski, Paul J. Smith, James MacDonald;;/tvurce/3426-walt-disney/prehled/<br>/tvurce/3426-walt-disney/prehled/<br>https://srv.tunefindforfans.com/showads/track/srvclk.php?aid=100006796&lp=https://www.disneyplus.com/en-cz/browse/entity-f08e9233-5325-45ac-a070-134f9725f1fd<br>https://srv.clickfuse.com/ads/adclkr.php?id=100006636&url=https://tv.apple.com/cz/movie/fantasia/umc.cmc.36cr7afaq8tjqk2aumi75doba<br>/tvurce/3426-walt-disney/prehled/<br>/tvurce/3426-walt-disney/prehled/<br>https://srv.tunefindforfans.com/showads/track/srvclk.php?aid=100006796&lp=https://www.disneyplus.com/en-cz/browse/entity-f08e9233-5325-45ac-a070-134f9725f1fd<br>https://srv.clickfuse.com/ads/adclkr.php?id=100006636&url=https://tv.apple.com/cz/movie/fantasia/umc.cmc.36cr7afaq8tjqk2aumi75doba<br>https://apps.apple.com/cz/app/id6755365206<br>https://play.google.com/store/apps/details?id=cz.csfd.csfdroid<br>;;Academy Awards (2x)<br>New York Film Critics Circle Awards (1x)<br>
283466;Darker than Black: Kuro no keiyakusha - Gaiden;2010;81.95348837209302;;https://image.pmgstatic.com/cache/resized/w420/files/images/film/posters/000/452/452980_89ef32.jpg;https://www.csfd.cz/film/283466-darker-than-black-kuro-no-keiyakusha-gaiden/;Japonsko;Animovaný / Akční / Drama / Fantasy / Mysteriózní;DARKER THAN BLACK 黒の契約者 外伝;"V týchto štyroch dieloch sa dozvedáme, čo sa stalo medzi prvou a druhou sériou. Yin a Hei sa musia skrývať a dávať pozor, pretože na nich číha nebezpečenstvo zo všetkých strán. Syndikát totiž na dvojicu poslal ""lovcov"" a nie je jediný, kto chce dostať Yin. (Hees)";;láska, anime;Tensai Okamura, Tošinori Narita;Iemasa Kajumi, Rjóta Takeuči, Arise Sató, Izumi Koike, Tomomi Watanabe;;https://apps.apple.com/cz/app/id6755365206<br>https://play.google.com/store/apps/details?id=cz.csfd.csfdroid<br>;;
760230;Violet Evergarden: Věčnost a Píšící panenka;2019;80.78787878787878;91.0;https://image.pmgstatic.com/cache/resized/w420/files/images/film/posters/163/711/163711166_2edec6.jpg;https://www.csfd.cz/film/760230-violet-evergarden-vecnost-a-pisici-panenka/;Japonsko;Animovaný / Fantasy;Violet Evergarden Gaiden: Eien to džidó šuki ningjó;Osamělá mladá žena se na dívčí škole cítí jako v pasti. Když ji ale začne učit Violet, kovové ruce a srdečné dopisy ji zahřejí u srdce. (Netflix);06.09.2019 Shochiku;přátelství, dívka, škola, vzpomínky, spisovatel, pošťák;Haruka Fudžita;Jui Išikawa, Daisuke Namikawa, Aoi Júki, Takehito Kojasu, Kóki Učijama, Aja Endó, Azusa Tadokoro, Riki Kagami, Sakuma Motoki, Kanako Sakuragi;Kana Akacuki;https://www.netflix.com/title/81208936<br>https://www.netflix.com/<br>https://www.netflix.com/title/81208936<br>https://apps.apple.com/cz/app/id6755365206<br>https://play.google.com/store/apps/details?id=cz.csfd.csfdroid<br>;;
320278;Road to Ninja: Naruto the Movie;2012;79.27862939585212;109.0;https://image.pmgstatic.com/cache/resized/w420/files/images/film/posters/159/789/159789095_d3d1ea.jpg;https://www.csfd.cz/film/320278-road-to-ninja-naruto-the-movie/;Japonsko;Animovaný / Akční / Drama / Fantasy / Komedie;ロード・トゥ・ニンジャ ‐ナルト・ザ・ムービー;Zlovolný Madara vytvoří alternativní svět, kam přenese Naruta a Sakuru. Tato alternativní dimenze je sice částečně stvořena k obrazu nejhlubších přání obou hrdinů, ale jinak je zde vše naruby. Hrdinové si brzy uvědomí, že sem nepatří a začne se jim stýskat po jejich pravém domově a přátelích. Aby se dostali zpátky domů do svého reálného světa, budou muset získat záhadný svitek červeného měsíce. Ten ale hledá také záhadný muž v masce, který se s Madarovou pomocí snaží ovládnout alternativní svět. Podaří se Narutovi a Sakuře vrátit zpět a překazit Madarovi plán? (Euky27);28.07.2012 Toho Company;;Hajato Date;Nana Mizuki, Noriaki Sugijama, Teššó Genda, Tomojuki Dan, Tošihiko Seki, Kentaró Itó, Tošijuki Morikawa, Kazue Ikura, Hideo Išikawa, Džunko Takeuči;Masaši Kišimoto;https://apps.apple.com/cz/app/id6755365206<br>https://play.google.com/store/apps/details?id=cz.csfd.csfdroid<br>;;
933;Seznamte se, Joe Black;1998;78.62265722615577;178.0;https://image.pmgstatic.com/cache/resized/w420/files/images/film/posters/159/254/159254521_288585.jpg;https://www.csfd.cz/film/933-seznamte-se-joe-black/;USA;Romantický / Drama / Fantasy / Mysteriózní;Meet Joe Black;Mediální magnát William Parrish si užívá života plnými doušky. I pro něho i však jednoho dne příjde Smrt. Ta mu ale udělá zcela vyjímečnou nabídku - časový odklad za možnost přiučit se něco o lidech. V podobě sympatického světlovlasého mladíka, který si říká Joe, tak Smrt vstoupí nejen do Parrishova života, ale i do života jeho krásné dcery. Tím, že se dívka do Joea zamiluje, se vše mění. Smrt v lidském těle poznává, co je to láska a hrozivá osudovost budoucnosti náhle dostává pro všechny nový rozměr.;13.11.1998 Universal Pictures US;muž, láska, žena, rodina, smrt, přátelství, přátelé, tajemství, otec, rodiče, podle divadelní hry, manželé, záhady, dcera, touha, peníze, manipulace, lež, intriky, sny, vášeň, podvod, dilema, nemocnice, umírání, žárlivost, stáří, nehoda, manželství, pocit viny, chamtivost, snoubenci, korporace, oslava, bohatství, osud, knihovna, tchán, Smrťák;Martin Brest;Brad Pitt, Anthony Hopkins, Claire Forlani, Jake Weber, Marcia Gay Harden, Jeffrey Tambor, Richard Clarke, Marylouise Burke, June Squibb, Gene Canfield;;https://www.skyshowtime.com/cz/stream/movies/seznamte-se-joe-black/8aad0a65-775a-3c47-9784-b32ccce3b0ec<br>https://srv.clickfuse.com/ads/adclkr.php?id=100006636&url=https://tv.apple.com/cz/movie/meet-joe-black/umc.cmc.170f1fuaoftr90dd9phfzur4x<br>https://www.youtube.com/watch?v=wKbIddQVHJc<br>/novinky/7033-netflix-odklada-svuj-nejvetsi-blockbuster/<br>/novinky/7033-netflix-odklada-svuj-nejvetsi-blockbuster/<br>/novinky/7033-netflix-odklada-svuj-nejvetsi-blockbuster/<br>https://www.skyshowtime.com/cz/stream/movies/seznamte-se-joe-black/8aad0a65-775a-3c47-9784-b32ccce3b0ec<br>https://srv.clickfuse.com/ads/adclkr.php?id=100006636&url=https://tv.apple.com/cz/movie/meet-joe-black/umc.cmc.170f1fuaoftr90dd9phfzur4x<br>https://www.youtube.com/watch?v=wKbIddQVHJc<br>https://apps.apple.com/cz/app/id6755365206<br>https://play.google.com/store/apps/details?id=cz.csfd.csfdroid<br>;The Saturn Awards (3x)<br>Golden Raspberry Awards (Razzies) (1x)<br>;
