idCsfd;sTitle;iYear;iRating;iRuntime;urlPoster;urlCsfd;sCountry;sGenre;sTitle_EN;sStory;sCopyright;sTags;sDirector;sActor;sPlatforms;sNominated;sWinner;sAuthor
597993;Pásky z Nagana;2018;94.96294553581932;73.0;https://image.pmgstatic.com/cache/resized/w420/files/images/film/posters/162/467/162467520_f9ffb9.jpg;https://www.csfd.cz/film/597993-pasky-z-nagana/;USA / Česko / Kanada;Dokumentární / Sportovní;The Nagano Tapes;Olympijský hokejový Turnaj století v Naganu 1998 trochu z odstupu a nadhledu v dokumentu Ondřeje Hudečka. (Česká televize);;20. století, sláva, trenér, období 1990-2000, emigrace, hokej, turnaj, zápas, olympijské hry, bruslení;Ondřej Hudeček;Dominik Hašek, Jaromír Jágr, Petr Svoboda, Robert Záruba, Ivan Hlinka, Slavomír Lener, Michael Žantovský, Roman Hamrlík, Martin Straka, Giancarlo Esposito;http://www.ceskatelevize.cz<br>https://apps.apple.com/cz/app/id6755365206<br>https://play.google.com/store/apps/details?id=cz.csfd.csfdroid<br>;;Ceny české filmové kritiky (1x)<br>;
812944;David Attenborough: Život na naší planetě;2020;94.47720640032203;83.0;https://image.pmgstatic.com/cache/resized/w420/files/images/film/posters/164/809/164809596_2e1d46.jpg;https://www.csfd.cz/film/812944-david-attenborough-zivot-na-nasi-planete/;Velká Británie;Dokumentární;David Attenborough: A Life on Our Planet;Známý moderátor se ohlíží za svým životem a historií vývoje života na Zemi. Truchlí nad ztrátou divočiny a přichází s vlastní vizí budoucnosti. (Netflix);Na VOD od 04.10.2020 Netflix;ekologie, globální oteplování, přelidnění;Alastair Fothergill, Jonathan Hughes, Keith Scholey;David Attenborough, Max Hughes;https://www.netflix.com/title/80216393<br>https://www.netflix.com/<br>https://www.netflix.com/title/80216393<br>https://www.csfd.cz/vod/netflix/<br>https://apps.apple.com/cz/app/id6755365206<br>https://play.google.com/store/apps/details?id=cz.csfd.csfdroid<br>;British Academy of Film and Television Arts (BAFTA) (1x)<br>;;
272622;Nagano 1998 - hokejový turnaj století;1998;93.36376404494382;90.0;https://image.pmgstatic.com/cache/resized/w420/files/images/film/posters/000/449/449787_24d64a.jpg;https://www.csfd.cz/film/272622-nagano-1998-hokejovy-turnaj-stoleti/;Česko;Dokumentární / Sportovní;;Dokument ze zimních olympijských her. Sestřih nejdůležitějších okamžiků ze všech olympijských sportovních soutěží. Největší prostor je věnován spanilé jízdě našich hokejistů ke zlatým medailím, včetně velkolepého přivítání ve vlasti.;;hokej, olympijské hry;Jiří Slezák, Charilaos Karadžos;Jaromír Jágr, Dominik Hašek, Ivan Hlinka, Martin Procházka, Robert Reichel, Jiří Šlégr, Vladimír Růžička, Pavel Patera, Jiří Dopita, Robert Lang;https://apps.apple.com/cz/app/id6755365206<br>https://play.google.com/store/apps/details?id=cz.csfd.csfdroid<br>;;;
42927;Red Dwarf: Smeg Outs;1995;93.7466307277628;51.0;https://image.pmgstatic.com/cache/resized/w420/files/images/film/posters/168/089/168089220_1uz782.jpg;https://www.csfd.cz/film/42927-red-dwarf-smeg-outs/;Velká Británie;Dokumentární / Komedie;;Po roce se vynikající pořad SMEG UPS dočkal pokračování. Autorem scénáře je opět Doug Naylor, kterému vypomáhal Robert Llewellyn a režie se tentokrát ujal režisér mnoha dílů Trpaslíka Ed Bye, který pořad produkoval. Druhý díl se zaměřuje na mnohem více postav než díl první a opět ho uvádí Robert Llewellyn jako Kryton. Opět nás čeká spousta nových přeřeků, popletení textů nebo jejich zapomínání. Uvidíme problémy s rekvizitamy či se zvířaty, podíváme se na dalších 10 nejčastějších otázek,dále např. co říká šéf klubu pozpátku v díle Pozpátku nebo celou verzi písně Tongue Tide.. S hlavnímy členy posádky se seznámíme jednotlivě v klipcích s přebrety. Aby Kryton nebyl na moderování sám, tak mu v tomto díle sekunduje Craig Charles jako Lister. Pořad je sice zaměřen na první tři série, ale obsahuje také záznamy ze setkání fanoušků.Druhý díl je kvalitativně možná lepší než díl první, což bude také způsobeno větší profesionalitou a také větším počtem lidí, jež se na pořadu podílely. Scény z těchto dvou kazet se později objevily na DVD k jednotlivým sériím a k 7.a 8. řadě zatím jako soubor na kazetě nevyšly. Zdali se dočkáme někdy pokračování těchto dvou dílů je ve hvězdách. (gogos);;;Ed Bye;Chris Barrie, Craig Charles, Danny John-Jules, Robert Llewellyn, Craig Ferguson, Norman Lovett, Mac McDonald, Robert Addie, Hattie Hayridge, Danny Erskine;http://www.youtube.com/watch?v=a3t3IKlXqFU<br>https://apps.apple.com/cz/app/id6755365206<br>https://play.google.com/store/apps/details?id=cz.csfd.csfdroid<br>;;;
97668;Red Dwarf: Smeg Ups;1994;93.30152671755725;51.0;https://image.pmgstatic.com/cache/resized/w420/files/images/film/posters/168/089/168089236_1pe1zd.jpg;https://www.csfd.cz/film/97668-red-dwarf-smeg-ups/;Velká Británie;Dokumentární / Komedie;;Jedná se o bonusový pořad k RED DWARF (ČERVENÝ TRPASLÍK). Pořad vyšel v roce 1994 v produkci BBC na VHS a poté se objevil jako součást kompletního balíku VHS či DVD. Scénář napsal a pořad zároveň zrežíroval Doug Naylor (jeden z autorů Trpaslíka). Je zároveň také producentem. Pořadem provází Robert Llewellyn (Kryton 2X4B 523P) a uvede všechny své kolegy z Trpaslíka.Do roku 1994 bylo natočeno 6 serií trpaslíka (36 dílů) a za tu dobu se nahromadilo spousty zkažených, nepovedených záběrů. Mnoho přeřeků, zapomenutí textu, rozesmání se atd... A právě o tom je tento pořad. Scény pocházejí především ze 4, 5 a 6 série. Pořad také obsahuje nepovedené lety modelů lodí z Trpaslíka, problémy s technickým vybavením, sprostých průpovídek hlavních aktérů, nepoužitých záběrů atd... Dojde také na divaácké dotazy, resp. na 10 nejčastějších otázek kolem Trpaslíka na něž odpovídá Robert Llewellyn.Celý pořad trvá necelou hodinku a obsahuje také úvodní a závěrečnou znělku Trpaslíka. Scénky jsou výborně nastříhány a působení Krytona jako moderátora je více než perfektní. Pořad se o rok později dočkal pokračování s názvem SMEG OUTS. (gogos);;;;Robert Llewellyn, Jenny Agutter, Chris Barrie, Craig Charles, Danny John-Jules, Robert Addie, Hattie Hayridge;https://apps.apple.com/cz/app/id6755365206<br>https://play.google.com/store/apps/details?id=cz.csfd.csfdroid<br>;;;
178757;Pink Floyd: Živě v Pompejích;1972;92.50475586556753;59.0;https://image.pmgstatic.com/cache/resized/w420/files/images/film/posters/170/068/170068444_v80s1a.jpg;https://www.csfd.cz/film/178757-pink-floyd-zive-v-pompejich/;Belgie / Západní Německo / Francie;Hudební / Dokumentární;Pink Floyd v Pompejích;Pink Floyd imaginativní, nadreálná, vysoce tvůrčí hudba plná barev, která se výborně hodí k vizuálním představením. Film natočený v starověkém amfiteátru mezi ruinami zaniklých Pompejí nabízí divákům úžasný audio-vizuální zážitek. Ve dne se koncert konal v aréně rozpálené sluncem a v noci uprostřed tajemné scény zničené sopečným výbuchem a umožnil tak perfektní souhru zvuku a obrazu. Snímek začíná i končí obsáhlou skladbou Echoes z alba Meddle a obsahuje také následující tituly: Echoes, Careful with that Axe Eugene, A Saucerful of Secrets, Us And Them. One of these Days. Mademoiselle Nobs, Brain Damage, Set the Controls for the Heart of the Sun, Echoes.;28.04.2025 Pathé Live;;Adrian Maben;David Gilmour, Nick Mason, Roger Waters, Richard Wright;https://srv.clickfuse.com/ads/adclkr.php?id=100006636&url=https://tv.apple.com/cz/movie/pink-floyd-at-pompeii---mcmlxxii/umc.cmc.733nyr52x1q1lj069e6ps625x<br>https://srv.clickfuse.com/ads/adclkr.php?id=100006636&url=https://tv.apple.com/cz/movie/pink-floyd-at-pompeii---mcmlxxii/umc.cmc.733nyr52x1q1lj069e6ps625x<br>https://apps.apple.com/cz/app/id6755365206<br>https://play.google.com/store/apps/details?id=cz.csfd.csfdroid<br>;;;
174734;Depeche Mode: Devotional;1993;94.79905437352245;93.0;https://image.pmgstatic.com/cache/resized/w420/files/images/film/posters/000/041/41376_fc029a.jpg;https://www.csfd.cz/film/174734-depeche-mode-devotional/;USA;Dokumentární / Hudební;;Památný záznam Devotional vychází poprvé na DVD! Dokument, který pro DEPECHE MODE natočil slavný fotograf a režisér a také dlouholetý spolupracovník kapely Anton Corbijn během jedinečného turné v roce 1993, patří k nejslavnějším v historii pop-music. V době vzniku byl nominován na cenu Grammy jako Nejlepší dlouhohrající hudební video. DVD rovněž obsahuje druhý disk jako bonus, na němž jsou zachyceny koncerty z Frankfurtu a Barcelony, dobový dokument MTV, interview s autorem snímku a další zajímavosti.;;;Anton Corbijn;David Gahan, Martin Gore, Andrew Fletcher, Alan Wilder;https://apps.apple.com/cz/app/id6755365206<br>https://play.google.com/store/apps/details?id=cz.csfd.csfdroid<br>;;;
270981;Zlatý hattrick;2001;94.77386934673366;;https://image.pmgstatic.com/cache/resized/w420/files/images/film/posters/000/449/449784_42ee46.jpg;https://www.csfd.cz/film/270981-zlaty-hattrick/;Česko;Dokumentární / Sportovní;;Zlatý hattrick představuje jednu ze čtyř úspěšných sezón českých hokejistů od Nagana 1998. Tento dokument neboli sestřih utkání celého Mistrovství světa roku 2001 se odehrává v německém Hannoveru. Od sezóny 1999 do roku 2001 jsme se stali trojnásobnými vítězi světového šampionátu v ledním hokeji. Tudíž rok 2001 je českým zlatým hattrickem. V sestřihu jsou znázorněny věci, na které by český národ neměl nikdy zapomenout. (Pilda17);;hokej;;Martin Procházka, František Kaberle, Robert Reichel, Pavel Patera, David Výborný, Milan Hnilička, David Moravec, Petr Čajánek, Jiří Dopita, Viktor Ujčík;https://apps.apple.com/cz/app/id6755365206<br>https://play.google.com/store/apps/details?id=cz.csfd.csfdroid<br>;;;
259318;Návrat mistrů;2005;92.69090909090909;58.0;//static.pmgstatic.com/assets/images/050b5bad23b8eb0b4f88f971b8f6a168/empty-image.svg;https://www.csfd.cz/film/259318-navrat-mistru/;Česko;Dokumentární / Sportovní;;Český hokej zpátky na trůnu! Národní tým vyhrál mistrovství světa, jaké nemá v dějinách obdoby. Šest klíčových hráčů a hlavní kouč Vladimír Růžička se s odstupem vracejí k rozhodujícím i zákulisním okamžikům turnaje. Dokument o mistrovství světa v ledním hokeji 2005 ve Vídni a Innsbrucku připravili R. Záruba a K. Jonák.;;hokej;Karel Jonák;Jaromír Jágr, Jiří Šlégr, František Kaberle, Jaroslav Špaček, Vladimír Růžička, Martin Straka, David Výborný, Petr Čajánek, Milan Hnilička, Alexandr Ovečkin;https://www.ceskatelevize.cz/porady/10087707620-navrat-mistru?utm_source=csfd&utm_medium=section_vod&utm_campaign=link<br>https://www.ceskatelevize.cz/porady/10087707620-navrat-mistru?utm_source=csfd&utm_medium=section_vod&utm_campaign=link<br>https://apps.apple.com/cz/app/id6755365206<br>https://play.google.com/store/apps/details?id=cz.csfd.csfdroid<br>;;;
270353;Slayer: Still Reigning;2004;97.47126436781609;;https://image.pmgstatic.com/cache/resized/w420/files/images/film/posters/000/063/63991_b08004.jpg;https://www.csfd.cz/film/270353-slayer-still-reigning/;USA;Hudební / Dokumentární;;"DVD z koncertu amerických thrash metalových „řezníků“ Slayer. DVD obsahuje dvě části:Reign in Blood live 1. ""Angel of Death"" 2. ""Piece by Piece"" 3. ""Necrophobic"" 4. ""Altar of Sacrifice"" 5. ""Jesus Saves"" 6. ""Criminally Insane"" 7. ""Reborn"" 8. ""Epidemic"" 9. ""Postmortem"" 10. ""Raining Blood""Bonus materiál 1. ""War Ensemble"" 2. ""Hallowed Point"" 3. ""Necrophiliac"" 4. ""Mandatory Suicide"" 5. ""Spill the Blood"" 6. ""South of Heaven"" 7. ""Slayer in Their Own Words"" (interview) (Chatterer)";;metal;Dean Karr;Tom Araya, Kerry King;https://apps.apple.com/cz/app/id6755365206<br>https://play.google.com/store/apps/details?id=cz.csfd.csfdroid<br>;;;
277451;Strážce divočiny;2009;91.65580182529335;54.0;https://image.pmgstatic.com/cache/resized/w420/files/images/film/posters/158/321/158321266_3d1e55.jpg;https://www.csfd.cz/film/277451-strazce-divociny/;Slovensko;Dokumentární;Strážca divočiny;Není to tak dávno, co se po celé Evropě prostírala nespoutaná příroda. Dnes takových míst zbývá jen několik. Patří k nim záhadná Tichá dolina ve Vysokých Tatrách na Slovensku. Odlehlé soutěsky a čarovné lesy jsou domovem asi čtyřiceti medvědů, kteří zde žijí volně a bez jakéhokoliv konfliktu s člověkem. Dva mladí filmaři se nechali inspirovat těmito skvostnými tvory, nazývanými strážci divočiny, a zachytili jejich život. Ukazují při tom pomíjívý svět nezkrocené divočiny, v němž je člověk pouhým pozorovatelem.;Na DVD od 24.04.2010 Arolla Film;zvířata, les, divočina, hory, medvědi, Tatry;Robert Rajchl;Marián Geišberg;https://apps.apple.com/cz/app/id6755365206<br>https://play.google.com/store/apps/details?id=cz.csfd.csfdroid<br>;;;
1661432;Oceán s Davidem Attenboroughem;2025;93.19693094629156;95.0;https://image.pmgstatic.com/cache/resized/w420/files/images/film/posters/170/086/170086493_gyhlhd.jpg;https://www.csfd.cz/film/1661432-ocean-s-davidem-attenboroughem/;Velká Británie;Dokumentární;David Attenborough: Ocean;Sir David Attenborough odhaluje tajemství, zázraky a křehkost oceánů, a zdůrazňuje jejich naprosto zásadní význam. Ukazuje extrémní problémy, kterým oceány čelí, ale zároveň přináší naději – možnost obnovy mořského života v nebývalém měřítku je na dosah. (National Geographic);08.05.2025 Altitude Film Distribution;oceán, příroda, ryby, klimatická krize;Colin Butfield, Toby Nowlan, Keith Scholey;David Attenborough;https://apps.apple.com/cz/app/id6755365206<br>https://play.google.com/store/apps/details?id=cz.csfd.csfdroid<br>;British Independent Film Awards (BIFA) (1x)<br>;;
832903;The Alpinist;2020;90.74829931972789;82.0;https://image.pmgstatic.com/cache/resized/w420/files/images/film/posters/165/555/165555776_5e2373.jpg;https://www.csfd.cz/film/832903-the-alpinist/;USA;Dokumentární;The Alpinist;Marc-André Leclerc leze sám, daleko od světel reflektorů. Na odlehlých alpských stěnách předvádí jedny z nejodvážnějších sólo výstupů historie. Navzdory tomu o něm skoro není slyšet. Žádné kamery, žádné lano a žádný prostor pro chybu. Leclercův přístup představuje samotnou podstatu sólo lezení. Filmovému štábu se stydlivého kočovníka, který nevlastní ani mobilní telefon ani auto, nedaří dostihnout. (Sherpafest);10.09.2021 Roadside Attractions;;Peter Mortimer, Nick Rosen;Marc-André Leclerc, Peter Mortimer, Alex Honnold, Reinhold Messner;https://srv.clickfuse.com/ads/adclkr.php?id=100006636&url=https://tv.apple.com/cz/movie/the-alpinist/umc.cmc.4u4l4thib5qi0kz6xnl9h4gn2<br>https://www.youtube.com/watch?v=ZqyrGdGUl7I<br>https://srv.clickfuse.com/ads/adclkr.php?id=100006636&url=https://tv.apple.com/cz/movie/the-alpinist/umc.cmc.4u4l4thib5qi0kz6xnl9h4gn2<br>https://www.youtube.com/watch?v=ZqyrGdGUl7I<br>https://apps.apple.com/cz/app/id6755365206<br>https://play.google.com/store/apps/details?id=cz.csfd.csfdroid<br>;;;
201875;118 dní v zajatí ľadu;1998;90.51121076233184;56.0;https://image.pmgstatic.com/cache/resized/w420/files/images/film/posters/000/044/44939_cab8bc.jpg;https://www.csfd.cz/film/201875-118-dni-v-zajati-ladu/;Slovensko;Dokumentární;118 Days in the Captivity of Ice;Veľký klinec - tak nazývajú Eskimáci Severný pól. Odjakživa ako mocný magnet k sebe priťahoval odvážnych dobrodruhov. Po jeho dobytí sa najväčšou výzvou pre polárnikov stal prechod z Ruska do Kanady cez Severný pól bez leteckej podpory - športovo, len vlastnými silami. Reinhold Messner ho označil za najväčší problém Arktídy. Slovensko-ruská štvorica polárnikov štartovala zo Severnej zeme - z miesta najväčších zím, hojného výskytu ľadových medveďov a silného driftu. Severný pól dosiahli po 75 dňoch. Od tejto chvíle začali zápasiť nielen s neustálym protiprúdom ľadových krýh, ale aj s množstvom otvorenej vody a veľkými výkyvmi počasia. Filmový príbeh 118 dní v zajatí ľadu vás vtiahne do neuveriteľného príbehu, aký môže poskytnúť len dobrodružný život polárnikov. (K2 studio);Na DVD od 05.11.2004 Intersonic;expedice, Arktida;Pavol Barabáš;Peter Valušiak, Vladimir Čukov, Ivan Kuželivskij, Valerij Kochanov, Matej Landl;https://apps.apple.com/cz/app/id6755365206<br>https://play.google.com/store/apps/details?id=cz.csfd.csfdroid<br>;;;
43479;Klíč k určování trpaslíků podle deníku Pavla Juráčka;2002;90.87939698492463;58.0;https://image.pmgstatic.com/cache/resized/w420/files/images/film/posters/000/076/76107_55416b.jpg;https://www.csfd.cz/film/43479-klic-k-urcovani-trpasliku-podle-deniku-pavla-juracka/;Česko;Dokumentární / Drama / Životopisný;Klíč k určování trpaslíků aneb poslední cesta Lemuela Gullivera;Svědectvím téměř čtvrtstoletí života Pavla Juráčka je jeho deník. Začal si jej psát soustavně od roku 1951 a od té doby tvoří nepřetržitou řadu 33 sešitů, poslední zatím známý je z roku 1974. Zejména závěrečná třetina celku, která je obsahem knižní edice Jana Lukeše z roku 2003 Pavel Juráček Deník (1959 – 1974), je dramatickým i tragickým obrazem vzestupu a pádu, vzdoru i sebedestrukce talentovaného umělce v konfliktu s dobovými uměleckými a společenskými okolnostmi. Pavel Juráček zanechal dílo svrchované literární úrovně, Martin Šulík jej převedl v hypnotický dokument o výšinách i běsech umělecké tvorby. (Finále Plzeň);;;Martin Šulík;Marek Juráček, Edita Levá;https://apps.apple.com/cz/app/id6755365206<br>https://play.google.com/store/apps/details?id=cz.csfd.csfdroid<br>;;;Pavel Juráček
71406;Noc a mlha;1956;90.67552602436324;32.0;https://image.pmgstatic.com/cache/resized/w420/files/images/film/posters/000/027/27371_277ee7.jpg;https://www.csfd.cz/film/71406-noc-a-mlha/;Francie;Dokumentární / Krátkometrážní / Historický / Válečný;Nuit et brouillard;Svědectví o životech vězňů nacistických koncentračních táborů, vybudovaných na různých místech Evropy. Film ukazuje hrůzu těchto míst a dovolává se památky několika milionů umučených, mezi nimiž byly i tisíce dětí. Film získal Cenu za dokumentární film na X. MFF v Karlových Varech v roce 1957.;;20. století, období 1940-1950, 2. světová válka, Židé, holocaust, koncentrační tábor;Alain Resnais;Michel Bouquet, Reinhard Heydrich, Julius Streicher, Heinrich Himmler, Adolf Hitler;https://srv.clickfuse.com/ads/adclkr.php?id=100006636&url=https://tv.apple.com/cz/movie/night-and-fog/umc.cmc.44gm7we7l422ue74q176rlete<br>https://srv.clickfuse.com/ads/adclkr.php?id=100006636&url=https://tv.apple.com/cz/movie/night-and-fog/umc.cmc.44gm7we7l422ue74q176rlete<br>https://apps.apple.com/cz/app/id6755365206<br>https://play.google.com/store/apps/details?id=cz.csfd.csfdroid<br>;British Academy of Film and Television Arts (BAFTA) (1x)<br>;Mezinárodní filmový festival Karlovy Vary (1x)<br>;
600987;Durch die Wand;2017;90.35634743875278;100.0;https://image.pmgstatic.com/cache/resized/w420/files/images/film/posters/162/919/162919430_edbe0b.jpg;https://www.csfd.cz/film/600987-dawn-wall/;Rakousko / USA;Dokumentární;The Dawn Wall;V lednu 2015 američtí lezci Tommy Caldwell a Kevin Jorgeson zaujali celý svět svou snahou vylézt cestu Dawn Wall, zdánlivě nelezitelnou kilometrovou stěnu v národním parku yosemity v Kalifornii. Dvojice žila v této vertikální stěně celé týdny a budila tím obrovskou pozornost světových médií. Pro Tommyho Caldwella byla však Down Wall více než lezení. Bylo to jakési logické vyústění jeho životní cesty definované překonávání překážek. Ve věku 22 let ho v Kirgizsku zajali povstalci a drželi jako rukojmí. Krátce na to přišel při nehodě o ukazováček. Když se mu rozpadlo manželství, snažil se utéct před bolestí tak, že si dal vysoký cíl – vylézt volně Down Wall. Byla to tenká hranice mezi odhodláním a posedlostí. Caldwell a jeho partner Jorgeson strávili šest let starostlivým vymýšlením a nacvičováním cesty. Při závěrečném pokusu, když je pozoroval celý svět, se Caldwell střetl s okamžikem pravdy. Má opustit svého partnera a konečně si splnit svůj největší sen, nebo riskovat svůj vlastní úspěch v zájmu jejich přátelství? (Mezinárodní horolezecký f. festival Teplice n. Met.);14.09.2018 The Orchard;hory, sportovní lezení, národní park;Josh Lowell, Peter Mortimer;Tommy Caldwell, Kevin Jorgeson, John Branch;https://apps.apple.com/cz/app/id6755365206<br>https://play.google.com/store/apps/details?id=cz.csfd.csfdroid<br>;;Melbourne International Film Festival (MIFF) (1x)<br>;
286724;Sám ve stěně;2009;91.30097087378641;24.0;https://image.pmgstatic.com/cache/resized/w420/files/images/film/posters/160/507/160507427_a57b44.jpg;https://www.csfd.cz/film/286724-sam-ve-stene/;USA;Dokumentární / Krátkometrážní;First Ascent - Alone on the Wall;Hlavním hrdinou filmu je třiadvacetiletý Alex Honnold, který zdolává ty největší stěny bez jištění. Za každou sebemenší chybu ho může potkat trest nejvyšší - smrt. Ve snímku se pokusí o rekordní sólo výstup na 600 metrů vysokou stěnu na Half Dome. Teprve tam Alex poprvé pozná, co je to strach. Film získal ocenění na všech festivalech, kterých se účastnil.;;sportovní lezení, bouldering;Nick Rosen, Peter Mortimer;Alex Honnold, Nick Rosen, Royal Robbins;https://apps.apple.com/cz/app/id6755365206<br>https://play.google.com/store/apps/details?id=cz.csfd.csfdroid<br>;;;
210789;Respice finem;1967;90.54172767203514;15.0;https://image.pmgstatic.com/cache/resized/w420/files/images/film/posters/000/046/46192_723996.jpg;https://www.csfd.cz/film/210789-respice-finem/;Československo;Krátkometrážní / Dokumentární;Respice finem;Dokumentární film Jana Špáty o starých osamělých ženách, dožívajících svůj život na venkově. „Ty ženy vesměs nemají strach ze smrti, snad jen z umírání, a to ne proto, že se bojí bolesti, ale že by někoho obtěžovaly, potřebovaly. Smrt je pro ně součástí života, je jeho samozřejmou složkou,“ říká režisér v explikaci svého filmu.;Na DVD od 02.11.2009 Indies MG;;Jan Špáta;Jan Kačer;https://www.youtube.com/watch?v=xjTIyFFK6ak<br>https://www.youtube.com/watch?v=xjTIyFFK6ak<br>https://apps.apple.com/cz/app/id6755365206<br>https://play.google.com/store/apps/details?id=cz.csfd.csfdroid<br>;;;
291617;Senna: Legenda formule 1;2010;88.82579255155433;101.0;https://image.pmgstatic.com/cache/resized/w420/files/images/film/posters/159/402/159402724_8d027b.jpg;https://www.csfd.cz/film/291617-senna-legenda-formule-1/;Velká Británie / Francie;Dokumentární / Životopisný / Sportovní;Senna;"Film SENNA přináší skutečný příběh legendárního brazilského automobilového závodníka Ayrtona Senny, kterého mnozí považují za nejlepšího jezdce historie. Sledujte Sennovu velkolepou kariéru ve formuli 1; jeho fyzický a duševní vývoj na závodních okruzích i mimo ně; jeho cestu za dokonalostí i zásadní proměnu z neskutečně talentovaného nováčka, který v roce 1984 razantně vtrhl do F1, v mýty opředenou legendu, jež se ze Senny stala po tragických událostech v Imole roku 1994. Díky úzké spolupráci s rodinou závodníka a s vedením formule 1 se film SENNA stává prvním oficiálním dokumentem o jeho životě s mnoha úžasnými a dosud nepublikovanými archivními materiály.";25.05.2011 Océan Films Distribution;rivalita, závody, Formule 1;Asif Kapadia;Ayrton Senna, Rubens Barrichello, Gerhard Berger, Ron Dennis, Damon Hill, Frank Williams, Nigel Mansell, Alain Prost, Sid Watkins, Emerson Fittipaldi;https://srv.clickfuse.com/ads/adclkr.php?id=100006636&url=https://tv.apple.com/cz/movie/senna/umc.cmc.3uozgq6d6xzpm3s0ua0o7wxkc<br>https://srv.clickfuse.com/ads/adclkr.php?id=100006636&url=https://tv.apple.com/cz/movie/senna/umc.cmc.3uozgq6d6xzpm3s0ua0o7wxkc<br>https://apps.apple.com/cz/app/id6755365206<br>https://play.google.com/store/apps/details?id=cz.csfd.csfdroid<br>;British Academy of Film and Television Arts (BAFTA) (1x)<br>British Independent Film Awards (BIFA) (2x)<br>New York Film Critics Circle Awards (1x)<br>Sundance Film Festival (1x)<br>;British Academy of Film and Television Arts (BAFTA) (2x)<br>British Independent Film Awards (BIFA) (1x)<br>Sundance Film Festival (1x)<br>Melbourne International Film Festival (MIFF) (1x)<br>;
43473;Holocaust - Odhalené koncentrační tábory;2006;90.92278719397363;58.0;https://image.pmgstatic.com/cache/resized/w420/files/images/film/posters/000/024/24785_637dcc.jpg;https://www.csfd.cz/film/43473-holocaust-odhalene-koncentracni-tabory/;Itálie;Dokumentární / Historický;Holocausto - Los Campos de Concentración Al Descubierto;"Když se Adolf Hitler v roce 1933 stal říšským kancléřem, nastalo to, co polský Žid Raphael Lemkin nazval ""Genocidou"". Choré mozky ""Führera"" a jeho přívrženců se rozhodly zřídit řadu koncentračních a vyhlazovacích táborů; opravdové továrny na smrt byly rozšířeny po celém Německu a v řadě okupovaných zemích. Prvními vězni, kteří do nich přicházeli, byli členové levicových, komunistických a socialistických stran, a význační intelektuálové. Brzy přibývali Svědci Jehovovi, homosexuálové, kněží a všichni ti, kteří byli zatčeni při operacích, nazývaných ""preventivní boj proti zločinu"".";Na DVD od 14.05.2009 Sport;20. století, období 1940-1950, 2. světová válka, období 1930-1940, koncentrační tábor;;Adolf Hitler;https://apps.apple.com/cz/app/id6755365206<br>https://play.google.com/store/apps/details?id=cz.csfd.csfdroid<br>;;;
101380;U2: Rattle and Hum;1988;90.55194805194805;99.0;https://image.pmgstatic.com/cache/resized/w420/files/images/film/posters/164/948/164948249_0ef156.jpg;https://www.csfd.cz/film/101380-u2-rattle-and-hum/;USA;Hudební / Dokumentární;U2: Rattle and Hum;Velkolepá explozivní show provázela koncertní šňůru legendární skupiny U2 po USA. Jedno úžasné vystoupení střídalo druhé, včetně horkého duetu Bona a B.B. Kinga. Nyní máte jedinečnou příležitost vychutnat si znovu jejich koncertní vystoupení napříč Amerikou, od ulic Harlemu až po Graceland - domov Elvise Presleyeho.Playlist: 01. Helter Shelter02. Van Diemen's Land03. Desire04. Exit05. Gloria06. I Still Haven't Found What I'm Looking For07. Freedom For My People08. Silver And Gold09. Angel Of Harlem10. All Along The Watchtower11. In God's Country12. When Love Comes To Town13. Heartland14. Bad15. Ruby Tuesday16. Sympathy For The Devil17. Where The Streets Have No Name18. MLK19. With Or Without You20. The Star-Spangled Banner21. Bullet The Blue Sky22. Running To Stand Still23. Sunday Bloody Sunday24. Pride (In The Name Of Love)25. All I Want Is YouATION 2;Na DVD od 17.08.2001 Magic Box;;Phil Joanou;Bono, The Edge, Adam Clayton, Larry Mullen Jr., B.B. King, Phil Joanou;https://apps.apple.com/cz/app/id6755365206<br>https://play.google.com/store/apps/details?id=cz.csfd.csfdroid<br>;;;
221135;Pururambo - prales, kde se zastavil čas;2005;89.42263279445727;54.0;https://image.pmgstatic.com/cache/resized/w420/files/images/film/posters/000/047/47657_7bbd1a.jpg;https://www.csfd.cz/film/221135-pururambo-prales-kde-se-zastavil-cas/;Slovensko;Dokumentární / Dobrodružný;Kamera na cestách: Pururambo - prales, kde se zastavil čas;Nová Guinea je najväčší tropický ostrov sveta. Pod nepreniknuteľným zeleným závojom pralesa aj v dobe satelitov sa ukrýva zem tajomstiev, povier, a neobjavených záhad. V labyrinte neprívetivých močiarov žijú ľudia vysoko na stromoch v primitívnych podmienkach tak, ako v dobe kamennej. Títo ľudia ešte nestretli bieleho človeka, dokonca ani neprišli do styku s výdobytkami našej civilizácie. Vstup na ich územie je nebezpečným dobrodružstvom. Sú to miesta, o ktorých sa hovorí potichu a s rešpektom. Tam podľa misionárov žijú kanibali...;07.09.2006;džungle, domorodé kmeny, expedice;Pavol Barabáš;Maroš Kramár, Rudolf Švaříček, Pavol Barabáš;https://apps.apple.com/cz/app/id6755365206<br>https://play.google.com/store/apps/details?id=cz.csfd.csfdroid<br>;;;Rudolf Švaříček
299305;Hokej v srdci;2003;92.22929936305732;58.0;https://image.pmgstatic.com/cache/resized/w420/files/images/film/posters/164/904/164904663_63c72a.jpg;https://www.csfd.cz/film/299305-hokej-v-srdci/;Česko;Dokumentární / Sportovní;;Hokejový národ prožil na pražské Štvanici historické zápasy, které změnily podobu světových mistrovství. Originální vzpomínky aktérů a jedinečné archivní záběry ze čtyř MS (1933, 1938, 1947, 1959). (Česká televize);;hokej;Charilaos Karadžos;Robert Záruba, Vladimír Zábrodský, Jaroslav Jiřík, Karel Gut, Ján Starší, Josef Černý, Vlasta Burian, Jan Masaryk, Edvard Beneš, Josef Maleček;http://www.ceskatelevize.cz<br>https://www.ceskatelevize.cz/porady/1122843967-hokej-v-srdci/20347129610/<br>https://apps.apple.com/cz/app/id6755365206<br>https://play.google.com/store/apps/details?id=cz.csfd.csfdroid<br>;;;
439789;Nadvláda;2018;89.86587183308495;120.0;https://image.pmgstatic.com/cache/resized/w420/files/images/film/posters/161/589/161589635_7d5e0b.jpg;https://www.csfd.cz/film/439789-nadvlada/;Austrálie;Dokumentární;Dominion;Snímek Dominion bez milosti odhaluje různé způsoby využívání a zneužívaní zvířat především v masovém, mléčném, vaječném, textilním a zábavném průmyslu. Dokument byl natočen v Austrálii a kombinuje doposud nevídané záběry ze skrytých kamer a dronů. Ukazuje jak celé děsivé impérium založené na tajnostech, tak i jednotlivé příběhy jeho obětí. (Kinopilotu.cz);;zvířata, pokusy na zvířatech, živočišná výroba;Chris Delforce;Joaquin Phoenix, Rooney Mara, Sadie Sink, Chris Delforce, Sia;https://apps.apple.com/cz/app/id6755365206<br>https://play.google.com/store/apps/details?id=cz.csfd.csfdroid<br>;;;
1077617;Záchrana;2021;89.25339366515837;114.0;https://image.pmgstatic.com/cache/resized/w420/files/images/film/posters/167/090/167090427_19f2fd.png;https://www.csfd.cz/film/1077617-zachrana/;USA;Dokumentární;The Rescue;Autoři Oscarem oceněného dokumentu Free Solo ve svém dalším filmu rekonstruují den po dni vysvobození dvanácti thajských fotbalových juniorů a jejich trenéra. Ti v červnu 2018 kvůli monzunovým dešťům uvízli v jeskynním komplexu Tham Luang Nang Non na severu Thajska. Do čtrnáctidenní záchranné operace se zapojili příslušníci thajských a amerických speciálních jednotek i buddhističtí mniši. Zvláštní pozornost si ale vysloužila čtveřice odhodlaných potápěčů z různých koutů světa. Také zásluhou jejich dosud nezveřejněných záběrů je Záchrana dojemným příběhem odvahy i vtahujícím klaustrofobním thrillerem. (MFDF Ji.hlava);08.10.2021 Greenwich;naděje, jeskyně, záchranáři, potápění, Thajsko;Jimmy Chin, Elizabeth Chai Vasarhelyi;Jim Warny, Mikko Paasi;https://srv.tunefindforfans.com/showads/track/srvclk.php?aid=100006796&lp=https://www.disneyplus.com/en-cz/browse/entity-1b136cb2-58f7-4bb1-b15f-e33908201352<br>https://srv.tunefindforfans.com/showads/track/srvclk.php?aid=100006796&lp=https://www.disneyplus.com/en-cz/browse/entity-1b136cb2-58f7-4bb1-b15f-e33908201352<br>https://apps.apple.com/cz/app/id6755365206<br>https://play.google.com/store/apps/details?id=cz.csfd.csfdroid<br>;British Academy of Film and Television Arts (BAFTA) (1x)<br>;Toronto International Film Festival (1x)<br>;
904305;Everest - najťažšia cesta;2020;89.80735551663749;52.0;https://image.pmgstatic.com/cache/resized/w420/files/images/film/posters/165/467/165467132_96ed77.jpg;https://www.csfd.cz/film/904305-everest-najtazsia-cesta/;Slovensko;Dokumentární;Everest, the Hard Way(festivalový název);Dá sa najťažšia cesta na Mount Everest vyliezť alpským štýlom? Jej autor, najznámejší britský horolezec Chris Bonington, sa vyjadril, že je to nemožné. Ale pre štyroch slovenských horolezcov je to výzva. V roku 1988 nastupujú do juhozápadnej steny Mount Everestu, z ktorej niet návratu... (K2 studio);12.03.2021 ASFK;horolezci, Mount Everest;Pavol Barabáš;Chris Bonington, Ivan Fiala, Peter Habeler, Peter Hámor, Marek Holeček, Milan Skladaný;https://apps.apple.com/cz/app/id6755365206<br>https://play.google.com/store/apps/details?id=cz.csfd.csfdroid<br>;;;
1035890;Jan Werich: Když už člověk jednou je…;2021;88.5122699386503;105.0;https://image.pmgstatic.com/cache/resized/w420/files/images/film/posters/165/440/165440206_14b8b0.jpg;https://www.csfd.cz/film/1035890-jan-werich-kdyz-uz-clovek-jednou-je/;Česko;Dokumentární / Životopisný;Jan Werich: If Somebody Already Is;Po čtyřech desetiletích od smrti jedné z největších legend českého divadla Jana Wericha vznikl jeho první velký filmový dokumentární portrét. Dokument s názvem Jan Werich: Když už člověk jednou je přináší strhující životní příběh této herecké legendy. Svobodné myšlení v nesvobodné společnosti přinášelo Werichovi mnoho úskalí a tato myšlenka prochází celým filmem. Stejně jako snaha tvůrců přiblížit fenomén chytrého humoru, který je Werichovu vyjadřování připisován. (Falcon);05.08.2021 Falcon;;Martin Slunečko, Miloslav Šmídmajer;Miroslav Táborský, Pavel Rímský, Viktor Preiss, Zlata Adamovská, Jiří Suchý, Zdeněk Svěrák, Jiřina Bohdalová, Vladimír Just, František Cinger, Pavel Taussig;https://www.hbomax.com/cz/en/movies/jan-werich-if-somebody-already-is/3a746fd1-666c-4b61-850e-c82fe8a5a845<br>https://srv.clickfuse.com/ads/adclkr.php?id=100006636&url=https://tv.apple.com/cz/movie/jan-werich-if-somebody-already-is/umc.cmc.21leuzm6mugivqh6i0tcpuqq6<br>https://www.youtube.com/watch?v=9WynnDlzAck<br>https://www.hbomax.com/cz/en/movies/jan-werich-if-somebody-already-is/3a746fd1-666c-4b61-850e-c82fe8a5a845<br>https://srv.clickfuse.com/ads/adclkr.php?id=100006636&url=https://tv.apple.com/cz/movie/jan-werich-if-somebody-already-is/umc.cmc.21leuzm6mugivqh6i0tcpuqq6<br>https://www.youtube.com/watch?v=9WynnDlzAck<br>https://apps.apple.com/cz/app/id6755365206<br>https://play.google.com/store/apps/details?id=cz.csfd.csfdroid<br>;;;
1480365;Grounded II: Making the Last of Us Part II;2024;92.73542600896862;120.0;https://image.pmgstatic.com/cache/resized/w420/files/images/film/posters/170/072/170072893_ubhj04.jpg;https://www.csfd.cz/film/1480365-grounded-ii-making-the-last-of-us-part-ii/;USA;Dokumentární;;"Priamo od tímu štúdia Naughty Dog sa dozviete, čo bolo potrebné na uvedenie pokračovania kultovej hry ""The Last of Us Part II"", s novými zábermi zo zákulisia vývoja. (Game90)";;;Jason Bertrand, Matt Chandronait, Ryan O'Donnell;Neil Druckmann, Halley Wegryn Gross, Ashley Johnson, Troy Baker;https://apps.apple.com/cz/app/id6755365206<br>https://play.google.com/store/apps/details?id=cz.csfd.csfdroid<br>;;;
42991;Stop Making Sense;1984;91.46853146853147;88.0;https://image.pmgstatic.com/cache/resized/w420/files/images/film/posters/160/273/160273506_988e8d.jpg;https://www.csfd.cz/film/42991-stop-making-sense/;USA;Dokumentární / Hudební;Stop Making Sense;Geniálně nasnímaná performance kultovní kapely Talking Heads. Velkolepá show, fascinace pro ucho, potěšení pro oko. Film, kde hudba a obraz jedno jsou. Kapela, která vytrvala na hudebním nebi od roku 1974 do roku 1991, vydala osm alb a silně ovlivnila postpunkovou scénu. I název kapely Radiohead je odvozen od jejich skladby, která posloužila Thomu Yorkovi jako zdroj inspirace. Koncertní film s množstvím pódiových ozvláštnění, kostýmních her, netradičných tanečních kreací a Byrnových odkazů na francouzskou novou vlnu (například na Godardův film U konce s dechem). (Visions of Light);19.10.1984 Cinecom;;Jonathan Demme;David Byrne, Jerry Harrison, Chris Frantz, Tina Weymouth;https://apps.apple.com/cz/app/id6755365206<br>https://play.google.com/store/apps/details?id=cz.csfd.csfdroid<br>;;;
261679;Zátoka;2009;87.53737906772207;88.0;https://image.pmgstatic.com/cache/resized/w420/files/images/film/posters/159/747/159747938_bbbefc.jpg;https://www.csfd.cz/film/261679-zatoka/;USA;Dokumentární / Krimi;The Cove;Zátoka, oscarový vítěz z roku 2010 v kategorii nejlepší dokumentární film, sleduje elitní tým aktivistů, filmařů a potápěčů, kteří se vydali na tajnou misi, jejímž cílem bylo proniknout do skryté zátoky v japonském Taiji a odhalit její hrozivé tajemství. Využívali při tom speciální techniky, včetně skrytých mikrofonů a kamer ve falešných kamenech, a díky tomu odhalili, jak děsivě tato malá přímořská vesnice přispívá k obrovským ekologickým zločinům, jenž se dějí celosvětově. Výsledkem je provokativní mix investigativní žurnalistiky, eko-dobrodružství a poutavých filmových obrazů, který dohromady tvoří nezapomenutelný příběh inspirující k akci diváky po celém světě. (HBO Europe);07.08.2009 Lionsgate US;krev, moře, krutost, korupce, Japonsko, aktivismus, environmentalismus, pláž, pobřeží, masný průmysl, znečištění, rybolov, období 2000-2010, skrytá kamera, velryby, delfíni, otrava, zátoka;Louie Psihoyos;Isabel Lucas, Richard O'Barry, Louie Psihoyos, Hayden Panettiere, Paul Watson, Hardy Jones, Deborah Bassett, Roger Payne, Charles Hambleton;http://www.hbo.eu<br>http://www.hbo.eu<br>https://apps.apple.com/cz/app/id6755365206<br>https://play.google.com/store/apps/details?id=cz.csfd.csfdroid<br>;Sundance Film Festival (1x)<br>;Academy Awards (1x)<br>Critics Choice Awards (1x)<br>Florida Film Critics Circle Awards (1x)<br>Los Angeles Film Critics Association Awards (1x)<br>Sundance Film Festival (1x)<br>;
473180;Vysoké Tatry: Život nad oblaky;2016;90.23136246786632;50.0;https://image.pmgstatic.com/cache/resized/w420/files/images/film/posters/161/394/161394348_77ec2d.jpg;https://www.csfd.cz/film/473180-vysoke-tatry-zivot-nad-oblaky/;Slovensko;Dokumentární;Život v oblacích(festivalový název);Staří Slované dali divokým horám plným zvěře a legend jméno Tatry. Říká se jim nejmenší velehory světa a my můžeme nahlédnout do jejich království... Vrcholky Vysokých Tater jako ostrůvky v mlžném moři. Království kamzíka tatranského. V této nadmořské výšce nad hranicí lesa panují extrémní podmínky. Krajina ledu a sněhu je přesto domovem dvou expertů na přežití, kterým se tu daří už od poslední doby ledové. Ostatní živočichové sem přišli později z níže položených oblastí. Každý z nich ve vysokých horách přežívá, jak nejlépe dovede. Ani za slunečných dní není v této divočině nad oblaky nikdo v bezpečí. Všichni zde musejí bojovat o přežití. Toto je jejich příběh. (Česká televize);;hory, Tatry;Erik Baláž;Milo Kráľ;http://www.ceskatelevize.cz<br>http://www.ceskatelevize.cz<br>https://apps.apple.com/cz/app/id6755365206<br>https://play.google.com/store/apps/details?id=cz.csfd.csfdroid<br>;;;
226383;Iron Maiden: Death On The Road;2006;90.0;60.0;https://image.pmgstatic.com/cache/resized/w420/files/images/film/posters/000/071/71660_63ecba.jpg;https://www.csfd.cz/film/226383-iron-maiden-death-on-the-road/;Velká Británie;Hudební / Dokumentární;Iron Maiden: Death on the Road;Na podzim roku 2003, 24. listopadu, předvedli Iron Maiden svou dosud nejvýpravnější a nejvíce strhující show během světového turné k albu Dance of Death. Bylo zachyceno během koncertu ve Westfallenhalle v Dortmundu a pečlivě sestříháno Stevem Harrisem, Záznam vás přenese přímo do centra dění plného síly, dramatu a výborné podívané, jako byste byli v první řadě! Více než dvě hodiny bonusů obsahují mimo jiné celovečerní dokument o nahrávání alba Dance of Death včetně přípravy celé tour a pohledů do zákulisí kapely. Navíc mezi bonusy najdete promo videa z alba Dance of Death, fotky a artworky, galerie, rozhovory s kapelou a fanoušky a spoustu dalšího, což vám umožní udělat si kompletní obrázek o albu a turné.;;;;Bruce Dickinson, Dave Murray, Janick Gers, Adrian Smith, Nicko McBrain, Steve Harris;https://apps.apple.com/cz/app/id6755365206<br>https://play.google.com/store/apps/details?id=cz.csfd.csfdroid<br>;;;
253641;Domov aneb Kam směřuje naše cesta;2009;87.33502299821646;95.0;https://image.pmgstatic.com/cache/resized/w420/files/images/film/posters/163/945/163945277_e11018.jpg;https://www.csfd.cz/film/253641-domov-aneb-kam-smeruje-nase-cesta/;Francie;Dokumentární / Drama / Rodinný;Home;Když Yann Arthus-Bertrand, mezinárodně uznávaný fotograf a autor knihy The Earth From Above, potkal producenta Luca Bessona, dohodli se ti dva na vytvoření dokumentárního projektu o planetě Zemi. Cesta po 50 zemích světa je ódou na krásy a jemnou harmonii naší planety. S optimistickým přístupem a aktuálními tématy se snímek zaměřuje na vzrůstající povědomí veřejnosti o současných sociálních problémech a problémech životního prostředí. Exkluzivně „ze shora“ se vydáme na cestu kolem světa do těch nejúžasnějších, ale také nejponičenějších krajin – nádherná, dech-beroucí a silné emoce vyvolávající cesta z hlubin australského korálového pobřeží na vrchol hor Kilimandžáro, z amazonských pralesů do pouště Gobi, z bavlníkových plantáží v Texasu do průmyslové Šanghaje a ještě dál. Home nám skýtá konkrétní pohled na problémy, kterým musí naše planeta čelit: globální oteplování, kácení deštných pralesů, ztráta biodiverzity a ubývání přírodních zdrojů, ale na druhou stranu i pozitivní vývoj, jako je vzrůstající demokracie, růst našich příjmů a životního standardu, rozvoj vzdělání. (Festival francouzského filmu);05.06.2009 EuropaCorp Diffusion;voda, ekologie, rybolov, ropa;Yann Arthus-Bertrand;Yann Arthus-Bertrand, Jacques Gamblin, Gisèle Vienne;https://apps.apple.com/cz/app/id6755365206<br>https://play.google.com/store/apps/details?id=cz.csfd.csfdroid<br>;César Awards (1x)<br>;;
280040;Wayne Gretzky - Vysoko nade všemi;1990;88.42672413793103;60.0;https://image.pmgstatic.com/cache/resized/w420/files/images/film/posters/000/067/67146_572ab9.jpg;https://www.csfd.cz/film/280040-wayne-gretzky-vysoko-nade-vsemi/;USA;Dokumentární / Sportovní;Wayne Gretzky: Above and Beyond;Narodil se 26. ledna 1961 v kanadském Brantfordu. Už ve třech letech si vzal si do ruky hokejku a začal si hrát s míčkem. Když byl starší, jeho otec zjistil, jaký má talent a proto mu udělal za domem kluziště. Mezitím Wayne rostl a hrál ve všech žákovských kategoriích, kde střílel jeden gól za druhým. Ve své rekordní sezóně jich nastřílel 365. V sedmnácti letech jej koupili Edmonton Oilers za jeden milion dolarů. O rok později WHA zkrachovala a stala se součástí NHL. Gretzky hned ve své první sezóně vyhrává Calder Trophy i Art Tross Trophy. V dalších sezonách na to navazuje a získává s Oilers čtyřikrát Stanley Cup. Poté ale přijde jedna z nejslavnějších výměn v dějinách sportu. Oilers prodávají Gretzkyho v roce 1988 za patnáct milionů dolarů Los Angeles Kings. Wayne i zde překonává rekordy a neustále se blíží k překonání hokejové legendy a svého vzoru Gordieho Howea. Osmnáct set padesát, to je to číslo, které musí překonat. Povede se mu to v zápase právě proti svému bývalému týmu Edmonton Oilers. (Luky-7);;hokej;;Wayne Gretzky;https://apps.apple.com/cz/app/id6755365206<br>https://play.google.com/store/apps/details?id=cz.csfd.csfdroid<br>;;;
349329;Freddie Mercury: Příběh;2012;88.06065442936952;84.0;https://image.pmgstatic.com/cache/resized/w420/files/images/film/posters/051/472/51472127_cc5225.jpg;https://www.csfd.cz/film/349329-freddie-mercury-pribeh/;Velká Británie;Dokumentární / Hudební;Freddie Mercury: The Great Pretender;"Freddie Mercury (5. září 1946 – 24. listopadu 1991) se narodil jako Frederick Bulsara na Zanzibaru, ostrově, který dnes patří k Tanzánii. Až do sedmi let byl vychováván jako jedináček. Pak se narodila jeho sestra Kashmire. Oba Mercuryho rodiče byli Peršané, a protože v Bombaji byla největší perská komunita na světě, začal Freddie chodit do školy v Panchgani. V necelých čtrnácti letech se Freddie s rodiči přestěhoval do Británie. V devatenácti se přihlásil do Ealing College of Art. Všichni Freddieho spolužáci ho popisovali jako tichého, málo sebevědomého podivína, který neustále imitoval Jimiho Hendrixe. V roce 1969 se Freddie seznámil s kytaristou Brianem Mayem a bubeníkem Rogerem Tylorem, členy skupiny Smile. V průběhu roku 1970 začali společně zkoušet a novou kapelu – podle Freddieho návrhu – pojmenovali Queen. V únoru 1971, po příchodu baskytaristy Johna Deacona, se z nich stal kvartet, považovaný dodnes rockovým světem za jednu z nejtrvanlivějších a nejkvalitnějších sestav pop-music. Freddie měl jasnou představu o stylu kapely: zkombinovat razanci Led Zeppelin s novým druhem vizuální a melodické elegance.O tom, že má AIDS, se zpěvák Freddie Mercury dozvěděl pět let před tím, než 24. listopadu 1991 zemřel. Obavy z nemoci měl už dávno. Uvědomoval si, že jeho divoký životní styl přesahoval běžné excesy rockových hvězd. „Měl jsem víc milenců než Elizabeth Taylorová,"" chlubíval se Mercury přátelům. Svěřil se pouze své přítelkyni Mary Austinové a manažerovi skupiny Queen Jimu Beachovi. Dohodli se, že zatím o všem pomlčí i před Mercuryho queenovskými kolegy, kytaristou Brianem Mayem, bubeníkem Rogerem Taylorem a baskytaristou Johnem Deaconem. „Kdyby to věděli, týmový organismus by se rozložil. To nechci. Jejich muzikantské kvality potřebuji víc než jejich soucit,"" argumentoval Mercury.Už druhé LP, které vyšlo v březnu 1974, se stalo 5. nejprodávanějším albem v Británii a další album (Sheer Heart Attack – listopad 1974) bylo dokonce druhé. 21. 11. 1975 vyšlo LP A Night at The Opera se skladbou Bohemian Rhapsody, ve které sbory byly nahrány postupným navršením 180 hlasů a kytara potom působí jako zvuk orchestru. Deset dnů nato se singl Bohemian Rhapsody dostal na 1. místo britské hitparády, kterou vedl celých devět týdnů. (Podruhé po Mercuryho smrti v r. 1991 a výtěžek z prodeje byl věnován na výzkum léčení nemoci AIDS).Počátkem osmdesátých let si extravagantní Freddie přestal lakovat nehty na černo, oblékat se do saténu, a nechal si narůst knírek, ale oblečky a chlapečky střídal dál. 30. 6. 1980 vyšlo LP The Game, které se stalo nejprodávanějším albem v USA. 13. 7. 1985 – dvacetiminutové vystoupení Queen na londýnském koncertě Live Aid, který přenášelo 12 satelitů pro 1,6 miliard TV diváků na celém světě. Na koncertu vystoupili i Paul McCartney, Eric Clapton, David Bowie, Madonna, U2, Who, Sting a další hvězdy hudebního nebe.Kolem roku 1989 se začalo veřejně spekulovat o Mercuryho špatném zdravotním stavu. Fyzicky i psychicky unavený Freddie ještě natočil se skupinou album Innuendo (únor 1991) – 1. v Británii a 30. v USA. 23. listopadu 1991 Freddie Mercury přiznává světu, že je pozitivní na AIDS. 24. listopadu 1991 kolem sedmé hodiny večer umírá Freddie Mercury, nakažený virem HIV, na zápal plic.";;;Rhys Thomas;Freddie Mercury, Brian May, Jim Beach, Reinhold Mack, Peter Freestone, Roger Taylor, David Arnold, John Reid, Paul Gambaccini, Paul Prenter;https://srv.clickfuse.com/ads/adclkr.php?id=100006636&url=https://tv.apple.com/cz/movie/freddie-mercury-the-great-pretender/umc.cmc.42kjzcgy0yokgfmq7w7xcj3x4<br>https://srv.clickfuse.com/ads/adclkr.php?id=100006636&url=https://tv.apple.com/cz/movie/freddie-mercury-the-great-pretender/umc.cmc.42kjzcgy0yokgfmq7w7xcj3x4<br>https://apps.apple.com/cz/app/id6755365206<br>https://play.google.com/store/apps/details?id=cz.csfd.csfdroid<br>;;;
455626;Bratři Lumiérové;2017;88.59335038363172;87.0;https://image.pmgstatic.com/cache/resized/w420/files/images/film/posters/162/467/162467927_364746.jpg;https://www.csfd.cz/film/455626-bratri-lumierove/;Francie;Dokumentární;Lumière ! L’aventure commence;Výjimečný snímek Bratři Lumiérové není tradičním filmovým dílem. Filmoví historici Thierry Frémaux a Bertrand Tavernier vybrali a seřadili 108 krátkých snímků, které vytvořili před více než sto dvaceti lety bratři Louis a Auguste Lumièrové, vynálezci kinematografie. 50 vteřin dlouhé filmy jsou precizně zrestaurované pro digitální projekci a nabízejí mimořádně hodnotné svědectví o kulturním a technologickém rozvoji na přelomu 19. a 20. století. (Film Europe);25.01.2017 Ad Vitam;;Thierry Frémaux;Thierry Frémaux, Martin Scorsese, Louis Lumière, Auguste Lumière, Frederic Lumiere;https://apps.apple.com/cz/app/id6755365206<br>https://play.google.com/store/apps/details?id=cz.csfd.csfdroid<br>;;;
289340;Life Cycles;2010;88.3704572098476;47.0;https://image.pmgstatic.com/cache/resized/w420/files/images/film/posters/158/224/158224784_7ab35a.jpg;https://www.csfd.cz/film/289340-life-cycles/;Kanada;Dokumentární / Sportovní;;;;cyklistika;Derek Frankowski, Ryan Gibb;Brandon Semenuk;https://apps.apple.com/cz/app/id6755365206<br>https://play.google.com/store/apps/details?id=cz.csfd.csfdroid<br>;;;
527550;Earth: Den na zázračné planetě;2017;87.51143641354071;95.0;https://image.pmgstatic.com/cache/resized/w420/files/images/film/posters/162/095/162095406_b3db29.png;https://www.csfd.cz/film/527550-earth-den-na-zazracne-planete/;Velká Británie / Čína;Dokumentární / Rodinný;Země - Den na zázračné planetě;"Snímek z produkce BBC Earth Films, tvůrců Zázračné planety (od r. 2006), představuje divákům všech věkových kategorií nezapomenutelné hrdiny: mládě zebry, snažící se překonat rozvodněnou řeku; pandu, která usměrňuje svého hravého potomka; rodinu vorvaňů, s oblibou pospávající ve svislé poloze; lenochoda toužícího po lásce a mnoho dalších. Během jediného dne putujeme spolu se sluncem od nejvyšších hor k těm nejvzdálenějším ostrovům, z hlubin exotické džungle až do labyrintů velkoměst. V každém koutě Země nacházíme fascinující obyvatele, k jejichž dobrodružstvím se díky revoluční technologii dostáváme blíže, než jsme si kdy dokázali představit. (Aerofilms)";11.08.2017 SMG Pictures (Shanghai Shangshi Cinema);zvířata, ekologie;Peter Webber, Richard Dale, Lixin Fan;Robert Redford, Jackie Chan;https://srv.clickfuse.com/ads/adclkr.php?id=100006636&url=https://tv.apple.com/cz/movie/planet-earth-one-amazing-day/umc.cmc.38xyk9t2o99691hg0qqhm3x7s<br>https://srv.clickfuse.com/ads/adclkr.php?id=100006636&url=https://tv.apple.com/cz/movie/planet-earth-one-amazing-day/umc.cmc.38xyk9t2o99691hg0qqhm3x7s<br>https://apps.apple.com/cz/app/id6755365206<br>https://play.google.com/store/apps/details?id=cz.csfd.csfdroid<br>;;;
348871;Vlčí hory;2013;88.054211035818;48.0;https://image.pmgstatic.com/cache/resized/w420/files/images/film/posters/158/140/158140211_9aa34a.jpg;https://www.csfd.cz/film/348871-vlci-hory/;Slovensko;Dokumentární;Vlčie hory;S příchodem noci se do lesního porostu starého jako svět sám vkrádá éterická mlha. Horami se ozývá pravěké vlčí vytí. Další a další vlci se přidávají. Zubr dole v údolí se prudce otočí, jelen rychle mizí mezi stromy a bobr plave do bezpečí svého úkrytu. Jen medvěd klidně čeká v tiché předtuše, že by si mohl z vlčí kořisti kus urvat. Tohle je příběh o jednom z posledních divokých koutů přírody v Evropě, krajině dříve známé jako Vlčí hory, kde má každý tvor svou vlastní úlohu ve věčném koloběhu života a smrti. Zkušení slovenští filmaři putovali tři roky křížek krážem horami a lesy Východních Karpat a v regionu, který se rozprostírá na pomezí Slovenska, Polska a Ukrajiny pátrali po éterických vlcích i jiných výjimečných zvířatech společně žijících na tomto území. (TV Prima);;zvířata, les, divočina, hory, řeka, medvědi, vlci;Erik Baláž;Marián Geišberg, Erik Baláž, Karol Kaliský, Russell Boulter;https://apps.apple.com/cz/app/id6755365206<br>https://play.google.com/store/apps/details?id=cz.csfd.csfdroid<br>;;;
326273;Parkway Drive: Home Is for the Heartless;2012;97.54716981132076;;https://image.pmgstatic.com/cache/resized/w420/files/images/film/posters/043/951/43951980_703dc9.jpg;https://www.csfd.cz/film/326273-parkway-drive-home-is-for-the-heartless/;USA;Dokumentární / Hudební;;"Film Parkway Drive: Home Is for the Heartless zachytáva nekonečné putovanie tejto metalcorovej senzácie z Byron Bay (Austrália) a umožňuje nazrieť na svet očami členov kapely. Hudobný dokument natáčaný v štyridsiatich dvoch krajinách na piatich kontinentoch má aj cestopisný charakter a poskytuje detailný pohľad na skupinu na javisku i mimo neho. Okrem ukážok tých najbláznivejších show, aké kapela mala, nechýbajú ani niektoré z ich najlepších dobrodružstiev a prenikavých spoločných momentov. Parkway Drive cestujú do viacerých zapadnutých oblastí, vrátane miest tretieho sveta, kde nikdy žiadna ""tvrdá"" medzinárodná kapela nehrala. Dokazujú tak, že miestni ľudia a kultúra sú živou súčasťou ich dobrodružstva. (Ollie.ver)";;;Ben Gordon;Winston McCall, Ben Gordon;https://apps.apple.com/cz/app/id6755365206<br>https://play.google.com/store/apps/details?id=cz.csfd.csfdroid<br>;;;
778882;Když ptáci tančí;2019;89.87012987012987;51.0;https://image.pmgstatic.com/cache/resized/w420/files/images/film/posters/163/903/163903746_2b0fb7.jpg;https://www.csfd.cz/film/778882-kdyz-ptaci-tanci/;USA;Dokumentární;Dancing with the Birds;Rajští ptáci předvádějí při dvoření svoje nejlepší pohyby od natřásání majestátního peří až po různé tanečky v naději, že přivábí partnerku. (Netflix);Na VOD od 23.10.2019 Netflix;les, divočina, tanec, džungle, ptáci, prales;Huw Cordey;Stephen Fry;https://www.netflix.com/title/80186796<br>https://www.netflix.com/<br>https://www.youtube.com/watch?v=Eg0iSIHIK34&ab_channel=Netflix:BehindtheStreams<br>https://www.netflix.com/title/80186796<br>https://www.csfd.cz/vod/netflix/<br>https://apps.apple.com/cz/app/id6755365206<br>https://play.google.com/store/apps/details?id=cz.csfd.csfdroid<br>;;;
335671;Na sever od slunce;2012;87.70480704129993;46.0;https://image.pmgstatic.com/cache/resized/w420/files/images/film/posters/117/162/117162926_0fe678.jpg;https://www.csfd.cz/film/335671-na-sever-od-slunce/;Norsko;Dokumentární / Dobrodružný / Sportovní;Nordfor sola;Inge a Jørn nejsou běžní surfaři. Spojení s vodou a přírodou se rozhodli prožít si až na dřeň. Na devět měsíců se usadili na opuštěné pláži ostrova u břehů Norska daleko za polárním kruhem, kde našli nejen perfektní vlny, ale také spousty naplavených odpadků. Na pláži chtějí zůstat, dokud neposbírají alespoň tunu toho, co sem dennodenně přináší moře ze vzdálených míst. Svůj životní styl odpovědných surfařů dotahují k dokonalosti i tím, že se živí levným prošlým jídlem a jejich dodávka jezdí na přepálený olej. Fantastické záběry přírody, dobrodružného surfování za polární noci i „běžného“ pobývání na pláži spojuje čirá radost ze života mimo civilizaci. Hrdinové filmu si však zároveň musí zajistit základní podmínky k přežití. (Jeden svět);;moře, znečištění, surfing;Jørn Nyseth Ranum, Inge Wegge;Jørn Nyseth Ranum, Inge Wegge;https://www.netflix.com/title/81471236<br>https://srv.tunefindforfans.com/showads/track/srvclk.php?aid=100006796&lp=https://www.disneyplus.com/en-cz/browse/entity-8e2e9bec-4f40-48ad-b542-b271fc56c279<br>https://www.netflix.com/title/81471236<br>https://srv.tunefindforfans.com/showads/track/srvclk.php?aid=100006796&lp=https://www.disneyplus.com/en-cz/browse/entity-8e2e9bec-4f40-48ad-b542-b271fc56c279<br>https://apps.apple.com/cz/app/id6755365206<br>https://play.google.com/store/apps/details?id=cz.csfd.csfdroid<br>;;;
243960;Dylan Moran: Like, Totally;2006;87.43770568876351;69.0;https://image.pmgstatic.com/cache/resized/w420/files/images/film/posters/000/057/57636_aaf672.jpg;https://www.csfd.cz/film/243960-dylan-moran-like-totally/;Velká Británie;Dokumentární / Komedie;;"Druhý záznam představení stand-up komika Dylana Morana, tentokrát z Londýna. Jeho zvláštní postavení ke všemu znovu napadá řadu témat, ať už stejných jako v předchozím představení, ale s novými vtipy, nebo úplně nová témata. ""Cynický"" Ir zasahuje znovu a je vidět, že i Londýňané jsou nadšení. (c.tucker)";;stand-up comedy;Michael Matheson;Dylan Moran;https://www.youtube.com/watch?v=vMD6dLpyoC0<br>https://apps.apple.com/cz/app/id6755365206<br>https://play.google.com/store/apps/details?id=cz.csfd.csfdroid<br>;;;
234366;David Bowie: A Reality Tour;2004;93.0;;https://image.pmgstatic.com/cache/resized/w420/files/images/film/posters/000/054/54328_085189.jpg;https://www.csfd.cz/film/234366-david-bowie-a-reality-tour/;Velká Británie;Dokumentární;;19.8.2003 - 1.4.2004KAPELA: David Bowie (zpěv, saxofon, klávesy, harmonika, stylofon, kytara) Earl Slick (kytary) Gerry Leonard (kytary, vokály) Sterling Campbell (bicí, vokály) Gail Ann Dorsey (zpěv, basová kytara) Mike Garson (piano, klávesy) Catherine Russel (zpěv, perkuse, klávesy, mandolína...)Nejvíce skladeb (35) bylo zahráno v Dublinu 23.11.2003. Nejméně skladeb (20) bylo zahráno v Nice 10.11.2003. Zahajující písně: New Killer Star - The Jean Genie - Rebel Rebel - The Loneliest Guy - Life On Mars. Závěrečná píseň: Ziggy StardustREPERTOÁR: 5:15 The Angels Have Gone - A New Career In A New Town - Afraid - All The Young Dudes - Always Crashing In The Same Car - Ashes To Ashes - Bang A Gong (Get It On) - Battle For Britain (The Letter) - Be My Wife - Blue Jean - Breaking Glass - Bring Me The Disco King - Cactus - Changes - China Girl - Days - Do You Know The Way To San Jose? - Fall Dog Bombs The Moon - Fame - Fantastic Voyage - Fashion - Five Years - Hallo Spaceboy - Hang On To Yourself - Heathen (The Rays) - Heroes - I`m Afraid Of Americans - I`ve Been Waiting For You - Let`s Dance - Life On Mars? - Looking For Water - Loving The Alien - Modern Love - Never Get Old - New Killer Star - Pablo Picasso - Panic In Detroit - Quicksand - Reality - Rebel Rebel - Rumble - She`ll Drive The Big Car - Sister Midnight - Slip Away - Sound And Vision - Space Oddity - Starman - Suffragette City - Sunday - The Jean Genie - The Loneliest Guy - The Man Who Sold The World - The Motel - Try Some, Buy Some - Under Pressure - White Light/White Heat - Ziggy Stardust (bublajsa);Na DVD od 23.10.2009 Aha!;;;David Bowie, Gail Ann Dorsey, Earl Slick;https://apps.apple.com/cz/app/id6755365206<br>https://play.google.com/store/apps/details?id=cz.csfd.csfdroid<br>;;;
396946;Pidiobři 3D;2014;89.26174496644295;43.0;https://image.pmgstatic.com/cache/resized/w420/files/images/film/posters/160/510/160510071_585dd8.jpg;https://www.csfd.cz/film/396946-pidiobri-3d/;Velká Británie;Dokumentární / Dobrodružný;Tiny Giants 3D;"Ve snímku Pidiobři nahlédnete na život čipmanka a křečka prériového zcela novou perspektivou. S pomocí vysokorychlostních kamer uvidíte dvouměsíčního čipmanka, jak se připravuje na svou první zimu, přičemž druhého protagonistu - křečka prériového - zase přistihnete ve chvíli, kdy opouští mateřskou noru a vydává se čelit nástrahám nehostinné pouště. Technologická specifikace ovšem není to jediné, co tenhle počin odlišuje od zbytku žánrové produkce. Stejně progresivní jsou i jeho formální aspekty a narace. Většina podobných filmů ilustruje na jedincích či skupinách zvířat životní styl celého druhu. V Pidiobrech se oproti tomu setkáte s dvěma ústředními postavami, jejichž zobrazení tento zaběhnutý rámec vyprávění překračuje; jejich životy jsou silně individualizovány. (SciTech Visual)";03.03.2016 SciTech Visual;zvířata, 3D;Mark Brownlow;Stephen Fry;https://apps.apple.com/cz/app/id6755365206<br>https://play.google.com/store/apps/details?id=cz.csfd.csfdroid<br>;;;
293450;Pygmejové, děti džungle;2011;88.45901639344262;52.0;https://image.pmgstatic.com/cache/resized/w420/files/images/film/posters/000/508/508535_cc8ea5.jpg;https://www.csfd.cz/film/293450-pygmejove-deti-dzungle/;Slovensko;Dokumentární / Dobrodružný;Pygmejovia – Deti džungle;Džungle je živá, úchvatná, každým krokem vzrušující i nebezpečná. Obrovské stromy proplétají svazky lián, rozmanité druhy zvířat žijí v jejích zákoutích. Mezi nimi ale přežívají také poslední obyvatelé vzácného přírodního národu – Pygmejové. Vzácný kmen má na světě jedno prvenství – jsou nejmenšími lidmi na světě. Přesto jsou tito kočovní lovci a sběrači s ojedinělou orientační schopností místními africkými obyvateli pokládáni za divoká zvířata obývající srdce černé Afriky, a jejich existence je ohrožena. Domovy jim pustoší války, těžba dřeva, moderní civilizace i útoky zemědělců. Objevit je je čirý zázrak. Napříč Afrikou se vydává slovenský fotograf Ivan Bulík, aby vzácné obyvatele pralesních džunglí spatřil, nahlédl do jejich kultury a tradic plných zpěvu a tance, protože jejich radost ze života se i přes všechno zdá být nekonečná. Úspěšná expedice překonala potíže vyhrocené politické situace a pronikla do neprobádaného světa, který okouzluje svou nedotknutelnou mystikou, uchovanou Pygmeji po celé věky. (Academia Film Olomouc);;džungle, domorodé kmeny, expedice;Pavol Barabáš;Robert Roth, Ivan Bulík;https://apps.apple.com/cz/app/id6755365206<br>https://play.google.com/store/apps/details?id=cz.csfd.csfdroid<br>;;;
308763;Nazi Concentration Camps;1945;95.39682539682539;59.0;https://image.pmgstatic.com/cache/resized/w420/files/images/film/posters/170/559/170559687_3bctox.jpg;https://www.csfd.cz/film/308763-nazi-concentration-camps/;USA;Dokumentární;;;;Židé, koncentrační tábor;George Stevens;Dwight D. Eisenhower, George S. Patton;https://www.netflix.com/title/81405890<br>https://www.netflix.com/title/81405890<br>https://apps.apple.com/cz/app/id6755365206<br>https://play.google.com/store/apps/details?id=cz.csfd.csfdroid<br>;;;
1577033;Hudba Johna Williamse;2024;88.28711256117455;105.0;https://image.pmgstatic.com/cache/resized/w420/files/images/film/posters/169/456/169456909_m5zu5o.jpg;https://www.csfd.cz/film/1577033-hudba-johna-williamse/;USA;Dokumentární / Životopisný / Hudební;Music by John Williams;Jeho nezapomenutelné skladby jsou zásadní součástí mnoha milovaných filmů naší doby. Sledujte a poslouchejte příběh Johna Williamse, jehož kariéra protíná několik desetiletí. Postřehy filmařů, hudebníků i dalších lidí, které inspiroval, doplňují vzácné záběry ze zákulisí vzniku filmové historie. (Disney+);01.11.2024 Walt Disney US;hudba, hudebník, filmařské zákulisí, hudební skladatel;Laurent Bouzereau;John Williams, Steven Spielberg, George Lucas, Kathleen Kennedy, Ron Howard, J.J. Abrams, Ke Huy Quan, Kate Capshaw, Chris Columbus, James Mangold;https://srv.tunefindforfans.com/showads/track/srvclk.php?aid=100006796&lp=https://www.disneyplus.com/en-cz/browse/entity-d8dbdfd3-4943-439f-b05c-9762e4fdbdea<br>http://disneyplus.com<br>https://www.youtube.com/watch?v=YqVRcFQagtI&list=RDYqVRcFQagtI&start_radio=1<br>https://srv.tunefindforfans.com/showads/track/srvclk.php?aid=100006796&lp=https://www.disneyplus.com/en-cz/browse/entity-d8dbdfd3-4943-439f-b05c-9762e4fdbdea<br>https://www.csfd.cz/vod/disney-plus/<br>https://apps.apple.com/cz/app/id6755365206<br>https://play.google.com/store/apps/details?id=cz.csfd.csfdroid<br>;;;
221148;Šoa;1985;87.73606370875996;566.0;https://image.pmgstatic.com/cache/resized/w420/files/images/film/posters/163/775/163775445_6848e0.jpg;https://www.csfd.cz/film/221148-soa/;Francie;Dokumentární / Historický / Válečný;Shoah;"Shoah představuje nestandardní dokumentární dílo zabývající se holocaustem. Více jak devítihodinový snímek je výsledkem pětadvacetileté práce autorů a neobsahuje žádné dobové záběry z války nebo obodobí těsně po konci války. Skládá se výhradně z výpovědí očitých svědků. Přeživší účastníci tehdejšího dění dostávají šanci zprostředkovat ve filmu svoje rozmanité zkušenosti a zachovat je tak pro další generace. Jejich vzpomínky často ožívají při návštěvě místa činu (např. tábor Treblinka), často to však není vůbec třeba. Zachycení výpovědi této odcházející generace je hlavním úkolem filmu, čemuž také Lanzmann mnohé podřídil. Vzniklo tak svou délkou i charakterem unikátní dílo, které v mnoha směrech překračuje hranice ""pouhého"" dokumentu. (jakub.uck)";;20. století, období 1940-1950, 2. světová válka, trauma, nacisté, nacismus, holocaust, koncentrační tábor, genocida;Claude Lanzmann;Claude Lanzmann, Richard Glazar, Inge Deutschkron;https://apps.apple.com/cz/app/id6755365206<br>https://play.google.com/store/apps/details?id=cz.csfd.csfdroid<br>;;British Academy of Film and Television Arts (BAFTA) (1x)<br>Los Angeles Film Critics Association Awards (1x)<br>New York Film Critics Circle Awards (1x)<br>;
659023;Nikdy nezestárnou;2018;86.86365254538981;99.0;https://image.pmgstatic.com/cache/resized/w420/files/images/film/posters/162/968/162968687_b745b8.jpg;https://www.csfd.cz/film/659023-nikdy-nezestarnou/;Velká Británie / Nový Zéland;Dokumentární / Historický / Válečný;They Shall Not Grow Old;Uhrančivý snímek Petera Jacksona ukazuje filmový materiál z první světové války tak, jak jej ještě nikdo neviděl... Oscarový režisér Peter Jackson vybral archivní černobílé záběry každodenního života vojáků i civilistů a s pomocí moderních technologií je převedl do barev, které odpovídají dobové realitě. Ve svém unikátním projektu vybral archivní černobílé záběry staré více než 100 let a s pomocí moderních technologií znovu přivedl k životu ty, kteří mohou příběh války odvyprávět nejlépe – muže, kteří v ní bojovali. Po měsících strávených v archivech BBC a britského Imperial War Museum v Londýně vznikl film, v němž znovu a doslova v nových barvách ožívá každodenní realita v přední linii jednoho z největších světových konfliktů. Jaké postoje k němu zastávali jeho řadoví účastníci, co jedli, jak spali a jaký život vedli mimo válečné zákopy? Jackson sáhl do mlhy času, aby vrátil hlas těm, kteří byli navždy poznamenáni první světovou válkou. (Česká televize);11.10.2018 Roadshow Films;smrt, 20. století, zbraně, vzpomínky, vojáci, válka, trauma, armáda, období 1910-1920, 1. světová válka, výcvik, zákopová válka;Peter Jackson;;http://www.ceskatelevize.cz<br>http://www.ceskatelevize.cz<br>https://apps.apple.com/cz/app/id6755365206<br>https://play.google.com/store/apps/details?id=cz.csfd.csfdroid<br>;British Academy of Film and Television Arts (BAFTA) (1x)<br>;;
1010153;Rok, který změnil Zemi;2021;88.02308802308802;48.0;https://image.pmgstatic.com/cache/resized/w420/files/images/film/posters/170/933/170933706_gl55x1.png;https://www.csfd.cz/film/1010153-rok-ktery-zmenil-zemi/;Velká Británie;Dokumentární;The Year Earth Changed;Dosud neviděné záběry ukazují, jak lockdown otevřel dveře přírodě, která se vzpamatovala a vzkvétá. Lidstvo se sice zastavilo, ale Země si našla v oceánech, na pevninách i na obloze svůj ztracený rytmus. (Apple TV+);Na VOD od 16.04.2021 Apple TV+;město, zvířata, divočina, oceán, ekologie, znečištění, pandemie, karanténa, koronavirus;Tom Beard;David Attenborough;https://srv.clickfuse.com/ads/adclkr.php?id=100006636&url=https://tv.apple.com/cz/movie/the-year-earth-changed/umc.cmc.3fob3t7nfhehpb3ilgynzxmnu<br>https://www.apple.com/cz/apple-tv-plus/<br>https://srv.clickfuse.com/ads/adclkr.php?id=100006636&url=https://tv.apple.com/cz/movie/the-year-earth-changed/umc.cmc.3fob3t7nfhehpb3ilgynzxmnu<br>https://www.csfd.cz/vod/apple-tv/<br>https://apps.apple.com/cz/app/id6755365206<br>https://play.google.com/store/apps/details?id=cz.csfd.csfdroid<br>;;;
178755;Pink Floyd: Behind the Wall;2000;91.61904761904762;80.0;https://image.pmgstatic.com/cache/resized/w420/files/images/film/posters/000/371/371323_a15766.jpg;https://www.csfd.cz/film/178755-pink-floyd-behind-the-wall/;Velká Británie;Hudební / Dokumentární;;Dokument nás seznamuje s dnes již legendárním, monotematickým, vizuálním hudebním vystoupením rockové skupiny Pink Floyd - The Wall. Svým tématem zdí mezi lidmi (rodiče - děti,učitelé - žáci) to byl a dodnes je snad nejinteligentnější projekt v populární hudbě. Brilantní texty jdoucí až na dřeň toho podstatného jsou hlavně o respektu k nedělitelné svobodě každého z nás. Smutné je, že si nakonec zeď vystavěli členové skupiny mezi sebou, což vedlo k rozpadu kapely. (sator);;;;David Gilmour, Nick Mason, Roger Waters, Richard Wright, Syd Barrett, Gerald Scarfe;https://apps.apple.com/cz/app/id6755365206<br>https://play.google.com/store/apps/details?id=cz.csfd.csfdroid<br>;;;
724312;Bitva o Ostravsko 1945;2019;88.48368522072937;45.0;https://image.pmgstatic.com/cache/resized/w420/files/images/film/posters/163/556/163556064_3aeabd.jpg;https://www.csfd.cz/film/724312-bitva-o-ostravsko-1945/;Česko;Dokumentární / Historický / Válečný;;Jedna z největších operací druhé světové války na našem území... Často neznámé archívní materiály proložené řadou animací zachycují významné události 30. a 40. let minulého století na Ostravsku, Opavsku a Těšínsku. Během druhé světové války probíhaly těžké boje i na našem území, v roce 1945 se fronta posunovala velmi rychle od východu a oblast Ostravska patřila k nejlépe opevněným a bráněným úsekům fronty. Seznámíme se s bojovou technikou, díky které se nakonec podařilo opevnění prolomit. (Česká televize);;20. století, období 1940-1950, 2. světová válka, vojáci, válka, nacisté;Jaroslav Korytář;Pavel Rímský;http://www.ceskatelevize.cz<br>http://www.ceskatelevize.cz<br>https://apps.apple.com/cz/app/id6755365206<br>https://play.google.com/store/apps/details?id=cz.csfd.csfdroid<br>;;;
252499;Slavná alba: Nirvana - Nevermind;2005;89.93464052287581;74.0;https://image.pmgstatic.com/cache/resized/w420/files/images/film/posters/165/091/165091045_985590.png;https://www.csfd.cz/film/252499-slavna-alba-nirvana-nevermind/;USA;Dokumentární / Hudební;Classic Albums: Nirvana - Nevermind;"Příběh alba, které společně s písní ""Smells Like Teen Spirit"" ovlivnilo celou generaci mladých lidí... Na počátku roku 1991 by málokdo předpovídal, že kapela Nirvana zamíří s albem ""Nevermind"" na první místo žebříčku alb amerického časopisu Billboard. K překvapení hudebního průmyslu a mnoha posluchačů se tak ale stalo. Písně zpěváka kapely Kurta Cobaina totiž spustily neuvěřitelnou vlnu zájmu mezi mladými lidmi. Dokument přibližuje nejen období, kdy Nirvana začala nahrávat ""Nevermind"", ale také jaký vliv měla nahrávka na hudební svět, na samotnou kapelu a proč dodnes zůstává milníkem v rockové historii. O vzpomínky na nahrávání, ale také na Kurta Cobaina, se podělí zbylí členové kapely Krist Novoselic a Dave Grohl, ale také třeba producent desky Butch Vig. (Česká televize)";;;Bob Smeaton;Dave Grohl, Krist Novoselic, Thurston Moore, Samuel Bayer;https://srv.clickfuse.com/ads/adclkr.php?id=100006636&url=https://tv.apple.com/cz/movie/nirvana---nevermind/umc.cmc.622x2tnh8ph7rl838npk474cj<br>http://www.ceskatelevize.cz<br>http://www.ceskatelevize.cz<br>https://srv.clickfuse.com/ads/adclkr.php?id=100006636&url=https://tv.apple.com/cz/movie/nirvana---nevermind/umc.cmc.622x2tnh8ph7rl838npk474cj<br>https://apps.apple.com/cz/app/id6755365206<br>https://play.google.com/store/apps/details?id=cz.csfd.csfdroid<br>;;;
236295;Nebezpečné dny: Jak se točil Blade Runner;2007;90.1038062283737;210.0;https://image.pmgstatic.com/cache/resized/w420/files/images/film/posters/000/055/55291_48128a.jpg;https://www.csfd.cz/film/236295-nebezpecne-dny-jak-se-tocil-blade-runner/;USA;Dokumentární;Dangerous Days: Making Blade Runner;Finální tříapůlhodinový dokument o tvorbě jedné z legendárních sci-fi klasik, snímku Ridleyho Scotta, BLADE RUNNER. Dokument je tvořen z 80 různých rozhovorů s lidmi, kteří na filmu pracovali nebo filmaři, které ovlivnil, dosud nikdy nezveřejněných záběrů a jiných ztracených materiálů. Bible pro všechny fanoušky. (3DD!3);Na DVD od 12.12.2007 Magic Box;;Charles de Lauzirika;Ridley Scott, Hampton Fancher, David Webb Peoples, Bud Yorkin, Douglas Trumbull, Harrison Ford, Rutger Hauer, Sean Young, Joanna Cassidy, Daryl Hannah;https://apps.apple.com/cz/app/id6755365206<br>https://play.google.com/store/apps/details?id=cz.csfd.csfdroid<br>;;;
377681;Vzpoura údolí;2014;88.15566835871404;99.0;https://image.pmgstatic.com/cache/resized/w420/files/images/film/posters/159/185/159185897_90d2f8.jpg;https://www.csfd.cz/film/377681-vzpoura-udoli/;USA;Dokumentární;Valley Uprising(festivalový název);Yosemity jsou Mekkou velkých stěn. Celovečerní dokument Valley Uprising popisuje počátky a lezeckou scénu v Yosemitech za posledních 50 let. Film oživuje všechny tamní legendy, od epické bitvy Royala Robbinse s Warrenem Hardingem o nejvyšší stěny, přes havárii letadla s pašovanou marihuanou v roce 1977 až ke stupňujícímu se napětí mezi horolezci a strážci národního parku. Závěr potom patří modernímu trendu závratných sólových výstupů. (Sherpafest);;přátelství, policie, rivalita, svoboda, horolezci, marihuana, sportovní lezení;Peter Mortimer, Nick Rosen, Josh Lowell;Peter Sarsgaard, Dean Potter, Alex Honnold, Lynn Hill, Royal Robbins, Yvon Chouinard;https://apps.apple.com/cz/app/id6755365206<br>https://play.google.com/store/apps/details?id=cz.csfd.csfdroid<br>;;;
391942;Živá řeka;2017;91.51219512195122;52.0;https://image.pmgstatic.com/cache/resized/w420/files/images/film/posters/162/030/162030242_75d175.jpg;https://www.csfd.cz/film/391942-ziva-reka/;Slovensko;Dokumentární;Tajomné Karpaty - Živá rieka;Prírodopisná dokumentárna séria predstavujúca Karpaty ako unikátny ostrov divokej prírody v mori okolitej civilizácie. Tatry sú najvyšším pohorím Karpát a súčasne rozlohou najmenšie veľhory na svete. Svojou krásou a rozmanitosťou sa podobajú Alpám či Kaukazu. V strednej Európe sú ale absolútne unikátnym ostrovom divokej prírody v mori okolitej civilizácie. V najvyšších polohách, tam kde sa hory dotýkajú oblakov, sa stále nachádza svet pochádzajúci z doby ľadovej. Drsné skalné steny a studené tmavomodré plesá sú v ostrom kontraste s farebnosťou stoviek druhov drobných kvietkov. Aj keď tu zima trvá viac ako pol roka, život prekvitá. Veľké čriedy tatranského poddruhu kamzíka prežívajú zimu uprostred snehových búrok a lavín. Sú príliš hrdé aby zišli nižšie. Najvyššie hory sú aj domovom ich predátorov – orlov, vlkov, medveďov a najmä rysov. Ako snežný leopard v Himalájach zakráda sa rys v Tatrách k čriede kamzíkov. Z času na čas uspeje a kamzíky tak umožnia prežiť rodinke rysov. V máji sa hrubá vrstva snehu postupne topí a voda si hľadá cestu z hôr do údolí. Napĺňa plesá a formuje rozsiahle jaskynné systémy. Nakoniec sa ale dostane do nespočetných dravých potokov a vodopádov a s dunením sa valí do údolí.Keď sa k vode z topiaceho snehu pridajú prudké lejaky, rieka sa rozvodní a berie so sebou všetko čo jej stojí v ceste. Po povodni sa svet mení. Tam kde bol les je rieka a tam kde bola rieka zostali len kamene. Voda ničí, no súčasne tvorí a podporuje mnohoraké formy života - od tisícov žiab kladúcich vajíčka do napoly zmrznutého plesa, cez húfy pstruhov ukrývajúcich sa pod naplavenými stromami až po svorku vlkov, ktorá pri rieke loví svoju korisť. Jeden z najstarších lesov v Európe prežíva na chudobnej pôde vďaka recyklácii živín z ešte žijúcich stromov. Drevo vo vnútri kmeňa odumiera, rozkladá sa a strom uvoľnené živiny opäť používa na svoj rast. Tisícročné stromy tu kedysi vysadili orešnice, ktoré si do pôdy ukryli limbové oriešky. Tie isté oriešky dnes do lesa lákajú veľké počty medveďov šplhajúcich sa za šiškami do korún stromov. Mladé medvede ale čakajú omnoho väčšie výzvy ako vyšplhať sa na strom. Keď s matkou prežijú prvé dva roky života, musia sa osamostatniť a vybojovať si miesto pre život medzi ostatnými, staršími a skúsenejšími medveďmi. (STV);;řeka, Tatry;Erik Baláž;Milo Kráľ;https://apps.apple.com/cz/app/id6755365206<br>https://play.google.com/store/apps/details?id=cz.csfd.csfdroid<br>;;;
319507;Pátrání po Sugar Manovi;2012;86.32977850697293;86.0;https://image.pmgstatic.com/cache/resized/w420/files/images/film/posters/159/801/159801548_e2794c.jpg;https://www.csfd.cz/film/319507-patrani-po-sugar-manovi/;Švédsko / Velká Británie;Dokumentární / Hudební / Životopisný;Searching for Sugar Man;Pátrání po Sugar Manovi vypráví neuvěřitelný, ale pravdivý příběh Rodrigueze: největší rockové hvězdy 70. let, která nebyla. Dva producenti objevili Rodrigueze na konci 60. let v kouřové mlze zapadlého detroitského baru. Byli ohromeni a přesvědčeni, že mu písně plné silných melodií a prorockých textů zajistí pověst největšího hudebníka své generace. Dvě alba, která nahrál, však naprosto propadla, zpěvák se vytratil ze scény a zbyly jen historky o sebevraždě na pódiu. Pirátská kopie jedné z nahrávek se mezitím náhodou dostala do Jižní Afriky, kterou apartheid odřízl od zbytku světa. V následujících dvou desetiletích se Rodriguez v JAR stal fenoménem, jehož sláva předčila Rolling Stones. Film sleduje snahu dvou Rodriguezových fanoušků, kteří touží zjistit, co se opravdu stalo s jejich hrdinou. A tomu, co objeví, se sami nestačí divit. Film byl oceněn Oscarem v kategorii Nejlepší dokumentární film roku 2013.;24.08.2012 NonStop Entertainment;smrt, 20. století, tajemství, město, záhady, umění, hudba, sláva, tragédie, hudebník, sebevražda, muzikant, Afrika, bar, rock, období 1960-1970, hospoda, producent, Jihoafrická republika, apartheid, Detroit, kulturní revoluce, Michigan;Malik Bendjelloul;Rodriguez, Malik Bendjelloul, Dennis Coffey, Mike Theodore, Steve Rowland, Clarence Avant;https://apps.apple.com/cz/app/id6755365206<br>https://play.google.com/store/apps/details?id=cz.csfd.csfdroid<br>;British Independent Film Awards (BIFA) (1x)<br>European Film Awards (1x)<br>Guldbagge Awards (5x)<br>Los Angeles Film Critics Association Awards (1x)<br>Tribeca Film Festival (1x)<br>Sundance Film Festival (1x)<br>;Academy Awards (1x)<br>British Academy of Film and Television Arts (BAFTA) (1x)<br>Polish Film Awards (1x)<br>Guldbagge Awards (1x)<br>Amanda Awards (1x)<br>Critics Choice Awards (1x)<br>Sundance Film Festival (2x)<br>Melbourne International Film Festival (MIFF) (1x)<br>;
157454;Síla lidskosti - Nicholas Winton;2002;86.27699816961562;64.0;https://image.pmgstatic.com/cache/resized/w420/files/images/film/posters/078/832/78832183_5906e9.jpg;https://www.csfd.cz/film/157454-sila-lidskosti-nicholas-winton/;Česko / Slovensko;Dokumentární / Životopisný;Nicholas G. Winton - Sila ľudskosti;V roku 1939 Nicholas Winton z vlastnej iniciatívy zachránil 669 prevažne židovských detí počas nacistickej okupácie Československa a cez hranice hitlerovského Nemecka sa mu podarilo prepraviť ich do Veľkej Británie. O svojom veľkom čine mlčal neuveriteľných 50 rokov. Nicholas Winton dodnes žije, má 94 rokov a volajú ho britský Schindler. Dokumentárnym filmom nás sprevádza Joe Schlesinger, reportér kanadskej tv stanice CBS, ktorý je jedným wintonových zachránených detí. Príbehy, ktoré rozprávajú zachránené deti, sa prelínajú s rozprávaním a spomínaním Nicholasa Wintona, dokumentárnymi dobovými a archívnymi zábermi. Ku koncu filmu sme svedkami dojímavej scény stretnutia Nicholasa Wintona so svojimi deťmi po dlhých rokoch. Držiteľ International Emmy Award 2002 za najlepší dokumentárny film.;30.09.2004;20. století, děti, období 1940-1950, 2. světová válka, válka, nacisté, nacismus, období 1930-1940, Židé, holocaust, televizní studio;Matej Mináč;Nicholas Winton, Karel Reisz, Václav Havel, Simon Wiesenthal, Adolf Hitler, Ladislav Dostál;https://apps.apple.com/cz/app/id6755365206<br>https://play.google.com/store/apps/details?id=cz.csfd.csfdroid<br>;;Český lev (1x)<br>;
493762;Vysoké Tatry: V srdci divočiny;2017;88.61111111111111;52.0;https://image.pmgstatic.com/cache/resized/w420/files/images/film/posters/162/955/162955011_54cdf5.jpg;https://www.csfd.cz/film/493762-vysoke-tatry-v-srdci-divociny/;Slovensko;Dokumentární;Nesmrtelný les(festivalový název);Staří Slované dali divokým horám plným zvěře a legend jméno Tatry. Říká se jim nejmenší velehory světa a my můžeme nahlédnout do jejich království... Čarovné, nepřístupné a neobydlené. V samotném srdci Evropy leží opravdu kouzelné pohoří. Vysoko v Tatrách poklidně rostou lesy, jež patří k nejstarším na kontinentu. Z úbočí hor stékají nespoutané bystřiny. Horské doliny nabízejí útočiště mnoha vzácným živočichům. Především je to ale země medvědů. Jsou úplně všude. Proč jich v Tatrách žije tolik a tak blízko sebe? (Česká televize);;les, medvědi, Tatry;Erik Baláž;Milo Kráľ;http://www.ceskatelevize.cz<br>http://www.ceskatelevize.cz<br>https://apps.apple.com/cz/app/id6755365206<br>https://play.google.com/store/apps/details?id=cz.csfd.csfdroid<br>;;;
650707;Bez jištění na El Capitan;2018;86.27956230144723;100.0;https://image.pmgstatic.com/cache/resized/w420/files/images/film/posters/163/460/163460910_3a41ad.png;https://www.csfd.cz/film/650707-bez-jisteni-na-el-capitan/;USA;Dokumentární / Sportovní;Free Solo;Free Solo je směsicí napínavého thrilleru a inspirativního životního příběhu sportovce, který si klade fyzicky i psychicky náročné cíle a snaží se dosáhnout hranice nemožného. V období začátku příprav na obtížný výstup se jeho aura nepřemožitelnosti, kterou si po desetiletí zdařile budoval, nečekaně rozpadá. Vztah s novou přítelkyní znamená též změnu ve vnímání nebezpečí úrazu a nezdarů. Vasarhelyiová a Chin umně a s citem zachycují hluboce lidské okamžiky stejně jako životu nebezpečný výkon, to vše s excelentní, místy až závrať způsobující kamerou. Výsledkem je triumf lidského ducha. (National Geographic);16.05.2019 Artcam Films;hory, horolezci;Jimmy Chin, Elizabeth Chai Vasarhelyi;Alex Honnold, Jimmy Chin, Tommy Caldwell, Cheyne Lempe, Mikey Schaefer, Sanni McCandless, Dierdre Wolownick, Peter Croft, Mark Synnott, Sean Leary;https://srv.tunefindforfans.com/showads/track/srvclk.php?aid=100006796&lp=https://www.disneyplus.com/en-cz/browse/entity-5bc87ba3-cda0-4f46-b81c-4c3ea170e9d1<br>https://srv.tunefindforfans.com/showads/track/srvclk.php?aid=100006796&lp=https://www.disneyplus.com/en-cz/browse/entity-5bc87ba3-cda0-4f46-b81c-4c3ea170e9d1<br>https://apps.apple.com/cz/app/id6755365206<br>https://play.google.com/store/apps/details?id=cz.csfd.csfdroid<br>;Florida Film Critics Circle Awards (1x)<br>;Academy Awards (1x)<br>British Academy of Film and Television Arts (BAFTA) (1x)<br>Toronto International Film Festival (1x)<br>;
1293399;Still: Příběh Michaela J. Foxe;2023;87.55129958960329;95.0;https://image.pmgstatic.com/cache/resized/w420/files/images/film/posters/170/933/170933672_4nmgcq.png;https://www.csfd.cz/film/1293399-still-pribeh-michaela-j-foxe/;USA;Dokumentární / Životopisný;Still: A Michael J. Fox Movie;Nevysoký klučina z kanadské vojenské základny se v 80. letech stane mezinárodním popkulturním miláčkem, jen aby jeho život změnila konsternující diagnóza. Co se stane, když se nevyléčitelný optimista ocitne tváří v tvář nevyléčitelné chorobě? (Apple TV+);Na VOD od 12.05.2023 Apple TV+;herci, filmařské zákulisí, Parkinsonova choroba;Davis Guggenheim;Michael J. Fox, Tracy Pollan;https://srv.clickfuse.com/ads/adclkr.php?id=100006636&url=https://tv.apple.com/cz/movie/still-a-michael-j-fox-movie/umc.cmc.njewt06q05vqbgp6w42pqb0l<br>https://www.apple.com/cz/apple-tv-plus/<br>https://srv.clickfuse.com/ads/adclkr.php?id=100006636&url=https://tv.apple.com/cz/movie/still-a-michael-j-fox-movie/umc.cmc.njewt06q05vqbgp6w42pqb0l<br>https://www.csfd.cz/vod/apple-tv/<br>https://apps.apple.com/cz/app/id6755365206<br>https://play.google.com/store/apps/details?id=cz.csfd.csfdroid<br>;British Academy of Film and Television Arts (BAFTA) (1x)<br>Florida Film Critics Circle Awards (1x)<br>;;
238965;Sepultura: Under Siege (Live in Barcelona);1991;95.12605042016807;;https://image.pmgstatic.com/cache/resized/w420/files/images/film/posters/158/260/158260938_9248d0.jpg;https://www.csfd.cz/film/238965-sepultura-under-siege-live-in-barcelona/;Španělsko;Dokumentární / Hudební;;;;;;Max Cavalera;https://apps.apple.com/cz/app/id6755365206<br>https://play.google.com/store/apps/details?id=cz.csfd.csfdroid<br>;;;
905980;Moje učitelka chobotnice;2020;86.41347424042272;85.0;https://image.pmgstatic.com/cache/resized/w420/files/images/film/posters/164/756/164756925_8deae6.jpg;https://www.csfd.cz/film/905980-moje-ucitelka-chobotnice/;Jihoafrická republika;Dokumentární;My Octopus Teacher;Při natáčení pod mořskou hladinou naváže filmař nečekané přátelství s chobotnicí, která mu poodhalí tajemný svět chaluhového lesa u břehů jižní Afriky. (Netflix);Na VOD od 07.09.2020 Netflix;chobotnice;Pippa Ehrlich, James Reed;Craig Foster, Tom Foster;https://www.netflix.com/title/81045007<br>https://www.netflix.com/<br>/uzivatel/419004-maryanapple/oblibene/<br>https://www.netflix.com/title/81045007<br>https://www.csfd.cz/vod/netflix/<br>https://apps.apple.com/cz/app/id6755365206<br>https://play.google.com/store/apps/details?id=cz.csfd.csfdroid<br>;;Academy Awards (1x)<br>British Academy of Film and Television Arts (BAFTA) (1x)<br>;
283702;Bitva o Černobyl;2006;86.5359477124183;94.0;https://image.pmgstatic.com/cache/resized/w420/files/images/film/posters/000/325/325910_cbb113.jpg;https://www.csfd.cz/film/283702-bitva-o-cernobyl/;Francie;Dokumentární;La Bataille de Tchernobyl;Dokument o událostech osudové noci, kdy v černobylské jaderné elektrárně došlo k výbuchu, a o velmi náročném úsilí předejít další pohromě. (Netflix);;vyšetřování, vojáci, armáda, nehoda, radioaktivita, horníci, Černobyl, elektrárna, nemoc z ozáření, jaderná elektrárna;Thomas Johnson;Hans Blix, Michail Sergejevič Gorbačov;https://www.netflix.com/<br>https://apps.apple.com/cz/app/id6755365206<br>https://play.google.com/store/apps/details?id=cz.csfd.csfdroid<br>;;;
92301;An Evening with Kevin Smith;2002;89.17159763313609;224.0;https://image.pmgstatic.com/cache/resized/w420/files/images/film/posters/169/264/169264650_wrtub6.jpg;https://www.csfd.cz/film/92301-an-evening-with-kevin-smith/;USA;Komedie / Dokumentární;;;;;J.M. Kenny;Kevin Smith, Jason Mewes, Scott Mosier;https://apps.apple.com/cz/app/id6755365206<br>https://play.google.com/store/apps/details?id=cz.csfd.csfdroid<br>;;;
1643732;Ozzy: Z teď není úniku;2025;90.3734439834025;123.0;https://image.pmgstatic.com/cache/resized/w420/files/images/film/posters/170/585/170585331_htaxp8.jpg;https://www.csfd.cz/film/1643732-ozzy-z-ted-neni-uniku/;USA / Velká Británie;Dokumentární / Hudební;Ozzy: No Escape From Now;Hluboce osobní portrét proslulé rockové hvězdy, která se uprostřed přetrvávajících zdravotních problémů připravuje na svůj poslední koncert ve svém rodném městě Birmingham. (SkyShowtime);;rodina, smrt, hudebník, kapela, rock, nevyléčitelná nemoc, zpěvák, období 2020-2030, hard rock, Parkinsonova choroba, Birmingham;Tania Alexander;Ozzy Osbourne, Sharon Osbourne, Kelly Osbourne, Jack Osbourne, Aimée Osbourne, Tony Iommi, Zakk Wylde, Andrew Watt, Billy Idol, Robert Trujillo;https://www.skyshowtime.com/cz/stream/movies/ozzy-z-ted-neni-uniku/bd0a44c6-9bca-3b18-b5f7-2f118b47389c<br>https://www.skyshowtime.com<br>https://www.skyshowtime.com/cz/stream/movies/ozzy-z-ted-neni-uniku/bd0a44c6-9bca-3b18-b5f7-2f118b47389c<br>https://apps.apple.com/cz/app/id6755365206<br>https://play.google.com/store/apps/details?id=cz.csfd.csfdroid<br>;;;
387036;Roger Waters: The Wall;2014;86.57997399219767;155.0;https://image.pmgstatic.com/cache/resized/w420/files/images/film/posters/159/994/159994939_cb5bf4.jpg;https://www.csfd.cz/film/387036-roger-waters-the-wall/;Velká Británie;Hudební / Dokumentární;Roger Waters: The Wall;Roger Waters The Wall je hudebně-zážitková road movie, která zachycuje světové koncertní turné zakládajícího člena legendární britské skupiny Pink Floyd v letech 2010 až 2013. Záběry, pořízené ve třech městech na dvou kontinentech, putují mezi 150 metrů dlouhým jevištěm a zákulisím, ze kterého vše exkluzivně komentuje sám Waters. Divákům se naskytne pohled na úchvatnou hudební a vizuální show, ve které nechybí pyrotechnika, bohaté projekce a před zraky rostoucí monumentální zeď. Waters při tvorbě ohromující rock'n'rollové show doslova zhmotnil vlastní imaginaci a protiválečné vize – stejně jako původní dvojalbum rockové opery z roku 1979 nese i film silné pacifistické poselství a stopuje Watersovu osobní minulost, kterou tvrdě zatížila otcova a dědečkova smrt ve světových válkách. (Aerofilms);Na Blu-ray od 27.01.2016 Bontonfilm;protiválečný;Sean Evans, Roger Waters;Roger Waters, Darren Kent, Dave Kilminster;https://apps.apple.com/cz/app/id6755365206<br>https://play.google.com/store/apps/details?id=cz.csfd.csfdroid<br>;;;
221374;Poslední spravedlivý;2002;88.47117794486215;70.0;//static.pmgstatic.com/assets/images/050b5bad23b8eb0b4f88f971b8f6a168/empty-image.svg;https://www.csfd.cz/film/221374-posledni-spravedlivy/;Kanada;Dokumentární;The Last Just Man;Ani brigádní generál Romeo Dellaire, který v roce 1994 velel mírové misi OSN ve Rwandě, nemohl zabránit hrůzostrašné genocidě, při níž zahynulo 800 000 Afričanů.;;;Steven Silver;Roméo Dallaire;https://apps.apple.com/cz/app/id6755365206<br>https://play.google.com/store/apps/details?id=cz.csfd.csfdroid<br>;;;
290170;Lemmy Forever;2010;86.22580645161291;110.0;https://image.pmgstatic.com/cache/resized/w420/files/images/film/posters/161/343/161343868_d1de28.jpg;https://www.csfd.cz/film/290170-lemmy-forever/;USA;Dokumentární / Životopisný / Hudební;Lemmy;Chlastem a drogami poháněná kariéra zpěváka s chraplavým hlasem se více jak čtyři desetiletí protíná s mnoha mezníky v dějinách rockové hudby. Viděl Beatles v Cavern Club, jezdil jako roadie s Jimim Hendrixem, důvěrně radil Sidu Viciousovi a hrál v rockových kapelách Merseybeat a Psychadelic předtím, než spojením punkových a metalových prvků s kapelou MOTÖRHEAD inspiroval vznik thrash metalu. Na své cestě se stal věčnou inspirací takovým legendám, jako Dave Grohl, Slash, Metallica - ty všechny ve filmu uvidíme, spolu s Ozzym Osbournem, Alice Cooperem a mnoha dalšími... Po dobu tří let sledovala kamera tohoto neklidného rockového válečníka na cestě z jeho zaneřáděného hollywoodského bytu na evropské stadiony. Zachycuje Lemmyho při klidných, sebeodhalujících chvílích doma, při jam sessions s Davem Grohlem i jako rockového hrdinu, řidiče válečného tanku. Odhalí muže, který je osobitější, filozofující a má větší smysl pro humor, než by většina lidí očekávala... (Atlantis Entertainment);28.12.2016 Atlantis Entertainment;hudebník, kapela, metal, rock 'n' roll, hard rock;Greg Olliver, Wes Orshoski;Lemmy, Alice Cooper, Dave Grohl, Kirk Hammett, James Hetfield, Ice-T, Paul Levesque, Duff McKagan, Ozzy Osbourne, Dee Snider;https://apps.apple.com/cz/app/id6755365206<br>https://play.google.com/store/apps/details?id=cz.csfd.csfdroid<br>;;;
349591;Grounded: Making The Last of Us;2013;89.59706959706959;84.0;https://image.pmgstatic.com/cache/resized/w420/files/images/film/posters/159/004/159004011_87dc74.jpg;https://www.csfd.cz/film/349591-grounded-making-the-last-of-us/;USA;Dokumentární;;Tento Making of film pojednává o herních vývojářích ze studia Naughty Dog a vývoji jedné z nejlépe hodnocených her. The last of us je pořád velký fenomén a vlivná značka. Ovšem za vytvořením takového titulu stálo velké množství lidí, kteří nespali, aby se publiku naservírovala čistá dokonalost. Sami uvidíte, že za tvorbou takovéto hry je mnohem více než jen psaní jedniček a nul do počítače. (groz122);;videohry;Jason Bertrand, Matt Chandronait, Jeffrey Keith Negus;Neil Druckmann, Ashley Johnson, Ashley Scott, Nolan North, W. Earl Brown, Annie Wersching, Robin Atkin Downes, Gustavo Santaolalla, Merle Dandridge, Hana Hayes;https://apps.apple.com/cz/app/id6755365206<br>https://play.google.com/store/apps/details?id=cz.csfd.csfdroid<br>;;;
792998;Timelapse of the Future: A Journey to the End of Time;2019;92.12121212121212;29.0;https://image.pmgstatic.com/cache/resized/w420/files/images/film/posters/165/289/165289643_680096.jpg;https://www.csfd.cz/film/792998-timelapse-of-the-future-a-journey-to-the-end-of-time/;USA;Krátkometrážní / Dokumentární;;Jak to vše skončí? Jsou černé díry nesmrtelné? Co se stane s atomy? A jak bude vesmír vypadat za miliardy let? Vydejte se na cestu za koncem času, miliardu let do budoucnosti, a zjistěte, jaký osud čeká naši Zemi, všechny planety, hvězdy a celý známý vesmír. Všechny dosavadní poznatky moderní vědy, doplněné dechberoucími záběry a vizuálními efekty nastíní, jakou budoucnost vesmíru astrofyzikové a kosmologové předpovídají a jaké otázky ohledně budoucnosti ještě nejsou zodpovězené. (hela.vl);;vesmír;John D. Boswell;David Attenborough, Brian Cox, Michio Kaku, Neil deGrasse Tyson, Mike Rowe, Stephen Hawking;https://www.youtube.com/watch?v=uD4izuDMUQA<br>https://www.youtube.com/watch?v=TBikbn5XJhg<br>https://apps.apple.com/cz/app/id6755365206<br>https://play.google.com/store/apps/details?id=cz.csfd.csfdroid<br>;;;
541654;Jane;2017;87.4496644295302;90.0;https://image.pmgstatic.com/cache/resized/w420/files/images/film/posters/162/061/162061959_f17f08.jpg;https://www.csfd.cz/film/541654-jane/;USA;Dokumentární / Životopisný;Jane Goodallová – životní příběh;S použitím dosud nepublikovaných záznamů vypráví tento film příběh Jane Goodall, jejích prvních objevů a výzkumu v Tanzanii. Soustředíme se na její práci v terénu, vztah s jejím kameramanem a manželem Hugem van Lawickem a příběhy šimpanzů, kteří byli předmětem její výzkumné práce. (National Geographic);20.10.2017 Abramorama Films;opice;Brett Morgen;Jane Goodall, Hugo van Lawick;https://srv.tunefindforfans.com/showads/track/srvclk.php?aid=100006796&lp=https://www.disneyplus.com/en-cz/browse/entity-30a55249-bbe2-47bd-83bd-0aac663793fd<br>https://srv.tunefindforfans.com/showads/track/srvclk.php?aid=100006796&lp=https://www.disneyplus.com/en-cz/browse/entity-30a55249-bbe2-47bd-83bd-0aac663793fd<br>https://apps.apple.com/cz/app/id6755365206<br>https://play.google.com/store/apps/details?id=cz.csfd.csfdroid<br>;British Academy of Film and Television Arts (BAFTA) (1x)<br>Los Angeles Film Critics Association Awards (1x)<br>;Florida Film Critics Circle Awards (1x)<br>;
205371;Děti ze stanice Leningradská;2005;86.15458937198068;35.0;https://image.pmgstatic.com/cache/resized/w420/files/images/film/posters/162/854/162854733_0a6932.jpg;https://www.csfd.cz/film/205371-deti-ze-stanice-leningradska/;Polsko;Dokumentární / Krátkometrážní;Děti z Leningradské(festivalový název);Dokument uvozuje informace, že po rozpadu SSSR se zemí potulují na čtyři miliony dětí bez domova a že během natáčení se jen v Moskvě pohybovalo takových dětí na třicet tisíc. Filmová výpověď je založena na interview s dětmi nejrůznějšího věku a záznamu jejich otřesných existenčních podmínek. Shlukují se v metru a na nádražích, přespávají v kanálech a ruinách. Živí se žebrotou, krádežemi, příležitostnou prostitucí, náruživě fetují. Malé komunity jim nahrazují rodinu. Ta vlastní je buď vyštvala na ulici, anebo ji sami zavrhli. Vypěstovali si až dojemný smysl pro solidaritu. Dovedou něžně milovat, ale i zabíjet. Někdo si přesně uvědomuje svou situaci, někoho už hubí drogy a nemoci. Čelit krutému světu ulice dětem pomáhá nejen dodržování jeho drsných zákonů, ale i jeho folklorní reflexe. (MFF Karlovy Vary);;drogy, sirotek, bezdomovectví;Andrzej Celiński, Hanna Polak;;https://apps.apple.com/cz/app/id6755365206<br>https://play.google.com/store/apps/details?id=cz.csfd.csfdroid<br>;Academy Awards (1x)<br>;;
4142;Obrazy starého světa;1972;86.15618661257606;64.0;https://image.pmgstatic.com/cache/resized/w420/files/images/film/posters/000/003/3536_4bd5c6.png;https://www.csfd.cz/film/4142-obrazy-stareho-sveta/;Československo;Dokumentární;Obrazy starého sveta;Sugestivní portréty starých lidí z Liptova a Oravy, kteří dokážou i ve stavu civilizačního chaosu a nejistoty žít vnitřně svobodní. Tvůrci filmu, režisérovi a scenáristovi Dušanu Hanákovi, inspirovanému fotografickými cykly Martina Martinčeka, se s výjimečnou citlivostí podařilo zachytit jedinečnost sledovaných postav, jejich svérázné postoje k životu i vzácnou morální čistotu. (NFA);Na DVD od 01.10.2002 Slovenský filmový ústav;černobílý film, trezorové filmy;Dušan Hanák;Ladislav Chudík;https://apps.apple.com/cz/app/id6755365206<br>https://play.google.com/store/apps/details?id=cz.csfd.csfdroid<br>;;European Film Awards (1x)<br>Los Angeles Film Critics Association Awards (1x)<br>;
341799;Jízda na hraně;2013;87.569573283859;90.0;https://image.pmgstatic.com/cache/resized/w420/files/images/film/posters/159/498/159498715_c4c043.jpg;https://www.csfd.cz/film/341799-jizda-na-hrane/;USA;Dokumentární / Sportovní / Životopisný / Rodinný;The Crash Reel;Před zimní olympiádou v roce 2010 vrcholí rivalita nejlepších snowboardistů světa – Shauna Whitea a Kevina Pearce. K poměření sil ale nikdy nedojde, Kevin se totiž pár dní před začátkem her vážně zraní při tréninku. Zatímco Shaun získává zlatou medaili, Kevin se pomalu, za podpory rodiny, zotavuje z kritického stavu. Jeho mozek zůstává po nehodě poškozený. Doporučení lékařů je jasné: neriskovat žádný další pád. Ten by totiž v jeho případě mohl být smrtelný. Propadne Kevin znovu své adrenalinové vášni? Bude riskovat další nehodu a tím pádem i potenciální doživotní závislost na své rodině, která si už tak dost vytrpěla? (Jeden svět);13.12.2013 Phase 4 Films;rodina, rivalita, nemocnice, těžký úraz, snowboarding;Lucy Walker;Shaun White, Rory Bushfield, Jack Mitrani;https://apps.apple.com/cz/app/id6755365206<br>https://play.google.com/store/apps/details?id=cz.csfd.csfdroid<br>;Miami Film Festival (1x)<br>;Melbourne International Film Festival (MIFF) (1x)<br>;
249345;Mnichov 1938;1968;89.24137931034483;21.0;//static.pmgstatic.com/assets/images/050b5bad23b8eb0b4f88f971b8f6a168/empty-image.svg;https://www.csfd.cz/film/249345-mnichov-1938/;Československo;Dokumentární / Krátkometrážní / Historický;Munich 1938;"Unikátní dokument z roku 1968 - se svědectvím Jana Masaryka a Prokopa Drtiny. V roce 1968 slovenský režisér Karol Wild v Krátkém filmu Praha realizoval cenný dokument, který krátce poté normalizační ""Prověrková komise"" poslala na dvacet let do trezoru. Střihový film s dotáčkami je syntézou širokých politických a společenských souvislostí takzané Mnichovské dohody. Připomněl také tehdy poměrně málo známá fakta (například zabrání Západní Ukrajiny a Besarábie sovětskými vojsky). Výpovědi J. Masaryka, P. Drtiny a dalších pozoruhodných osobností.";;20. století, 2. světová válka, zrada, nacisté, nacismus, období 1930-1940, Protektorát Čechy a Morava, trezorové filmy, Sudety;Karol Wild;Adolf Hitler, Neville Chamberlain, Tomáš Garrigue Masaryk, Benito Mussolini, Jan Masaryk, Edvard Beneš;https://apps.apple.com/cz/app/id6755365206<br>https://play.google.com/store/apps/details?id=cz.csfd.csfdroid<br>;;;
333241;Planeta oceán;2012;86.5017667844523;93.0;https://image.pmgstatic.com/cache/resized/w420/files/images/film/posters/117/162/117162911_5031f9.jpg;https://www.csfd.cz/film/333241-planeta-ocean/;Francie / Velká Británie;Dokumentární / Dobrodružný;Planète océan;Film režisérů Yanna Arthus-Bertranda, Michaela Pitiota a týmu podmořských kameramanů ze všech koutů světa vznikl ve spolupráci se společností OMEGA a za vědecké podpory Tara Expeditions. Snímek odhaluje tajemství některých z největších záhad přírody a zdůrazňuje důležitost harmonického soužití lidstva a oceánů. Planeta oceán slouží jako připomínka existence pouta mezi člověkem a přírodou, stejně jako povinnosti lidstva chránit a respektovat naši planetu. Yann Arthus-Bertrand, velvyslanec dobré vůle pro program životníh o prostředí při OSN, představil film hlavám světových velmocí na konferenci v Riu v červnu 2012.;Na DVD od 10.04.2013 Bontonfilm;oceán, ekologie, ryby, znečištění, rybolov;Yann Arthus-Bertrand, Michael Pitiot;Josh Duhamel;https://apps.apple.com/cz/app/id6755365206<br>https://play.google.com/store/apps/details?id=cz.csfd.csfdroid<br>;Academy Awards (1x)<br>;;
271429;Creating the Lord of the Rings Symphony: A Composer's Journey Through Middle-Earth;2004;94.95495495495496;52.0;https://image.pmgstatic.com/cache/resized/w420/files/images/film/posters/000/064/64331_84beaf.jpg;https://www.csfd.cz/film/271429-creating-the-lord-of-the-rings-symphony-a-composer-s-journey-through-middle-earth/;Kanada;Dokumentární / Hudební;;Pouť skladatele Howarda Shora Středozemí obsahuje úryvky z koncertu Pána prstenů: Šest vět pro orchestr, sbor a sólisté. Dokument je doplněn komentářem Howarda Shora a ilustracemi Alana Leeho a Johna Howea. Záznam z koncertu byl nahrán v Salle Wilfrid-Pelletier, Place des Arts, Montreal, Kanada v únoru 2004. (kolya);;;;Howard Shore;https://apps.apple.com/cz/app/id6755365206<br>https://play.google.com/store/apps/details?id=cz.csfd.csfdroid<br>;;;
117729;Making of '8 Mile';2003;91.82926829268293;10.0;//static.pmgstatic.com/assets/images/050b5bad23b8eb0b4f88f971b8f6a168/empty-image.svg;https://www.csfd.cz/film/117729-making-of-8-mile/;USA;Krátkometrážní / Dokumentární;;Režisér Curtis Hanson a filmová hviezda Eminem hovoria o svojich myšlienkach a názoroch na film 8. míľa (2002). Krátke 10-minútové video zverejňuje iba veľmi obmedzené množstvo informácií a slúži tak iba ako nepatrná podpora analyzovaného filmu. (nessbeal);;;;Eminem, Curtis Hanson, Brittany Murphy, Mekhi Phifer, Xzibit;http://www.youtube.com/watch?v=aAAZVDOV3fI<br>https://apps.apple.com/cz/app/id6755365206<br>https://play.google.com/store/apps/details?id=cz.csfd.csfdroid<br>;;;
476813;A Plastic Ocean;2016;86.61434977578476;102.0;https://image.pmgstatic.com/cache/resized/w420/files/images/film/posters/161/386/161386947_6fb943.jpg;https://www.csfd.cz/film/476813-a-plastic-ocean/;Hongkong / Velká Británie;Dokumentární;A Plastic Ocean;Náš příběh začíná, když novinář Craig Leeson narazí při hledání nepolapitelného plejtváka obrovského na plastový odpad v místech, kde by měl být jen nedotčený oceán. Craig spojí síly s mistryní světa ve volném potápění Tanyou Streeterovou a mezinárodním týmem výzkumníků, kteří se během následujících čtyř let dostanou do dvaceti lokalit po celém světě, aby prozkoumali křehký stav našich oceánů, odkryli alarmující pravdu o znečištění plasty a přišli s řešeními, která mohou pomoct již dnes. (Zlín Film Festival);;oceán, znečištění;Craig Leeson;David Attenborough, Sylvia Earle, Craig Leeson, Tanya Streeter, Jo Ruxton;https://apps.apple.com/cz/app/id6755365206<br>https://play.google.com/store/apps/details?id=cz.csfd.csfdroid<br>;;;
451561;Tanečník;2016;86.0941475826972;85.0;https://image.pmgstatic.com/cache/resized/w420/files/images/film/posters/161/754/161754836_5f4635.jpg;https://www.csfd.cz/film/451561-tanecnik/;Velká Británie / USA / Rusko / Ukrajina;Dokumentární / Taneční / Životopisný;Dancer;"Obdařen ohromnou vytrvalostí a zanícením, Sergej Polunin vzal taneční svět útokem a stal se historicky nejmladším sólistou Královského baletu v Londýně. V pětadvaceti letech, na vrcholu kariéry, však odešel a rozhodl se tanec zcela opustit. Původem ukrajinský ""rebel baletu"" Sergej Polunin se ve svých devatenácti letech stal historicky nejmladším sólistou Královského baletu v Londýně. O dva roky později, na vrcholu kariéry, se však rozhodl z baletu odejít a nakonec opustil taneční svět úplně. Dokumentární snímek režiséra Stevena Cantora sleduje život tohoto osobitého umělce, od jeho marnotratných začátků na Ukrajině přes strhující výkony ve Velké Británii, Rusku a nakonec i ve Spojených státech, kde ho David LaChapelle natočil při tanci na Hozierovu skladbu ""Take Me to Church"" a video se okamžitě stalo hitem internetu. Film ale kromě oslavy Poluninova ryzího talentu a nespoutaných ambicí přemítá také o tom, že bohatství a úspěch možná k nalezení osobní a profesní identity nestačí. (HBO Europe)";10.03.2017 Dogwoof Pictures;mládež, vzpomínky, tanec, divadelní prostředí, balet;Steven Cantor;Sergej Polunin, Jade Hale-Christofi, Valentino Zucchetti, Igor Zelensky, David LaChapelle, Monica Mason, Tony Hall;http://www.hbo.eu<br>http://www.hbo.eu<br>https://apps.apple.com/cz/app/id6755365206<br>https://play.google.com/store/apps/details?id=cz.csfd.csfdroid<br>;British Independent Film Awards (BIFA) (1x)<br>;Warsaw International Film Festival (1x)<br>;
252313;Ve znamení Kon-Tiki;1950;88.42406876790831;77.0;https://image.pmgstatic.com/cache/resized/w420/files/images/film/posters/164/390/164390083_cab3b1.jpg;https://www.csfd.cz/film/252313-ve-znameni-kon-tiki/;Norsko / Švédsko;Dokumentární;Kon-Tiki;V roce 1947 podnikl norský vědec Thor Heyerdahl s pěti společníky dobrodružnou cestu přes Pacifický oceán do Francouzské Polynésie, aby prokázal svoji teorii o osidlování ostrovů. Autentické záběry 16mm kamery z průběhu plavby ve voiceoveru doplňuje s nadhledem podané vyprávění o každodenní rutině na starověkém voru. (MFDF Ji.hlava);13.02.1950 Syncron-film;;Olle Nordemar, Thor Heyerdahl;Thor Heyerdahl, Bengt Danielsson, Knut Haugland, Erik Hesselberg, Torstein Raaby, Herman Watzinger;https://apps.apple.com/cz/app/id6755365206<br>https://play.google.com/store/apps/details?id=cz.csfd.csfdroid<br>;British Academy of Film and Television Arts (BAFTA) (1x)<br>;Academy Awards (1x)<br>;
118264;Pozemšťané;2005;85.81560283687944;96.0;https://image.pmgstatic.com/cache/resized/w420/files/images/film/posters/000/034/34946_65ceaa.jpg;https://www.csfd.cz/film/118264-pozemstane/;USA;Dokumentární;Earthlings;Dokument americké ekologické organizace Nation Earth se snaží ukázat brutalitu, kterou lidé páchají na zvířatech, aby dohnal diváky k přehodnocení svého životního stylu. Je rozdělen na několik částí: domácí mazlíčci (odchyt a utracení zdivočelých psů), jídlo (mučení a porážka dobytka na jatkách), oblečení (zabíjení zvířat pro kožešinu), zábava (kruté životní podmínky zvířat v cirkusech, smrt v rodeech a v korridě). Film je vlastně komentovanou sérií jednotlivých záběrů, z nichž většina je údajně pořízena skrytou kamerou na skutečných jatkách a podobných místech a nebyla doposud nikde uveřejněna. (gjjm);;zvířata, environmentalismus, pokusy na zvířatech, masný průmysl, cirkus, rybolov, veganství, kožešinový průmysl;Shaun Monson, Libra Max;Joaquin Phoenix, Persia White;https://apps.apple.com/cz/app/id6755365206<br>https://play.google.com/store/apps/details?id=cz.csfd.csfdroid<br>;;;
764858;Colectiv;2019;86.39252336448598;109.0;https://image.pmgstatic.com/cache/resized/w420/files/images/film/posters/164/433/164433983_3a62af.jpg;https://www.csfd.cz/film/764858-colectiv/;Rumunsko / Lucembursko;Dokumentární;Kolektiv(festivalový název);V roce 2015 si požár v bukurešťském klubu Colectiv vyžádal 27 mrtvých a 180 zraněných. Záhy na to začnou v nemocnicích umírat další popálené oběti na zranění, která nebyla považována za život ohrožující. Poté dá jeden z lékařů echo týmu investigativních novinářů. Jedno odhalení střídá druhé, když začnou novináři odkrývat obrovské podvody v rumunském systému zdravotní péče. Nový ministr zdravotnictví po svém jmenování nechává nahlédnout pod pokličku nejen svého úsilí o reformu zkorumpovaného systému, ale také překážek, jimž je nucen čelit. Dokument Collective, který sleduje novináře, informátory, oběti požáru i vládní úředníky, nabízí nekompromisní pohled na vliv investigativní žurnalistiky v té nejlepší podobě. (HBO Europe);;politika, mafie, novináři, korupce, žurnalistika;Alexander Nanau;;https://www.hbomax.com/cz/en/movies/collective/50af3992-b37c-4db1-856e-fb47eabf84ab<br>http://www.hbo.eu<br>http://www.hbo.eu<br>https://www.hbomax.com/cz/en/movies/collective/50af3992-b37c-4db1-856e-fb47eabf84ab<br>https://apps.apple.com/cz/app/id6755365206<br>https://play.google.com/store/apps/details?id=cz.csfd.csfdroid<br>;Academy Awards (2x)<br>Independent Spirit Awards (1x)<br>British Academy of Film and Television Arts (BAFTA) (1x)<br>Critics Choice Awards (1x)<br>Los Angeles Film Critics Association Awards (1x)<br>;European Film Awards (2x)<br>Zurich Film Festival (1x)<br>;
83439;Woodstock;1970;85.65613026819923;184.0;https://image.pmgstatic.com/cache/resized/w420/files/images/film/posters/162/403/162403158_a886ba.jpg;https://www.csfd.cz/film/83439-woodstock/;USA;Dokumentární / Hudební;Woodstock;Film, který v roce 1970 získal Oscara jako nejlepší dokument, brilantně přibližuje jedinečný masový prožitek dnes již legendárního rockového festivalu a skvělé výkony účinkujících (Cocker, Sly Stone, Ten Years After, The Who a další).;26.03.1970 Warner Bros. US;20. století, hudba, drogy, New York, zpěv, léto, kapela, zpěvačka, koncert, nahota, rock, období 1960-1970, zpěvák, svoboda, rock 'n' roll, hippies, festival, kytara, bicí, elektrická kytara, hudební festival, Woodstock, kultura, mír, cinéma-vérité, mikrofon;Michael Wadleigh;Joan Baez, Roger Daltrey, Arlo Guthrie, Janis Joplin, Jerry Garcia, Carlos Santana, Jimi Hendrix, Joe Cocker, Pete Townshend, Keith Moon;https://srv.clickfuse.com/ads/adclkr.php?id=100006636&url=https://tv.apple.com/cz/movie/woodstock-three-days-of-peace--music/umc.cmc.35wfh9ep86bo6l3ty9vk08gif<br>https://www.youtube.com/watch?v=KMQ_heYx6dM<br>https://srv.clickfuse.com/ads/adclkr.php?id=100006636&url=https://tv.apple.com/cz/movie/woodstock-three-days-of-peace--music/umc.cmc.35wfh9ep86bo6l3ty9vk08gif<br>https://www.youtube.com/watch?v=KMQ_heYx6dM<br>https://apps.apple.com/cz/app/id6755365206<br>https://play.google.com/store/apps/details?id=cz.csfd.csfdroid<br>;Academy Awards (2x)<br>;Academy Awards (1x)<br>;
230539;Bhután - Hledání štěstí;2008;86.90647482014388;33.0;https://image.pmgstatic.com/cache/resized/w420/files/images/film/posters/000/052/52810_59136e.jpg;https://www.csfd.cz/film/230539-bhutan-hledani-stesti/;Slovensko;Dokumentární / Krátkometrážní;Bhután - Hľadanie šťastia;Hovorí sa, že na Bhután zabudli ľudia, ale nikdy nie bohovia. Starodávne horské kráľovstvo učupené medzi indickým Assámom a čínskym Tibetom domorodci nazývajú po svojom - Zem hrmiaceho draka. Putovanie zabudnutou krajinou, v ktorej ľudia uctievajú všetko živé, je rozprávaním o šťastí. Vnútorný pokoj tu je cennejší, než zhon za matériou sveta a harmónia s prírodou sú všetkému nadradené princípy. Dobrý kráľ sa stará o blaho poddaných. Namiesto hrubého domáceho produktu presadzuje hrubé domáce šťastie. Je to akoby rozprávkový svet. Malé himalájske kráľovstvo si totiž v krehkom ponímaní šťastia zvolilo zvláštnu cestu. Možno, že správnu. Zatiaľ...;15.09.2010 Outdoor Films;expedice, Himálaj;Pavol Barabáš;Marek Ťapák, Matej Landl;https://apps.apple.com/cz/app/id6755365206<br>https://play.google.com/store/apps/details?id=cz.csfd.csfdroid<br>;;;
320108;Pink Floyd: The Story of Wish You Were Here;2012;87.48;;https://image.pmgstatic.com/cache/resized/w420/files/images/film/posters/161/625/161625742_fa2080.jpg;https://www.csfd.cz/film/320108-pink-floyd-the-story-of-wish-you-were-here/;Velká Británie;Dokumentární / Hudební;;V roce 1975 fenomenální rocková skupina Pink Floyd natáčela album Wish You Were Here. Vznik nebyl vůbec jednoduchý, protože členové skupiny chtěli, aby byl výsledek srovnatelný s předchozím albem The Dark Side of The Moon, které dodnes láme rekordy. Značná část alba je věnována zakladateli skupiny Sydu Barrettovi, který po psychických problémech musel skupinu opustit. Nakoukneme do zákulisí nahrávání skladeb a tvorby dnes již kultovních motivů alba. Celý dokument je doprovázen komentáři členů Pink Floyd - Rogerem Watersem, Davidem Gilmourem, Nickem Masonem a Rickem Wrightem. (kobe6);;;John Edginton;Roger Waters, David Gilmour, Nick Mason, Peter Jenner, Storm Thorgerson, Nick Kent, Gerald Scarfe;https://srv.clickfuse.com/ads/adclkr.php?id=100006636&url=https://tv.apple.com/cz/movie/pink-floyd---the-story-of-wish-you-were-here/umc.cmc.25zwba5kfuvvksc4y2mj1l180<br>https://srv.clickfuse.com/ads/adclkr.php?id=100006636&url=https://tv.apple.com/cz/movie/pink-floyd---the-story-of-wish-you-were-here/umc.cmc.25zwba5kfuvvksc4y2mj1l180<br>https://apps.apple.com/cz/app/id6755365206<br>https://play.google.com/store/apps/details?id=cz.csfd.csfdroid<br>;;;
231379;The Sharp End;2007;88.41176470588235;64.0;https://image.pmgstatic.com/cache/resized/w420/files/images/film/posters/000/053/53328_99d341.jpg;https://www.csfd.cz/film/231379-the-sharp-end/;USA;Dokumentární / Sportovní;;Vítězný hodinový americký snímek The Sharp End (Ostrá hrana) získal hlavní cenu 26. ročníku mezinárodního horolezeckého filmového festivalu, který se konal v Teplicích nad Metují na Náchodsku. Porotci nejlepší snímek vybírali z 32 filmů od tvůrců ze 13 zemí. Snímek režisérů Petera Mortimera a Nicka Rosena byl natočen v různých lezeckých lokalitách po celém světě a pokouší se nalézt smysl lezení.;;cestování, hory, horolezci, sportovní lezení;Nick Rosen, Peter Mortimer;Dean Potter, Jonny Copp, Micah Dash;https://apps.apple.com/cz/app/id6755365206<br>https://play.google.com/store/apps/details?id=cz.csfd.csfdroid<br>;;;
62594;Až na vrchol;2015;86.01023017902813;133.0;https://image.pmgstatic.com/cache/resized/w420/files/images/film/posters/160/102/160102672_c51295.jpg;https://www.csfd.cz/film/62594-az-na-vrchol/;Velká Británie;Dokumentární / Sportovní;Hitting The Apex;Až na vrchol představuje příběh šesti bojovníků – šesti nejrychlejších motocyklových závodníků všech dob – a jejich osudů. Příběh o tom, co je v sázce, co lze vyhrát a ztratit, když se ženou za slávou rychlostí přesahující tři sta kilometrů v hodině.Brad Pitt v roli vypravěče popisuje intenzivní soupeření mezi jezdci, ale i další vazby, jako je přátelství a vzájemný respekt jako důkaz nejvyšší profesionality všech pilotů, kteří mají co do činění s kategorií MotoGP, královnou jednostopých závodů. Ponoříte se do fascinujícího konkurenčního boje, v němž se představí ikona motorsportu Valentino Rossi, Casey Stoner, Dani Pedrosa, Marco Simoncelli, jenž obětoval závodům to nejcennější – svůj vlastní život, a samozřejmě stoupající hvězda, španělský mladík Marc Marquez. (sterovsky);Na DVD od 02.09.2015 Bontonfilm;rivalita, souboje, motorky, závody;Mark Neale;Valentino Rossi, Brad Pitt, Dani Pedrosa;https://srv.clickfuse.com/ads/adclkr.php?id=100006636&url=https://tv.apple.com/cz/movie/hitting-the-apex/umc.cmc.4t02h90muyzvu18v9727sy0ee<br>https://www.youtube.com/watch?v=ViMY1WbkRUk<br>https://srv.clickfuse.com/ads/adclkr.php?id=100006636&url=https://tv.apple.com/cz/movie/hitting-the-apex/umc.cmc.4t02h90muyzvu18v9727sy0ee<br>https://www.youtube.com/watch?v=ViMY1WbkRUk<br>https://apps.apple.com/cz/app/id6755365206<br>https://play.google.com/store/apps/details?id=cz.csfd.csfdroid<br>;;;
257649;Oceány;2009;85.9875;100.0;https://image.pmgstatic.com/cache/resized/w420/files/images/film/posters/158/462/158462873_284f01.jpg;https://www.csfd.cz/film/257649-oceany/;Francie / Švýcarsko / Španělsko / USA / Spojené arabské emiráty;Dokumentární / Drama;Océans;Další z dokumentů, který nám umožní nahlédnout do nitra oceánu. Domova nejúžasnějších výtvorů přírody, jejich každodenního boje o přežití, ale i vzájemnou závislost na ostatních obyvatelích podmořského světa. Zároveň je nám také připomenuta lidská lhostejnost, která dělá z oceánu pomalu, ale jistě smetiště. (Krouťák);23.04.2010 Vértice Cine;moře, oceán, ekologie;Jacques Perrin, Jacques Cluzaud;Pierce Brosnan, Pedro Armendáriz Jr., Jacques Perrin;http://disney.go.com/disneynature/oceans/<br>https://apps.apple.com/cz/app/id6755365206<br>https://play.google.com/store/apps/details?id=cz.csfd.csfdroid<br>;César Awards (2x)<br>;César Awards (1x)<br>;
34363;Stanley Kubrick: Život v obrazech;2001;85.57413600891861;142.0;https://image.pmgstatic.com/cache/resized/w420/files/images/film/posters/158/083/158083499_eb471e.jpg;https://www.csfd.cz/film/34363-stanley-kubrick-zivot-v-obrazech/;USA;Dokumentární / Životopisný;Stanley Kubrick: Život s filmem;Celovečerní dokument Stanley Kubrick: Život s filmem (2001) je zatím nejobsáhlejším portrétem proslulého režiséra. Jeho režisérem a producentem byl Kubrickův švagr Jan Harlan, který měl samozřejmě přístup k jeho rozsáhlému archivu a také vlastní zkušenost z dlouholeté spolupráce. Stanley Kubrick (1928-1999) patří k nejvýše ceněným filmovým režisérům a svým dílem si vydobyl takovou míru tvůrčí svobody, o nichž se většině jeho kolegů mohlo jen zdát. Nad svými filmy uplatňoval důslednou kontrolu, včetně jejich reklamní kampaně a distribučního nasazení. Jako filmař proslul až obsesivním perfekcionismem (při němž neváhal jít daleko za rámec běžně dostupných technických prostředků) a mimořádným vizuálním cítěním. Většina z jeho třinácti celovečerních filmů znamenala ve své době událost, s napětím očekávanou nejen diváckou obcí, ale celou filmařskou komunitou. Harlanův dokument podrobně mapuje jeho život i dílo. Zachycuje nejen jeho tvorbu, již tu reprezentují podstatné úryvky z jeho filmů, ale také jeho pečlivě chráněné soukromí i neúnavnou práci při shromažďování materiálů na další (často nerealizované) projekty. Ve filmu vystupuje Kubrickova manželka Christiane (Harlanova sestra) a řada jeho spolupracovníků, herců i obdivovatelů (mj. Woody Allen, Arthur C. Clarke, Paul Mazursky, Malcolm McDowell, Jack Nicholson, Sydney Pollack, Martin Scorsese, Steven Spielberg). Původní komentář namluvil hlavní představitel jeho posledního snímku Eyes Wide Shut (1999), slavný herec Tom Cruise. Tento dokument zahajuje přehlídku šesti Kubrickových filmů (2001: Vesmírná odysea, Mechanický pomeranč, Barry Lyndon, Osvícení, Olověná vesta, Eyes Wide Shut), jež ČT uvede v rámci pondělního Filmového klubu.;Na DVD od 08.10.2001 Warner Bros. CZ;;Jan Harlan;Stanley Kubrick, Tom Cruise, Brian Aldiss, Martin Short, Nicole Kidman, Richard Schickel, Shelley Duvall, Douglas Trumbull, Steven Spielberg, Martin Scorsese;https://srv.clickfuse.com/ads/adclkr.php?id=100006636&url=https://tv.apple.com/cz/movie/stanley-kubrick-a-life-in-pictures/umc.cmc.75b8wgfctj3bqjkx4vf8t64pb<br>https://srv.clickfuse.com/ads/adclkr.php?id=100006636&url=https://tv.apple.com/cz/movie/stanley-kubrick-a-life-in-pictures/umc.cmc.75b8wgfctj3bqjkx4vf8t64pb<br>https://apps.apple.com/cz/app/id6755365206<br>https://play.google.com/store/apps/details?id=cz.csfd.csfdroid<br>;The Saturn Awards (1x)<br>;The Saturn Awards (1x)<br>;
289416;Extraction Mode;2010;87.63636363636364;50.0;//static.pmgstatic.com/assets/images/050b5bad23b8eb0b4f88f971b8f6a168/empty-image.svg;https://www.csfd.cz/film/289416-extraction-mode/;USA;Dokumentární;'Inception': Extraction Mode;Dokument o natáčaní filmu Počátek. Christopher Nolan detailně zobrazuje natáčení, přípravu, rozhovory s účastněnými herci a některé nevydařené nebo nepoužité scény z filmu. (Kuzmik);;;;Christopher Nolan, Leonardo DiCaprio, Joseph Gordon-Levitt, Elliot Page, Tom Hardy, Ken Watanabe, Dileep Rao, Cillian Murphy, Tom Berenger, Marion Cotillard;http://www.youtube.com/watch?v=TxjnuDKkwOU&NR=1<br>https://apps.apple.com/cz/app/id6755365206<br>https://play.google.com/store/apps/details?id=cz.csfd.csfdroid<br>;;;
37440;Koyaanisqatsi: Život v nerovnováze;1982;85.48151332760104;86.0;https://image.pmgstatic.com/cache/resized/w420/files/images/film/posters/162/648/162648984_a07aaf.jpg;https://www.csfd.cz/film/37440-koyaanisqatsi-zivot-v-nerovnovaze/;USA;Dokumentární / Hudební;Koyaanisqatsi: Life Out of Balance;Skupina vysokých nehybných postav obrácených k postavě ještě vyšší, nesoucí na hlavě korunu. Jeskynní malby z Horseshoe Canyonu v Utahu jsou prvním i posledním tónem skladby, která diváka provede světem tak, jak ho vidí Godfrey Reggio. Majestátní věkovitost stalních útesů, zdánlivá nehybnost pouště i věčná dynamika mořských vln sugerují prapůvodní čistotu života, do níž náhle, po staletích pozvolného, takřka neměřitelného vývoje, vstupuje člověk, měnící svou energií podobu světa i rytmus plynutí času. Přináší technický pokrok, zrychluje, propadá se do anonymity, přivádí na svět úžasné vynálezy i ničivé prostředky nepředstavitelné síly, zamořuje životní prostředí a vede války. Reggio beze slov, jen prostřednictvím fascinujících obrazů a za doprovodu úchvatně minimalistické hudby Philipa Glasse poprvé komentuje vztah přirody a člověka, resp. destruktivní sílu lidského působení na naši planetu. (AČFK);Na Blu-ray od 27.03.2013 Magic Box;globalizace;Godfrey Reggio;;https://srv.clickfuse.com/ads/adclkr.php?id=100006636&url=https://tv.apple.com/cz/movie/koyaanisqatsi/umc.cmc.70bfy8k8q2ckyumezpepo2bir<br>https://srv.clickfuse.com/ads/adclkr.php?id=100006636&url=https://tv.apple.com/cz/movie/koyaanisqatsi/umc.cmc.70bfy8k8q2ckyumezpepo2bir<br>https://apps.apple.com/cz/app/id6755365206<br>https://play.google.com/store/apps/details?id=cz.csfd.csfdroid<br>;Berlinale (Berlin International Film Festival) (1x)<br>;Los Angeles Film Critics Association Awards (1x)<br>Warsaw International Film Festival (1x)<br>;
193984;Sepultura: Third World Chaos;1995;92.41379310344827;;https://image.pmgstatic.com/cache/resized/w420/files/images/film/posters/000/043/43910_974cf6.jpg;https://www.csfd.cz/film/193984-sepultura-third-world-chaos/;USA;Dokumentární / Hudební;;Dokument s živým koncertem brazilské metalové legendy v čele s totemem jihoamerické extrémní hudby Maxem Cavalerou. (matestlust);;metal;Peter Christopherson, Thomas Mignone, Paul Rachman;Max Cavalera, Phil Anselmo, Manuel Alvarado, Vinnie Paul;https://apps.apple.com/cz/app/id6755365206<br>https://play.google.com/store/apps/details?id=cz.csfd.csfdroid<br>;;;
253612;The Doors: When You're Strange;2009;85.60416666666667;86.0;https://image.pmgstatic.com/cache/resized/w420/files/images/film/posters/170/657/170657687_0hz0gz.jpg;https://www.csfd.cz/film/253612-the-doors-when-you-re-strange/;USA;Dokumentární / Hudební / Historický / Životopisný;The Doors: When You're Strange;První celovečerní dokumentární film o sku-pině The Doors napsal a režíroval Tom DiCillo a komentář namluvil Johnny Depp. Tvůrci v něm odkrývají dosud nezveřejněné záběry proslulé čtyřčlenné rockové kapely. Snímek staví na záběrech natočených v letech 1966 - 1971, tedy od vzniku kapely až do smrti Jima Morrisona. Zobrazuje kým skupina The Doors byla a čím se stala. DiCillo nahlíží do světa slávy, drog a alko-holu, jenž jsou s kapelou spojovány, zaměřuje se ale zároveň na její oddanost rockové hudbě. Vedle výstřelků Jima Morrisona je to také příběh Raye Manzareka, Robbyho Kriegera a Johna Densmora – muzikantů, jejichž důraz na uměleckou svobodu a odmítání kompromisu inspiroval nejednu generaci. Raye Manzare-ka a Robbyho Kriegera, dva ze zakladatelů The Doors, můžete vidět již v červenci naživo: 13. vystoupí s doprovodnou kapelou v pražském Kongresovém centru a můžete se těšit na všechny známé hity The Doors.;09.04.2010 Abramorama Films;;Tom DiCillo;Johnny Depp, Jim Morrison, Ray Manzarek, John Densmore, Robby Krieger, Janis Joplin, John F. Kennedy, Robert F. Kennedy, Martin Luther King, Richard Nixon;https://apps.apple.com/cz/app/id6755365206<br>https://play.google.com/store/apps/details?id=cz.csfd.csfdroid<br>;Sundance Film Festival (1x)<br>;;
226382;Iron Maiden: Raising Hell;1993;89.19540229885058;113.0;https://image.pmgstatic.com/cache/resized/w420/files/images/film/posters/000/071/71661_1960d3.jpg;https://www.csfd.cz/film/226382-iron-maiden-raising-hell/;USA;Dokumentární / Hudební;;Záznam z koncertu Iron Maiden z 23. srpna 1993, natočen v Pinewood studios v Londýně. Záznam je i společným vystoupením Iron Maiden a kouzelníka Simona Drakea, na dvou samostatných podiích v pravidelných střídáních. Na konci celého koncertu je Bruce Dickinson zajmut a zabit Simonem Drakeem v mučícím nástroji železná panna. Bruce je nakonec pomstěn samotným Eddiem. (masw);;;;Bruce Dickinson, Dave Murray, Janick Gers, Nicko McBrain, Steve Harris, Juliet Cowan;https://apps.apple.com/cz/app/id6755365206<br>https://play.google.com/store/apps/details?id=cz.csfd.csfdroid<br>;;;
429003;Beatles: Perná léta;2016;85.78167855183763;106.0;https://image.pmgstatic.com/cache/resized/w420/files/images/film/posters/160/924/160924600_957503.jpg;https://www.csfd.cz/film/429003-beatles-perna-leta/;Velká Británie / USA;Dokumentární;The Beatles: Eight Days a Week - The Touring Years;Oscarový režisér Ron Howard (Apollo 13, Da Vinciho kód, Rivalové, Inferno) přinese na filmová plátna příběh kapely, která změnila svět - THE BEATLES. Tento jedinečný filmový projekt autenticky zachycuje období jejich koncertních let 1962-1966 z perspektivy samotných členů The Beatles. Film přinese exkluzivní rozhovory s členy skupiny a také doposud nezveřejněné záběry. (Mirius FD);15.09.2016 StudioCanal UK;muž, přátelství, přátelé, cestování, umění, hudba, putování, kolegové, kamarádi, sláva, hudebník, zpěv, muzikant, hudební skladatel, kapela, koncert, rock, celebrity, legenda, zpěvák, pop music, fanoušci, kytara, bicí, elektrická kytara;Ron Howard;The Beatles, Paul McCartney, Ringo Starr, John Lennon, George Harrison, George Martin, Whoopi Goldberg, Elvis Costello, Eddie Izzard, Sigourney Weaver;https://apps.apple.com/cz/app/id6755365206<br>https://play.google.com/store/apps/details?id=cz.csfd.csfdroid<br>;British Academy of Film and Television Arts (BAFTA) (1x)<br>;;
226385;Iron Maiden: 12 Wasted Years;1987;91.09826589595376;90.0;https://image.pmgstatic.com/cache/resized/w420/files/images/film/posters/000/071/71658_937356.jpg;https://www.csfd.cz/film/226385-iron-maiden-12-wasted-years/;USA;Dokumentární / Hudební;;Kolekce videoklipů od počátků Iron Maiden až po rok 1986. Obsahuje videoklipy: Women In Uniform, Wrathchild, Run to the Hills, The Number of the Beast, The Trooper, Flight of Icarus, Aces High, 2 Minutes to Midnight, Wasted Years aj. (masw);;;;Bruce Dickinson, Dave Murray, Adrian Smith, Nicko McBrain, Steve Harris;https://www.youtube.com/watch?v=9qbRHY1l0vc&ab_channel=IronMaiden<br>https://apps.apple.com/cz/app/id6755365206<br>https://play.google.com/store/apps/details?id=cz.csfd.csfdroid<br>;;;
226399;Led Zeppelin: The Song Remains the Same;1976;86.32558139534883;137.0;https://image.pmgstatic.com/cache/resized/w420/files/images/film/posters/166/245/166245740_667139.jpg;https://www.csfd.cz/film/226399-led-zeppelin-the-song-remains-the-same/;Velká Británie / USA;Dokumentární / Hudební;The Song Remains the Same;Hardrockoví LED ZEPPELIN, jejichž mix dráždivého blues a kousavého rocku je katapultoval do pověstného chrámu světové hudby, vás vezmou na strhující cestu. Tento film zachycuje legendární koncert kapely v Madison Square Garden roku 1973 včetně scén z jejich soukromí prolínajících se s jejich vynikajícím vystoupením. Syrový vokál Roberta Planta, riffy Jimmyho Page, rytmy basisty Johna Paula Jonese a bubeníka Johna Bonhama dávají dohromady jedinečnou hudbu – v klasických skladbách jako Stairway to Heaven, Dazed and Confused, Whole Lotta Love a mnoho dalších. Nikdo nejde dál než Zeppelini!;20.10.1976 Warner Bros. US;;Peter Clifton, Joe Massot;Robert Plant, Jimmy Page, John Bonham, John Paul Jones, Jason Bonham;https://apps.apple.com/cz/app/id6755365206<br>https://play.google.com/store/apps/details?id=cz.csfd.csfdroid<br>;;;
174243;The Making of Meteora;2003;92.0;32.0;https://image.pmgstatic.com/cache/resized/w420/files/images/film/posters/000/471/471324_e21b58.jpg;https://www.csfd.cz/film/174243-the-making-of-meteora/;USA;Dokumentární / Hudební / Krátkometrážní;The Making of 'Meteora';Dokument zachycuje tvorbu druhého studiového alba kapely Linkin Park. Od zkoušení a nahrávání prvních dem až po tvoření artů k obalu. THE MAKING OF METEORA vyšlo pouze na bonusovém DVD u speciální edice alba. (Suzie05);;;Bill Berg-Hillinger;Chester Bennington, Rob Bourdon, Brad Delson, Joseph Hahn, Dave Farrell, Mike Shinoda;http://www.youtube.com/watch?v=bWiIq5FSglI<br>https://apps.apple.com/cz/app/id6755365206<br>https://play.google.com/store/apps/details?id=cz.csfd.csfdroid<br>;;;
317933;Slavná alba: Black Sabbath - Paranoid;2010;91.17647058823529;55.0;https://image.pmgstatic.com/cache/resized/w420/files/images/film/posters/165/361/165361605_23845f.jpg;https://www.csfd.cz/film/317933-slavna-alba-black-sabbath-paranoid/;Velká Británie;Dokumentární / Hudební;Classic Albums: Black Sabbath - Paranoid;"Příběh alba, které pomohlo k nástupu heavy metalu na hudební scénu... Druhé album kapely Black Sabbath, vydané v roce 1970, patří mezi ikonická díla hudební historie. Deska ""Paranoid"" měnila tvář rockové hudby a také pomohla definovat zvuk a styl nového směru – heavy metalu. Hudební výsledek je dílem osobnostní chemie, která vznikla mezi čtyřmi anglickými hudebníky a nasměrovala Black Sabbath na cestu za celosvětovou slávou. A to i navzdory kontroverzním tématům jejich písní, která přinášela ostrou kritiku. Dokument pomocí hudebních ukázek a archivních záběrů odhaluje vznik a nahrávání tohoto pozoruhodného a průkopnického díla. Nedílnou součástí jsou i exkluzivní rozhovory s členy kapely. Své vzpomínky odhalují Ozzy Osbourne, Tony Iommi, Geezer Butler a Bill Ward. (Česká televize)";;;Matthew Longfellow;Ozzy Osbourne, Bill Ward, Geezer Butler, Tony Iommi;https://srv.clickfuse.com/ads/adclkr.php?id=100006636&url=https://tv.apple.com/cz/movie/black-sabbath---paranoid/umc.cmc.6edyapdrqmyo7cxyvomh81cpa<br>http://www.ceskatelevize.cz<br>http://www.ceskatelevize.cz<br>https://srv.clickfuse.com/ads/adclkr.php?id=100006636&url=https://tv.apple.com/cz/movie/black-sabbath---paranoid/umc.cmc.6edyapdrqmyo7cxyvomh81cpa<br>https://apps.apple.com/cz/app/id6755365206<br>https://play.google.com/store/apps/details?id=cz.csfd.csfdroid<br>;;;
351608;Zlatý věk formule 1;2013;85.79529737206086;111.0;https://image.pmgstatic.com/cache/resized/w420/files/images/film/posters/161/149/161149913_7f53d2.jpg;https://www.csfd.cz/film/351608-zlaty-vek-formule-1/;USA;Dokumentární;1;Cirkus řvoucích motorů a vůně benzínu dodnes přitahuje milióny příznivců. Nebylo tomu jinak ani ve zlatém věku Formule 1, kdy největší a nejslavnější závodníci byli zahrnuti takovou přízní a poctami, že se prakticky vyrovnali nejoblíbenějším rockovým hvězdám. Náš film s pomocí málokdy promítaných archívních záběrů přenese diváky do této průkopnické minulosti, o které nám povypráví nejen Bernie Ecclestone a Max Mosley, ale také dvanáct, ano, čtete dobře, dvanáct někdejších světových šampionů. (TV Spektrum);;závody, Formule 1;Paul Crowder;Michael Fassbender, Michael Schumacher, Niki Lauda, Nigel Mansell, Lewis Hamilton, Sid Watkins, Emerson Fittipaldi, Bernie Ecclestone, James Hunt;https://apps.apple.com/cz/app/id6755365206<br>https://play.google.com/store/apps/details?id=cz.csfd.csfdroid<br>;;;
447538;Nick Cave: One More Time with Feeling;2016;86.50837988826815;112.0;https://image.pmgstatic.com/cache/resized/w420/files/images/film/posters/161/029/161029935_816cdd.jpg;https://www.csfd.cz/film/447538-nick-cave-one-more-time-with-feeling/;Velká Británie / Francie;Dokumentární / Hudební;One More Time with Feeling;Kapela Nick Cave & the Bad Seeds charizmatického australského zpěváka vydá 9. září 2016 netrpělivě očekávané album Skeleton Tree. Fanouškům se ho chystá poprvé představit netradičním způsobem ještě v předvečer oficiálního vydání – jednorázovou celosvětovou projekcí filmu Nick Cave: One More Time With Feeling. Snímek je nejen detailním ‚making of' zaznamenávajícím vznik desky, ale také hlubokou osobní zpovědí Nicka Cavea, kterého v létě 2015 zasáhla tragická smrt jeho 15letého syna. Výsledkem je ‚drsný, syrový a křehký' hudební dokument, v němž zazní všech osm nových skladeb v pořadí již 16. studiového alba kapely. Hudba je protkaná rozhovory, zákulisními záběry i Caveovým vyprávěním a nahodilými myšlenkami. (Aerofilms);02.09.2016 Picturehouse Entertainment;černobílý film, syn, hudebník, deprese;Andrew Dominik;Nick Cave, Warren Ellis, Nick Cave & The Bad Seeds, Jim Sclavunos;https://srv.clickfuse.com/ads/adclkr.php?id=100006636&url=https://tv.apple.com/cz/movie/one-more-time-with-feeling/umc.cmc.6ci810ik7scl9if22kmpaf5v2<br>https://srv.clickfuse.com/ads/adclkr.php?id=100006636&url=https://tv.apple.com/cz/movie/one-more-time-with-feeling/umc.cmc.6ci810ik7scl9if22kmpaf5v2<br>https://apps.apple.com/cz/app/id6755365206<br>https://play.google.com/store/apps/details?id=cz.csfd.csfdroid<br>;;;
35427;Mikrokosmos;1996;85.26294579891194;80.0;https://image.pmgstatic.com/cache/resized/w420/files/images/film/posters/162/221/162221195_d69a51.jpg;https://www.csfd.cz/film/35427-mikrokosmos/;Francie / Švýcarsko / Itálie;Dokumentární;Microcosmos : Le peuple de l'herbe;Čeká Vás 87 minut na neznámé planetě, objevované v centimetrových rozměrech... Jejími obyvateli jsou fascinující stvoření z říše hmyzu i jiní živočichové, žijící v neproniknutelných pralesech trav, kde jsou kapičky vody veliké jako domy. Objevte zcela neznámý svět jedné louky během letního dne, od časného rána, po celou noc až po úsvit nového dne. Zalití zvláštním světlem, obklopeni neznámými zvuky, vstoupíte do paralelního světa, ovládaného odlišnými fyzikálními zákony. Vejděte do Microcosmu...;Na DVD od 29.04.2008 DVD Hit;hmyz, rostliny, pavouci, mravenci;Marie Pérennou, Claude Nuridsany;Jacques Perrin, Kristin Scott Thomas;/uzivatel/419004-maryanapple/oblibene/<br>https://apps.apple.com/cz/app/id6755365206<br>https://play.google.com/store/apps/details?id=cz.csfd.csfdroid<br>;César Awards (2x)<br>;César Awards (4x)<br>;
36434;Baraka - Odysea země;1992;85.20567998828868;96.0;https://image.pmgstatic.com/cache/resized/w420/files/images/film/posters/000/022/22130_bbf143.jpg;https://www.csfd.cz/film/36434-baraka-odysea-zeme/;USA;Dokumentární;Baraka;"Umělecky laděný ""dokument z cest"" a současně osobitou meditaci nad životem všech obyvatel naší planety natočil kameraman, scenárista a režisér Ron Fricke, který se podílel také na vzniku slavného dokumentárního snímku Koyaanisqatsi. Stejně jako jeho tvůrce Godfrey Reggio, vybral si i Fricke pro název svého filmu slovo z jazyka přírodního národa: baraka znamená v nářečí kmene štěstí, vůni, dech, ale i ""esenci života, z níž pramení evoluční vývoj"". Filmové záběry zachycují tvář Země v její neobyčejné různorodosti. Po počátečních scénách opic u horských pramenů, přes náboženské obřady, lidské konání i nedotčenou přírodu v různých koutech světa. Jaksi mimochodem se vedle sebe objevují starobylé chrámy v Kambodži, jihoameričtí indiáni, zatmění Slunce, činná sopka, skalní útvary v Utahu, australští domorodci, mračna valící se přes pohoří, rituální omývání Indů na břehu Gangy i spalování mrtvých, zvyky a slavnostní tance Masajů v Africe, ptačí hejna v letu nad jezery, leguáni na Galapágách, mořský příboj. Ve velkolepém příběhu obrazů vystupují i egyptské pyramidy a nacistické koncentrační tábory v Polsku. Nakonec přichází kriticky laděný pohled na zautomatizovanou západní civilizaci: anonymní ""řeka"" aut a lidí na amerických ulicích a v japonském metru je srovnávána s pohybem a tříděním kuřat na dopravních pásech v drůbežárně. Výtvarně dokonalému obrazu pomáhá spoluvytvářet atmosféru hudba, na níž se podíleli Brendan Perry, Michael Stearns a Lisa Gerrardová.";19.11.1993 Samuel Goldwyn Films US;divočina, náboženství, indiáni, opice, architektura;Ron Fricke;;https://apps.apple.com/cz/app/id6755365206<br>https://play.google.com/store/apps/details?id=cz.csfd.csfdroid<br>;;Montreal World Film Festival (1x)<br>;
353837;38;2014;85.30883919062833;87.0;https://image.pmgstatic.com/cache/resized/w420/files/images/film/posters/158/608/158608533_262f81.jpg;https://www.csfd.cz/film/353837-38/;Slovensko;Dokumentární / Životopisný;38 - Filmová pocta hokejovej legende;Jedinečný filmový projekt mapuje život slovenské hokejové legendy, Pavola Demitry, který zahynul 7. září 2011 spolu s dalšími hokejovými reprezentanty při havárii letadla na trase z Jaroslavle do Minsku. Film poodhaluje důležité momenty z Demitrovy kariéry včetně exkluzivních materiálů z NHL. (Finále Plzeň);11.09.2014 Itafilm;smrt, hokej, NHL;Lukáš Zednikovič, Dano Dangl;Pavol Demitra, Mária Demitrová, Pavel Demitra, Monika Belicová, Adriana Jakubeková, Peter Havier, Viliam Ružička, Branislav Lonc, Peter Lonc, Miloš Milistenfer;https://apps.apple.com/cz/app/id6755365206<br>https://play.google.com/store/apps/details?id=cz.csfd.csfdroid<br>;;;
1052215;Ennio;2021;88.3225806451613;156.0;https://image.pmgstatic.com/cache/resized/w420/files/images/film/posters/166/673/166673898_7f6569.png;https://www.csfd.cz/film/1052215-ennio/;Itálie / Belgie / Nizozemsko / Japonsko;Dokumentární / Životopisný / Hudební;Ennio;Oscarový režisér Giuseppe Tornatore (Bio Ráj, Nejvyšší nabídka) přináší filmovou poctu svému příteli a legendárnímu skladateli filmové hudby Enniu Morriconemu. Celovečerní dokument obsahuje rozhovory se slavnými režiséry a hudebníky, se kterými Morricone spolupracoval a které svou tvorbou ovlivnil (Quentin Tarantino, Hans Zimmer, John Williams, Clint Eastwood, Oliver Stone a další). Přináší také unikátní pohled na jeho život skrze dosud nezveřejněné archivní záběry a nechybí ani ukázky ze slavných koncertů a filmů, které Ennia Morriconeho navždy zapsaly výrazným písmem do historie kinematografie. (Pannonia Ent.);17.02.2022 Luce Cinecitta;muž, vzpomínky, umění, hudba, sláva, filmařské zákulisí, hudební skladatel, legenda, Hollywood;Giuseppe Tornatore;Ennio Morricone, Quentin Tarantino, Clint Eastwood, Oliver Stone, Barry Levinson, Kar-wai Wong, Hans Zimmer, John Williams, Dario Argento, Bernardo Bertolucci;https://apps.apple.com/cz/app/id6755365206<br>https://play.google.com/store/apps/details?id=cz.csfd.csfdroid<br>;;Polish Film Awards (1x)<br>;
92747;The Beatles at Shea Stadium;1965;91.61290322580645;48.0;https://image.pmgstatic.com/cache/resized/w420/files/images/film/posters/158/052/158052875_cecde8.jpg;https://www.csfd.cz/film/92747-the-beatles-at-shea-stadium/;Velká Británie;Dokumentární / Hudební;;Legendární vystoupení skupiny Beatles na Shea Stadium.Seznam skladeb: 1. ED SULLIVAN INTRO 2. TWIST AND SHOUT 3. I FEEL FINE 4. DIZZY MISS LIZZY 5. TICKET TO RIDE 6. ACT NATURALLY 7. BABY'S IN BLACK 8. A HARD DAYS NIGHT 9. HELP 10. I'M DOWN (poz3n);;;;Ringo Starr, John Lennon, George Harrison, Paul McCartney, Brian Epstein, Mal Evans, Murray the 'K';http://www.youtube.com/user/beatles19621#p/search/1/vQtw3uNpaIk<br>https://apps.apple.com/cz/app/id6755365206<br>https://play.google.com/store/apps/details?id=cz.csfd.csfdroid<br>;;;
300130;Pearl Jam Twenty;2011;86.27756160830091;120.0;https://image.pmgstatic.com/cache/resized/w420/files/images/film/posters/159/933/159933125_e12210.jpg;https://www.csfd.cz/film/300130-pearl-jam-twenty/;USA;Dokumentární / Hudební;;Dokument o skupině Pearl Jam zachycuje roky, které vedly ke vzniku kapely, roky šílenství, které nastalo brzy po dosažení hvězdné slávy a následnému stažení ze světel showbyznisu. Film byl sestříhán z více než 1200 hodin málo známých záznamů kapely. Je to definitivní portrét Pearl Jam: částečně koncert, částečně intimní pohled do zákulisí a také svědectví o síle hudby a nepoddajných umělcích. (Vzorin);21.10.2011 Abramorama Films;;Cameron Crowe;Cameron Crowe, Eddie Vedder, Stone Gossard, Jeff Ament, Mike McCready, Dave Abbruzzese, Johnny Ramone, Marvin Gaye, Pat Smear, John Entwistle;https://srv.clickfuse.com/ads/adclkr.php?id=100006636&url=https://tv.apple.com/cz/movie/pearl-jam-twenty/umc.cmc.9lxj0mblef0sgems0108x6qy<br>https://srv.clickfuse.com/ads/adclkr.php?id=100006636&url=https://tv.apple.com/cz/movie/pearl-jam-twenty/umc.cmc.9lxj0mblef0sgems0108x6qy<br>https://apps.apple.com/cz/app/id6755365206<br>https://play.google.com/store/apps/details?id=cz.csfd.csfdroid<br>;Toronto International Film Festival (1x)<br>Miami Film Festival (1x)<br>;;
992733;Sir Alex Ferguson: Nikdy se nevzdej;2021;86.93069306930693;130.0;https://image.pmgstatic.com/cache/resized/w420/files/images/film/posters/165/366/165366583_5a26e0.jpg;https://www.csfd.cz/film/992733-sir-alex-ferguson-nikdy-se-nevzdej/;Velká Británie;Dokumentární / Životopisný;Sir Alex Ferguson: Never Give In;Dokument zachycuje osobní i profesní život jednoho z nejlepších manažerů a trenérů fotbalové historie, Sira Alexe Fergusona. Film režírovaný Fergusonovým synem Jasonem vyzdvihuje některé z nejdůležitějších a nejúspěšnějších okamžiků jeho šestadvacetiletého působení v čele klubu Manchester United. (HBO Max);27.05.2021;fotbal, trenér, Manchester United;Jason Ferguson;Alex Ferguson;https://www.hbomax.com/cz/en/movies/sir-alex-ferguson-never-give-in/30b40fab-e712-452a-a7a5-924c57d16d24<br>https://srv.clickfuse.com/ads/adclkr.php?id=100006636&url=https://tv.apple.com/cz/movie/sir-alex-ferguson-never-give-in/umc.cmc.3x58h8fx6e56jnhswmf3g9f1m<br>https://www.youtube.com/watch?v=GKdgjyBUE4E<br>https://www.hbomax.com<br>https://www.hbomax.com/cz/en/movies/sir-alex-ferguson-never-give-in/30b40fab-e712-452a-a7a5-924c57d16d24<br>https://srv.clickfuse.com/ads/adclkr.php?id=100006636&url=https://tv.apple.com/cz/movie/sir-alex-ferguson-never-give-in/umc.cmc.3x58h8fx6e56jnhswmf3g9f1m<br>https://www.youtube.com/watch?v=GKdgjyBUE4E<br>https://apps.apple.com/cz/app/id6755365206<br>https://play.google.com/store/apps/details?id=cz.csfd.csfdroid<br>;;;
201876;Tajuplné Mamberamo;2000;85.84249084249085;67.0;https://image.pmgstatic.com/cache/resized/w420/files/images/film/posters/000/044/44938_5f8ce6.jpg;https://www.csfd.cz/film/201876-tajuplne-mamberamo/;Slovensko;Dokumentární / Dobrodružný;Tajomné Mamberamo;Víra, že to dokážou, je silnější než džungle, malárie i oni sami. (Ekofilm);Na DVD od 05.11.2004 Intersonic;nemoc, džungle, domorodé kmeny, řeka, expedice;Pavol Barabáš;Jindřich Martiš, Ladislav Gulik;https://apps.apple.com/cz/app/id6755365206<br>https://play.google.com/store/apps/details?id=cz.csfd.csfdroid<br>;;;Ladislav Gulik
257470;Iron Maiden: Flight 666;2009;85.4040404040404;112.0;https://image.pmgstatic.com/cache/resized/w420/files/images/film/posters/170/921/170921839_v98zui.jpg;https://www.csfd.cz/film/257470-iron-maiden-flight-666/;USA;Dokumentární / Hudební;;"Dokument Flight 666 zachycuje heavy metalovou legendu IRON MAIDEN na první části jejího turné ""Somewhere Back in Time World Tour"" z počátku roku 2008. Speciálně upravený Boeing 757, nazvaný ""Ed Force One"", který převážel kapelu, realizační tým a 12 tun produkčního materiálu v rámci 23 koncertů na pěti kontinentech během 45 dní, pilotoval všestranně nadaný zpěvák kapely Bruce Dickinson. Dokument diváky zavede do zákulisí tohoto zcela výjimečného turné a mimo jiné také ukáže několik unikátních záběrů živých nahrávek kapely. (blitzer)";;;Sam Dunn, Scot McFadyen;Bruce Dickinson, Lars Ulrich, Tom Morello, Dave Murray, Janick Gers, Pat Cash, Adrian Smith, Nicko McBrain, Steve Harris, Doro Pesch;https://apps.apple.com/cz/app/id6755365206<br>https://play.google.com/store/apps/details?id=cz.csfd.csfdroid<br>;;;
720753;V síti;2020;84.930625377036;100.0;https://image.pmgstatic.com/cache/resized/w420/files/images/film/posters/164/165/164165563_08f404.jpg;https://www.csfd.cz/film/720753-v-siti/;Česko;Dokumentární;Caught in the Net;"3 herečky, 3 pokojíčky, 10 dní a 2458 potenciálních sexuálních predátorů. Radikální experiment otevírá tabuizované téma zneužívání dětí na internetu. Tři dospělé herečky s dětskými rysy se vydávají na sociální sítě, aby v přímém přenosu prožily zkušenost dvanáctiletých dívek online. Ve věrných kopiích dětských pokojů chatují a skypují s muži, kteří je na netu aktivně vyhledali a oslovili. Drtivá většina těchto mužů požaduje sex přes webkameru, posílá fotky svých penisů a odkazy na porno. Děti jsou dokonce vystaveny vydírání. Dokumentární film Barbory Chalupové a Víta Klusáka vypráví strhující drama tří hrdinek alias „dvanáctiletých dívek"", pro které se účast na experimentu, od castingu až po osobní schůzky s predátory pod dozorem ochranky, stává zásadní životní zkušeností. Predátorské taktiky se postupně obracejí proti svým strůjcům: Z lovců se stávají lovení. (Aerofilms)";Na DVD od 05.10.2020 Bontonfilm;žena režisérka, dívka, děti, mládež, manipulace, filmařské zákulisí, vydírání, nahota, experiment, sexuální obtěžování, režisér, internet, sexuální zneužívání, sociální síť, období 2010-2020, pedofilie, pokoj, masturbace;Barbora Chalupová, Vít Klusák;Sabina Dlouhá, Anežka Pithartová, Tereza Těžká, Vít Klusák, Barbora Chalupová, Jan Vlček, Barbora Potužníková, Michaela Petriláková, Kateřina Kroupová, Karolína Zachová;https://www.hbomax.com/cz/en/movies/caught-in-the-net/6d24611a-2f84-4929-9a5e-4a8929da1455<br>https://srv.clickfuse.com/ads/adclkr.php?id=100006636&url=https://tv.apple.com/cz/movie/caught-in-the-net/umc.cmc.4hhd71q0u2ff2vq4weoclirps<br>https://www.youtube.com/watch?v=G8GhDIQoVDk<br>https://www.hbomax.com/cz/en/movies/caught-in-the-net/6d24611a-2f84-4929-9a5e-4a8929da1455<br>https://srv.clickfuse.com/ads/adclkr.php?id=100006636&url=https://tv.apple.com/cz/movie/caught-in-the-net/umc.cmc.4hhd71q0u2ff2vq4weoclirps<br>https://www.youtube.com/watch?v=G8GhDIQoVDk<br>https://apps.apple.com/cz/app/id6755365206<br>https://play.google.com/store/apps/details?id=cz.csfd.csfdroid<br>;Český lev (1x)<br>Ceny české filmové kritiky (2x)<br>;Český lev (2x)<br>Ceny české filmové kritiky (1x)<br>;
293876;Foo Fighters: Back and Forth;2011;85.3012048192771;150.0;https://image.pmgstatic.com/cache/resized/w420/files/images/film/posters/000/393/393518_s0h76r.jpg;https://www.csfd.cz/film/293876-foo-fighters-back-and-forth/;USA;Dokumentární / Hudební;;"Dokument Foo Fighters: Back and Forth mapuje 16 let této kapely; od prvních písní, které složil Dave Grohl sám po tom, co skončila Nirvana, přes několik změn v kapele na postech bubeníka a kytaristy, procesy nahrávání všech alb, vyprodání Wembley až k přípravě posledního alba, které vznikalo v garáži domu Grohla. Skupina se postupně dopracovala na jednu z nejlepších rockových kapel současnosti, za kterou je právem označována. (Katka88)";;;James Moll;Dave Grohl, Krist Novoselic, Taylor Hawkins, Bob Mould;https://srv.clickfuse.com/ads/adclkr.php?id=100006636&url=https://tv.apple.com/cz/movie/foo-fighters-back-and-forth/umc.cmc.4eww3aninaxhf48zkz0dox76h<br>https://srv.clickfuse.com/ads/adclkr.php?id=100006636&url=https://tv.apple.com/cz/movie/foo-fighters-back-and-forth/umc.cmc.4eww3aninaxhf48zkz0dox76h<br>https://apps.apple.com/cz/app/id6755365206<br>https://play.google.com/store/apps/details?id=cz.csfd.csfdroid<br>;;;
722791;God of War: Raising Kratos;2019;87.33009708737865;115.0;https://image.pmgstatic.com/cache/resized/w420/files/images/film/posters/163/543/163543109_d2b29a.jpg;https://www.csfd.cz/film/722791-god-of-war-raising-kratos/;USA;Dokumentární;;Tento dokument prezentuje příběh o zrození jedné z nejúspěšnějších videoher pro konzole PlayStation 4 – „God of War“ z roku 2018, pokračování legendární série o válečníkovi ze starověké Sparty, jemuž v cestě za pomstou stály celé panteony bohů. Dokument však kromě samotného vývoje hry dává prostor také osobním zpovědím hlavních tvůrců a nahlíží pod pokličku soukromého života šéfa celého vývoje Coryho Balroga. (Myslivir);;;Brandon Akiaten;Cory Barlog, Christopher Judge, Danielle Bisutti, Sunny Suljic, Bear McCreary;https://apps.apple.com/cz/app/id6755365206<br>https://play.google.com/store/apps/details?id=cz.csfd.csfdroid<br>;;;
1296591;Nejhlubší nádech;2023;85.39112050739958;108.0;https://image.pmgstatic.com/cache/resized/w420/files/images/film/posters/167/658/167658346_0gsq9u.jpg;https://www.csfd.cz/film/1296591-nejhlubsi-nadech/;Velká Británie / Irsko / USA;Dokumentární;The Deepest Breath;Rekordmanka v potápění bez kyslíku a odvážný profesionální potápěč dají v sázku všechno, aby se zapsali do historie tohohle extrémního sportu, který je pro ně vším. (Netflix);14.07.2023 Netflix;smrt, žena režisérka, moře, soutěž, závody, potápění;Laura McGann;Alessia Zecchini;https://www.netflix.com/title/81630917<br>https://www.netflix.com/<br>https://www.netflix.com/title/81630917<br>https://www.csfd.cz/vod/netflix/<br>https://apps.apple.com/cz/app/id6755365206<br>https://play.google.com/store/apps/details?id=cz.csfd.csfdroid<br>;;;
338462;Hrana;2014;85.85221674876847;125.0;https://image.pmgstatic.com/cache/resized/w420/files/images/film/posters/158/353/158353065_75e486.jpg;https://www.csfd.cz/film/338462-hrana/;Slovensko;Dokumentární / Hudební;Hrana - 4 filmy o Marekovi Brezovskom;Svědectví o výjimečně talentovaném skladateli a muzikantovi, který ve dvaceti letech zemřel na předávkování heroinem, je rozčleněno do čtyř kapitol. V první (Hudba) hovoří o Markovi Brezovském (1974 – 1994) jeho kolegové a kamarádi. Ve druhé (Láska) přibližují jeho komplikovanou duši mladíkovy bývalé přítelkyně. Nejdrásavější kapitole Rodina dominují výpovědi Markových rodičů, kteří rekapitulují zhoubnou závislost svého syna a uvažují o jejím překonávání. Koláž o rozporuplné osobnosti prokládanou záznamy z koncertů Brezovského hudby dotváří černobílá animovaná hříčka v epilogu filmu. (Finále Plzeň);27.03.2014 Magic Box;drogy, hudební skladatel;Patrik Lančarič;Oskar Rózsa, Ali Brezovský, Marek Brezovský, Marek Minárik, Martin Valihora;https://apps.apple.com/cz/app/id6755365206<br>https://play.google.com/store/apps/details?id=cz.csfd.csfdroid<br>;;Slnko v sieti (1x)<br>;
293158;The Art of Flight;2011;85.05144240468024;80.0;https://image.pmgstatic.com/cache/resized/w420/files/images/film/posters/158/629/158629751_be3fe3.jpg;https://www.csfd.cz/film/293158-art-of-flight/;USA;Dokumentární / Sportovní / Dobrodružný;The Art of Flight 3D;Nová vlna akčních sportovních filmů začíná proudit do světa z Red Bull Media House. Tentokrát ve spoupráci s Brain Farm Digital představují Umění létat natočený pod taktovkou Curta Morgana, který stál i za projektem That's It, That's All. Během dvouletého natáčení snowboardisté jako Travis Rice, Nicolas Müller nebo Jeremy Jones (a další jejich kamarádi) objevovali zapomenté končiny vysokých hor, aby zde redefinovali možnosti snowboardingu. Za pozornost stojí jistě i přiléhavý soundtrack, sestávající z dokonale konvenujících hudebních počinů: Element L | Performed by Defrag Outro | M83 Before The Storm | Hendrickson/Dick/Harry Ghosts and Stuff (Nero Mix) | Deadmau5 Passion Victim | Oswin Macintosh No Way | The Naked and Famous Ash/Black Veil | Apparat Nowhere to Run | Klaus Badelt Sunday Seance (Loka Remix) | Blockhead Another Day | The Album Leaf Young Blood | The Naked and Famous Motional Rescue_Pulse | Mel Wesson Stark Light | Mel Wesson Sigur 6 (Untitled) | Sigur Ros Intro | M83 Iron Clad Lou | Hum Young Men Dead | The Black Angels My Tears are Becoming A Sea | M83 Westfall | Okkervil River Chapel Song | We Are Augustines (kikulin);;hory, snowboarding;Curt Morgan;Travis Rice, Scotty Lago, Jeremy Jones, Jack Mitrani;https://srv.clickfuse.com/ads/adclkr.php?id=100006636&url=https://tv.apple.com/cz/movie/the-art-of-flight---behind-the-scenes/umc.cmc.3lbybv02duhb03ay9yzlht5c1<br>https://srv.clickfuse.com/ads/adclkr.php?id=100006636&url=https://tv.apple.com/cz/movie/the-art-of-flight---behind-the-scenes/umc.cmc.3lbybv02duhb03ay9yzlht5c1<br>https://apps.apple.com/cz/app/id6755365206<br>https://play.google.com/store/apps/details?id=cz.csfd.csfdroid<br>;;;
99416;Muž s kinoaparátem;1929;85.12762973352034;68.0;https://image.pmgstatic.com/cache/resized/w420/files/images/film/posters/167/078/167078251_ff84e5.jpg;https://www.csfd.cz/film/99416-muz-s-kinoaparatem/;Sovětský svaz;Experimentální / Dokumentární;Čelověk s kinoapparatom;Na začátku filmu Muž s kinoaparátem vyleze kameraman z „hlavy“ kamery. Film pak diváka vezme na humornou, kaleidoskopickou projížďku po sovětských městech a zároveň ukazuje paralely mezi filmařem a dělníkem v továrně a odhaluje proces vzniku filmu. V jednu chvíli nám Vertov představí muže jedoucího na motorce a pak nám překvapivě ukáže záběry kameramana, který motorku natáčí, a následně záběry střihače, který tyto záběry stříhá. Film, který je zčásti dokumentem a zčásti filmovým uměním, sleduje město v Sovětském svazu 20. let 20. stoletní v průběhu celého dne, od rána do večera. Film režírovaný Dzigou Vertovem, s řadou složitých a novátorských kamerových záběrů, zachycuje scény běžného každodenního života v Rusku. Vertov oslavuje modernost města s jeho rozlehlými budovami, hustým osídlením a rušným průmyslem. Ačkoli ve filmu nejsou žádné titulky ani vyprávění, Vertov přesto přirozeně zprostředkovává zázraky moderního města. (Film Europe);12.01.2023 Film Europe;černobílý film, němý film, avantgarda, Petrohrad;Dziga Vertov;Michail Kaufman;https://apps.apple.com/cz/app/id6755365206<br>https://play.google.com/store/apps/details?id=cz.csfd.csfdroid<br>;;;
235606;Sigur Rós - Heima;2007;85.2045944005743;94.0;https://image.pmgstatic.com/cache/resized/w420/files/images/film/posters/000/055/55073_6eff4b.jpg;https://www.csfd.cz/film/235606-sigur-ros-heima/;Island;Dokumentární / Hudební;Sigur Rós - Heima;Vizuálně ohromující záznam kapely Sigur Rós, která je produktem a zároveň součástí své rodné země s její dramatickou krajinou a úzce propletenou společností. Po návratu domů z dlouhého turné v roce 2006 se tato islandská kapela rozhodla zahrát řadu volně přístupných, většinou neohlášených koncertů. Hrála pro různě velké skupiny diváků všech věkových skupin, ve vesnických kulturních sálech, na společenských večírcích, v hlubokých údolích a širokých polích, v opuštěné rybárně a v ekologickém protestním táboře. Kontrast skromných a majestátních prostředí dokonale doplňuje zvukovou paletu kapely, známé pro skladby kombinující tichá rozjímání a extatická, bouřlivá vyvrcholení.;;;Dean DeBlois;Sigur Rós, Jón Þór Birgisson, Georg Hólm, Kjartan Sveinsson, Amiina, Gunnar Ragnarsson;https://srv.clickfuse.com/ads/adclkr.php?id=100006636&url=https://tv.apple.com/cz/movie/heima/umc.cmc.3wbnf69bavdps41odr5vwo1eq<br>https://srv.clickfuse.com/ads/adclkr.php?id=100006636&url=https://tv.apple.com/cz/movie/heima/umc.cmc.3wbnf69bavdps41odr5vwo1eq<br>https://apps.apple.com/cz/app/id6755365206<br>https://play.google.com/store/apps/details?id=cz.csfd.csfdroid<br>;;;
43826;Imagine: John Lennon;1988;85.77490774907749;101.0;https://image.pmgstatic.com/cache/resized/w420/files/images/film/posters/165/327/165327836_ac8f75.jpg;https://www.csfd.cz/film/43826-imagine-john-lennon/;USA;Dokumentární / Životopisný / Hudební;Imagine: John Lennon;"Imagine dokumentaristicky a intímne nakúka do života jedného z najväčších hudobníkov modernej doby. Režisér sa snaží odpovedať na otázky bežných ľudí o tom ako ""celebrita"" ako Lennon v súkromí žije, čo robí keď práve nekoncertuje a pod. A darí sa mu to s nadľahčenosťou Lennonovho humoru a pomocou rozhovorov s jeho rodinou a príbuzními nám vytvára ucelený obraz o tom v akom duchu žil Lennon svoje posledné roky v Amerike. (JohnFarst)";07.10.1988 Warner Bros. US;;Andrew Solt;John Lennon, David Bowie, Ringo Starr, Paul McCartney, George Harrison, Yoko Ono, George Martin, Cynthia Lennon, Julian Lennon, Sean Lennon;https://srv.clickfuse.com/ads/adclkr.php?id=100006636&url=https://tv.apple.com/cz/movie/imagine-john-lennon/umc.cmc.50cvw8fuj42y1nwoema4hzm64<br>https://www.youtube.com/watch?v=WCc6Q5rFrxE<br>https://srv.clickfuse.com/ads/adclkr.php?id=100006636&url=https://tv.apple.com/cz/movie/imagine-john-lennon/umc.cmc.50cvw8fuj42y1nwoema4hzm64<br>https://www.youtube.com/watch?v=WCc6Q5rFrxE<br>https://apps.apple.com/cz/app/id6755365206<br>https://play.google.com/store/apps/details?id=cz.csfd.csfdroid<br>;;;
283291;Šťastní to lidé: rok v tajze;2010;85.38252848616386;90.0;https://image.pmgstatic.com/cache/resized/w420/files/images/film/posters/159/433/159433577_d2e110.jpg;https://www.csfd.cz/film/283291-stastni-to-lide-rok-v-tajze/;Německo;Dokumentární;Happy People - Ein Jahr in der Taiga;Navštívíme vesnici Bakhtia. Evropanům připomínají zdejší podmínky zimu, ale tady je jaro. Jsme totiž v srdci Sibiře. Nekonečná divočina kolem se nazývá tajga. Nevedou tu žádné silnice, ani železnice. Existují jen dva způsoby, jak se semdostat: vrtulníkem nebo lodí. Řeka Jenisej je zamrzlá. Lodě se do Bakhtii dostanou jen během pár letních měsíců. Ve vesnici žije asi 300 obyvatel, většina se živí jako lovci kožešin.;15.11.2012 StudioCanal Deutschland;zvířata, les, divočina, psi, sníh, zima, lov, Sibiř, tajga;Dmitrij Vasjukov, Werner Herzog;Werner Herzog;https://apps.apple.com/cz/app/id6755365206<br>https://play.google.com/store/apps/details?id=cz.csfd.csfdroid<br>;;;
327483;Zelená poušť;2012;86.64285714285714;60.0;https://image.pmgstatic.com/cache/resized/w420/files/images/film/posters/105/794/105794339_8124c4.jpg;https://www.csfd.cz/film/327483-zelena-poust/;Slovensko;Dokumentární;Zelená púšť;Průměrný Evropan nebyl nikdy tak zodpovědný za devastaci tropických deštných pralesů, jak je tomu dnes. Čím je to způsobeno a můžeme tomu zabránit? Dokumentární film Michala Gálika Zelená poušť, jenž nás zavede na tropický ostrov Borneo, nám poskytne nejen odpověď na tyto otázky, ale prozradí nám i zarážející tajemství, které skrývá průmysl s palmovým olejem. Film Zelená Poušť podává reálné svědectví o problémech způsobených pěstováním olejných palem na Borneu. Dokument není jen příběhem o palmovém oleji, je i příběhem o globální odpovědnosti a o tom, že my, jako spotřebitelé, máme v rukou obrovskou moc, když našimi rozhodnutími při nakupování dokážeme ovlivňovat i to, co se děje na druhé straně planety. Divák dostane možnost proniknout hlouběji do problematiky prostřednictvím skutečných příběhů a rozhovorů s místními lidmi i odborníky.;;farma, džungle, korporace, řeka, požár, opice;Michal Gálik;Zdeněk Suchý;https://apps.apple.com/cz/app/id6755365206<br>https://play.google.com/store/apps/details?id=cz.csfd.csfdroid<br>;;;
224083;Žraločí vody;2006;86.46203554119548;89.0;https://image.pmgstatic.com/cache/resized/w420/files/images/film/posters/159/297/159297548_374ba1.jpg;https://www.csfd.cz/film/224083-zraloci-vody/;Kanada;Dokumentární;Sharkwater;Žraloci tu žijí už více než 400 miliónů let. Byli tu dokonce 150 miliónů let před příchodem dinosaurů. Přežili všechna období zániku, při kterých zmizelo z naší Země téměř vše živé a přesto by mohli být vyhubeni... Proč? Díky lidské nenasytnosti. Rob Stewart natočil pozoruhodný dokument, který nám ukáže pravou stránku mořských predátorů a vyvrátí mylné domněnky, které si o nich lidstvo za mnohá staletí vybudovalo. (Krouťák);;moře, žraloci, rybolov, potápění, pytláci;Rob Stewart;Rob Stewart, Paul Watson, Patrick Moore, Erich Ritter, Boris Worm, Vic Hislop;https://srv.clickfuse.com/ads/adclkr.php?id=100006636&url=https://tv.apple.com/cz/movie/sharkwater/umc.cmc.5wh8msq2urio16r9i5ugq0l1r<br>https://srv.clickfuse.com/ads/adclkr.php?id=100006636&url=https://tv.apple.com/cz/movie/sharkwater/umc.cmc.5wh8msq2urio16r9i5ugq0l1r<br>https://apps.apple.com/cz/app/id6755365206<br>https://play.google.com/store/apps/details?id=cz.csfd.csfdroid<br>;Critics Choice Awards (1x)<br>;;
33508;Železný Schwarzenegger;1977;84.94909502262443;85.0;https://image.pmgstatic.com/cache/resized/w420/files/images/film/posters/000/021/21149_dd9c24.jpg;https://www.csfd.cz/film/33508-zelezny-schwarzenegger/;USA;Dokumentární / Sportovní;Pumping Iron;V roce 1977 si nezávislý dokument posvítil na svět kulturistiky. Film se stal kasovním trhákem a vzbudil mezinárodní senzaci. Odstartoval kariéru jednoho budoucího multimilionáře a navždy změnil svět bodybuildingu a tělesného cvičení obecně. V hlavní roli zazářil pětinásobný držitel titulu Mr.Olympia Arnold Schwarzenegger. Dokument doprovází tohoto osmadvacetiletého kulturistu na cestě za jeho 6. titulem.;Na DVD od 12.10.2009 Magic Box;podle knihy, muž, 20. století, peníze, rivalita, kolegové, sláva, nenávist, žárlivost, soutěž, období 1970-1980, závist, propaganda, posilovna, kulturistika, fitness;George Butler, Robert Fiore;Arnold Schwarzenegger, Lou Ferrigno, Mike Katz, Frank Zane, Ken Waller, Franco Columbu, Serge Nubret, Bud Cort, Charles Gaines;https://srv.clickfuse.com/ads/adclkr.php?id=100006636&url=https://tv.apple.com/cz/movie/pumping-iron/umc.cmc.6zpftc4uixz3mmjhwsb9howzk<br>https://srv.clickfuse.com/ads/adclkr.php?id=100006636&url=https://tv.apple.com/cz/movie/pumping-iron/umc.cmc.6zpftc4uixz3mmjhwsb9howzk<br>https://apps.apple.com/cz/app/id6755365206<br>https://play.google.com/store/apps/details?id=cz.csfd.csfdroid<br>;;;Charles Gaines, George Butler
201879;Amazonia vertical;2004;85.51065393093313;63.0;https://image.pmgstatic.com/cache/resized/w420/files/images/film/posters/157/884/157884803_547bab.jpg;https://www.csfd.cz/film/201879-amazonia-vertical/;Slovensko;Dokumentární;;Auyan Tepui... Najväčšia stolová hora Amazónie... Indiáni veria, že na jej vrchole sídlia démoni... Beckovi Ondrejovičovi sa podarilo prejsť prvý kompletný prechod hory. Jej vertikálne línie mu tak učarovali, že sa pod horu vrátil aj s priateľmi, aby vyliezli nikým nedotknutú panenskú stenu. Amazonia Vertical - film o sile prírody a dobrodružnom objavovaní strateného sveta. Film, ktorý osloví tú krehkú časť v nás...;05.10.2006;džungle, horolezci, expedice, prales;Pavol Barabáš;Pavol Barabáš, Peter Ondrejovič, Danka Somorovská, Jaro Vonderčík, Marián Geišberg;/film/201879-amazonia-vertical/galerie/plakaty/<br>/film/201879-amazonia-vertical/oceneni/?modal=ratingAndFanclub<br>/film/201879-amazonia-vertical/prehled/<br>/film/201879-amazonia-vertical/recenze/<br>/film/201879-amazonia-vertical/videa/<br>/film/201879-amazonia-vertical/galerie/<br>/film/201879-amazonia-vertical/hraji/<br>/film/201879-amazonia-vertical/oceneni/<br>/film/201879-amazonia-vertical/filmoteka/<br>/film/201879-amazonia-vertical/diskuze/<br>/film/201879-amazonia-vertical/prehled/<br>/film/201879-amazonia-vertical/recenze/<br>/film/201879-amazonia-vertical/videa/<br>/film/201879-amazonia-vertical/galerie/<br>/film/201879-amazonia-vertical/hraji/<br>/film/201879-amazonia-vertical/oceneni/<br>/film/201879-amazonia-vertical/filmoteka/<br>/film/201879-amazonia-vertical/diskuze/<br>/film/201879-amazonia-vertical/oceneni/?pageRating=0<br>/film/201879-amazonia-vertical/oceneni/?pageRating=2<br>http://www.amazoniavertical.expedition.sk/<br>https://apps.apple.com/cz/app/id6755365206<br>https://play.google.com/store/apps/details?id=cz.csfd.csfdroid<br>;;Slnko v sieti (1x)<br>;
332018;Few Words;2012;89.75369458128078;59.0;https://image.pmgstatic.com/cache/resized/w420/files/images/film/posters/158/978/158978852_862d31.jpg;https://www.csfd.cz/film/332018-few-words/;Francie / Kanada;Dokumentární / Sportovní;Few Words;Few Words je příběh Candida Thovexe, průkopníka moderního lyžování, který se stal jedním z nejúspěšnějších a nejtalentovanějších freestyle lyžařů na světě. Trojnásobný vítěz X-Games, mistr světa ve freeridu (Freeride World Tour) a freeskiing legenda Candide vás vezme na cestu za objevováním nejkrásnějších sněhových regionů. Dva roky cestoval, aby natočil některé z nejvíce vzrušujících sekvencí freeskiingu, a to se mu dokonale podařilo. Tento dokument o jeho pohádkové kariéře vám pomůže objevit nebo znovu nalézt jeden z nejkreativnějších znaků freeskiingového světa. To je Candide Thovex v několika slovech.;;hory, lyžování;Matt Pain;Candide Thovex;https://www.youtube.com/watch?v=cpi2fc5vfNs<br>https://apps.apple.com/cz/app/id6755365206<br>https://play.google.com/store/apps/details?id=cz.csfd.csfdroid<br>;;;
174529;101;1989;86.81541582150102;117.0;https://image.pmgstatic.com/cache/resized/w420/files/images/film/posters/000/073/73484_56fe84.jpg;https://www.csfd.cz/film/174529-101/;Velká Británie / USA;Dokumentární / Hudební;101;Depeche Mode poprvé vydávají legendární film 101 režiséra D.A. Pennebakera na DVD! Originální dokument je na DVD doplněn záznamem památného vystoupení z června 1988 v Pasadena Rose Bowl. DVD dále obsahuje komentovaný tracklisting, video Everything Counts či rozhovory se členy kapely nebo šéfem labelu Mute Danielem Millerem. DVD 101, to je více než třiapůlhodinový komplet a jedinečný artefakt, unikátní dokument o kapele na vrcholu slávy.;;;D.A. Pennebaker, David Dawkins, Chris Hegedus;Martin Gore, David Gahan, Andrew Fletcher, Anton Corbijn, Alan Wilder;https://srv.clickfuse.com/ads/adclkr.php?id=100006636&url=https://tv.apple.com/cz/movie/depeche-mode-101/umc.cmc.2h7m5m06h750yjv14oo7dnqoq<br>https://srv.clickfuse.com/ads/adclkr.php?id=100006636&url=https://tv.apple.com/cz/movie/depeche-mode-101/umc.cmc.2h7m5m06h750yjv14oo7dnqoq<br>https://apps.apple.com/cz/app/id6755365206<br>https://play.google.com/store/apps/details?id=cz.csfd.csfdroid<br>;;;
742249;Afrikou na pionýru;2019;85.15951161874754;109.0;https://image.pmgstatic.com/cache/resized/w420/files/images/film/posters/164/464/164464630_7c3980.jpg;https://www.csfd.cz/film/742249-afrikou-na-pionyru/;Slovensko;Dokumentární / Road movie;Afrika na Pionieri;Cesta napříč africkým kontinentem na legendárních a hodně starých motorkách Jawa Pionýr. Celovečerní road movie Afrikou na Pionýru přináší ještě bláznivější a odvážnější výpravu, než jaké známe díky žlutým trabantům Dana Přibáně. Právě jedné z kultovních expedic žlutých trabantů se vedoucí výpravy motorek do Afriky, dobrodruh a režisér Marek Slobodník sám na své Jawě 250 účastnil. Podobně, jako výrazné postavy filmových komiksových vesmírů dostávají vlastní filmy, tak i jeho samostatné dobrodružství Afrikou na Pionýru mohou brát diváci jako takzvaný „spin-off“. Cestovatelský dokument Afrikou na Pionýru ukáže dobrodružství, které nezná hranice a které žene možnosti vlastního těla i svobodu ducha až do nejvyšších otáček. A zároveň přinese úchvatné záběry a pohled na přírodu a život Afriky, jaký nemá obdoby. Pět jezdců strávilo v sedle Jawy Pionýr pět měsíců, ze střední Evropy ke Kapskému městu ujelo přes 15 000 kilometrů. Na tom nejméně pohodlném dopravním prostředku projeli pouští, pralesem i savanou, protnuli rovník a profrčeli kolem Kilimandžára a dorazili až na nejjižnější místo afrického kontinentu, na Střelkový mys, kde se setkává Indický oceán s Atlantickým. Během cesty spotřebovali 2500 litrů benzínu, natočili 360 hodin záběrů, provedli snad milion drobných oprav a prožili si dvě malárie. „Afrika nám dala úplně jiný pohled na život. Zažili jsme na cestě takovou volnost, jakou si v dnešním uspěchaném světě dokáže představit jen málokdo. Uvědomili jsme si, že právě svoboda je to největší bohatství, které máme,“ říká cestovatel a dobrodruh Marek Slobodník.Z mnoha hodin natočeného materiálu sestavil tým dobrodruhů průřez toho nejzajímavějšího. Vedle opojného pocitu svobody zažili jezdci i řadu dramatických a nebezpečných situací. Kromě nádherných panenských pláží Mozambiku se museli vyrovnat s nekonečnou pouští Súdánu, v etiopském vězení se potkali s utečenci mířícími do Evropy, odvážili se do největšího městského slumu Kibera v Keni a dva z nich pak podstoupili vlastní boj s nebezpečnou a mnohdy smrtící malárií. (Bontonfilm);05.09.2019 Magic Box;nemoc, Afrika, motorky;Marek Slobodník;Marek Slobodník, Martin Kochaník, Marek Duranský, Milan Hurár, Ondrej Hurár;https://apps.apple.com/cz/app/id6755365206<br>https://play.google.com/store/apps/details?id=cz.csfd.csfdroid<br>;;;
43867;Srdce temnoty: Filmařova apokalypsa;1991;86.0952380952381;96.0;https://image.pmgstatic.com/cache/resized/w420/files/images/film/posters/158/728/158728211_585f66.jpg;https://www.csfd.cz/film/43867-srdce-temnoty-filmarova-apokalypsa/;USA;Dokumentární;Srdce temnoty: režisérská apokalypsa(festivalový název);Režisér Francis Coppola strávil v sedmdesátých letech prakticky polovinu dekády natáčením Apokalypsy a tahle tvůrčí zkušenost nevratným způsobem poznamenala jeho život. Stejným dílem ovšem zasáhla i celou jeho rodinu a všechny, kdo se na výrobě filmu podíleli, rozsáhlý štáb i těžce zkoušené herecké představitele. Coppolova manželka Eleanor stála vždycky při svém muži. Věděla, že bývá celou osobností ponořený do projektu, na němž právě pracuje. Věděla, že nechce, aby ho někdo při práci vyrušoval, ale také věděla, že potřebuje někoho, komu se může svěřovat, někoho, kdo ho bude usměrňovat. Starost o rodinu (měli s sebou na natáčení všechny tři děti) jí sice zabírala hodně času, ale ona také chtěla uplatnit vlastní umělecké ambice. 16mm kamerou zdokumentovala obtížnou produkci a navíc pořídila asi šedesát hodin zvukového záznamu svých rozmluv s manželem, v nichž zachytila jeho tvůrčí posedlost i umělecké pochyby. Natočený materiál ležel drahnou dobu ladem, neboť pro Coppolu dlouho představoval stále mokvající ránu, která se nechce uzavřít. Teprve na sklonku osmdesátých let ho předal dvěma mladým filmařům Faxu Bahrovi a Georgi Hickenlooperovi, kteří Eleanořiny záběry sestříhali a jako jejich doprovod použili úryvky z její knížky „Poznámky o natáčení Apokalypsy“, které četla sama autorka. Navíc s většinou hlavních představitelů (kromě Marlona Branda, který odmítl) a s některými členy štábu natočili rozhovory, jež dokreslovaly komplikovaný vznik filmu. (Letní filmová škola);04.07.2025 Rialto Pictures;filmařské zákulisí;George Hickenlooper, Fax Bahr, Eleanor Coppola;Francis Ford Coppola, Eleanor Coppola, John Milius, G. D. Spradlin, Harrison Ford, Dennis Hopper, Roman Coppola, Robert Duvall, George Lucas, Orson Welles;https://apps.apple.com/cz/app/id6755365206<br>https://play.google.com/store/apps/details?id=cz.csfd.csfdroid<br>;New York Film Critics Circle Awards (1x)<br>Cannes Film Festival (1x)<br>;;
1483424;Ještě nejsem, kým chci být;2024;85.2457264957265;90.0;https://image.pmgstatic.com/cache/resized/w420/files/images/film/posters/169/239/169239994_sh8qkp.jpg;https://www.csfd.cz/film/1483424-jeste-nejsem-kym-chci-byt/;Česko / Slovensko / Rakousko;Dokumentární;Ešte nie som, kým chcem byť;Libuše Jarcovjáková je legenda světové fotografie a nespoutaná žena, která se vzepřela všem konvencím. Její život je mozaikou fascinujících setkání a divokých příběhů – od drsného undergroundu komunistického Československa, přes exkluzivní focení pro módní špičky v Tokiu, až po dramatický útěk do západního Berlína, kde byla svědkem pádu Železné opony. Z tisíců analogových fotografií a stránek osobních deníků vznikl v režii Kláry Tasovské formálně jedinečný dokument, který nadchl publikum na festivalu Berlinale. (Aerofilms);21.03.2025 polyfilm;žena, žena režisérka, 20. století, gay, vzpomínky, politika, sex, lesby, homosexualita, Japonsko, komunismus, nahota, období 1970-1980, období 1960-1970, fotograf, období 1980-1990, svoboda, noční klub, emigrace, invaze, Romové, Berlín, potrat, Sovětský svaz, sametová revoluce;Klára Tasovská;Libuše Jarcovjáková;https://www.netflix.com/title/82007872<br>https://www.netflix.com/title/82007872<br>https://apps.apple.com/cz/app/id6755365206<br>https://play.google.com/store/apps/details?id=cz.csfd.csfdroid<br>;Český lev (3x)<br>Ceny české filmové kritiky (4x)<br>;Český lev (2x)<br>Ceny české filmové kritiky (1x)<br>;
254140;Surikaty;2008;85.58260869565217;83.0;https://image.pmgstatic.com/cache/resized/w420/files/images/film/posters/000/060/60428_d1f25b.jpg;https://www.csfd.cz/film/254140-surikaty/;Velká Británie;Dokumentární;Rodina surikat;Strhujíci dokument provázený hlasem Paula Newmana (Ladislav Běhůnek), je o životě surikat. Stanete se svědky tvrdých lekcí, které tyto pouštní šelmy musí absolvovat a které je učí, jak vůbec přežít na drsných jihoafrických planinách. Filmaři strávili přibližně 6 měsíců pozorováním surikat v jejich přirozeném prostředí, abychom i my mohli nahlédnout do jejich společenství a pochopili alespoň částečně nebezpečné zákony neúprosné pouště Kalahari.;Na DVD od 01.11.2009 Palace Pictures;zvířata, surikaty;James Honeyborne;Paul Newman, Rufus Beck;https://apps.apple.com/cz/app/id6755365206<br>https://play.google.com/store/apps/details?id=cz.csfd.csfdroid<br>;;;
308808;TT3D: Closer to the Edge;2011;86.43717728055077;104.0;https://image.pmgstatic.com/cache/resized/w420/files/images/film/posters/167/569/167569111_db3vyn.jpg;https://www.csfd.cz/film/308808-tt3d-closer-to-the-edge/;Velká Británie;Dokumentární;;"TT3D: Closer to the Edge je film o legendárním závodě Tourist Trophy na ostrově Isle of Man, který každoročně mění tento malý ostrov na ráj fanoušků silničních motocyklových závodů. Závody se zde jezdí po uzavřených veřejných komunikacích, které jsou vždy obklopeny diváky ze všech koutů světa. Jezdci zde doslova létají rychlostí přes 300km/h. Jen málokterý ročník se obejde bez zranění nebo úmrtí nějakého jezdce. Jezdci si nebezpečí uvědomují, přesto se každý rok vracejí s odhodláním posunout hranice možností zase trochu dál a stát se ""Králem hory"". (Kinq)";;motorky, závody;Richard De Aragues;Guy Martin;https://apps.apple.com/cz/app/id6755365206<br>https://play.google.com/store/apps/details?id=cz.csfd.csfdroid<br>;British Independent Film Awards (BIFA) (1x)<br>;;
1471399;Nejhvězdnější noc popu;2024;85.61797752808988;96.0;https://image.pmgstatic.com/cache/resized/w420/files/images/film/posters/168/493/168493633_vdayj6.jpg;https://www.csfd.cz/film/1471399-nejhvezdnejsi-noc-popu/;USA;Dokumentární / Hudební;The Greatest Night in Pop;Nahlédněte do zákulisí historické události z roku 1985, kdy se jednoho lednového večera sešly největší hudební hvězdy světa, aby nahrály skladbu „We Are the World“. (Netflix);Na VOD od 29.01.2024 Netflix;20. století, zpěv, zpěvačka, období 1980-1990, zpěvák, nahrávací studio, charita;Bao Nguyen;Lionel Richie, Bruce Springsteen, Huey Lewis, Kenny Loggins, Smokey Robinson, Dionne Warwick, Harry Belafonte, Quincy Jones, Kenny Rogers, Bob Geldof;https://www.netflix.com/title/81720500<br>https://www.netflix.com/<br>https://www.netflix.com/title/81720500<br>https://www.csfd.cz/vod/netflix/<br>https://apps.apple.com/cz/app/id6755365206<br>https://play.google.com/store/apps/details?id=cz.csfd.csfdroid<br>;;;
31565;Korn: Who Then Now?;1997;90.58823529411765;42.0;https://image.pmgstatic.com/cache/resized/w420/files/images/film/posters/000/012/12499_bab891.jpg;https://www.csfd.cz/film/31565-korn-who-then-now/;USA;Dokumentární / Hudební;Who Then Now?;Toto DVD obsahuje kromě několika kratších záznamů z live koncertů a pár videoklipů také nahlédnutí do soukromí členů kapel, představení jejich rodin a zálib... (matestlust);;;McG;Jonathan Davis, Reginald 'Fieldy' Arvizu, James 'Munky' Shaffer, Brian 'Head' Welch, Chino Moreno;https://apps.apple.com/cz/app/id6755365206<br>https://play.google.com/store/apps/details?id=cz.csfd.csfdroid<br>;;;
267305;Everest – Juzek Psotka;2008;87.08433734939759;26.0;https://image.pmgstatic.com/cache/resized/w420/files/images/film/posters/000/063/63281_ff5402.jpg;https://www.csfd.cz/film/267305-everest-juzek-psotka/;Slovensko;Dokumentární / Krátkometrážní;Everest – Juzek Psotka;Jeho meno vzbudzovalo rešpekt. Ľudský aj profesionálny. Doma, ale aj v zahraničí. Jozef Psotka, prezývaný Juzek, alebo robotník hôr. Jedna z najvýraznejších osobností slovenského horolezectva. Človek, ktorý stál na vrchole Mount Everestu. Patril do starej školy horolezcov, ktorá nehľadala v horách naplnenie ambícií, ale mystické spojenie s prírodou. Jeho pozoruhodný život bol veľkým príbehom dosahovania najvyšších vrcholov sveta...;07.04.2011 Outdoor Films;horolezci, Mount Everest;Pavol Barabáš;Jozef Psotka;https://apps.apple.com/cz/app/id6755365206<br>https://play.google.com/store/apps/details?id=cz.csfd.csfdroid<br>;;;
358267;Trabantem až na konec světa;2014;84.75894578958646;98.0;https://image.pmgstatic.com/cache/resized/w420/files/images/film/posters/158/285/158285500_99562b.jpg;https://www.csfd.cz/film/358267-trabantem-az-na-konec-sveta/;Česko;Dokumentární / Road movie;Trabantem až na konec světa;"Cestovateli Danu Přibáňovi a jeho partě nestačilo, že dokázali nemožné, když přejeli Trabantem Afriku a natočili o tom nezávislý film. Rozhodli se vypravit na ještě náročnější cestu. 21 124 kilometrů napříč Jižní Amerikou až na konec světa. A aby to nebylo moc jednoduché, tentokrát nepojedou jen Trabantem. Sestava snů v mezinárodním týmu Čechů, Poláků a Slováků patří podle Dana „buď do blázince, nebo na šrotiště."" Dva Trabanty, polský Fiátek a Jawa 250 z roku 1957 se místo toho vydává vstříc tomu nejnáročnějšímu, co se dá v Jižní Americe najít. Amazonský prales, pětitisícové průsmyky And, pouště i oceán. Tahle šílená jízda rozhodně není bezstarostná, je ale fascinující a zábavná. Jak se dokáže snést osm lidí ze třech zemí, kteří se navzájem skoro neznají, čtyři měsíce ve žlutých ponorkách? Ta největší výzva není venku, ale uvnitř. (Aerofilms)";Na DVD od 25.06.2014 Bontonfilm;cestování, Argentina;Dan Přibáň;Dan Přibáň, Aleš Vašíček, Marek Slobodník, Tomasz Turchan, Radoslaw Jona, Dana Zlatohlávková, Jakub Nahodil, Zdeněk Krátký, David Novotný;https://srv.clickfuse.com/ads/adclkr.php?id=100006636&url=https://tv.apple.com/cz/movie/trabant-at-the-end-of-the-world/umc.cmc.2gkg56rtt0kwzk5f90np9n7ch<br>https://srv.clickfuse.com/ads/adclkr.php?id=100006636&url=https://tv.apple.com/cz/movie/trabant-at-the-end-of-the-world/umc.cmc.2gkg56rtt0kwzk5f90np9n7ch<br>https://apps.apple.com/cz/app/id6755365206<br>https://play.google.com/store/apps/details?id=cz.csfd.csfdroid<br>;;;
261306;Ayrton Senna: Závodění mám v krvi;1995;89.46859903381643;55.0;https://image.pmgstatic.com/cache/resized/w420/files/images/film/posters/000/062/62010_bd00c0.jpg;https://www.csfd.cz/film/261306-ayrton-senna-zavodeni-mam-v-krvi/;Velká Británie;Dokumentární / Sportovní;Ayrton Senna: Racing Is in My Blood;Jediný dokument, který byl natočen před smrtí legendárního jezdce Artona Senny. V rozhovorech vyjadřuje svůj vztah k závodění a odhaluje zde svou pravou tvář. Popisuje důležité momenty ve své závodnické kariéře z dob, kdy ještě jezdil na motokárách, až po účinkování ve formuli 1. (AlexeiF1);;závody, Formule 1;;Alain Prost, Stirling Moss;https://apps.apple.com/cz/app/id6755365206<br>https://play.google.com/store/apps/details?id=cz.csfd.csfdroid<br>;;;
385083;Filmový dobrodruh Karel Zeman;2015;85.05663797009515;102.0;https://image.pmgstatic.com/cache/resized/w420/files/images/film/posters/160/001/160001300_40f53f.jpg;https://www.csfd.cz/film/385083-filmovy-dobrodruh-karel-zeman/;Česko / Kanada;Dokumentární / Životopisný;Karel Zeman: Adventurer in Film;Dokumentární film Karel Zeman - filmový dobrodruh je životopisným filmem, který se ohlíží za životem, dílem a významem klasika světového filmu. Zároveň odhaluje inspirativní zdroje jeho tvorby, ohlas ve světě a nahlédne do kuchyně průkopníka filmových triků. Pokud spočteme ceny z festivalů, divácký ohlas v zahraniční distribuci i množství publikací a počet filmových tvůrců, kteří Karla Zemana uvádějí jako inspirační zdroj, dojdeme k závěru, že Karel Zeman je jedním z nejúspěšnějších a nejvíce ceněných českých filmařů ve světě. Karel Zeman byl ve svém oboru naprostým solitérem, stvořil si vlastní svět vycházející čistě ze své imaginace. Všechno se naučil sám, neprošel filmovou školou, není lehce zařaditelný do jakési vlny, období nebo směru. Pro svou vnitřní poezii a upřímnost však jeho filmy nestárnou. Nesmírně pracovitý, vynalézavý a perfekcionistický, stále si však uchovávající dětský pohled na svět. Svět plný tajemství a dobrodružství.;Na DVD od 25.11.2015 Bontonfilm;filmařské zákulisí, režisér;Tomáš Hodan;Karel Zeman, Ludmila Zemanová, Terry Gilliam, Tim Burton, Boris Masník, Kamil Fila, Karel Hutěčka, Zdeněk Ostrčil, Paul Wells, Tony Dalton;https://www.netflix.com/title/81470790<br>https://www.ceskatelevize.cz/porady/10597292024-filmovy-dobrodruh-karel-zeman?utm_source=csfd&utm_medium=section_vod&utm_campaign=link<br>https://www.netflix.com/title/81470790<br>https://www.ceskatelevize.cz/porady/10597292024-filmovy-dobrodruh-karel-zeman?utm_source=csfd&utm_medium=section_vod&utm_campaign=link<br>https://apps.apple.com/cz/app/id6755365206<br>https://play.google.com/store/apps/details?id=cz.csfd.csfdroid<br>;Český lev (1x)<br>;;
234909;Příběh Pixaru;2007;85.21793275217932;87.0;https://image.pmgstatic.com/cache/resized/w420/files/images/film/posters/159/807/159807956_8887d0.jpg;https://www.csfd.cz/film/234909-pribeh-pixaru/;USA;Dokumentární;The Pixar Story;Dokumentární snímek o historii studia Pixar. (formelin);Na DVD od 05.12.2008 Buena Vista CZ;;Leslie Iwerks;Stacy Keach, John Lasseter, Brad Bird, John Musker, Ron Clements, Frank Thomas, Glen Keane, Don Hahn, Alvy Ray Smith, George Lucas;https://srv.tunefindforfans.com/showads/track/srvclk.php?aid=100006796&lp=https://www.disneyplus.com/en-cz/browse/entity-4a018578-a261-4eaf-ab2b-5f3500f25863<br>https://srv.clickfuse.com/ads/adclkr.php?id=100006636&url=https://tv.apple.com/cz/movie/the-pixar-story/umc.cmc.5rlhccjtx0hdi51130ett89ro<br>https://srv.tunefindforfans.com/showads/track/srvclk.php?aid=100006796&lp=https://www.disneyplus.com/en-cz/browse/entity-4a018578-a261-4eaf-ab2b-5f3500f25863<br>https://srv.clickfuse.com/ads/adclkr.php?id=100006636&url=https://tv.apple.com/cz/movie/the-pixar-story/umc.cmc.5rlhccjtx0hdi51130ett89ro<br>https://apps.apple.com/cz/app/id6755365206<br>https://play.google.com/store/apps/details?id=cz.csfd.csfdroid<br>;;;
297496;Kličko;2011;84.81933974525604;110.0;https://image.pmgstatic.com/cache/resized/w420/files/images/film/posters/158/599/158599014_6f08d3.jpg;https://www.csfd.cz/film/297496-klicko/;Německo;Dokumentární / Sportovní;Klitschko;Podívejte se na detailní portrét dvou výjimečných sportovců, ale především bratrů, Vitalije a Vladimíra Kličkových. Sledujte jejich osudy a kariéru během dětství na socialistické Ukrajině, v dobách jejich tvrdých boxerských začátků i ve chvílích, kdy se z nich staly mezinárodní sportovní legendy. Prožijte s nimi úspěchy i dílčí nezdary, zlá období i triumfální návraty, stejně jako jejich vzájemné konflikty. Příběh bratrů – boxerů upoutá a inspiruje sportovní fanoušky i ty, kteří dosud nikdy nespatřili ring.;16.06.2011 Majestic;box;Sebastian Dehnhardt;Lennox Lewis, Vitali Klitschko, Wladimir Klitschko, Lamon Brewster;https://apps.apple.com/cz/app/id6755365206<br>https://play.google.com/store/apps/details?id=cz.csfd.csfdroid<br>;;;
312948;Jodorowsky's Dune;2013;85.41155866900175;90.0;https://image.pmgstatic.com/cache/resized/w420/files/images/film/posters/158/583/158583573_30570d.jpg;https://www.csfd.cz/film/312948-jodorowsky-s-dune/;USA / Francie;Dokumentární;;Původem chilský umělec Alejandro Jodorowsky, o kterém lze bez nadsázky říci, že patří mezi všestranně se uplatňující persóny světového umění, měl svou ambiciózní vizi ohledně filmové adaptace kultovního sci-fi románu Duna Franka Herberta. Toto je příběh její neuskutečněné realizace. (blackJag);21.03.2014 Sony Pictures Classics;podle knihy, filmařské zákulisí, režisér, Hollywood, deník;Frank Pavich;Alejandro Jodorowsky, Nicolas Winding Refn, H.R. Giger, Brontis Jodorowsky, Gary Kurtz, Drew McWeeny, Christian Vander, Richard Stanley;https://apps.apple.com/cz/app/id6755365206<br>https://play.google.com/store/apps/details?id=cz.csfd.csfdroid<br>;Critics Choice Awards (1x)<br>;Sitges Film Festival (2x)<br>;
45621;Začalo to v Los Alamos;1995;85.79746835443038;92.0;https://image.pmgstatic.com/cache/resized/w420/files/images/film/posters/159/440/159440096_7429f6.jpg;https://www.csfd.cz/film/45621-zacalo-to-v-los-alamos/;USA;Dokumentární / Historický;Trinity and Beyond: The Atomic Bomb Movie;"16. července 1945 byla pod krycím kódem Trinity odpálena v Novém Mexiku odpálena první atomová bomba na světě. 6. a 9. srpna 1945 provedly Spojené státy dva atomové útoky na Japonsko a to pochopilo, že další boj je marný. 2. září téhož roku 2. světová válka skončila. Začala ale nová éra vědy a techniky, vojenství a také mezinárodních vztahů. Spojené státy, které zpočátku držely atomový monopol, dále úspěšně vyvíjely a zkoušely účinnější bomby. V roce 1949 byla americká veřejnost šokována, když SSSR provedl výbuch vlastní atomové pumy. Začaly atomové závody a ""studená válka"" měla v průběhu padesátých a začátkem šedesátých let několikrát šanci přejít ve ""válku horkou"". Do atomového klubu vstoupily ještě Francie a Velká Británie. V roce 1963 se mezinárodní siutace zklidnila, když vstoupila v platnost smlouva o zákazu jaderných pokusů v ovzduší. Celých uplynulých sedmnáct let se totiž většina jaderných testů odehrávala v atmosféře. To ale málokdo tušil, že v říjnu 1964 vystoupá k oblakům atomový hřib ""Made in China""...";;20. století, období 1940-1950, 2. světová válka, studená válka, atomová bomba, radioaktivita, zbraně hromadného ničení;Peter Kuran;William Shatner, J. Robert Oppenheimer, Paul Tibbets, Edward Teller, Dwight D. Eisenhower, Winston Churchill, Albert Einstein, Reed Hadley, Adolf Hitler, John F. Kennedy;https://apps.apple.com/cz/app/id6755365206<br>https://play.google.com/store/apps/details?id=cz.csfd.csfdroid<br>;;;
201878;OMO - Cesta do praveku;2002;85.35958904109589;68.0;https://image.pmgstatic.com/cache/resized/w420/files/images/film/posters/000/044/44936_6b3310.jpg;https://www.csfd.cz/film/201878-omo-cesta-do-praveku/;Slovensko;Dokumentární;OMO - A Journey to the Primaeval Age;28.10. sa vrátili z Etiópie na Slovensko členovia Expedície OMO. Na gumenom nafukovacom rafte splavili 900 km druhej najnáročnejšej africkej rieky Omo. Jej náročnost nespočíva iba v perejách z červenohnedej spenenej vody obtiažnosti WW III-IV. Rieka preteká hlbokým a neschodným kaňonom plným nebezpečných hrochov, päťmetrových krokodílov a jedovatých hadov, z ktorého niet úniku. Počas celej jednomesačnej cesty sa museli spoľahnúť len a len na svoje schopnosti a na schopnosti celého šesťčlenného kolektívu bez akejkoľvek možnosti pomoci v prípade nehody alebo zásobovania z vonku. Rieka totiž preteká územím nikoho.;Na DVD od 05.11.2004 Intersonic;Afrika, domorodé kmeny, řeka, expedice;Pavol Barabáš;Peter Ondrejovič, Pavol Barabáš, Vít Káňa, Martin Žilka, Peter Valušiak, Lucia Mišíková, Zuzana Fialová;https://apps.apple.com/cz/app/id6755365206<br>https://play.google.com/store/apps/details?id=cz.csfd.csfdroid<br>;;;
232701;Bukowski: Born into This;2003;86.19047619047619;130.0;https://image.pmgstatic.com/cache/resized/w420/files/images/film/posters/161/936/161936165_7a0948.jpg;https://www.csfd.cz/film/232701-bukowski-born-into-this/;USA;Dokumentární;;Prostřednictvím tohoto dokumentu sledujeme jednoho z nejprovokativnějších kritiků druhé poloviny dvacátého století. Charles Bukowski je velkou osobností a vy jej buďto milujete, nebo nenávidíte. Tento snímek, určený především pro věrné fanoušky odhaluje některé podstatné střípky z Bukowského tvorby, postojů a života. (Devadesát Dva);28.05.2004 Magnolia Pictures;spisovatel;John Dullaghan;Charles Bukowski, Bono, Taylor Hackford, Sean Penn, Barbet Schroeder, Tom Waits, Harry Dean Stanton, Mickey Rourke, Neeli Cherkovski, Jack Micheline;https://apps.apple.com/cz/app/id6755365206<br>https://play.google.com/store/apps/details?id=cz.csfd.csfdroid<br>;Sundance Film Festival (1x)<br>;;
92754;Let It Be;1970;86.01550387596899;81.0;https://image.pmgstatic.com/cache/resized/w420/files/images/film/posters/160/274/160274827_c44cd4.jpg;https://www.csfd.cz/film/92754-let-it-be/;Velká Británie;Dokumentární / Hudební;Beatles at Work(pracovní název);"Tento dokumentární snímek mapuje poslední etapu existence nejslavnější kapely všech dob - The Beatles. Když kapela počátkem šedesátých let začínala, bylo jim všem kolem dvaceti, byli nevyspělí a nevěděli, co všechno od života a od hudby chtějí. Na konci desetiletí se ocitají ve fázi, kdy už to vědí, ale zároveň si také uvědomují, že každý z nich chce něco jiného. Práce na hudbě už dávno není společná, každý ze členů svoji energii soustředí hlavně na svoje vlastní písničky. Paul by chtěl být po smrti dlouholetého manažera novým ""šéfem"" kapely, John podléhá vlivu Yoko Ono a heroinu, George je zahořklý kvůli tomu, že jeho vlastní hudbu nebere ""hlavní tvůrčí dvojice"" vážně a Ringo už toho má všeho po krk. Díky tlaku zvenčí i vnitřnímu pnutí se kapela na začátku roku 1970 rozpadla, přesto se ale předtím zvládla vzepnout a natočit desky ""Abbey Road"" a ""Let It Be"". ""Abbey Road"" je ikonickým dílem od titulní fotografie po poslední píseň. ""Let It Be"" poznamenaly spory o hudební produkci i neshody mezi hudebníky. Dokument, který nese stejné jméno, se nese v podobném duchu. Zachycuje atmosféru ve studiu a problematický vznik nahrávek, zároveň také dokumentuje legendární ""koncert na střeše"", poslední společné veřejné vystoupení skupiny. Skupiny, která existovala pouhých deset let, přesto v mnoha různých smyslech pomohla změnit svět a položit základy současné popkultury. (Morien)";;hudebník, zpěv, kapela, koncert, Londýn, nahrávací studio;Michael Lindsay-Hogg;The Beatles, John Lennon, Paul McCartney, George Harrison, Ringo Starr, George Martin, Yoko Ono, Linda McCartney, Michael Lindsay-Hogg, Peter Sellers;https://srv.tunefindforfans.com/showads/track/srvclk.php?aid=100006796&lp=https://www.disneyplus.com/en-cz/browse/entity-72ad7b12-7cc6-4b43-aed0-83d382a5ff5c<br>https://srv.tunefindforfans.com/showads/track/srvclk.php?aid=100006796&lp=https://www.disneyplus.com/en-cz/browse/entity-72ad7b12-7cc6-4b43-aed0-83d382a5ff5c<br>https://apps.apple.com/cz/app/id6755365206<br>https://play.google.com/store/apps/details?id=cz.csfd.csfdroid<br>;;Academy Awards (1x)<br>;
255243;Barmský videožurnál;2008;85.46938775510205;84.0;https://image.pmgstatic.com/cache/resized/w420/files/images/film/posters/159/729/159729328_e243f8.jpg;https://www.csfd.cz/film/255243-barmsky-videozurnal/;Dánsko / Švédsko / Norsko / Velká Británie;Dokumentární;Burma VJ: Reporter i et lukket land;"V roce 1988 byl Joshua jako malý chlapec svědkem brutálního zásahu barmské vojenské junty proti demonstrantům, během něhož byly zabity více než tři tisíce lidí. Od té doby se rozhodl bojovat za demokracii. ""Vyzbrojen"" malou kamerou a mobilním telefonem se společně s třemi desítkami dalších odvážných mladých Barmánců ze skupiny Democratic Voice of Burma rozhodl podrobně zachytit protivládní demonstrace v září roku 2007 a jejich následné surové potlačení. Záběry dramatických událostí z kamer těchto reportérů se objevily ve zpravodajství všech významných světových médií a byly po určitou dobu jedinou možností, jak se svět mohl dozvědět o skutečné situaci v Barmě. Strhujícím způsobem sestavený dokument nabízí podrobný a navýsost autentický záznam tehdejších událostí, kdy Barmánci po devatenácti letech překonali svůj hluboce zakořeněný strach z vládních represí a vyšli za mohutné podpory buddhistických mnichů do ulic Rangúnu. Skrze detailní záznam práce Joshuy a jeho kolegů, kteří svou činností riskovali život, film ukazuje nepopiratelný význam nezávislých médií v boji proti totalitní moci. Barmský VJ získal řadu ocenění na mezinárodních festivalech, mimo jiné hlavní cenu na dokumentárních festivalech CPH: DOX v Kodani a IDFA v Amsterdamu. (Jeden svět)";20.03.2009 novemberfilm;Buddhismus;Anders Østergaard;;https://apps.apple.com/cz/app/id6755365206<br>https://play.google.com/store/apps/details?id=cz.csfd.csfdroid<br>;Academy Awards (1x)<br>European Film Awards (1x)<br>Sundance Film Festival (1x)<br>;Robert Awards (Danish Film Awards) (1x)<br>Sundance Film Festival (1x)<br>;
357645;Století Miroslava Zikmunda;2014;84.86508924865089;97.0;https://image.pmgstatic.com/cache/resized/w420/files/images/film/posters/158/617/158617218_3bd43b.png;https://www.csfd.cz/film/357645-stoleti-miroslava-zikmunda/;Česko;Dokumentární;Old Man and the World(festivalový název);"Životopisný film Století Miroslava Zikmunda přináší osobitý pohled na bouřlivé dějiny dvacátého století očima muže, který poznal celý svět. Byl počat za Habsburků, narodil se pět měsíců po vzniku první republiky. Přežil 2. světovou válku, zažil nástup komunismu i jeho pád. StB byl označen jako „nebezpečná osoba nejvyšší třídy nebezpečnosti"". Pobýval v Africe, když zanikal koloniální systém. Setkal se s prezidenty, seznámil se s Gagarinem i Hillarym. Zažil nástup demokracie a „všemocného"" kapitalismu... Vydejme se napříč dějinami a nechme si vyprávět příběh minulého století prostřednictvím muže, který jej zažil... (Bioscop)";Na DVD od 10.12.2014 Magic Box;přátelství, přátelé, cestování, vzpomínky, stáří;Petr Horký;Miroslav Zikmund, Miroslav Zikmund, Jiří Hanzelka, Miroslav Sáva Zikmund, Petr Horký, Ludvík Vaculík, Kryštof Hádek, Aleš Procházka, Jan Plachý, Petr Horký;https://www.hbomax.com/cz/en/movies/old-man-and-the-world/7c535190-a752-46a6-8a74-50bc695b9452<br>https://srv.clickfuse.com/ads/adclkr.php?id=100006636&url=https://tv.apple.com/cz/movie/stoleti-miroslava-zikmunda/umc.cmc.36gjgxdbhjmh1q8215c1twxs3<br>https://www.youtube.com/watch?v=UOGI8GShpQo<br>https://www.hbomax.com/cz/en/movies/old-man-and-the-world/7c535190-a752-46a6-8a74-50bc695b9452<br>https://srv.clickfuse.com/ads/adclkr.php?id=100006636&url=https://tv.apple.com/cz/movie/stoleti-miroslava-zikmunda/umc.cmc.36gjgxdbhjmh1q8215c1twxs3<br>https://www.youtube.com/watch?v=UOGI8GShpQo<br>https://apps.apple.com/cz/app/id6755365206<br>https://play.google.com/store/apps/details?id=cz.csfd.csfdroid<br>;Český lev (1x)<br>;;
519964;Vábení výšek;2017;86.11764705882354;105.0;https://image.pmgstatic.com/cache/resized/w420/files/images/film/posters/162/090/162090018_622b4d.jpg;https://www.csfd.cz/film/519964-vabeni-vysek/;Slovensko;Dokumentární;Vábenie výšok;Slovenské horolezectví prožívalo v 80. letech vrcholné období, kdy národní výpravy dobývaly osmitisícové štíty. Některé z úspěchů byly ale vykoupeny lidskými životy. Hranice mezi vítězstvím a prohrou je, nejen v Himálaji, velice tenká. Režisér Pavol Barabáš mapuje slovenské himálajské dobrodružství s přihlédnutím k legendárnímu Ivanovi Gálfymu. (Finále Plzeň);19.10.2017 ASFK;;Pavol Barabáš;Viktor Beránek, Zoltán Demján, Ivan Fiala, Leoš Chládek, Jarýk Stejskal, Ivan Gálfy, Gustáv Husák, Milan Kňažko, Josef Rakoncaj;https://apps.apple.com/cz/app/id6755365206<br>https://play.google.com/store/apps/details?id=cz.csfd.csfdroid<br>;;;
328214;Honnold 3.0;2012;88.81057268722466;32.0;https://image.pmgstatic.com/cache/resized/w420/files/images/film/posters/158/537/158537496_6e3e8c.jpg;https://www.csfd.cz/film/328214-honnold-3-0/;USA;Dokumentární / Krátkometrážní / Sportovní;Honnold 3.0;Alex Honnold je známý jako nejodvážnější sólový lezec své generace. Jak v této nebezpečné hře udržuje rovnováhu mezi ambicemi a pudem sebezáchovy? Od prvovýstupů na vysoké bouldery přes sóla obtížnosti kolem 9/10 UIAA, odvážně jištěné klasické výstupy až po rychlostní rekordy na The Nose, Alex Honnold se potýká s touto otázkou při přípravě na svoje zatím největší dobrodružství – sólo přelez stěn Mt. Watkins, El Cap a Half Dome v čase pod 19 hodin. (Sherpafest);;sportovní lezení, bouldering;Peter Mortimer;Alex Honnold, Lisa Rands;https://apps.apple.com/cz/app/id6755365206<br>https://play.google.com/store/apps/details?id=cz.csfd.csfdroid<br>;;;
166127;Metallica: Some kind of monster;2004;84.87918215613382;141.0;https://image.pmgstatic.com/cache/resized/w420/files/images/film/posters/159/396/159396152_0732be.jpg;https://www.csfd.cz/film/166127-metallica-some-kind-of-monster/;USA;Dokumentární / Hudební;Metallica: Some Kind of Monster;Snímek METALLICA: Some Kind of Monster přináší fascinující a opravdový pohled na životy členů nejslavnější heavy metalové kapely v hudební historii. Kapely, která po dvaceti letech své existence čelí obrovským osobním a profesionálním výzvám v průběhu natáčení jejich, po pěti letech, nejnovějšího alba St. Anger. Vztahy mezi členy kapely byly poslední dobou dost chatrné. A protože Metallica po několik let nekoncertovala a ani nevydala žádné album, měli hudební odborníci a hlavně fanoušci obavy o její budoucnost. Dokument, který se natáčel dva roky zachycuje s důvěrnou známostí jednotlivé členy skupiny, jejich vnitřní démony a vzájemné vztahy, ale také snahu o sladění osobních životů s požadavky neustále se měnícího hudebního průmyslu.;09.07.2004 IFC Films;metal;Joe Berlinger, Bruce Sinofsky;Bruce Sinofsky, Kirk Hammett, Jason Newsted, Lars Ulrich, James Hetfield, Cliff Burton, Robert Trujillo, Eric Avery, Frank Munoz, Zane Lowe;https://apps.apple.com/cz/app/id6755365206<br>https://play.google.com/store/apps/details?id=cz.csfd.csfdroid<br>;Critics Choice Awards (1x)<br>;Independent Spirit Awards (1x)<br>;
1529026;Avicii: Jsem Tim;2024;84.89555436529191;122.0;https://image.pmgstatic.com/cache/resized/w420/files/images/film/posters/169/673/169673009_uz0l0t.jpg;https://www.csfd.cz/film/1529026-avicii-jsem-tim/;Švédsko / USA;Dokumentární / Životopisný / Hudební;Avicii – I'm Tim;Na začátku stál talentovaný hudebník Tim, na konci pak slavný dýdžej Avicii. Příběh jednoho z nejvýraznějších umělců svojí generace jeho vlastními slovy. (Netflix);Na VOD od 31.12.2024 Netflix;hudba, drogy, párty, alkoholismus, koncert, alkohol, electro house;Henrik S. Burman;Avicii, Aloe Blacc, Chris Martin, Nile Rodgers, David Guetta, Jon Bon Jovi, Alex Ebert, Wyclef Jean, Madonna, Barack Obama;https://www.netflix.com/title/81915373<br>https://www.netflix.com/<br>https://www.netflix.com/title/81915373<br>https://www.csfd.cz/vod/netflix/<br>https://apps.apple.com/cz/app/id6755365206<br>https://play.google.com/store/apps/details?id=cz.csfd.csfdroid<br>;;Guldbagge Awards (1x)<br>;
370772;Virunga;2014;86.81592039800995;90.0;https://image.pmgstatic.com/cache/resized/w420/files/images/film/posters/159/424/159424368_xbpv79.jpg;https://www.csfd.cz/film/370772-virunga/;Velká Británie / Demokratická republika Kongo;Dokumentární;Virunga;Uprostřed pralesů na východě Demokratické republiky Kongo leží národní park Virunga, kde jako na jednom z mála míst na světě žijí poslední stovky horských goril. Park se ovšem nachází nedaleko protivládních povstaleckých základen, a navíc v zóně, kde hodlá britská firma těžit ropu. Když povstalci zahájí ofenzivu, ocitá se pod palbou nejen vše, co se neohrožená skupina strážců parku pokouší chránit, ale také filmový štáb. Výjimečný docuthriller nominovaný na Oscara 2015 za nejlepší dokument je strhujícím dramatem o chamtivosti, korupci a bezohlednosti tváří v tvář mimořádnému odhodlání bránit lidskost proti zlu. (Jeden svět);;les, korupce, ekologie, korporace, pašování, ropa, gorily, pytláci;Orlando von Einsiedel;;https://www.netflix.com/title/80009431<br>https://www.netflix.com/title/80009431<br>https://apps.apple.com/cz/app/id6755365206<br>https://play.google.com/store/apps/details?id=cz.csfd.csfdroid<br>;Academy Awards (1x)<br>Independent Spirit Awards (1x)<br>British Academy of Film and Television Arts (BAFTA) (1x)<br>British Independent Film Awards (BIFA) (1x)<br>Tribeca Film Festival (1x)<br>Melbourne International Film Festival (MIFF) (1x)<br>;;
224344;Kokainoví kovbojové;2006;84.8694725625999;116.0;https://image.pmgstatic.com/cache/resized/w420/files/images/film/posters/159/346/159346611_b43311.jpg;https://www.csfd.cz/film/224344-kokainovi-kovbojove/;USA;Dokumentární;Cowboy Cocaine(festivalový název);Píší se 80. léta a nemilosrdní kolumbijští kokainoví magnáti ovládli Miami a přinesli s sebou nevídané násilí. Sledujte, jak se z Miami stane jejich centrum. (Filmbox);27.10.2006 Magnolia Pictures;drogy, mafie, pašování, drogový kartel, Miami, Úřad pro potírání drog (DEA), Griselda Blanco;Billy Corben;Manuel Noriega;https://apps.apple.com/cz/app/id6755365206<br>https://play.google.com/store/apps/details?id=cz.csfd.csfdroid<br>;;;
205786;Afrika I. – Z Maroka na Kilimandžáro;1952;87.04918032786885;104.0;https://image.pmgstatic.com/cache/resized/w420/files/images/film/posters/000/072/72706_b54668.jpg;https://www.csfd.cz/film/205786-afrika-i-z-maroka-na-kilimandzaro/;Československo;Dokumentární;;Celovečerní film inženýrů J. Hanzelky a M. Zikmunda zachycuje, jak se oba cestovatelé připravovali na svou první cestu kolem světa a v dokumentárních záběrech líčí jejich zážitky z první poloviny cesty Afrikou. Přesvědčíte se, jaké překážky museli zdolávat na zpustošených cestách Habeše a v jakém nebezpečí byl osud výpravy při odvážném průjezdu Núbijskou pouští. Film vrcholí výstupem na nejvyšší horu Afriky, vyhaslou sopku Kilimandžáro, jejíž temeno je po celý rok pokryto ledem.;Na DVD od 11.06.2010 Filmexport;černobílý film;Miroslav Zikmund, Jiří Hanzelka, Jaroslav Novotný;Miroslav Zikmund, Jiří Hanzelka, Karel Pech, Felix le Breux, Jaromír Spal;https://apps.apple.com/cz/app/id6755365206<br>https://play.google.com/store/apps/details?id=cz.csfd.csfdroid<br>;;;
150867;Tupac: Vzkříšení;2003;85.43577981651376;112.0;https://image.pmgstatic.com/cache/resized/w420/files/images/film/posters/158/346/158346733_5154d5.jpg;https://www.csfd.cz/film/150867-tupac-vzkriseni/;USA;Dokumentární;Tupac: Resurrection;"Dokument vypráví ""od kolébky až do hrobu"" životní příběh rappera Tupaca Shakura, příběh vycházející hvězdy rapové scény, o jejíž rychlé zapadnutí se postaralo pár výstřelů na ulici v Las Vegas. Hudební doprovod - Eminem.";Na DVD od 15.11.2004 Hollywood Classic Entertainment (H.C.E.);hudba, hip hop;Lauren Lazin;Bill Bellamy, Todd Bridges, Anthony 'Treach' Criss, Sean 'Diddy' Combs, Gary Coleman, Dr. Dre, Eazy-E, Ice Cube, Method Man, Tupac Shakur;https://apps.apple.com/cz/app/id6755365206<br>https://play.google.com/store/apps/details?id=cz.csfd.csfdroid<br>;Academy Awards (1x)<br>;;
44726;Bowling for Columbine;2002;84.43284811864872;115.0;https://image.pmgstatic.com/cache/resized/w420/files/images/film/posters/159/962/159962780_b8bafe.jpg;https://www.csfd.cz/film/44726-bowling-for-columbine/;Kanada / USA / Německo;Dokumentární / Drama;Bowling for Columbine;Vážný i humorný, sarkastický pohled na posedlost USA zbraněmi. Na pozadí masakru na Columbineské střední škole se režisér Michael Moore vydává na pouť po Spojených státech, aby blíže prozkoumal příčiny, které ženou Američany neustále žít v paranoidním strachu před zlem, servírovaným všemocnými médii. Slavný celovečerní dokument se stal kasovním trhákem a vyvolal vášnivé polemiky mezi diváky.;11.10.2002 Metro-Goldwyn-Mayer (MGM);zbraně, střelba na škole;Michael Moore;Michael Moore, Matt Stone, Marilyn Manson, Denise Ames, Arthur A. Busch, Barry Glassner, Rob Huebel, Leon Errol, Adolf Hitler, Salvador Allende;https://apps.apple.com/cz/app/id6755365206<br>https://play.google.com/store/apps/details?id=cz.csfd.csfdroid<br>;Robert Awards (Danish Film Awards) (1x)<br>Los Angeles Film Critics Association Awards (1x)<br>New York Film Critics Circle Awards (1x)<br>Cannes Film Festival (1x)<br>;Academy Awards (1x)<br>Independent Spirit Awards (1x)<br>César Awards (1x)<br>Critics Choice Awards (1x)<br>Florida Film Critics Circle Awards (1x)<br>Cannes Film Festival (1x)<br>San Sebastián International Film Festival (1x)<br>;
158505;Pád do ticha;2003;84.41390847174095;106.0;https://image.pmgstatic.com/cache/resized/w420/files/images/film/posters/164/160/164160497_9wy7v3.jpg;https://www.csfd.cz/film/158505-pad-do-ticha/;Velká Británie;Drama / Dobrodružný / Dokumentární / Sportovní;Touching the Void;Film je natočený na motívy rovnomennej knihy Joe Simpsona. Rozpráva skutočný príbeh dvoch britských horolezcov Joe Simpsona a Simon Yatesa, ktorí prežili v roku 1985 tragickú nehodu vysoko v peruánskych Andách. Pri zliezaní západnej steny oboch spájalo jediné lano. Simpson sa však nešťastne zranil a oboch dostal do život ohrozujúcej situácie. Jediné, čo mohol Yates pre oboch spraviť, bolo prerezanie lana, ktoré ich spájalo. Simpson spadol do ľadovej trhliny, odkiaľ sa plazením a v bolestiach bez akéhokoľvek jedla a vody po temer štyroch dňoch dostal späť do základného tábora. Dorazil iba hodinu pred Yatesovým odchodom späť do Británie.Tento epický príbeh nie je len o horolezectve a horách. Je hlavne o ľudskej duši a sile.Ich návrat sprevádzali zmiešané reakcie. Spoločnosť bola šokovaná. Yates sa nevyhol silnej kritike zo strany horolezeckej komunity za prelomenie a porušenie nepísaného pravidla a tabu - za prerezanie spoločného lana. Nevyhol sa ani pokusu o vylúčenie z Alpine Club. Na základe silného psychického tlaku, ktorý bol vyvíjaný na Yatesa sa Simpson rozhodol publikovať ich spoločný príbeh ako vysvetlenie rozhodnutia priateľa, a aby vyvrátil jednostranný pohľad na jeho počínanie. Simpson veril, že Yatesovo rozhodnutie zachránilo životy obom.;28.05.2021 Pathé Distribution UK;podle knihy, přátelství, přátelé, boj o přežití, hory, sníh, pocit viny, těžký úraz, horolezci;Kevin Macdonald;Nicholas Aaron, Richard Hawking, Brendan Mackey, Joe Simpson, Simon Yates;https://apps.apple.com/cz/app/id6755365206<br>https://play.google.com/store/apps/details?id=cz.csfd.csfdroid<br>;British Independent Film Awards (BIFA) (2x)<br>;British Academy of Film and Television Arts (BAFTA) (1x)<br>British Independent Film Awards (BIFA) (2x)<br>;Joe Simpson
271008;Africké kočky: Království odvahy;2011;85.03115264797508;86.0;https://image.pmgstatic.com/cache/resized/w420/files/images/film/posters/161/520/161520523_6894d1.jpg;https://www.csfd.cz/film/271008-africke-kocky-kralovstvi-odvahy/;USA;Dokumentární / Dobrodružný;African Cats: Kingdom of Courage;Studio Disneynature, které stálo i za filmy Earth (Země) a Oceans (Oceány), přichází s epickým příběhem nazvaným Africké kočky: Království odvahy. Ten se odehrává na jednom z nejdivočejších míst na světě. Čeká vás neobyčejné dobrodružství dvou rodů, které se snaží přežít v divoké přírodě. Výborný obraz s vysokým rozlišením vám vyrazí dech, když se setkáte tváří v tvář s majestátem krále savany a opravdovou náklonností, odhodláním a humorem. Rodinná pouta se musí propojit s královskou mocí a velkolepou krásou africké přírody, a vy tak dostanete příležitost shlédnout snímek, který dojímá svou jednoduchou krásou.;Na DVD od 25.01.2012 Magic Box;zvířata, Afrika, lvi;Alastair Fothergill, Keith Scholey;Samuel L. Jackson;https://srv.clickfuse.com/ads/adclkr.php?id=100006636&url=https://tv.apple.com/cz/movie/african-cats/umc.cmc.1h3bjhigfdg04tavlf618r2ap<br>https://srv.clickfuse.com/ads/adclkr.php?id=100006636&url=https://tv.apple.com/cz/movie/african-cats/umc.cmc.1h3bjhigfdg04tavlf618r2ap<br>http://nature.disney.com/african-cats<br>https://apps.apple.com/cz/app/id6755365206<br>https://play.google.com/store/apps/details?id=cz.csfd.csfdroid<br>;;;
308301;Jiroovy vysněné sushi;2011;85.03225806451613;82.0;https://image.pmgstatic.com/cache/resized/w420/files/images/film/posters/159/924/159924566_c1f17c.jpg;https://www.csfd.cz/film/308301-jiroovy-vysnene-sushi/;USA;Dokumentární;Jiro Dreams of Sushi;Dokument o 85letém muži, který se své práci věnuje naplno a přes sedmdesát let dělá ve své malé restauraci sushi. Jeho restaurace se nachází v metru a i přes to, že je pouze pro 10 lidí honosí se třemi Michelinskými hvězdami. Jiro je na sebe příliš tvrdý a není nikdy spokojen, stejně tak je přísný na své syny z nichž jeden po něm bude muset jednou restauraci převzít. (HelloNiky);09.03.2012 Magnolia Pictures;jídlo, restaurace, vaření, kuchaři;David Gelb;Jiro Ono;https://apps.apple.com/cz/app/id6755365206<br>https://play.google.com/store/apps/details?id=cz.csfd.csfdroid<br>;;;
410032;Zastavte vymírání;2015;85.6100981767181;84.0;https://image.pmgstatic.com/cache/resized/w420/files/images/film/posters/160/195/160195561_e78935.jpg;https://www.csfd.cz/film/410032-zastavte-vymirani/;USA / Čína / Hongkong / Indonésie / Mexiko / Velká Británie;Dokumentární / Akční / Dobrodružný;Zastavme vymírání;"Louie Psihoyos, tvůrce oscarového filmu ""Zátoka"", je zpět s novým přelomovým dokumentem ""Zastavte vymírání"". V tomto novém pořadu se Psihoyos a jeho tým aktivistů pokusí odhalit dvě hlavní hrozby, které ohrožují divokou zvěř po celé planetě. Za prvé je to mezinárodní obchod s divokými zvířaty a podvodné léky a přípravky, které jsou prodávány veřejnosti na úkor zvířat, jež na této planetě žijí už miliony let. Druhá hrozba se nachází všude kolem nás. Jsou to skryté emise uhlíku a překyselené oceány, které zabíjí živé organismy. Díky nejmodernějším technologiím odhalíme, že velké ropné společnosti nechtějí, aby se o těchto skutečnostech vědělo. Psihoyos se nám pokusí ukázat, jaký dopad má naše chování na planetu a co je potřeba udělat, abychom zajistili vzkvétání našeho světa pro budoucí generace. (Animal Planet)";18.09.2015 Abramorama Films;zvířata, oceán, ekologie, fotograf, rybolov;Louie Psihoyos, David Doubilet;Elon Musk, Louie Psihoyos, Jane Goodall, Lester Brown, Stuart Pimm, Boris Worm, Eric Goode, Joel Sartore, Petr Štěpánek, Synte Peacock;https://srv.clickfuse.com/ads/adclkr.php?id=100006636&url=https://tv.apple.com/cz/movie/racing-extinction/umc.cmc.4sjntki0brolciz4qelprm9dv<br>https://srv.clickfuse.com/ads/adclkr.php?id=100006636&url=https://tv.apple.com/cz/movie/racing-extinction/umc.cmc.4sjntki0brolciz4qelprm9dv<br>https://apps.apple.com/cz/app/id6755365206<br>https://play.google.com/store/apps/details?id=cz.csfd.csfdroid<br>;Academy Awards (1x)<br>Sundance Film Festival (1x)<br>Melbourne International Film Festival (MIFF) (1x)<br>;;
277483;Rush: Beyond the Lighted Stage;2010;92.43697478991596;;https://image.pmgstatic.com/cache/resized/w420/files/images/film/posters/159/531/159531004_aaccd7.jpg;https://www.csfd.cz/film/277483-rush-beyond-the-lighted-stage/;Kanada;Dokumentární / Hudební;;Atraktivní dokumentární film o rockové skupině The Rush se promítal pouze jednou. Kvůli velkému zájmu fanoušků se kapela rozhodla snímek vydat na DVD a blu-ray. Příznivci kanadských The Rush se mohou těšit na balíček s bonusem, který nabídne dosud nezveřejněná koncertní vystoupení, materiály, na nichž se podílel původní bubeník, i záběry ze zákulisí. O snímku se velmi pochvalně vyjádřil např. magazín The Wall Street Journal. (Mates01);;;Sam Dunn, Scot McFadyen;Geddy Lee, Taylor Hawkins, Mick Box, Sebastian Bach, Les Claypool, Alex Lifeson, Neil Peart, Rupert Hine, Vinnie Paul, Kevin Shirley;https://apps.apple.com/cz/app/id6755365206<br>https://play.google.com/store/apps/details?id=cz.csfd.csfdroid<br>;;Tribeca Film Festival (1x)<br>;
230326;Metal & metalisté;2005;84.77955271565496;96.0;https://image.pmgstatic.com/cache/resized/w420/files/images/film/posters/159/411/159411424_08fd03.jpg;https://www.csfd.cz/film/230326-metal-metaliste/;Kanada;Dokumentární / Hudební;Metal: A Headbanger's Journey;"Jeden z nejoblíbenějších a zároveň nejodsuzovanějších hudebních žánrů. Unikátní kanadský dokument. Heavymetalový nadšenec a „hrozič"" Sam Dunn, původní profesí antropolog, hledá v netradičně pojatém dlouhometrážním dokumentu odpověď na otázku, proč je jeho oblíbený žánr předmětem ustavičného stereotypního odmítání a odsuzování. Heavy metal si během své čtyřicetileté existence získal miliony příznivců po celém světě. Při svém putování zpovídá Sam řadu význačných i rozporuplných osobností ze všech stran názorového spektra. Snaží se pochopit motivaci odpůrců heavy metalu a současně pátrá po příčinách až bezmezného obdivu jeho stoupenců. Za svůj dokument obdržel Sam Dunn v roce 2007 Cenu Kanadské filmové a televizní asociace (Gemini) za nejlepší původní scénář. (Česká televize)";;metal;Sam Dunn, Scot McFadyen;Alice Cooper, Rob Zombie, Dee Snider, Bruce Dickinson, Corey Taylor, Lemmy, Kristian Espedal, Angela Gossow, Vince Neil, Doro Pesch;http://www.ceskatelevize.cz<br>http://www.ceskatelevize.cz<br>http://www.youtube.com/watch?v=C0HX8d3SKzA<br>http://www.youtube.com/watch?v=mVeVPkfiUo8<br>https://apps.apple.com/cz/app/id6755365206<br>https://play.google.com/store/apps/details?id=cz.csfd.csfdroid<br>;;;
11368;Bruce Lee: Cesta bojovníka;2000;85.4259501965924;100.0;https://image.pmgstatic.com/cache/resized/w420/files/images/film/posters/000/010/10367_0d8f79.jpg;https://www.csfd.cz/film/11368-bruce-lee-cesta-bojovnika/;USA / Velká Británie / Hongkong;Dokumentární;Bruce Lee: A Warrior's Journey;"V roce 1972 natočil Bruce Lee tři téměř dokonalé akční scény. Původně měly být součástí filmu ""The Game Of Death"", který však bohužel nikdy nebyl dokončen. Tyto tři pasáže zmizely na dlouhou dobu z povědomí odborníků. Až v roce 1994 objevil John Little originální scénář, choreografické poznámky a popis příběhu, takže se mohl pustit do rozsáhlé rekonstrukce původního filmu za pomoci Bruceovy manželky a jeho nejlepšího žáka. Výsledkem je Bruce Lee: Cesta bojovníka, film, který dokumentuje původní záměry akční hvězdy.";Na DVD od 28.01.2002 Warner Bros. CZ;;Bruce Lee, John Little;Bruce Lee, Kareem Abdul-Jabbar, Dan Inosanto, James Franciscus, James Garner, Angela Mao, Bey Logan, Taky Kimura, Robert Baker, Van Williams;https://apps.apple.com/cz/app/id6755365206<br>https://play.google.com/store/apps/details?id=cz.csfd.csfdroid<br>;;;
250463;Global Metal;2007;84.95366470092671;93.0;https://image.pmgstatic.com/cache/resized/w420/files/images/film/posters/000/059/59535_d23de6.jpg;https://www.csfd.cz/film/250463-global-metal/;Kanada;Dokumentární / Hudební;;Dokument o lidech, kteří si tento druh hudby zvolili pro život. Postupně se podíváme do Brazílie, Japonska, Indie, Číny, Izraele a na Střední východ. Zjistíme, že jinde je tento styl brán jako postoj proti zažitým tradicím anebo proti represím daného režimu. (Kryton);;metal;Sam Dunn, Scot McFadyen;Bruce Dickinson, Sam Dunn, Lars Ulrich, Prabhu Deva, Dave Murray, Adrian Smith, Max Cavalera, Tom Araya, Kerry King, Marty Friedman;https://apps.apple.com/cz/app/id6755365206<br>https://play.google.com/store/apps/details?id=cz.csfd.csfdroid<br>;;;
222023;Andy Goldsworthy;2001;86.2127659574468;90.0;https://image.pmgstatic.com/cache/resized/w420/files/images/film/posters/163/604/163604327_ba0ad7.jpg;https://www.csfd.cz/film/222023-andy-goldsworthy/;Německo / Finsko / Velká Británie;Dokumentární / Životopisný;Řeky a přílivy: Andy Goldsworthy(festivalový název);Film o umělci se sám může stát uměleckým dílem. Nabízí jedinečnou cestu do „krajin vnitřních a vnějších“ se skotským výtvarníkem a legendou land artu. Goldsworthy používá materiál, který nachází v krajině, a vytváří z něj díla pro konkrétní prostor (site-specific). Poslední slovo při tvorbě ponechává zvoleným prvkům, místu a klimatu: konstelace dřeva, listů či ledu ožívají pohybem, podléhají erozi a času. Německý filmař Riedelsheimer putoval s Goldsworthym jeden rok. Snímá ho intimně, nechává ho zlehka komentovat jeho snahu pomoci „vidět to, co nikdy dřív, i když to tam po celou dobu bylo, ale byli jsme vůči tomu slepí.“ (Febiofest);;umění, land art;Thomas Riedelsheimer;Andy Goldsworthy, Anna Goldsworthy, Holly Goldsworthy, James Goldsworthy, Judith Goldsworthy, Thomas Goldsworthy;https://apps.apple.com/cz/app/id6755365206<br>https://play.google.com/store/apps/details?id=cz.csfd.csfdroid<br>;;German Film Awards (2x)<br>;
227666;Marcela;2006;84.41473559120618;82.0;https://image.pmgstatic.com/cache/resized/w420/files/images/film/posters/159/801/159801530_dcbc1b.jpg;https://www.csfd.cz/film/227666-marcela/;Česko;Dokumentární;Marcela;Cyklus časosběrných dokumentů Manželské etudy proběhl obrazovkou České televize v lednu a únoru 2006 a vyvolal nebývalý ohlas. Zejména pátý příběh v pořadí, kdy na konci natáčení tragicky zemřela dcera hlavní hrdinky. Diváci se vzbouřili proti nešťastnému osudu a aktivně vstoupili do děje. Zoufalé matce Marcele začali posílat peníze, volali jí, psali, pomáhali. To je pro režiséra velká výzva. Dokumentaristka Helena Třeštíková pohlíží na Marcelu v nově zpracovaném dokumentu. Snímek získal cenu za nejlepší evropský dokument na mezinárodním festivalu v Sevile a cenu za nejlepší dokument na přehlídce českých filmů Finále Plzeň 2007.;Na DVD od 28.01.2008 Bontonfilm;rodina, žena režisérka, děti, manželé;Helena Třeštíková;;https://www.ceskatelevize.cz/porady/10130556104-marcela?utm_source=csfd&utm_medium=section_vod&utm_campaign=link<br>https://www.ceskatelevize.cz/porady/10130556104-marcela?utm_source=csfd&utm_medium=section_vod&utm_campaign=link<br>https://apps.apple.com/cz/app/id6755365206<br>https://play.google.com/store/apps/details?id=cz.csfd.csfdroid<br>;;Český lev (1x)<br>;
208106;Karel Kryl - kdo jsem…?;1993;85.02325581395348;85.0;https://image.pmgstatic.com/cache/resized/w420/files/images/film/posters/168/832/168832590_elqd17.jpg;https://www.csfd.cz/film/208106-karel-kryl-kdo-jsem/;Česko / Slovensko;Hudební / Poetický / Dokumentární;Karel Kryl - kto som?;Výrazná osobnost české hudební scény Karel Kryl v roce 1993 společně s režisérem Dušanem Rapošem natočil komorní medailonek, odhalující jeho životní postoje a názory. Ty jsou prezentovány výhradně jeho vlastní tvorbou. Písně a básně, staršího i novějšího data, tak dají nahlédnout do duše umělce, který svou zemi musel nuceně opustit a po dlouhá léta sledovat dění v ní jen zpovzdálí. (Česká televize);;;Dušan Rapoš;Karel Kryl;http://www.ceskatelevize.cz<br>http://www.ceskatelevize.cz<br>https://apps.apple.com/cz/app/id6755365206<br>https://play.google.com/store/apps/details?id=cz.csfd.csfdroid<br>;;;
35286;Jimi Hendrix;1973;88.65116279069767;98.0;https://image.pmgstatic.com/cache/resized/w420/files/images/film/posters/164/950/164950670_23c830.jpg;https://www.csfd.cz/film/35286-jimi-hendrix/;USA;Dokumentární;Jimi Hendrix;Dvoudisková speciální DVD edice vám do detailů přiblíží život i hudební dráhu legendárního kytaristy, Jimiho Hendrixe. Film tvoří vyprávění jeho rodiny a blízkých přátel a také takových hvězd jako jsou Eric Clapton, Mick Jagger, Pete Townshend či Little Richard, kteří se s vámi podělí o své vlastní vzpomínky na největšího rockového kytaristu všech dob. Jedná se o první hudební záznam ve formátu Dolby 5.1, který připravil původní Hendixův zvukový inženýr, Eddie Kramer, a na dvoudiskové edici vás čeká více než 87 minut DVD bonusů.;21.12.1973 Warner Bros. US;;Gary Weis;Mick Jagger, Eric Clapton, Jimi Hendrix, Noel Redding, Lou Reed, Billy Cox, Pete Townshend, Paul Caruso, Mitch Mitchell, Little Richard;https://apps.apple.com/cz/app/id6755365206<br>https://play.google.com/store/apps/details?id=cz.csfd.csfdroid<br>;;;
45359;Dogtown and Z-Boys;2001;85.88454376163874;91.0;https://image.pmgstatic.com/cache/resized/w420/files/images/film/posters/158/495/158495975_c125c4.jpg;https://www.csfd.cz/film/45359-dogtown-and-z-boys/;USA;Dokumentární / Sportovní;;Agresivní styl jízdy na skateboardu Z-Boys, kteří původně jezdili na surfech v té době neupravených plážích Los Angeles ve čtvrti Dogtown. Časem zjistili, že když nefouká vítr a nejsou vlny, tak se nemusí nudit a můžou své triky trénovat i na souši na skateboardech. Snímek ukazuje životní cesty hlavních skateboardových osobností sedmdesátých let: Tony Alva, Stacy Peralta a Jay Adams. (Calid);26.04.2002 Sony Pictures Classics;skateboarding;Stacy Peralta;Sean Penn, Tony Hawk, Tony Alva, Henry Rollins, Stacy Peralta, Ian MacKaye, Jay Adams, Chris Watts, Glen E. Friedman;https://apps.apple.com/cz/app/id6755365206<br>https://play.google.com/store/apps/details?id=cz.csfd.csfdroid<br>;Sundance Film Festival (1x)<br>;Independent Spirit Awards (1x)<br>Sundance Film Festival (2x)<br>;
327410;Bones Brigade: An Autobiography;2012;89.71098265895954;90.0;https://image.pmgstatic.com/cache/resized/w420/files/images/film/posters/160/130/160130591_b4d7c9.jpg;https://www.csfd.cz/film/327410-bones-brigade-an-autobiography/;USA;Dokumentární / Sportovní;Bones Brigade: An Autobiography;Po první skateboardové vlně z Dogtownu se zdálo, že tenhle sport pomalu ale jistě umírá. Z trosek zničených bazénů a skateparků ale povstala nová generace jezdců, která skateboardingu propůjčila tvář a z odcizených betonových parků ho vtáhla i do ulic a na malé rampy ve dvorcích domů. Stacy Peralta, dokumentarista a jeden z dogtownských Z-Boys, dal dohromady tým mladých talentovaných jezdců, který nezvratně změnil skateboarding, a v roce 2012 se k němu vrátil a věnoval mu celovečerní dokument, který si tahle parta rozhodně zasloužila. (Popluh);;skateboarding;Stacy Peralta;Shepard Fairey, Tony Hawk, Stacy Peralta, Ben Harper, Fred Durst, Tony Alva;https://apps.apple.com/cz/app/id6755365206<br>https://play.google.com/store/apps/details?id=cz.csfd.csfdroid<br>;;;
276539;That's It, That's All.;2008;85.2987012987013;63.0;https://image.pmgstatic.com/cache/resized/w420/files/images/film/posters/000/410/410839_28e0f9.jpg;https://www.csfd.cz/film/276539-that-s-it-that-s-all/;USA;Dokumentární / Sportovní;;Film, ktorý posunul snowboarding do nekonečna a ešte ďalej. Projekt je ukážkou toho najlepšieho od Travisa Ricea, jedného z najrešpektovanejších jazdcov v SNB svete. Dva roky cestovali producenti Travis Rice a Curt Morgan po celom svete, aby našli podmienky, za ktorých by dokázali vystihnúť a zobraziť pravú podstatu snowboardingu tak, ako ju cítia... a teraz ten výsledok môžeme precítiť aj my. Uvidíme Nový Zéland, Japonsko a Mníchov (počas X-Games), B.C., Wyoming, Jackson Hole, Valdez... a ďalšie miesta, kde by sme tiež určite radi obuli dosku a sprevádzať nás budú týpci ako Travise Rice, Mark Landvik, Nicolas Müller, Terje Hakonsen, Pat Moore, Scotty Lago a ďalší. (casioa....);;snowboarding;Curt Morgan;Travis Rice, Scotty Lago, Terje Håkonsen, Nicolas Müller;https://apps.apple.com/cz/app/id6755365206<br>https://play.google.com/store/apps/details?id=cz.csfd.csfdroid<br>;;;
275789;The White Stripes: Under Great White Northern Lights;2009;86.84057971014492;93.0;https://image.pmgstatic.com/cache/resized/w420/files/images/film/posters/159/532/159532809_5bdb6b.jpg;https://www.csfd.cz/film/275789-the-white-stripes-under-great-white-northern-lights/;USA;Dokumentární / Hudební;;"Záznam koncertního turné rockového dua The White Stripes po Kanadě z roku 2007. Snímek zachycuje vše, co se na koncertní šňůře přihodilo, včetně slavného ""koncertu"" o jedné notě, hraní v bowlingové hale, na rybářské lodi nebo v autobuse. (montana_cz)";;;Emmett Malloy;Jack White, Meg White;https://srv.clickfuse.com/ads/adclkr.php?id=100006636&url=https://tv.apple.com/cz/movie/the-white-stripes-under-great-white-northern-lights/umc.cmc.3wffo1uyr7hnxui5foupsjtyy<br>https://srv.clickfuse.com/ads/adclkr.php?id=100006636&url=https://tv.apple.com/cz/movie/the-white-stripes-under-great-white-northern-lights/umc.cmc.3wffo1uyr7hnxui5foupsjtyy<br>https://apps.apple.com/cz/app/id6755365206<br>https://play.google.com/store/apps/details?id=cz.csfd.csfdroid<br>;;;
265894;Roxette: The Complete Collection 1987-2001;2001;93.08411214953271;;https://image.pmgstatic.com/cache/resized/w420/files/images/film/posters/000/062/62932_7b402a.jpg;https://www.csfd.cz/film/265894-roxette-the-complete-collection-1987-2001/;Kanada / USA;Hudební / Dokumentární;;"Od roku 1986 už uteklo hodně vody, proto Gun-Marie Fredriksson a Per Håkan Gessle alias Roxette vydávají v roce 2001 své video album. Najdete zde všechny videoklipy, co tohle švédské duo vydalo. Třicet pět oficiálních klipů a dalších pět bonusových, které byly natočeny na koncertních turné, či TV vystoupeních. Jako další bonus jsou zde k vidění dva dokumenty. První je padesátiminutový ""The Making Of Joyride"" o zákulisí videoklipu Joyride. Druhý hodinový dokument ""Really Roxette"" je z roku 1995. (st.jim)";;;;Marie Fredriksson, Per Gessle;https://apps.apple.com/cz/app/id6755365206<br>https://play.google.com/store/apps/details?id=cz.csfd.csfdroid<br>;;;
283075;Finanční krize;2010;84.2123629112662;109.0;https://image.pmgstatic.com/cache/resized/w420/files/images/film/posters/158/597/158597838_de7632.jpg;https://www.csfd.cz/film/283075-financni-krize/;USA;Dokumentární;Inside Job;Na Cenu Akademie nominovaný režisér Charles Ferguson (Konec v nedohlednu) uvádí finanční krize, první film, který odhaluje šokující pravdu, jež se skrývá za ekonomickou krizí z roku 2008. Globální finanční kolaps přišel na dvacet bilionů dolarů, miliony lidí připravil o práci a jejich domovy. Pomocí rozsáhlého výzkumu a rozhovorů s významnými finančními odborníky, politiky a novináři finanční krize hledá stopy vzestupu loupeživého průmyslu a odhaluje zhoubné vztahy, které korumpovaly politiky, zákonodárce i akademiky.;08.10.2010 Sony Pictures Classics;podvod, banka, kapitalismus, ekonomie, finanční krize, globalizace, investice;Charles Ferguson;Matt Damon, Andri Snær Magnason;https://srv.clickfuse.com/ads/adclkr.php?id=100006636&url=https://tv.apple.com/cz/movie/inside-job/umc.cmc.3i8u8o4m0a3f4qi1m9gd7ueei<br>https://www.youtube.com/watch?v=yVheuRWVqYI<br>https://srv.clickfuse.com/ads/adclkr.php?id=100006636&url=https://tv.apple.com/cz/movie/inside-job/umc.cmc.3i8u8o4m0a3f4qi1m9gd7ueei<br>https://www.youtube.com/watch?v=yVheuRWVqYI<br>https://apps.apple.com/cz/app/id6755365206<br>https://play.google.com/store/apps/details?id=cz.csfd.csfdroid<br>;Critics Choice Awards (1x)<br>;Academy Awards (1x)<br>New York Film Critics Circle Awards (1x)<br>;
44503;Michael Jordan to the Max;2000;92.56637168141593;46.0;https://image.pmgstatic.com/cache/resized/w420/files/images/film/posters/158/981/158981741_82c67f.jpg;https://www.csfd.cz/film/44503-michael-jordan-to-the-max/;USA;Dokumentární / Sportovní;Michael Jordan to the Max;"Michael Jordan to the Max je nejnákladnější dokument o Michaelu Jordanovi, který byl o této ""Legendě"" kdy natočen. Dokument se zaobírá Michaelovým posledním Playoff za Chicago Bulls, v roce 1998. Michael Jordan zde dotáhl Chicago k šestému titulu a poté se s týmem rozloučil. (Imazol)";;basketbal;James D. Stern;Michael Jordan, Bob Costas, Bill Murray, Laurence Fishburne, Spike Lee, Steve Kerr, Doug Collins;https://apps.apple.com/cz/app/id6755365206<br>https://play.google.com/store/apps/details?id=cz.csfd.csfdroid<br>;;;
375579;Atentát na Heydricha - Příběh Jozefa Gabčíka a Jana Kubiše;2013;86.97819314641744;75.0;//static.pmgstatic.com/assets/images/050b5bad23b8eb0b4f88f971b8f6a168/empty-image.svg;https://www.csfd.cz/film/375579-atentat-na-heydricha-pribeh-jozefa-gabcika-a-jana-kubise/;Slovensko;Dokumentární / Válečný;Atentát na Heydricha - Príbeh Jozefa Gabčíka a Jana Kubiša;Atentát na zastupujúceho ríšskeho protektora Reinharda Heydricha bol jedným z najväčších odbojových činov II. svetovej vojny. Rozkaz na likvidáciu tretieho muža Ríše vykonali dvaja vojaci – Slovák a Čech. Po atentáte sa im napriek obrovskej snahe Gestapa darilo takmer mesiac skrývať. Dokázali to vďaka obrovskej pomoci obyčajných ľudí, ktorí vedeli, že za pomoc parašutistom hrozí im aj celej ich rodine poprava. Nakoniec ich ale zradil vlastný. Parašutista, ktorý prezradil rodiny, ktoré im pomáhali. Posledný boj parašutistov bol výrazom nesmiernej odvahy siedmich mužov, ktorí sa postavili 700 vojakom SS. Vzdať sa odmietli a poslednú guľku si nechali pre seba. Ako vlastne celý atentát prebiehal? A čo sa stalo s Gabčíkovou rodinou, ktorá žila mimo Protektorátu? Malo na nich Gestapo dosah? Vďaka zabudnutým archívom vám vo filme povieme aj to, čo Gestapu povedal Gabčíkov otec. (Art Film Fest);;20. století, období 1940-1950, 2. světová válka, atentát, heydrichiáda;Veronika Tóthová;Jaroslav Čvančara;https://apps.apple.com/cz/app/id6755365206<br>https://play.google.com/store/apps/details?id=cz.csfd.csfdroid<br>;;;
541578;Eric Clapton: život ve dvanácti taktech;2017;86.0475161987041;135.0;https://image.pmgstatic.com/cache/resized/w420/files/images/film/posters/162/484/162484186_1d5ee5.png;https://www.csfd.cz/film/541578-eric-clapton-zivot-ve-dvanacti-taktech/;Velká Británie;Dokumentární / Hudební / Životopisný;Eric Clapton;Dokumentární film Eric Clapton přináší divákům nevšedně intimní pohled na umělcův osobní život, kariéru, vzestupy a pády. Celý dokument je věrohodný i díky tomu, že je doplněn o vyprávění samotného kytaristy a jeho blízkých sestavené z historických i nově zaznamenaných rozhovorů. Divákům se naskytne možnost nahlédnout do Ericova osobního archivu, ve kterém jsou videozáznamy z jeho nejlepších koncertů a ze zákulisí, domácí videa, soukromé fotografie, dopisy a osobní zápisky z Ericova deníků. Claptonův talent je zde znázorněn upřímně a pravdivě, bez pozlátka. Za jeho úspěchy totiž stojí zejména ambice, tvrdá práce a bohužel i životní tragédie. (CinemArt);12.01.2018 Altitude Film Distribution;;Lili Fini Zanuck;Eric Clapton, John Mayall, Roger Waters, George Harrison, Pattie Boyd, Gary Wright, John McVie;https://apps.apple.com/cz/app/id6755365206<br>https://play.google.com/store/apps/details?id=cz.csfd.csfdroid<br>;;;
619151;The Russian Five;2018;88.17391304347827;102.0;https://image.pmgstatic.com/cache/resized/w420/files/images/film/posters/164/261/164261773_3d0d09.jpg;https://www.csfd.cz/film/619151-the-russian-five/;USA / Kanada / Rusko;Dokumentární / Sportovní;;Detroitský hokejový klub jen smutně vzpomíná na doby, kdy vyhrával, hokej ve městě již nikoho nebaví. Přichází nový vlastník, který se nebojí riskovat a postupně draftuje ruské hráče, aniž by měl jistotu, že vůbec někdy za klub nastoupí. Nemyslitelné se stalo skutkem, Sovětský svaz se rozpadá a ruští hráči postupně přicházejí. A pak se začínají dít věci, na které je dodnes celý hokejový Detroit hrdý. (Snorlax);;přátelství, přátelé, peníze, sláva, trenér, emigrace, těžký úraz, hokej, železná opona, bruslení, NHL;Joshua Riehl;;https://apps.apple.com/cz/app/id6755365206<br>https://play.google.com/store/apps/details?id=cz.csfd.csfdroid<br>;;;
331364;Be Here Now;2015;88.57142857142857;100.0;https://image.pmgstatic.com/cache/resized/w420/files/images/film/posters/161/549/161549056_fecdb0.jpg;https://www.csfd.cz/film/331364-be-here-now/;USA / Austrálie;Dokumentární / Životopisný / Drama;;Andy Whitfield byl herec a model, který se proslavil především rolí ústřední postavy v seriálu Spartakus: Krev a písek. V roce 2010 mu byl diagnostikován Non-Hodgkingův lymfom, onemocnění způsobující rakovinu krve, které o osmnáct měsíců později ve svých devětatřiceti letech podlehl. Dokument zachycuje Andyho boj proti rakovině, do kterého vložil stejné odhodlání jako své roli slavného Spartaka. Zachycen je také osobní život Andyho, jeho manželky a jejich dvou dětí, progrese rakoviny a široká škála emocí (láska, hněv, smutek, podpora, naděje i beznaděj). Andy, který pomalu podléhává nemoci, je ukazován jako pokorný člověk milující svou rodinu. (Bospor);;;Lilibet Foster;Andy Whitfield;https://apps.apple.com/cz/app/id6755365206<br>https://play.google.com/store/apps/details?id=cz.csfd.csfdroid<br>;;;
508436;Irsko z výšky;2017;89.33333333333333;46.0;//static.pmgstatic.com/assets/images/050b5bad23b8eb0b4f88f971b8f6a168/empty-image.svg;https://www.csfd.cz/film/508436-irsko-z-vysky/;Irsko;Dokumentární;Krásné drsné Irsko;Irsko je země plná krásné přírody a bohaté historie. Nepromarněte jedinečnou příležitost prohlédnout si ho z ptačí perspektivy... Tento film je poutavým a poučným příběhem o Irsku: jeho geologii, přírodním terénu, dějinách i architektuře, a to pohledem z výšky. Pozoruhodné záběry natočené pomocí helikoptér nebo dronů zachycují různé tváře historicky nejvýznamnějšího a nejkrásnějšího ostrova západní Evropy. Vychutnejte si pohled na Smaragdový ostrov, jak jste ho ještě neviděli. Na krajinu vytvořenou ustupujícími ledovci doby ledové, neolitické hrobky a prehistorické pevnosti z éry Keltů, úchvatnou architekturu raného keltského kostela, středověká města a hrady z doby Vikingů a Normanů, ale i shon a šum moderních metropolí informačního věku. Toto je příběh o krajině, o které jste si mysleli, že ji dobře znáte, z úplně nové a nečekané perspektivy. (TV Prima);;;Stephen Rooke;;https://apps.apple.com/cz/app/id6755365206<br>https://play.google.com/store/apps/details?id=cz.csfd.csfdroid<br>;;;
222614;Vlasta Burian;1958;92.45614035087719;36.0;//static.pmgstatic.com/assets/images/050b5bad23b8eb0b4f88f971b8f6a168/empty-image.svg;https://www.csfd.cz/film/222614-vlasta-burian/;Československo;Dokumentární / Krátkometrážní;;Medailon o Vlastu Burianovi, s komentářem Františka Filipovského. Film je prolínán nejlepšími záběry z filmů: Lelíček ve službách Sherlocka Holmese, Funebrák, Anton Špelec, ostrostřelec, U snědeného krámu, Nezlobte dědečka a Katakomby. Druhý střihový film Vlasty Buriana. Film byl vytvořen ze stejného důvodu jako první (Kolotoč humoru) a sestavil ho Bohumil Brejcha. (krib);;;Bohumil Brejcha;František Filipovský, Vlasta Burian;https://apps.apple.com/cz/app/id6755365206<br>https://play.google.com/store/apps/details?id=cz.csfd.csfdroid<br>;;;
419230;Věčná Slavia;2016;86.36591478696742;57.0;https://image.pmgstatic.com/cache/resized/w420/files/images/film/posters/160/607/160607088_34f58a.jpg;https://www.csfd.cz/film/419230-vecna-slavia/;Česko;Dokumentární / Sportovní;;120 let fotbalové Slavie je historií klubu, jehož někteří hráči, jako třeba František Plánička nebo Pepi Bican, přerostli ve sportovní hvězdy světové úrovně. Dokument zachycuje jednotlivá období slávistické historie, ovlivněná společenskou a politickou situací naší země během minulého století až do současnosti.Dokument o historii a sportovním zápolení našeho legendárního fotbalového klubu zachycuje cestu Slavie od jejího vzniku jako literárního a řečnického klubu, přes příběhy jejích fotbalových hvězd s mezinárodním renomé, až po současnou dobu, kdy se střídání majitelů podepsalo jak na úspěších, tak na prohrách Slavie. (Česká televize);;fotbal;Jana Škopková;Jan Kačer, Luděk Munzar, Vladimír Šmicer, Pavel Kuka, Josef Laufer, František Plánička, Karel Effa, Vladimír Menšík, Miroslav Ondříček, Josef Kemr;http://www.ceskatelevize.cz<br>http://www.ceskatelevize.cz<br>https://apps.apple.com/cz/app/id6755365206<br>https://play.google.com/store/apps/details?id=cz.csfd.csfdroid<br>;;;
717353;Woodstock: festival jedné generace;2019;86.89024390243902;99.0;https://image.pmgstatic.com/cache/resized/w420/files/images/film/posters/163/448/163448723_d1b0d7.jpg;https://www.csfd.cz/film/717353-woodstock-festival-jedne-generace/;USA;Dokumentární;Woodstock;Příběh nadčasové události, která svou atmosférou a úžasnou muzikou psala dějiny populární hudby... V srpnu roku 1969 se téměř půl milionu lidí ze všech koutů Spojených států, ale i celého světa, sešlo na malé farmě ve státě New York na hudebním festivalu. Přišli za skvělou muzikou, ale zažili něco mnohem většího a hlubšího. Poznali atmosféru naprostého porozumění a souznění, která vycházela z ideálů květinové revoluce. Festival Woodstock se stal první velkou hudební akcí, které položila základy dalším velkým koncertům. Toto prvenství sebou neslo i obtíže, které byly dány nezkušeností pořadatelů a enormním zájmem posluchačů. Díky snaze organizátorů a okolního světa, ale i díky neskutečnému přístupu všech účastníků, proběhla celá akce bez vážnějšího incidentu. Dokument postavený na výpovědích přímých účastníků z řad pořadatelů i diváků přináší originální příběh festivalu ve Woodstocku od prvotní myšlenky až po závěrečné vystoupení Jimiho Hendrixe a odjezd posledních fanoušků. (Česká televize);;hippies;Barak Goodman;Joan Baez, David Crosby, Richie Havens, Dan Rather, Stephen Stills, Bonnie Beecher;http://www.ceskatelevize.cz<br>http://www.ceskatelevize.cz<br>https://apps.apple.com/cz/app/id6755365206<br>https://play.google.com/store/apps/details?id=cz.csfd.csfdroid<br>;;;
541794;Black Sabbath: The End of The End;2017;86.76470588235294;120.0;https://image.pmgstatic.com/cache/resized/w420/files/images/film/posters/163/108/163108374_344e04.png;https://www.csfd.cz/film/541794-black-sabbath-the-end-of-the-end/;Velká Británie;Dokumentární / Hudební;Black Sabbath: The End of The End;Kapela Black Sabbath se v únoru 2017 rozloučila se svými fanoušky dvěma monstrózními koncerty ve svém domovském Birminghamu. Vznikl z nich koncertní snímek s lakonickým názvem The End of The End a jako každé ‚sbohem' je doslova nabitý emocemi. Během vystoupeních završujících téměř 50letou éru vynálezců heavy metalu zazněly nejslavnější hity jako „Iron Man“, „Paranoid“ nebo protiválečná „War Pigs“ v podání původního složení kapely včetně Ozzyho Osbourna, kytaristy Tonyho Iommiho a basáka Terrence „Geezera“ Butlera. Heavymetaloví klasici odehráli během půl století dlouhé kariéry na 80 koncertů, které vidělo víc než milion fanoušků po celém světě. Skladby, které zazněly na derniérovém podiu, ve filmu doplní exkluzivní zákulisní záběry a osobní rozhovory, v nichž kapela vzpomíná na desetiletí společného působení. Kamera navštíví také nahrávací studio, v němž si rockeři střihnou staré skladby, které nikdy nezazněly před živým publikem. Film jako ‚labutí píseň' největší heavymetalové kapely všech dob natočil Dick Carruthers, ostřílený režisér řady velkých hudebních snímků. (Aerofilms);22.09.2017;;Dick Carruthers;Ozzy Osbourne, Tony Iommi, Geezer Butler, Tommy Clufetos;https://apps.apple.com/cz/app/id6755365206<br>https://play.google.com/store/apps/details?id=cz.csfd.csfdroid<br>;;;
175118;Válečný fotograf;2001;85.80392156862744;96.0;https://image.pmgstatic.com/cache/resized/w420/files/images/film/posters/159/799/159799621_1542ab.jpg;https://www.csfd.cz/film/175118-valecny-fotograf/;Švýcarsko;Dokumentární;War Photographer;Snímek o americkém fotografovi Jamesi Nachtweyovi, o jeho motivaci, strachu a denní rutině válečného fotografa. Uvěříme-li hollywoodským filmům, pak jsou všichni váleční fotografové otrlí a cyničtí drsňáci. Jak jinak by v tak hrůzných situacích mohli myslet na „dobu osvitu“? Švýcarský režisér a producent Christian Frei následoval Jamese Nachtweye na cestách po válečných oblastech v Indonésii, Kosovu či Palestině. Používal speciální mikrokamery připevněné na Nachtweyův fotoaparát. Můžeme tak sledovat, jak slavný fotograf čeká na rozhodující okamžik. Slyšíme, jak dýchá. Poprvé v historii filmů o životě fotografů přináší tato technika autentický vhled do práce zúčastněného fotožurnalisty. (Doc Alliance Films);;smrt, válka, fotograf;Christian Frei;James Nachtwey, Christiane Amanpour, Hans-Hermann Klare, Denis O'Neill;https://apps.apple.com/cz/app/id6755365206<br>https://play.google.com/store/apps/details?id=cz.csfd.csfdroid<br>;Academy Awards (1x)<br>;;
306787;Dylan Moran: Yeah, Yeah;2011;84.50528935905413;93.0;https://image.pmgstatic.com/cache/resized/w420/files/images/film/posters/000/432/432111_75f10c.jpg;https://www.csfd.cz/film/306787-dylan-moran-yeah-yeah/;Velká Británie;Komedie / Dokumentární;;Záznam vystúpenia jedného z najpopulárnejších komikov súčastnosti, Dylana Morana. Moran sa zaoberá aktuálnymi politickými udalosťami a poukazuje na nepríjemné stránky ľudského života.Vystúpenie sa konalo v roku 2011 v Londýne (toi-toi);;stand-up comedy;Paul Machliss;Dylan Moran;https://apps.apple.com/cz/app/id6755365206<br>https://play.google.com/store/apps/details?id=cz.csfd.csfdroid<br>;;;
270354;Slayer: War at the Warfield;2003;91.29770992366412;91.0;https://image.pmgstatic.com/cache/resized/w420/files/images/film/posters/000/063/63990_0cb82b.jpg;https://www.csfd.cz/film/270354-slayer-war-at-the-warfield/;USA;Dokumentární / Hudební;;"Záznam koncertu legendární americké thrash metalové skupiny Slayer ve Warfield Thearte v San Franciscu, Kalifornii. Natočeno 7. prosince 2001.Seznam skladeb: 1. ""Darkness of Christ"" 2. ""Disciple"" 3. ""War Ensemble"" 4. ""Stain of Mind"" 5. ""New Faith"" 6. ""Postmortem"" 7. ""Raining Blood"" 8. ""Hell Awaits"" 9. ""Here Comes the Pain"" 10. ""Die By The Sword"" 11. ""Dittohead"" 12. ""Bloodline"" 13. ""God Send Death"" 14. ""Dead Skin Mask"" 15. ""Seasons in the Abyss"" 16. ""Captor of Sin"" 17. ""Mandatory Suicide"" 18. ""Chemical Warfare"" 19. ""South of Heaven"" 20. ""Angel of Death"" 21. ""Bonus Material"" (Chatterer)";;metal;;Kirk Hammett, Tom Araya, Paul Bostaph, Kerry King;https://apps.apple.com/cz/app/id6755365206<br>https://play.google.com/store/apps/details?id=cz.csfd.csfdroid<br>;;;
395072;Meru;2015;84.32036613272311;90.0;https://image.pmgstatic.com/cache/resized/w420/files/images/film/posters/166/174/166174599_7ea46d.jpg;https://www.csfd.cz/film/395072-meru/;USA;Dokumentární / Sportovní;;Dokument o třech špičkových horolezcích, kteří se na indické hoře Meru pokouší zdolat takzvanou Žraločí ploutev, jeden z nejnáročnějších vrcholů na světě. (Netflix);Na Blu-ray od 06.04.2022 Magic Box;hory, horolezci, Himálaj;Jimmy Chin, Elizabeth Chai Vasarhelyi;Jon Krakauer, Conrad Anker, Renan Ozturk, Jimmy Chin;https://srv.clickfuse.com/ads/adclkr.php?id=100006636&url=https://tv.apple.com/cz/movie/meru/umc.cmc.2awnemhi8yz2fvd10qhpnkcnk<br>https://www.youtube.com/watch?v=rANS8jtzS1c<br>https://www.netflix.com/<br>https://srv.clickfuse.com/ads/adclkr.php?id=100006636&url=https://tv.apple.com/cz/movie/meru/umc.cmc.2awnemhi8yz2fvd10qhpnkcnk<br>https://www.youtube.com/watch?v=rANS8jtzS1c<br>https://apps.apple.com/cz/app/id6755365206<br>https://play.google.com/store/apps/details?id=cz.csfd.csfdroid<br>;Independent Spirit Awards (1x)<br>Sundance Film Festival (1x)<br>;Sundance Film Festival (1x)<br>;
134976;Moto GP: v zajetí rychlosti;2003;86.0730593607306;103.0;https://image.pmgstatic.com/cache/resized/w420/files/images/film/posters/000/037/37516_6873b1.jpg;https://www.csfd.cz/film/134976-moto-gp-v-zajeti-rychlosti/;USA;Dokumentární;Faster;Tento dokument nás pozve do zákulisí nejprestižnější motocyklové soutěže na světě. V dokumentu najdete také profily nejlepších jezdců, názory odborníků ale i realizačního týmu. Poznejte nehrané napětí, karamboly a touhu po výtězství v zajetí rychlosti v soutěži Moto GP. (masw);Na DVD od 14.08.2008 Vapet production;motorky, závody;Mark Neale;Ewan McGregor, Valentino Rossi, Claudio Costa;https://srv.clickfuse.com/ads/adclkr.php?id=100006636&url=https://tv.apple.com/cz/movie/faster/umc.cmc.76u3a3he5pa2nll0ouu8k91uu<br>https://www.youtube.com/watch?v=yo8tVDVEXAE<br>https://srv.clickfuse.com/ads/adclkr.php?id=100006636&url=https://tv.apple.com/cz/movie/faster/umc.cmc.76u3a3he5pa2nll0ouu8k91uu<br>https://www.youtube.com/watch?v=yo8tVDVEXAE<br>https://apps.apple.com/cz/app/id6755365206<br>https://play.google.com/store/apps/details?id=cz.csfd.csfdroid<br>;;;
210788;Největší přání II.;1990;85.4606365159129;85.0;https://image.pmgstatic.com/cache/resized/w420/files/images/film/posters/000/046/46193_c45fc9.jpg;https://www.csfd.cz/film/210788-nejvetsi-prani-ii/;Československo;Dokumentární;;O hodnotách mladých lidí v posledním roce totalitního režimu. Poslední záběr filmu je natočen 17. listopadu 1989 na Národní třídě.;Na DVD od 02.11.2009 Indies MG;punk, komunismus, StB, sametová revoluce;Jan Špáta;Roman Lipčík, Petr Hošek;https://www.ceskatelevize.cz/porady/26787-nejvetsi-prani?utm_source=csfd&utm_medium=section_vod&utm_campaign=link<br>https://www.ceskatelevize.cz/porady/26787-nejvetsi-prani?utm_source=csfd&utm_medium=section_vod&utm_campaign=link<br>https://apps.apple.com/cz/app/id6755365206<br>https://play.google.com/store/apps/details?id=cz.csfd.csfdroid<br>;;;
242273;Valčík s Bašírem;2008;83.97868561278864;90.0;https://image.pmgstatic.com/cache/resized/w420/files/images/film/posters/159/729/159729546_0ac6eb.jpg;https://www.csfd.cz/film/242273-valcik-s-basirem/;Izrael / Francie / Německo / USA / Finsko / Švýcarsko / Belgie / Austrálie;Animovaný / Dokumentární / Drama / Historický / Válečný / Životopisný;Vals Im Bashir;Autobiografický hrdina Ari se vydává za dávnými známými i dalšími lidmi, kteří mu mohou prozradit, jestli kdysi byl při krutých masakrech v palestinských uprchlických táborech Sabra a Šatíla. Netradiční dokument je po snímku Persepolis další animovaný film o nedávných dějinách Blízkého východu – stejně poutavý, dojemný i hrůzný. [43. MFFKV 2008];25.12.2008 Sony Pictures Classics;vzpomínky, vojáci, válka;Ari Folman;Ari Folman, Ori Sivan, Miki Leon, Yehezkel Lazarov;https://apps.apple.com/cz/app/id6755365206<br>https://play.google.com/store/apps/details?id=cz.csfd.csfdroid<br>;Academy Awards (1x)<br>British Academy of Film and Television Arts (BAFTA) (2x)<br>European Film Awards (3x)<br>Guldbagge Awards (1x)<br>Critics Choice Awards (1x)<br>Los Angeles Film Critics Association Awards (1x)<br>New York Film Critics Circle Awards (2x)<br>Cannes Film Festival (1x)<br>Tallinn Black Nights Film Festival (1x)<br>;British Independent Film Awards (BIFA) (1x)<br>European Film Awards (1x)<br>César Awards (1x)<br>Golden Globes (1x)<br>Critics Choice Awards (1x)<br>Los Angeles Film Critics Association Awards (1x)<br>Warsaw International Film Festival (1x)<br>Tallinn Black Nights Film Festival (1x)<br>;
227570;Samsara;2011;84.12325285895807;102.0;https://image.pmgstatic.com/cache/resized/w420/files/images/film/posters/043/948/43948497_344eaa.jpg;https://www.csfd.cz/film/227570-samsara/;USA / Indonésie / Singapur / Thajsko / Keňa / Dánsko / Brazílie / Jordánsko / Spojené arabské emiráty / Saúdská Arábie / Jihoafrická republika / Itálie / Ghana / Egypt / Čína / Japonsko;Dokumentární / Dobrodružný / Hudební;Samsara;"Připravte se na zážitek a zkušenost smyslů, které nemají obdobu. SAMSARA opět spojuje režiséra Rona Frickeho s producentem Markem Magidsonem, jejíchž filmařské a hudební umění bylo potvrzeno již mnohokrát oceněnými filmy BARAKA a CHRONOS. SAMSARA ve starodávném sanskrtu znamená ""věčně se otáčející kolo života“ a tvůrci se v něm snaží zachytit prchavé okamžiky, které utvářejí náš život. Film, který vznikal přes pět let ve dvaceti pěti zemích nás zavádí na posvátná místa, do postižených oblastí, průmyslových zón a míst přírodních zázraků. SAMSARA, která se vzdává dialogů a popisných textů, úplně rozvrací naše očekávání tradičního dokumentu. Namísto toho podněcuje naše niterné interpretace obrazem a hudbou, které do starého chápaní přináší nové prvky.";24.08.2012 Oscilloscope Laboratories;město, cestování, peníze, moře, náboženství, hory, chudoba, poušť, architektura, klášter, sochy;Ron Fricke;Neelesha Barthel, Robert Henline;https://apps.apple.com/cz/app/id6755365206<br>https://play.google.com/store/apps/details?id=cz.csfd.csfdroid<br>;;;
432056;Bratříček Karel;2016;84.61410788381743;79.0;https://image.pmgstatic.com/cache/resized/w420/files/images/film/posters/161/199/161199890_074340.png;https://www.csfd.cz/film/432056-bratricek-karel/;Česko / Polsko;Dokumentární;Braciszek Karel;Karel Kryl polskýma očima. Nový pohled na legendárního písničkáře, který se stal symbolem Pražského jara, přináší ve svém portrétu režisérka Krystyna Krauze. (Artcam Films);17.11.2016 Artcam Films;umění, emigrace, básník, sametová revoluce;Krystyna Krauze;Karel Kryl, Andrzej Zajączkowski, Agnieszka Holland;https://www.ceskatelevize.cz/porady/10573682442-bratricek-karel?utm_source=csfd&utm_medium=section_vod&utm_campaign=link<br>https://www.ceskatelevize.cz/porady/10573682442-bratricek-karel?utm_source=csfd&utm_medium=section_vod&utm_campaign=link<br>https://apps.apple.com/cz/app/id6755365206<br>https://play.google.com/store/apps/details?id=cz.csfd.csfdroid<br>;Český lev (1x)<br>;;
289265;Válka, kterou nevidíte;2010;84.80705622932746;96.0;https://image.pmgstatic.com/cache/resized/w420/files/images/film/posters/000/467/467764_51c656.jpg;https://www.csfd.cz/film/289265-valka-kterou-nevidite/;Velká Británie;Dokumentární / Válečný;The War You Don't See;"Další z řady mistrovských dokumentů novináře a režiséra Johna Pilgera volně navazuje na jeho předchozí snímek ""The War on Democracy"". Film se snaží velmi podrobně prozkoumat roli sdělovacích prostředků v utváření veřejného mínění a davového souhlasu ohledně válek a konfliktů vedených zejména vládami USA a Velké Británie za podpory spojenců - členů NATO. Podstatná část je věnována oficiální propagandě ohledně aktuálních válek v Iráku, Afghánistánu či Palestýně, ale ani na světových konfliktech či válce ve Vietnamu nezůstane nit suchá. Pilger zde zpovídá představitele nejmocnějších médií, armády či nezávislé novináře včetně například Juliana Assange (WikiLeaks). Závěr? Sdělovací prostředky kryjí a mnohdy i podporují ty nejhrůznější zločiny v historii lidstva.";;politika;John Pilger, Alan Lowery;Julian Assange, Tony Blair, Henry Kissinger, George W. Bush, Richard Nixon, Barack Obama, Bill O'Reilly, Sean Hannity, Byron Pitts, Benjamin Netanyahu;https://www.youtube.com/watch?v=u6tNXk9aB6k<br>https://apps.apple.com/cz/app/id6755365206<br>https://play.google.com/store/apps/details?id=cz.csfd.csfdroid<br>;;;
449848;Svoboda pod nákladem;2016;84.38926174496645;61.0;https://image.pmgstatic.com/cache/resized/w420/files/images/film/posters/162/398/162398280_c9b283.jpg;https://www.csfd.cz/film/449848-svoboda-pod-nakladem/;Slovensko;Dokumentární;Sloboda pod nákladom;Poslední tatranští nosiči patří mezi nejstarší generaci nosičů v Evropě. Odhalme, o jaké náklady v krosně na zádech jde, jaké je jejich poslání a proč zůstali už jen na Slovensku... (TV Prima);Na DVD od 01.12.2016 K2 studio;divočina, hory, tradice, svoboda, chata, Tatry;Pavol Barabáš;Viktor Beránek, Ladislav Chudík, Peter Petras, Ladislav Kulanga;https://apps.apple.com/cz/app/id6755365206<br>https://play.google.com/store/apps/details?id=cz.csfd.csfdroid<br>;;;
326786;A Year with Armin van Buuren;2012;95.05882352941177;52.0;https://image.pmgstatic.com/cache/resized/w420/files/images/film/posters/043/952/43952050_cdd0f3.jpg;https://www.csfd.cz/film/326786-a-year-with-armin-van-buuren/;Nizozemsko;Hudební / Dokumentární;;"Obyčejný člověk, který vede neobyčejný život. Superhvězda DJingu, Armin van Buuren, žije tak, jak by si mnoho z nás mohlo nechat jenom zdát. S vytrvalou vášní pro hudbu se tento rozený perfekcionista snaží zůstat na vrcholu, s čímž souvisí vypořádávání se s každodenním tlakem. Rok v životě Armina van Buurena vám poskytne bližší pohled na člověka stojícího v popředí nizozemského DJingu. Pojďme strávit jeden výjimečný rok jeho bouřlivého života… Davy skandují jeho jméno. Lidé si ho všude fotografují. Je vždy v pohybu, z jednoho klubu do druhého. Dny strávené v letadlech pro pár hodin toho, co mu jde nejlíp: potěšit dav. Nebýt lásky k muzice, Armin van Buuren by nikdy nebyl tam, kde teď je. Čtyřnásobný vítěz po sobě v anketě DJ Mag Top 100 a rytíř, na kterého byl pasován královnou své domovské země. Strůjce jedné z nejdéle vysílaných show v rádiu na poli dějin taneční hudby a majitel vydavatelství A State of Trance. Ale také manžel Eriky, lásky jeho života, a otec dcery Fenny. Věrný přítel k těm, kdo pochopí jeho nedostatek volného času a milující člen vřelé rodiny. Tento dokument vás vezme z jeho domova přes letiště s osobními tryskáči až přímo na párty. Ukáže vám osamělost prázdného hotelového pokoje a zavede vás až do samého žáru chvíle, kdy tisíce fanoušků očekávají svého hrdinu. Odhalí jeho perfekcionismus a neúprosné úsilí, stejně jako závislost na muzice. Od příprav světového turné k albu ""Mirage"" a telefonátu, který mu prozradí, zda si udrží první příčku v DJ Top 100, až po prohlídku domu, ve kterém vyrůstal a oznámení v rádiu, že bude otcem. Rok v životě Armina van Buurena není dalším zákulisním dokumentem. Je to Armin van Buuren, osobně. (mrx.friend)";;;;Armin van Buuren, Ferry Corsten;https://apps.apple.com/cz/app/id6755365206<br>https://play.google.com/store/apps/details?id=cz.csfd.csfdroid<br>;;;
374787;Road;2014;88.65979381443299;102.0;https://image.pmgstatic.com/cache/resized/w420/files/images/film/posters/167/117/167117891_1ebb41.jpg;https://www.csfd.cz/film/374787-road/;Velká Británie / Irsko;Dokumentární / Sportovní;;Závody motorek, kde se jezdci řítí rychlostí až 320 km za hodinu na uzavřených silnicích, jsou nejnebezpečnější ze všech motoristických sportů. Na silnicích, které jsou lemovány stromy, sloupy elektrického vedení, kamennými zdmi. Irsko a Isle of Man jsou dvě z mála míst na světě, kde tento sport stále žije. Dramatický příběh, vyprávěný Liamem Neesonem, popisuje příběh dvou generací bratrů ze Severního Irska, kteří vévodí tomuto sportu již přes třicet let. Dvě generace z jedné rodiny, která byla stmelena vítězstvími, ale i tragédiemi (shushee);11.06.2014 Kaleidoscope Film Distribution;smrt, bratři, nehoda, motorky, závody;Michael Hewitt, Dermot Lavery;Liam Neeson;https://apps.apple.com/cz/app/id6755365206<br>https://play.google.com/store/apps/details?id=cz.csfd.csfdroid<br>;;;
