idCsfd;sTitle;iYear;iRating;iRuntime;urlPoster;urlCsfd;sCountry;sGenre;sTitle_EN;sStory;sCopyright;sTags;sDirector;sActor;sPlatforms;sNominated;sWinner;sAuthor
1250;Titanic;1997;85.13796029889673;194.0;https://image.pmgstatic.com/cache/resized/w420/files/images/film/posters/167/088/167088422_13ff33.jpg;https://www.csfd.cz/film/1250-titanic/;USA;Drama / Romantický / Historický / Katastrofický;Titanic 3D;V dubnu 1912 vyrazila luxusní zaoceánská loď Titanic z Anglie na svou první, a bohužel i poslední plavbu. Své pasažéry ale do cíle cesty nikdy nedovezla – narazila na ledovec a klesla pod hladinu. Tím začalo drama největší námořní katastrofy v dějinách lidstva. V ledových vodách Atlantiku skončilo mnoho životů a osudů. Mezi nimi byla i jedna láska, která vlastně ani pořádně nezačala. Americký velkofilm v režii Jamese Camerona, oceněný jedenácti Oscary®, katapultoval mezi nejzářivější hvězdy Hollywoodu oba představitele hlavních rolí – Kate Winsletovou a Leonarda DiCapria. (Cinemax);19.12.1997 Paramount Pictures;muž, láska, rodina, smrt, 20. století, dívka, otec, matka, rodiče, strach, mládež, dcera, touha, oběť (autonehody/zločinu), cestování, sny, podle skutečného příběhu, boj o přežití, vášeň, moře, nenávist, naděje, žárlivost, milostný trojúhelník, nehoda, voda, lodě, chudoba, oceán, období 1910-1920, výlet, novověk, snoubenci, malíř, závist, zakázaná láska, třídní boj, katastrofa, Wilhelm scream, domluvené manželství, přístav, loď v ohrožení, ledovec, Titanic;James Cameron;Leonardo DiCaprio, Kate Winslet, Billy Zane, Kathy Bates, Frances Fisher, Gloria Stuart, Bill Paxton, Bernard Hill, David Warner, Victor Garber;https://srv.tunefindforfans.com/showads/track/srvclk.php?aid=100006796&lp=https://www.disneyplus.com/en-cz/browse/entity-ed94de01-f394-4d37-9888-1186bd143ec8<br>https://srv.clickfuse.com/ads/adclkr.php?id=100006636&url=https://tv.apple.com/cz/movie/titanic/umc.cmc.2xfg89gkgo2469x0985e0eqq7<br>https://www.youtube.com/watch?v=PAXvWAWXMv4<br>https://srv.tunefindforfans.com/showads/track/srvclk.php?aid=100006796&lp=https://www.disneyplus.com/en-cz/browse/entity-ed94de01-f394-4d37-9888-1186bd143ec8<br>https://srv.clickfuse.com/ads/adclkr.php?id=100006636&url=https://tv.apple.com/cz/movie/titanic/umc.cmc.2xfg89gkgo2469x0985e0eqq7<br>https://www.youtube.com/watch?v=PAXvWAWXMv4<br>https://apps.apple.com/cz/app/id6755365206<br>https://play.google.com/store/apps/details?id=cz.csfd.csfdroid<br>;Academy Awards (3x)<br>British Academy of Film and Television Arts (BAFTA) (10x)<br>European Film Awards (1x)<br>César Awards (1x)<br>Golden Globes (4x)<br>Los Angeles Film Critics Association Awards (2x)<br>New York Film Critics Circle Awards (1x)<br>The Saturn Awards (2x)<br>;Academy Awards (11x)<br>European Film Awards (1x)<br>Český lev (1x)<br>Amanda Awards (1x)<br>Golden Globes (4x)<br>Critics Choice Awards (1x)<br>Florida Film Critics Circle Awards (1x)<br>Los Angeles Film Critics Association Awards (1x)<br>The Saturn Awards (1x)<br>;
23;Skleněné peklo;1974;84.89508437270726;165.0;https://image.pmgstatic.com/cache/resized/w420/files/images/film/posters/159/623/159623524_9bcdaa.jpg;https://www.csfd.cz/film/23-sklenene-peklo/;USA;Thriller / Drama / Akční / Katastrofický;The Towering Inferno;Mrakodrap, který má stopětatřicet poschodí a před sebou slavnostní uvedení do provozu, postavil stavební magnát Jim Duncan podle návrhu architekta Douga Robertse, který využil nejen všech svých znalostí a zkušeností, ale také nejmodernějšího vybavení a poznatků v oblasti bezpečnosti. Ani jeden z nich však netuší, že Duncanův zeť Roger do stavebních prací nejednou zasáhl a v rámci pochybných úspor udělal z mrakodrapu smrtící past. Zatímco se na slavnostní otevření sjíždějí významné osobnosti, vznikne v jednom z malých skladišť pro údržbu k malému požáru. Nikdo netuší, že polovina supermoderního bezpečnostního systému nefunguje a požár se pomalu šíří. Následuje selhání elektrického systému, a když se oheň setká s plynem, dojde k explozi, která promění mrakodrap v planoucí pochodeň a odřízne hosty od možnosti uniknout smrtícímu žáru. Do boje s živlem se pouští nejen zoufalí lidé uvěznění v nebezpečné pasti, ale také hasiči pod vedením chladnokrevného a odvážného Michaela O'Hallorhana. Je to závod s časem, závod, v němž padají masky a na povrch vyplouvá pravá a často nečekaná tvář jednotlivých postav. O poslední odvážný kousek se pokusí Doug s Michaelem, kteří chtějí odpálit obrovský rezervoár na střeše mrakodrapu, obsahující téměř dva miliony galonů vody. (TV Nova);10.12.1974 20th Century Fox;podle knihy, muž, smrt, strach, město, oběť (autonehody/zločinu), boj o přežití, tragédie, párty, výbuch, Kalifornie, katastrofa, požár, oheň, vrtulník, architekt, záchranáři, hasiči, starosta, San Francisco, záchranná operace, výtah, popáleniny, mrakodrap, stavebnictví, výbušniny, senátor, výbuch plynu, schodiště;John Guillermin;Steve McQueen, Paul Newman, William Holden, Faye Dunaway, Fred Astaire, Susan Blakely, Richard Chamberlain, Jennifer Jones, O.J. Simpson, Robert Vaughn;https://srv.clickfuse.com/ads/adclkr.php?id=100006636&url=https://tv.apple.com/cz/movie/the-towering-inferno/umc.cmc.6qf982u2lm60orbzd8bv93mp7<br>https://srv.clickfuse.com/ads/adclkr.php?id=100006636&url=https://tv.apple.com/cz/movie/the-towering-inferno/umc.cmc.6qf982u2lm60orbzd8bv93mp7<br>https://apps.apple.com/cz/app/id6755365206<br>https://play.google.com/store/apps/details?id=cz.csfd.csfdroid<br>;Academy Awards (5x)<br>British Academy of Film and Television Arts (BAFTA) (2x)<br>Golden Globes (3x)<br>;Academy Awards (3x)<br>British Academy of Film and Television Arts (BAFTA) (2x)<br>Golden Globes (1x)<br>;Richard Martin Stern, Thomas N. Scortia, Frank M. Robinson
285419;Nic nás nerozdělí;2012;80.4550867642055;113.0;https://image.pmgstatic.com/cache/resized/w420/files/images/film/posters/078/835/78835459_40346c.jpg;https://www.csfd.cz/film/285419-nic-nas-nerozdeli/;Španělsko;Katastrofický / Drama / Thriller / Akční;Lo imposible;Silný příběh filmu Nic nás nerozdělí je založen na skutečné události jedné rodiny, která v roce 2004 přežila úder ničivé vlny tsunami v Indickém oceánu. Manželé Henry (Ewan McGregor), Maria (Naomi Watts) a jejich tři synové se rozhodli strávit poklidné Vánoce v Thajsku a těší se na několik dnů prožitých v tropickém ráji. Rodinná idylka ale náhle a nečekaně skončí dva dny po Štědrém dnu, když jihovýchodní pobřeží Asie zasáhne vlna tsunami. Obrovská masa vody se valí na hotelový komplex, smete vše, co jí přijde do cesty, a rozdělí i prchající rodinu. Ačkoliv všichni členové rodiny přežijí, vyhráno zdaleka nemají, protože nalézt jeden druhého uprostřed pekla je skoro nemožné.;11.10.2012 Warner Bros. España;láska, rodina, smrt, otec, děti, matka, rodiče, strach, touha, syn, chlapec, oběť (autonehody/zločinu), pátrání, cestování, sourozenci, dospívání, putování, podle skutečného příběhu, boj o přežití, bratři, moře, bolest, smutek, tragédie, naděje, nemocnice, umírání, zranění, voda, zoufalství, panika, oceán, výlet, příroda, Asie, pochyby, pláž, pobřeží, dovolená, katastrofa, těžký úraz, destrukce, ničení, prales, záchranáři, statečnost, frustrace, Thajsko, povodeň, přírodní katastrofa, tsunami, záplava;J.A. Bayona;Naomi Watts, Ewan McGregor, Tom Holland, Samuel Joslin, Oaklee Pendergast, Marta Etura, Sönke Möhring, Geraldine Chaplin, Ploy Jindachote, Johan Sundberg;https://www.iprima.cz/filmy/nic-nas-nerozdeli?utm_source=csfd&utm_medium=section_vod&utm_campaign=link_exchange<br>https://www.iprima.cz/filmy/nic-nas-nerozdeli?utm_source=csfd&utm_medium=section_vod&utm_campaign=link_exchange<br>https://apps.apple.com/cz/app/id6755365206<br>https://play.google.com/store/apps/details?id=cz.csfd.csfdroid<br>;Academy Awards (1x)<br>European Film Awards (2x)<br>Goya Awards (9x)<br>AACTA International Awards (1x)<br>Golden Globes (1x)<br>Critics Choice Awards (2x)<br>The Saturn Awards (4x)<br>San Sebastián International Film Festival (1x)<br>;Goya Awards (5x)<br>;
19799;Dobrodružství Poseidonu;1972;79.1515609264854;117.0;https://image.pmgstatic.com/cache/resized/w420/files/images/film/posters/162/935/162935688_47d3fa.jpg;https://www.csfd.cz/film/19799-dobrodruzstvi-poseidonu/;USA;Akční / Dobrodružný / Katastrofický / Drama / Thriller;The Poseidon Adventure;Jeden z nejnapínavějších katastrofických filmů všech dob vypráví o osudu posádky zaoceánského parníku, převráceného přílivovou vlnou. Děj plný napětí, obohacený osobními příběhy obětí, dává vzniknout přesvědčivému a dechberoucímu dramatu. Skvělé herecké obsazení spolu s neuvěřitelnými speciálními efekty činí z tohoto filmu skutečnou klasiku, která byla nominována na 9 Cen Akademie. (Magic Box);13.12.1972 20th Century Fox;moře, kněz, katastrofa, loď v ohrožení;Ronald Neame;Gene Hackman, Ernest Borgnine, Red Buttons, Carol Lynley, Roddy McDowall, Stella Stevens, Shelley Winters, Jack Albertson, Pamela Sue Martin, Arthur O'Connell;https://srv.clickfuse.com/ads/adclkr.php?id=100006636&url=https://tv.apple.com/cz/movie/the-poseidon-adventure/umc.cmc.2g2i5nifm1bpdqcwxymilpskk<br>https://www.youtube.com/watch?v=lc5fDJqQpUE<br>https://srv.clickfuse.com/ads/adclkr.php?id=100006636&url=https://tv.apple.com/cz/movie/the-poseidon-adventure/umc.cmc.2g2i5nifm1bpdqcwxymilpskk<br>https://www.youtube.com/watch?v=lc5fDJqQpUE<br>https://apps.apple.com/cz/app/id6755365206<br>https://play.google.com/store/apps/details?id=cz.csfd.csfdroid<br>;Academy Awards (7x)<br>British Academy of Film and Television Arts (BAFTA) (1x)<br>Golden Globes (3x)<br>;Academy Awards (1x)<br>British Academy of Film and Television Arts (BAFTA) (1x)<br>Golden Globes (1x)<br>;Paul Gallico
228832;Hra na válku;1966;80.72164948453609;48.0;https://image.pmgstatic.com/cache/resized/w420/files/images/film/posters/166/978/166978215_86b5f1.jpg;https://www.csfd.cz/film/228832-hra-na-valku/;Velká Británie;Drama / Sci-Fi / Válečný / Katastrofický;The War Game;"Dokumentární drama popisující výbuch atomové bomby shozené Sovětským svazem na malé městečko v jižní Británii vyděsilo vedení televizní stanice BBC natolik, že ho odmítla vysílat. Film mohla britská veřejnost zhlédnout v televizi až v roce 1985. V roce 1967 byl uváděn pouze krátce v kinech. I tak však stačil získat cenu Akademie za nejlepší dokumentární počin roku. Základním znakem Watkinsonova polodokumentárního, autentického stylu se staly záběry napodobující formu černobílých týdeníků. Hra na válku je ukázkovým příkladem autorových schopností vytvořit komplexní, působivé dílo, jež se nijak nevyhýbá konfrontaci. Sám Watkins říká: „V tomto filmu jsem se zajímal o rozpor mezi skutečností a pseudorealitou, kterou vytvářejí média. Ptám se: Kde je pravda? V tvrzeních figurek, které se odvolávají na oficiálně podporované názory, nebo v uměle inscenovaných a fiktivních scénách, jež ilustrují následky jejich projevů a činů, jež tvoří druhou rovinu mého filmu? Právě kvůli možnosti srovnání jsem propojil natočený filmový materiál s ukázkami skutečných rozhovorů. Když jsem přemýšlel o vhodné formě, bylo mým cílem využít co nejlépe film, aby pomohl odhalit a prolomit mlčení médií o problémech nukleárního zbrojení.""";;děti, policie, Vánoce, boj o přežití, válka, nemocnice, poprava, apokalypsa, studená válka, pseudo-dokument, atomová bomba, radioaktivita, zbraně hromadného ničení, nemoc z ozáření;Peter Watkins;Kathy Staff, Michael Aspel;https://apps.apple.com/cz/app/id6755365206<br>https://play.google.com/store/apps/details?id=cz.csfd.csfdroid<br>;;Academy Awards (1x)<br>British Academy of Film and Television Arts (BAFTA) (2x)<br>;
411;Zkáza Titanicu;1958;79.2964824120603;123.0;https://image.pmgstatic.com/cache/resized/w420/files/images/film/posters/143/058/143058651_vwvgyc.jpg;https://www.csfd.cz/film/411-zkaza-titanicu/;Velká Británie;Drama / Historický / Katastrofický;A Night to Remember;Málokdo tušil, že toto bude noc, na kterou nikdy nezapomenou. Je 14. dubna roku 1912, krátce před půlnocí. Největšímu a nejluxusnějšímu plavidlu své doby se do cesty postaví obrovský ledovec. Trhlina v boku Titaniku znamená rozsudek smrti nejen pro samotnou loď, ale i 1500 cestujících, na které nezbude v záchranných člunech místo. Černobílé zpracování jedné z největších námořních katastrof je soustředěno hlavně okolo druhého důstojníka lodi, Charlese Herberta Lightollera (Kenneth More). (mahler);05.02.1960 Ústřední půjčovna filmů;podle knihy, černobílý film, smrt, 20. století, podle skutečného příběhu, moře, nehoda, voda, lodě, oceán, období 1910-1920, třídní boj, katastrofa, loď v ohrožení, ledovec, Titanic;Roy Ward Baker;Kenneth More, Anthony Bushell, David McCallum, Alec McCowen, Laurence Naismith, Andrew Keir, Derren Nesbitt, Bernard Fox, Desmond Llewelyn, Honor Blackman;https://apps.apple.com/cz/app/id6755365206<br>https://play.google.com/store/apps/details?id=cz.csfd.csfdroid<br>;British Academy of Film and Television Arts (BAFTA) (1x)<br>;Golden Globes (1x)<br>;Walter Lord
9813;Den, kdy se zastavila Země;1951;77.2936400541272;92.0;https://image.pmgstatic.com/cache/resized/w420/files/images/film/posters/160/060/160060230_8b2edf.jpg;https://www.csfd.cz/film/9813-den-kdy-se-zastavila-zeme/;USA;Drama / Sci-Fi / Thriller / Katastrofický;The Day the Earth Stood Still;Snímek Den, kdy se zastavila Země vypráví příběh mimozemšťana Klaatua, který jednoho dne přistane na Zemi. Hlásá příchod v míru a vyžaduje si setkání s představiteli všech států světa, před kterými hodlá přednést své poselství. Když se však dozví, že to je věc zhola neuskutečnitelná, opustí své dosavadní obydlí a vydá se do světa na vlastní pěst... Film vznikl v době rozpuku Studené války a strachu z nové hrozby- možnosti rozpoutání atomového konfliktu. Autoři snímku se v něm jasně vymezují proti dalšímu vývoji této nesmírně ničivé zbraně. Z filmu je tak cítit kritika postoje tehdejších politiků, kteří namísto mírové dohody zvolili zbrojení a udržování paranoidní atmosféry strachu před podlým nepřítelem. (havLord);28.09.1951 20th Century Fox;černobílý film, vojáci, mimozemšťané, roboti, apokalypsa, atomová bomba, protiválečný, zbraně hromadného ničení;Robert Wise;Michael Rennie, Patricia Neal, Hugh Marlowe, Sam Jaffe, Billy Gray, Frances Bavier, Kim Spalding, Stuart Whitman, Lawrence Dobkin, Harry Lauter;https://srv.clickfuse.com/ads/adclkr.php?id=100006636&url=https://tv.apple.com/cz/movie/the-day-the-earth-stood-still/umc.cmc.2zsqkg8ml4f9elxumfidkneoy<br>https://www.youtube.com/watch?v=vUx8vLxxPxY<br>https://srv.clickfuse.com/ads/adclkr.php?id=100006636&url=https://tv.apple.com/cz/movie/the-day-the-earth-stood-still/umc.cmc.2zsqkg8ml4f9elxumfidkneoy<br>https://www.youtube.com/watch?v=vUx8vLxxPxY<br>https://apps.apple.com/cz/app/id6755365206<br>https://play.google.com/store/apps/details?id=cz.csfd.csfdroid<br>;Golden Globes (1x)<br>;Golden Globes (1x)<br>;
397118;Deepwater Horizon: Moře v plamenech;2016;75.95995923994485;107.0;https://image.pmgstatic.com/cache/resized/w420/files/images/film/posters/160/973/160973963_920ba8.jpg;https://www.csfd.cz/film/397118-deepwater-horizon-more-v-plamenech/;USA / Hongkong;Akční / Drama / Thriller / Katastrofický;Deepwater Horizon;Příběh popisuje události na plovoucí vrtné plošině Deepwater Horizon, která se v dubnu 2010 potopila následkem exploze a způsobila největší ropné zamoření v americké historii. (Freeman Ent.);30.09.2016 Summit Entertainment;muž, žena, rodina, smrt, přátelství, přátelé, tajemství, rodiče, strach, manželé, záhady, útěk, oběť (autonehody/zločinu), podle skutečného příběhu, kolegové, boj o přežití, kamarádi, moře, bolest, smutek, trauma, dilema, tragédie, umírání, zranění, nehoda, voda, lodě, zoufalství, panika, oceán, pocit viny, hrdina, korporace, výbuch, katastrofa, loajalita, požár, lítost, noc, oheň, výčitky svědomí, týmová práce, destrukce, období 2010-2020, ničení, ropa, záchranáři, jaro, záchranná operace, popáleniny, těžební průmysl, ekologická katastrofa, evakuace, ropná plošina, vrtání;Peter Berg;Mark Wahlberg, Dylan O'Brien, Kate Hudson, Kurt Russell, John Malkovich, Gina Rodriguez, Joe Chrest, Chris Ashworth, J.D. Evermore, Deneen Tyler;https://srv.clickfuse.com/ads/adclkr.php?id=100006636&url=https://tv.apple.com/cz/movie/deepwater-horizon/umc.cmc.39yl38fpofv77wc0ynrqvf815<br>https://www.youtube.com/watch?v=DEL7KFgDYb4<br>https://srv.clickfuse.com/ads/adclkr.php?id=100006636&url=https://tv.apple.com/cz/movie/deepwater-horizon/umc.cmc.39yl38fpofv77wc0ynrqvf815<br>https://www.youtube.com/watch?v=DEL7KFgDYb4<br>https://apps.apple.com/cz/app/id6755365206<br>https://play.google.com/store/apps/details?id=cz.csfd.csfdroid<br>;Academy Awards (2x)<br>British Academy of Film and Television Arts (BAFTA) (1x)<br>;;
542;Armageddon;1998;74.83446438764508;151.0;https://image.pmgstatic.com/cache/resized/w420/files/images/film/posters/162/298/162298017_c6a512.jpg;https://www.csfd.cz/film/542-armageddon/;USA;Akční / Dobrodružný / Sci-Fi / Thriller / Katastrofický;Armageddon;Za osmnáct dní Země přestane existovat, protože se srazí s asteroidem velikosti Texasu. Je bezpodmínečně nutné, co nejdříve přistát na asteroidu, hluboko pod jeho povrch zavrtat silné jaderné nálože, odpálit je a pak se jen modlit, aby to celé pomohlo. Záchrana světa tímto brizantním způsobem je práce jako stvořená pro partu drsných naftařů v čele s Harrym S. Stamperem (Bruce Willis), který zachází s vrtnou plošinou a výbušninami jako neurochirurg s jemným laserovým skalpelem. Astronautický výcvik NASA je rychlý a za pár dní jsou dva raketoplány s jadernými náložemi a samorostlými spasiteli světa na palubě připraveny ke startu. Zvládne Bruce Willis a jeho muži sebevražedně riskantní akci?;01.07.1998 Buena Vista Pictures US;muž, láska, rodina, smrt, přátelství, přátelé, dívka, otec, rodiče, strach, dcera, touha, kolegové, boj o přežití, kamarádi, smutek, naděje, agenti, sebevražda, vědci, šílenství, vesmír, věda, trénink, vědec, výbuch, oběť (někomu/něčemu), FBI, loajalita, bomba, prezident, apokalypsa, piloti, výcvik, kosmonauti, ropa, vesmírná stanice, NASA, vesmírná nehoda, geologie, konec světa, raketoplán, asteroid, ropná plošina, vrtání;Michael Bay;Bruce Willis, Billy Bob Thornton, Ben Affleck, Liv Tyler, Will Patton, Steve Buscemi, William Fichtner, Owen Wilson, Michael Clarke Duncan, Peter Stormare;https://srv.tunefindforfans.com/showads/track/srvclk.php?aid=100006796&lp=https://www.disneyplus.com/en-cz/browse/entity-4124bdba-2655-431f-830b-d5d04f61afce<br>https://srv.clickfuse.com/ads/adclkr.php?id=100006636&url=https://tv.apple.com/cz/movie/armageddon/umc.cmc.11p3p3kvl6qhp11juyyfl47mt<br>https://srv.tunefindforfans.com/showads/track/srvclk.php?aid=100006796&lp=https://www.disneyplus.com/en-cz/browse/entity-4124bdba-2655-431f-830b-d5d04f61afce<br>https://srv.clickfuse.com/ads/adclkr.php?id=100006636&url=https://tv.apple.com/cz/movie/armageddon/umc.cmc.11p3p3kvl6qhp11juyyfl47mt<br>https://apps.apple.com/cz/app/id6755365206<br>https://play.google.com/store/apps/details?id=cz.csfd.csfdroid<br>;Academy Awards (4x)<br>The Saturn Awards (5x)<br>Golden Raspberry Awards (Razzies) (6x)<br>;The Saturn Awards (2x)<br>Golden Raspberry Awards (Razzies) (1x)<br>;
906706;K zemi hleď!;2021;74.39580723844684;145.0;https://image.pmgstatic.com/cache/resized/w420/files/images/film/posters/165/914/165914228_87dcfa.jpg;https://www.csfd.cz/film/906706-k-zemi-hled/;USA;Komedie / Drama / Sci-Fi / Katastrofický;Don't Look Up;Dva astronomové vyrážejí na mediální turné, aby varovali lidstvo před smrtící kometou, která se řítí přímo na planetu Zemi. Zdá se ale, že to nikoho nezajímá. (Netflix);Na VOD od 24.12.2021 Netflix;rodina, smrt, politika, nevěra, novináři, vědci, černý humor, vesmír, satira, reportéři, koncert, vědec, vesmírná loď, média, katastrofa, FBI, prezident, apokalypsa, sociální síť, televizní studio, propaganda, vesmírná nehoda, drony, Bílý dům, kometa;Adam McKay;Leonardo DiCaprio, Jennifer Lawrence, Meryl Streep, Cate Blanchett, Rob Morgan, Jonah Hill, Mark Rylance, Tyler Perry, Timothée Chalamet, Ron Perlman;https://www.netflix.com/title/81252357<br>https://www.netflix.com/<br>https://www.netflix.com/title/81252357<br>https://www.csfd.cz/vod/netflix/<br>https://apps.apple.com/cz/app/id6755365206<br>https://play.google.com/store/apps/details?id=cz.csfd.csfdroid<br>;Academy Awards (4x)<br>British Academy of Film and Television Arts (BAFTA) (4x)<br>AACTA International Awards (1x)<br>Golden Globes (4x)<br>Critics Choice Awards (6x)<br>;;
3968;Den, kdy Země vzplanula;1961;76.08695652173913;98.0;https://image.pmgstatic.com/cache/resized/w420/files/images/film/posters/158/111/158111190_863045.jpg;https://www.csfd.cz/film/3968-den-kdy-zeme-vzplanula/;Velká Británie;Drama / Sci-Fi / Katastrofický;The Day the Earth Caught Fire;USA a Sovětský svaz nevědomky na zkoušku odpálí jaderné zbraně ve stejnou dobu a vědci musí rychle zachránit Zemi před drtivou katastrofou. (Netflix);;muž, černobílý film, žena, kolegové, novináři, panika, Londýn, řeka, katastrofa, žurnalistika, apokalypsa, globální oteplování, studená válka, atomová bomba, mlha, ekologická katastrofa, horko, změna klimatu, sucho;Val Guest;Janet Munro, Leo McKern, Edward Judd, Michael Goodliffe, Reginald Beckwith, Renée Asherson, Austin Trevor, Edward Underdown, Michael Caine, Robin Hawdon;https://www.netflix.com/title/70000217<br>https://www.netflix.com/<br>https://www.netflix.com/title/70000217<br>https://apps.apple.com/cz/app/id6755365206<br>https://play.google.com/store/apps/details?id=cz.csfd.csfdroid<br>;The Saturn Awards (1x)<br>;British Academy of Film and Television Arts (BAFTA) (1x)<br>;
1659866;Autobus naděje;2025;72.78189621537261;129.0;https://image.pmgstatic.com/cache/resized/w420/files/images/film/posters/170/624/170624213_bg39ib.png;https://www.csfd.cz/film/1659866-autobus-nadeje/;USA;Drama / Thriller / Katastrofický;The Lost Bus;Ve filmu natočeném podle skutečných událostí se snaží z hořícího kalifornského města uniknout řidič Kevin McKay (Matthew McConaughey) s autobusem plným dětí. (raininface);Na VOD od 03.10.2025 Apple TV+;muž, žena, smrt, otec, děti, matka, strach, syn, škola, podle skutečného příběhu, boj o přežití, les, smutek, panika, nebezpečí, letadla, učitelka, Kalifornie, Los Angeles, požár, základní škola, oheň, výčitky svědomí, auta, řidič, období 2010-2020, hasiči, autobus, ředitel školy, záchranná operace, školní autobus, evakuace, požární stanice, vítr, lesní požár, požár domu, tisková konference, zodpovědnost, survival drama, dopravní zácpa, dopravní kolaps;Paul Greengrass;Matthew McConaughey, America Ferrera, Yul Vazquez, Ashlie Atkinson, Danny McCarthy, Levi McConaughey, Kevin McKay, Kimberli Flores, Merritt C. Glover, Carrie Lazar;https://srv.clickfuse.com/ads/adclkr.php?id=100006636&url=https://tv.apple.com/cz/movie/the-lost-bus/umc.cmc.4p7gv4trt1rt0kuiwzmitibiv<br>https://srv.clickfuse.com/ads/adclkr.php?id=100006636&url=https://tv.apple.com/cz/movie/the-lost-bus/umc.cmc.4p7gv4trt1rt0kuiwzmitibiv<br>https://www.csfd.cz/vod/apple-tv/<br>https://apps.apple.com/cz/app/id6755365206<br>https://play.google.com/store/apps/details?id=cz.csfd.csfdroid<br>;Academy Awards (1x)<br>British Academy of Film and Television Arts (BAFTA) (1x)<br>;;Lizzie Johnson
1391397;Godzilla Minus One;2023;71.65836507471433;125.0;https://image.pmgstatic.com/cache/resized/w420/files/images/film/posters/168/251/168251195_64bk3b.jpg;https://www.csfd.cz/film/1391397-godzilla-1-0/;Japonsko;Akční / Dobrodružný / Drama / Horor / Sci-Fi / Katastrofický;Godzilla -1.0;Japonský stíhací pilot je po druhé světové válce psychicky na dně. Pustí se ale do boje proti obrovské příšeře, která po ozáření děsivě zmutovala. (Netflix);03.11.2023 Toho Company;20. století, město, období 1940-1950, 2. světová válka, monstra, Japonsko, Tokio, Kaiju, tokusatsu, Godzilla;Takaši Jamazaki;Rjúnosuke Kamiki, Minami Hamabe, Júki Jamada, Munetaka Aoki, Hidetaka Jošioka, Sakura Andó, Kuranosuke Sasaki, Mió Tanaka, Júja Endó, Kisuke Iida;https://www.netflix.com/title/81767635<br>https://www.netflix.com/<br>https://www.netflix.com/title/81767635<br>https://apps.apple.com/cz/app/id6755365206<br>https://play.google.com/store/apps/details?id=cz.csfd.csfdroid<br>;Critics Choice Awards (1x)<br>Florida Film Critics Circle Awards (1x)<br>The Saturn Awards (3x)<br>;Academy Awards (1x)<br>Florida Film Critics Circle Awards (1x)<br>The Saturn Awards (1x)<br>;
512866;Kursk;2018;71.34703196347031;117.0;https://image.pmgstatic.com/cache/resized/w420/files/images/film/posters/163/150/163150187_fe53b1.jpg;https://www.csfd.cz/film/512866-kursk/;Francie / Belgie / Lucembursko / Rumunsko / Kanada / USA;Katastrofický / Drama / Historický / Akční;Kursk;"Film inspirovaný skutečnou katastrofickou událostí, ke které došlo v roce 2000 na palubě Kursku, sleduje poslední hodiny ""nepotopitelné"" ruské jaderné ponorky klesající na dno arktických vod Barentsova moře. Několik členů posádky přežije počáteční výbuch, včetně velitele Michaila Kalekova (Matthias Schoenaerts), na něhož doma čeká těhotná manželka (Lea Seydouxová) s dítětem. Začíná zoufalý boj s časem. Záchrannou operaci bohužel komplikuje zchátralé vybavení a byrokracie mezi Ruskem, Francií, Norskem a Británií, kdy se šéf britského námořnictva David Russell (Colin Firth) pokouší přesvědčit ruskou vládu, aby přijala zahraniční pomoc. (HBO GO)";21.06.2019 EuropaCorp USA;podle knihy, rodina, smrt, otec, manželé, politika, vojáci, podle skutečného příběhu, moře, válka, armáda, voda, lodě, oceán, pohřeb, katastrofa, oheň, námořnictvo, ponorky, záchranáři, potápění, přístav, ponorka v ohrožení;Thomas Vinterberg;Matthias Schoenaerts, Léa Seydoux, Colin Firth, Peter Simonischek, Magnus Millang, Max von Sydow, Artemiy Spiridonov, August Diehl, Bjarne Henriksen, Joel Basman;https://srv.clickfuse.com/ads/adclkr.php?id=100006636&url=https://tv.apple.com/cz/movie/the-command/umc.cmc.6mzww19qu5dsjw7qunfi4ehdw<br>https://www.iprima.cz/filmy/kursk?utm_source=csfd&utm_medium=section_vod&utm_campaign=link_exchange<br>https://www.youtube.com/watch?v=asBuPqFsncM<br>https://hbogo.cz<br>https://hbogo.cz<br>https://srv.clickfuse.com/ads/adclkr.php?id=100006636&url=https://tv.apple.com/cz/movie/the-command/umc.cmc.6mzww19qu5dsjw7qunfi4ehdw<br>https://www.iprima.cz/filmy/kursk?utm_source=csfd&utm_medium=section_vod&utm_campaign=link_exchange<br>https://www.youtube.com/watch?v=asBuPqFsncM<br>https://apps.apple.com/cz/app/id6755365206<br>https://play.google.com/store/apps/details?id=cz.csfd.csfdroid<br>;;;Robert Moore
268533;Melancholie;2011;69.91781143595163;130.0;https://image.pmgstatic.com/cache/resized/w420/files/images/film/posters/159/801/159801494_55a57a.jpg;https://www.csfd.cz/film/268533-melancholie/;Dánsko / Švédsko / Francie / Německo;Psychologický / Drama / Sci-Fi / Katastrofický;Melancholia;Nový film Melancholia dánského režiséra Larse von Triera vypráví uhrančivý příběh dvou sester (Kirsten Dunst a Charlotte Gainsbourg), z nichž ta mladší se zrovna vdává a stává čerstvou matkou. Svatební veselí se odehrává na starobylém venkovském sídle a všeobecnou sváteční náladu zakalí náhlá hrozba v podobě rudé planety, která vystoupila zpoza slunce a s níž hrozí Zemi bezprostřední srážka. Režisér Trier je pověstný precizně gradovanou atmosférou s neočekávanými zápletkami i zvraty, které ústí do ještě neočekávanějšího konce. Pověstný je i náročným vedením herců – zejména pak hereček, z nichž se právě v Melancholii v hlavních rolích představí plavovlasá kráska Kirsten Dunst, známá například z velkofilmu Spider-Man či historického snímku Marie Antoinetta, a démonická Charlotte Gainsbourg, která omráčila diváky i kritiky svým suverénním herectvím v Trierově předchozím a značně šokujícím mysteriu Antikrist.;27.05.2011 Nordisk Film Swe.;strach, nevěra, svatba, sestry, deprese, apokalypsa;Lars von Trier;Kirsten Dunst, Charlotte Gainsbourg, Alexander Skarsgård, Brady Corbet, Charlotte Rampling, Jesper Christensen, John Hurt, Stellan Skarsgård, Udo Kier, Kiefer Sutherland;https://srv.clickfuse.com/ads/adclkr.php?id=100006636&url=https://tv.apple.com/cz/movie/melancholia/umc.cmc.1ybkcrhwf1bu9o6a1ih6ik9wl<br>https://srv.clickfuse.com/ads/adclkr.php?id=100006636&url=https://tv.apple.com/cz/movie/melancholia/umc.cmc.1ybkcrhwf1bu9o6a1ih6ik9wl<br>https://apps.apple.com/cz/app/id6755365206<br>https://play.google.com/store/apps/details?id=cz.csfd.csfdroid<br>;Independent Spirit Awards (1x)<br>European Film Awards (5x)<br>César Awards (1x)<br>Goya Awards (1x)<br>Robert Awards (Danish Film Awards) (3x)<br>Český lev (1x)<br>Polish Film Awards (1x)<br>AACTA International Awards (4x)<br>Los Angeles Film Critics Association Awards (1x)<br>New York Film Critics Circle Awards (4x)<br>The Saturn Awards (2x)<br>Cannes Film Festival (1x)<br>;European Film Awards (3x)<br>Robert Awards (Danish Film Awards) (10x)<br>Slnko v sieti (1x)<br>The Saturn Awards (1x)<br>Cannes Film Festival (1x)<br>;
320987;Enter the Metro;2012;71.57894736842105;4.0;//static.pmgstatic.com/assets/images/050b5bad23b8eb0b4f88f971b8f6a168/empty-image.svg;https://www.csfd.cz/film/320987-enter-the-metro/;Ukrajina;Krátkometrážní / Katastrofický / Thriller / Horor;;Moskevské metro. To je jediné místo, kde se dá přežít atomový výbuch. Vojáci připraveni dole pod Moskvou jen čekají na signál, kdy zazní nukleární siréna a atomová bomba sežehne vše na povrchu zemském. To způsobí studená válka v Rusku v roce 2013. Trailer nás láká ke hře Metro: Last Light, kteréhož děj se odehrává 20 let poté, v moskevském metru a hlavní postavou je už v traileru zmiňovaný Artyom. (Sayko);;postapokalyptická budoucnost, podle videohry, metro;;;https://apps.apple.com/cz/app/id6755365206<br>https://play.google.com/store/apps/details?id=cz.csfd.csfdroid<br>;;;
11213;Twister;1996;68.5353974604279;113.0;https://image.pmgstatic.com/cache/resized/w420/files/images/film/posters/158/305/158305286_7e4db7.jpg;https://www.csfd.cz/film/11213-twister/;USA;Akční / Dobrodružný / Drama / Thriller / Katastrofický;Twister;Dům se láme na kousky. Bučící kráva se ve víru zvedá do vzduchu. Traktory padají jako déšť. Těžký benzínový tanker se stává letadlovou bombou. Rozsáhlá ničivá přírodní síla devastuje vše a blíží se rychlostí 300 mil za hodinu. Tornádo udeřilo. Začíná vířící dobrodružství plné vzrušujícího napětí a skvělých speciálních efektů s Helen Huntovou a Billem Paxtonem v roli vědců stíhaných nejničivější silou přírody. Tito lovci bouří doufají, že pomocí elektronických senzorů získají dost informací na vytvořené lepšího varovného systému. Aby to dokázali, musí vražednému tornádu vstoupit do cesty. Honička začíná. (Universal Pictures);10.05.1996 Warner Bros. US;muž, žena, strach, manželé, útěk, rivalita, kolegové, boj o přežití, dům, zranění, vědci, dobrodruh, věda, rozvod, experiment, příroda, vědec, katastrofa, bouře, kameraman, déšť, tornádo, přírodní katastrofa, vědecká expedice, Oklahoma, krupobití;Jan de Bont;Helen Hunt, Bill Paxton, Cary Elwes, Jami Gertz, Philip Seymour Hoffman, Lois Smith, Todd Field, Joey Slotnick, Jeremy Davies, Zach Grenier;https://srv.tunefindforfans.com/showads/track/srvclk.php?aid=100006796&lp=https://www.disneyplus.com/en-cz/browse/entity-9d85acb2-5831-4b42-aea7-8e393fcfb8db<br>https://www.skyshowtime.com/cz/stream/movies/twister/c70dbdff-a13c-3e8a-a417-f6c3c3eac605<br>https://srv.clickfuse.com/ads/adclkr.php?id=100006636&url=https://tv.apple.com/cz/movie/twister/umc.cmc.3an4aa5wuyyl4uqg17l2ieio<br>https://srv.tunefindforfans.com/showads/track/srvclk.php?aid=100006796&lp=https://www.disneyplus.com/en-cz/browse/entity-9d85acb2-5831-4b42-aea7-8e393fcfb8db<br>https://www.skyshowtime.com/cz/stream/movies/twister/c70dbdff-a13c-3e8a-a417-f6c3c3eac605<br>https://srv.clickfuse.com/ads/adclkr.php?id=100006636&url=https://tv.apple.com/cz/movie/twister/umc.cmc.3an4aa5wuyyl4uqg17l2ieio<br>https://apps.apple.com/cz/app/id6755365206<br>https://play.google.com/store/apps/details?id=cz.csfd.csfdroid<br>;Academy Awards (2x)<br>The Saturn Awards (4x)<br>Golden Raspberry Awards (Razzies) (1x)<br>;British Academy of Film and Television Arts (BAFTA) (1x)<br>Golden Raspberry Awards (Razzies) (1x)<br>;
236435;Proroctví;2009;67.61033772395281;116.0;https://image.pmgstatic.com/cache/resized/w420/files/images/film/posters/000/055/55452_72995f.jpg;https://www.csfd.cz/film/236435-proroctvi/;USA / Velká Británie / Austrálie;Drama / Thriller / Mysteriózní / Sci-Fi / Akční / Katastrofický;Knowing;V roce 1959 je jako součást otevíracího ceremoniálu nové základní školy požádána skupina studentů, aby nakreslila obrázky, které budou uloženy do zvláštního pouzdra a uschovány pro budoucí generace. Ale jedna záhadná dívka místo kreslení zaplní svůj papír řádky zdánlivě náhodných čísel. O padesát let později nová generace studentů zkoumá obsah pouzdra a dívčin mystický vzkaz skončí v rukou mladého Caleba Koestlera. Ale je to Calebův otec, profesor John Koestler, který učiní zarážející odhalení, že přiložený vzkaz předpovídá s neuvěřitelnou přesností data, smrtelné daně a souřadnice každé významné katastrofy za posledních 50 let. Jak John dále odhaluje mrazivá tajemství dokumentu, zjišťuje, že předpovídá ještě tři další události, které poukazují na destrukci globálního rozsahu, a zdá se, že to svým způsobem zasáhne i Johna a jeho syna. John se snaží varovat úřady, ale ty jsou k jeho výzvám netečné, a tak se rozhodne sám zabránit ještě větší destrukci. S váhavou pomocí Diane Waylandové a Abby, dcery a vnučky nyní již mrtvé autorky proroctví, začíná Johnův zběsilý závod s časem, dokud nezjistí, že čelí definitivní katastrofě a také definitivní oběti.;25.03.2009 Entertainment One;muž, rodina, smrt, 20. století, tajemství, otec, děti, rodiče, strach, mládež, záhady, syn, oběť (autonehody/zločinu), pátrání, škola, boj o přežití, studenti, umírání, mimozemšťané, paranoia, budoucnost, období 1950-1960, katastrofa, základní škola, apokalypsa, rodičovství, destrukce, ničení, Wilhelm scream, profesor, letecká nehoda, výchova dětí, proroctví, prorok, šifry;Alex Proyas;Nicolas Cage, Rose Byrne, Chandler Canterbury, Adrienne Pickering, Ben Mendelsohn, Lara Robinson, Sally Anne Arnott, D.G. Maloney, Clem Maloney, Liam Hemsworth;https://srv.clickfuse.com/ads/adclkr.php?id=100006636&url=https://tv.apple.com/cz/movie/knowing/umc.cmc.hhjyfi1bzyy57ufk9r4lit5l<br>https://srv.clickfuse.com/ads/adclkr.php?id=100006636&url=https://tv.apple.com/cz/movie/knowing/umc.cmc.hhjyfi1bzyy57ufk9r4lit5l<br>https://apps.apple.com/cz/app/id6755365206<br>https://play.google.com/store/apps/details?id=cz.csfd.csfdroid<br>;The Saturn Awards (1x)<br>;;
336752;33 životů;2015;67.32034104750305;127.0;https://image.pmgstatic.com/cache/resized/w420/files/images/film/posters/160/504/160504780_977d30.jpg;https://www.csfd.cz/film/336752-33-zivotu/;USA / Chile;Drama / Životopisný / Historický / Katastrofický;The 33;V roce 2010 bylo při důlním neštěstí v Chile zaživa pohřbeno 33 horníků. Na jejich vyproštění pak celých 69 dní pracoval dnem i nocí záchranný tým, zatímco jejich rodiny i svět čekal na jakýkoli záblesk naděje. Napětí vzrůstalo i v dusivém horku 200 pater pod zemí, kde brzy začaly docházet zásoby i čas. Ve strhujícím příběhu o houževnatosti, víře a triumfu lidského ducha natočeného podle skutečného závodu s časem exceluje Antonio Banderas. (Magic Box);13.11.2015 Warner Bros. US;rodina, strach, podle skutečného příběhu, naděje, katastrofa, důl, záchranáři, horníci;Patricia Riggen;Antonio Banderas, Rodrigo Santoro, Juliette Binoche, James Brolin, Lou Diamond Phillips, Mario Casas, Cote de Pablo, Jacob Vargas, Oscar Nuñez, Tenoch Huerta;https://srv.clickfuse.com/ads/adclkr.php?id=100006636&url=https://tv.apple.com/cz/movie/the-33/umc.cmc.7k60ehqef2kd47op4s50v1bcp<br>https://www.youtube.com/watch?v=qBSTvn9uEZM<br>https://srv.clickfuse.com/ads/adclkr.php?id=100006636&url=https://tv.apple.com/cz/movie/the-33/umc.cmc.7k60ehqef2kd47op4s50v1bcp<br>https://www.youtube.com/watch?v=qBSTvn9uEZM<br>https://apps.apple.com/cz/app/id6755365206<br>https://play.google.com/store/apps/details?id=cz.csfd.csfdroid<br>;;;
36712;Smršť;1957;70.9090909090909;115.0;https://image.pmgstatic.com/cache/resized/w420/files/images/film/posters/166/908/166908090_3776fe.jpg;https://www.csfd.cz/film/36712-smrst/;Francie / Japonsko;Drama / Katastrofický;Typhon sur Nagasaki;"""Západ je západ a Východ je východ."" Rudyard KiplingFrancouzský inženýr Pierre Marsac žije v Nagasaki, kde se podílí na stavbě japonských lodí. Je okouzlen japonským způsobem života tolik odlišným od západního životního stylu. Je zamilován do japonské dívky Noriko Sakurai, která vlastní obchod s kimony. Ta jeho city opětuje. Nicméně jejich vztah naráží na rozdíly v komunikaci, které plynou z odlišnosti západní a východní kultury, ale taky na předsudky dívčiných sousedů. Situaci zkomplikuje příjezd bývalé Pierrovy přítelkyně Francoise, která je novinářkou a pod záminkou reportáže ho navštíví v Japonsku. Pierre si uvědomuje, že Francoise mu není tak úplně lhostejná a to i přesto, že to byla ona, která ho před lety opustila. Vzniká tak klasický trojúhelník, který vyřeší tajfun, který udeří jednoho dne nad Nagasaki. (Želva2)";;;Yves Ciampi;Danielle Darrieux, Jean Marais, Keiko Kiši, Só Jamamura, Gert Fröbe, Kumeko Urabe;https://apps.apple.com/cz/app/id6755365206<br>https://play.google.com/store/apps/details?id=cz.csfd.csfdroid<br>;;;
80693;The Last Voyage;1960;68.82352941176471;91.0;https://image.pmgstatic.com/cache/resized/w420/files/images/film/posters/161/563/161563677_ec1ef8.jpg;https://www.csfd.cz/film/80693-the-last-voyage/;USA;Drama / Dobrodružný / Katastrofický;The Last Voyage;Měla to být jedna z pěti posledních plaveb kdysi skvostné lodi S. S. Claridon, místo toho to byla cesta poslední. Po osmatřiceti letech brázdění oceánů se už cestovní loď Claridon připravovala na svůj zasloužený odpočinek. Jedna z posledních plaveb se jí ale stala osudnou. Po výbuchu v kotelně, při kterém zahynulo několik členů posádky i cestujících, začala v oblasti strojovny pronikat do lodi voda. Kapitán Robert Adams, starý ostřílený mořský vlk, stále však příliš pyšný na svou loď, podcení následky nehody a odmítne zahájit podle něj předčasnou evakuaci cestujících. Námořníkům se však nedaří vodu vypumpovat, místo toho hladina stále stoupá. Na pozadí potápějící se lodi sledujeme dramatický příběh rodiny Hendersonových, jejichž kajuta byla výbuchem zničena. Cliff Henderson musí nejprve zachránit svou dcerku Jill a poté se pokusit vyprostit ženu Laurie, na níž se při výbuchu sesunula část kajuty. Ve zmatku z probíhající evakuace je však sehnání pomoci na stále rychleji klesající lodi téměř nadlidský úkol. (dopitak);19.02.1960 Metro-Goldwyn-Mayer (MGM);;Andrew L. Stone;Robert Stack, Dorothy Malone, George Sanders, Edmond O'Brien, Woody Strode, Jack Kruschen, Richard Norris, Joel Marston, Marshall Kent, Tammy Marihugh;https://apps.apple.com/cz/app/id6755365206<br>https://play.google.com/store/apps/details?id=cz.csfd.csfdroid<br>;Academy Awards (1x)<br>;;
111758;Atlantic;1929;67.6923076923077;90.0;https://image.pmgstatic.com/cache/resized/w420/files/images/film/posters/160/427/160427406_0b077c.jpg;https://www.csfd.cz/film/111758-atlantic/;Velká Británie;Drama / Katastrofický;;;15.08.1930 Slaviafilm;černobílý film, 20. století, podle skutečného příběhu, období 1910-1920, katastrofa, loď v ohrožení, ledovec, Titanic;Ewald André Dupont;Franklin Dyall, Madeleine Carroll, John Stuart, Donald Calthrop, John Longden, Helen Haye, Joan Barry, Monty Banks, Syd Crossley, Danny Green;https://apps.apple.com/cz/app/id6755365206<br>https://play.google.com/store/apps/details?id=cz.csfd.csfdroid<br>;;;
374218;Vlna;2015;66.14242027086064;104.0;https://image.pmgstatic.com/cache/resized/w420/files/images/film/posters/160/388/160388860_ea0fa6.jpg;https://www.csfd.cz/film/374218-vlna/;Norsko;Akční / Drama / Thriller / Katastrofický;Bølgen;Katastrofický film o souboji s ničivou vlnou v norském fjordu Geiranger, inspirovaný skutečnými událostmi. Zkušený geolog Kristian se chystá s rodinou opustit malebné město Geiranger. Přístroje umístěné v jednom z horských masívů nad fjordem zachytí znepokojivá data. Ve chvíli, kdy se rozezní poplašné sirény, naplní se Kristianova nejhorší můra. On i jeho blízcí mají přesně 10 minut, než je zasáhne obří vlna spuštěná sesuvem půdy. Začíná souboj s časem i živly. Vlna přenáší postupy klasických amerických katastrofických filmů do malebného a drsného severského prostředí. (Film Europe);28.08.2015 Nordisk Film Nor.;rodina, smrt, otec, matka, dcera, syn, útěk, hory, vědci, hotel, katastrofa, jezero, záchranáři, tsunami;Roar Uthaug;Kristoffer Joner, Ane Dahl Torp, Jonas Hoff Oftebro, Edith Haagenrud-Sande, Fridtjov Såheim, Laila Goody, Arthur Berning, Herman Bernhoft, Eili Harboe, Silje Breivik;https://apps.apple.com/cz/app/id6755365206<br>https://play.google.com/store/apps/details?id=cz.csfd.csfdroid<br>;Amanda Awards (4x)<br>The Saturn Awards (1x)<br>;Amanda Awards (3x)<br>;
79393;Teoneol;2016;66.16279069767442;126.0;https://image.pmgstatic.com/cache/resized/w420/files/images/film/posters/160/868/160868619_4666a2.jpg;https://www.csfd.cz/film/79393-teoneol/;Jižní Korea;Katastrofický / Akční / Drama;터널;Lee Jung-soo (Jeong-woo Ha) míří domů na oslavu narozenin své dcery, když se na něj zřítí tunel. Mobilem si zavolá o pomoc a rozjíždí se záchranné práce. Když se mu ovšem vybije baterie, záchranáři s ním ztratí kontakt a jelikož je v sutinách tunelu uvězněn již dlouhou dobu, většina ho považuje za mrtvého. Toho využijí politici, nařídí záchrannou akci ukončit a znovu začít s pracemi a odstřely na druhém tunelu v blízkosti. (LangiJ);10.08.2016 Showbox;smrt, otec, dcera, politika, nehoda, nespravedlnost, narozeniny, záchranáři;Seong-hoon Kim;Jeong-woo Ha, Du-na Bae, Dal-soo Oh, Jong-soo Kim, Jin-woo Park, Seok-tae Joo, Seon-kyu Jin, Soo-hyun Han, Se-ho Ahn, Han-seo Lee;https://apps.apple.com/cz/app/id6755365206<br>https://play.google.com/store/apps/details?id=cz.csfd.csfdroid<br>;;;Jae-won So
32299;Vajont - šílenství mužů;2001;66.16314199395771;116.0;https://image.pmgstatic.com/cache/resized/w420/files/images/film/posters/000/020/20066_f2c810.jpg;https://www.csfd.cz/film/32299-vajont-silenstvi-muzu/;Itálie / Francie;Drama / Katastrofický;Vajont - La diga del disonore;V roce 1959 začíná v jednom údolí v Dolomitech stavba gigantické přehrady, která měla být největší stavbou tohoto druhu v Evropě. Hlavní architekt přehrady Carlo Semenza si touto stavbou plní svůj životní sen. Hlavní inženýr Biadene slibuje velký ekonomický dopad nejen na kraj, ale i na ekonomiku celé Itálie. Brzy po zahájení stavby se začínají ukazovat vážné problémy. V půdě se objevují trhliny, které se zvětšují a hrozí, že se sesune část hory - Mont Toc do přehrady. To by znamenalo, že by se voda mohla přelít přes přehradu. Vláda i společnost, která přehradu staví, a dokonce ani architekt a hlavní inženýr však nechtějí zpochybnění stavby připustit. Novinářka, která se snaží na nebezpečí upozornit, je hnána před soud. 9. října 1963 se utrhlo 300 milionů kubických metrů z hory Mont Toc a sklouzlo do přehrady osmdesátikilometrovou rychlostí. Tato masa zeminy a kamení zvedla vlnu o výšce 250 metrů, vodní tříšť, mlha a padesát milionů kubických metrů vody přepadlo přes hráz a zalilo šest vesnic, které srovnalo se zemí. Voda se řítila rychlostí osmdesáti kilometrů v hodině údolím Piavy a zabíjela. Za oběť nezodpovědnosti, touze po zisku a nezvladatelných ambicí padlo dva tisíce lidských životů.;;smrt, oběť (autonehody/zločinu), venkov, lež, podle skutečného příběhu, vesnice, tragédie, umírání, novináři, nespravedlnost, voda, nebezpečí, reportéři, Itálie, korporace, média, období 1950-1960, katastrofa, žurnalistika, skandál, destrukce, ničení, přehrada (hráz), povodeň, stavba, utonutí;Renzo Martinelli;Michel Serrault, Daniel Auteuil, Laura Morante, Jorge Perugorría, Anita Caprioli, Leo Gullotta, Philippe Leroy, Jean-Christophe Brétigniere, Nicola Di Pinto, Massimo Vanni;https://apps.apple.com/cz/app/id6755365206<br>https://play.google.com/store/apps/details?id=cz.csfd.csfdroid<br>;;;
107279;Den poté;2004;65.84034044298606;119.0;https://image.pmgstatic.com/cache/resized/w420/files/images/film/posters/159/846/159846603_e9b660.jpg;https://www.csfd.cz/film/107279-den-pote/;USA;Katastrofický / Drama / Sci-Fi / Thriller;The Day After Tomorrow;"Výzkumy klimatologa Jacka Halla (Dennis Quaid), naznačují, že by globální oteplování mohlo spustit prudkou a katastrofální změnu zemského klimatu. Všechno začalo, když se Hall stal svědkem odlomení ledové kry o velikosti Rhode Islandu z antarktického ledového pole. Na celé zeměkouli následovaly prudké změny počasí: v Tokiu padaly kroupy o velikosti grapefruitu, rekordy lámající hurikán řádil na Havaji, v Dillí napadl sníh a přes Los Angeles se přehnala ničivá série tornád. Profesor Rapsona (Ian Holm) potvrdil Jackovy nejhorší obavy: tyto prudké změny počasí jsou příznakem velké globální změny. Množství vody z tajících polárních ledovců narušilo mořské proudy stabilizující náš klimatický systém. Globální oteplování posunulo planetu na pokraj nové doby ledové, která nastane během jedné globální superbouře... Zatímco Jack varuje Bílý dům před blížící se klimatickou změnou, jeho sedmnáctiletý syn Sam (Jake Gyllenhaal) uvízl v New Yorku. Obyvatelstvo je evakuováno na jih, avšak Jack míří na sever zachránit Sama. Ale ani Jack není připraven na to, co se stane - jemu, jeho synovi a jeho planetě... V Emmerichově filmu Den nezávislosti Zemi téměř zničili vetřelci. Teď ve filmu Den poté je nepřítelem mnohem ničivější síla: je to příroda sama. ""Je to výpravný příběh o přežití a hrdinství s neustálou akcí a výbornými vizuálními efekty. Rozhodně má tu ráznost, kterou obecenstvo od Rolanda Emmericha očekává,"" říká producent Mark Gordon. Filmu nechybí ani lidský prvek. ""Je to stále lidské drama bez ohledu na efekty,"" říká Emmerich. Postavy otce a syna jsou zranitelné, rozporné a milující a to dělá jejich boj proti nesmírné síle přírody tak vzrušující. Jde o obecný boj Člověka proti Přírodě. Odolnost a nakonec vítězství lidského ducha.";28.05.2004 20th Century Fox;rodina, smrt, otec, strach, syn, boj o přežití, studenti, moře, New York, vědci, sníh, zima, vesmír, vědec, katastrofa, prezident, apokalypsa, globální oteplování, ledovec, povodeň, tornádo;Roland Emmerich;Dennis Quaid, Jake Gyllenhaal, Ian Holm, Emmy Rossum, Sela Ward, Dash Mihok, Kenneth Welsh, Jay O. Sanders, Austin Nichols, Perry King;https://srv.tunefindforfans.com/showads/track/srvclk.php?aid=100006796&lp=https://www.disneyplus.com/en-cz/browse/entity-938014c2-e4bf-4d7a-b6e3-3f8ba0a4873c<br>https://srv.clickfuse.com/ads/adclkr.php?id=100006636&url=https://tv.apple.com/cz/movie/the-day-after-tomorrow/umc.cmc.6a4d21rv7s6bqileg9e24tu0s<br>https://www.youtube.com/watch?v=b6veaGcntmQ<br>https://srv.tunefindforfans.com/showads/track/srvclk.php?aid=100006796&lp=https://www.disneyplus.com/en-cz/browse/entity-938014c2-e4bf-4d7a-b6e3-3f8ba0a4873c<br>https://srv.clickfuse.com/ads/adclkr.php?id=100006636&url=https://tv.apple.com/cz/movie/the-day-after-tomorrow/umc.cmc.6a4d21rv7s6bqileg9e24tu0s<br>https://www.youtube.com/watch?v=b6veaGcntmQ<br>https://apps.apple.com/cz/app/id6755365206<br>https://play.google.com/store/apps/details?id=cz.csfd.csfdroid<br>;The Saturn Awards (2x)<br>;British Academy of Film and Television Arts (BAFTA) (1x)<br>;
128006;Zemětřesení;1978;68.14814814814815;;https://image.pmgstatic.com/cache/resized/w420/files/images/film/posters/000/036/36187_c835d1.jpg;https://www.csfd.cz/film/128006-zemetreseni/;Rumunsko;Dokumentární / Drama / Katastrofický;Mai presus de orice;;;zemětřesení;Dan Pița, Nicolae Margineanu;Victor Rebengiuc;https://apps.apple.com/cz/app/id6755365206<br>https://play.google.com/store/apps/details?id=cz.csfd.csfdroid<br>;;;
19961;Zemětřesení;1974;65.52967693463562;122.0;https://image.pmgstatic.com/cache/resized/w420/files/images/film/posters/000/077/77445_23bb7b.jpg;https://www.csfd.cz/film/19961-zemetreseni/;USA;Katastrofický / Drama / Thriller;Earthquake;ZEMĚTŘESENÍ katastrofálních rozměrů rozpárá Jižní Kalifornii napříč. Los Angeles je srovnáno se zemí. Životy jeho obyvatel se změní jednou provždy. Superhvězdné obsazení v čele s Charlesem Hestonem v roli Stewarta Graffa, stavebního inženýra, který tu žije se svou bohatou manželkou Remy (Ava Gardner). George Kennedy představuje Lew Slada, drsného policistu, jež se snaží uhlídat pořádek ve zdevastovaném městě. lorne Greene hraje Sama Royce, majitele stavební společnosti uvězněného ve vlastní budově. Ve filmu ZEMĚTŘESENÍ se také setkáte s Genevieve Bujold, Marjoe Gotnerem, Lloydem Nolanem, Barry Sullivanem, Victoriou Principal a Richardem Rowntree. Film ZEMĚTŘESENÍ obsahuje jedny z nejúžasnějších speciálních efektů, které se kdy na filmovém plátně objevily.;15.11.1974 Universal Pictures US;zemětřesení;Mark Robson;Charlton Heston, Ava Gardner, George Kennedy, Lorne Greene, Geneviève Bujold, Richard Roundtree, Marjoe Gortner, Barry Sullivan, Lloyd Nolan, Victoria Principal;https://apps.apple.com/cz/app/id6755365206<br>https://play.google.com/store/apps/details?id=cz.csfd.csfdroid<br>;Academy Awards (3x)<br>British Academy of Film and Television Arts (BAFTA) (1x)<br>Golden Globes (2x)<br>;Academy Awards (1x)<br>;
9820;Hindenburg;1975;65.01176470588236;125.0;https://image.pmgstatic.com/cache/resized/w420/files/images/film/posters/170/275/170275715_e8i17w.jpg;https://www.csfd.cz/film/9820-hindenburg/;USA;Drama / Thriller / Historický / Katastrofický;Příběh vzducholodi Hindenburg;Dramatická cesta slavné německé vzducholodi přes oceán. V roce 1937 americká vědma předpoví katastrofu německé lodi Hindenburg a pošle svůj dopis na německé velvyslanectví. Nacistická propaganda však chce dál demonstrovat sílu budoucí všemocné německé říše. Proto s obrovskou vzducholodí Hindenburg vyšle z Frankfurtu zároveň také muže z rozvědky. Ten má zajistit bezpečnost letu i všech cestujících. Brzy se mu skutečně podaří na vzducholodi odhalit sabotáž. Vzhledem k nepředvídaným okolnostem při přistání se mu ale nepodaří katastrofě zabránit… Výpravný film, který získal zvláštní Cenu Akademie za nejlepší vizuální efekty a zvuk, se inspiroval známou tragickou událostí a využívá archivní materiály z cesty vzducholodi Zeppelin LZ-129. (Česká televize);25.12.1975 Universal Pictures US;podle knihy, smrt, 20. století, nehoda, období 1930-1940, katastrofa, bomba, letecká nehoda, gestapo, vzducholoď;Robert Wise;George C. Scott, Anne Bancroft, William Atherton, Roy Thinnes, Gig Young, Burgess Meredith, Charles Durning, Richard Dysart, Robert Clary, René Auberjonois;http://www.ceskatelevize.cz<br>http://www.ceskatelevize.cz<br>https://apps.apple.com/cz/app/id6755365206<br>https://play.google.com/store/apps/details?id=cz.csfd.csfdroid<br>;Academy Awards (3x)<br>;;Michael M. Mooney
287301;Úder na planetu Zemi;2007;65.0;;https://image.pmgstatic.com/cache/resized/w420/files/images/film/posters/158/210/158210668_792b36.jpg;https://www.csfd.cz/film/287301-uder-na-planetu-zemi/;USA / Německo;Dokumentární / Akční / Dobrodružný / Katastrofický;Fatální střet;Před 65 miliony let dopadl na naši planetu asteroid a jeho dopad měl drtivé účinky. Naprostá většina živých organismů zahynula a éra dinosaurů tak skončila. Tento dokument ukazuje, co by se stalo, pokud by se podobná situace opakovala dnes. Přední vědci celého světa načrtávají pravděpodobný scénář následků katastrofy a nabízejí tím jedinečný pohled do budoucnosti!;Na DVD od 01.04.2010 Hollywood Classic Entertainment (H.C.E.);katastrofa, asteroid;Stefan Schneider;Dennis Cubic, James Matthews-Pyecka;https://apps.apple.com/cz/app/id6755365206<br>https://play.google.com/store/apps/details?id=cz.csfd.csfdroid<br>;;;
99176;Posádka v ohrožení;1979;65.0;144.0;https://image.pmgstatic.com/cache/resized/w420/files/images/film/posters/111/657/111657491_5uo8je.jpg;https://www.csfd.cz/film/99176-posadka-v-ohrozeni/;Sovětský svaz;Akční / Drama / Katastrofický;Posádka;Letoun ruských aerolinek je poslán do malého městečka, kde dochází k velkému zemětřesení. Ovšem obrovská exploze rafinerie donutí letadlo opět vzlétnout, jelikož na letišti již nikdo není v bezpečí. Tento náhlý start však nezůstane bez následků - trup letadla je poškozen a posádka se tak ocitá ve smrtelném nebezpečí. (Chupacabre);;rodina, rodiče, dcera, syn, nebezpečí, letadla, výbuch, požár, piloti, letiště, letadlo v ohrožení, zemětřesení, Moskva;Alexandr Mitta;Georgij Žžjonov, Anatolij Vasiljev, Leonid Filatov, Alexandra Jakovleva, Jekatěrina Vasiljeva, Klara Rumjanova, Jurij Gorobec, Jelena Koreněva, Vladimir Ivanov, Alexandr Potapov;https://apps.apple.com/cz/app/id6755365206<br>https://play.google.com/store/apps/details?id=cz.csfd.csfdroid<br>;;;
830492;Greenland: Poslední úkryt;2020;64.62863070539419;119.0;https://image.pmgstatic.com/cache/resized/w420/files/images/film/posters/165/275/165275783_c7d514.jpg;https://www.csfd.cz/film/830492-greenland-posledni-ukryt/;USA;Akční / Thriller / Katastrofický;Greenland;John Garrity (Gerard Butler) s manželkou Allison (Morena Baccarin) a malým synem Nathanem se vydávají na nebezpečnou cestu, aby našli útočiště, před obrovskou kometou rychle se blížící k Zemi. Uprostřed děsivých zpráv o tom, že města po celém světě jsou ničena úlomky komety, naši protagonisté bojují s rostoucí panikou a bezprávím, které je obklopuje. Budeme svědky zběsilého útěku do bezpečí. Podaří se jim najít poslední úkryt před globální apokalypsou a najít nový bezpečný domov? (Vertical Entertainment);Na Blu-ray od 28.04.2021 Magic Box;rodina, otec, matka, syn, útěk, vojáci, armáda, naděje, panika, katastrofa, apokalypsa, letecká nehoda, úkryt, konec světa, meteority, kometa;Ric Roman Waugh;Gerard Butler, Morena Baccarin, Roger Dale Floyd, Scott Glenn, David Denman, Hope Davis, Holt McCallany, Andrew Bachelor, Merrin Dungey, Gary Weeks;https://www.netflix.com/title/81277428<br>https://srv.clickfuse.com/ads/adclkr.php?id=100006636&url=https://tv.apple.com/cz/movie/greenland/umc.cmc.5nyf1fjedleaqgid5a80pmhgs<br>https://www.youtube.com/watch?v=J0-RrIo8RJ0<br>https://www.netflix.com/title/81277428<br>https://srv.clickfuse.com/ads/adclkr.php?id=100006636&url=https://tv.apple.com/cz/movie/greenland/umc.cmc.5nyf1fjedleaqgid5a80pmhgs<br>https://www.youtube.com/watch?v=J0-RrIo8RJ0<br>https://apps.apple.com/cz/app/id6755365206<br>https://play.google.com/store/apps/details?id=cz.csfd.csfdroid<br>;;;
26939;The Devil at 4 O'Clock;1961;64.61538461538461;126.0;https://image.pmgstatic.com/cache/resized/w420/files/images/film/posters/166/965/166965659_t8wqds.jpg;https://www.csfd.cz/film/26939-the-devil-at-4-o-clock/;USA;Drama / Dobrodružný / Katastrofický;;"Stárnoucí kněz Matthew Doonan (Spencer Tracy) byl odvolán ze svého místa na malém ostrůvku Talua nedaleko Tahiti. Člověk, který působil na ostrově ve službách víry bezmála dvacet let a vlastníma rukama tu postavil v horách za městem nemocnici pro děti nakažené leprou, čímž si ""dokonale"" znepřátelil obyvatelstvo celého ostrova, je nucen opustit svůj domov. Jeho nástupce přilétá na Taluu společně se třemi vězni, směřujícími do tahitského vězení. Otec Doonan využije toto mezipřistání a vyžádá si u guvernéra jejich pomoc při opravě nemocnice. Vinou probuzené sopky však nebudou jen přitloukat plechy na střechu, ale také zachraňovat lidské životy. Nemocnici je totiž zapotřebí evakuovat, než sopka vybuchne. Poslední loď odplouvá z ostrova ve čtyři odpoledne. (dopitak)";18.10.1961 Columbia Pictures US;podle knihy, děti, ostrov, kněz, sopka, sopečná erupce;Mervyn LeRoy;Spencer Tracy, Frank Sinatra, Kerwin Mathews, Jean-Pierre Aumont, Alexander Scourby, BarBara Luna, Marcel Dalio, Michele Montau, Grégoire Aslan, Norman Wright;https://apps.apple.com/cz/app/id6755365206<br>https://play.google.com/store/apps/details?id=cz.csfd.csfdroid<br>;;;Max Catto
421512;Ledokol;2016;63.5;124.0;https://image.pmgstatic.com/cache/resized/w420/files/images/film/posters/161/464/161464125_dc6654.jpg;https://www.csfd.cz/film/421512-ledokol/;Rusko;Drama / Katastrofický;Ледокол;Děj filmu je částečně založen na skutečných událostech, ke kterým došlo v roce 1985 s ledoborcem Michailem Somovem, který byl uvězněn antarktickým ledem na 133 dnů. (sator);20.10.2016 Наше Кино;podle skutečného příběhu, expedice, loď v ohrožení, ledovec, Antarktida;Nikolaj Chomeriki;Pjotr Fjodorov, Sergej Puskepalis, Alexandr Jacenko, Alexandr Pal, Vitalij Chajev, Anna Michalkova, Olga Smirnova, Alexej Barabaš, Dmitrij Muljar, Anatolij Chropov;https://apps.apple.com/cz/app/id6755365206<br>https://play.google.com/store/apps/details?id=cz.csfd.csfdroid<br>;;;
5713;Drtivý dopad;1998;63.87145313843508;120.0;https://image.pmgstatic.com/cache/resized/w420/files/images/film/posters/163/325/163325239_444496.jpg;https://www.csfd.cz/film/5713-drtivy-dopad/;USA;Katastrofický / Drama / Akční / Sci-Fi / Thriller;Deep Impact;K Zemi se blíží Wolf-Biedermanova kometa, větší než Mount Everest. Ke srážce, jež bude znamenat konec planety Země, má dojít za necelý rok. Zatímco se chystá vesmírná expedice, jež se má pokusit rozstřílet kometu jadernými zbraněmi, na Zemi se rychle chystají podzemní kryty, jakési archy záchrany.;08.05.1998 Paramount Pictures;smrt, žena režisérka, novináři, vesmír, vesmírná loď, prezident, televizní studio, kosmonauti, atomová bomba, tsunami, kometa;Mimi Leder;Robert Duvall, Téa Leoni, Elijah Wood, Vanessa Redgrave, Morgan Freeman, Maximilian Schell, James Cromwell, Ron Eldard, Jon Favreau, Laura Innes;https://srv.clickfuse.com/ads/adclkr.php?id=100006636&url=https://tv.apple.com/cz/movie/deep-impact/umc.cmc.4j0lod05l5gl0tdp87905t460<br>https://www.youtube.com/watch?v=fRr6Ghr0Ehs<br>https://srv.clickfuse.com/ads/adclkr.php?id=100006636&url=https://tv.apple.com/cz/movie/deep-impact/umc.cmc.4j0lod05l5gl0tdp87905t460<br>https://www.youtube.com/watch?v=fRr6Ghr0Ehs<br>https://apps.apple.com/cz/app/id6755365206<br>https://play.google.com/store/apps/details?id=cz.csfd.csfdroid<br>;The Saturn Awards (1x)<br>;;
105045;Titanic;1927;63.25;90.0;https://image.pmgstatic.com/cache/resized/w420/files/images/film/posters/160/790/160790786_d0c320.jpg;https://www.csfd.cz/film/105045-titanic/;USA;Drama / Katastrofický;East Side, West Side;;;podle knihy, černobílý film, 20. století, němý film, podle skutečného příběhu, období 1910-1920, katastrofa, loď v ohrožení, ledovec, Titanic;Allan Dwan;George O'Brien, Virginia Valli, J. Farrell MacDonald, June Collyer, John Miltern, Holmes Herbert, Jack La Rue;https://apps.apple.com/cz/app/id6755365206<br>https://play.google.com/store/apps/details?id=cz.csfd.csfdroid<br>;;;Felix Riesenberg
50572;Nouzový let;2016;63.627019089574155;138.0;https://image.pmgstatic.com/cache/resized/w420/files/images/film/posters/160/670/160670714_0cd4ce.jpg;https://www.csfd.cz/film/50572-nouzovy-let/;Rusko / Kambodža;Katastrofický / Dobrodružný / Akční / Drama;Ekipaž;Mladý pilot Alexej jen těžko získává přízeň zkušenějšího kolegy Leonida. Oba muži však čeká osudová zkouška, když budou nuceni evakuovat turisty z oblasti zasažené sopečným výbuchem. Poklidné přistání se promění v noční můru poté, co erupce zničí letiště a poškodí startovací dráhu... Mladý vojenský pilot Alexej Guščin je navzdory svému talentu a vlivu svého otce, leteckého inženýra, propuštěn z armády, protože jednal v rozporu s rozkazy. Přihlásí se na místo pilota letecké společnosti, kde se má podrobit přijímacímu řízení vedenému přísným pilotem Leonidem Zinčenkem. I přes Zinčenkovy pochybnosti je přijat a stává se Zinčenkovým stážistou. Guščin hledá cestu k Zinčenkovi, který je i doma velice přísný na svého syna Valeru. Guščin se seznamuje s kolegyní Alexandrou Kuzminou, do které se zamiluje. Alexandra je sebevědomá a Guščinův zájem nejprve neopětuje, brzy spolu ale začnou chodit. Guščin a Zinčenko jsou povoláni do Afriky, kde mají evakuovat turisty před válečnými událostmi. Guščin je ale rozzlobený, že nemohou evakuovat rovněž místní emigranty, čímž proti sobě popudí vedení společnosti. Zinčenko však Guščina podrží a oba jsou přiděleni k pravidelným letům do jihovýchodní Asie. Zinčenko s sebou přibírá i Valeru, od kterého očekává, že se zlepší v angličtině. Během jednoho letu na Aleutské ostrovy jsou piloti požádáni, aby evakuovali turisty v oblasti, kde vybuchla sopka. Celkem poklidné přistání se však promění v noční můru poté, co sopečný výbuch zničí letiště a poškodí startovací dráhu. Guščin se navíc musí do hor vydat ještě pro jeden uvízlý mikrobus s turisty. Zinčenko a Kuzmina jsou nuceni startovat a nechávají Guščinovi na letišti druhé letadlo s palivem. Guščinovi se podaří mikrobus zachránit a i jeho letadlo odlétá. Zinčenkovi však dochází palivo a jediným řešením se ukáže přestup cestujících ze Zinčenkova letadla do Guščinova... (TV Prima);14.04.2016 Централ Партнершип;ostrov, letadla, katastrofa, piloti, letadlo v ohrožení, sopka;Nikolaj Lebeděv;Vladimir Maškov, Danila Kozlovskij, Katěrina Špica, Agne Grudyte, Sergej Šakurov, Sergej Gazarov, Jelena Jakovleva, Aljona Babenko, Sergej Romanovič, Irina Lačina;https://apps.apple.com/cz/app/id6755365206<br>https://play.google.com/store/apps/details?id=cz.csfd.csfdroid<br>;;;
788776;The Rescue;2020;63.387978142076506;138.0;https://image.pmgstatic.com/cache/resized/w420/files/images/film/posters/165/018/165018515_957ca0.jpg;https://www.csfd.cz/film/788776-the-rescue/;Čína;Katastrofický / Akční / Drama;Ťin ťi ťiou jüan;Příběh se nesoustředí jen na pracovní nasazení, ale nabízí též náhled na trénink a do soukromí skupinky záchranářů, kteří riskují své životy, aby zachránili přeživší z havarovaného letadla, rozbouřené řeky či hořící lodě. Nebezpečná práce si vybírá svou daň, někteří odcházejí a na jejich místa nastupují noví kolegové. Skupinu vede Gao Qian (Eddie Peng), který se kromě pracovních povinností ještě musí starat o malého synka, na jehož výchovu je po smrti manželky sám. (LangiJ);18.12.2020 Zhejiang Bona Production;;Dante Lam;Eddie Peng, Jules Hartley, Ian Wang, Zhilei Xin, Lyric Lan, Yutian Wang, Yang Xu, Carlos Chan, Mincheng Li, Guoqiang Zhang;https://apps.apple.com/cz/app/id6755365206<br>https://play.google.com/store/apps/details?id=cz.csfd.csfdroid<br>;;;
2392;Rozpoutané peklo;1997;63.388653029718256;108.0;https://image.pmgstatic.com/cache/resized/w420/files/images/film/posters/168/097/168097496_mto6p1.jpg;https://www.csfd.cz/film/2392-rozpoutane-peklo/;USA;Katastrofický / Dobrodružný / Thriller;Dante's Peak;Malé městečko Dante's Peak, ležící na úpatí stejnojmenné sopky, žije spokojeným životem venkovské komunity, kde se lidé navzájem znají a dokáží si pomáhat. Když přístroje vědců z geologického výzkumu začnou zaznamenávat aktivitu probouzející se sopky, nikdo je nebere příliš vážně, neboť přesné předpovědi vulkanických erupcí, stejně jako zemětřesení, stále patří do oblasti sci-fi. O to větší je pak šok z nastalé katastrofy, jež prověří lidské charaktery i techniku;07.02.1997 Universal Pictures US;smrt, děti, matka, útěk, sourozenci, dům, psi, zranění, hory, lodě, vědci, panika, babička, řeka, katastrofa, požár, oheň, auta, jezero, vrtulník, důl, destrukce, Wilhelm scream, úkryt, záchranáři, sopka, starosta, zemětřesení, záchranná operace, povodeň, geologie, přírodní katastrofa, láva, sopečná erupce, horské městečko, vulkanologové, zřícení budovy, zával, dav, seismologové, opuštěný důl, protržení přehrady (hráze);Roger Donaldson;Pierce Brosnan, Linda Hamilton, Jamie Renée Smith, Jeremy Foley, Elizabeth Hoffman, Charles Hallahan, Grant Heslov, Arabella Field, Tzi Ma, Lee Garlington;https://srv.clickfuse.com/ads/adclkr.php?id=100006636&url=https://tv.apple.com/cz/movie/dantes-peak/umc.cmc.2r58y1ohmoj49j0rtlgxrk7q8<br>https://www.youtube.com/watch?v=AP4HFVvYDD4<br>https://srv.clickfuse.com/ads/adclkr.php?id=100006636&url=https://tv.apple.com/cz/movie/dantes-peak/umc.cmc.2r58y1ohmoj49j0rtlgxrk7q8<br>https://www.youtube.com/watch?v=AP4HFVvYDD4<br>https://apps.apple.com/cz/app/id6755365206<br>https://play.google.com/store/apps/details?id=cz.csfd.csfdroid<br>;;;
620680;Eksiteu;2019;62.89855072463768;100.0;https://image.pmgstatic.com/cache/resized/w420/files/images/film/posters/163/638/163638851_8bbb28.jpg;https://www.csfd.cz/film/620680-eksiteu/;Jižní Korea;Komedie / Akční / Katastrofický;엑시트;Yong-nam (Jeong-seok Jo) je skvělý horolezec, ale jinak má v životě smůlu. Nemůže sehnat práci, bydlí u rodičů, starší sestry ho neustále peskují, synovec se za něj stydí a ani v lásce mu štěstí nepřeje. Eui-joo (Yoona), do které byl zamilovaný, ho před lety odmítla. Yong-nam na ni však nemůže zapomenout, a proto v podniku, kde pracuje jako asistentka manažera, uspořádá oslavu 70. narozenin své matky. Během oslavy dojde nedaleko k výbuchu a městem se začne šířit smrtelný bílý plyn, který stoupá vzhůru. Yong-nam bude muset využít svých horolezeckých schopností, aby dostal Eui-joo, svou rodinu a ostatní hosty na střechu do bezpečí. (LangiJ);31.07.2019 CJ Entertainment;;Sang-geun Lee;Jung-suk Jo, Yoona, Doo-shim Ko, In-hwan Park, Ji-young Kim, Ki-yeong Kang, Jong-goo Kim, Yoo-ram Bae, Hee-joon Oh, Soo-bin Yoo;https://apps.apple.com/cz/app/id6755365206<br>https://play.google.com/store/apps/details?id=cz.csfd.csfdroid<br>;;;
771105;Baekdusan;2019;63.165829145728644;128.0;https://image.pmgstatic.com/cache/resized/w420/files/images/film/posters/164/038/164038154_f1fe8f.jpg;https://www.csfd.cz/film/771105-baekdusan/;Jižní Korea;Akční / Thriller / Dobrodružný / Katastrofický;백두산;Pektusan, stratovulkán na čínsko-severokorejské hranici, vybuchne a vyvolá silné zemětřesení v Severní i Jižní Koreji. Mají následovat ještě další 3 erupce, které budou mít pro celý Korejský poloostrov fatální následky. Profesor Kang Bong-rae (Dong-seok Ma) přijde s odvážným plánem odpálit v dole pod Pektusanem jadernou bombu. K jeho realizaci je sestaven speciální tým a kapitán Cho In-chang (Jeong-woo Ha) má zajistit nainstalování jaderných hlavic do detonátoru. Balistické rakety jsou ovšem ukryty v Severní Koreji. Proto musí tým nejprve osvobodit z vězení dvojitého agenta Ri Jun-pyonga (Byeong-heon Lee), který je k raketám zavede. (LangiJ);19.12.2019 CJ Entertainment;vojáci, katastrofa, atomová bomba, sopka, zemětřesení, Severní Korea;Byeong-seo Kim, Hae-joon Lee;Byung-hun Lee, Jeong-woo Ha, Dong-seok Ma, Hye-jin Jeon, Suzy Bae, Ja-yeon Ok, Sin-cheol Kang, Soo-hyun Han, Do-yeon Jeon, Dae-Hyeok Yang;https://apps.apple.com/cz/app/id6755365206<br>https://play.google.com/store/apps/details?id=cz.csfd.csfdroid<br>;;;
646738;Zemětřesení;2018;62.6123595505618;106.0;https://image.pmgstatic.com/cache/resized/w420/files/images/film/posters/166/910/166910615_106090.jpg;https://www.csfd.cz/film/646738-zemetreseni/;Norsko;Akční / Drama / Thriller / Katastrofický;Skjelvet;"Příběh je založen na skutečné události, kdy v roce 1904 zemětřesení o velikosti 5,4 stupně Richterovy stupnice otřáslo hlavním městem Norska Oslem. Zemětřesení mělo tehdy svoje epicentrum v ""Oslo Graben"", které se rozkládá pod norským hlavním městem. Geologické průzkumy ukazují, že se začaly objevovat známky, kdy můžeme čekat další větší zemětřesení, a Oslo je tak opět v nebezpečí. Příběh obyčejných lidí je zachycen v děsivé sérii událostí, jak se pokoušejí přežít. (ARI50)";31.08.2018 Nordisk Film Nor.;rodina, smrt, podle skutečného příběhu, katastrofa, zemětřesení;John Andreas Andersen;Kristoffer Joner, Ane Dahl Torp, Jonas Hoff Oftebro, Edith Haagenrud-Sande, Hang Tran, Kathrine Thorborg Johansen, Ravdeep Singh Bajwa, Fredrik Skavlan, Emilia Oldani, Tina Schei;https://apps.apple.com/cz/app/id6755365206<br>https://play.google.com/store/apps/details?id=cz.csfd.csfdroid<br>;Amanda Awards (2x)<br>;Amanda Awards (2x)<br>;
727361;Chinese Pilot;2019;59.2;111.0;https://image.pmgstatic.com/cache/resized/w420/files/images/film/posters/163/822/163822515_ed28d1.jpg;https://www.csfd.cz/film/727361-chinese-pilot/;Čína;Životopisný / Drama / Katastrofický;Zhong guo ji zhang;Natočeno podle skutečné události. Let č. A319 z Číny do Tibetu zpočátku vypadal zcela normálně. Jenže 40 minut po startu náhle praskne sklo v pilotní kabině. Celá posádka se tak musí vypořádat nejen s nedostatkem kyslíku a panikařícími cestujícími, ale i blížící se bouří. (Lex.San);30.09.2019 Zhejiang Bona Production;podle skutečného příběhu;Andrew Lau;Hanyu Zhang, Yuan Quan, Crystal Zhang, Junyan Jiao, Shu Chen, Mincheng Li, Jiang Du, Liang Zhao, Ziyi Meng, Qin Li;https://apps.apple.com/cz/app/id6755365206<br>https://play.google.com/store/apps/details?id=cz.csfd.csfdroid<br>;Hong Kong Film Awards (2x)<br>;;
397464;Pandora;2016;62.3448275862069;136.0;https://image.pmgstatic.com/cache/resized/w420/files/images/film/posters/161/397/161397872_e82390.jpg;https://www.csfd.cz/film/397464-pandora/;Jižní Korea;Katastrofický / Drama;판도라;V mestečku Hanbyul už dlhšiu dobu sužuje miestnych obyvateľov továreň na výrobu nukleárnej energie. Ľudia majú strach o svoje životy. Je tu ale i hŕstka tých, ktorí sú vdační, že majú v tomto zapadákove nejakú prácu. Jedným z nich je i Jae-Hyeok (Kim Nam-Gil), ktorý ale varuje ostatných pred tragickým stavom, v akom sa továreň momentálne nachádza. Po tom, ako zlyhá roky starý chladiaci systém v jednom z reaktorov, skutočná hrozba sa začne šíriť do ulíc. I vláda stratila kontrolu nad médiami a krajina sa začala meniť na krajinu mŕtvych. Napriek chaosu Jae-Hyeok zalarmuje pár spolupracovníkov, aby sa vrátili späť do továrne a zabránili ešte väčšiemu nešťastiu. (sochoking);07.12.2016 Next Entertainment World;smrt, útěk, politika, nehoda, voda, záchranáři, radioaktivita, hasiči, elektrárna, nemoc z ozáření;Jeong-woo Park;Nam-gil Kim, Joo-hyeon Kim, Jin-yeong Jeong, Yeong-ae Kim, Jeong-hee Moon, Dae-myeong Kim, Kyeong-yeong Lee, Shin-il Kang, Seung-mok Yoo, Jin-mo Joo;https://www.netflix.com/title/80158577<br>https://www.netflix.com/title/80158577<br>https://apps.apple.com/cz/app/id6755365206<br>https://play.google.com/store/apps/details?id=cz.csfd.csfdroid<br>;;;
73489;Nad ostrovy nevyjde slunce;1973;61.0;143.0;https://image.pmgstatic.com/cache/resized/w420/files/images/film/posters/160/871/160871875_5c7ded.jpg;https://www.csfd.cz/film/73489-nad-ostrovy-nevyjde-slunce/;Japonsko;Thriller / Sci-Fi / Drama / Katastrofický;Nippon činbocu;Japonsko trápené zemětřeseními a vulkány pomalu klesá do moře. Závod s časem a přílivem začíná, když se Američané a Japonci společně snaží zachránit alespoň zlomek mizející Říše Slunce. (sator);29.12.1973 Toho Company;;Širó Moritani;Lorne Greene, John Fujioka, Joe Dante, Susan Sennett, Isao Nacujagi, Andrew Meyer, Džun Kunimura, Tecuró Tanba, Tecu Nakamura, Pierre Taki;https://apps.apple.com/cz/app/id6755365206<br>https://play.google.com/store/apps/details?id=cz.csfd.csfdroid<br>;;;
1085527;Cloudy Mountain;2021;57.6;114.0;https://image.pmgstatic.com/cache/resized/w420/files/images/film/posters/165/669/165669808_35188f.jpg;https://www.csfd.cz/film/1085527-cloudy-mountain/;Čína;Drama / Akční / Katastrofický;Feng bao;;17.09.2021 China Film;;Jun Li;Yilong Zhu, Zhizhong Huang, Shu Chen, Junyan Jiao, Taishen Cheng, Ge Wang, Lucas Lu, Jiantao Hong, Xiaoou Zhou, Zi Bin;https://apps.apple.com/cz/app/id6755365206<br>https://play.google.com/store/apps/details?id=cz.csfd.csfdroid<br>;;;
242413;San Francisco: Aftermath of Earthquake;1906;59.6;1.0;//static.pmgstatic.com/assets/images/050b5bad23b8eb0b4f88f971b8f6a168/empty-image.svg;https://www.csfd.cz/film/242413-san-francisco-aftermath-of-earthquake/;USA;Dokumentární / Krátkometrážní / Katastrofický;;Krátky dokumentárny film zachycuje mesto San Francisco tesne po zemetrasení. Otrasy s magnitúdou 7,8 stupňa Richterovej stupnice zasiahli mesto 18. apríla 1906 v čase 05:13. Počet obetí mal byť okolo 3- až 6 000 ľudí. Celkové škody dosiahli 500 miliónov dolárov, zničených bolo okolo 90 000 budov a asi 250 000 ľudí prišlo o strechu nad hlavou. (Marek1991);;;;;https://apps.apple.com/cz/app/id6755365206<br>https://play.google.com/store/apps/details?id=cz.csfd.csfdroid<br>;;;
350194;Sleep Walk;2013;56.92307692307692;3.0;//static.pmgstatic.com/assets/images/050b5bad23b8eb0b4f88f971b8f6a168/empty-image.svg;https://www.csfd.cz/film/350194-sleep-walk/;USA;Krátkometrážní / Animovaný / Katastrofický;;Rok 1959. Manhattan pohlcuje černá díra a v posledních chvílích apokalypsy dochází pro soudný den nadšenému bezdomovci, že nikdy není pozdě na vykoupení. (snared);;;;;https://apps.apple.com/cz/app/id6755365206<br>https://play.google.com/store/apps/details?id=cz.csfd.csfdroid<br>;;;
295942;Modrý pondělek;1958;57.241379310344826;;//static.pmgstatic.com/assets/images/050b5bad23b8eb0b4f88f971b8f6a168/empty-image.svg;https://www.csfd.cz/film/295942-modry-pondelek/;Československo;Animovaný / Katastrofický / Krátkometrážní;;;;podle knihy;Václav Bedřich;;https://www.youtube.com/watch?v=Dne3aiQSKFc<br>https://apps.apple.com/cz/app/id6755365206<br>https://play.google.com/store/apps/details?id=cz.csfd.csfdroid<br>;;;Václav Čtvrtek
1343984;Twisters;2024;61.692722371967655;122.0;https://image.pmgstatic.com/cache/resized/w420/files/images/film/posters/168/923/168923411_wdf25e.jpg;https://www.csfd.cz/film/1343984-twisters/;USA;Akční / Dobrodružný / Drama / Thriller / Katastrofický;Twisters;Daisy Edgar-Jones hraje Kate Coopero, bývalou lovkyni bouří, kterou pronásleduje ničivé setkání s tornádem během jejích vysokoškolských studií a která nyní studuje bouřky na obrazovkách v New Yorku. Její přítel Javi (Anthony Ramos) ji vyláká zpět na otevřené pláně, aby otestovala nový převratný systém sledování bouří. Tam se její cesty zkříží s Tylerem Owensem (Glen Powell), okouzlující a bezohlednou hvězdou sociálních médií, která se vyžívá ve zveřejňování svých dobrodružství při honbě za bouřkami se svou bouřlivou partou, čím nebezpečnější, tím lepší. Jak se bouřková sezóna zintenzivňuje, rozpoutávají se děsivé jevy, které nikdy předtím neviděli, a Kate, Tyler a jejich konkurenční týmy se ocitají přímo v dráze několika bouřkových systémů sbíhajících se nad střední Oklahomou v boji o svůj život. (Vertical Entertainment);19.07.2024 Universal Pictures US;muž, žena, smrt, přátelství, přátelé, strach, ženy, vzpomínky, kolegové, boj o přežití, trauma, vědci, dobrodruh, věda, vědec, katastrofa, sociální síť, bouře, déšť, influencer, tornádo, requel, lovci bouřek;Lee Isaac Chung;Daisy Edgar-Jones, Glen Powell, Anthony Ramos, Brandon Perea, David Corenswet, Maura Tierney, Harry Hadden-Paton, Sasha Lane, Daryl McCormack, Kiernan Shipka;https://www.netflix.com/title/81786527<br>https://www.hbomax.com/cz/en/movies/twisters/d500b4a3-1712-4be1-95a3-fb72d47ea2e2<br>https://srv.clickfuse.com/ads/adclkr.php?id=100006636&url=https://tv.apple.com/cz/movie/twisters/umc.cmc.6ptkprxyiocuqyqn04yreldpm<br>https://www.youtube.com/watch?v=gP7btnZQDMo<br>https://sledovanitv.cz/epg/event/HBO:20251216baa7b5949434890bf19fcf96f66508d5<br>https://www.netflix.com/title/81786527<br>https://www.hbomax.com/cz/en/movies/twisters/d500b4a3-1712-4be1-95a3-fb72d47ea2e2<br>https://srv.clickfuse.com/ads/adclkr.php?id=100006636&url=https://tv.apple.com/cz/movie/twisters/umc.cmc.6ptkprxyiocuqyqn04yreldpm<br>https://www.youtube.com/watch?v=gP7btnZQDMo<br>https://sledovanitv.cz/epg/event/HBO:20251216baa7b5949434890bf19fcf96f66508d5<br>https://apps.apple.com/cz/app/id6755365206<br>https://play.google.com/store/apps/details?id=cz.csfd.csfdroid<br>;Golden Globes (1x)<br>The Saturn Awards (2x)<br>;;
307417;Metro;2013;61.61362905818065;132.0;https://image.pmgstatic.com/cache/resized/w420/files/images/film/posters/158/700/158700770_3b86cc.jpg;https://www.csfd.cz/film/307417-metro/;Rusko;Katastrofický / Thriller;Metro;Co vše se může stát v metru? Napínavý boj o přežití v hlubinách metropole. Milostný trojúhelník v podobě atraktivní ženy, jejího životem uondaného manžela a bohatého bezskrupulózního milence představuje zápletku téměř banální. Milostný příběh se však zvrtne v nečekané drama, když se oba sokové ocitnou ve stejném vagonu metra v moskevské ranní špičce, které se řítí přímo do katastrofální potopy. Na původní rodinnou krizi se tak rychle nabaluje masový boj cestujících o přežití, jenž se svádí v potemnělých tunelech, skýtajících nejedno překvapení... Půdorys ruského filmu obnovuje to nejlepší z populárních katastrofických formátů jako Dobrodružství Poseidonu (1972) či Denní světlo (1996), které přesazuje pro 21. století do mnohem dynamičtější a pro ruskou kinematografii typicky syrovější polohy. Kineticky vyvedený film si s nadhledem pohrává s pravidly žánru, přitom mu nechybí dramatický spád. V prvním plánu sledujeme zkoušku mezilidských vztahů, které dohromady svádí kalamita. Ve druhém plánu Metro vypovídá o rozpadu zaostalé infrastruktury a společenských nešvarech ruské společnosti, kriticky ovšem také upozorňuje na odvrácenou stranu nezkrotné urbanizace. (Česká televize);21.02.2013 Наше Кино;milostný trojúhelník, voda, katastrofa, metro;Anton Megerdičev;Sergej Puskepalis, Anatolij Bělyj, Anfisa Vistingauzen, Jelena Panova, Světlana Chodčenkova, Alexej Bardukov, Katěrina Špica, Ivan Makarevič, Alexandr Jakovlev, Dmitrij Orlov;http://www.ceskatelevize.cz<br>http://www.ceskatelevize.cz<br>http://www.youtube.com/watch?v=FlJash4kb0U<br>https://apps.apple.com/cz/app/id6755365206<br>https://play.google.com/store/apps/details?id=cz.csfd.csfdroid<br>;;;Dmitrij Safonov
209089;Den, kdy se zastavila Země;2008;61.0069848661234;104.0;https://image.pmgstatic.com/cache/resized/w420/files/images/film/posters/000/046/46115_ddad7d.jpg;https://www.csfd.cz/film/209089-den-kdy-se-zastavila-zeme/;USA / Kanada;Sci-Fi / Drama / Thriller / Katastrofický;The Day the Earth Stood Still;Mysleli jsme, že Země je naše. Byla to chyba. V historii existuje mnoho příkladů střetů civilizací, po nichž ty méně vyspělé zanikly nebo byly zotročeny. V našem filmu jsme těmi méně vyspělými my, lidstvo. Film vypráví příběh mimozemšťana Klaatua (Keanu Reeves), který přicestuje na Zemi s jediným úkolem – zamezit lidstvu jeho organizovanou sebedestrukci i za cenu nejvyšších obětí. Klaatu chce lidstvu pomoci, otázkou je, zda o to vlastně stojíme. Zatímco on chce jednat se světovými mocnostmi, naším jediným zájmem je zavřít jej do laboratoře a vědecky ho prozkoumat. ……Na útěku z laboratoře ho doprovází astrobioložka Helen (Jennifer Connelly), která spolu se svým nevlastním synem uvízne v Klaatuově poslání... Film Den, kdy se zastavila Země je remakem klasického stejnojmenného filmu z roku 1951, který natočil Robert Wise. Nové podoby se ujal Scott Derrickson. Reevesovo ztvárnění postavy Klaatua, mimozemšťana, který se začíná polidšťovat, je temnější než přístup Michaela Rennieho, který jej hrál v původní verzi. V novém filmu se vám Země doslova ztrácí pod nohami… Film neukazuje jen pohled nás pozemšťanů na nezvyklého návštěvníka a emoce, které jeho přílet na Zemi vyvolává. Je také o tom, jak se na nás a naše pokusy o sebezničení dívá někdo, kdo má v rukou rozhodnutí o naší budoucí existenci.;12.12.2008 20th Century Fox;vojáci, armáda, vědci, mimozemšťané, katastrofa, Wilhelm scream;Scott Derrickson;Keanu Reeves, Jennifer Connelly, Jon Hamm, Kathy Bates, John Cleese, Jaden Smith, Robert Knepper, James Hong, Kyle Chandler, Brandon T. Jackson;https://srv.tunefindforfans.com/showads/track/srvclk.php?aid=100006796&lp=https://www.disneyplus.com/en-cz/browse/entity-8bb20e2f-01c4-4748-929b-61e6da32880b<br>https://srv.clickfuse.com/ads/adclkr.php?id=100006636&url=https://tv.apple.com/cz/movie/the-day-the-earth-stood-still/umc.cmc.781flzwhke1hpb7ezqv3la0pp<br>https://www.youtube.com/watch?v=nYy5y7Vrz3c<br>https://srv.tunefindforfans.com/showads/track/srvclk.php?aid=100006796&lp=https://www.disneyplus.com/en-cz/browse/entity-8bb20e2f-01c4-4748-929b-61e6da32880b<br>https://srv.clickfuse.com/ads/adclkr.php?id=100006636&url=https://tv.apple.com/cz/movie/the-day-the-earth-stood-still/umc.cmc.781flzwhke1hpb7ezqv3la0pp<br>https://www.youtube.com/watch?v=nYy5y7Vrz3c<br>https://apps.apple.com/cz/app/id6755365206<br>https://play.google.com/store/apps/details?id=cz.csfd.csfdroid<br>;The Saturn Awards (1x)<br>Golden Raspberry Awards (Razzies) (1x)<br>;The Saturn Awards (1x)<br>;
228493;Nihon činbocu;2006;55.88235294117647;135.0;https://image.pmgstatic.com/cache/resized/w420/files/images/film/posters/161/695/161695986_42ce85.jpg;https://www.csfd.cz/film/228493-nihon-cinbocu/;Japonsko;Dobrodružný / Drama / Sci-Fi / Katastrofický;日本沈没;;15.07.2006 Toho Company;;Šindži Higuči;Cujoši Kusanagi, Ai Maeda, Majuko Fukuda, Džun Kunimura, Tecuró Tanba, Emi Wakui, Micuhiro Oikawa, Ken'iči Jadžima, Kódži Ókura, Kazuo Kitamura;https://apps.apple.com/cz/app/id6755365206<br>https://play.google.com/store/apps/details?id=cz.csfd.csfdroid<br>;;;
239242;2012;2009;60.818601848131784;158.0;https://image.pmgstatic.com/cache/resized/w420/files/images/film/posters/159/497/159497428_3cdec8.jpg;https://www.csfd.cz/film/239242-2012/;USA;Katastrofický / Akční / Dobrodružný / Thriller;2012;Mayský kalendář by měl dosáhnout konce svého třináctého cyklu 21. prosince 2012 a po tomto datu už podle nejmoudřejších mužů této dávné civilizace není nic. To samozřejmě vybízí k otázce: pokud kalendář nepokračuje, co se pak bude dít? Když před mnoha staletími po sobě Mayové zanechali svůj kalendář s jasným koncovým datem, popsali také, co bude následovat. Do dnešních dní stejnou věc objevili astrologové, numerologové odhalili vzory, které ji předpovídají, geologové míní, že už k ní dávno mělo dojít, a dokonce ani vládní vědci nejsou schopni zamlčet katastrofu biblických rozměrů, která na naši planetu čeká v roce 2012. Proroctví, na jehož počátku stáli právě Mayové, je nyní podrobně zaznamenané, prodiskutované, rozebrané a prozkoumané. V roce 2012 zjistíme pravdu o předpovídané povodni. A nemůžeme říci, že jsme nebyli varováni...;13.11.2009 Columbia/Sony;muž, žena, rodina, přátelství, přátelé, otec, matka, rodiče, manželé, syn, útěk, cestování, boj o přežití, naděje, lodě, manželství, Kalifornie, Los Angeles, katastrofa, prezident, Indie, apokalypsa, letadlo v ohrožení, zemětřesení, Himálaj, povodeň, Washington;Roland Emmerich;John Cusack, Amanda Peet, Chiwetel Ejiofor, Thandiwe Newton, Oliver Platt, Tom McCarthy, Woody Harrelson, Danny Glover, Liam James, Morgan Lily;https://www.hbomax.com/cz/en/movies/2012/78415642-c904-4883-9007-12d895741b04<br>https://srv.tunefindforfans.com/showads/track/srvclk.php?aid=100006796&lp=https://www.disneyplus.com/en-cz/browse/entity-fa395bed-1945-44fb-8261-70ee3ce6cd48<br>https://srv.clickfuse.com/ads/adclkr.php?id=100006636&url=https://tv.apple.com/cz/movie/2012/umc.cmc.2wq140jo9jd1ut59m0cfukrit<br>https://www.youtube.com/watch?v=ZXvWHGcZMvc<br>https://www.hbomax.com/cz/en/movies/2012/78415642-c904-4883-9007-12d895741b04<br>https://srv.tunefindforfans.com/showads/track/srvclk.php?aid=100006796&lp=https://www.disneyplus.com/en-cz/browse/entity-fa395bed-1945-44fb-8261-70ee3ce6cd48<br>https://srv.clickfuse.com/ads/adclkr.php?id=100006636&url=https://tv.apple.com/cz/movie/2012/umc.cmc.2wq140jo9jd1ut59m0cfukrit<br>https://www.youtube.com/watch?v=ZXvWHGcZMvc<br>https://apps.apple.com/cz/app/id6755365206<br>https://play.google.com/store/apps/details?id=cz.csfd.csfdroid<br>;Critics Choice Awards (1x)<br>The Saturn Awards (2x)<br>;;
756188;Singkeuhol;2021;56.09756097560976;117.0;https://image.pmgstatic.com/cache/resized/w420/files/images/film/posters/165/597/165597922_233120.jpg;https://www.csfd.cz/film/756188-singkeuhol/;Jižní Korea;Komedie / Drama / Katastrofický;싱크홀;Man-soo Jung (Seung-won Cha) je svobodný a těžce pracující otec bydlící v levném bytovém domě. Dong-won Park (Seong-gyoon Kim) a jeho rodina jsou po 11 letech konečně schopni koupit si vlastní byt, který se nachází vedle Man-soona. Uspořádají kolaudační oslavu a pozvou všechny své přátele. Ovšem celovečerní prudký déšť podmáčí půdu, na které se tento bytový dům nachází. To způsobí, že se celý dům propadne do země a společně s ním i jeho obyvatelé včetně Man-soona a Dong-wona. Ti musí společně nalézt způsob, jak se dostat ven dříve, než se propadlý dům naplní vodou. (mikki089);11.08.2021 Showbox;;Ji-hoon Kim;Seung-won Cha, Kwang-soo Lee, Seong-gyoon Kim, Hong-pa Kim, Chang-seok Ko, So-hyun Kwon, Hak-joo Lee, Da-reum Nam, Jae-hwa Kim, Hye-joon Kim;https://apps.apple.com/cz/app/id6755365206<br>https://play.google.com/store/apps/details?id=cz.csfd.csfdroid<br>;;;
15050;Když se čas naplnil...;1980;60.50335570469799;109.0;https://image.pmgstatic.com/cache/resized/w420/files/images/film/posters/000/077/77777_ee8a40.jpg;https://www.csfd.cz/film/15050-kdyz-se-cas-naplnil/;USA;Dobrodružný / Drama / Thriller / Katastrofický;When Time Ran Out...;Dost hvězd na pět reklamních kampaní, dost vášně, moci a hrabivosti na deset filmů. Plus ohnivá záplava zvláštních efektů... Irwin Allen, producent Dobrodružství Poseidonu a Skleněného pekla přichází s filmem Když se čas naplnil..., pokračujícím v tradici spektakulárních katastrofických snímků. Spící sopka na ostrově v jižním Pacifiku neočekávaně vybuchuje v zuřivé erupci. Mezi těmi, kteří se díky scénáři Carla Foremana a Stirlinga Silliphanta ocitají v ohrožení, jsou nesmlouvavý ropný těžař Paul Newman, hotelový magnát William Holden a Jacqueline Bisset jako PR manažerka, která se musí mezi oběma rozhodnout. Která z důvěrně známých tváří přežije v situaci, kdy nic jako bezpečná půda neexistuje? Dívejte se – a mějte se na pozoru. Tak jako proudí láva, proudí i výjimečné a intenzivní filmové vzrušení. (Magic Box);28.03.1980 Warner Bros. US;boj o přežití, ostrov, vědci, hotel, katastrofa, oheň, vrtulník, ropa, sopka, zemětřesení, popáleniny, tsunami, láva, sopečná erupce;James Goldstone;Paul Newman, Jacqueline Bisset, William Holden, Edward Albert, Red Buttons, Ernest Borgnine, James Franciscus, Barbara Carrera, Veronica Hamel, Burgess Meredith;https://apps.apple.com/cz/app/id6755365206<br>https://play.google.com/store/apps/details?id=cz.csfd.csfdroid<br>;The Saturn Awards (1x)<br>;;Max Morgan Witts
1032309;Severní moře v plamenech;2021;60.13490725126476;104.0;https://image.pmgstatic.com/cache/resized/w420/files/images/film/posters/166/418/166418337_1dc1ed.jpg;https://www.csfd.cz/film/1032309-severni-more-v-plamenech/;Norsko;Akční / Katastrofický;Nordsjøen;V roce 1969 norská vláda oznámila objev jednoho z největších světových ropných polí v sousedním Severním moři, čímž zahájila prosperující období těžby na moři. O 50 let později se začnou projevovat důsledky pro životní prostředí – na dně oceánu se otevřela trhlina, která způsobila zřícení plošiny. Tým výzkumníků, včetně Sofie, která obsluhuje ponorku, přispěchal, aby hledal pohřešované a posoudil příčinu škod. Zjistí, že je to jen začátek možné apokalyptické katastrofy. Když jsou vrtné plošiny evakuovány, Sofiin milující společník Stian uvízne v hlubinách moře a Sofia se musí ponořit, aby ho zachránila. (JOJ Cinema);29.10.2021 Nordisk Film Nor.;moře, lodě, pobřeží, oheň, ropa, ekologická katastrofa, ropná plošina;John Andreas Andersen;Kristine Kujath Thorp, Henrik Bjelland, Rolf Kristian Larsen, Anders Baasmo, Bjørn Floberg, Anneke von der Lippe, Mathilde Meraki Ypsøy, Pål Anders Nordvi, Halfdan Hallseth, Camilla Gullbrekken;https://www.youtube.com/watch?v=g-Zz8OQsVe0<br>https://www.youtube.com/watch?v=g-Zz8OQsVe0<br>https://apps.apple.com/cz/app/id6755365206<br>https://play.google.com/store/apps/details?id=cz.csfd.csfdroid<br>;Amanda Awards (6x)<br>;Amanda Awards (1x)<br>;
28893;Titanic;1953;59.86206896551724;98.0;https://image.pmgstatic.com/cache/resized/w420/files/images/film/posters/161/538/161538108_d17ea6.jpg;https://www.csfd.cz/film/28893-titanic/;USA;Katastrofický / Drama / Historický;Titanic;Je apríl 1912 a britský zaoceánsky parník Titanic má vyplávať na svoju prvú plavbu zo Southamptonu do New Yorku. Medzi cestujúcimi prvej triedy je aj elegantná a krásna Julie Sturgesová so svojimi dvoma deťmi 18-ročnou Annette a 13-ročným Normanom. V prvej triede cestujú aj manželia Madeleine a John Jacob Astorovci, známi milionári, a ďalší boháči, pre ktorých je cesta na Titanicu prestížnou spoločenskou udalosťou. V poslednej chvíli sa na loď dostane aj Juliin manžel, Richard Ward Sturges. Okamžite Juliu vyhľadá a dožaduje sa vysvetlenia, prečo doslova uniesla ich deti a vezie ich k svojim rodičom v Michigane. Julia netají svoje znechutenie nad životom v povrchnom snobskom prostredí britskej šľachty, ktorá jej deťom nedáva správny príklad do života a svoje manželstvo považuje za najväčší omyl svojho života. Richard rovnako otvorene ľutuje, že si vzal malomestské dievča, ktoré nie je schopné prijať život svetobežníka. Titanic pokračuje v svojej plavbe. Annette sa zoznámi s americkým vysokoškolákom Giffordom Rogersom, spor jej rodičov pokračuje. Keď Julie vidí, ako Annette prekáža, že sa už nebude môcť vrátiť do Európy, rozhodne sa pristúpiť na kompromis. Navrhne manželovi, že sa dcéra môže vrátiť do Paríža s ním, ale Normana chce vychovávať sama a nedopustí, aby mu niekto zničil život. Keď Richard vyhlási, že urobí čokoľvek, aby syna získal, Julia mu s hnevom šprihne do tváre, že Norman nie je jeho syn. Je dôsledkom náhodného stretnutia s mužom, ktorý ju utešoval, keď jej on pred rokmi ublížil. Richard tomu nechce veriť, svoju ženu považuje za neschopnú dopustiť sa nevery. Kým rodinná dráma Sturgesovcov vrcholí, kapitán Edward John Smith nedbá na varovania pred ľadovcami a v túžbe prekonať rekord v rýchlosti cesty cez oceán, ženie loď maximálnou rýchlosťou vpred. Okolo polnoci však Titanic narazí na ľadovec a rýchlo sa potápa. Je jasné, že loď nemá dostatok záchranných člnov a ak pomoc nedorazí včas, cestujúci zahynú. Začína sa dráma, pri ktorej sa prejavia skutočné charaktery ľudí ocitajúcich sa v medznej situácii, najmä Richard Sturgesa...;11.04.1953 20th Century Fox;černobílý film, 20. století, manželé, podle skutečného příběhu, nevěra, období 1910-1920, katastrofa, loď v ohrožení, ledovec, Titanic;Jean Negulesco;Clifton Webb, Barbara Stanwyck, Robert Wagner, Audrey Dalton, Thelma Ritter, Brian Aherne, Richard Basehart, Allyn Joslyn, Frances Bergen, Nicolas Coster;https://srv.clickfuse.com/ads/adclkr.php?id=100006636&url=https://tv.apple.com/cz/movie/titanic/umc.cmc.1ctw9cz3i8jij448unv89lhdt<br>https://srv.clickfuse.com/ads/adclkr.php?id=100006636&url=https://tv.apple.com/cz/movie/titanic/umc.cmc.1ctw9cz3i8jij448unv89lhdt<br>https://apps.apple.com/cz/app/id6755365206<br>https://play.google.com/store/apps/details?id=cz.csfd.csfdroid<br>;Academy Awards (1x)<br>;Academy Awards (1x)<br>;
11567;Testament;1983;57.84313725490196;89.0;https://image.pmgstatic.com/cache/resized/w420/files/images/film/posters/158/541/158541791_rk0vo5.jpg;https://www.csfd.cz/film/11567-testament/;USA;Drama / Katastrofický;Testament;V poklidném, malém, americkém městečku den jako každý jiný. Brzo se ale hlavní hrdinka, matka tří dětí, dozví z televize, že byl na několik velkých měst podniknut nukleární útok a po pár větách přestane televize i rádio fungovat. V městečku se brzy objeví první násedky krize jako nedostatek benzínu, jídla a první případy nemoci z ozáření a matka se musí rozhodnout zda městečko opustit nebo ne. Původně pouze pro televizi natočený film reálně ukazuje, jak by to mohlo vypadat v menším městečku, odřiznutém od inforací po nukleárním útoku. (jonyyy);04.11.1983 Paramount Pictures;rodina, smrt, rodiče, město, syn, nemoc z ozáření;Lynne Littman;Jane Alexander, William Devane, Rossie Harris, Roxana Zal, Lukas Haas, Philip Anglim, Lilia Skala, Leon Ames, Rebecca De Mornay, Kevin Costner;https://apps.apple.com/cz/app/id6755365206<br>https://play.google.com/store/apps/details?id=cz.csfd.csfdroid<br>;Academy Awards (1x)<br>Golden Globes (1x)<br>Los Angeles Film Critics Association Awards (1x)<br>Avoriaz International Fantastic Film Festival (1x)<br>;;
1161075;Země na pouti 2;2023;59.11646586345382;173.0;https://image.pmgstatic.com/cache/resized/w420/files/images/film/posters/167/106/167106698_f7a77b.jpg;https://www.csfd.cz/film/1161075-zeme-na-pouti-2/;Čína;Sci-Fi / Dobrodružný / Katastrofický;The Wandering Earth II;V blízké budoucnosti začne Zemi ohrožovat Slunce. Vědci přijdou s nápadem nestěhovat složitě lidstvo, ale přestěhovat Zemi za pomocí tisíců motorů do bezpečí. Jaká úskalí to obnáší? Existují i alternativy? Podaří se to a ze statické Země se stane Země putující? (cerdax2);22.01.2023 China Film;podle knihy, boj o přežití, vědci, vesmír, věda, hrdina, apokalypsa, Slunce;Frant Gwo;Jacky Wu, Andy Lau, Xuejian Li, Yi Sha, Li Ning, Zhi Wang, Yanmanzi Zhu, Ruoxi Wang, Liya Tong, Yi Zhang;https://apps.apple.com/cz/app/id6755365206<br>https://play.google.com/store/apps/details?id=cz.csfd.csfdroid<br>;;;Cch'-sin Liou
600919;Nepředstavitelné;2018;59.577735124760075;129.0;https://image.pmgstatic.com/cache/resized/w420/files/images/film/posters/162/717/162717141_35efa5.jpg;https://www.csfd.cz/film/600919-nepredstavitelne/;Švédsko;Thriller / Akční / Katastrofický;Den blomstertid nu kommer;Alex (Christoffer Nordenrot) je uznávaný muzikant žijící ve Stockholmu. Šťastný ovšem není, protože si s sebou z minulosti táhne křivdy a zklamání jak z rodiny, tak z nevydařeného platonického vztahu. Veškeré malicherné problémy však okamžitě vezmou za své, když je Švédsko napadeno neznámým nepřítelem a obyčejní lidé se ocitají uprostřed zmatku bez jakýchkoli informací či pokynů. (C0r0ner);20.06.2018 SF Studios;láska, otec, syn, vojáci, válka, armáda, vztek, klavírista, katastrofa, domácí násilí, apokalypsa, invaze, podzemí, déšť, křivda, kytara, Švédsko, elektrárna, bunkr;Victor Danell;Christoffer Nordenrot, Lisa Henni, Jesper Barkselius, Pia Halvorsen, Magnus Sundberg, Krister Kern, Karin Bertling, Alexej Manvelov, Yngve Dahlberg, Arvin Kananian;https://apps.apple.com/cz/app/id6755365206<br>https://play.google.com/store/apps/details?id=cz.csfd.csfdroid<br>;Guldbagge Awards (4x)<br>;;
330550;Věž smrti;2012;59.49096880131363;116.0;https://image.pmgstatic.com/cache/resized/w420/files/images/film/posters/157/897/157897006_d5125e.jpg;https://www.csfd.cz/film/330550-vez-smrti/;Jižní Korea;Katastrofický / Thriller;Tawo;"Na Štědrý den se v supermoderním komplexu „Tower Sky"" koná vánoční večírek, na němž se sešla největší smetánka a VIP hosté z celého města. Dae-ho, manažer budovy a svobodný otec, je nucen zrušit plány se svou dcerou Hanou, aby mohl být na večírku a starat se o hosty. Zato slavný šéf hasičů Young-ki z proslulé stanice Yoido může konečně jednou strávit Vánoce se svou dlouhodobě nemocnou ženou a užívat si volna. Party je v plném proudu a dokonalou atmosféru dokresluje krásný výhled a dvě helikoptéry, které sypou kolem budovy umělý sníh. Když ale udeří nečekaná katastrofa, musejí Dae-ho a Young-ki sebrat všechnu svoji sílu a odvahu, aby zachránili životy tisíců návštěvníků a v neposlední řadě i členů svých rodin a blízkých. Otázkou ale je, zda se jim to vůbec podaří...";Na DVD od 30.08.2013 North Video;katastrofa, požár, hasiči, Štědrý den, mrakodrap;Ji-hoon Kim;Kjong-gu Sol, Sang-kyeong Kim, Ye-jin Son, In-kwon Kim, Ji-han Do, Seong-oh Kim, Jeong-hak Park, Cheol-min Park, Han-wi Lee, In-pyo Cha;https://www.youtube.com/watch?v=FQFWqLgBnXo<br>https://www.youtube.com/watch?v=FQFWqLgBnXo<br>https://apps.apple.com/cz/app/id6755365206<br>https://play.google.com/store/apps/details?id=cz.csfd.csfdroid<br>;;;
1203094;Betonová utopie;2023;55.733333333333334;130.0;https://image.pmgstatic.com/cache/resized/w420/files/images/film/posters/167/858/167858060_d2ifag.jpg;https://www.csfd.cz/film/1203094-betonova-utopie/;Jižní Korea;Katastrofický / Sci-Fi / Drama / Thriller / Dobrodružný;Concrete Utopia;Po devastujícím zemětřesení je Soul téměř srovnán se zemí. Jediná stojící budova je bytový komplex Hwang Goong. Přeživší této živelné katastrofy se proto vydávají právě do Hwang Goongu, kde hledají pomoc. Ovšem Young-tak (Byeong-heon Lee), vedoucí rezidentů Hwang Goongu, odmítá do komplexu příchozí vpustit. Na pomoc Young-takovi přichází policista Min-sung (Seo-joon Park) a jeho žena Myeong-hwa (Bo-yeong Park). (mikki089);09.08.2023 Lotte Entertainment;smrt, vražda, násilí, vrah, oběť (autonehody/zločinu), boj o přežití, třídní boj, katastrofa, antiutopie, apokalypsa, architektura, zemětřesení, Jižní Korea;Tae-hwa Eom;Byung-hun Lee, Seo-joon Park, Bo-yeong Park, Ji-hoo Park, Sun-young Kim;https://apps.apple.com/cz/app/id6755365206<br>https://play.google.com/store/apps/details?id=cz.csfd.csfdroid<br>;;;
666999;Tunel;2019;58.29528158295282;105.0;https://image.pmgstatic.com/cache/resized/w420/files/images/film/posters/163/993/163993979_e40071.jpg;https://www.csfd.cz/film/666999-tunel/;Norsko;Thriller / Katastrofický;Zajatci horského tunelu;Blíží se Vánoce, a tak většina lidí touží po setkání se svými rodinami. Na cestách je mnoho těch, kteří jedou na svátky domů. Tunelem v norských horách přejíždí kamion přepravující plyn. Stane se nehoda a všichni, kdo se tam v té chvíli nachází, rodiny, turisté, teenageři jedoucí na Vánoce domů, zůstanou uvězněni pod tunami skal v absolutní tmě. Exploze cisterny zaplňuje tunel nebezpečným kouřem. Hasiči hrají o čas a každý v tunelu musí bojovat sám za sebe a poradit si jak umí. Čas neúprosně běží a šance na záchranu jsou čím dál menší. (JOJ Cinema);25.12.2019 Nordisk Film Nor.;smrt, otec, dcera, Vánoce, boj o přežití, hory, nehoda, sníh, zima, katastrofa, oheň, záchranáři, hasiči, autobus, tunel;Pål Øie;Thorbjørn Harr, Ylva Fuglerud, Lisa Carlehed, Mikkel Bratt Silset, Daniel Alexander Skadal, Tor Christian Bleikli, Jan Gunnar Røise, William Øksnevad, Ingrid Anne Yttri, Ingvild Holthe Bygdnes;https://apps.apple.com/cz/app/id6755365206<br>https://play.google.com/store/apps/details?id=cz.csfd.csfdroid<br>;;Amanda Awards (1x)<br>;
1613;Denní světlo;1996;57.41624022400309;110.0;https://image.pmgstatic.com/cache/resized/w420/files/images/film/posters/161/103/161103131_bdfe7d.jpg;https://www.csfd.cz/film/1613-denni-svetlo/;USA;Drama / Dobrodružný / Thriller / Katastrofický / Akční;Daylight;Populární Sly Stallone bojuje s časem při záchraně skupiny lidí uvězněných v tunelu pod řekou Hudson. Po výbuchu toxického odpadu zde došlo k závalu a ti, kteří katastrofu přežili, se octli v pasti mezi ohněm, zamořujícím vzduch jedovatými plyny, a vodou, rychle zaplavující podzemní prostory. Jejich jedinou nadějí je bývalý šéf newyorské záchranné služby, Kit Latura, pod jehož vedením se vydají na vyčerpávající cestu podzemním labyrintem.;06.12.1996 Universal Pictures US;muž, žena, smrt, strach, ženy, oběť (autonehody/zločinu), boj o přežití, mrtvola, naděje, umírání, New York, zranění, nehoda, voda, zoufalství, panika, hrdina, řeka, výbuch, katastrofa, požár, oheň, destrukce, ničení, podzemí, záchranáři, odvaha, krysy, záchranná operace, beznaděj, tunel, New Jersey, Manhattan;Rob Cohen;Sylvester Stallone, Amy Brenneman, Viggo Mortensen, Dan Hedaya, Jay O. Sanders, Karen Young, Claire Bloom, Vanessa Bell Calloway, Renoly Santiago, Colin Fox;https://www.skyshowtime.com/cz/stream/movies/denni-svetlo/de869e33-23a7-3964-b0bd-9555511a324c<br>https://srv.clickfuse.com/ads/adclkr.php?id=100006636&url=https://tv.apple.com/cz/movie/daylight/umc.cmc.75jfp15ccda8gw7r4eaaxjmpk<br>https://www.youtube.com/watch?v=BBs2eNTyCTo<br>https://www.skyshowtime.com/cz/stream/movies/denni-svetlo/de869e33-23a7-3964-b0bd-9555511a324c<br>https://srv.clickfuse.com/ads/adclkr.php?id=100006636&url=https://tv.apple.com/cz/movie/daylight/umc.cmc.75jfp15ccda8gw7r4eaaxjmpk<br>https://www.youtube.com/watch?v=BBs2eNTyCTo<br>https://apps.apple.com/cz/app/id6755365206<br>https://play.google.com/store/apps/details?id=cz.csfd.csfdroid<br>;Academy Awards (1x)<br>Golden Raspberry Awards (Razzies) (2x)<br>;;
24207;Hořící město;1979;52.926829268292686;104.0;https://image.pmgstatic.com/cache/resized/w420/files/images/film/posters/170/968/170968708_ycc5xe.jpg;https://www.csfd.cz/film/24207-horici-mesto/;Kanada / USA;Akční / Drama / Katastrofický;City on Fire;William Dudley je zkorumpovaný starosta bezejmenného městečka na americkém středozápadě. Byl to on, kdo dovolil vybudovat téměř v centru města rafinérii, daleko od jakékoli řeky, jezera nebo nádrže. Herman Stover, nebezpečný a lehce pomatený zaměstnanec vrtné plošiny má být povýšen, namísto toho je však nečekaně jednoho horkého letního dne vyhozen. A tak se rozhodne pomstít. Herman otevře ventily, uvolní potrubí a zaplaví rafinérii i celou kanalizaci benzínem s chemikáliemi. Netrvá dlouho a nebezpečná směs se vznítí. Následuje řetězová reakce, jež způsobí masivní explozi. Rafinérie je srovnána se zemí a houbovitý oblak ohně rychle zachvátí celou metropoli. Drama se soustředí na novou nemocnici, jež je podobně jako rafinérie a další stavby, které vyrostly během úřadování nového starosty, postavena velmi nekvalitně a vybavena velmi chudě. Jeden z hlavních doktorů, Frank Whitman a jeho kolegové se snaží ošetřit všechny oběti požáru, zatímco náčelník hasičů Risley se snaží uhasit se svými muži nezvladatelný oheň, jenž se nekontrolovatelně šíří dál. Alkoholička a reportérka Maggie Grayson vidí v tragédii svou šanci dostat se do celonárodních zpráv, a tak se snaží z hořícího města vytěžit co nejžhavější příběh... (HBO GO);31.08.1979 AVCO Embassy Pictures;strach, město, politika, boj o přežití, nemocnice, korupce, léto, katastrofa, požár, oheň, hasiči, požární stanice;Alvin Rakoff;Barry Newman, Susan Clark, Shelley Winters, Leslie Nielsen, James Franciscus, Ava Gardner, Henry Fonda, Hilary Farr, Donald Pilon, Cec Linder;https://hbogo.cz<br>https://hbogo.cz<br>https://apps.apple.com/cz/app/id6755365206<br>https://play.google.com/store/apps/details?id=cz.csfd.csfdroid<br>;;;
319379;San Andreas;2015;57.18405627198124;114.0;https://image.pmgstatic.com/cache/resized/w420/files/images/film/posters/159/768/159768567_f02b9b.jpg;https://www.csfd.cz/film/319379-san-andreas/;USA;Katastrofický / Dobrodružný / Akční / Thriller / Drama;San Andreas;Poté, kdy o sobě dá vědět nechvalně známý tektonický zlom San Andreas a vyvolá v Kalifornii zemětřesení o síle 9 Richterovy stupnice, vydávají se pilot průzkumného a záchranného vrtulníku (Dwayne Johnson) a jeho bývalá manželka, s níž již delší dobu nežije, na cestu z Los Angeles do San Francisca zachránit svou jedinou dceru. Ale jejich složitá cesta na sever je pouze začátek. A když už si myslí, že to nejhorší už mají za sebou... tak velké drama teprve začíná. (Freeman Ent.);29.05.2015 Warner Bros. US;žena, smrt, přátelství, přátelé, otec, strach, dcera, zranění, vědci, letadla, 3D, vrtulník, letiště, letecká nehoda, letadlo v ohrožení, letectvo, statečnost, zemětřesení, tsunami;Brad Peyton;Dwayne Johnson, Alexandra Daddario, Carla Gugino, Colton Haynes, Ioan Gruffudd, Archie Panjabi, Paul Giamatti, Kylie Minogue, Vanessa Ross, Morgan Griffin;https://srv.clickfuse.com/ads/adclkr.php?id=100006636&url=https://tv.apple.com/cz/movie/san-andreas/umc.cmc.4yr6iyzmnnkl6lkvo9h76s2rj<br>https://www.youtube.com/watch?v=s-EFOLxGBNE<br>https://srv.clickfuse.com/ads/adclkr.php?id=100006636&url=https://tv.apple.com/cz/movie/san-andreas/umc.cmc.4yr6iyzmnnkl6lkvo9h76s2rj<br>https://www.youtube.com/watch?v=s-EFOLxGBNE<br>https://apps.apple.com/cz/app/id6755365206<br>https://play.google.com/store/apps/details?id=cz.csfd.csfdroid<br>;;;
226754;Mrak;2006;56.335160532498044;98.0;https://image.pmgstatic.com/cache/resized/w420/files/images/film/posters/000/071/71629_4a46f1.jpg;https://www.csfd.cz/film/226754-mrak/;Německo;Drama / Thriller / Sci-Fi / Katastrofický;Radiace útočí;Havárie v atomové elektrárně nedaleko Frankfurtu vyvolá v místních obyvatelích paniku. Nad elektrárnou se utvoří obrovský radioaktivní mrak, který se řítí na město Schlitz. Všichni obyvatelé bezprostředního okolí elektrárny jsou okamžitě ozářeni a 38,000 lidí během krátké doby umírá. Ti šťastní, kteří bydlí trochu dále, se snaží před radioaktivitou uniknout. Mezi jinými se o útěk pokouší i šestnáctiletá Hannah a její přítel Elmar. Elmarovi se podaří uniknout v poslední chvíli, ale Hannah se zdrží a je kontaminována. Jejich hluboká láska je však i nadále drží pohromadě: Almar umístí Hannah do sanatoria, líbají se, objímají, milují…Almar brzy zjišťuje, že je taky kontaminován. Ačkoliv se jejich situace zdá být beznadějná, jejich láska jim pomáhá překonat všechna úskalí. Možná, že nebudou žít navždy, ale budou bojovat za každý kousíček naděje a štěstí – a nakonec zjistí, že krátký život naplněný opravdovou láskou, může znamenat hodně…;16.03.2006 Concorde Filmverleih;nemoc z ozáření;Gregor Schnitzler;Paula Kalenberg, Franz Dinda, Hans-Laurin Beyerling, Carina N. Wiese, Gabriela Maria Schmeide, Tom Wlaschiha, Claire Oelkers, Jennifer Ulrich, Richy Müller, Karl Kranzkowski;https://apps.apple.com/cz/app/id6755365206<br>https://play.google.com/store/apps/details?id=cz.csfd.csfdroid<br>;German Film Awards (1x)<br>;;
672945;Řezná hlava;2018;54.30167597765363;84.0;https://image.pmgstatic.com/cache/resized/w420/files/images/film/posters/163/333/163333736_bac9f3.jpg;https://www.csfd.cz/film/672945-rezna-hlava/;Dánsko;Thriller / Katastrofický;Cutterhead;Novinářka Rie sestoupí do podzemí Kodaně, ve kterém probíhá výstavba metra. Rie píše portréty zahraničních dělníků, kteří tráví většinu dne v tomto temném mikrokosmu. Když se spustí alarm, ocitá se náhle spolu se dvěma muži v pasti a začíná dramatický boj o holé přežití. Debutující režisér vytvořil intenzivní katastrofický film odehrávající se v srdci dánské metropole a až antropologicky v něm pozoruje své hrdiny. (Febiofest);21.03.2019 Reel Pictures;smrt, mládež, boj o přežití, novináři, reportéři, výbuch, požár, žurnalistika, oheň, podzemí, záchranáři, Dánsko;Rasmus Kloster Bro;Christine Sønderris, Samson Semere, Rasmus Hammerich, Krešimir Mikić, Salvatore Striano, Anders Nylander Thomsen;https://apps.apple.com/cz/app/id6755365206<br>https://play.google.com/store/apps/details?id=cz.csfd.csfdroid<br>;Robert Awards (Danish Film Awards) (4x)<br>;;
427450;Alone;2013;48.57142857142857;6.0;//static.pmgstatic.com/assets/images/050b5bad23b8eb0b4f88f971b8f6a168/empty-image.svg;https://www.csfd.cz/film/427450-alone/;USA;Krátkometrážní / Drama / Katastrofický;;;;;Brock Torunski;Alex Vietinghoff, Alex Vietinghoff, Brock Torunski;https://www.youtube.com/watch?v=wbTc81JmQTs<br>https://apps.apple.com/cz/app/id6755365206<br>https://play.google.com/store/apps/details?id=cz.csfd.csfdroid<br>;;;
330723;V oku tornáda;2014;55.78295488056621;90.0;https://image.pmgstatic.com/cache/resized/w420/files/images/film/posters/158/593/158593708_f7a372.jpg;https://www.csfd.cz/film/330723-v-oku-tornada/;USA;Akční / Thriller / Katastrofický;Into the Storm;Během jediného dne je město Silverton zpustošeno nebývalým náporem tornád. Celé město je vydáno na milost a nemilost nevypočitatelným smrtonosným větrným smrštím a podle předpovědí má to nejhorší ještě přijít. Většina lidí hledá bezpečný úkryt, zatímco jiní utíkají k větrnému víru a sledují, jak blízko k tornádu se dostane lovec tornád, aby pořídil snímek, který se podaří jen jednou za život. Příběh je natočen očima a objektivy profesionálních lovců tornád, amatérů hledajících vzrušení a odvážných obyvatel města. Film V oku tornáda vás vrhne přímo do oka větrné smršti a prožijete ty nejextrémnější podmínky, jaké nám matka Příroda dokáže připravit. (Warner Bros. CZ);08.08.2014 Warner Bros. US;rodina, otec, chlapec, pátrání, škola, sourozenci, dospívání, učitel, bratři, střední škola, nebezpečí, found footage, učitelka, katastrofa, ředitel školy, tornádo;Steven Quale;Richard Armitage, Sarah Wayne Callies, Matt Walsh, Max Deacon, Nathan Kress, Alycia Debnam-Carey, Arlen Escarpeta, Jeremy Sumpter, Lee Whittaker, Kyle Davis;https://srv.clickfuse.com/ads/adclkr.php?id=100006636&url=https://tv.apple.com/cz/movie/into-the-storm/umc.cmc.2wlv00drwtcc2cuab8317fc10<br>https://www.youtube.com/watch?v=vzPhbixLuaA<br>https://srv.clickfuse.com/ads/adclkr.php?id=100006636&url=https://tv.apple.com/cz/movie/into-the-storm/umc.cmc.2wlv00drwtcc2cuab8317fc10<br>https://www.youtube.com/watch?v=vzPhbixLuaA<br>https://apps.apple.com/cz/app/id6755365206<br>https://play.google.com/store/apps/details?id=cz.csfd.csfdroid<br>;;;
11543;Meteor;1979;54.075949367088604;107.0;https://image.pmgstatic.com/cache/resized/w420/files/images/film/posters/159/534/159534581_c5bc6e.jpg;https://www.csfd.cz/film/11543-meteor/;USA / Hongkong;Sci-Fi / Akční / Drama / Katastrofický;Meteor;Katastrofický film britského režiséra Ronalda Neameho. Námětem je ohrožení života na Zemi v podobě obrovského meteoritu pojmenovaným Orpheus, který se za sedm dní srazí se Zemí. Jediným východiskem jak zachránit svět před jistou katastrofou je spolupráce dvou velmocí, Spojených států a Sovětského svazu, jejichž přední vědci musí společně najít způsob jak odklonit dráhu blížícího se meteoritu. Začíná závod s časem. (contrastic);19.10.1979 American International Pictures (AIP);boj o přežití, vesmír, věda, katastrofa, kosmonauti, zbraně hromadného ničení, NASA, meteority, asteroid;Ronald Neame;Sean Connery, Natalie Wood, Karl Malden, Brian Keith, Martin Landau, Trevor Howard, Richard Dysart, Henry Fonda, Joseph Campanella, Bo Brundin;https://apps.apple.com/cz/app/id6755365206<br>https://play.google.com/store/apps/details?id=cz.csfd.csfdroid<br>;Academy Awards (1x)<br>;;
148861;Titanic;1943;52.97560975609756;85.0;https://image.pmgstatic.com/cache/resized/w420/files/images/film/posters/163/120/163120093_9d75b1.jpg;https://www.csfd.cz/film/148861-titanic/;Německá říše;Katastrofický / Drama / Historický;Titanic;Cena akcií britské lodní společnosti White Star Line klesá. Prezident lodní společnosti Sir Bruce Ismay vidí jedinou šanci na finanční úspěch společnosti: nová výstavní loď „Titanic“ má prokázat sílu jako prestižní projekt a stanovit nový světový rekord při své první plavbě do Ameriky - bez ohledu na nebezpečí, které představuje ledovec v Severním ledovém oceánu. Z chamtivosti po zisku byla všechna varování ignorována a loď, která byla považována za nepotopitelnou, se srazila s ledovcem, což způsobilo, že se během několika hodin potopila. Protože není k dispozici dostatek záchranných člunů, mezi cestujícími vzrůstá panika a dochází k boji na život a na smrt. (Film Europe);24.09.1943 Deutsche Filmvertriebs (DFV);černobílý film, 20. století, podle skutečného příběhu, období 1910-1920, katastrofa, propaganda, loď v ohrožení, ledovec, Titanic;Werner Klingler, Herbert Selpin;Sybille Schmitz, Hans Nielsen, Ernst Fritz Fürbringer, Otto Wernicke, Theodor Loos, Georg H. Schnell, Claude Farell, Ernst Stahl-Nachbaur, Fritz Genschow, Herbert Tiede;https://apps.apple.com/cz/app/id6755365206<br>https://play.google.com/store/apps/details?id=cz.csfd.csfdroid<br>;;;
4704;Sopka;1997;54.85651936715767;100.0;https://image.pmgstatic.com/cache/resized/w420/files/images/film/posters/162/132/162132242_d2b7ee.jpg;https://www.csfd.cz/film/4704-sopka/;USA;Katastrofický / Akční / Drama / Thriller;Volcano;V Los Angeles je zemětřesení běžná věc, a proto je zde úřad krizového řízení, jehož vedoucím je Mike Roark. Roark má právě dovolenou a má u sebe na prázdninách dceru Kelly, když přijde další zemětřesení a on musí do práce. Doktorka Amy Barnesová ze seismologického ústavu oznámí, že šlo jen o mírné zemětřesení, ale sleduje Asfaltové jezírko, v němž stoupla teplota, a je tím znepokojená... Záhy nato zemřou kvůli extrémnímu žáru pracovníci v kanálu pod MacArthurovým parkem. Mike Roark vleze do tunelu ještě se svým pomocníkem a nechápe, kde se tam mohl takový žár vzít. Do parku přijede i Amy Barnesová a chce kanál prozkoumat, ale park je hlídán policií a Roark ji nechce do kanálu pustit. Amy mu začne vysvětlovat, že se možná jedná o sopečnou činnost, ale aby mohla varovat obyvatele, musí mít důkaz. A ten může nalézt jen v podzemí. Roark ji tam stejně nepustí, ale Amy s kolegyní Rachel do kanálu vlezou tajně před úsvitem. Jenže v tu chvíli dojde k dalšímu zemětřesení a Rachel zahyne... Amy měla pravdu o sopečné aktivitě. To uzná i Roark, který se nedostane do úřadu krizového centra, protože z Asfaltového jezírka začala tryskat láva. Roark pošle svou dceru Kelly se zraněnými a lékařkou Jaye Calderovou do nemocnice a zůstává, aby mohl řídit záchranné akce. Amy se k němu připojí... Amy řekne Roarkovi, že je potřeba lidi evakuovat, lávu není možné zastavit, jen zpomalit. A to sopečná činnost ještě neukázala vše. Roark nechá postavit železobetonové zábrany, o něž se láva na chvíli zastaví a hasiči na ni podle rady Amy stříkají hektolitry vody. Láva vytvoří škraloup, nepřelije se přes zábrany a všichni se radují. Jenže Amy je přesvědčená, že láva teče i pod městem, v tunelu metra. Jeden vlak tam uvízl, takže to chce jít prověřit. Zavolá Roarka, který se sám přesvědčí a zjistí, že láva se řítí na čtvrť, kde je nemocnice, kam Roark všechny posílal do bezpečí – včetně své dcery... (TV Prima);25.04.1997 20th Century Fox;otec, policie, dcera, kolegové, nemocnice, vědci, výbuch, Los Angeles, katastrofa, požár, oheň, záchranáři, metro, hasiči, sopka, zemětřesení, záchranná operace, zpravodajství, popáleniny, tunel, láva, sopečná erupce, demolice, odstřel budovy, La Brea Tar Pits;Mick Jackson;Tommy Lee Jones, Anne Heche, Gaby Hoffmann, Don Cheadle, Jacqueline Kim, Keith David, John Corbett, Michael Rispoli, John Carroll Lynch, Laurie Lathem;https://srv.tunefindforfans.com/showads/track/srvclk.php?aid=100006796&lp=https://www.disneyplus.com/en-cz/browse/entity-6d253b05-d150-48fd-a7fb-1360d3df5134<br>https://srv.clickfuse.com/ads/adclkr.php?id=100006636&url=https://tv.apple.com/cz/movie/volcano/umc.cmc.3sj9dhbv61ye9c2xgip8gl4ea<br>https://www.youtube.com/watch?v=-fBueiXU174<br>https://srv.tunefindforfans.com/showads/track/srvclk.php?aid=100006796&lp=https://www.disneyplus.com/en-cz/browse/entity-6d253b05-d150-48fd-a7fb-1360d3df5134<br>https://srv.clickfuse.com/ads/adclkr.php?id=100006636&url=https://tv.apple.com/cz/movie/volcano/umc.cmc.3sj9dhbv61ye9c2xgip8gl4ea<br>https://www.youtube.com/watch?v=-fBueiXU174<br>https://apps.apple.com/cz/app/id6755365206<br>https://play.google.com/store/apps/details?id=cz.csfd.csfdroid<br>;Golden Raspberry Awards (Razzies) (1x)<br>;;
336324;Pompeje;2014;54.34612732705125;105.0;https://image.pmgstatic.com/cache/resized/w420/files/images/film/posters/158/319/158319069_c27de8.jpg;https://www.csfd.cz/film/336324-pompeje/;Kanada / Německo / USA;Katastrofický / Historický / Dobrodružný / Akční / Romantický / Drama;Pompeii;Hlavní hrdina Milo, otrok, který se stal gladiátorem, čeká na svůj poslední boj, aby zničil své soupeře a dostal se na svobodu. S výhledem na svobodný život se zamiluje do dcery bohatého obchodníka, která však má být proti své vůli provdána za zkorumpovaného a zhýralého senátora (Kiefer Sutherland). Jejich opravdový problém se ale připravuje v hlubinách Země. V osudových hodinách po erupci Vesuvu, ve chvílích totálního chaosu a děsivé zkázy se musí Milo probojovat ven z gladiátorské arény, a podstoupit boj s časem, aby svou Cassii z rozpáleného pekla zachránil. (Bontonfilm);21.02.2014 FilmDistrict;katastrofa, starověký Řím, otroctví, Meč a sandály, sopka, gladiátoři;Paul W.S. Anderson;Kit Harington, Emily Browning, Kiefer Sutherland, Carrie-Anne Moss, Jessica Lucas, Adewale Akinnuoye-Agbaje, Jared Harris, Currie Graham, Sasha Roiz, Alain Moussi;https://apps.apple.com/cz/app/id6755365206<br>https://play.google.com/store/apps/details?id=cz.csfd.csfdroid<br>;Golden Raspberry Awards (Razzies) (1x)<br>;;
17;Po dobrodružství Poseidonu;1979;52.641291810841984;117.0;https://image.pmgstatic.com/cache/resized/w420/files/images/film/posters/162/922/162922021_9550e2.jpg;https://www.csfd.cz/film/17-po-dobrodruzstvi-poseidonu/;USA;Katastrofický / Dobrodružný / Drama / Thriller;Za dobrodružstvím Poseidonu;Loď Poseidon byla smetena do moře obrovskou vlnou. Zatímco na její palubě jsou stále pasažéři čekající na záchranu. Jenže o vyzvednutí lodi mají zájem spíš ti, kteří si brousí zuby na peníze, zlato a také malé množství plutonia...;18.05.1979 Warner Bros. US;moře, lodě;Irwin Allen;Michael Caine, Sally Field, Telly Savalas, Peter Boyle, Jack Warden, Shirley Knight, Shirley Jones, Karl Malden, Slim Pickens, Veronica Hamel;https://srv.clickfuse.com/ads/adclkr.php?id=100006636&url=https://tv.apple.com/cz/movie/beyond-the-poseidon-adventure/umc.cmc.6z3dn4co9ipxxt34b38jvvsai<br>https://www.youtube.com/watch?v=btV2KjfS8B8<br>https://srv.clickfuse.com/ads/adclkr.php?id=100006636&url=https://tv.apple.com/cz/movie/beyond-the-poseidon-adventure/umc.cmc.6z3dn4co9ipxxt34b38jvvsai<br>https://www.youtube.com/watch?v=btV2KjfS8B8<br>https://apps.apple.com/cz/app/id6755365206<br>https://play.google.com/store/apps/details?id=cz.csfd.csfdroid<br>;The Saturn Awards (1x)<br>;;
142;Jádro;2003;53.221558512082545;126.0;https://image.pmgstatic.com/cache/resized/w420/files/images/film/posters/159/965/159965322_5b97a6.jpg;https://www.csfd.cz/film/142-jadro/;Velká Británie / USA;Sci-Fi / Akční / Drama / Katastrofický;The Core;Geofyzik Dr. Josh Keyes objevil strašlivou skutečnost - zemské jádro se přestalo otáčet. Elektromagnetické pole planety slábne a Země bude zničena během několika měsíců. Existuje jediná naděje - poslat Keyese a elitní tým vědců ve speciální raketě, která pronikne až do nitra Země. Osud lidstva je v ohrožení a posádka vědců musí udělat nemyslitelné - odpálit jadernou explozi a znovu aktivovat zemské jádro.;28.03.2003 Paramount Pictures;muž, žena, smrt, přátelství, přátelé, tajemství, strach, záhady, oběť (autonehody/zločinu), putování, rivalita, kolegové, boj o přežití, kamarádi, doktoři, moře, bolest, smutek, dilema, tragédie, armáda, naděje, umírání, zranění, vědci, zoufalství, paranoia, panika, věda, hádka, vědec, pochyby, výbuch, oběť (někomu/něčemu), katastrofa, bomba, apokalypsa, technologie, kosmonauti, atomová bomba, hacker, fyzika, geologie, konec světa, láva, vědecká expedice;Jon Amiel;Aaron Eckhart, Hilary Swank, Delroy Lindo, Stanley Tucci, Tchéky Karyo, Richard Jenkins, DJ Qualls, Bruce Greenwood, Alfre Woodard, Christopher Shyer;https://www.netflix.com/title/60024918<br>https://www.netflix.com/title/60024918<br>https://apps.apple.com/cz/app/id6755365206<br>https://play.google.com/store/apps/details?id=cz.csfd.csfdroid<br>;;;
373849;Geostorm: Globální nebezpečí;2017;53.05011124059752;109.0;https://image.pmgstatic.com/cache/resized/w420/files/images/film/posters/162/096/162096164_27a9c9.jpg;https://www.csfd.cz/film/373849-geostorm-globalni-nebezpeci/;USA;Akční / Sci-Fi / Thriller / Katastrofický;Geostorm;Po sérii bezprecedentních přírodních katastrof ohrožujících naši planetu se přední představitelé z celého světa dohodnou na vytvoření rozsáhlé sítě satelitů k řízení globálního klimatu, které mají zajistit bezpečnosti všech obyvatel planety. Ale nyní se něco pokazilo – systém vytvořený k ochraně Země začne na Zemi útočit a začíná závod s časem, kdy je nutné zjistit skutečnou hrozbu dříve, než geomagnetická bouře smete ze zemského povrchu všechno... a všechny. (Vertical Entertainment);20.10.2017 Warner Bros. US;tajemství, lež, bratři, nehoda, vesmír, konspirace, budoucnost, katastrofa, prezident, atentát, bouře, vesmírná stanice;Dean Devlin;Gerard Butler, Jim Sturgess, Abbie Cornish, Ed Harris, Andy Garcia, Daniel Wu, Robert Sheehan, Amr Waked, Mare Winningham, Alexandra Maria Lara;https://srv.clickfuse.com/ads/adclkr.php?id=100006636&url=https://tv.apple.com/cz/movie/geostorm/umc.cmc.5zohquhhvksiiwv6lwhspfon9<br>https://www.youtube.com/watch?v=OWKk9xpbaB4<br>https://srv.clickfuse.com/ads/adclkr.php?id=100006636&url=https://tv.apple.com/cz/movie/geostorm/umc.cmc.5zohquhhvksiiwv6lwhspfon9<br>https://www.youtube.com/watch?v=OWKk9xpbaB4<br>https://apps.apple.com/cz/app/id6755365206<br>https://play.google.com/store/apps/details?id=cz.csfd.csfdroid<br>;;;
208034;Poseidon;2006;52.707695347229084;98.0;https://image.pmgstatic.com/cache/resized/w420/files/images/film/posters/164/947/164947906_da5d9d.jpg;https://www.csfd.cz/film/208034-poseidon/;USA;Katastrofický / Drama / Dobrodružný;Poseidon;Novoroční oslava na lodi Poseidon. Spokojení cestující pozvedají sklenky k přípitku na budoucnost. Ta přichází ve zlomku vteřiny v podobě obří vlny, která loď převrátí...a zoufalý zápas o přežití začíná.Režisér Wolfgang Petersen (Dokonalá bouře, Ponorka) se vrací na moře ve vzrušující, napínavé adaptaci románu Paula Gallica Dobrodružství Poseidonu. Josh Lucas, Kurt Russell, Richard Dreyfuss a Emmy Rossum zpodobňují pasažéry, kteří se musí stoprocentně spolehnout jeden na druhého, chtějí-li nalézt cestu do bezpečí přes vodu, plameny a trosky světa obráceného vzhůru nohama. Ještě jedna role stojí za pozornost: 13 palub, výška dvacetipatrového domu – to je explozemi zmítaný Poseidon. Všichni filmoví fanoušci na palubu!;12.05.2006 Warner Bros. US;boj o přežití, snoubenci, katastrofa, ztroskotání lodi;Wolfgang Petersen;Josh Lucas, Kurt Russell, Jacinda Barrett, Richard Dreyfuss, Emmy Rossum, Mía Maestro, Mike Vogel, Kevin Dillon, Freddy Rodríguez, Jimmy Bennett;https://srv.clickfuse.com/ads/adclkr.php?id=100006636&url=https://tv.apple.com/cz/movie/poseidon/umc.cmc.2rje3edrsnp8v9e0lmyr8squb<br>https://www.youtube.com/watch?v=ZSHBQGfaP8M<br>https://srv.clickfuse.com/ads/adclkr.php?id=100006636&url=https://tv.apple.com/cz/movie/poseidon/umc.cmc.2rje3edrsnp8v9e0lmyr8squb<br>https://www.youtube.com/watch?v=ZSHBQGfaP8M<br>https://apps.apple.com/cz/app/id6755365206<br>https://play.google.com/store/apps/details?id=cz.csfd.csfdroid<br>;Academy Awards (1x)<br>Golden Raspberry Awards (Razzies) (1x)<br>;;
687676;Země na scestí;2019;51.71597633136095;125.0;https://image.pmgstatic.com/cache/resized/w420/files/images/film/posters/163/221/163221498_9e9b48.jpg;https://www.csfd.cz/film/687676-zeme-na-scesti/;Čína;Sci-Fi / Katastrofický / Akční;The Wandering Earth;Zemi ohrožuje blížící se srážka s Jupiterem a lidstvo hledá novou hvězdu. Osud planety teď leží v rukou hrstky nečekaných hrdinů. (Netflix);05.02.2019 China Film;smrt, otec, syn, putování, naděje, sníh, zima, vesmír, budoucnost, postapokalyptická budoucnost, katastrofa;Frant Gwo;Frant Gwo, Guangjie Li, Man-tat Ng, Yichi Zhang, Haoyu Yang, Jacky Wu, Jiayin Lei, Hao Ning, Yi Yang, Zixian Zhang;https://www.netflix.com/title/81067760<br>https://www.netflix.com/<br>https://www.netflix.com/title/81067760<br>https://apps.apple.com/cz/app/id6755365206<br>https://play.google.com/store/apps/details?id=cz.csfd.csfdroid<br>;;;Cch'-sin Liou
238424;Tsunami;2009;49.288590604026844;103.0;https://image.pmgstatic.com/cache/resized/w420/files/images/film/posters/160/486/160486396_f0e428.jpg;https://www.csfd.cz/film/238424-tsunami/;Jižní Korea;Drama / Katastrofický;Haeundae;Haeundae je čtvrť v Pusanu proslulá svou pláží, na níž probíhá řada společenských a kulturních akcí, mimo jiné i pusanský mezinárodní filmový festival. Právě toto oblíbené turistické a obchodní centrum se stalo dějištěm historicky prvního jihokorejského katastrofického filmu. Nákladný spektákl, v němž se přes Haeundae přežene gigantická tsunami, staví na hollywoodských schématech, která ozvláštňuje lokálními motivy a především specifickým korejským lidovým humorem. Tradiční žánrové spektrum postav je zde naplněno figurami, které zastupují odlišné projevy každodenního života čtvrti – od nuzných rybářů přes zlatou mládež a managery až po developery. Jejich obyčejné životní útrapy tvůrci pojímají s burleskní nadsázkou, kterou nechávají probleskovat i skrz vypjaté scény, kdy hrdinové bojují o holé životy.;23.07.2009 CJ Entertainment;tsunami;Je-kyoon Yoon;Ji-won Ha, Kjong-gu Sol, Joong-hoon Park, Jeong-hwa Eom, Ye-won Kang, Min-ki Lee, In-kwon Kim, Yoo-jeong Kim, Bo-geun Cheon, Oh-jin Kwon;https://apps.apple.com/cz/app/id6755365206<br>https://play.google.com/store/apps/details?id=cz.csfd.csfdroid<br>;;;
443119;Pád Měsíce;2022;48.98787559304164;131.0;https://image.pmgstatic.com/cache/resized/w420/files/images/film/posters/165/927/165927239_ed2d90.jpg;https://www.csfd.cz/film/443119-pad-mesice/;USA / Kanada / Čína;Akční / Sci-Fi / Dobrodružný / Katastrofický;Moonfall;Neznámá síla vychýlila Měsíc z oběžné dráhy kolem Země. Poslala jej směrem, který bude znamenat konec života, jak jej známe. Do jeho kolize se Zemí zbývají pouhé týdny a ničivé záplavy, tsunami, zemětřesení a požáry jsou jen začátek. Svět stojí na pokraji zničení. Bývalá astronautka, nyní výkonná ředitelka NASA Jo Fowler (Halle Berry), je přesvědčená, že možná zná klíč k záchraně nás všech. Problém je, že jediní dva lidé, kteří jí věří, jsou astronaut Brian Harper (Patrick Wilson) a konspirační teoretik K.C. Houseman (John Bradley). (Bioscop);25.03.2022 China Film;mimozemšťané, vesmír, vědec, vesmírná loď, umělá inteligence, kosmonauti, atomová bomba, Měsíc, NASA;Roland Emmerich;Halle Berry, Patrick Wilson, John Bradley, Charlie Plummer, Kelly Yu, Michael Peña, Donald Sutherland, Eme Ikwuakor, Carolina Bartczak, Maxim Roy;https://srv.clickfuse.com/ads/adclkr.php?id=100006636&url=https://tv.apple.com/cz/movie/moonfall/umc.cmc.fgi4woag09dysbuggbojo4pk<br>https://www.iprima.cz/filmy/moonfall?utm_source=csfd&utm_medium=section_vod&utm_campaign=link_exchange<br>https://www.youtube.com/watch?v=Hh2uKAhWFYk<br>https://sledovanitv.cz/epg/event/FilmboxExtra:20251217b077a3748c7ee7f51e8ae78bb7bb3163<br>https://srv.clickfuse.com/ads/adclkr.php?id=100006636&url=https://tv.apple.com/cz/movie/moonfall/umc.cmc.fgi4woag09dysbuggbojo4pk<br>https://www.iprima.cz/filmy/moonfall?utm_source=csfd&utm_medium=section_vod&utm_campaign=link_exchange<br>https://www.youtube.com/watch?v=Hh2uKAhWFYk<br>https://sledovanitv.cz/epg/event/FilmboxExtra:20251217b077a3748c7ee7f51e8ae78bb7bb3163<br>https://apps.apple.com/cz/app/id6755365206<br>https://play.google.com/store/apps/details?id=cz.csfd.csfdroid<br>;;;
22;Roj;1978;47.977653631284916;116.0;https://image.pmgstatic.com/cache/resized/w420/files/images/film/posters/162/935/162935034_2deab2.jpg;https://www.csfd.cz/film/22-roj/;USA;Horor / Thriller / Katastrofický / Akční;Smrtící roj(neoficiální název);Katastrofický thriller o včelách-zabijácích založený na vědeckých faktech. V Africe a Jižní Americe se pohybuje roj organizovaných útočících včel, který se přesouvá do Severní Ameriky. Dvaadvacet milionů vražedného hmyzu se stává noční můrou, která vás nenechá v klidu! (Warner Home Video);14.07.1978 Warner Bros. US;podle knihy, smrt, strach, útěk, zvířata, oběť (autonehody/zločinu), vojáci, pronásledování, boj o přežití, armáda, nemocnice, zranění, nehoda, vědci, paranoia, panika, věda, vlak, vědec, katastrofa, požár, oheň, hmyz, natural horror, vojenská základna, včely, jaderná elektrárna, vlak v ohrožení, vlaková nehoda, zabijácké včely;Irwin Allen;Michael Caine, Katharine Ross, Richard Widmark, Richard Chamberlain, Olivia de Havilland, Ben Johnson, Lee Grant, José Ferrer, Patty Duke, Slim Pickens;https://apps.apple.com/cz/app/id6755365206<br>https://play.google.com/store/apps/details?id=cz.csfd.csfdroid<br>;Academy Awards (1x)<br>;;Arthur Herzog III
1485987;Greenland 2: Útěk;2026;48.15699658703072;97.0;https://image.pmgstatic.com/cache/resized/w420/files/images/film/posters/170/852/170852274_cb7ob1.jpg;https://www.csfd.cz/film/1485987-greenland-2-utek/;USA;Akční / Thriller / Katastrofický;Greenland 2: Migration;Snímek přináší příběh přeživších členů rodiny Garrityových, kteří musí opustit bezpečí svého bunkru a vydat se na nebezpečnou cestu napříč zpustošenou, zamrzlou Evropou, aby našli nový domov. (Vertical Entertainment);09.01.2026 Lionsgate US;rodina, smrt, otec, matka, manželé, dcera, syn, vojáci, putování, boj o přežití, moře, naděje, Francie, lodě, přestřelka, střelba, Londýn, postapokalyptická budoucnost, nevyléčitelná nemoc, bouře, destrukce, úkryt, zemětřesení, tsunami, kometa, Grónsko, chaos, survival drama, kráter;Ric Roman Waugh;Gerard Butler, Morena Baccarin, Roman Griffin Davis, Amber Rose Revah, Sophie Thompson, William Abadie, Tómas Þórhallur Guðmundsson, Tommie Earl Jenkins, Trond Fausa, Peter Polycarpou;https://apps.apple.com/cz/app/id6755365206<br>https://play.google.com/store/apps/details?id=cz.csfd.csfdroid<br>;;;
583650;V oku hurikánu;2018;46.39344262295082;103.0;https://image.pmgstatic.com/cache/resized/w420/files/images/film/posters/162/855/162855165_3d47e1.jpg;https://www.csfd.cz/film/583650-v-oku-hurikanu/;USA;Katastrofický / Dobrodružný / Akční / Krimi / Thriller;The Hurricane Heist;Strhující thriller V oku hurikánu vypráví příběh skupiny gangsterů, kteří se rozhodli využít nejsilnějšího hurikánu v dějinách, aby zakryli stopy po loupeži 600 milionů dolarů z americké mincovny. Je na tajné agentce Casey Corbyn (Maggie Grace) a lovci hurikánů, meteorologovi Willu Rurledgeovi (Toby Kebbell), aby společně zastavili lupiče a zachránili rukojmí dřív, než z města zbudou pouhé trosky. (Bontonfilm);09.03.2018 Entertainment Studios Motion Pictures;muž, žena, smrt, násilí, strach, město, útěk, zbraně, oběť (autonehody/zločinu), sourozenci, peníze, zločin, únos, boj o přežití, bratři, kriminalita, gangsteři, gang, naděje, krádež, zloděj, zabijáci, loupež, zranění, agenti, střelné zbraně, zoufalství, chamtivost, rukojmí, zajatci, vyhrožování, noc, automobilová honička, bouře, destrukce, ničení, tajný agent, déšť, tma, počasí, hurikán, meteorologie, lovci bouřek;Rob Cohen;Toby Kebbell, Maggie Grace, Ryan Kwanten, Ralph Ineson, Melissa Bolona, Ben Cross, Jamie Andrew Cutler, Christian Contreras, James Barriscale, Brooke Johnston;https://apps.apple.com/cz/app/id6755365206<br>https://play.google.com/store/apps/details?id=cz.csfd.csfdroid<br>;;;
228280;Mraky nad L.A.;2006;45.204616998950684;96.0;https://image.pmgstatic.com/cache/resized/w420/files/images/film/posters/000/051/51887_9b255f.jpg;https://www.csfd.cz/film/228280-mraky-nad-l-a/;USA;Thriller / Drama / Katastrofický;Right at Your Door;Krátce poté, co nezaměstnaný muzikant Brad vyprovodí polibkem manželku Lexi do práce, dojde v centru Los Angeles k explozi několika teroristických bomb. Přestože rozhlas varuje před toxickým spadem, vydá se Brad svou ženu hledat. Silnice jsou však uzavřeny armádou, a když vidí, jak vojáci bez milosti zastřelí muže, který se pokusil ze zasažené oblasti uniknout, vrátí se vyděšený domů a s pomocí údržbáře Alvara hermeticky utěsní dům. Když se krátce poté objeví Lexi, odmítne ji pustit dovnitř, a to je počátek těžké zkoušky, která připomíná noční můru a nečekaným způsobem zamíchá osudy obou manželů.;24.08.2007 Lionsgate US;smrt, policie, manželé, útěk, vojáci, hudebník, teroristé, Los Angeles, bomba, infekce, toxický odpad;Chris Gorak;Mary McCormack, Rory Cochrane, Max Kasch, Jon Huertas, Will McCormack, Jenny O'Hara, Hector Luis Bustamante, Tony Perez, Nigel Gibbs, Soledad St. Hilaire;https://apps.apple.com/cz/app/id6755365206<br>https://play.google.com/store/apps/details?id=cz.csfd.csfdroid<br>;Sundance Film Festival (1x)<br>;Sundance Film Festival (1x)<br>;
301720;4:44 The Last Day on Earth;2011;41.015228426395936;85.0;https://image.pmgstatic.com/cache/resized/w420/files/images/film/posters/158/981/158981259_e1247f.jpg;https://www.csfd.cz/film/301720-4-44-the-last-day-on-earth/;USA / Francie / Švýcarsko;Drama / Fantasy / Sci-Fi / Katastrofický;4h44 Dernier jour sur terre;Milenecký pár tráví večer v apartmá na Manhattanu. On je známý herec, ona malířka. Jsou to jejich poslední společné chvíle. Následující den, přesně v 04:44 totiž nastane konec světa a nikdo to nemůže zastavit. (LIVINGDEAD);23.03.2012 IFC Films;apokalypsa;Abel Ferrara;Willem Dafoe, Shanyn Leigh, Paul Hipp, Paz de la Huerta, Anita Pallenberg, Natasha Lyonne, Francis Kuipers, José Solano, Pat Kiernan;https://apps.apple.com/cz/app/id6755365206<br>https://play.google.com/store/apps/details?id=cz.csfd.csfdroid<br>;Venice Film Festival (1x)<br>;;
938935;13 minut: Ve víru tornáda;2021;41.785714285714285;108.0;https://image.pmgstatic.com/cache/resized/w420/files/images/film/posters/167/291/167291923_8cf6de.jpg;https://www.csfd.cz/film/938935-13-minut-ve-viru-tornada/;Kanada / USA;Drama / Katastrofický;13 minut;Obyvatelé malého amerického města Siren se probouzí do nového dne, který se zdá být stejný jako každý jiný. Matka příroda má ale jiné úmysly. Místní lidé mají pouhých třináct minut na to, aby našli úkryt, než blížící se tornádo zpustoší město. Začíná boj o život... Film zachycuje jeden den odlišných rodin, které bydlí ve stejném okrese, a ten má zasáhnout tornádo. Rodger a Kimberly jsou manželé a mají hluchoněmou dceru Peyton. Rodger uvádí předpověď počasí a Kimberly je šéfkou krizového štábu. Devatenáctiletá kadeřnice Maddy zjistí, že je těhotná, její přítel Eric chce, aby šla na potrat, ale ona se nedokáže rozhodnout. Eric jí poví, že už má dvě děti, a to její nechce nikdy vidět. Její matka Jess jí chce podpořit. Maddy se odpoledne bude starat o Peyton. Luke oznámí svým rodičům Rickovi a Tammy, že je gay. Jeho rodiče mají velkou farmu, ale špatně se jim daří. Jediné proč všechno dělají, je kvůli budoucnosti a svým vnoučatům. Fakt, že je jejich syn gay, nehodlají přijmout. Pokojská Ana pracuje v motelu, bydlí s ní zde její snoubenec Carlos, který se začíná učit anglicky, aby pak získal povolení k pobytu. Carlos začne pracovat na farmě u Ricka a Tammy. Podle meteorologů hrozí výskyt tornád, a tak je důležité, aby byli lidé připraveni. Školy jsou uzavřeny, a když se v okolních okresech začínají objevovat tornáda, tak je spuštěn alarm. Lidé se musí schovat do svých úkrytů... (TV Prima);05.11.2021 Quiver Distribution;žena, rodina, žena režisérka, strach, venkov, vesnice, boj o přežití, katastrofa, tornádo;Lindsay Gossling;Thora Birch, Amy Smart, Paz Vega, Anne Heche, Peter Facinelli, Laura Spencer, Sofia Vassilieva, Gabriel Jarret, Will Peltz, Yancey Arias;https://apps.apple.com/cz/app/id6755365206<br>https://play.google.com/store/apps/details?id=cz.csfd.csfdroid<br>;;;
820694;Crocodile Island;2020;31.16883116883117;86.0;https://image.pmgstatic.com/cache/resized/w420/files/images/film/posters/164/201/164201528_04e2e4.jpg;https://www.csfd.cz/film/820694-crocodile-island/;Čína;Dobrodružný / Akční / Katastrofický;Na ren na shi;Letadlo po kolizi s hejnem ptáků havarovalo na neznámém ostrově. Ti, kteří přežili, však zanedlouho zjistí, že se na ostrově skrývá něco děsivého, čemu dalo vzniknout havarované letadlo z druhé světové války. (RypavaDvojka);Na VOD od 04.02.2020 iQiYi;zvířata, pronásledování, divočina, ostrov, nehoda, natural horror, letecká nehoda, prales, krokodýli, pavouci;Shixing Xu, Simon Zhao;Gallen Lo, Yinyue Liao, Bingxiang Wang, Zhiyan Zhao, Xue'er Hu, Qiwei He;https://apps.apple.com/cz/app/id6755365206<br>https://play.google.com/store/apps/details?id=cz.csfd.csfdroid<br>;;;
1221893;Potopa světa;2025;41.97884256378345;106.0;https://image.pmgstatic.com/cache/resized/w420/files/images/film/posters/170/513/170513777_2e945o.jpg;https://www.csfd.cz/film/1221893-potopa-sveta/;Jižní Korea;Sci-Fi / Akční / Dobrodružný / Katastrofický / Drama;Daehongsu;Nějak takhle vypadá konec světa. V zatopeném bytě se ale odehrává zoufalý boj o život, který může být klíčem k přežití lidstva. (Netflix);Na VOD od 19.12.2025 Netflix;matka, syn, voda, povodeň;Byeong-woo Kim;Da-mi Kim, Hje-su Pak, Yu Na Jeon, Hye-jin Jeon, Byeong-eun Park, Hak-joo Lee;https://www.netflix.com/title/81579978<br>https://www.netflix.com/<br>https://www.netflix.com/title/81579978<br>https://www.csfd.cz/vod/netflix/<br>https://apps.apple.com/cz/app/id6755365206<br>https://play.google.com/store/apps/details?id=cz.csfd.csfdroid<br>;;;
1361918;Smrtící déšť;2023;39.496221662468514;99.0;https://image.pmgstatic.com/cache/resized/w420/files/images/film/posters/168/025/168025743_ais11x.jpg;https://www.csfd.cz/film/1361918-smrtici-dest/;Francie / Belgie;Katastrofický / Drama / Thriller;Acide;Když se z mraků valí záhadné kyselé deště, musí dívka a její rozvedení rodiče spojit síly, aby se této klimatické katastrofě vyhnuli a zachránili se. (Max);20.09.2023 Pathé Films;smrt, otec, matka, dcera, útěk, venkov, dům, Francie, nebezpečí, koně, řeka, katastrofa, auta, úkryt, déšť, most, počasí, ekologická katastrofa, kyselý déšť;Just Philippot;Guillaume Canet, Laetitia Dosch, Patience Munchenbach, Marie Jung, Céline Groussard, Valentijn Dhaenens;https://apps.apple.com/cz/app/id6755365206<br>https://play.google.com/store/apps/details?id=cz.csfd.csfdroid<br>;César Awards (1x)<br>;;
1544801;Krotitelé tornád;2024;16.862745098039216;83.0;https://image.pmgstatic.com/cache/resized/w420/files/images/film/posters/169/148/169148180_j7v6gu.jpg;https://www.csfd.cz/film/1544801-krotitele-tornad/;USA;Akční / Sci-Fi / Katastrofický;The Twisters;James a jeho sestra Erica vyvíjejí systém, který má pomoci předpovídat tornáda. Netuší však, že se blíží něco naprosto nečekaného - několik tornád, která se mají v nejbližších hodinách spojit do jednoho. James s Ericou musejí vymyslet, jak tomu zabránit a zneškodnit je dříve, než z amerického Středozápadu udělají poušť. (TV Prima);;;Michael Su;Kayla Fields, Mark Justice, Paul Logan, Tiffany, Corbin Timbrook;https://www.iprima.cz/filmy/krotitele-tornad?utm_source=csfd&utm_medium=section_vod&utm_campaign=link_exchange<br>https://www.iprima.cz/filmy/krotitele-tornad?utm_source=csfd&utm_medium=section_vod&utm_campaign=link_exchange<br>https://apps.apple.com/cz/app/id6755365206<br>https://play.google.com/store/apps/details?id=cz.csfd.csfdroid<br>;;;
268271;2022 Suenami Wanhloksanghaan;2009;14.492753623188406;90.0;https://image.pmgstatic.com/cache/resized/w420/files/images/film/posters/000/063/63448_06a196.jpg;https://www.csfd.cz/film/268271-2022-suenami-wanhloksanghaan/;Thajsko;Drama / Katastrofický / Akční;13-04-2022 Tsunami;17 let po ničivé katastrofě zaznamenávají přístroje v thajském centru pro výzkum tsunami varovné údaje. Vedoucí centra doktor Siam okamžitě informuje premiéra Traipopa o nezbytnosti evakuace obyvatelstva z ohrožených oblastí. Premiéra však čeká nejen boj s přírodními živly, ale i se zkorumpovanými vládními politiky. (Ketri);;;Toranong Srichua;Thanayong Wongtrakul, Suchada Poonpattanasuk;https://apps.apple.com/cz/app/id6755365206<br>https://play.google.com/store/apps/details?id=cz.csfd.csfdroid<br>;;;
246263;Hořící peklo;1995;22.06896551724138;87.0;https://image.pmgstatic.com/cache/resized/w420/files/images/film/posters/000/058/58292_034c93.jpg;https://www.csfd.cz/film/246263-horici-peklo/;USA;Drama / Katastrofický;Důsledek;Po obrovské explozi v mrakodrapu jsou čtyři kolegové vrženi do nelítostného boje o holý život. Uvězněni troskami ve sklepě, nacházejí úkryt před plameny a kouřem. Vybaveni pouze sekerami, bez jídla a s troškou vody. Bude jim toto stačit k přežití? Začíná se totiž ukazovat, že kouř a horko nejsou jedinou hrozbou. Hlavní ohrožení najednou plyne z konfliktů, lží, sobeckosti a vzájemné nesnášenlivosti.Napětí uvnitř úkrytu roste – dny jsou dlouhé, charakter povoluje a pud sebezáchovy se začíná projevovat u každého jinak.;Na DVD od 02.10.2008 DVD Edice;;Robert Palumbo;Claire Beckman, Mark Deakins, Lee Donoghue, Walter Brown;https://apps.apple.com/cz/app/id6755365206<br>https://play.google.com/store/apps/details?id=cz.csfd.csfdroid<br>;;;
275741;Svět v ohrožení;2008;23.23076923076923;90.0;https://image.pmgstatic.com/cache/resized/w420/files/images/film/posters/000/331/331247_bdf52f.jpg;https://www.csfd.cz/film/275741-svet-v-ohrozeni/;USA;Akční / Katastrofický;Fall of Hyperion;Není se kde skrýt! Vesmírná stanice Hyperion se dvanácti astronauty byla vyslána, aby sbírala poznatky o globálním oteplování. Když je zasažena rojem meteorů, ztratí nad ní posádka kontrolu a stanice se řítí nezadržitelně na Los Angeles. Vláda navíc tajně ukryla na palubu lodi nukleární reaktor. Případná srážka by tedy byla katastrofou apokalyptických rozměrů. Bude pravda odhalena dřív, než zahynou miliony lidí?;Na DVD od 10.06.2010 Reflex;;Rex Piano;Thomas Calabro, Brett Chukerman, Cynthia Gibb, Asante Jones, William Gregory Lee, Jon Briddell, AJ Wedding, Grant Landry, Tom Maden, Jonna Walsh;https://apps.apple.com/cz/app/id6755365206<br>https://play.google.com/store/apps/details?id=cz.csfd.csfdroid<br>;;;
1298925;Supercela;2023;28.91566265060241;101.0;https://image.pmgstatic.com/cache/resized/w420/files/images/film/posters/167/148/167148500_98172b.jpg;https://www.csfd.cz/film/1298925-supercela/;USA;Akční / Dobrodružný / Drama / Katastrofický;Supercela;William celý život snil o tom, že půjde v otcových šlépějích a stane se lovcem bouří. Jeho legendárního otce před lety vzalo s sebou supertornádo. Od té doby se z pronásledování tornád stal skutečný byznys a cestovní ruch spojený s katastrofami vzkvétá. Teenager uteče z domu, aby se spolu s bývalým kolegou svého otce vydal za hurikánem, ale tornáda jsou už větší a ničivější, než kdysi. Williamova matka mezitím zoufale pátrá po svém synovi, netušíce, že se do oblasti chystá největší bouře všech dob, supercela, která ohrozí životy nejen lovců bouře, ale všech lidí v oblasti. (Vertigo International);17.03.2023 Saban Films;muž, žena, rodina, otec, matka, rodiče, policie, syn, chlapec, vyšetřování, pátrání, škola, učitel, střední škola, bouře, školní třída, tornádo;Herbert James Winterstern;Daniel Diemer, Skeet Ulrich, Alec Baldwin, Anne Heche, Johnny Wactor, Anjul Nigam, Praya Lundberg, Jordan Kristine Seamon, Richard Gunn, Jack Eyman;https://srv.clickfuse.com/ads/adclkr.php?id=100006636&url=https://tv.apple.com/cz/movie/supercell/umc.cmc.6x2mz60gyg49p2hxk050rxdv7<br>https://srv.clickfuse.com/ads/adclkr.php?id=100006636&url=https://tv.apple.com/cz/movie/supercell/umc.cmc.6x2mz60gyg49p2hxk050rxdv7<br>https://apps.apple.com/cz/app/id6755365206<br>https://play.google.com/store/apps/details?id=cz.csfd.csfdroid<br>;;;
1139535;Moon Crash;2022;11.267605633802818;89.0;https://image.pmgstatic.com/cache/resized/w420/files/images/film/posters/166/022/166022971_16aae0.jpg;https://www.csfd.cz/film/1139535-moon-crash/;USA;Sci-Fi / Katastrofický;;;;;Noah Luke;Tyler Christopher, Jamison Jones, Pauline Egan, Jeremy London, Jenny Tran, Marisha Shine, Alexa Marie Anderson, Sierra Collins, Eva Ceja;https://apps.apple.com/cz/app/id6755365206<br>https://play.google.com/store/apps/details?id=cz.csfd.csfdroid<br>;;;
39331;Epicentrum;2000;27.84565916398714;98.0;https://image.pmgstatic.com/cache/resized/w420/files/images/film/posters/000/023/23558_d6b626.jpg;https://www.csfd.cz/film/39331-epicentrum/;USA;Akční / Dobrodružný / Drama / Katastrofický;Epicentrum;Policistka Amanda vyšetřuje obchodní machinace. Zatčení celé skupiny překazí nečekané zemětřesení a Amanda přiněm zachrání pouze jednoho zločince, ze kterého se tak stane korunní svědek proti šéfovi celé organizace. Svědek Nick se tak stal nebezpečným pro zločince, kteří mají kontakty i v policii, která jeho ochranu svěřila Amandě.;Na DVD od 20.09.2010 DVD Hit;;Richard Pepin;Traci Lords, Gary Daniels, Jeff Fahey, Daniela Nane, Katie Stuart, Constantin Drăgănescu, Constantin Cotimanis, Ovidiu Niculescu, Rob Lee, Andrew Francis;https://apps.apple.com/cz/app/id6755365206<br>https://play.google.com/store/apps/details?id=cz.csfd.csfdroid<br>;;;
505597;Vulkán v Los Angeles;2017;21.5;93.0;https://image.pmgstatic.com/cache/resized/w420/files/images/film/posters/161/673/161673811_84b712.jpg;https://www.csfd.cz/film/505597-vulkan-v-los-angeles/;USA;Akční / Dobrodružný / Katastrofický;Destruction: Los Angeles;V Los Angeles došlo ke smrtelné explozi a náhlému zemětřesení. Reportér John Benson se při té příležitosti chopí své šance pokrýt nejnovější zprávy o rostoucí seismické aktivitě... (TV Prima);;;Tibor Takács;Craig Sheffer, Cynthia Watros, Romeo Miller, Emmanuelle Vaugier, Ayumi Iizuka, Morgan Obenreder, Whitney Noble, Master P, Roger Howarth, Mykel Shannon Jenkins;https://srv.clickfuse.com/ads/adclkr.php?id=100006636&url=https://tv.apple.com/cz/movie/destruction-los-angeles/umc.cmc.4q855s9aq9ryka0iw4y3j8tf7<br>https://www.youtube.com/watch?v=4HZMfqaJjlk<br>https://srv.clickfuse.com/ads/adclkr.php?id=100006636&url=https://tv.apple.com/cz/movie/destruction-los-angeles/umc.cmc.4q855s9aq9ryka0iw4y3j8tf7<br>https://www.youtube.com/watch?v=4HZMfqaJjlk<br>https://apps.apple.com/cz/app/id6755365206<br>https://play.google.com/store/apps/details?id=cz.csfd.csfdroid<br>;;;
268890;Zúčtování: Armagedon;2009;17.872340425531913;90.0;https://image.pmgstatic.com/cache/resized/w420/files/images/film/posters/000/334/334750_903bd2.jpg;https://www.csfd.cz/film/268890-zuctovani-armagedon/;USA;Thriller / Sci-Fi / Katastrofický;Countdown: Jerusalem;Katastrofický thriller ukazuje Zemi na pokraji zkázy. Apokalypsa se naplňuje. Zeměkoule čelí jedné katastrofě za druhou, burzy jsou na pokraji zhroucení. Vypadá to, že svět lidí nevyhnutelně směřuje ke svému zániku. Politici z celého světa se snaží čelit krizi sjednocením všech národů. Počáteční úspěch však brzy střídá globální konflikt, který ještě více urychluje pád lidstva. Na pozadí těchto katastrofických událostí se odehrává příběh novinářky, jejíž dcera byla za záhadných okolností unesena. Statečnou ženu přivedou stopy až do Izraele. Podaří se jí v zemi, která se ocitla na pokraji zkázy, nalézt to nejmilovanější, co má?;Na DVD od 29.12.2010 FILMag;;A.F. Silver;Kim Little, Emilio Roso, Jose Prendes, Domiziano Arcangeli, Matt Mercer, Meredith Thomas, Jonathan Nation, Hillary Harper;https://apps.apple.com/cz/app/id6755365206<br>https://play.google.com/store/apps/details?id=cz.csfd.csfdroid<br>;;;
283087;Australská apokalypsa;2010;28.136315228966986;92.0;https://image.pmgstatic.com/cache/resized/w420/files/images/film/posters/161/667/161667874_aa4c04.jpg;https://www.csfd.cz/film/283087-australska-apokalypsa/;Austrálie / Kanada;Sci-Fi / Thriller / Katastrofický;Arctic Blast;Příběh skupiny vědců, kteří se musejí pod vedením Jacka Tatea poprat s ledovou mlhou, která ničí zemskou atmosféru. V místě, kde se mlha objevila, umírají lidé. Katastrofa se šíří děsivou rychlostí. (LIVINGDEAD);;ozploitation;Brian Trenchard-Smith;Michael Shanks, Saskia Hampele, Indiana Evans, Alexandra Davies, Robert Mammone, Bruce Davison, Judith Baribeau, Cinthia Burke, Anne McCaffery-French, John Andrews;https://apps.apple.com/cz/app/id6755365206<br>https://play.google.com/store/apps/details?id=cz.csfd.csfdroid<br>;;;
289365;Apokalypsa meteorů;2010;22.246376811594203;88.0;https://image.pmgstatic.com/cache/resized/w420/files/images/film/posters/000/400/400848_c2d487.jpg;https://www.csfd.cz/film/289365-apokalypsa-meteoru/;USA;Dobrodružný / Sci-Fi / Katastrofický;Meteor Apocalypse;Nadměrný meteor vstoupí do zemské oběžné dráhy a začne se rozpadat na vesmírné trosky padající napříč planetou. Los Angeles hrozí zničení během tří dnů! Paralelně s tímto katastrofickým příběhem se odvíjí osudy doktora Davida Demattiho, který se snaží vynalézt lék pro svou těžce nemocnou dceru. Ta byla společně se svou matkou umístěna do karantény v Las Vegas. Po příjezdu David zjišťuje, že většina města byla zničena. Začíná nervy drásající souboj s časem, v němž se David snaží nalézt svou rodinu dříve, než bude zničeno další město!;Na Blu-ray od 06.03.2012 Řitka video;;Micho Rutare;Joe Lando, Claudia Christian, Madison McLaughlin, Micho Rutare, Cooper Harris, Matt Lagan, Manuel Aquino, Brendan Bradley, Gregory Paul Smith, Edmond Choi;https://apps.apple.com/cz/app/id6755365206<br>https://play.google.com/store/apps/details?id=cz.csfd.csfdroid<br>;;;
263754;Konec světa;2008;20.75566750629723;82.0;https://image.pmgstatic.com/cache/resized/w420/files/images/film/posters/000/062/62544_79192e.jpg;https://www.csfd.cz/film/263754-konec-sveta/;USA;Drama / Katastrofický;Polar Opposites;David Terran je vědec, který napsal studii o nebezpečí zemských magnetických polí. Jeho teorie však kolegové nepřijímají a také jeho největší přítel se k nim staví odmítavě. David proto rezignuje na svoji kariéru a stěhuje se do odlehlé chaty, kde žije se svým otcem. Na druhé straně zeměkoule mezitím íránská vláda spustila sérii pokusných jaderných výbuchů. Ty nečekaně spustily ničivá zemětřesení a hrozí, že zničí veškerý život na zemi. Zoufalá americká vláda povolá Davida, aby našel řešení. Aby však David mohl pomoci, potřebuje Martina – svého bývalého přítele, který mu nevěřil. Musí proto nejprve obnovit pošramocený vztah, aby společně zachránili svět.;Na DVD od 01.02.2010 DVD Edice;;Fred Olen Ray;Charles Shaughnessy, Tracy Nelson, Beth Grant, Clive Revill, Ken Barnett, Lee Arenberg, Kieren Hutchison, Jackie Geary, Ryan Caltagirone, Ian Patrick Williams;https://apps.apple.com/cz/app/id6755365206<br>https://play.google.com/store/apps/details?id=cz.csfd.csfdroid<br>;;;
154785;Město v ohrožení;2005;16.313364055299537;85.0;https://image.pmgstatic.com/cache/resized/w420/files/images/film/posters/000/007/7701_355346.jpg;https://www.csfd.cz/film/154785-mesto-v-ohrozeni/;Kanada / Litva / Velká Británie;Akční / Dobrodružný / Thriller / Katastrofický;Earthquake;Josh Taylor (Fintan McKeown) je uznávaný odborník a letí preveriť jadrovú elektráreň do Ruska. To však zasiahne zemetrasenie.;;zemětřesení;Tibor Takács;Lydie Denier, Patrick Monckton, Fintan McKeown, Michael Zelniker, Jacinta Mulcahy;https://apps.apple.com/cz/app/id6755365206<br>https://play.google.com/store/apps/details?id=cz.csfd.csfdroid<br>;;;
328176;40 dnů a nocí;2012;15.294117647058822;83.0;https://image.pmgstatic.com/cache/resized/w420/files/images/film/posters/158/223/158223171_119ffa.jpg;https://www.csfd.cz/film/328176-40-dnu-a-noci/;USA;Akční / Katastrofický;Konec světa se blíží;Stoupající hladiny moří přimějí jednoho mikrobiologa ke spolupráci s armádou na zhotovení nové archy.;;;Peter Geiger;Alex Carter, Alex Ball, Marcus Choi, Monica Keena, Aurelia Scheppers, Dylan Vox, Delpaneaux Wills, Hector Luis Bustamante, Christianna Carmine, Jon Kondelik;https://apps.apple.com/cz/app/id6755365206<br>https://play.google.com/store/apps/details?id=cz.csfd.csfdroid<br>;;;
513239;Smrtící mráz;2017;16.65551839464883;85.0;https://image.pmgstatic.com/cache/resized/w420/files/images/film/posters/161/744/161744867_03392d.jpg;https://www.csfd.cz/film/513239-smrtici-mraz/;USA;Akční / Katastrofický;Cold Zone;Během rodinné dovolené na Aljašce začne vědec Roger Summers zkoumat migraci ptáků. Díky tomu narazí v lese na několik zdechlin zmrzlých na kost. Protože si neví rady, vyhledá enviromentalistu Tima Hughese, který odešel do ústranní, když se jeho varováním před celosvětovými smrtícími mrazy vysmáli všichni ostatní vědci. Roger přesvědčí Tima, aby mu pomohl studovat nový, tajuplný přírodní fenomén. Společně se jim podaří odhalit, že Timovy předpovědi byly pravdivé a došlo na nejhorší. Mráz je čím dál silnější. Nepotrvá dlouho a pokryje celou planetu. Lidé umrzají po pouhých několika minutách strávených venku. Jedině Roger dokáže zachránit svou rodinu, město i celý svět. Čas běží. A venku číhá smrtící mráz. (TV Prima);;láska, žena, rodina, smrt, přátelství, přátelé, dívka, otec, matka, rodiče, syn, chlapec, ženy, dospívání, zranění, hory, vědci, sníh, zima, vědec, dovolená, Aljaška, mráz;John MacCarthy;Martin Cummins, Steve Bacic, Daniel Boileau, Sarah Desjardins, Darcy Laurie, Nick Purcha, Sarah-Jane Redmond, Lauren K. Robek, Barbara Wallace, Steven Cree Molison;https://apps.apple.com/cz/app/id6755365206<br>https://play.google.com/store/apps/details?id=cz.csfd.csfdroid<br>;;;
377093;Apokalypsa v Los Angeles;2014;16.066666666666666;90.0;https://image.pmgstatic.com/cache/resized/w420/files/images/film/posters/159/399/159399394_d8cb09.jpg;https://www.csfd.cz/film/377093-apokalypsa-v-los-angeles/;USA;Akční / Sci-Fi / Thriller / Katastrofický;Doomed Planet;Los Angeles zasáhla katastrofa a všichni jsou evakuováni. Mladík Calvin se ale rozhodl, že nejprve zachrání svoji přítelkyni, kterou se chystá požádat o ruku. Zajali ji ale nebezpeční uprchlí vězni... Pět miliard let pracovalo zemské jádro jako obrovský jaderný reaktor. V současnosti se však čím dál víc přehřívá a prognózy jsou apokalyptické. Do jeho výbuchu nezbývá mnoho času. Nejohroženějším místem na Zemi se stává americké Los Angeles, pod kterým se hromadí nejvyšší tlak z útrob planety Země. Obyvatelé se ocitají ve velkém nebezpečí, a stát proto nařídí evakuaci města. Calvin Hopkins však nemůže odejít, protože pátrá po své nezvěstné přítelkyni Ashley, kterou chtěl zrovna požádat o ruku. Ashley je mezitím uvězněna spolu s kolegy ve sklepě v práci. Jenže odtamtud je unesou uprchlí vězni – a Calvinovi zbývá už jen velmi málo času... (TV Prima);;Los Angeles, katastrofa, apokalypsa;Michael J. Sarna;Gina Holden, Christopher Judge, Kamar de los Reyes, Raymond J. Barry, Greg Serano, Christian Levatino, Jerry Zatarain Jr., David Cade, Cesar De León, Franco Vega;https://apps.apple.com/cz/app/id6755365206<br>https://play.google.com/store/apps/details?id=cz.csfd.csfdroid<br>;;;
133700;Nebezpečná sopka;2005;17.5;87.0;https://image.pmgstatic.com/cache/resized/w420/files/images/film/posters/000/037/37155_6e6f19.jpg;https://www.csfd.cz/film/133700-nebezpecna-sopka/;Bulharsko / Kanada / Velká Británie;Thriller / Akční / Drama / Katastrofický;Nature Unleashed: Volcano;"Russell Woods během práce na svahu sopky v Jižní Americe přišel o manželku, televizní reportérku Dee, která zahynula přímo před jeho očima, když se zřítila do lávového proudu. Aby pochopil její fascinací přírodními silami, která ji stála život, rozhodl se Russell tři měsíce po tragédii odjet do jejího rodného městečka v Itálii. První stopou je už skutečnost, že městečko samotné leží na úpatí velké i když zdánlivě již vyhaslé sopky. Když se navíc začne zajímat o historii její erupcí, narazí na temný kult, který je se sopkou spojen a zdá se, že stále ovlivňuje místní obyvatele. Sotva se v městečku objeví dostane se do sporu s místní učitelkou Sylvií. Ten se urovná poté kdy se jí Russell představí a vysvětlí jí účel své návštěvy a zájmu o městečko, sopku a její historii. Sylvie ho pošle za místním knězem, otcem Dominicem, který má údajně deníky jeho manželky. Setká se také s němou dívkou Angelou, která ho sleduje, ale když se k ní obrátí, uteče. Jedni ji považují za blázna, jiní za posedlou bláznem. Russell se dozví, že její otec zemřel při důlním neštěstí a ona s matkou byly zasaženy bleskem. Zatímco matku blesk zabil, Angela přežila i když byla téměř dvacet minut ve stavu klinické smrti. Nedokáže mluvit ani psát, dokáže však malovat a zdá se, že má něco důležitého na srdci. Když se Russell pokouší o dívce něco dozvědět otec Dominic se zlobí a varuje ho, že je Agnela je ""zlo"" a že je ve styku s mrtvými. Russell však nevzdá a zjistí, že její matka zemřela stejný den jako Dee. Když se dívka pokusí o sebevraždu, Russell ji společně se Sylvií zachrání a odveze do nemocnice. Pochopí, že dívka je médiem, jehož prostřednictvím se s ním pokouší ze záhrobí spojit jeho žena Dee a něco se mu pokouší sdělit. Jak vzápětí pochopí, chce varovat před blížící se erupcí. Otec Dominic i vesničané jsou zpočátku skeptičtí, ale potom se sopka skutečně probudí a Russell pomáhá s evakuací.";;sopka;Mark Roper;Chris William Martin, Marnie Alton, Joseph Beattie, George Zlatarev, Sara Malakul Lane, Aleksandar Dikov, Antonella Elia;https://apps.apple.com/cz/app/id6755365206<br>https://play.google.com/store/apps/details?id=cz.csfd.csfdroid<br>;;;
578029;Smrtící erupce;2018;13.617021276595745;86.0;https://image.pmgstatic.com/cache/resized/w420/files/images/film/posters/162/300/162300521_096cce.jpg;https://www.csfd.cz/film/578029-smrtici-erupce/;USA;Sci-Fi / Katastrofický;Eruption: LA;Los Angeles čelí skrytému nebezpečí. Výbuch sopky přímo uprostřed velkoměsta hrozí obrovskou katastrofou. Naštěstí jsou zde scenárista Josh a herečka Kat, kteří si vědí rady... Scénárista Josh je majiteli filmové společnosti vyslán za známým seismologem, profesorem Irwinem, aby od něho načerpal informace pro svůj nový scénář. Ten má posloužit jako základ pro nový film, ve kterém má hrát Joshem obdivovaná herečka, Kat Riversová. Josh dorazí na schůzku s Irwinem, který se právě s Kat chystá k malému proletu vrtulníkem nad Los Angeles. Irwin s Kat s sebou Joshe vezmou na palubu vrtulníku, aby měl Josh čas zeptat se profesora na vše potřebné. Ve chvíli, kdy vrtulník letí nad středem města, exploduje pod místním parkem sopka. Irwina to nepřekvapí, už dlouhou dobu varoval starostu města, že Los Angeles leží na spícím vulkánu. Starosta ho ale nebral vážně a ohledně zemětřesení a sopečné činnosti spolupracoval s profesorem Robsonem z místní univerzity. Ten kvůli tomu, že mu v minulosti Irwin svedl ženu, všechna Irwinova varování označoval jako hloupost. Ve chvíli, kdy vrtulník s Joshem, Irwinem a Kat, která pilotuje, prolétává nad sopkou, dojde k další erupci. Vrtulník není sice zasažený, nicméně Kat s ním musí nuceně přistát. Irwin toho využije a vloupe se do jednoho z blízkých domů, aby se odtamtud z pevné telefonní linky pokusil spojit s úřadem starosty. To se mu sice podaří, starosta s ním ale odmítne mluvit. Irwin se svým doprovodem se nevzdává a rozhodne se v budově staré továrny získat nějaká měření podzemních sopečných tunelů. Po celém městě začínají vybuchovat boční krátery podzemní sopky a starosta začíná zvažovat evakuaci. Tu mu však Robson, který je s ním pomocí videotelefonu v kontaktu, rozmlouvá. Irwin v továrně získá nutná data a za pomoci svého počítače provede nějaké výpočty, na základě kterých vytvoří plán na záchranu města. Teď se chce i se svým doprovodem dostat ke starostovi. Magma ze sopky však už postoupilo podzemními tunely až k továrně a budova se začíná kvůli zemětřesení a drobným erupcím vystupujícím na povrch hroutit. Irwin se se svým doprovodem pokusí utéct, skončí však uprostřed lávového kráteru, ve kterém zmizí. Předtím však ještě stihne Joshovi a Kat hodit tašku se svým počítačem, ve kterém je plán na záchranu města. Při útěku se Josh popálil na zádech, a tak ho Kat odveze do místní nemocnice, kde pracuje Joshova sestra, Jessica, jako lékařka. Ta Joshe ošetří. Josh přemýšlí, jak se dostat s plánem ke starostovi. To už však Robson za pomoci vojenských dronů uskutečňuje svůj vlastní plán, jak erupcím zabránit. Drony odpálí na sopečné tunely rakety. To však situaci jen zhorší a nemocnice, ve které Josh, Kat a Jessica právě jsou, se začíná hroutit. Všichni tři z nemocnice uletí ve vrtulníku, který parkuje na střeše nemocnice, a přistanou v krizovém středisku, odkud starosta řídí záchranu města. Josh s Kat se pokusí ke starostovi dostat, Robson je ale vyhodí a dál pokračuje ve svých plánech, které ale situaci jen zhoršují... (TV Prima);;;Sean Cain;Matthew Willig, Eric Etebari, Matt Riedy, Christina Wren, Lexi Johnson, Harry Van Gorkum, Amy Paffrath, Victoria Gabrielle Platt, John Patrick Jordan, Tom Schanley;https://apps.apple.com/cz/app/id6755365206<br>https://play.google.com/store/apps/details?id=cz.csfd.csfdroid<br>;;;
237857;Apokalypsa;2007;13.052631578947368;94.0;https://image.pmgstatic.com/cache/resized/w420/files/images/film/posters/000/345/345453_7ba8af.jpg;https://www.csfd.cz/film/237857-apokalypsa/;USA;Drama / Dobrodružný / Sci-Fi / Katastrofický;The Apocalypse;Katastrofický film, zabývající se historií hledání dítěte jeho usouzenými rodiči, v době, kdy se k Zemi přibližuje asteroid. Ten vyvolává sérii katastrofických tragédií. Postupně se začínají ztrácet lidé. Nikdo neví, kam se poděli. Věřící lidé na této planetě mají brány do nebes otevřeny. (LIVINGDEAD);Na DVD od 01.05.2010 DVD Edice;;Justin Jones;Rhett Giles, Kristen Quintrall, Tom Nagel, Sarah Lieving, Leigh Scott, Justin Jones, Kim Little, Monique La Barr, Jason S. Gray, Shaley Scott;https://apps.apple.com/cz/app/id6755365206<br>https://play.google.com/store/apps/details?id=cz.csfd.csfdroid<br>;;;
375417;Armagedon v Los Angeles;2014;15.834970530451866;84.0;https://image.pmgstatic.com/cache/resized/w420/files/images/film/posters/159/439/159439635_bdf911.jpg;https://www.csfd.cz/film/375417-armagedon-v-los-angeles/;USA;Akční / Katastrofický / Drama / Dobrodružný;10.0 Earthquake;Los Angeles je ve velkém nebezpečí a jen hrstka lidí ví, jak katastrofu zastavit. Jestli se Emily a Jackovi nepodaří zastavit těžbu ropy poblíž města, zemřou miliony lidí... Vedoucí inženýr a jeho šéf při jedné z operací kvůli chybě naruší tektonický zlom San Andreas, a tím nechtěně vyvolají sérii zemětřesení. Nicole a Jack jsou jedněmi z těch, kdo se pokoušejí před ničivým zemětřesením zachránit lidi z Los Angeles, kde mají otřesy udeřit s ničivou silou – a čas se dramaticky krátí... (TV Prima);;zemětřesení;David Gidali;Henry Ian Cusick, Jeffrey Jones, Chasty Ballesteros, Cameron Richardson, Kristen Dalton, David Chokachi, Rachel Sterling, Olivia Jordan, Heather Sossaman, Malcolm Barrett;https://apps.apple.com/cz/app/id6755365206<br>https://play.google.com/store/apps/details?id=cz.csfd.csfdroid<br>;;;
345930;Den nezávislosti: Invaze;2013;15.057915057915059;90.0;https://image.pmgstatic.com/cache/resized/w420/files/images/film/posters/157/828/157828599_6f9a7f.jpg;https://www.csfd.cz/film/345930-den-nezavislosti-invaze/;Kanada;Sci-Fi / Akční / Katastrofický;Poslední Den nezávislosti;Právě 4. července, v den oslav Dne nezávislosti, napadnou USA, Evropu i Asii nepřátelské mimozemské síly v podobě útočných robotů, takzvaných transformerů. Bombardují Zemi roji umělých asteroidů. Není proti nim obrany, i když se spojí všechny armády světa. Všude panuje totální zmatek. Záchrana civilizace je v rukou dvou lidí – maloměstského hasiče a vědce, který se věnuje výzkumu mimozemských kultur. Musejí co nejrychleji vymyslet rafinovanou zbraň, jež dokáže zastavit invazi a zničit vetřelce, než se ujmou vlády...;;;W.D. Hogan;Ryan Merriman, Tom Everett Scott, Emily Holmes, Casey Dubois, Andrea Brooks, Keenan Tracey, Garwin Sanford, Nicholas Carella, Michael Kopsa, Jill Teed;https://apps.apple.com/cz/app/id6755365206<br>https://play.google.com/store/apps/details?id=cz.csfd.csfdroid<br>;;;
9942;Peklo ve městě;2001;14.415204678362572;90.0;https://image.pmgstatic.com/cache/resized/w420/files/images/film/posters/169/557/169557933_asfpj3.jpg;https://www.csfd.cz/film/9942-peklo-ve-meste/;USA;Drama / Akční / Thriller / Katastrofický;Ablaze;Výbuch rafinérie v hlavním městě, smrtící plameny, panika... Stojí za požárem politický skandál? Když se po výbuchu rafinérie vylije do ulic velké metropole tekuté peklo, hladové plameny začnou šlehat až do oblak. Záchrannou četu veteránů, která se musí vyhýbat ohnivým koulím a zpětnému požáru, vede Jack Thomas do téměř nemožného boje s časem. V nové nemocnici na předměstí, která má nedostatek personálu na pohotovosti, se doktorka Jennifer Lewisová zoufale snaží zachránit oběti požáru. V této tísnivé situaci se jí podaří odhalit dvě strašné skutečnosti - požár mohl být úmyslně vyvolaný politickým skandálem a oheň teď uzavřel do svých neúprosných spárů celou nemocnici i s jejími pacienty. S příchodem noci Jack Thomas a jeho muži vedou svůj statečný boj, aby zachránili město, ale času je málo neboť plameny šlehají stále výš a výš.;;;Jim Wynorski;John Bradley, Tom Arnold, Ice-T, Amanda Pays, Cathy Lee Crosby, Pat Harrington Jr., Edward Albert, Michael Dudikoff, Mary Jo Catlett, Richard Biggs;https://apps.apple.com/cz/app/id6755365206<br>https://play.google.com/store/apps/details?id=cz.csfd.csfdroid<br>;;;
20643;San Andreas;2015;12.10412147505423;90.0;https://image.pmgstatic.com/cache/resized/w420/files/images/film/posters/159/839/159839868_a81b8d.jpg;https://www.csfd.cz/film/20643-san-andreas/;USA;Akční / Sci-Fi / Katastrofický;San Andreas Quake;Profesorka seismologie vyvine geniální systém, který dokáže předpovídat zemětřesení. Dřív, než se s vynálezem stihne komukoli pochlubit, zjistí, že v Los Angeles, kde bydlí, má udeřit zemětřesení 10. stupně. Nikdo jejímu tvrzení nevěří. A ona musí zachránit svou nevlastní dceru, která pracuje v centru města. Musí se k ní dostat dřív, než bude město srovnáno se zemí... Vydává se na cestu, která ji může stát život. (TV Barrandov);;rodina, smrt, otec, matka, rodiče, strach, dcera, útěk, dospívání, učitel, nehoda, vědci, nebezpečí, vědec, Los Angeles, katastrofa, vynálezce, vrtulník, zemětřesení, mockbuster;John Baumgartner;Grace Van Dien, Lane Townsend, Jhey Castles, Bill Voorhees, Jason Woods, Justin Hoffmeister, Shaun Gerardo, Tessa Mossey, Elaine Partnow, Nicola Lambo;https://apps.apple.com/cz/app/id6755365206<br>https://play.google.com/store/apps/details?id=cz.csfd.csfdroid<br>;;;
331378;Hurikán smrti;2013;11.719745222929935;90.0;https://image.pmgstatic.com/cache/resized/w420/files/images/film/posters/161/400/161400300_cd41f0.jpg;https://www.csfd.cz/film/331378-hurikan-smrti/;USA;Akční / Katastrofický;Zběsilá bouře;"Jeden ze známých principů říká: „Myšlenka nemožnosti pohromy často vede právě ke katastrofě."" Jeho platnost se potvrdí v případě experimentů s novým typem udržitelné energie, které se vymknou kontrole a v podobě nepřirozeně silné bouře začnou ohrožovat nejen pobřeží Spojených států, ale i celou Severní Ameriku. Tuto oblast sužuje série hurikánů a kdo se před nimi neukryje do bezpečí, ten to má spočítané. Středoškolský učitel přírodních věd Nathan Sims (Casper Van Dien) se ocitne přímo v centru událostí. Musí dostat svou ženu a syna do bezpečí dříve, než se hurikány spojí a vytvoří tzv. „hyperkán"", bouři dost silnou na to, aby z mapy vymazala celé Spojené státy. (Řitka video)";Na DVD od 04.10.2013 Řitka video;rodina, otec, matka, rodiče, strach, syn, nebezpečí, katastrofa, auta, hurikán;Daniel Lusko;Casper Van Dien, Michael Beach, Sarah Lieving, Bryan Head, Hayley Derryberry, Chad Brummett, Paul J. Porter, Edward A. Duran, Keith Meriweather, Sarah Minnich;https://apps.apple.com/cz/app/id6755365206<br>https://play.google.com/store/apps/details?id=cz.csfd.csfdroid<br>;;;
279546;Titanic II;2010;8.822295474977524;90.0;https://image.pmgstatic.com/cache/resized/w420/files/images/film/posters/000/400/400826_kxunoc.jpg;https://www.csfd.cz/film/279546-titanic-ii/;USA;Dobrodružný / Katastrofický;Titanic - historie se opakuje;Představte si, že o 100 let později po havárii slavného Titanicu vyplouvá jeho přímá kopie a co dramatického jej čeká? Bude to stejný osud? Opravdu nelze zabránit tomu, aby se historie opakovala? (ČSFD);Na DVD od 17.02.2011 DVD Edice;žena, cestování, vojáci, moře, zima, katastrofa, globální oteplování, vrtulník, loď v ohrožení, ledovec;Shane Van Dyke;Bruce Davison, Brooke Burns, Shane Van Dyke, Marie Westbrook, Erica Duke, Dylan Vox, Gerald Webb, Sarah Belger, Harmony Blossom, D.C. Douglas;https://apps.apple.com/cz/app/id6755365206<br>https://play.google.com/store/apps/details?id=cz.csfd.csfdroid<br>;;;
