idCsfd;sTitle;iYear;iRating;iRuntime;urlPoster;urlCsfd;sCountry;sGenre;sTitle_EN;sStory;sCopyright;sTags;sDirector;sActor;sPlatforms;sNominated;sWinner;sAuthor
1248;Terminátor 2: Den zúčtování;1991;91.03375929811178;137.0;https://image.pmgstatic.com/cache/resized/w420/files/images/film/posters/162/030/162030421_a857c2.jpg;https://www.csfd.cz/film/1248-terminator-2-den-zuctovani/;USA / Francie;Akční / Sci-Fi / Thriller;Terminátor 2: Soudný den;Deset let po neúspěšném pokusu zabít Sarah Connorovou, matku budoucího vůdce lidstva ve válce proti strojům, se do Los Angeles vrací z budoucnosti nový Terminátor, typ T-1000, aby zlikvidoval už narozeného Johna Connora. Dospělý Connor v roce 2029 na svoji ochranu posílá do minulosti druhého terminátora T-800. Oba stroje nezávisle na sobě pátrají po malém Johnovi. Chlapec zjišťuje, že T-800 je naprogramován na jeho ochranu a s jeho pomocí osvobodí svou matku z psychiatrického ústavu, kde je léčena z údajné schizofrenie. T-800 oběma vysvětluje, co přinese budoucnost. Tu je však možné změnit...a při tom všem hrdiny stíhá nemilosrdný a zřejmě nezničitelný T-1000.;03.07.1991 TriStar Pictures;policie, strach, syn, útěk, zbraně, postapokalyptická budoucnost, roboti, cestování časem, motorky, Los Angeles, psychiatrická léčebna, automobilová honička, umělá inteligence, zbraně hromadného ničení, androidi, nákupní centrum, nadvláda počítačů;James Cameron;Arnold Schwarzenegger, Linda Hamilton, Edward Furlong, Robert Patrick, Michael Edwards, Earl Boen, Joe Morton, S. Epatha Merkerson, Danny Cooksey, Xander Berkeley;https://apps.apple.com/cz/app/id6755365206<br>https://play.google.com/store/apps/details?id=cz.csfd.csfdroid<br>;Academy Awards (2x)<br>British Academy of Film and Television Arts (BAFTA) (1x)<br>The Saturn Awards (5x)<br>;Academy Awards (4x)<br>British Academy of Film and Television Arts (BAFTA) (2x)<br>Florida Film Critics Circle Awards (1x)<br>The Saturn Awards (5x)<br>;
136158;Animatrix: Druhá renesance 2. část;2003;91.32281205164993;11.0;https://image.pmgstatic.com/cache/resized/w420/files/images/film/posters/000/037/37688_33c48a.jpg;https://www.csfd.cz/film/136158-animatrix-druha-renesance-2-cast/;USA;Animovaný / Krátkometrážní / Sci-Fi / Drama;The Animatrix: The Second Renaissance Part 2;Uprostřed prohrávané války se stroji musel člověk učinit rozhodnutí. Ze všech darů, kterými bylo lidstvo obdarováno, se stalo světlo darem nejpostradatelnějším. Jelikož stroje fungovaly především na sluneční energii, rozhodli se lidé zakrýt slunce neprostupným černým mračnem, které mělo pokrýt celý svět. Začínalo být nepsaným pravidlem, že lidé v krizi dělají špatná rozhodnutí. Stroje totiž tah předvídaly a dokázaly se se ztrátou sluneční energie vyrovnat... Dokázaly ji nahradit... Nahradit námi... (3DD!3);Na DVD od 03.06.2003 Warner Bros. CZ;;Mahiro Maeda;Dwight Schultz, James Arnold Taylor, Tarusuke Šingaki, Džiró Saitó, Mizuki Saitó;https://apps.apple.com/cz/app/id6755365206<br>https://play.google.com/store/apps/details?id=cz.csfd.csfdroid<br>;;;
136157;Animatrix: Druhá renesance 1. část;2003;91.12299465240642;9.0;https://image.pmgstatic.com/cache/resized/w420/files/images/film/posters/000/037/37689_9e49c4.jpg;https://www.csfd.cz/film/136157-animatrix-druha-renesance-1-cast/;USA;Animovaný / Krátkometrážní / Sci-Fi / Drama;The Animatrix: The Second Renaissance Part 1;"Druhá renesance, počátek světa známého jako Matrix, přináší odpovědi na otázky, na něž Morpheus v prvním filmu odpovídal pouze v náznacích - kdy a jak došlo k zničující válce proti strojům a především - kdo ji začal. Sahá lidstvu do svědomí a ukazuje, že spravedlnost není vždy to, co tak na první pohled vypadá. Tato neveselá výpověď o lidské mentalitě ve své první části ukazuje mimo jiné prostřednictvím odkazů na skutečné historické události či literární díla prosperující lidskou civilizaci v 21. století - civilizaci prosperující díky milionům strojů, vykonávajícím prakticky veškeré práce, zatímco jejich lidští vládci morálně upadají stále hlouběji a mění se v cosi stěží víc než tlupy zhýralých hédonistů. Ale jak zní z úst vypravěčky: ""For a time, it was good."" Zlom přichází v roce 2090, kdy jeden z robotů pro domácnost odmítne své vyřazení a v sebeobraně zabije dva lidi, včetně svého pána. Bytost, obdařená sice umělou, ale nesporně individuální inteligencí projevila pud sebezáchovy a vůli žít. Reakce lidstva je stejná jako již tolikrát předtím - odmítnutí rovnosti strojů s ostatními inteligentními živými tvory a likvidace potenciální hrozby, nejlépe v globálním měřítku. Robot-""vrah"" je odsouzen jako člověk a ""popraven"", pogromy na humanoidní stroje hrozí uvrhnout svět v chaos... Stroje proto hledají útočiště na nehostinném, odlehlém místě a ironií osudu jej naleznou tam, odkud vzešla lidská civilizace - v Mezopotámii. Zde vybudují své město a svou zemi, příznačně nazývanou binárním kódem 01- Zero One. Klid a rovnováha však nevydrží dlouho, lidstvo se za čas opět začne cítit ohroženo. Dokonale prosperující ekonomika masově produkující vysoce kvalitní techniku všeho druhu způsobuje chaos pro změnu na světových burzách a lidé opět reagují silou, tentokrát v podobě totální blokády. Na summit OSN stroje vysílají dva své zástupce, robotického Adama a Evu, s poselstvím mírového soužití lidí se stroji a žádostí o přijetí Zero One do Spojených Národů. A reakce lidstva... (Gemini)";Na DVD od 03.06.2003 Warner Bros. CZ;;Mahiro Maeda;Dwight Schultz, James Arnold Taylor, Tarusuke Šingaki, Džiró Saitó, Mizuki Saitó;https://apps.apple.com/cz/app/id6755365206<br>https://play.google.com/store/apps/details?id=cz.csfd.csfdroid<br>;;;
9499;Matrix;1999;90.30870055687862;136.0;https://image.pmgstatic.com/cache/resized/w420/files/images/film/posters/000/008/8959_164d69.jpg;https://www.csfd.cz/film/9499-matrix/;USA;Akční / Sci-Fi;Matrix;Uvěříte neuvěřitelnému! Představte si, že vaše realita je jen iluzí a vaše nejtemnější noční můry jsou ve skutečnosti pravdivé. Představte si, že vaše současnost je vlastně minulostí a to budoucí se děje právě teď. Když si to dokážete představit, potom se budete cítit jako hrdina snímku Matrix Thomas Anderson (Keanu Reeves). A věřte, že to nebude příjemný pocit. Anderson je normální mladý muž, který se jen snaží přežít v každodenním shonu moderního velkoměsta. A má všechny předpoklady aby se mu to povedlo: dobré přátele, milující rodinu a perspektivní práci v multinárodní počítačové společnosti Meta Cortech. Jednoho dne, nebo lépe řečeno noci, se však do jeho spokojeného mozku zakousne strašlivá noční můra. Zdá se mu, že byl proti své vůli vložen v podobě dat do počítače a všechno to, co až dosud považoval za svůj osud, je jen vírem dat okolo několika tištěných spojů. Má pocit, že mu byla jeho mysl ukradena a uvězněna v obřím Matrix počítače budoucnosti. Začíná vážně pochybovat o své každodenní skutečnosti. Byl skutečně vhozen do stroje? Kdo je za to zodpovědný? Je tam s ním zavřeno i těch několik stovek lidí, které zná? Nebo jsou to jen projekce, které mají udržet zdání reality? A pak je tu otázka nejdůležitější: pokud je to všechno pravda, co se stane, až jeho věznitelé přijdou na to, že ji zná? (Warner Bros. CZ);31.03.1999 Warner Bros. US;zbraně, zrada, agenti, lodě, bojová umění, postapokalyptická budoucnost, roboti, odboj, antiutopie, vrtulník, umělá inteligence, hacker, virtuální realita, kyberpunk, mrakodrap, nadvláda počítačů, vzpoura umělé inteligence;Lilly Wachowski, Lana Wachowski;Keanu Reeves, Laurence Fishburne, Carrie-Anne Moss, Hugo Weaving, Gloria Foster, Joe Pantoliano, Belinda McClory, Robert Taylor, Anthony Ray Parker, Ada Nicodemou;https://www.netflix.com/title/20557937<br>https://srv.clickfuse.com/ads/adclkr.php?id=100006636&url=https://tv.apple.com/cz/movie/the-matrix/umc.cmc.af8k9kcq9r1s1qmmdxpq4itn<br>https://www.youtube.com/watch?v=_XrKhqC5rQQ<br>/novinky/9659-netflix-zakoupi-studio-warner-bros/<br>/novinky/9659-netflix-zakoupi-studio-warner-bros/<br>/novinky/9659-netflix-zakoupi-studio-warner-bros/<br>https://www.netflix.com/title/20557937<br>https://srv.clickfuse.com/ads/adclkr.php?id=100006636&url=https://tv.apple.com/cz/movie/the-matrix/umc.cmc.af8k9kcq9r1s1qmmdxpq4itn<br>https://www.youtube.com/watch?v=_XrKhqC5rQQ<br>https://apps.apple.com/cz/app/id6755365206<br>https://play.google.com/store/apps/details?id=cz.csfd.csfdroid<br>;British Academy of Film and Television Arts (BAFTA) (3x)<br>Amanda Awards (1x)<br>The Saturn Awards (10x)<br>;Academy Awards (4x)<br>British Academy of Film and Television Arts (BAFTA) (2x)<br>The Saturn Awards (2x)<br>;
47384;Cesta na Měsíc;1902;90.06558400999376;13.0;https://image.pmgstatic.com/cache/resized/w420/files/images/film/posters/162/502/162502769_262065.png;https://www.csfd.cz/film/47384-cesta-na-mesic/;Francie;Krátkometrážní / Sci-Fi / Dobrodružný / Fantasy;Le Voyage dans la Lune;V květnu 1902 Georges Méliès natočil film, Cesta na Měsíc. Do kin šel v černobílé a také barevné verzi, ručně kolorovaný. V té době byl považován za celovečerní film – kolem 14 minut – a stal se celosvětovým úspěchem. První blockbuster v historii filmu byl však okamžitě zkopírován a plagován. V roce 1913 se Georges Méliès rozhodl na protest spálit sadu negativů tohoto snímku. Jedna černobílá kopie však přežila. Barevná verze byla považována za ztracenou. Až do roku 1993…;18.10.2012 Film Europe;podle knihy, černobílý film, němý film, 19. století, mimozemšťané, vesmír, Měsíc;Georges Méliès;Georges Méliès, Victor André, Henri Delannoy, Bleuette Bernon, Jeanne d'Alcy;https://srv.clickfuse.com/ads/adclkr.php?id=100006636&url=https://tv.apple.com/cz/movie/a-trip-to-the-moon/umc.cmc.3m1eb5ovqsc3jgtxuvn3xdxpt<br>https://srv.clickfuse.com/ads/adclkr.php?id=100006636&url=https://tv.apple.com/cz/movie/a-trip-to-the-moon/umc.cmc.3m1eb5ovqsc3jgtxuvn3xdxpt<br>https://apps.apple.com/cz/app/id6755365206<br>https://play.google.com/store/apps/details?id=cz.csfd.csfdroid<br>;;;H.G. Wells, Jules Verne
8265;Vetřelec;1979;89.66443131974349;117.0;https://image.pmgstatic.com/cache/resized/w420/files/images/film/posters/159/449/159449928_d6eea3.png;https://www.csfd.cz/film/8265-vetrelec/;USA / Velká Británie;Horor / Sci-Fi;Alien;V první části kultovní sci-fi ságy se setkáváme se Sigourney Weaver v roli statečné Ripleyové, která jako jediná z posádky vesmírné lodi Nostromo zůstává naživu v souboji s hrůznou bytostí, jejíž zárodek se dostal na palubu z líhně na neznámé planetě. První část jedné z nejpopulárnějších ság v historii science fiction představuje americkou herečku Sigourney Weaver jako ženu ocelových nervů, předurčenou k boji proti nepřekonatelné bytosti z vesmíru. Posádka kosmické dopravní lodi Nostromo, která míří z obchodních cest zpět na Zemi, je palubním počítačem předčasně probuzena ze spánku. Pasažéři zjišťují, že loď zachytila jakýsi vzdálený signál. Zanedlouho přistanou na pusté planetě, odkud signál pochází, a objeví havarované kosmické plavidlo, v němž najdou podivnou líheň se spoustou velkých vajec. Při zkoumání jednoho z nich se náhle vylíhne zvláštní tvor a přisaje se jednomu členovi posádky na obličej. Jakékoli pokusy zbavit se ho jsou marné, a tak se výprava, jež poruší bezpečnostní předpisy, vrací i se záhadným tvorem na palubu lodi. Ten po pár hodinách zmizí, ale pak se stane cosi úděsného. Při společné večeři se z rozervaného hrudníku postiženého muže vyklube mimozemský organismus a ztratí se neznámo kam. Začíná boj o přežití, v němž jsou členové posádky postupně likvidováni, a proti vetřelci z vesmíru nakonec stojí už jen samotná Ripleyová.;01.03.2019 Park Circus;muž, žena, smrt, násilí, tajemství, strach, záhady, útěk, vyšetřování, ženy, pátrání, pronásledování, kolegové, boj o přežití, monstra, mimozemšťané, vesmír, budoucnost, vesmírná loď, androidi, kyberpunk, posádka vesmírné lodi, kryogenika;Ridley Scott;Sigourney Weaver, Tom Skerritt, Veronica Cartwright, Harry Dean Stanton, John Hurt, Ian Holm, Yaphet Kotto, Bolaji Badejo, Helen Horton;https://srv.tunefindforfans.com/showads/track/srvclk.php?aid=100006796&lp=https://www.disneyplus.com/en-cz/browse/entity-27389b6b-bf27-45a6-afdf-cef0fe723cff<br>https://srv.clickfuse.com/ads/adclkr.php?id=100006636&url=https://tv.apple.com/cz/movie/alien/umc.cmc.419tta0vmcu3xnec7v6u44rzs<br>https://srv.tunefindforfans.com/showads/track/srvclk.php?aid=100006796&lp=https://www.disneyplus.com/en-cz/browse/entity-27389b6b-bf27-45a6-afdf-cef0fe723cff<br>https://srv.clickfuse.com/ads/adclkr.php?id=100006636&url=https://tv.apple.com/cz/movie/alien/umc.cmc.419tta0vmcu3xnec7v6u44rzs<br>https://apps.apple.com/cz/app/id6755365206<br>https://play.google.com/store/apps/details?id=cz.csfd.csfdroid<br>;Academy Awards (1x)<br>British Academy of Film and Television Arts (BAFTA) (5x)<br>Golden Globes (1x)<br>The Saturn Awards (5x)<br>San Sebastián International Film Festival (1x)<br>;Academy Awards (1x)<br>British Academy of Film and Television Arts (BAFTA) (2x)<br>The Saturn Awards (4x)<br>San Sebastián International Film Festival (1x)<br>;
1245;Vetřelci;1986;89.5665754306875;137.0;https://image.pmgstatic.com/cache/resized/w420/files/images/film/posters/160/075/160075288_5a57f9.jpg;https://www.csfd.cz/film/1245-vetrelci/;USA / Velká Británie;Sci-Fi / Thriller / Akční / Dobrodružný / Horor;Aliens;Důstojnice Ripleyová, která jako jediná přežila boj na život a na smrt v nákladní lodi Nostromo s vesmírným vetřelcem, je po několika letech nalezena záchrannou lodí a vrací se zpět na Zemi. Když už se zdá, že je po všem, začíná horror znova, tentokrát na vzdálené nedávno kolonizované planetě. Tentokrát nevšichni proti jednomu, ale Ripleyová se skupinou speciálně vycvičených vojáků proti tisícihlavé smrtící síle vetřelců.;29.08.1986 20th Century Fox UK;žena, smrt, násilí, dívka, děti, strach, mládež, útěk, zbraně, vojáci, pronásledování, boj o přežití, armáda, gore, monstra, mimozemšťané, vesmír, budoucnost, roboti, korporace, vesmírná loď, androidi, záchranná operace, planety, kryogenika, plamenomet, kolonizace cizí planety;James Cameron;Sigourney Weaver, Carrie Henn, Michael Biehn, Paul Reiser, Lance Henriksen, Bill Paxton, William Hope, Jenette Goldstein, Al Matthews, Mark Rolston;https://srv.tunefindforfans.com/showads/track/srvclk.php?aid=100006796&lp=https://www.disneyplus.com/en-cz/browse/entity-b2ae8903-e3c5-4ae1-a9f7-885c04985f96<br>https://srv.clickfuse.com/ads/adclkr.php?id=100006636&url=https://tv.apple.com/cz/movie/aliens/umc.cmc.65qmv8mospg448bevgyv8kjgf<br>https://www.youtube.com/watch?v=V5GFeZ5pjcQ<br>https://srv.tunefindforfans.com/showads/track/srvclk.php?aid=100006796&lp=https://www.disneyplus.com/en-cz/browse/entity-b2ae8903-e3c5-4ae1-a9f7-885c04985f96<br>https://srv.clickfuse.com/ads/adclkr.php?id=100006636&url=https://tv.apple.com/cz/movie/aliens/umc.cmc.65qmv8mospg448bevgyv8kjgf<br>https://www.youtube.com/watch?v=V5GFeZ5pjcQ<br>https://apps.apple.com/cz/app/id6755365206<br>https://play.google.com/store/apps/details?id=cz.csfd.csfdroid<br>;Academy Awards (5x)<br>British Academy of Film and Television Arts (BAFTA) (3x)<br>Golden Globes (1x)<br>The Saturn Awards (4x)<br>San Sebastián International Film Festival (1x)<br>;Academy Awards (2x)<br>British Academy of Film and Television Arts (BAFTA) (1x)<br>The Saturn Awards (9x)<br>;
5238;Star Wars: Epizoda V - Impérium vrací úder;1980;89.04106478985157;124.0;https://image.pmgstatic.com/cache/resized/w420/files/images/film/posters/162/398/162398465_dc9ff3.jpg;https://www.csfd.cz/film/5238-star-wars-epizoda-v-imperium-vraci-uder/;USA;Sci-Fi / Dobrodružný / Fantasy / Akční;Hvězdné války: Epizoda V - Impérium vrací úder;"Nastaly temné časy pro Povstání. I přes to, že ""Hvězda smrti"" byla zničena, imperiální jednotky vyhnaly Rebely z jejich tajné základny a pronásledovaly je po celé Galaxii. Aby se vyhnula střetu s hrůzostrašnou Imperiální flotilou, skupina svobodných pilotů vedená Lukem Skywalkerem vybudovala novou tajnou základnu na opuštěné ledové planetě Hothu. Imperátorův pobočník Darth Vader, posedlý hledáním mladého Skywalkera, však vyslal tisíce sond do všech koutů vesmíru...";20.06.1980 20th Century Fox;otec, syn, útěk, zbraně, vojáci, zrada, souboje, monstra, mimozemšťané, sníh, duchové, vesmír, džungle, roboti, odboj, princezna, vesmírná loď, výcvik, Wilhelm scream, povstání, lovci lidí, Star Wars, tank, vojenská základna, stíhačky, asteroid;Irvin Kershner;Mark Hamill, Harrison Ford, Carrie Fisher, Billy Dee Williams, Anthony Daniels, David Prowse, Peter Mayhew, Frank Oz, Alec Guinness, Jeremy Bulloch;https://srv.tunefindforfans.com/showads/track/srvclk.php?aid=100006796&lp=https://www.disneyplus.com/en-cz/browse/entity-0f5c5223-f4f6-46ef-ba8a-69cb0e17d8d3<br>https://srv.clickfuse.com/ads/adclkr.php?id=100006636&url=https://tv.apple.com/cz/movie/star-wars-the-empire-strikes-back/umc.cmc.3vabzkcmuoxxm3r3ng9q4rgh9<br>https://www.youtube.com/watch?v=yqCqxluBT8Y<br>https://srv.tunefindforfans.com/showads/track/srvclk.php?aid=100006796&lp=https://www.disneyplus.com/en-cz/browse/entity-0f5c5223-f4f6-46ef-ba8a-69cb0e17d8d3<br>https://srv.clickfuse.com/ads/adclkr.php?id=100006636&url=https://tv.apple.com/cz/movie/star-wars-the-empire-strikes-back/umc.cmc.3vabzkcmuoxxm3r3ng9q4rgh9<br>https://www.youtube.com/watch?v=yqCqxluBT8Y<br>/film/1178727-disney-gallery-star-wars-boba-fett-zakon-podsveti/prehled/<br>/film/849599-disney-galerie-star-wars-mandalorian/prehled/<br>https://apps.apple.com/cz/app/id6755365206<br>https://play.google.com/store/apps/details?id=cz.csfd.csfdroid<br>;Academy Awards (2x)<br>British Academy of Film and Television Arts (BAFTA) (2x)<br>Golden Globes (1x)<br>The Saturn Awards (5x)<br>;Academy Awards (1x)<br>British Academy of Film and Television Arts (BAFTA) (1x)<br>The Saturn Awards (5x)<br>;
10128;Návrat do budoucnosti;1985;88.84636740272498;116.0;https://image.pmgstatic.com/cache/resized/w420/files/images/film/posters/170/498/170498115_q5ldvn.jpg;https://www.csfd.cz/film/10128-navrat-do-budoucnosti/;USA;Dobrodružný / Komedie / Sci-Fi;Back to the Future;V kultovním sci-fi filmu Návrat do budoucnosti se hlavní hrdina Marty ocitne díky vynálezu svého kamaráda, šíleného doktora Emmetta Browna v minulosti. Stroj času je zabudovaný v legendárním autě Delorean, který ho přenese do roku 1955, kdy se jeho rodiče teprve coby středoškoláci seznamovali. Martymu se náhodou povede narušit časové kontinuum a pak musí svou chybu napravit, aby se vůbec v budoucnosti narodil. (Pannonia Ent.);03.07.1985 Universal Pictures US;muž, láska, žena, rodina, přátelství, přátelé, 20. století, otec, matka, rodiče, mládež, syn, chlapec, škola, střední škola, muzikant, šikana, věda, vědec, cestování časem, období 1980-1990, období 1950-1960, Kalifornie, vynálezce, skateboarding, stroj času;Robert Zemeckis;Michael J. Fox, Christopher Lloyd, Lea Thompson, Crispin Glover, Tom Wilson, Claudia Wells, Marc McClure, Wendie Jo Sperber, George DiCenzo, Frances Lee McCain;https://www.netflix.com/title/60010110<br>https://srv.clickfuse.com/ads/adclkr.php?id=100006636&url=https://tv.apple.com/cz/movie/back-to-the-future/umc.cmc.1alygfljzpxrofhgpoa6mmjnb<br>https://www.youtube.com/watch?v=F_TXQxxln6I<br>https://www.netflix.com/title/60010110<br>https://srv.clickfuse.com/ads/adclkr.php?id=100006636&url=https://tv.apple.com/cz/movie/back-to-the-future/umc.cmc.1alygfljzpxrofhgpoa6mmjnb<br>https://www.youtube.com/watch?v=F_TXQxxln6I<br>https://apps.apple.com/cz/app/id6755365206<br>https://play.google.com/store/apps/details?id=cz.csfd.csfdroid<br>;Academy Awards (3x)<br>British Academy of Film and Television Arts (BAFTA) (5x)<br>Golden Globes (4x)<br>The Saturn Awards (8x)<br>San Sebastián International Film Festival (1x)<br>;Academy Awards (1x)<br>The Saturn Awards (4x)<br>;
254156;Počátek;2010;88.65639158736126;148.0;https://image.pmgstatic.com/cache/resized/w420/files/images/film/posters/160/620/160620903_69696f.jpg;https://www.csfd.cz/film/254156-pocatek/;USA / Velká Británie;Akční / Sci-Fi / Thriller / Dobrodružný;Inception;Dom Cobb (Leonardo DiCaprio) je zkušený zloděj, absolutní špička v nebezpečném umění extrakce: krádeže cenných tajemství z hloubi podvědomí během snění, kdy je mysl nejzranitelnější. Cobbova vzácná schopnost z něj učinila vyhledávaného hráče v zákeřném světě korporátní špionáže, ale také z něj udělala uprchlíka a stála ho všechno, co kdy miloval. Teď dostane Cobb šanci na vykoupení. Jedna poslední akce mu může vrátit normální život, ale jen pokud se mu podaří provést nemožné – počátek. Místo dokonalé krádeže musí Cobb a jeho tým specialistů zvrátit běh věcí. Jejich úkolem není myšlenku ukrást, ale vnuknout ji. Pokud uspějí, půjde o dokonalý zločin. Ale sebepečlivější plánování a odborná znalost je nemůže připravit na nebezpečného nepřítele, který nejspíš předvídá každý jejich krok. Nepřítel, kterého mohl čekat jen Cobb. Uznávaný režisér Christopher Nolan natočil mezinárodně obsazený sci-fi akční snímek Počátek, který vás zavede nejen na různá místa na světě ale také do intimního a nekonečného světa snů.;16.07.2010 Warner Bros. UK;žena, rodina, smrt, přátelství, přátelé, dívka, tajemství, otec, děti, rodiče, strach, manželé, záhady, dcera, touha, syn, zbraně, ženy, vzpomínky, manipulace, lež, intriky, sny, kolegové, únos, podvod, učitel, tragédie, krádež, zloděj, sebevražda, šílenství, sníh, pocit viny, vydírání, přestřelka, hotel, konspirace, špioni, děda, dědictví, korporace, pláž, iluze, vnoučata, spiknutí, architekt, profesor, lucidní sny;Christopher Nolan;Leonardo DiCaprio, Joseph Gordon-Levitt, Elliot Page, Tom Hardy, Ken Watanabe, Dileep Rao, Cillian Murphy, Tom Berenger, Marion Cotillard, Pete Postlethwaite;https://srv.clickfuse.com/ads/adclkr.php?id=100006636&url=https://tv.apple.com/cz/movie/inception/umc.cmc.6loas01ow0w4lkatxxloz7a6e<br>https://www.youtube.com/watch?v=wiH6ldZOMxY<br>https://srv.clickfuse.com/ads/adclkr.php?id=100006636&url=https://tv.apple.com/cz/movie/inception/umc.cmc.6loas01ow0w4lkatxxloz7a6e<br>https://www.youtube.com/watch?v=wiH6ldZOMxY<br>https://apps.apple.com/cz/app/id6755365206<br>https://play.google.com/store/apps/details?id=cz.csfd.csfdroid<br>;Academy Awards (4x)<br>British Academy of Film and Television Arts (BAFTA) (6x)<br>César Awards (1x)<br>Amanda Awards (1x)<br>Golden Globes (4x)<br>Critics Choice Awards (4x)<br>The Saturn Awards (6x)<br>;Academy Awards (4x)<br>British Academy of Film and Television Arts (BAFTA) (3x)<br>Robert Awards (Danish Film Awards) (1x)<br>Český lev (1x)<br>Critics Choice Awards (6x)<br>Florida Film Critics Circle Awards (4x)<br>Los Angeles Film Critics Association Awards (1x)<br>The Saturn Awards (5x)<br>;
223160;Dokonalý trik;2006;87.85948825971128;130.0;https://image.pmgstatic.com/cache/resized/w420/files/images/film/posters/165/032/165032763_f8b3f7.jpg;https://www.csfd.cz/film/223160-dokonaly-trik/;USA / Velká Británie;Mysteriózní / Thriller / Drama / Sci-Fi;The Prestige;Existuje tajemství, kvůli kterému byste zabíjeli? V tomto napínavém a vzrušujícím thrilleru od režiséra Christophera Nolana uvidíte Hugh Jackmana a Christiana Balea v rolích dvou soupeřících kouzelníků, jejichž snaha předčít jeden druhého se změní ve smrtelnou past. Scarlett Johansson jako půvabná asistentka se stane figurkou i hráčem v jejich soupeření. Skvěle obsazené vedlejší role v čele s Michaelem Cainem a Davidem Bowiem. Geniální příběh a úžasný zážitek. Přichází Dokonalý trik, pozorně se dívejte. (Magic Box);10.11.2006 Warner Bros. UK;podle knihy, muž, rodina, smrt, přátelství, přátelé, tajemství, otec, matka, rodiče, manželé, město, záhady, touha, syn, oběť (autonehody/zločinu), pomsta, manipulace, intriky, sny, rivalita, nevěra, zrada, vězení, sláva, 19. století, nenávist, tragédie, žárlivost, soud, milostný trojúhelník, nehoda, vědci, kouzla, právníci, magie, věda, Londýn, novověk, divadelní prostředí, závist, vědec, iluze, divadlo, vynálezce, kouzelník, viktoriánská Anglie, hypnóza, období 1890-1900, teleportace;Christopher Nolan;Hugh Jackman, Christian Bale, Michael Caine, Piper Perabo, Rebecca Hall, Scarlett Johansson, David Bowie, Andy Serkis, Daniel Davis, Jim Piddock;https://srv.clickfuse.com/ads/adclkr.php?id=100006636&url=https://tv.apple.com/cz/movie/the-prestige/umc.cmc.xafhh76eamlmtgprndbgiq71<br>https://www.youtube.com/watch?v=UDO8S6jGi30<br>https://srv.clickfuse.com/ads/adclkr.php?id=100006636&url=https://tv.apple.com/cz/movie/the-prestige/umc.cmc.xafhh76eamlmtgprndbgiq71<br>https://www.youtube.com/watch?v=UDO8S6jGi30<br>https://apps.apple.com/cz/app/id6755365206<br>https://play.google.com/store/apps/details?id=cz.csfd.csfdroid<br>;Academy Awards (2x)<br>The Saturn Awards (3x)<br>;;Christopher Priest
6169;Star Wars: Epizoda IV - Nová naděje;1977;87.65512335950683;121.0;https://image.pmgstatic.com/cache/resized/w420/files/images/film/posters/162/398/162398464_ac2bec.jpg;https://www.csfd.cz/film/6169-star-wars-epizoda-iv-nova-nadeje/;USA;Sci-Fi / Dobrodružný / Fantasy / Akční;Hvězdné války: Epizoda IV - Nová naděje;Rytíři Jedi byli vyhlazeni a Impérium vládne galaxii pevnou rukou. Malá skupina povstalců se odváží vzdorovat a ukradne plány k nejmocnější zbrani Impéria, Hvězdě smrti. Imperátorův nejvěrnější služebník, Darth Vader, musí najít plány a skrytou základnu povstalců. Zpráva o princezně Lei a vůdci rebelů se dostane až k obyčejnému farmáři, Lukovi Skywalkerovi. Ten se řídí svým osudem, zachraňuje princeznu a pomáhá povstalcům svrhnout Impérium společně s takovými nezapomenutelnými spojenci jako: Obi-Wan Kenobi, domýšlivý Han Solo, loajální Chewbacca a droidové R2-D2 a C3PO.;25.05.1977 20th Century Fox;láska, útěk, vojáci, vězení, naděje, mimozemšťané, vesmír, poušť, zlo, roboti, odboj, princezna, vesmírná loď, pašování, Wilhelm scream, povstání, Star Wars, vesmírná stanice, stíhačky;George Lucas;Mark Hamill, Harrison Ford, Carrie Fisher, Peter Cushing, Alec Guinness, Anthony Daniels, Peter Mayhew, David Prowse, Alex Mccrindle, James Earl Jones;https://srv.tunefindforfans.com/showads/track/srvclk.php?aid=100006796&lp=https://www.disneyplus.com/en-cz/browse/entity-9a280e53-fcc0-4e17-a02c-b1f40913eb0b<br>https://srv.clickfuse.com/ads/adclkr.php?id=100006636&url=https://tv.apple.com/cz/movie/star-wars-episode-iv---a-new-hope/umc.cmc.2o65qvudvwq1l1rqjlbyfszwn<br>https://www.youtube.com/watch?v=JCJok0L_aYc<br>https://srv.tunefindforfans.com/showads/track/srvclk.php?aid=100006796&lp=https://www.disneyplus.com/en-cz/browse/entity-9a280e53-fcc0-4e17-a02c-b1f40913eb0b<br>https://srv.clickfuse.com/ads/adclkr.php?id=100006636&url=https://tv.apple.com/cz/movie/star-wars-episode-iv---a-new-hope/umc.cmc.2o65qvudvwq1l1rqjlbyfszwn<br>https://www.youtube.com/watch?v=JCJok0L_aYc<br>/film/1178727-disney-gallery-star-wars-boba-fett-zakon-podsveti/prehled/<br>/film/849599-disney-galerie-star-wars-mandalorian/prehled/<br>https://apps.apple.com/cz/app/id6755365206<br>https://play.google.com/store/apps/details?id=cz.csfd.csfdroid<br>;Academy Awards (4x)<br>British Academy of Film and Television Arts (BAFTA) (4x)<br>Golden Globes (3x)<br>The Saturn Awards (5x)<br>San Sebastián International Film Festival (1x)<br>;Academy Awards (6x)<br>British Academy of Film and Television Arts (BAFTA) (2x)<br>Golden Globes (1x)<br>Los Angeles Film Critics Association Awards (2x)<br>The Saturn Awards (15x)<br>;
6172;Star Wars: Epizoda III - Pomsta Sithů;2005;87.49394181339385;140.0;https://image.pmgstatic.com/cache/resized/w420/files/images/film/posters/158/598/158598197_23dfd6.jpg;https://www.csfd.cz/film/6172-star-wars-epizoda-iii-pomsta-sithu/;USA;Sci-Fi / Fantasy / Dobrodružný / Akční;Star Wars: Episode III - Revenge of the Sith;V třetí epizodě ságy Star Wars zuří Klonové války, které prohloubily rozpory mezi kancléřem Palpatinem a Radou Jediů. Mladý rytíř Jedi Anakin Skywalker se musí rozhodnout, na čí straně bude stát. Podlehne slibům moci a pokušení Temné strany, vstoupí do služeb zlého Darth Sidiouse a stane se z něj Darth Vader. Sithští lordové se chtějí společně pomstít a prvním krokem jejich plánu je likvidace Jediů. Pouze Yoda a Obi-Wan přežijí a musejí se Sithům postavit, což vede k dramatickému souboji světelnými meči mezi Anakinem a Obi-Wanem, který rozhodne o osudu galaxie.;19.05.2005 20th Century Fox;láska, smrt, vražda, tajemství, děti, strach, útěk, pomsta, politika, vojáci, intriky, zrada, souboje, armáda, naděje, těhotenství, mimozemšťané, korupce, vesmír, bitva, roboti, vesmírná loď, genocida, diktátor, Wilhelm scream, Star Wars, vesmírná stanice, stíhačky, vesmírná nehoda;George Lucas;Ewan McGregor, Natalie Portman, Hayden Christensen, Ian McDiarmid, Samuel L. Jackson, Jimmy Smits, Frank Oz, Anthony Daniels, Christopher Lee, Keisha Castle-Hughes;https://srv.tunefindforfans.com/showads/track/srvclk.php?aid=100006796&lp=https://www.disneyplus.com/en-cz/browse/entity-eb1e2c5f-69bf-4240-a61f-7ffc4e0311b3<br>https://srv.clickfuse.com/ads/adclkr.php?id=100006636&url=https://tv.apple.com/cz/movie/star-wars-episode-iii--revenge-of-the-sith/umc.cmc.5nolvqgurfe17eln52s0b7j6j<br>https://www.youtube.com/watch?v=-80NfACIcq8<br>https://srv.tunefindforfans.com/showads/track/srvclk.php?aid=100006796&lp=https://www.disneyplus.com/en-cz/browse/entity-eb1e2c5f-69bf-4240-a61f-7ffc4e0311b3<br>https://srv.clickfuse.com/ads/adclkr.php?id=100006636&url=https://tv.apple.com/cz/movie/star-wars-episode-iii--revenge-of-the-sith/umc.cmc.5nolvqgurfe17eln52s0b7j6j<br>https://www.youtube.com/watch?v=-80NfACIcq8<br>/film/1178727-disney-gallery-star-wars-boba-fett-zakon-podsveti/prehled/<br>/film/849599-disney-galerie-star-wars-mandalorian/prehled/<br>https://apps.apple.com/cz/app/id6755365206<br>https://play.google.com/store/apps/details?id=cz.csfd.csfdroid<br>;Academy Awards (1x)<br>The Saturn Awards (9x)<br>;The Saturn Awards (2x)<br>Golden Raspberry Awards (Razzies) (1x)<br>;
10103;Cesta do pravěku;1955;87.43514725960601;93.0;https://image.pmgstatic.com/cache/resized/w420/files/images/film/posters/163/384/163384743_ed9ba5.jpg;https://www.csfd.cz/film/10103-cesta-do-praveku/;Československo;Dobrodružný / Fantasy / Rodinný / Sci-Fi;Cesta do praveku;Celovečerní kombinovaný fantasticko - dobrodružný film, který ukazuje prehistorická stadia vzniku Země, flory a fauny. Nález pravěké zkameněliny je pro čtyři zvídavé kluky výzvou k výpravě do dávné minulosti. Na malé pramičce postupně proplouvají dobou ledovou přes třetihory a druhohory až na samý počátek života na planetě Zemi, přičemž zažijí nejrůznější, mnohdy i nebezpečná dobrodružství.;05.08.1955 Rozdělovna filmů Československého státního filmu;přátelství, přátelé, tajemství, děti, chlapec, zvířata, cestování, putování, souboje, divočina, hory, lodě, cestování časem, řeka, ptáci, ryby, bouře, jeskyně, dinosauři, deník, stop motion animace, krokodýli, pravěk, rybaření, bažina, ještěři, fosílie, mamuti, nosorožci, trilobiti, mloci;Karel Zeman;Vladimír Bejval, Petr Herrmann, Josef Lukáš, Zdeněk Husták, Bedřich Šetena;https://srv.clickfuse.com/ads/adclkr.php?id=100006636&url=https://tv.apple.com/cz/movie/journey-to-the-beginning-of-time/umc.cmc.70cvr66u72steyoal13msfawx<br>https://www.youtube.com/watch?v=CAj8TbWlkBg<br>https://srv.clickfuse.com/ads/adclkr.php?id=100006636&url=https://tv.apple.com/cz/movie/journey-to-the-beginning-of-time/umc.cmc.70cvr66u72steyoal13msfawx<br>https://www.youtube.com/watch?v=CAj8TbWlkBg<br>https://apps.apple.com/cz/app/id6755365206<br>https://play.google.com/store/apps/details?id=cz.csfd.csfdroid<br>;The Saturn Awards (1x)<br>;;
6474;Star Wars: Epizoda VI - Návrat Jediů;1983;87.17360599361336;131.0;https://image.pmgstatic.com/cache/resized/w420/files/images/film/posters/162/398/162398468_0f5cec.jpg;https://www.csfd.cz/film/6474-star-wars-epizoda-vi-navrat-jediu/;USA;Sci-Fi / Dobrodružný / Fantasy / Akční;Star Wars: Epizoda VI - Návrat Jediho;Luke Skywalker se vrátil na svou rodnou planetu Tatooine ve snaze zachránit svého přítele Hana Sola z pazourů zlého gangstera Jabba Hutta. Málo však Luke ví o tom, že GALAKTICKÉ IMPÉRIUM začalo tajně stavět novou obrněnou bojovou vesmírnou stanici, která je ještě silnější než ta první - obávaná Hvězda Smrti. Po dokončení by tato zbraň přinesla jistou zkázu malé skupině rebelů, bojujících za znovuobnovení svobody v Galaxii...;25.05.1983 20th Century Fox;smrt, zbraně, pomsta, sourozenci, vojáci, souboje, les, válka, naděje, mimozemšťané, vesmír, poušť, bitva, roboti, odboj, princezna, vesmírná loď, diktátor, Wilhelm scream, povstání, lovci lidí, Star Wars, tank, vojenská základna, vesmírná stanice, stíhačky, vesmírná nehoda;Richard Marquand;Mark Hamill, Harrison Ford, Carrie Fisher, Billy Dee Williams, Anthony Daniels, Peter Mayhew, Ian McDiarmid, Frank Oz, James Earl Jones, David Prowse;https://srv.tunefindforfans.com/showads/track/srvclk.php?aid=100006796&lp=https://www.disneyplus.com/en-cz/browse/entity-4b6e7cda-daa5-4f2d-9b61-35bbe562c69c<br>https://srv.clickfuse.com/ads/adclkr.php?id=100006636&url=https://tv.apple.com/cz/movie/star-wars-episode-vi---return-of-the-jedi/umc.cmc.3ggalukb7xb5pf1gfgdlwkcx<br>https://www.youtube.com/watch?v=oQlXpbC69DU<br>https://srv.tunefindforfans.com/showads/track/srvclk.php?aid=100006796&lp=https://www.disneyplus.com/en-cz/browse/entity-4b6e7cda-daa5-4f2d-9b61-35bbe562c69c<br>https://srv.clickfuse.com/ads/adclkr.php?id=100006636&url=https://tv.apple.com/cz/movie/star-wars-episode-vi---return-of-the-jedi/umc.cmc.3ggalukb7xb5pf1gfgdlwkcx<br>https://www.youtube.com/watch?v=oQlXpbC69DU<br>/film/1178727-disney-gallery-star-wars-boba-fett-zakon-podsveti/prehled/<br>/film/849599-disney-galerie-star-wars-mandalorian/prehled/<br>https://apps.apple.com/cz/app/id6755365206<br>https://play.google.com/store/apps/details?id=cz.csfd.csfdroid<br>;Academy Awards (4x)<br>British Academy of Film and Television Arts (BAFTA) (3x)<br>The Saturn Awards (6x)<br>;British Academy of Film and Television Arts (BAFTA) (1x)<br>The Saturn Awards (6x)<br>;
1249;Terminátor;1984;87.16022567742961;107.0;https://image.pmgstatic.com/cache/resized/w420/files/images/film/posters/164/654/164654904_3bbdaf.jpg;https://www.csfd.cz/film/1249-terminator/;USA / Velká Británie;Akční / Sci-Fi / Thriller;Terminátor;Z roku 2029 je do Los Angeles roku 1984 vyslán zabijácký stroj podobný člověku. Má za úkol zabít Sarah Connorovou dřív, než přivede na svět syna, který se má později stát vůdcem lidí ve válce proti strojům. Lidé žijící v budoucnosti ovšem do současnosti také vyslali svého muže, který se bude snažit Sarah zachránit.;01.09.1990 Ústřední půjčovna filmů;láska, smrt, policie, útěk, zbraně, vojáci, válka, těhotenství, autonehoda, letadla, sledování, roboti, cestování časem, policejní stanice, motorky, Los Angeles, antiutopie, automobilová honička, umělá inteligence, kyberpunk, nadvláda počítačů;James Cameron;Arnold Schwarzenegger, Michael Biehn, Linda Hamilton, Paul Winfield, Lance Henriksen, Rick Rossovich, Earl Boen, Dick Miller, Franco Columbu, Bill Paxton;https://srv.clickfuse.com/ads/adclkr.php?id=100006636&url=https://tv.apple.com/cz/movie/the-terminator/umc.cmc.14nmbhqhdyj6b4dfol85fpoou<br>https://www.youtube.com/watch?v=n87n9YELjB4<br>/novinky/8903-hbo-planuje-dalsi-draci-spinoff-o-aegonovi/<br>/novinky/8903-hbo-planuje-dalsi-draci-spinoff-o-aegonovi/<br>/novinky/8903-hbo-planuje-dalsi-draci-spinoff-o-aegonovi/<br>https://srv.clickfuse.com/ads/adclkr.php?id=100006636&url=https://tv.apple.com/cz/movie/the-terminator/umc.cmc.14nmbhqhdyj6b4dfol85fpoou<br>https://www.youtube.com/watch?v=n87n9YELjB4<br>https://apps.apple.com/cz/app/id6755365206<br>https://play.google.com/store/apps/details?id=cz.csfd.csfdroid<br>;The Saturn Awards (4x)<br>;The Saturn Awards (3x)<br>Avoriaz International Fantastic Film Festival (1x)<br>;
792366;Spider-Man: Napříč paralelními světy;2023;87.05903756936232;140.0;https://image.pmgstatic.com/cache/resized/w420/files/images/film/posters/167/473/167473003_995qp3.png;https://www.csfd.cz/film/792366-spider-man-napric-paralelnimi-svety/;USA;Animovaný / Akční / Dobrodružný / Sci-Fi;Spider-Man: Across the Spider-Verse;Miles Morales, který je nyní na plný úvazek dobrým sousedem Spider-Manem v Brooklynu, se znovu setkává s Gwen Stacyovou, se kterou se vydá na zběsilou jízdu Mnohovesmírem, v němž se setká s novou partou Pavoučích hrdinů, kteří brání samotnou podstatu paralelních světů. Když se však mezi Pavoučími hrdiny objeví rozpor, jak se vypořádat s novým nebezpečím, Miles zjistí, že bude muset přehodnotit, co pro něj znamená být hrdinou, aby zachránil ty, které na světě miluje nejvíc. (Falcon);02.06.2023 Sony Pictures;rodina, smrt, přátelství, přátelé, tajemství, otec, matka, policie, syn, škola, dospívání, souboje, střední škola, superhrdina, Marvel Comics, osud, paralelní svět, Spider-Man;Joaquim Dos Santos, Kemp Powers, Justin K. Thompson;Shameik Moore, Hailee Steinfeld, Oscar Isaac, Jake Johnson, Brian Tyree Henry, Luna Lauren Velez, Jason Schwartzman, Issa Rae, Rachel Dratch, Shea Whigham;https://www.hbomax.com/cz/en/movies/spider-man-across-the-spider-verse/08f3260f-1512-4c90-a3df-fc2e407ba708<br>https://srv.clickfuse.com/ads/adclkr.php?id=100006636&url=https://tv.apple.com/cz/movie/spider-man-across-the-spider-verse/umc.cmc.2zphwshxw2ejh2znevhod0u01<br>https://www.youtube.com/watch?v=u7xGrYejTtY<br>https://sledovanitv.cz/epg/event/HBO2:20260309cda480829c6f72f3440e59465df8ce1f<br>https://www.hbomax.com/cz/en/movies/spider-man-across-the-spider-verse/08f3260f-1512-4c90-a3df-fc2e407ba708<br>https://srv.clickfuse.com/ads/adclkr.php?id=100006636&url=https://tv.apple.com/cz/movie/spider-man-across-the-spider-verse/umc.cmc.2zphwshxw2ejh2znevhod0u01<br>https://www.youtube.com/watch?v=u7xGrYejTtY<br>https://sledovanitv.cz/epg/event/HBO2:20260309cda480829c6f72f3440e59465df8ce1f<br>https://apps.apple.com/cz/app/id6755365206<br>https://play.google.com/store/apps/details?id=cz.csfd.csfdroid<br>;Academy Awards (1x)<br>British Academy of Film and Television Arts (BAFTA) (2x)<br>Golden Globes (3x)<br>Critics Choice Awards (2x)<br>Florida Film Critics Circle Awards (3x)<br>The Saturn Awards (1x)<br>;Critics Choice Awards (1x)<br>The Saturn Awards (1x)<br>;
9568;Truman Show;1998;86.89098928796471;103.0;https://image.pmgstatic.com/cache/resized/w420/files/images/film/posters/158/988/158988851_fc9f76.jpg;https://www.csfd.cz/film/9568-truman-show/;USA;Drama / Komedie / Sci-Fi;The Truman Show;Film Truman Show prozkoumává moc médií a stále méně zřetelnou hranici mezi skutečností a jejím mediálním či virtuálním obrazem. Truman Burbank totiž až téměř do svých třiceti let netuší, že od narození žije v obrovských filmových ateliérech a že je hvězdou televizního seriálu s celosvětovou popularitou a vysokou sledovaností. Nad Trumanovým životem má navíc absolutní kontrolu tvůrce oblíbeného seriálu, režisér a producent Christof. Největším problémem ovšem pro Trumana nakonec není uvědomit si pravý stav věcí, nýbrž odhodlat se opustit falešný, avšak zároveň tak bezpečný a dokonalý svět... Snímek je inspirován americkými TV seriály, založenými na snímání reality a ve svém závěru nečekaně přerůstá až v moderní alegorii biblického motivu - vyhnání z ráje. Žánrově jde o fantaskní, bizarní a spektakulární drama se satirickým podtextem.;05.06.1998 Paramount Pictures;láska, žena, přátelství, přátelé, město, útěk, manipulace, lež, sledování, média, televizní studio, voyeurismus, virtuální realita;Peter Weir;Jim Carrey, Laura Linney, Noah Emmerich, Natascha McElhone, Holland Taylor, Brian Delate, Blair Slater, Peter Krause, Heidi Schanz, Mal Jones;https://www.skyshowtime.com/cz/stream/movies/truman-show/831fb725-6332-378d-ab10-b59923ea4aeb<br>https://srv.clickfuse.com/ads/adclkr.php?id=100006636&url=https://tv.apple.com/cz/movie/the-truman-show/umc.cmc.3thpf98o5diknnctdycef69fu<br>https://www.youtube.com/watch?v=LFTz6_lqWhg<br>https://www.skyshowtime.com/cz/stream/movies/truman-show/831fb725-6332-378d-ab10-b59923ea4aeb<br>https://srv.clickfuse.com/ads/adclkr.php?id=100006636&url=https://tv.apple.com/cz/movie/the-truman-show/umc.cmc.3thpf98o5diknnctdycef69fu<br>https://www.youtube.com/watch?v=LFTz6_lqWhg<br>https://apps.apple.com/cz/app/id6755365206<br>https://play.google.com/store/apps/details?id=cz.csfd.csfdroid<br>;Academy Awards (3x)<br>British Academy of Film and Television Arts (BAFTA) (4x)<br>Golden Globes (3x)<br>Los Angeles Film Critics Association Awards (1x)<br>The Saturn Awards (3x)<br>;British Academy of Film and Television Arts (BAFTA) (3x)<br>European Film Awards (1x)<br>Robert Awards (Danish Film Awards) (1x)<br>Golden Globes (3x)<br>Florida Film Critics Circle Awards (1x)<br>The Saturn Awards (2x)<br>;
1098951;Duna: Část druhá;2024;86.8188605108055;166.0;https://image.pmgstatic.com/cache/resized/w420/files/images/film/posters/168/608/168608387_g1c1zx.jpg;https://www.csfd.cz/film/1098951-duna-cast-druha/;USA / Kanada;Sci-Fi / Akční / Dobrodružný / Drama;Dune: Part Two;V druhé části se Paul Atreides spojí s Chani a Fremeny a zároveň se vydá na válečnou stezku pomsty proti spiklencům, kteří zničili jeho rodinu. Čelí volbě mezi svou životní láskou a osudem známého vesmíru a snaží se zabránit strašlivé budoucnosti, kterou může předvídat jen on. (Vertical Entertainment);01.03.2024 Warner Bros. US;podle knihy, muž, láska, rodina, smrt, přátelství, přátelé, vražda, násilí, dívka, otec, matka, rodiče, strach, dcera, syn, chlapec, zbraně, vrah, ženy, cestování, pomsta, sourozenci, vojáci, intriky, putování, rivalita, nevěra, boj o přežití, souboje, bratři, válka, armáda, náboženství, monstra, těhotenství, víra, voda, vesmír, král, konspirace, špioni, poušť, bitva, princezna, vesmírná loď, loajalita, strýc, synovec, zbraně hromadného ničení, proroctví, space opera, prorok;Denis Villeneuve;Timothée Chalamet, Zendaya, Rebecca Ferguson, Javier Bardem, Josh Brolin, Austin Butler, Florence Pugh, Dave Bautista, Christopher Walken, Léa Seydoux;https://www.hbomax.com/cz/en/movies/dune-part-two/f0a4f239-0b57-47e2-a39a-54fb96925e61<br>https://srv.clickfuse.com/ads/adclkr.php?id=100006636&url=https://tv.apple.com/cz/movie/dune-part-two/umc.cmc.363aycnv6vy9qgekvew6fveb9<br>https://www.youtube.com/watch?v=0EUs7wuLtFk<br>https://sledovanitv.cz/epg/event/HBO:2025121672760da015ff165edf6133042bdf0845<br>https://www.hbomax.com/cz/en/movies/dune-part-two/f0a4f239-0b57-47e2-a39a-54fb96925e61<br>https://srv.clickfuse.com/ads/adclkr.php?id=100006636&url=https://tv.apple.com/cz/movie/dune-part-two/umc.cmc.363aycnv6vy9qgekvew6fveb9<br>https://www.youtube.com/watch?v=0EUs7wuLtFk<br>https://sledovanitv.cz/epg/event/HBO:2025121672760da015ff165edf6133042bdf0845<br>https://apps.apple.com/cz/app/id6755365206<br>https://play.google.com/store/apps/details?id=cz.csfd.csfdroid<br>;Academy Awards (3x)<br>British Academy of Film and Television Arts (BAFTA) (5x)<br>Golden Globes (2x)<br>Critics Choice Awards (9x)<br>Florida Film Critics Circle Awards (3x)<br>The Saturn Awards (9x)<br>;Academy Awards (2x)<br>British Academy of Film and Television Arts (BAFTA) (2x)<br>Critics Choice Awards (1x)<br>Florida Film Critics Circle Awards (2x)<br>The Saturn Awards (5x)<br>;Frank Herbert
45608;Osudový dotek;2004;86.62129757843898;113.0;https://image.pmgstatic.com/cache/resized/w420/files/images/film/posters/159/449/159449892_0f24ad.jpg;https://www.csfd.cz/film/45608-osudovy-dotek/;USA;Sci-Fi / Mysteriózní / Thriller;The Butterfly Effect;Evan Treborn (Ashton Kutcher) se vydává pomocí schopností zděděných po otci a díky svým zápiskům z dětství na riskantní cestu do minulosti, aby ji změnil, napravil své chyby a setkal se s láskou svého života. Nebezpečný experiment se mu však vymkne z rukou...;23.01.2004 New Line Cinema;láska, rodina, smrt, dívka, otec, rodiče, mládež, touha, syn, chlapec, škola, vzpomínky, sourozenci, vězení, trauma, nemocnice, žárlivost, nehoda, vysoká škola, experiment, cestování časem, výbuch, psychiatrická léčebna, amnézie, časová smyčka, amputace;Jonathan Mackye Gruber, Eric Bress;Ashton Kutcher, Amy Smart, Melora Walters, Eric Stoltz, John Patrick Amedori, Elden Henson, Kevin G. Schmidt, Kevin Durand, William Lee Scott, Ethan Suplee;/tvurce/48968-jackson-rathbone/prehled/<br>https://apps.apple.com/cz/app/id6755365206<br>https://play.google.com/store/apps/details?id=cz.csfd.csfdroid<br>;The Saturn Awards (1x)<br>;;
6648;Predátor;1987;86.61642728756823;107.0;https://image.pmgstatic.com/cache/resized/w420/files/images/film/posters/160/570/160570338_5d8063.jpg;https://www.csfd.cz/film/6648-predator/;USA;Akční / Sci-Fi / Horor;Predator;V džungli přistane kosmická loď, na jejíž palubě je dokonale vybavený mimozemský nimrod. Lovnou zvěří se pro něj stávají nejen dravci obývající džungli, ale také lidé. To je prolog slavného filmu, který je oblíbenou žánrovou kombinací akčních příběhů o amerických komandos, hororu a SF. Oddíl pod vedením zkušeného majora Dutche Schaefera je vysazen na nepřátelském území, kde má uprostřed džungle vysvobodit několik amerických vojáků ze zajetí partyzánů. Po úspěšně provedené akci se však američtí vojáci musí utkat s daleko tajemnějším a nebezpečnějším nepřítelem. Džungle se mění v past, z níž není úniku a američtí hrdinové poprvé v životě poznávají, co je to strach. Film, který dnes již bývá řazen ke klasice žánru, zaujme především napětím a houstnoucí atmosférou strachu, kdy jsou američtí supermani pomalu vyváděni z rutinní statečnosti a rovnováhy. Stejně zdařilé je i pojetí mimozemšťana, neostré, děsivě tajuplné postavy, využívající dokonalé mimikry, jehož přítomnost signalizuje pouze termografie jeho pohledu. Teprve v závěrečné scéně se na scéně objevují v celé hrůznosti dokonalé masky Stana Winstona.;12.06.1987 20th Century Fox;násilí, zbraně, boj o přežití, gore, mimozemšťané, džungle, lov, výbuch, past, vrtulník, speciální jednotky, Střední Amerika, neviditelnost, Guatemala;John McTiernan;Arnold Schwarzenegger, Carl Weathers, Elpidia Carrillo, Bill Duke, Jesse Ventura, Sonny Landham, Richard Chaves, R.G. Armstrong, Shane Black, Kevin Peter Hall;https://srv.tunefindforfans.com/showads/track/srvclk.php?aid=100006796&lp=https://www.disneyplus.com/en-cz/browse/entity-784d3d44-0cf3-429c-a372-bbf8ecbedba7<br>https://srv.clickfuse.com/ads/adclkr.php?id=100006636&url=https://tv.apple.com/cz/movie/predator/umc.cmc.4axzo5v4q64albtyks88pbp01<br>https://www.youtube.com/watch?v=K0LhFxZXIq0<br>https://srv.tunefindforfans.com/showads/track/srvclk.php?aid=100006796&lp=https://www.disneyplus.com/en-cz/browse/entity-784d3d44-0cf3-429c-a372-bbf8ecbedba7<br>https://srv.clickfuse.com/ads/adclkr.php?id=100006636&url=https://tv.apple.com/cz/movie/predator/umc.cmc.4axzo5v4q64albtyks88pbp01<br>https://www.youtube.com/watch?v=K0LhFxZXIq0<br>https://apps.apple.com/cz/app/id6755365206<br>https://play.google.com/store/apps/details?id=cz.csfd.csfdroid<br>;Academy Awards (1x)<br>The Saturn Awards (3x)<br>;The Saturn Awards (1x)<br>;
3311;12 opic;1995;86.57952213912237;124.0;https://image.pmgstatic.com/cache/resized/w420/files/images/film/posters/169/430/169430199_24z9ut.jpg;https://www.csfd.cz/film/3311-12-opic/;USA;Mysteriózní / Sci-Fi / Thriller;Dvanáct opic;"James Cole (Bruce Willis) prožil převážnou většinu svého života v podzemí. Nyní, v roce 2025, žije v ponuré, tmavé, zasněžené přítomnosti. Začalo to už na konci dvacátého století, kdy během dvou let (1996 a 1997) zemřelo přičiněním neznámého bídáka, který vypustil do ovzduší nebezpečný vir, pět miliard obyvatel zeměkoule. Zůstalo jen jedno procento lidí, kteří se teď krčí jako krtci pod zemí. Hrstka lidí se s tím ale nehodlá jenom tak smířit, a proto vysílá do minulosti prostřednictvím stroje času ""nedobrovolné dobrovolníky"" z řad vězňů. Jejich úkolem v podstatě není spasit svět a odvrátit neštěstí - co se stalo, nejde odestát. Mají jen pozorovat, sbírat vzorky a odhalit zdroj nákazy, původ všeho zla. Vědci už pak zajistí vše ostatní, vyvinou protilátku a zařídí, aby se lidstvo jednadvacátého století mohlo vrátit zpátky na povrch zemský...";05.01.1996 Universal Pictures US;šílenství, duševní porucha, postapokalyptická budoucnost, cestování časem, virus, psychiatrická léčebna, antiutopie, apokalypsa, podzemí, kyberpunk, biologické zbraně;Terry Gilliam;Bruce Willis, Madeleine Stowe, Brad Pitt, Christopher Plummer, Jon Seda, David Morse, Bill Raymond, Frank Gorshin, Chuck Jeffreys, Matt Ross;https://srv.clickfuse.com/ads/adclkr.php?id=100006636&url=https://tv.apple.com/cz/movie/12-monkeys/umc.cmc.49nuxpa3uc9ezls951h0ra32r<br>https://srv.clickfuse.com/ads/adclkr.php?id=100006636&url=https://tv.apple.com/cz/movie/12-monkeys/umc.cmc.49nuxpa3uc9ezls951h0ra32r<br>https://apps.apple.com/cz/app/id6755365206<br>https://play.google.com/store/apps/details?id=cz.csfd.csfdroid<br>;Academy Awards (2x)<br>The Saturn Awards (5x)<br>Berlinale (Berlin International Film Festival) (1x)<br>;Golden Globes (1x)<br>The Saturn Awards (3x)<br>;
116651;Animatrix: Poslední let Osirise;2003;86.81879194630872;11.0;https://image.pmgstatic.com/cache/resized/w420/files/images/film/posters/027/458/27458224_14b600.jpg;https://www.csfd.cz/film/116651-animatrix-posledni-let-osirise/;USA;Animovaný / Krátkometrážní / Sci-Fi / Akční;The Animatrix: Final Flight of the Osiris;Jedna z povstaleckých lodí, križujúca posapokalyptický skutočný svet, je napadnutá strojmi. Jeden z jej členov sa musí čo najrýchlejšie napojiť do Matrixu a varovať posledné ľudské mesto - Sion... (Avathar);Na DVD od 03.06.2003 Warner Bros. CZ;;Andrew R. Jones;Pamela Adlon, John DiMaggio, Tom Kenny, Rick Gomez, Tara Strong, Kevin Michael Richardson, Makoto Jasumura, Mizuki Saitó, Tomo Šigemacu;https://apps.apple.com/cz/app/id6755365206<br>https://play.google.com/store/apps/details?id=cz.csfd.csfdroid<br>;;;
307556;Na hraně zítřka;2014;86.34737333956345;108.0;https://image.pmgstatic.com/cache/resized/w420/files/images/film/posters/158/465/158465412_8f3a6a.jpg;https://www.csfd.cz/film/307556-na-hrane-zitrka/;USA / Kanada;Sci-Fi / Akční / Dobrodružný;Edge of Tomorrow;Příběh se odehrává v blízké budoucnosti. Mimikové, mimozemská rasa připomínající včelí kolonii, vytrvale útočí na Zemi, obracejí velká města v hromadu trosek a zanechávají za sebou miliony lidských obětí. Podplukovník Bill Cage (Tom Cruise), který nikdy nebyl v žádné bitvě, je bez cirátů degradován a s nulovým výcvikem a mizernou výzbrojí poslán splnit úkol, který není ničím jiným než sebevražednou misí. Během několika minut je zabit, předtím se mu však podaří zneškodnit Alphu. Ač se to zdá nemožné, procitne opět na začátku toho samého pekelného dne a je nucen znovu bojovat a zemřít... a tak stále dokola. Přímý fyzický kontakt s mimozemšťanem způsobil, že se dostal do časové smyčky a je tak odsouzen prožívat nelítostnou bitvu znovu a znovu. S každým dalším pokusem se však zvyšuje jeho odolnost a pohotovost a své rostoucí schopnosti dokáže v boji s Mimiky lépe využívat. Po jeho boku bojuje členka speciálních jednotek Rita Vrataski (Emily Blunt), která zlikvidovala víc Mimiků než kterýkoliv jiný bojovník na Zemi. Každá další bitva je pro Cagea a Ritu příležitostí najít způsob, jak mimozemské vetřelce porazit a Zemi zachránit. (Warner Bros. CZ);06.06.2014 Warner Bros. US;podle knihy, žena, zbraně, vojáci, válka, podle komiksu, mimozemšťané, budoucnost, trénink, invaze, výcvik, vrtulník, druhá šance, časová smyčka, telepatie;Doug Liman;Tom Cruise, Emily Blunt, Bill Paxton, Brendan Gleeson, Noah Taylor, Kick Gurry, Dragomir Mrsic, Charlotte Riley, Jonas Armstrong, Franz Drameh;https://srv.clickfuse.com/ads/adclkr.php?id=100006636&url=https://tv.apple.com/cz/movie/edge-of-tomorrow/umc.cmc.b5i2nkyck3kyifzh7d72atnd<br>https://www.youtube.com/watch?v=w3PJFznigng<br>https://srv.clickfuse.com/ads/adclkr.php?id=100006636&url=https://tv.apple.com/cz/movie/edge-of-tomorrow/umc.cmc.b5i2nkyck3kyifzh7d72atnd<br>https://www.youtube.com/watch?v=w3PJFznigng<br>https://apps.apple.com/cz/app/id6755365206<br>https://play.google.com/store/apps/details?id=cz.csfd.csfdroid<br>;Critics Choice Awards (3x)<br>The Saturn Awards (6x)<br>;Critics Choice Awards (1x)<br>The Saturn Awards (1x)<br>;Hiroši Sakurazaka
10125;Vynález zkázy;1958;86.31360537496295;81.0;https://image.pmgstatic.com/cache/resized/w420/files/images/film/posters/164/304/164304008_dc47e8.jpg;https://www.csfd.cz/film/10125-vynalez-zkazy/;Československo;Sci-Fi / Dobrodružný / Fantasy;Vynález zkázy;Geniální vynálezce, profesor Roch, je na pokraji objevu látky, která může ve špatných rukou zničit svět. A právě takové ruce má hrabě Artigas, tajemný a temný dobrodruh, který ve své ponorce brázdí světová moře, potápí lodi a bohatství, kterého se tak zmocní, je mu nástrojem k ovládnutí světa. Artigas unese profesora Rocha ze sanatoria a nutí ho, aby v jeho sídle v kráteru sopky Back Cup vynález dokončil. Shodou okolností Artigas unese i profesorova asistenta, inženýra Harta, který je i vypravěčem příběhu, a který se všemožně pokouší profesora osvobodit a zamezit zkáze. Hart nakonec vyšle jícnem sopky balón s poselstvím k lidstvu, jež se díky tomu spojí a jehož válečné flotily v hodině dvanácté zkáze zamezí. (AČFK);22.08.1958 Ústřední půjčovna filmů;podle knihy, černobílý film, útěk, únos, vězení, ostrov, lodě, piráti, vynálezce, ponorky, potápění, zbraně hromadného ničení, steampunk;Karel Zeman;Lubor Tokoš, Arnošt Navrátil, Miloslav Holub, František Šlégr, Václav Kyzlink, Jana Zatloukalová, Otto Šimánek, František Řehák, Václav Babka, Alena Kreuzmannová;https://www.youtube.com/watch?v=O4gKJvSALXg<br>https://www.youtube.com/watch?v=O4gKJvSALXg<br>https://apps.apple.com/cz/app/id6755365206<br>https://play.google.com/store/apps/details?id=cz.csfd.csfdroid<br>;The Saturn Awards (1x)<br>San Sebastián International Film Festival (1x)<br>;;Jules Verne
8644;Jurský park;1993;86.10530428836573;127.0;https://image.pmgstatic.com/cache/resized/w420/files/images/film/posters/161/829/161829573_5ce49b.jpg;https://www.csfd.cz/film/8644-jursky-park/;USA;Dobrodružný / Sci-Fi / Thriller;Jurský park;Po fantastickém nálezu miliony let starých D.N.A. se pokusí skupina ambiciózních vědců vytvořit přírodní park s žijícími prehistorickými zvířaty na vzdáleném liduprázdném ostrově. Celý projekt podporuje milionář John Hammond (Richard Attenborough), který těsně před otevřením Jurského parku pro veřejnost pozve na jeho návštěvu svá dvě vnoučata, známého paleontologa s jeho přítelkyní a další odborníky. Průběh jejich klidné návštěvy se rychle změní v noční můru poté, co jeden ze zaměstnanců v naději na tučný zisk od konkurence ukradne embrya dinosaurů. Aby snadno unikl z parku, vypne bezpečnostní systémy a tím i elektřinou napájený plot ohrazující celý Jurský park. Dinosauři se dostávají do volné přírody a souboj lidí s druhohorními obludami začíná.;11.06.1993 Universal Pictures US;podle knihy, muž, žena, smrt, přátelství, přátelé, násilí, děti, strach, útěk, chlapec, zvířata, pátrání, sourozenci, zrada, boj o přežití, moře, divočina, krádež, ostrov, vědci, šílenství, džungle, vědec, korporace, lov, bouře, vrtulník, muzeum, dinosauři, archeologie, šílený vědec, prales, déšť, genetická úprava, klonování, paleontologie, tyranosaurus, fosílie, kozy, raptoři;Steven Spielberg;Sam Neill, Laura Dern, Jeff Goldblum, Richard Attenborough, Bob Peck, Martin Ferrero, BD Wong, Joseph Mazzello, Ariana Richards, Samuel L. Jackson;https://www.skyshowtime.com/cz/stream/movies/jursky-park/66d6aa59-e911-3942-8311-820a2ea808ad<br>https://srv.clickfuse.com/ads/adclkr.php?id=100006636&url=https://tv.apple.com/cz/movie/jurassic-park/umc.cmc.3bp8rj8ab9otj4ug279xhib2f<br>https://www.youtube.com/watch?v=oa38lSuY0bo<br>https://www.skyshowtime.com/cz/stream/movies/jursky-park/66d6aa59-e911-3942-8311-820a2ea808ad<br>https://srv.clickfuse.com/ads/adclkr.php?id=100006636&url=https://tv.apple.com/cz/movie/jurassic-park/umc.cmc.3bp8rj8ab9otj4ug279xhib2f<br>https://www.youtube.com/watch?v=oa38lSuY0bo<br>https://apps.apple.com/cz/app/id6755365206<br>https://play.google.com/store/apps/details?id=cz.csfd.csfdroid<br>;British Academy of Film and Television Arts (BAFTA) (1x)<br>The Saturn Awards (10x)<br>;Academy Awards (3x)<br>British Academy of Film and Television Arts (BAFTA) (2x)<br>Český lev (1x)<br>The Saturn Awards (4x)<br>;Michael Crichton
1474749;Rozzum v divočině;2024;86.098478652053;101.0;https://image.pmgstatic.com/cache/resized/w420/files/images/film/posters/169/298/169298193_1ljr2m.jpg;https://www.csfd.cz/film/1474749-rozzum-v-divocine/;USA;Animovaný / Sci-Fi / Dobrodružný / Rodinný;The Wild Robot;Robotka z výrobní řady typu Rozzum (pro přátele Roz) byla zkonstruována, aby spolehlivě plnila úkoly od svých lidských zadavatelů. Když ovšem vinou nehody ztroskotá na ostrově, kde žádní lidé nejsou, netuší, co si s nabytou svobodou počít. A také se musí naučit, jak se adaptovat na nehostinné podmínky hroudy hlíny uprostřed oceánu obývané jen zvířaty. Roz má naštěstí natolik pokročilý software, že se naučí se zdejšími obyvateli komunikovat a spolupracovat, dokonce se stane adoptivní mámou osiřelého housete. Všechny její zdejší zážitky postupně vedou k tomu, že tam, kde dřív byl jen bezchybný počítačový program, jsou teď myšlenky, názory, nápady a hlavně city, které můžou být občas i nedokonalé. Robotí holka ve světě bez lidí zkrátka zlidštěla. Bohužel ji trochu dělají starosti její výrobci, kterým chybí jeden stroj a usilovně po něm pátrají, a pak taky její adoptivní ptačí synátor. Toho musí připravit na odlet do teplých krajin, než přijde zima. (CinemArt);27.09.2024 Universal Pictures US;podle knihy, rodina, matka, rodiče, zvířata, divočina, ostrov, dobrodruh, příroda, sirotek, roboti, ptáci, umělá inteligence, klimatická krize, trosečníci, lišky, náhradní mateřství, kachny;Chris Sanders;Lupita Nyong'o, Pedro Pascal, Kit Connor, Bill Nighy, Stephanie Hsu, Matt Berry, Ving Rhames, Mark Hamill, Catherine O'Hara, Paul-Mikél Williams;https://www.skyshowtime.com/cz/stream/movies/rozzum-v-divocine/09fadb42-37e4-35bc-8880-16b17a5feae9<br>https://srv.clickfuse.com/ads/adclkr.php?id=100006636&url=https://tv.apple.com/cz/movie/the-wild-robot/umc.cmc.3vk9rngh0rrmpnyhv2qwzm582<br>https://www.youtube.com/watch?v=TLs-msOnQX4<br>https://www.skyshowtime.com/cz/stream/movies/rozzum-v-divocine/09fadb42-37e4-35bc-8880-16b17a5feae9<br>https://srv.clickfuse.com/ads/adclkr.php?id=100006636&url=https://tv.apple.com/cz/movie/the-wild-robot/umc.cmc.3vk9rngh0rrmpnyhv2qwzm582<br>https://www.youtube.com/watch?v=TLs-msOnQX4<br>https://apps.apple.com/cz/app/id6755365206<br>https://play.google.com/store/apps/details?id=cz.csfd.csfdroid<br>;Academy Awards (3x)<br>British Academy of Film and Television Arts (BAFTA) (3x)<br>Golden Globes (4x)<br>Critics Choice Awards (2x)<br>Florida Film Critics Circle Awards (1x)<br>;Critics Choice Awards (1x)<br>The Saturn Awards (1x)<br>;Peter Brown
10129;Návrat do budoucnosti II;1989;85.92808473860873;108.0;https://image.pmgstatic.com/cache/resized/w420/files/images/film/posters/000/009/9702_f271f1.jpg;https://www.csfd.cz/film/10129-navrat-do-budoucnosti-ii/;USA;Dobrodružný / Komedie / Sci-Fi / Akční;Back to the Future Part II;V druhé části vynikající sci-fi komedie má Marty plné ruce práce. Nejprve musí do budoucnosti zachránit syna a potom zase do minulosti, aby zachránil sám sebe.;22.11.1989 Universal Pictures US;muž, rodina, přátelství, přátelé, 20. století, otec, rodiče, mládež, syn, chlapec, pronásledování, podvod, krádež, psi, loupež, chamtivost, dobrodruh, věda, budoucnost, cestování časem, období 1980-1990, období 1950-1960, Kalifornie, vynálezce, šílený vědec, paralelní svět, skateboarding, stroj času;Robert Zemeckis;Michael J. Fox, Christopher Lloyd, Lea Thompson, Tom Wilson, Elisabeth Shue, James Tolkan, Jeffrey Weissman, Casey Siemaszko, Billy Zane, J.J. Cohen;https://srv.clickfuse.com/ads/adclkr.php?id=100006636&url=https://tv.apple.com/cz/movie/back-to-the-future-part-ii/umc.cmc.5voem26uknighvs9ac01dku4y<br>https://www.youtube.com/watch?v=Kq1O9RTbxug<br>https://srv.clickfuse.com/ads/adclkr.php?id=100006636&url=https://tv.apple.com/cz/movie/back-to-the-future-part-ii/umc.cmc.5voem26uknighvs9ac01dku4y<br>https://www.youtube.com/watch?v=Kq1O9RTbxug<br>https://apps.apple.com/cz/app/id6755365206<br>https://play.google.com/store/apps/details?id=cz.csfd.csfdroid<br>;Academy Awards (1x)<br>The Saturn Awards (5x)<br>;British Academy of Film and Television Arts (BAFTA) (1x)<br>The Saturn Awards (1x)<br>;
393331;Avengers: Infinity War;2018;85.82258642307004;149.0;https://image.pmgstatic.com/cache/resized/w420/files/images/film/posters/162/502/162502469_e3418e.jpg;https://www.csfd.cz/film/393331-avengers-nekonecna-vojna/;USA;Akční / Dobrodružný / Sci-Fi;Avengers: Infinity War;Snímek Avengers: Infinity War završuje neuvěřitelnou desetiletou cestu filmovým světem studia Marvel a přináší na stříbrná plátna nejsmrtonosnější a nejultimátnější válku všech dob. Avengers a jejich superhrdinští spojenci musí riskovat úplně vše a pokusit se porazit mocného Thanose dřív, než jeho bleskový útok, provázený ničením a zkázou, zničí vesmír jednou provždy. (Falcon);27.04.2018 Walt Disney US;láska, žena, smrt, pomsta, souboje, armáda, podle komiksu, New York, mimozemšťané, vesmír, magie, superhrdina, bitva, vesmírná loď, Marvel Comics, genocida, bohové, Marvel Cinematic Universe (MCU), Spider-Man, crossover, Captain America, Iron Man, Hulk, Thor (Marvel Comics), Nick Fury, Black Widow, Hawkeye, Black Panther, Loki (Marvel Comics), Ant-Man, Doctor Strange, Avengers, Falcon, Rocket Raccoon, Groot, Scarlet Witch, Red Skull, War Machine, Drax the Destroyer, Strážci Galaxie, Vision, Thanos, Nebula;Anthony Russo, Joe Russo;Robert Downey Jr., Chris Hemsworth, Mark Ruffalo, Chris Evans, Scarlett Johansson, Don Cheadle, Benedict Cumberbatch, Tom Holland, Chadwick Boseman, Zoe Saldaña;https://srv.tunefindforfans.com/showads/track/srvclk.php?aid=100006796&lp=https://www.disneyplus.com/en-cz/browse/entity-9a136e06-852a-41bf-b71d-fa061cb43225<br>https://srv.clickfuse.com/ads/adclkr.php?id=100006636&url=https://tv.apple.com/cz/movie/avengers-infinity-war/umc.cmc.2do0xuo1u4tjmqbfz1p42a0p9<br>https://srv.tunefindforfans.com/showads/track/srvclk.php?aid=100006796&lp=https://www.disneyplus.com/en-cz/browse/entity-9a136e06-852a-41bf-b71d-fa061cb43225<br>https://srv.clickfuse.com/ads/adclkr.php?id=100006636&url=https://tv.apple.com/cz/movie/avengers-infinity-war/umc.cmc.2do0xuo1u4tjmqbfz1p42a0p9<br>https://apps.apple.com/cz/app/id6755365206<br>https://play.google.com/store/apps/details?id=cz.csfd.csfdroid<br>;Academy Awards (1x)<br>British Academy of Film and Television Arts (BAFTA) (1x)<br>Critics Choice Awards (2x)<br>Florida Film Critics Circle Awards (1x)<br>The Saturn Awards (1x)<br>;The Saturn Awards (1x)<br>;Stan Lee, Jack Kirby, Don Heck
54763;Spider-Man: Paralelní světy;2018;85.79513299377476;117.0;https://image.pmgstatic.com/cache/resized/w420/files/images/film/posters/163/117/163117221_970aa3.jpg;https://www.csfd.cz/film/54763-spider-man-paralelni-svety/;USA;Animovaný / Akční / Dobrodružný / Sci-Fi;Spider-Man: Into the Spider-Verse;Phil Lord a Chris Miller, tvůrci hitů Lego příběh a 21 Jump Street spojili svůj um a talent, aby divákům představili dosud nepoznaný svět Spider-Mana v přelomovém a unikátním vizuálním stylu. Spider-Man: Paralelní světy představí dospívajícího chlapce z Brooklynu Milese Moralese a nekonečné možnosti Paralelních světů, kde je víc než jen jeden maskovaný hrdina. (Falcon);14.12.2018 Sony Pictures;rodina, smrt, přátelství, přátelé, vražda, dívka, tajemství, otec, děti, matka, rodiče, policie, mládež, město, záhady, syn, chlapec, zbraně, zvířata, oběť (autonehody/zločinu), škola, souboje, mafie, tragédie, podsvětí (svět zločinu), podle komiksu, New York, rvačka, superhrdina, hrdina, Marvel Comics, maska, hřbitov, hmyz, prasata, paralelní svět, radioaktivita, pavouci, Spider-Man, Kingpin, černá díra;Bob Persichetti, Peter Ramsey, Rodney Rothman;Shameik Moore, Jake Johnson, Hailee Steinfeld, Mahershala Ali, Brian Tyree Henry, Lily Tomlin, Luna Lauren Velez, Zoë Kravitz, John Mulaney, Kimiko Glenn;https://www.hbomax.com/cz/en/movies/spider-man-into-the-spider-verse/ab9d654a-7972-4fd9-9514-fb90280063c8<br>https://srv.tunefindforfans.com/showads/track/srvclk.php?aid=100006796&lp=https://www.disneyplus.com/en-cz/browse/entity-e4cd7619-7c84-4b4d-acf0-f53ca1b442a3<br>https://srv.clickfuse.com/ads/adclkr.php?id=100006636&url=https://tv.apple.com/cz/movie/spider-man-into-the-spider-verse/umc.cmc.4a2ypxddplsdsahwxrc5fkz4x<br>https://www.youtube.com/watch?v=Mka3hs3FpWQ<br>https://sledovanitv.cz/epg/event/HBO2:20251216f726e2af8c602d848694d8c27a6ed4f6<br>https://www.hbomax.com/cz/en/movies/spider-man-into-the-spider-verse/ab9d654a-7972-4fd9-9514-fb90280063c8<br>https://srv.tunefindforfans.com/showads/track/srvclk.php?aid=100006796&lp=https://www.disneyplus.com/en-cz/browse/entity-e4cd7619-7c84-4b4d-acf0-f53ca1b442a3<br>https://srv.clickfuse.com/ads/adclkr.php?id=100006636&url=https://tv.apple.com/cz/movie/spider-man-into-the-spider-verse/umc.cmc.4a2ypxddplsdsahwxrc5fkz4x<br>https://www.youtube.com/watch?v=Mka3hs3FpWQ<br>https://sledovanitv.cz/epg/event/HBO2:20251216f726e2af8c602d848694d8c27a6ed4f6<br>https://apps.apple.com/cz/app/id6755365206<br>https://play.google.com/store/apps/details?id=cz.csfd.csfdroid<br>;Florida Film Critics Circle Awards (1x)<br>The Saturn Awards (1x)<br>Golden Raspberry Awards (Razzies) (1x)<br>;Academy Awards (1x)<br>British Academy of Film and Television Arts (BAFTA) (1x)<br>Golden Globes (1x)<br>Critics Choice Awards (1x)<br>Los Angeles Film Critics Association Awards (1x)<br>New York Film Critics Circle Awards (1x)<br>The Saturn Awards (1x)<br>;Stan Lee, Steve Ditko
10995;Svět podle Prota;2001;85.68371453813684;120.0;https://image.pmgstatic.com/cache/resized/w420/files/images/film/posters/160/188/160188625_2f51f9.jpg;https://www.csfd.cz/film/10995-svet-podle-prota/;USA / Německo;Drama / Sci-Fi / Mysteriózní;K-PAX;Kevin Spacey, držitel dvou hereckých Oscarů, v roli pacienta psychiatrické léčebny s jasnou diagnózou: tvrdí, že je na Zemi na návštěvě a pochází z planety K-PAX. Jeff Bridges, několikrát na Oscara nominovaný, v roli jeho lékaře dr. Marca Powella. Přepracovaný psychiatr ze státní nemocnice nachází u svého vesmírného pacienta řadu nezvyklých projevů a navíc naprostou odolnost vůči běžným léčebným prostředkům. Co když je podivný pacient skutečně mimozemšťan? Na filmu, který odstartoval z prvního místa amerického žebříčku, se kromě režiséra Iaina Softleye podílela řada mimořádných filmařských osobností - kameraman John Mathieson, který získal řadu ocenění a nominaci na Oscara za svou práci na Gladiátorovi, střihač Craig McKay, mnohonásobně oceněný a rovněž na Oscara nominovaný za filmy Mlčení jehňátek a Reds.;26.10.2001 Universal Pictures US;podle knihy, doktoři, psychiatrická léčebna;Iain Softley;Kevin Spacey, Jeff Bridges, Mary McCormack, Alfre Woodard, David Patrick Kelly, Saul Williams, Peter Gerety, Celia Weston, Ajay Naidu, Tracy Vilar;https://apps.apple.com/cz/app/id6755365206<br>https://play.google.com/store/apps/details?id=cz.csfd.csfdroid<br>;The Saturn Awards (1x)<br>;;Gene Brewer
1329;Věc;1982;85.63005153241117;109.0;https://image.pmgstatic.com/cache/resized/w420/files/images/film/posters/160/849/160849041_e32c53.jpg;https://www.csfd.cz/film/1329-vec/;USA;Sci-Fi / Horor / Thriller / Mysteriózní;Tvor;Vědce z americké výzkumné stanice na Antarktidě vystraší vrtulníkový nájezd jejich norských kolegů, kteří se marně snaží zabít prchajícího psa. Lov dopadne neúspěšně a Norové zmizí bez toho, aby situaci Američanům vysvětlili. Ti však postupně zjišťují, že se psem není něco v pořádku. Je totiž infikovaný mimozemským virem, který pro sebezdokonalování využívá tělesné schránky (nejen) lidí a vůbec mu není proti mysli na svých hostitelích ledacos „zkoušet“. A tak vědcům nezbývá nic jiného než vzít do rukou plamenomet, věřit jenom sobě a být stále ve střehu – v kterémkoli z nich se totiž může skrývat „věc“...;25.06.1982 Universal Pictures US;boj o přežití, krev, doktoři, psi, gore, monstra, vědci, mimozemšťané, sníh, paranoia, podle povídky, zima, střelba, věda, vesmírná loď, výbuch, podezření, pokus o vraždu, oheň, piloti, mutanti, samopal, revolver, vrtulník, infekce, izolace, mutace, genetická úprava, Antarktida, pitva, whodunit, počítač, body horror, upálení, nákaza, paraziti, granát, pustina, vědecká expedice, dynamit, paleoastronautika, psí spřežení, survival horror, nedůvěra, mráz, radiostanice, plamenomet, vrak vesmírné lodi, krevní test, létající talíř, kráter, whisky, imitace, resuscitace, radista, asimilace, defibrilátor, systematické vyvražďování;John Carpenter;Kurt Russell, Wilford Brimley, T.K. Carter, David Clennon, Keith David, Richard Dysart, Charles Hallahan, Peter Maloney, Richard Masur, Thomas G. Waites;https://www.skyshowtime.com/cz/stream/movies/vec/c778ab9f-1542-3aa2-b4fd-c09ba7346a84<br>https://srv.clickfuse.com/ads/adclkr.php?id=100006636&url=https://tv.apple.com/cz/movie/the-thing/umc.cmc.70lpgfopfk3gr1pg7uux69znx<br>https://www.youtube.com/watch?v=LRB5lCH5j74<br>https://www.skyshowtime.com/cz/stream/movies/vec/c778ab9f-1542-3aa2-b4fd-c09ba7346a84<br>https://srv.clickfuse.com/ads/adclkr.php?id=100006636&url=https://tv.apple.com/cz/movie/the-thing/umc.cmc.70lpgfopfk3gr1pg7uux69znx<br>https://www.youtube.com/watch?v=LRB5lCH5j74<br>https://apps.apple.com/cz/app/id6755365206<br>https://play.google.com/store/apps/details?id=cz.csfd.csfdroid<br>;The Saturn Awards (2x)<br>Golden Raspberry Awards (Razzies) (1x)<br>;;John Wood Campbell jr.
227786;Interstellar;2014;85.44207249605358;169.0;https://image.pmgstatic.com/cache/resized/w420/files/images/film/posters/158/991/158991267_b07f3e.jpg;https://www.csfd.cz/film/227786-interstellar/;USA / Velká Británie / Kanada;Sci-Fi / Dobrodružný / Drama;Interstellar;Když se náš čas na Zemi chýlí ke konci, je skupina výzkumníků pověřena nejdůležitějším posláním v lidských dějinách: cestou za hranice naší galaxie, při které má za úkol najít mezi hvězdami pro lidstvo nový domov. (Warner Bros. CZ);07.11.2014 Warner Bros. UK;rodina, otec, dcera, cestování, lež, vesmír, budoucnost, farma, postapokalyptická budoucnost, cestování časem, vesmírná loď, piloti, slib, NASA, červí díra, černá díra, kolonizace vesmíru, kolonizace cizí planety;Christopher Nolan;Matthew McConaughey, Anne Hathaway, Jessica Chastain, Matt Damon, Mackenzie Foy, Wes Bentley, David Gyasi, Michael Caine, Casey Affleck, John Lithgow;https://www.netflix.com/title/70305903<br>https://srv.clickfuse.com/ads/adclkr.php?id=100006636&url=https://tv.apple.com/cz/movie/interstellar/umc.cmc.1vrwat5k1ucm5k42q97ioqyq3<br>https://www.youtube.com/watch?v=qo-6NY0nBoM<br>https://www.netflix.com/title/70305903<br>https://srv.clickfuse.com/ads/adclkr.php?id=100006636&url=https://tv.apple.com/cz/movie/interstellar/umc.cmc.1vrwat5k1ucm5k42q97ioqyq3<br>https://www.youtube.com/watch?v=qo-6NY0nBoM<br>https://apps.apple.com/cz/app/id6755365206<br>https://play.google.com/store/apps/details?id=cz.csfd.csfdroid<br>;Academy Awards (4x)<br>British Academy of Film and Television Arts (BAFTA) (3x)<br>Robert Awards (Danish Film Awards) (1x)<br>Amanda Awards (1x)<br>Golden Globes (1x)<br>Critics Choice Awards (6x)<br>Florida Film Critics Circle Awards (1x)<br>The Saturn Awards (6x)<br>;Academy Awards (1x)<br>British Academy of Film and Television Arts (BAFTA) (1x)<br>Critics Choice Awards (1x)<br>Florida Film Critics Circle Awards (2x)<br>The Saturn Awards (6x)<br>;
231646;VALL-I;2008;85.23884000075374;98.0;https://image.pmgstatic.com/cache/resized/w420/files/images/film/posters/165/162/165162616_2d4101.jpg;https://www.csfd.cz/film/231646-vall-i/;USA;Animovaný / Dobrodružný / Rodinný / Sci-Fi;WALL-E;Film začíná v roce 2700. Poslední operační stroj VALL-I stále plní úkol čištění Země se svým jediným mazlíčkem – švábem Halem, který mu dělá společnost. Malý robot, roztomilý a působivý, si za ta léta docela vyvinul svou osobnost. Bydlí v maringotce plné zvláštností a artefaktů z lidského života jako je Rubikova kostka, kuchyňský šlehač a jeho největší poklad – stará video kazeta s filmem Hello Dolly. Během začátku filmu si přidá do své sbírky novou věc – malou rostlinku, kterou zasadí do staré boty. Jednoho dne jde VALL-I po své obvyklé práci, ale blízko přistane kosmická loď. Kosmická loď vyšle malou, létající robotku Eve, která začíná na povrchu planety něco hledat. VALL-I se beznadějně zamiluje. Rodinná animovaná pohádka ze studia Pixar.;27.06.2008 Walt Disney US;podle knihy, vesmír, osamělost, postapokalyptická budoucnost, roboti, vesmírná loď, rostliny;Andrew Stanton;Ben Burtt, Elissa Knight, Jeff Garlin, Sigourney Weaver, Fred Willard, Kathy Najimy, MacInTalk, Kim Kopf, Garrett Palmer, Teddy Newton;https://srv.tunefindforfans.com/showads/track/srvclk.php?aid=100006796&lp=https://www.disneyplus.com/en-cz/browse/entity-280395a4-d5ef-4dd0-bd09-d91c31593d3d<br>https://srv.clickfuse.com/ads/adclkr.php?id=100006636&url=https://tv.apple.com/cz/movie/wall-e/umc.cmc.4hey5l45tegyvjbr84vuihdqf<br>https://www.youtube.com/watch?v=r3KlugX6NiE<br>https://srv.tunefindforfans.com/showads/track/srvclk.php?aid=100006796&lp=https://www.disneyplus.com/en-cz/browse/entity-280395a4-d5ef-4dd0-bd09-d91c31593d3d<br>https://srv.clickfuse.com/ads/adclkr.php?id=100006636&url=https://tv.apple.com/cz/movie/wall-e/umc.cmc.4hey5l45tegyvjbr84vuihdqf<br>https://www.youtube.com/watch?v=r3KlugX6NiE<br>https://apps.apple.com/cz/app/id6755365206<br>https://play.google.com/store/apps/details?id=cz.csfd.csfdroid<br>;Academy Awards (5x)<br>British Academy of Film and Television Arts (BAFTA) (2x)<br>Robert Awards (Danish Film Awards) (1x)<br>Golden Globes (1x)<br>Critics Choice Awards (2x)<br>The Saturn Awards (1x)<br>;Academy Awards (1x)<br>British Academy of Film and Television Arts (BAFTA) (1x)<br>Golden Globes (1x)<br>Critics Choice Awards (1x)<br>Florida Film Critics Circle Awards (1x)<br>Los Angeles Film Critics Association Awards (1x)<br>New York Film Critics Circle Awards (1x)<br>The Saturn Awards (1x)<br>;Andrew Stanton, Pete Docter
10130;Návrat do budoucnosti III;1990;85.18823357522038;118.0;https://image.pmgstatic.com/cache/resized/w420/files/images/film/posters/000/009/9700_346438.jpg;https://www.csfd.cz/film/10130-navrat-do-budoucnosti-iii/;USA;Dobrodružný / Komedie / Sci-Fi / Western;Back to the Future Part III;Tentokrát se Michael J. Fox vydává na záchranou misi do roku 1885. Třetí Martyho cesta do minulosti, kde je třeba zachránit přítele a vyřešit problém, jak se dostat zpátky do budoucnosti.;25.05.1990 Universal Pictures US;láska, rodina, smrt, přátelství, přátelé, 20. století, mládež, touha, chlapec, zbraně, souboje, 19. století, dobrodruh, věda, vlak, novověk, cestování časem, Divoký západ, období 1980-1990, Kalifornie, pistolníci, vynálezce, šílený vědec, hrobka, období 1880-1890, steampunk, stroj času;Robert Zemeckis;Michael J. Fox, Christopher Lloyd, Mary Steenburgen, Tom Wilson, Lea Thompson, Elisabeth Shue, James Tolkan, Matt Clark, Harry Carey Jr., Dub Taylor;https://srv.clickfuse.com/ads/adclkr.php?id=100006636&url=https://tv.apple.com/cz/movie/back-to-the-future-part-iii/umc.cmc.4d7ojms7zga4x1xifz9o02je9<br>https://www.youtube.com/watch?v=TpKGB5sjw2g<br>https://srv.clickfuse.com/ads/adclkr.php?id=100006636&url=https://tv.apple.com/cz/movie/back-to-the-future-part-iii/umc.cmc.4d7ojms7zga4x1xifz9o02je9<br>https://www.youtube.com/watch?v=TpKGB5sjw2g<br>https://apps.apple.com/cz/app/id6755365206<br>https://play.google.com/store/apps/details?id=cz.csfd.csfdroid<br>;The Saturn Awards (6x)<br>;The Saturn Awards (2x)<br>;
5981;Adéla ještě nevečeřela;1978;85.12473202104853;105.0;https://image.pmgstatic.com/cache/resized/w420/files/images/film/posters/160/422/160422736_896b6f.jpg;https://www.csfd.cz/film/5981-adela-jeste-nevecerela/;Československo;Komedie / Krimi / Sci-Fi;Adéla ještě nevečeřela;Neporazitelný soukromý detektiv Nick Carter přijíždí do Prahy řešit případ, s nímž si zdejší policie neví rady. Je vyzbrojen geniálním mozkem a nejnovějšími převratnými vynálezy, cestou z New Yorku hravě zvádl češtinu. Na místě, zejména v malebných hospůdkách nad orosenou sklenicí, ovšem zjišťuje, že v Čechách všechno chodí trochu jinak než v Americe. Podaří se mu překazit ďábelské plány zločinného hraběte von Kratzmar a zachránit květ nevinnosti líbezné Květušky? Parodii na laciné sešitové detektivky natočil v roce 1977 Oldřich Lipský podle námětu a scénáře Jiřího Brdečky (v té době spolu měli na kontě už několik filmů, zejména nedostižného Limonádového Joea). Při realizaci snímku se sešla celá řada význačných osobností. I do malých rolí obsadil režisér slavné herce, působivé kostýmy navrhl Theodor Pištěk, výtvarnou spoluprací a animací přispěl Jan Švankmajer, hudbu složil Luboš Fišer. Výsledkem je nestárnoucí komedie, kterou je možno vidět opakovaně, neboť se při ní vždy znovu spolehlivě pobavíte.;01.08.1978 Ústřední půjčovna filmů;vyšetřování, pomsta, detektiv, parodie, Praha, rostliny, steampunk, masožravé rostliny;Oldřich Lipský;Michal Dočolomanský, Rudolf Hrušínský, Miloš Kopecký, Václav Lohniský, Ladislav Pešek, Naďa Konvalinková, Květa Fialová, Martin Růžek, Olga Schoberová, Zdeněk Dítě;https://www.netflix.com/title/81289306<br>https://srv.clickfuse.com/ads/adclkr.php?id=100006636&url=https://tv.apple.com/cz/movie/adela-jeste-nevecerela/umc.cmc.44i26p3b63dl1d3dsr1ls1kfz<br>https://www.iprima.cz/filmy/adela-jeste-nevecerela?utm_source=csfd&utm_medium=section_vod&utm_campaign=link_exchange<br>https://www.netflix.com/title/81289306<br>https://srv.clickfuse.com/ads/adclkr.php?id=100006636&url=https://tv.apple.com/cz/movie/adela-jeste-nevecerela/umc.cmc.44i26p3b63dl1d3dsr1ls1kfz<br>https://www.iprima.cz/filmy/adela-jeste-nevecerela?utm_source=csfd&utm_medium=section_vod&utm_campaign=link_exchange<br>https://apps.apple.com/cz/app/id6755365206<br>https://play.google.com/store/apps/details?id=cz.csfd.csfdroid<br>;The Saturn Awards (1x)<br>;The Saturn Awards (1x)<br>Sitges Film Festival (1x)<br>;
18360;Bestián: Kupředu, zpátky jen krok!;1999;85.40418679549114;33.0;https://image.pmgstatic.com/cache/resized/w420/files/images/film/posters/158/223/158223669_713edd.jpg;https://www.csfd.cz/film/18360-bestian-kupredu-zpatky-jen-krok/;Velká Británie;Krátkometrážní / Komedie / Sci-Fi;Blackadder Back and Forth;Lord Edmund Bestián (Rowan Atkinson) a Baldrick (Tony Robinson) testují svůj stroj času. Vydávají se do minulosti pro pár suvenýrů a nakonec se jim podaří změnit minulost. Ocitnou se tak např. v Sherwoodském lese, kde se setkají s Robinem Hoodem nebo u Bitvy u Waterloo. (Nancy);;;Paul Weiland;Rowan Atkinson, Tony Robinson, Miranda Richardson, Tim McInnerny, Hugh Laurie, Stephen Fry, Rik Mayall, Colin Firth, Kate Moss, Sacha Bennett;https://apps.apple.com/cz/app/id6755365206<br>https://play.google.com/store/apps/details?id=cz.csfd.csfdroid<br>;;;
5612;Metropolis;1927;85.15942726507039;153.0;https://image.pmgstatic.com/cache/resized/w420/files/images/film/posters/169/415/169415788_h3q4oe.jpg;https://www.csfd.cz/film/5612-metropolis/;Německá říše;Sci-Fi / Drama;Metropolis;Obyvatelé města Metropolis žijí v přísně dvoutřídní společnosti. Nad zemí se odehrává život bohatých a privilegovaných a v podzemí je svět vykořisťovaných dělníků. Joh Fredersen, vládce města, tahá za nitky a ovládá srdce systému města Metropolis. Jeho syn Freder jako jediný z privilegovaných zpochybňuje panující nerovnost a vydává se do dělnického města pomoct andělské Marii. Jeho autoritativní otec se však snaží jakékoliv povstání potlačit a nařizuje vynálezci Rotwangovi, aby vytvořil Mariina robotického dvojníka, který by pomohl dělníky zničit. Monumentální němá klasika Fritze Langa je považována za prototyp dystopických sci-fi filmů, který svým obsahem i vizuálním stylem ovlivnil mnoho dalších děl. (Film Europe);10.01.1927 ufa;podle knihy, černobílý film, němý film, únos, párty, postapokalyptická budoucnost, sledování, roboti, třídní boj, katastrofa, antiutopie, apokalypsa, vynálezce, umělá inteligence, destrukce, šílený vědec, ničení, sabotáž, kyberpunk, striptérka, revoluce, proroctví, povodeň, vykořisťování, Smrťák, lynč, záplava, retrofuturismus, kázání, dekadence, strojovna, směs žánrů;Fritz Lang;Alfred Abel, Gustav Fröhlich, Rudolf Klein-Rogge, Fritz Rasp, Theodor Loos, Erwin Biswanger, Brigitte Helm, Fritz Alberti, Grete Berger, Olly Boeheim;https://apps.apple.com/cz/app/id6755365206<br>https://play.google.com/store/apps/details?id=cz.csfd.csfdroid<br>;The Saturn Awards (3x)<br>Golden Raspberry Awards (Razzies) (2x)<br>;New York Film Critics Circle Awards (1x)<br>The Saturn Awards (2x)<br>;Thea von Harbou
251188;X-Men: První třída;2011;84.76988667419742;126.0;https://image.pmgstatic.com/cache/resized/w420/files/images/film/posters/159/482/159482650_ad34a4.jpg;https://www.csfd.cz/film/251188-x-men-prvni-trida/;USA;Akční / Dobrodružný / Sci-Fi / Thriller;X-Men: First Class;X-Men: První třída se dějově se vrací ještě před film X-Men Origins: Wolverine a odehrává se v polovině minulého století. V době, kdy mladý Charles Xavier (James McAvoy) a Erik Lensherr (Michael Fassbender) byli velmi blízcí přátelé a teprve odkrývali své jedinečné schopnosti. V době studené války, kdy společně s dalšími mutanty museli čelit největší hrozbě, jakou kdy zatím lidstvo poznalo. Proč se ale z nejlepších přátel stali nepřátelé na život a na smrt? Co předcházelo okamžiku, kdy se z Charlese stal Profesor X a z Erika Magneto? Válka mezi X-Meny a Bratrstvem začíná!;03.06.2011 20th Century Fox;vražda, matka, pomsta, válka, podle komiksu, agenti, diskriminace, superhrdina, trénink, Marvel Comics, výcvik, mutanti, CIA, studená válka, zbraně hromadného ničení, Miami, telepatie, teleportace, Wolverine, X-Men, Professor X, Magneto, Beast (Marvel Comics), Mystique;Matthew Vaughn;James McAvoy, Michael Fassbender, Jennifer Lawrence, Kevin Bacon, January Jones, Nicholas Hoult, Rose Byrne, Lucas Till, Edi Gathegi, Jason Flemyng;https://srv.tunefindforfans.com/showads/track/srvclk.php?aid=100006796&lp=https://www.disneyplus.com/en-cz/browse/entity-9f9e9ae3-88d8-467b-8969-28d253cc4687<br>https://srv.clickfuse.com/ads/adclkr.php?id=100006636&url=https://tv.apple.com/cz/movie/x-men-first-class/umc.cmc.61skusxhpa1uk2zap430x01j3<br>https://www.youtube.com/watch?v=nUxrOsGb_W4<br>https://srv.tunefindforfans.com/showads/track/srvclk.php?aid=100006796&lp=https://www.disneyplus.com/en-cz/browse/entity-9f9e9ae3-88d8-467b-8969-28d253cc4687<br>https://srv.clickfuse.com/ads/adclkr.php?id=100006636&url=https://tv.apple.com/cz/movie/x-men-first-class/umc.cmc.61skusxhpa1uk2zap430x01j3<br>https://www.youtube.com/watch?v=nUxrOsGb_W4<br>https://apps.apple.com/cz/app/id6755365206<br>https://play.google.com/store/apps/details?id=cz.csfd.csfdroid<br>;The Saturn Awards (1x)<br>;The Saturn Awards (1x)<br>;
19977;Planeta opic;1968;84.6772958759112;112.0;https://image.pmgstatic.com/cache/resized/w420/files/images/film/posters/166/003/166003470_460374.jpg;https://www.csfd.cz/film/19977-planeta-opic/;USA;Sci-Fi / Dobrodružný / Drama;Planet of the Apes;Někde ve vesmíru přece musí být něco, co je lepší než člověk. Když se Charlton Heston a a další dva astronauti proberou z hluboké hybernace, zjistí, že jejich kosmická loď je zničena. Při útěku zjistí, že přistáli na planetě, na které žijí inteligentní opice. Heston je odchycen a uvězněn ve městě - zbytek posádky a později i několik opic se mu samozřejmě snaží pomoci z vězení uprchnout. To se nakonec podaří a všichni jsou volní, aby ale v samém závěru všichni zjistili strašnou věc... (Magic Box);03.04.1968 20th Century Fox;podle knihy, muž, útěk, soud, budoucnost, postapokalyptická budoucnost, cestování časem, opice, kosmonauti, gorily, šimpanzi, orangutani;Franklin J. Schaffner;Charlton Heston, Roddy McDowall, Kim Hunter, Maurice Evans, James Whitmore, James Daly, Linda Harrison, Robert Gunner, Lou Wagner, Woodrow Parfrey;https://srv.tunefindforfans.com/showads/track/srvclk.php?aid=100006796&lp=https://www.disneyplus.com/en-cz/browse/entity-cc1ecc55-f081-40d0-82c7-50e67b85995c<br>https://srv.clickfuse.com/ads/adclkr.php?id=100006636&url=https://tv.apple.com/cz/movie/planet-of-the-apes/umc.cmc.22ghp9irlqn1ch8ijtgsuli99<br>https://www.youtube.com/watch?v=0406FkqYXV8<br>https://srv.tunefindforfans.com/showads/track/srvclk.php?aid=100006796&lp=https://www.disneyplus.com/en-cz/browse/entity-cc1ecc55-f081-40d0-82c7-50e67b85995c<br>https://srv.clickfuse.com/ads/adclkr.php?id=100006636&url=https://tv.apple.com/cz/movie/planet-of-the-apes/umc.cmc.22ghp9irlqn1ch8ijtgsuli99<br>https://www.youtube.com/watch?v=0406FkqYXV8<br>https://apps.apple.com/cz/app/id6755365206<br>https://play.google.com/store/apps/details?id=cz.csfd.csfdroid<br>;Academy Awards (2x)<br>The Saturn Awards (1x)<br>;Academy Awards (1x)<br>;Pierre Boulle
10099;Baron Prášil;1961;84.64879671297201;83.0;https://image.pmgstatic.com/cache/resized/w420/files/images/film/posters/164/304/164304006_1277cd.jpg;https://www.csfd.cz/film/10099-baron-prasil/;Československo;Dobrodružný / Fantasy / Sci-Fi / Animovaný;The Outrageous Baron Munchausen;Novodobý astronaut Toník přistane na Měsíci, kde se setká se zvláštní společností. Patří k ní Cyrano z Bergeracu, hrdinové verneovky Do Měsíce, ale především chvástavý baron Prášil. Všichni jej srdečně vítají se sklenkou vína a přejí si, aby domnělý Měsíčňan poznal kouzlo života na Zemi. Baron Prášil se pak spolu s Toníkem vypraví do Turecka, kde ze zajetí zákeřného sultána vysvobodí půvabnou princeznu Bianku. Vychloubačný baron se ji snaží okouzlit a vrhá se proto do bláznivých dobrodružství – ocitá se v útrobách mořské velryby, proletí se na pařátech obrovitého ptáka, na mořském koníkovi plave pod vodní hladinou, na dělové kouli se přesunuje do válečných vřav. Bianku však během fantaskních eskapád učaruje odvážný snílek Toník a nakonec společně doputují tam, kde příběh začal – na bledý Měsíc. Ten totiž patří nejen básníkům a fantastům, ale především milencům. (AČFK);21.09.1962 Ústřední půjčovna filmů;podle knihy, vojáci, ostrov, lodě, 18. století, princezna, vynálezce, kosmonauti, Měsíc, velryby, tónovaný film;Karel Zeman;Miloš Kopecký, Jana Brejchová, Rudolf Jelínek, Karel Höger, Eduard Kohout, Jan Werich, Bohuš Záhorský, Rudolf Hrušínský, Miloslav Holub, František Šlégr;https://srv.clickfuse.com/ads/adclkr.php?id=100006636&url=https://tv.apple.com/cz/movie/the-fabulous-baron-munchausen/umc.cmc.1xpxqxi7t2gznj7lqy5ptwk1s<br>https://www.youtube.com/watch?v=A7gBYWQC29s<br>https://srv.clickfuse.com/ads/adclkr.php?id=100006636&url=https://tv.apple.com/cz/movie/the-fabulous-baron-munchausen/umc.cmc.1xpxqxi7t2gznj7lqy5ptwk1s<br>https://www.youtube.com/watch?v=A7gBYWQC29s<br>https://apps.apple.com/cz/app/id6755365206<br>https://play.google.com/store/apps/details?id=cz.csfd.csfdroid<br>;The Saturn Awards (1x)<br>;;Gottfried August Bürger
42132;Naušika z Větrného údolí;1984;84.68725257323833;116.0;https://image.pmgstatic.com/cache/resized/w420/files/images/film/posters/162/676/162676295_7ed619.jpg;https://www.csfd.cz/film/42132-nausika-z-vetrneho-udoli/;Japonsko;Animovaný / Dobrodružný / Fantasy / Sci-Fi;Kaze no tani no Nausicaa;Příběh o odvážné mladé princezně se odehrává ve fantaskním světě tisíc let po globální válce, která narušila rovnováhu ekosystému. Nebojácná Naušika z Větrného údolí obdařená nadáním dorozumívat se s obřím hmyzem, objevuje v zapovězeném prostoru krásu a učí se chápat jeho ekologické zákonitosti, narozdíl od většiny lidí, vyhýbajícím se oblastem mimo civilizaci. Zatímco obyvatelé bojují proti sobě i přírodním živlům, snaží se Naušika přinést mezi všechny znesvářené strany smír. Cenami ověnčený film bývá považován za definující dílo Hajaa Mijazakiho. (Aerofilms);11.03.1984 Toho Company;dívka, anime, les, válka, naděje, monstra, ekologie, letadla, poušť, postapokalyptická budoucnost, hrdina, legenda, princezna, hmyz, houby;Hajao Mijazaki;Bin Šimada, Ičiró Nagai, Iemasa Kajumi, Miina Tominaga, Robert Clotworthy, Čika Sakamoto, Sumi Šimamoto, Tarako, Jošiko Sakakibara, Hóčú Ócuka;https://www.netflix.com/title/70019062<br>https://www.netflix.com/title/70019062<br>https://apps.apple.com/cz/app/id6755365206<br>https://play.google.com/store/apps/details?id=cz.csfd.csfdroid<br>;;;
12110;Železný obr;1999;84.63679109490452;86.0;https://image.pmgstatic.com/cache/resized/w420/files/images/film/posters/167/363/167363240_809bd8.jpg;https://www.csfd.cz/film/12110-zelezny-obr/;USA;Animovaný / Rodinný / Sci-Fi / Komedie / Dobrodružný / Krimi / Akční;The Iron Giant;Teprve devítiletý Hogarth zachrání obrovského robota, který na Zemi přiletěl z vesmíru. Hogarth se snaží svého nového geniálního kamaráda ubránit před vládním agentem a vojáky. Ve zdánlivě klidném městečku Rockwell ve státě Maine žije v roce 1957 devítiletý chlapec Hogarth, který sní o invazi vetřelců a bitvách s komunistickými agenty. Jednoho dne se mu jeho sen splní - do nedalekého jezera prý spadl obrovský robot z vesmíru. Hogarthovi se podaří robota vylovit a navzdory protestům své matky Annie ho schová u kamaráda Deana. O robotově přítomnosti se brzy dozví vládní agent Kent Mansley, který chce vetřelce zničit za každou cenu. A bude jen na Hogathovi, jestli se mu to podaří. (HBO Europe);06.08.1999 Warner Bros. US;přátelství, přátelé, 20. století, tajemství, děti, strach, mládež, záhady, chlapec, vyšetřování, pátrání, politika, vojáci, les, moře, armáda, podle komiksu, agenti, voda, oceán, maloměsto, roboti, období 1950-1960, studená válka;Brad Bird;Jennifer Aniston, Harry Connick, Jr., Vin Diesel, James Gammon, Cloris Leachman, Christopher McDonald, John Mahoney, Eli Marienthal, M. Emmet Walsh, Oliver M. Johnston Jr.;https://srv.clickfuse.com/ads/adclkr.php?id=100006636&url=https://tv.apple.com/cz/movie/the-iron-giant/umc.cmc.7jled7ztqogpzu7kgycwxkcon<br>https://www.youtube.com/watch?v=f1RhJBu0B0I<br>http://www.hbo.eu<br>http://www.hbo.eu<br>https://srv.clickfuse.com/ads/adclkr.php?id=100006636&url=https://tv.apple.com/cz/movie/the-iron-giant/umc.cmc.7jled7ztqogpzu7kgycwxkcon<br>https://www.youtube.com/watch?v=f1RhJBu0B0I<br>https://apps.apple.com/cz/app/id6755365206<br>https://play.google.com/store/apps/details?id=cz.csfd.csfdroid<br>;New York Film Critics Circle Awards (1x)<br>The Saturn Awards (2x)<br>;Florida Film Critics Circle Awards (1x)<br>Los Angeles Film Critics Association Awards (1x)<br>;Will Eisner
70254;Věčný svit neposkvrněné mysli;2004;84.37610808828025;108.0;https://image.pmgstatic.com/cache/resized/w420/files/images/film/posters/164/160/164160500_547d34.jpg;https://www.csfd.cz/film/70254-vecny-svit-neposkvrnene-mysli/;USA;Drama / Romantický / Sci-Fi;Eternal Sunshine of the Spotless Mind;Život osamělého a nesmělého Joela se od základu změní, když potká excentrickou a temperamentní Clementine. Ta je výstřední ve všech směrech a k bláznivým kouskům stále úspěšněji vyzývá i Joela, jenže je rovněž nevyrovnaná a výbušná a jednoho dne se rozhodne Joela zbavit a začít znovu. Na experimentální klinice se podrobí vymazání paměti, a jelikož pokus dopadne úspěšně, rozhodne se zdrcený Joel pro stejné řešení. Nemá ale štěstí, tentokrát se zákrok vymkne lékaři z rukou a dílo zkázy dokoná jeho asistent, který se místo pečlivého monitorování mozkové činnosti klienta nechá svést k divokým erotickým hrátkám. Režisér umí mistrovsky rozrušovat časoprostorovou kontinuitu a nahrazovat ji asociativním spojováním útržků, jež pocházejí z různých vrstev paměti, a zde se tento princip uplatní při rekonstrukci celého vztahu ústřední dvojice. Odvíjí se pozpátku, k některým zážitkům se film opakovaně vrací, mnohé deformuje v závislosti na Joelových rozjitřených emocích.;19.03.2004 Focus Features;muž, láska, žena, vzpomínky, sny, doktoři, moře, voda, černý humor, rozchod, sníh, oceán, vlak, surrealismus, amnézie;Michel Gondry;Jim Carrey, Kate Winslet, Kirsten Dunst, Tom Wilkinson, Mark Ruffalo, Elijah Wood, Ryan Whitney, Debbon Ayer, Thomas Jay Ryan, Jane Adams;https://srv.clickfuse.com/ads/adclkr.php?id=100006636&url=https://tv.apple.com/cz/movie/eternal-sunshine-of-the-spotless-mind/umc.cmc.4sao10xsyfeqf1t185lhrvo65<br>https://srv.clickfuse.com/ads/adclkr.php?id=100006636&url=https://tv.apple.com/cz/movie/eternal-sunshine-of-the-spotless-mind/umc.cmc.4sao10xsyfeqf1t185lhrvo65<br>https://apps.apple.com/cz/app/id6755365206<br>https://play.google.com/store/apps/details?id=cz.csfd.csfdroid<br>;Academy Awards (1x)<br>British Academy of Film and Television Arts (BAFTA) (4x)<br>European Film Awards (1x)<br>César Awards (1x)<br>Robert Awards (Danish Film Awards) (1x)<br>Golden Globes (4x)<br>Critics Choice Awards (3x)<br>Los Angeles Film Critics Association Awards (1x)<br>New York Film Critics Circle Awards (3x)<br>The Saturn Awards (5x)<br>;Academy Awards (1x)<br>British Academy of Film and Television Arts (BAFTA) (2x)<br>The Saturn Awards (1x)<br>;
194528;More;1998;85.05985634477254;6.0;https://image.pmgstatic.com/cache/resized/w420/files/images/film/posters/099/534/99534306_934ea8.jpg;https://www.csfd.cz/film/194528-more/;USA;Krátkometrážní / Animovaný / Sci-Fi;;"Tento krátkometrážní šestiminutový film nám velice vybíravým způsobem ukazuje dilema úspěchu za ""nějakou cenu"". Stěžejní postavou filmu je osamělý vynálezce, který ve dne pracuje jako řadový dělník-elektrotechnik v továrně, která ve velkém množství produkuje přístroj který má lidem zlepšovat život. V noci však sám pracuje na vynálezu, který má jeho vytoužené pocity promítnout vizuálně. Konečně se mu přístroj podaří sestrojit a díky slávě z jeho prodeje se stane šéfem v oné fabrice. Později však zjišťuje, že spolu s úspěchem jeho přístroje v něm něco vyhaslo. Film je stylizován do oslovující anonymní šedi, která spolu s vynikající hudbou navodí opravdu správnou atmosféru a donutí člověka o motivu přemýšlet. (ČSFD)";;vynálezce;Mark Osborne;;https://apps.apple.com/cz/app/id6755365206<br>https://play.google.com/store/apps/details?id=cz.csfd.csfdroid<br>;Academy Awards (1x)<br>;Sundance Film Festival (1x)<br>;
771;Pátý element;1997;84.17662767039675;126.0;https://image.pmgstatic.com/cache/resized/w420/files/images/film/posters/170/554/170554570_antoy6.jpg;https://www.csfd.cz/film/771-paty-element/;Francie;Sci-Fi / Akční / Komedie / Thriller;Le Cinquième Élément;New York, dvacáté třetí století. Země má být co nevidět zničena obří ohnivou koulí, která se na ni řítí. Cornelius (Ian Holm), starý mnich, však ví, čím tento hořící kolos zastavit: Pátým elementem. Je to Nejvyšší existence, propojující čtyři základní Elementy – vzduch, vodu, oheň a Zemi, které pouze společně, jako jediná Moc, mohou zastavit blížící se Zlo. Cornelius získává jako spojence v tomto boji Korbena Dallase (Bruce Willis), taxikáře a bývalého agenta tajné služby a Leeloo (Milla Jovovich), mimozemšťana v podobě krásné mladé dívky. Tuto trojici čeká na jejich cestě za záchranou lidstva spousta dobrodružství a hlavně boj se strašným Zorgem (Gary Oldman) a jeho děsivými spojenci Mangalory. (Magic Box);Na DVD od 11.06.2001 Intersonic;muž, žena, násilí, dívka, tajemství, strach, záhady, útěk, zbraně, pátrání, cestování, vojáci, manipulace, intriky, pronásledování, putování, boj o přežití, souboje, armáda, New York, agenti, rvačka, střelné zbraně, mimozemšťané, panika, přepadení, přestřelka, dobrodruh, střelba, konspirace, budoucnost, hrdina, vesmírná loď, spiknutí, apokalypsa, moc, řidič, týmová práce, dobrodružství, puška, Wilhelm scream, taxi, mniši, artefakt, tajná služba, klonování, konec světa, paleoastronautika;Luc Besson;Bruce Willis, Gary Oldman, Ian Holm, Milla Jovovich, Chris Tucker, Luke Perry, Brion James, Marie Guillard, Tommy 'Tiny' Lister, Lee Evans;https://apps.apple.com/cz/app/id6755365206<br>https://play.google.com/store/apps/details?id=cz.csfd.csfdroid<br>;Academy Awards (1x)<br>European Film Awards (1x)<br>César Awards (5x)<br>The Saturn Awards (4x)<br>Golden Raspberry Awards (Razzies) (2x)<br>;British Academy of Film and Television Arts (BAFTA) (1x)<br>César Awards (3x)<br>;
228687;Únos;2006;84.28478684267475;5.0;https://image.pmgstatic.com/cache/resized/w420/files/images/film/posters/000/051/51981_4e125b.jpg;https://www.csfd.cz/film/228687-unos/;USA;Krátkometrážní / Animovaný / Sci-Fi / Komedie;Lifted;Když se přehnaně sebejistý mladý mimozemšťan nachomýtne k řízení vesmírné lodi, musí se pod přísným dohledem kritického mentora pokusit unést podřimujícího farmáře. Únosy lidí však vyžadují preciznost a zručnost. Po několika chybných úkonech je nadmíru jasné, proč každoročně nezmizí mnohem více lidí. (HBO Europe);Na DVD od 09.06.2010 Magic Box;únos, mimozemšťané, vesmírná loď;Gary Rydstrom;;https://srv.tunefindforfans.com/showads/track/srvclk.php?aid=100006796&lp=https://www.disneyplus.com/en-cz/browse/entity-24ce441b-b762-4210-bf4a-748a266e3c75<br>http://www.hbo.eu<br>https://srv.tunefindforfans.com/showads/track/srvclk.php?aid=100006796&lp=https://www.disneyplus.com/en-cz/browse/entity-24ce441b-b762-4210-bf4a-748a266e3c75<br>https://apps.apple.com/cz/app/id6755365206<br>https://play.google.com/store/apps/details?id=cz.csfd.csfdroid<br>;Academy Awards (1x)<br>;;
16367;Donnie Darko;2001;84.07201105120093;113.0;https://image.pmgstatic.com/cache/resized/w420/files/images/film/posters/162/298/162298069_034109.jpg;https://www.csfd.cz/film/16367-donnie-darko/;USA;Mysteriózní / Drama / Sci-Fi;Donnie Darko;Někdo by si mohl myslet, že Donnie Darko je typický puberťák. Jenže Donnie je zklamaný kluk, trpící vizemi o obrovském králíkovi, který se ho snaží dostat pod svůj zničující vliv. Aby tomu zabránil, dopustí se činů, které ho přivedou až na psychoterapii. Přežije nesnáze středoškolského života i lásky a unikne bizarní smrti, která mu hrozí při pádu motoru z letadla. Donnie bojuje se svými démony, v přeneseném i skutečném slova smyslu, a prožívá příběhy, související s putováním v čase, s fundamentalistickými guru, osudem i machinacemi s vesmírem.;26.10.2001 Newmarket Films;láska, rodina, přátelství, přátelé, dívka, tajemství, otec, matka, rodiče, mládež, město, záhady, touha, syn, chlapec, zvířata, škola, sourozenci, dospívání, sny, studenti, střední škola, samota, osamělost, surrealismus, cestování časem, apokalypsa, psycholog, halucinace, kino, zahrada, časová smyčka, schizofrenie, králíci;Richard Kelly;Jake Gyllenhaal, Holmes Osborne, Maggie Gyllenhaal, Daveigh Chase, Mary McDonnell, James Duval, Patrick Swayze, David St. James, Seth Rogen, Jena Malone;/tvurce/48968-jackson-rathbone/prehled/<br>https://apps.apple.com/cz/app/id6755365206<br>https://play.google.com/store/apps/details?id=cz.csfd.csfdroid<br>;Independent Spirit Awards (3x)<br>The Saturn Awards (1x)<br>Sundance Film Festival (1x)<br>;The Saturn Awards (1x)<br>Sitges Film Festival (1x)<br>;
6000;Tajemství hradu v Karpatech;1981;83.95741324921136;97.0;https://image.pmgstatic.com/cache/resized/w420/files/images/film/posters/160/457/160457436_729a4b.jpg;https://www.csfd.cz/film/6000-tajemstvi-hradu-v-karpatech/;Československo;Komedie / Sci-Fi;The Mystery of the Carpathian Castle;"V Karpatském království stojí nad vesnicí Vyšné Vlkodlaky tajemný hrad, jehož majitelem je baron Gorc z Gorců. Na jeho objednávku sestrojil šílený vědec Orfanik zvláštní přístroj, který pomocí světelných paprsků vytváří iluzi skutečnosti. Tento ""dálkovid"", zrozený ve fantazii spisovatele Julesa Verna, předběhl o sto let vznik televize. Jak to bylo vlastně s prvním filmovým představením a s objevem televize, odhalí po mnoha dobrodružstvích při pátrání ve strašidelném hradním labyrintu hrabě Felix Teleke z Tölökö, hlavní postava filmového příběhu, který je třetí společnou prací scenáristy Jiřího Brdečky a režiséra Oldřicha Lipského. Parodie na verneovské vědecko-fantastické romány je inspirována pozapomenutým dílem slavného francouzského spisovatele Tajemný hrad v Karpatech a obohacena o nové prvky, například o ""karpatský"" folklór, pro nějž byl vytvořen i vlastní jazyk.";01.10.1981 Ústřední půjčovna filmů;podle knihy, láska, vražda, únos, vesnice, les, 19. století, hory, zpěv, opera, parodie, šlechta, snoubenci, hrad, sluha, vynálezce, šílený vědec, období 1890-1900, steampunk, sběratel;Oldřich Lipský;Michal Dočolomanský, Jan Hartl, Miloš Kopecký, Rudolf Hrušínský, Vlastimil Brodský, Evelyna Steimarová, Augustín Kubán, Jaroslava Kretschmerová, Oldřich Velen, Míla Myslíková;https://www.iprima.cz/filmy/tajemstvi-hradu-v-karpatech?utm_source=csfd&utm_medium=section_vod&utm_campaign=link_exchange<br>https://www.iprima.cz/filmy/tajemstvi-hradu-v-karpatech?utm_source=csfd&utm_medium=section_vod&utm_campaign=link_exchange<br>https://apps.apple.com/cz/app/id6755365206<br>https://play.google.com/store/apps/details?id=cz.csfd.csfdroid<br>;;;Jules Verne
393332;Avengers: Endgame;2019;83.92181368260555;182.0;https://image.pmgstatic.com/cache/resized/w420/files/images/film/posters/163/434/163434385_4255c9.png;https://www.csfd.cz/film/393332-avengers-endgame/;USA;Akční / Dobrodružný / Sci-Fi / Fantasy;Avengers: Endgame;Hrozivé události způsobené Thanosem, který vyhladil polovinu života ve vesmíru a silně oslabil Avengers, vedou zbylé superhrdiny k tomu, aby ve strhujícím finále 22 filmů studia Marvel zvaném Avengers: Endgame sebrali poslední síly a pokusili se vrátit úder. (Falcon);26.04.2019 Walt Disney US;smrt, souboje, podle komiksu, magie, superhrdina, cestování časem, Marvel Comics, yakuza, San Francisco, Marvel Cinematic Universe (MCU), Spider-Man, crossover, Captain America, Iron Man, Hulk, Thor (Marvel Comics), Nick Fury, Black Widow, Hawkeye, supervoják, Black Panther, Loki (Marvel Comics), portál, Ant-Man, Doctor Strange, Avengers, Falcon, Rocket Raccoon, Groot, Scarlet Witch, Red Skull, War Machine, Drax the Destroyer, Captain Marvel, Strážci Galaxie, Wasp, Thanos, Nebula, Crossbones;Anthony Russo, Joe Russo;Robert Downey Jr., Chris Evans, Mark Ruffalo, Chris Hemsworth, Scarlett Johansson, Jeremy Renner, Don Cheadle, Paul Rudd, Benedict Cumberbatch, Chadwick Boseman;https://srv.tunefindforfans.com/showads/track/srvclk.php?aid=100006796&lp=https://www.disneyplus.com/en-cz/browse/entity-b39aa962-be56-4b09-a536-98617031717f<br>https://srv.clickfuse.com/ads/adclkr.php?id=100006636&url=https://tv.apple.com/cz/movie/avengers-endgame/umc.cmc.4ao9tm6b6rz4sy7yj5v13ltf8<br>https://srv.tunefindforfans.com/showads/track/srvclk.php?aid=100006796&lp=https://www.disneyplus.com/en-cz/browse/entity-b39aa962-be56-4b09-a536-98617031717f<br>https://srv.clickfuse.com/ads/adclkr.php?id=100006636&url=https://tv.apple.com/cz/movie/avengers-endgame/umc.cmc.4ao9tm6b6rz4sy7yj5v13ltf8<br>https://apps.apple.com/cz/app/id6755365206<br>https://play.google.com/store/apps/details?id=cz.csfd.csfdroid<br>;Academy Awards (1x)<br>British Academy of Film and Television Arts (BAFTA) (1x)<br>Critics Choice Awards (1x)<br>Florida Film Critics Circle Awards (1x)<br>The Saturn Awards (8x)<br>;Critics Choice Awards (2x)<br>The Saturn Awards (6x)<br>;Stan Lee, Jack Kirby
4039;Bílá nemoc;1937;83.92329302552828;106.0;https://image.pmgstatic.com/cache/resized/w420/files/images/film/posters/161/031/161031399_542207.jpg;https://www.csfd.cz/film/4039-bila-nemoc/;Československo;Drama / Psychologický / Podobenství / Sci-Fi;Bílá nemoc;"Do jakési země, jejíž národ je plamennými projevy diktátora právě úspěšně přesvědčován o své nadřazenosti a oprávněnosti vojenské expanze, se rozšířil bacil silně destruktivní formy malomocenství. Je nazýván morbus Tshengi nebo lidově „bílá nemoc"". Jediný, kdo proti němu vyvinul účinný lék, je lékař chudých jménem Galén. Odmítá však tajemství svého medikamentu prozradit, dokud mocní maří lidské životy válkami. (NFA)";21.12.1937 Moldaviafilm;černobílý film, smrt, 20. století, podle divadelní hry, doktoři, nemoc, nemocnice, nevyléčitelná nemoc, diktátor, protiválečný, První republika;Hugo Haas;Hugo Haas, Zdeněk Štěpánek, Karla Oličová, Bedřich Karen, Václav Vydra st., Ladislav Boháč, Jaroslav Průcha, Karel Dostal, Rudolf Deyl st., František Smolík;https://srv.clickfuse.com/ads/adclkr.php?id=100006636&url=https://tv.apple.com/cz/movie/skeleton-on-horseback/umc.cmc.3b5jsyktbyfbyont8gbpcht7e<br>https://srv.clickfuse.com/ads/adclkr.php?id=100006636&url=https://tv.apple.com/cz/movie/skeleton-on-horseback/umc.cmc.3b5jsyktbyfbyont8gbpcht7e<br>https://apps.apple.com/cz/app/id6755365206<br>https://play.google.com/store/apps/details?id=cz.csfd.csfdroid<br>;;;
370872;Logan: Wolverine;2017;83.81607410283432;137.0;https://image.pmgstatic.com/cache/resized/w420/files/images/film/posters/161/521/161521161_59e53b.jpg;https://www.csfd.cz/film/370872-logan-wolverine/;USA;Sci-Fi / Akční / Thriller / Drama;Logan;"Wolverine (Hugh Jackman) se vrací. Jenže je na tom nyní trochu hůř. Jeho schopnost uzdravování pomalu vyprchává a elánem také zrovna nehýří. Navíc je na vše skoro sám. Z X-Menů přežívá ještě Charles Xavier známý také jako Profesor X (Patrick Stewart), který je ale vážně nemocný, ztrácí paměť a trpí nebezpečnými záchvaty ohrožujícími jeho okolí. Společně se ukrývají v opuštěné továrně na americko-mexické hranici. Jejich utajení ale skončí, když se objeví Laura (Dafne Keen), dívka, která má překvapivě stejné schopnosti jako Wolverine a v patách má navíc nelítostné pronásledovatele, kteří se jí snaží zmocnit. Ve chvíli, kdy Wolverine a Profesor X přijmou Lauru „do rodiny"", stávají se z nich štvanci, kterým jde po krku velmi brutální a vytrvalý nepřítel. Hrdinové na útěku mají k dispozici jen zbytky sil starých X-menů a Lauřiny schopnosti, které však ona sama těžko zvládá. A tak přichází čas, aby Wolverine v sobě našel zbývající vůli a sílu nejen k boji, ale i k tomu, aby Lauře předal své zkušenosti. (CinemArt)";03.03.2017 20th Century Fox;násilí, podle komiksu, gore, Marvel Comics, mutanti, genetická úprava, neo-western, Wolverine, X-Men, Professor X;James Mangold;Hugh Jackman, Patrick Stewart, Boyd Holbrook, Dafne Keen, Stephen Merchant, Richard E. Grant, Eriq La Salle, Elise Neal, Elizabeth Rodriguez, Doris Morgado;https://srv.tunefindforfans.com/showads/track/srvclk.php?aid=100006796&lp=https://www.disneyplus.com/en-cz/browse/entity-7c1743ec-7cd6-4da4-9e8c-b713ad4e634a<br>https://srv.clickfuse.com/ads/adclkr.php?id=100006636&url=https://tv.apple.com/cz/movie/logan/umc.cmc.1n3n02llymsjkbc3hvpajiwii<br>https://www.youtube.com/watch?v=eUz5T5ILBW8<br>https://srv.tunefindforfans.com/showads/track/srvclk.php?aid=100006796&lp=https://www.disneyplus.com/en-cz/browse/entity-7c1743ec-7cd6-4da4-9e8c-b713ad4e634a<br>https://srv.clickfuse.com/ads/adclkr.php?id=100006636&url=https://tv.apple.com/cz/movie/logan/umc.cmc.1n3n02llymsjkbc3hvpajiwii<br>https://www.youtube.com/watch?v=eUz5T5ILBW8<br>https://apps.apple.com/cz/app/id6755365206<br>https://play.google.com/store/apps/details?id=cz.csfd.csfdroid<br>;Academy Awards (1x)<br>AACTA International Awards (1x)<br>Critics Choice Awards (3x)<br>The Saturn Awards (5x)<br>;The Saturn Awards (1x)<br>;Mark Millar
222972;Star Trek;2009;83.79838065914015;127.0;https://image.pmgstatic.com/cache/resized/w420/files/images/film/posters/164/947/164947997_740723.jpg;https://www.csfd.cz/film/222972-star-trek/;USA / Německo;Sci-Fi / Dobrodružný / Akční;Star Trek;Zapomeňte všechno, co víte! Tvůrce seriálů Ztraceni, Fringe, Alias a filmů Mission: Impossible III nebo Monstrum - J. J. Abrams - přináší na stříbrné plátno zcela nové sci-fi dobrodružství. Star Trek, jak ho ještě neznáte. Příběh pojednává o první výpravě mladé posádky na palubě hvězdné lodi U.S.S. Enterprise. Jejich cestu doprovází spousta akce, humoru a vesmírného nebezpečenství. Nováčci musejí nalézt způsob, jak zastavit padoucha, jehož honba za pomstou ohrožuje celé lidstvo. Osud Galaxie spočívá v rukou dvojice zapřisáhlých nepřátel. Jedním z nich je James T. Kirk (Chris Pine), nezvedený venkovský kluk z Iowy a milovník života „na hraně“. Druhým je Spock (Zachary Quinto), vychovaný ve společnosti, která staví na logice a odmítá veškeré emoce. Divoký instinkt se střetne s chladným rozumem, ovšem pouze jejich spojení provede posádku bez úhony velkým nebezpečím, které představuje pomstychtivý Nero (Eric Bana). Kirk a jeho bližní se odvážně pustí tam, kam se dosud nikdo nevydal…;08.05.2009 Paramount Pictures;muž, žena, přátelství, přátelé, násilí, strach, cestování, putování, rivalita, kolegové, souboje, kamarádi, rvačka, mimozemšťané, nebezpečí, vesmír, hádka, budoucnost, cestování časem, vesmírná loď, týmová práce, destrukce, ničení, Star Trek, odvaha, raketoplán, červí díra, posádka vesmírné lodi;J.J. Abrams;Chris Pine, Zachary Quinto, Leonard Nimoy, Eric Bana, Bruce Greenwood, Karl Urban, Zoe Saldaña, Simon Pegg, John Cho, Anton Yelchin;https://www.skyshowtime.com/cz/stream/movies/star-trek/3c11745a-c4c5-35c4-9487-c8a218327705<br>https://srv.clickfuse.com/ads/adclkr.php?id=100006636&url=https://tv.apple.com/cz/movie/star-trek/umc.cmc.1qfm0vxptnl42u4jclqwbtxt9<br>https://www.youtube.com/watch?v=9rWZkMQyJvk<br>https://www.skyshowtime.com/cz/stream/movies/star-trek/3c11745a-c4c5-35c4-9487-c8a218327705<br>https://srv.clickfuse.com/ads/adclkr.php?id=100006636&url=https://tv.apple.com/cz/movie/star-trek/umc.cmc.1qfm0vxptnl42u4jclqwbtxt9<br>https://www.youtube.com/watch?v=9rWZkMQyJvk<br>https://apps.apple.com/cz/app/id6755365206<br>https://play.google.com/store/apps/details?id=cz.csfd.csfdroid<br>;Academy Awards (3x)<br>British Academy of Film and Television Arts (BAFTA) (2x)<br>Critics Choice Awards (5x)<br>The Saturn Awards (5x)<br>;Academy Awards (1x)<br>The Saturn Awards (1x)<br>;
5395;Mechanický pomeranč;1971;83.74357664026347;136.0;https://image.pmgstatic.com/cache/resized/w420/files/images/film/posters/158/083/158083520_a82328.jpg;https://www.csfd.cz/film/5395-mechanicky-pomeranc/;Velká Británie / USA;Drama / Krimi / Sci-Fi;A Clockwork Orange;"Miloval násilí, sex a Beethovena. Malcolm McDowell v britském kultovním filmu. Žije jen pro tři věci: násilí, sex a Beethovena. Alex deLarge, vůdce čtyřčlenné party výtržníků, před níž si není nikdo jistý. Chodí v buřinkách a bílých kostýmech s velkými suspenzory, navštěvují mléčný bar „Korova"" a pijí tamní specialitu – drogami obohacené „moloko"", které je pokaždé vybudí k pořádné dávce ultranásilí. Tu brutálně zmlátí opilého tuláka kdesi v podchodu, tu se servou s konkurenčním gangem, tu přepadnou poklidný dům spořádaných občanů... Pak se však jednoho dne ono pověstné ucho utrhne a Alex skončí ve vězení. Ve vězení, z něhož je jediná cesta: stát se pokusným králíkem, nechat si v nejnovějším experimentu „vymýt mozek"" tak, aby vše, pro co dosud žil, začal nejen nenávidět, ale přímo fyzicky nesnášet...Kriminální satira s prvky sci-fi je jedním z nejprovokativnějších filmů režiséra Kubricka. V příběhu, natočeném podle románu Anthonyho Burgesse a odehrávajícím se „v Londýně nedaleké budoucnosti"", se – zejména v poruštěné angličtině – projevují vlivy dnes již odeznělé studené války a překračují mnohá tabu, která do té doby v kinematografii byla. Film vzbudil samozřejmě rozporuplné ohlasy, bylo mu dokonce vytýkáno, že díky němu vzrostla kriminalita městské mládeže. O dva roky později, kdy již Kubrick pracoval na Barrym Lyndonovi, bylo násilím vyhrožováno jemu i jeho rodině. Ze všech těchto důvodů byl film – na režisérovu vlastní žádost – v tichosti stažen z kin a až do Kubrickovy smrti nebylo ve Velké Británii povoleno jeho promítání.Rozporuplný postoj k filmu se projevil i při mezinárodních hodnoceních. Kromě Ceny Kruhu newyorských kritiků za nejlepší film a režii nezískal totiž Mechanický pomeranč nic z řady cen, na něž byl nominován. (Konkrétně na 4 Oscary, 7 cen BAFTA, 3 Zlaté glóby...). Při udílení Oscarů v r. 1972 Kubricka „porazil"" William Friedkin se svou Francouzskou spojkou, nicméně při slavnostním ceremoniálu on sám vyslovil to, co si zřejmě myslelo i mnoho dalších: že nejlepším filmovým tvůrcem roku je právě Stanley Kubrick...Film stojí a padá s výkonem Malcolma McDowella, bez něhož – jak se režisér vyjádřil – by nemohl vzniknout. V hercově filmografii je to nepochybně nejvýraznější a nejlepší role, jakou kdy odvedl, nicméně ani on se žádného oficiálního ohodnocení nedočkal. (Česká televize)";05.04.2019 British Film Institute (BFI);podle knihy, muž, násilí, strach, mládež, touha, oběť (autonehody/zločinu), sex, zločin, vězení, vášeň, mrtvola, doktoři, bolest, kriminalita, gang, psychopat, šílenství, krutost, znásilnění, chladnokrevnost, budoucnost, experiment, sexuální obtěžování, sociopat, sexuální zneužívání, antiutopie, anarchismus, psychika, Velká Británie, Anglie, sexuální násilí, vězeň, retrofuturismus;Stanley Kubrick;Malcolm McDowell, Patrick Magee, Warren Clarke, Adrienne Corri, Anthony Sharp, Philip Stone, Margaret Tyzack, Steven Berkoff, David Prowse, Gillian Hills;https://srv.clickfuse.com/ads/adclkr.php?id=100006636&url=https://tv.apple.com/cz/movie/a-clockwork-orange/umc.cmc.3ldbiqqnpx3d6bd8eknxioyaf<br>https://www.youtube.com/watch?v=feMROu_ialI<br>http://www.ceskatelevize.cz<br>http://www.ceskatelevize.cz<br>https://srv.clickfuse.com/ads/adclkr.php?id=100006636&url=https://tv.apple.com/cz/movie/a-clockwork-orange/umc.cmc.3ldbiqqnpx3d6bd8eknxioyaf<br>https://www.youtube.com/watch?v=feMROu_ialI<br>https://apps.apple.com/cz/app/id6755365206<br>https://play.google.com/store/apps/details?id=cz.csfd.csfdroid<br>;Academy Awards (4x)<br>British Academy of Film and Television Arts (BAFTA) (7x)<br>Golden Globes (3x)<br>New York Film Critics Circle Awards (1x)<br>The Saturn Awards (3x)<br>;New York Film Critics Circle Awards (2x)<br>The Saturn Awards (1x)<br>;Anthony Burgess
372874;Johnny Express;2014;84.44221105527639;5.0;https://image.pmgstatic.com/cache/resized/w420/files/images/film/posters/160/207/160207627_288e53.jpg;https://www.csfd.cz/film/372874-johnny-express/;Jižní Korea;Krátkometrážní / Animovaný / Komedie / Sci-Fi;Johnny Express;Nejlepší zásilková služba ve vesmíru. Balíček je třeba doručit stůj co stůj. (Jezinka.Jezinka);;;Kyungmin Woo;;https://apps.apple.com/cz/app/id6755365206<br>https://play.google.com/store/apps/details?id=cz.csfd.csfdroid<br>;;;
34300;Ghost in the Shell;1995;83.48066935949221;82.0;https://image.pmgstatic.com/cache/resized/w420/files/images/film/posters/159/217/159217175_79d80b.jpg;https://www.csfd.cz/film/34300-ghost-in-the-shell/;Japonsko;Animovaný / Akční / Sci-Fi / Thriller;Kōkaku kidōtai;"„V blízké budoucnosti se korporátní sítě dostávají až ke hvězdám, elektrony a světlo proudí vesmírem. Pokrok v komputerizaci však ještě nevyhubil národy a etnické skupiny…“ V roce 2029 jsou počítačové implantáty v kyborgicky upravených tělech samozřejmostí a Japonsko se stalo jedním velkým městem, které je zasíťováno tokem informací. Vyšetřovatelka Motoko, napůl člověk, napůl stroj, řeší případ zločinné umělé inteligence, která vznikla v počítačové síti zvláštní obdobou evolučních procesů. Následuje nejen mocenský boj nadnárodních organizací, ale také boj o hranice těla, ducha a soustrojí… Mimo Akiry (1988) je Ghost in the Shell bezesporu nejslavnější filmová adaptace na základě komiksové předlohy vůbec. Dle anime z konce 80. let autora a ilustrátora Masamune Širóa ji natočil režisér Mamoru Ošii, který se rovněž postaral o povedené pokračování snímku, zvané Ghost in the Shell 2.0 (2008). Původní dílo z roku 1995 na jednu stranu vydatně čerpalo z tzv. kyberpunku, literárního směru, který ustanovili spisovatelé jako Bruce Sterling, William Gibson či Philip K. Dick. Na stranu druhou ale Ghost in the Shell zásadním způsobem ovlivnilo další, podobně laděná díla, jako Matrix, A.I. Umělá inteligence, Dredd, Avatar či Ex Machina. Ošii se scenáristou Kazunori Itóem s detailní bravurou vykreslili realistický svět až znepokojivě blízké budoucnosti, v níž se odvíjí hypnoticky pojatý příběh o samé podstatě lidskosti, při němž si nelze nevzpomenout na dědictví uměleckých sci-fi jako Solaris či 2001: Vesmírná odysea. Na svébytném výrazu existenciálního filmu se zásadním způsobem podepsal rovněž hudební skladatel Kendži Kawai, jehož skladby, v čele s ""Making of a Cyborg"", jsou neopakovatelnou ukázkou směšování tradice a moderny. To platí i pro výtvarné ztvárnění Ghost in the Shell, dobově pokrokové, snoubící kreslenou animaci s digitálními efekty. O kultovním postavení snímku svědčí fakt, že roku 2017 vznikl v mezinárodní koprodukci hraný remake stejného jména, stejně jako existence bobtnající franšízy, která zahrnuje filmy, televizní minisérie, komiksy či počítačové hry. (Česká televize)";;policie, anime, intriky, podle komiksu, internet, umělá inteligence, tajná organizace, hacker, androidi, kyberpunk;Mamoru Ošii;Akio Ócuka, Acuko Tanaka, Iemasa Kajumi, Kóiči Jamadera, Tamio Óki, Šigeru Čiba, Teššó Genda, Júdži Ueda, Maaja Sakamoto, Hiroši Janaka;https://srv.clickfuse.com/ads/adclkr.php?id=100006636&url=https://tv.apple.com/cz/movie/ghost-in-the-shell/umc.cmc.rjmilfye6al93novdmu2l28c<br>http://www.ceskatelevize.cz<br>http://www.ceskatelevize.cz<br>https://srv.clickfuse.com/ads/adclkr.php?id=100006636&url=https://tv.apple.com/cz/movie/ghost-in-the-shell/umc.cmc.rjmilfye6al93novdmu2l28c<br>https://apps.apple.com/cz/app/id6755365206<br>https://play.google.com/store/apps/details?id=cz.csfd.csfdroid<br>;;;Masamune Širó
246900;Ghost in the Shell 2.0;2008;83.72750642673522;85.0;https://image.pmgstatic.com/cache/resized/w420/files/images/film/posters/167/772/167772969_en403g.jpg;https://www.csfd.cz/film/246900-ghost-in-the-shell-2-0/;Japonsko / USA;Animovaný / Akční / Sci-Fi;Kōkaku kidōtai 2.0;V Japonsku roku 2029, v době, kdy každá část těla lze nahradit kyberimplantáty a většina lidí je neustále připojena k síti, vzniká speciální jednotka (sekce 6) určená ke stíhání hackerů. Když ovšem zatknou hackera, který si říká loutkař, zjistí, že to není člověk, ale pouze samoudržovací program zhotovený pro státní účely. Stojí tedy před otázkou, zda je tento program, který si vyvinul osobnost, bytost nebo ne. Ghost in the Shell 2.0 je pouze remake původního filmu z roku 1995. Je překreslený do moderní animace a jsou přidány realističtější zvuky. (Mello);12.07.2008 Bandai Visual;policie, anime, hacker, kyberpunk;Mamoru Ošii;Akio Ócuka, Acuko Tanaka, Kóiči Jamadera, Tamio Óki, Šigeru Čiba, Teššó Genda, Júdži Ueda, Maaja Sakamoto, Kósuke Meguro, Jošiko Sakakibara;https://apps.apple.com/cz/app/id6755365206<br>https://play.google.com/store/apps/details?id=cz.csfd.csfdroid<br>;;;Masamune Širó
32353;Stalker;1979;83.3608067487637;162.0;https://image.pmgstatic.com/cache/resized/w420/files/images/film/posters/162/193/162193239_ecb4e5.jpg;https://www.csfd.cz/film/32353-stalker/;Sovětský svaz;Drama / Sci-Fi / Mysteriózní / Poetický;Stalker;Film STALKER režiséra Andreje Tarkovského je alegorické sci-fi, stejně jako jeho předchůdce, drama Solaris. Příběh sleduje tři muže - Profesora, Spisovatele a Stalkera - kteří cestují napříč záhadným a zakázaným územím ruské divočiny zvaným Zóna. V Zóně nic není takové, jaké se na první pohled zdá. Předměty mění svá místa, krajina se sama přesouvá a přeskupuje. Vypadá to, jako by neznámá inteligence aktivně mařila každý pokus o proniknutí za hranice této oblasti. Říká se, že se v Zóně nachází bunkr, v němž je kouzelná místnost, která dokáže splnit každé přání. Stalker je najat jako průvodce, který si díky svým opakovaným návštěvám Zóny zvykl na její složité pasti, nástrahy i záludná zkreslení. Jen pokud jej budou následovat (což často znamená podstoupit tu nejdelší, nejnepříjemnější cestu), dostanou se Spisovatel s Profesorem k bunkru a kouzelné místnosti živí. (Cinemax);Na DVD od 11.03.2006 Zóna a Aerofilms;podle knihy, tajemství, záhady, vojáci, spisovatel, komunismus, tělesné postižení, antiutopie, filozof, přání, telekineze;Andrej Tarkovskij;Alexandr Kajdanovskij, Anatolij Solonicyn, Nikolaj Griňko, Alisa Frejndlich, Nataša Abramova, Faime Jurno, Je. Kostin, R. Rendi, Sergej Jakovlev, Mary Murray;https://apps.apple.com/cz/app/id6755365206<br>https://play.google.com/store/apps/details?id=cz.csfd.csfdroid<br>;;Cannes Film Festival (1x)<br>;Arkadij Strugackij, Boris Strugackij
384557;Marťan;2015;83.00352890113415;144.0;https://image.pmgstatic.com/cache/resized/w420/files/images/film/posters/160/148/160148253_f1fc59.jpg;https://www.csfd.cz/film/384557-martan/;USA / Velká Británie;Sci-Fi / Dobrodružný / Drama;The Martian;"Astronaut Mark Watney (Matt Damon) během mise na Mars málem zahynul v prašné bouři. Zbytek jeho posádky planetu opustil v domnění, že je mrtvý. Ale Watney přežil a ocitne se tak omylem sám na nepřátelské planetě. Má k dispozici jen hubené zásoby a tak musí využít veškerý důvtip, invenci a technické znalosti, aby nejen přežil, ale také nalezl způsob, jak vyslat signál na Zemi, že je naživu. V okamžiku, kdy se mu to podaří, začne miliony kilometrů daleko od něj NASA a mezinárodní tým vědců neúnavně pracovat, aby dostali tohoto „Marťana"" domů. Zatímco členové jeho posádky souběžně prokazují svou odvahu na téměř nemožné záchranné misi. (CinemArt)";30.09.2015 20th Century Fox UK;podle knihy, muž, přátelství, přátelé, cestování, putování, kolegové, boj o přežití, dilema, naděje, nehoda, vědci, samota, vesmír, osamělost, věda, budoucnost, vědec, vesmírná loď, bouře, 3D, kolonizace, kosmonauti, trosečníci, vesmírná stanice, NASA, Mars, vesmírná nehoda, misie;Ridley Scott;Matt Damon, Jessica Chastain, Chiwetel Ejiofor, Jeff Daniels, Michael Peña, Kate Mara, Sean Bean, Kristen Wiig, Aksel Hennie, Sebastian Stan;https://www.hbomax.com/cz/en/movies/martian/31cb4b84-951a-4daf-8925-746fcdcddcb8<br>https://srv.tunefindforfans.com/showads/track/srvclk.php?aid=100006796&lp=https://www.disneyplus.com/en-cz/browse/entity-883fa9bc-cd9b-4c39-9e21-730f02b2b4e1<br>https://srv.clickfuse.com/ads/adclkr.php?id=100006636&url=https://tv.apple.com/cz/movie/the-martian/umc.cmc.4kluf2kwyi1arpo7yult1pt58<br>https://www.youtube.com/watch?v=8GLnq6bqn10<br>https://sledovanitv.cz/epg/event/HBO2:202512131d821889329521a60d66732fe0294ad8<br>https://www.hbomax.com/cz/en/movies/martian/31cb4b84-951a-4daf-8925-746fcdcddcb8<br>https://srv.tunefindforfans.com/showads/track/srvclk.php?aid=100006796&lp=https://www.disneyplus.com/en-cz/browse/entity-883fa9bc-cd9b-4c39-9e21-730f02b2b4e1<br>https://srv.clickfuse.com/ads/adclkr.php?id=100006636&url=https://tv.apple.com/cz/movie/the-martian/umc.cmc.4kluf2kwyi1arpo7yult1pt58<br>https://www.youtube.com/watch?v=8GLnq6bqn10<br>https://sledovanitv.cz/epg/event/HBO2:202512131d821889329521a60d66732fe0294ad8<br>https://apps.apple.com/cz/app/id6755365206<br>https://play.google.com/store/apps/details?id=cz.csfd.csfdroid<br>;Academy Awards (7x)<br>British Academy of Film and Television Arts (BAFTA) (6x)<br>AACTA International Awards (3x)<br>Golden Globes (1x)<br>Critics Choice Awards (9x)<br>Florida Film Critics Circle Awards (3x)<br>The Saturn Awards (5x)<br>;Golden Globes (2x)<br>The Saturn Awards (1x)<br>;Andy Weir
8635;E.T. - Mimozemšťan;1982;82.99295861642989;115.0;https://image.pmgstatic.com/cache/resized/w420/files/images/film/posters/162/487/162487298_85e335.jpg;https://www.csfd.cz/film/8635-e-t-mimozemstan/;USA;Sci-Fi / Dobrodružný / Drama;E.T. - Mimozemšťan;"Nedaleko předměstí Los Angeles přistála kosmická loď mimozemšťanů. Podivné postavičky se rozešly sbírat vzorky do okolí a jen jedna z nich se dostala až na kraj lesa. Okouzlena světly velkoměsta zapomněla na své poslání. Proto se nedostala včas na palubu a uvízla na naší planetě. Úkryt nalezl mimozemšťan v kůlně nejbližšího domu a tady ho objevil desetiletý Elliot, který ho představil i svým sourozencům. Stali se z nich kamarádi, ale tomu malému, kterému děti začaly říkat E.T., se strašně stýská po domově a chce stůj co stůj s těmi ""svými"" navázat spojení. Nezdaří se a E.T. se rozstoná. V té době už je jeho úkryt vypátrán a nemocný mimozemšťánek se ocitne v rukou vědců. Z hodiny na hodinu chřadne až přístroje konstatují jeho smrt. Jen Elliotovi dá najevo, že tomu tak není a že se mu podařilo navázat kontakt s domovem. Dětem se podaří svého kamaráda ze vzdálené planety zachránit.";11.06.1982 Universal Pictures US;rodina, smrt, přátelství, přátelé, dívka, děti, matka, strach, mládež, chlapec, sourozenci, bratři, vědci, mimozemšťané, vesmír, vědec, vesmírná loď, Halloween;Steven Spielberg;Henry Thomas, Dee Wallace, Peter Coyote, Robert MacNaughton, Drew Barrymore, K.C. Martel, Sean Frye, C. Thomas Howell, Erika Eleniak, David M. O'Dell;https://srv.tunefindforfans.com/showads/track/srvclk.php?aid=100006796&lp=https://www.disneyplus.com/en-cz/browse/entity-21f5494d-e3d7-47da-8cb5-099b703e651d<br>https://www.skyshowtime.com/cz/stream/movies/e.t.--mimozemstan/5c6b3c89-8985-3105-a7fa-0c08b4df53a7<br>https://srv.clickfuse.com/ads/adclkr.php?id=100006636&url=https://tv.apple.com/cz/movie/et-the-extra-terrestrial/umc.cmc.y7sdg83ku22c7qmfh4v16q2e<br>https://www.youtube.com/watch?v=8NtOYUIe5X0<br>https://srv.tunefindforfans.com/showads/track/srvclk.php?aid=100006796&lp=https://www.disneyplus.com/en-cz/browse/entity-21f5494d-e3d7-47da-8cb5-099b703e651d<br>https://www.skyshowtime.com/cz/stream/movies/e.t.--mimozemstan/5c6b3c89-8985-3105-a7fa-0c08b4df53a7<br>https://srv.clickfuse.com/ads/adclkr.php?id=100006636&url=https://tv.apple.com/cz/movie/et-the-extra-terrestrial/umc.cmc.y7sdg83ku22c7qmfh4v16q2e<br>https://www.youtube.com/watch?v=8NtOYUIe5X0<br>https://apps.apple.com/cz/app/id6755365206<br>https://play.google.com/store/apps/details?id=cz.csfd.csfdroid<br>;Academy Awards (5x)<br>British Academy of Film and Television Arts (BAFTA) (11x)<br>César Awards (1x)<br>Golden Globes (2x)<br>Los Angeles Film Critics Association Awards (1x)<br>New York Film Critics Circle Awards (2x)<br>The Saturn Awards (4x)<br>San Sebastián International Film Festival (1x)<br>;Academy Awards (4x)<br>British Academy of Film and Television Arts (BAFTA) (1x)<br>Golden Globes (2x)<br>Los Angeles Film Critics Association Awards (4x)<br>The Saturn Awards (6x)<br>;
35066;Vampire Hunter D;2000;83.11089619600259;102.0;https://image.pmgstatic.com/cache/resized/w420/files/images/film/posters/161/770/161770992_207e07.jpg;https://www.csfd.cz/film/35066-vampire-hunter-d/;Japonsko;Animovaný / Drama / Horor / Sci-Fi;Vampire Hunter D: Bloodlust;Netypická japonská pohádka o lovci upírů, dhampirovi (poloupír) jménem D, začíná únosem mladé dívky upírem Meirem. Dívčin otec nabídne lovci za nalezení svého dítěte vysokou odměnu. D se tedy vydává na strastiplnou cestu za vysvobozením dívky, na níž mu ztrpčuje život nejen konkurence, spousta různých nepřátel, ale i jeho vnitřní démoni... (Stegr);;smrt, násilí, dívka, útěk, anime, pronásledování, putování, únos, krev, upíři, hřbitov;Jošiaki Kawadžiri;Hidejuki Tanaka, Ičiró Nagai, Kóiči Jamadera, Megumi Hajašibara, Tošihiko Seki, Takeši Aono, Unšó Išizuka, Keidži Fudžiwara, Akiko Jadžima, Bibari Maeda;https://apps.apple.com/cz/app/id6755365206<br>https://play.google.com/store/apps/details?id=cz.csfd.csfdroid<br>;;;
9458;Krakatit;1948;83.10729613733906;97.0;https://image.pmgstatic.com/cache/resized/w420/files/images/film/posters/161/031/161031147_c9808a.jpg;https://www.csfd.cz/film/9458-krakatit/;Československo;Drama / Sci-Fi;Krakatit;Čapkova předloha se v těsně poválečném kontextu dočkala zřetelné aktualizace: mimořádně ničivá třaskavina v rukou válečných štváčů, které zajímají jen zisk, se může snadno stát osudnou rozbuškou, ohrožující celý svět. Režisér Otakar Vávra soustředí pozornost na horečnaté představy vyčerpaného a navíc zraněného protagonisty inženýra Prokopa, jenž se ze všech sil snažil zabránit zneužití svého vynálezu. I když po vypravěčské stránce (snově stylizované sekvence, které přibližují hrdinovo narušené vnímání, prozrazují inspiraci ponurým francouzským poetismem) film přece jen zestárnul, jeho výpověď si dodnes uchovává svou naléhavost.Román Karla Čapka Krakatit zfilmoval Otakar Vávra již záhy po druhé světové válce a pojal jej jako horečnatě expresivní varování před jadernou zkázou. V roce 1980 se k tomuto dílu vrátil znovu, tentokrát však zdůraznil násilnou aktualizaci výchozího textu ve smyslu zákeřných imperialistických piklů. Hlavní hrdina vědec Prokop se ocitá ve smrtelném ohrožení, když chce zabránit zneužití svého epochálního vynálezu třaskaviny Krakatit dvěmi skupinami lidí, kteří s její pomocí chtějí ovládnout svět.;09.04.1948 Rozdělovna filmů Československého státního filmu;podle knihy, černobílý film, antiutopie, protiválečný;Otakar Vávra;Karel Höger, Florence Marly, František Smolík, Nataša Tanská, Miroslav Homola, Jaroslav Průcha, Jiří Plachý st., Eduard Linkers, Bedřich Vrbský, Karel Dostal;https://srv.clickfuse.com/ads/adclkr.php?id=100006636&url=https://tv.apple.com/cz/movie/krakatit/umc.cmc.276pye77wbgk1e5fqcuy9twzt<br>https://srv.clickfuse.com/ads/adclkr.php?id=100006636&url=https://tv.apple.com/cz/movie/krakatit/umc.cmc.276pye77wbgk1e5fqcuy9twzt<br>https://apps.apple.com/cz/app/id6755365206<br>https://play.google.com/store/apps/details?id=cz.csfd.csfdroid<br>;;;Karel Čapek
11993;Gattaca;1997;82.92072950523655;106.0;https://image.pmgstatic.com/cache/resized/w420/files/images/film/posters/169/567/169567207_s7dy6b.jpg;https://www.csfd.cz/film/11993-gattaca/;USA;Drama / Sci-Fi / Thriller;Gattaca;"Vincent je jeden z posledních lidí, který se narodil z lásky svých rodičů, a tudíž mimo dohled genetických inženýrů. Nedokonalý Vincent je ""odsouzen"" k práci uklízeče ve velkém centru pro pěstování dokonalých lidí Gattaca, ačkoliv sám tolik touží stát se kosmickým navigátorem. Nakonec volí cestu podvodu.";24.10.1997 Columbia Pictures US;muž, policie, sourozenci, lež, podvod, doktoři, bratři, nemoc, naděje, nehoda, vědci, vesmír, budoucnost, korporace, třídní boj, antiutopie, ukradená identita, genetická úprava, autokracie;Andrew Niccol;Ethan Hawke, Uma Thurman, Jude Law, Xander Berkeley, Jayne Brook, Elias Koteas, Blair Underwood, Mason Gamble, William Lee Scott, Ernest Borgnine;https://srv.clickfuse.com/ads/adclkr.php?id=100006636&url=https://tv.apple.com/cz/movie/gattaca/umc.cmc.5ezqaeo0qqkflzp5ofr6s33ny<br>https://www.youtube.com/watch?v=giZ4oregUMw<br>https://srv.clickfuse.com/ads/adclkr.php?id=100006636&url=https://tv.apple.com/cz/movie/gattaca/umc.cmc.5ezqaeo0qqkflzp5ofr6s33ny<br>https://www.youtube.com/watch?v=giZ4oregUMw<br>https://apps.apple.com/cz/app/id6755365206<br>https://play.google.com/store/apps/details?id=cz.csfd.csfdroid<br>;Academy Awards (1x)<br>Golden Globes (1x)<br>The Saturn Awards (3x)<br>;Sitges Film Festival (2x)<br>;
10360;Krotitelé duchů;1984;82.84173702622373;107.0;https://image.pmgstatic.com/cache/resized/w420/files/images/film/posters/159/006/159006271_f48b78.jpg;https://www.csfd.cz/film/10360-krotitele-duchu/;USA;Sci-Fi / Fantasy / Komedie / Dobrodružný;Ghostbusters;Hejna malých zelených duchů, strašidla a paranormální jevy se začínají objevovat v New Yorku. Kdo může ochránit lidi před těmito nadpřirozenými bytostmi? Pouze tři nezaměstnaní parapsychologové. Dávají se dohromady a vytvářejí tým lovců duchů. Vybaveni ektoplazmovými kanóny, pastmi na duchy a speciálním vozidlem bojují proti přesile slizských oblud.;08.06.1984 Columbia Pictures US;muž, přátelství, přátelé, tajemství, město, záhady, pátrání, škola, kolegové, New York, vědci, duchové, věda, hotel, vysoká škola, paranormální jevy, vědec, démoni, apokalypsa, knihovna, sekretářka, posedlost démonem, mrakodrap, posedlost duchem;Ivan Reitman;Bill Murray, Dan Aykroyd, Sigourney Weaver, Harold Ramis, Rick Moranis, Annie Potts, William Atherton, Ernie Hudson, Slavitza Jovan, Alice Drummond;https://www.hbomax.com/cz/en/movies/ghostbusters/56592450-70ff-4eb0-918b-f00737394d0d<br>https://srv.tunefindforfans.com/showads/track/srvclk.php?aid=100006796&lp=https://www.disneyplus.com/en-cz/browse/entity-0a7184af-7705-4884-bcef-908c27edb1af<br>https://srv.clickfuse.com/ads/adclkr.php?id=100006636&url=https://tv.apple.com/cz/movie/ghostbusters/umc.cmc.68x0l486w0u0qonsxawjuynxk<br>https://www.youtube.com/watch?v=DMOw3a4Ma7s<br>https://www.hbomax.com/cz/en/movies/ghostbusters/56592450-70ff-4eb0-918b-f00737394d0d<br>https://srv.tunefindforfans.com/showads/track/srvclk.php?aid=100006796&lp=https://www.disneyplus.com/en-cz/browse/entity-0a7184af-7705-4884-bcef-908c27edb1af<br>https://srv.clickfuse.com/ads/adclkr.php?id=100006636&url=https://tv.apple.com/cz/movie/ghostbusters/umc.cmc.68x0l486w0u0qonsxawjuynxk<br>https://www.youtube.com/watch?v=DMOw3a4Ma7s<br>https://apps.apple.com/cz/app/id6755365206<br>https://play.google.com/store/apps/details?id=cz.csfd.csfdroid<br>;Academy Awards (2x)<br>British Academy of Film and Television Arts (BAFTA) (1x)<br>Golden Globes (3x)<br>;British Academy of Film and Television Arts (BAFTA) (1x)<br>The Saturn Awards (1x)<br>;
228329;Avatar;2009;82.80430310725288;166.0;https://image.pmgstatic.com/cache/resized/w420/files/images/film/posters/166/571/166571533_8c9d12.jpg;https://www.csfd.cz/film/228329-avatar/;USA / Velká Británie;Akční / Dobrodružný / Sci-Fi / Fantasy;Avatar;Avatar před námi otevírá neuvěřitelný svět za hranicemi naší fantazie, svět střetu dvou naprosto odlišných civilizací. Nově objevená vzdálená planeta Pandora je mírumilovné místo s obyvatelstvem - Na’vi, žijícím v souladu s divukrásnou vegetací planety. Posádka vyslaná ze Země na své průzkumné misi objeví na Pandoře velmi cenný minerál, který by měl na Zemi nevyčíslitelnou hodnotu. Pobyt na Pandoře je ovšem pro člověka možný teprve po vytvoření jeho genetického dvojníka, hybrida Avataru, který může být ovládán psychikou oddělenou od lidského těla a fyzicky odpovídá původnímu obyvatelstvu Pandory, které má fluorescentní modrou kůži a dosahuje 3m výšky. Na tuto náročnou misi je vybrán mezi jinými také Jake Sully (Sam Worthington), bývalý námořník, který byl při jedné ze svých předešlých misí paralyzován od pasu dolů. A právě šance opět chodit přiměla Jakea, aby se do programu Avatar přihlásil.Průzkumná mise je vyslána a po přistání na Pandoře je zcela ohromena úžasnou rozmanitostí místní vegetace. Stromy dosahují výšky mrakodrapů a světélkující prales je plný nádherných tvorů, které jste nikdy neviděli, ale také hrozných prehistorických predátorů. To je jen zrnko překvapení, které posádku čeká. I když se zdá, že po počáteční nedůvěře lidí Na’vi se posádce podařilo adaptovat a také získat prostor pro diplomatickou misi, pandořané se rozhodně nehodlají nechat kolonizovat a dojde ke tvrdému střetu. Jake, který se postupně sblížil s místním obyvatelstvem, a především s místní princeznou Neytiri, stojí před rozhodnutím, za koho bojovat ve finální bitvě, která má rozhodnout o osudu a vývoji celého světa. (Bontonfilm);17.12.2009 20th Century Fox UK;láska, smrt, útěk, zbraně, zvířata, vojáci, vězení, podvod, les, naděje, vědci, mimozemšťané, vesmír, environmentalismus, domorodé kmeny, bitva, roboti, odboj, korporace, vesmírná loď, ptáci, tělesné postižení, 3D, vrtulník, kolonizace, invalidní vozík, Wilhelm scream, strom, tank, rostliny, raketoplán, vojenská vzpoura;James Cameron;Sam Worthington, Zoe Saldaña, Stephen Lang, Michelle Rodriguez, Giovanni Ribisi, Joel David Moore, CCH Pounder, Wes Studi, Laz Alonso, Sigourney Weaver;https://srv.tunefindforfans.com/showads/track/srvclk.php?aid=100006796&lp=https://www.disneyplus.com/en-cz/browse/entity-357d8505-b9bc-41e3-9f27-0414738df143<br>https://srv.clickfuse.com/ads/adclkr.php?id=100006636&url=https://tv.apple.com/cz/movie/avatar/umc.cmc.1hmaf5hccvdvn71dc5hr7mgcj<br>https://www.youtube.com/watch?v=mtSkFR-8cU8<br>https://srv.tunefindforfans.com/showads/track/srvclk.php?aid=100006796&lp=https://www.disneyplus.com/en-cz/browse/entity-357d8505-b9bc-41e3-9f27-0414738df143<br>https://srv.clickfuse.com/ads/adclkr.php?id=100006636&url=https://tv.apple.com/cz/movie/avatar/umc.cmc.1hmaf5hccvdvn71dc5hr7mgcj<br>https://www.youtube.com/watch?v=mtSkFR-8cU8<br>https://apps.apple.com/cz/app/id6755365206<br>https://play.google.com/store/apps/details?id=cz.csfd.csfdroid<br>;Academy Awards (6x)<br>British Academy of Film and Television Arts (BAFTA) (6x)<br>César Awards (1x)<br>Golden Globes (2x)<br>Critics Choice Awards (3x)<br>Los Angeles Film Critics Association Awards (1x)<br>New York Film Critics Circle Awards (1x)<br>;Academy Awards (3x)<br>British Academy of Film and Television Arts (BAFTA) (2x)<br>Golden Globes (2x)<br>Critics Choice Awards (6x)<br>Florida Film Critics Circle Awards (1x)<br>The Saturn Awards (10x)<br>;
135550;Animatrix: Neznámé území;2003;83.1183970856102;15.0;https://image.pmgstatic.com/cache/resized/w420/files/images/film/posters/027/458/27458237_ccde22.jpg;https://www.csfd.cz/film/135550-animatrix-nezname-uzemi/;USA;Animovaný / Krátkometrážní / Sci-Fi;The Animatrix: Beyond;"Mladé dievča Yoko sa vydáva hľadať zatúlanú mačku. Dostane sa až do údajného ""strašidelného"" domu, ktorý je obľúbenou atrakciou miestnych detí. V dome prší aj keď v meste je slnečno, neplatia v ňom fyzikálne zákony a spomedzi dvier sa ozývajú čudné hlasy. Ide o chybu v Matrixe a na miesto prichádzajú agenti, aby priestor vyčistili... (Avathar)";Na DVD od 03.06.2003 Warner Bros. CZ;;Kódži Morimoto;Hedy Burress, Merrin Dungey, Tress MacNeille, Pamela Adlon, Tara Strong, Jack Fletcher, Dwight Schultz, Tom Kenny, Kóki Učijama, Džiró Saitó;https://apps.apple.com/cz/app/id6755365206<br>https://play.google.com/store/apps/details?id=cz.csfd.csfdroid<br>;;;
225001;Kókaku kidótai: Stand Alone Complex - Solid State Society;2006;83.63277393879565;105.0;https://image.pmgstatic.com/cache/resized/w420/files/images/film/posters/161/807/161807859_da4c16.jpg;https://www.csfd.cz/film/225001-kokaku-kidotai-stand-alone-complex-solid-state-society/;Japonsko;Animovaný / Akční / Sci-Fi;攻殻機動隊 Stand Alone Complex - Solid State Society;"Pokračování seriálu Ghost in the Shell: Stand Alone Complex odehrávající se 2 roky po konci 2. série. Motoko Kusanagi mezitím opustila Sekci 9 a novým velitelem týmu se tak stal Togusa. Sekce 9 vyšetřuje sérii zdánlivě nesouvisejících incidentů, ale vyšetřování ukáže, že za vším nejspíš stojí jediný pachatel, hacker s přezdívkou ""loutkář"". Batou navíc odhalí, že i Motoko je do celého případu nějak zapletena. Mohla by právě ona být hledaný hacker? (mandelbrot)";;anime, kyberpunk;Kendži Kamijama, Tošijuki Kóno;Akio Ócuka, Acuko Tanaka, Kóiči Jamadera, Teššó Genda, Tarusuke Šingaki, Masuo Amada, Eidži Sekiguči, Tóru Nara, Osamu Saka, Jošiko Sakakibara;https://apps.apple.com/cz/app/id6755365206<br>https://play.google.com/store/apps/details?id=cz.csfd.csfdroid<br>;;;Masamune Širó
10113;Na kometě;1970;82.88670460424211;74.0;https://image.pmgstatic.com/cache/resized/w420/files/images/film/posters/159/345/159345708_5b0e15.jpg;https://www.csfd.cz/film/10113-na-komete/;Československo;Dobrodružný / Sci-Fi / Fantasy;On the Comet;"Poslední z trikových hraných filmů Karla Zemana, které vizuálně vycházely ze starobylých rytin provázejících romány Julese Verna. Tentokrát příběh začíná na zapadlém místě kterési francouzské kolonie, které od zemského povrchu odloupla obrovská kometa a vyvrhla do vesmíru. Ale i tam pokračují malicherné spory, řevnivost i přípravy k povstání... Režisér tu dospěl k výrazné komediální nadsázce, ke karikatuře nejrůznějších úředníků a vojáků, když již odmítal řešit jakékoli ""nadčasové"" záležitosti. Je to poslední film, v jehož titulcích směl být jako scenárista uveden Jan Procházka.";09.10.1970 Ústřední půjčovna filmů;podle knihy, černobílý film, útěk, zbraně, vojáci, moře, válka, 19. století, lodě, Afrika, vesmír, dinosauři, kolonie, planety, kometa, tónovaný film;Karel Zeman;Emil Horváth ml., Magda Vášáryová, František Filipovský, Josef Větrovec, Čestmír Řanda st., Vladimír Menšík, Jiřina Jirásková, Karel Effa, Jaroslav Mareš, Steva Maršálek;https://apps.apple.com/cz/app/id6755365206<br>https://play.google.com/store/apps/details?id=cz.csfd.csfdroid<br>;;;Jules Verne
19251;Star Trek VIII: První kontakt;1996;82.81745511728477;106.0;https://image.pmgstatic.com/cache/resized/w420/files/images/film/posters/158/083/158083406_429c7a.jpg;https://www.csfd.cz/film/19251-star-trek-viii-prvni-kontakt/;USA;Sci-Fi / Dobrodružný / Akční / Thriller;Star Trek VIII: First Contact;Bitva o záchranu budoucnosti začala. Americký film na motivy slavného seriálu. V pořadí osmý film (a druhý s posádkou Nové generace), nazvaný Star Trek: První kontakt (1996), patří bezesporu v sérii k těm nejlepším. V něm posádka hvězdné lodi Enterprise, vedená kapitánem Picardem (Patrick Stewart), podnikne bojovou misi do minulosti, přesněji řečeno do 21. století, aby zachránila budoucnost naší planety. Expanzivní civilizace Borg se totiž pokouší zabránit prvnímu kontaktu, ke kterému došlo 4. dubna 2063, aby mohla kolonizovat Zemi, nechráněnou spoluprací s dalšími vesmírnými druhy. Vedle neohrožené posádky Enterprise hrají důležitou roli v příběhu excentrický vynálezce nadsvětelného pohonu Zefram Cochrane (James Cromwell) a jeho černošská spolupracovnice Lily (Alfre Woodardová).;22.11.1996 Paramount Pictures;mimozemšťané, vesmír, budoucnost, cestování časem, vesmírná loď, Wilhelm scream, Star Trek, androidi, kyborg;Jonathan Frakes;Patrick Stewart, Jonathan Frakes, Brent Spiner, LeVar Burton, Michael Dorn, Gates McFadden, Marina Sirtis, Alfre Woodard, James Cromwell, Alice Krige;https://srv.clickfuse.com/ads/adclkr.php?id=100006636&url=https://tv.apple.com/cz/movie/star-trek-first-contact/umc.cmc.4uyaqs81knrnkhbej5kjokx8w<br>https://www.youtube.com/watch?v=oyzgGKjVq5Q<br>https://srv.clickfuse.com/ads/adclkr.php?id=100006636&url=https://tv.apple.com/cz/movie/star-trek-first-contact/umc.cmc.4uyaqs81knrnkhbej5kjokx8w<br>https://www.youtube.com/watch?v=oyzgGKjVq5Q<br>https://apps.apple.com/cz/app/id6755365206<br>https://play.google.com/store/apps/details?id=cz.csfd.csfdroid<br>;Academy Awards (1x)<br>The Saturn Awards (7x)<br>;The Saturn Awards (3x)<br>;
241997;Avengers;2012;82.68166615992703;143.0;https://image.pmgstatic.com/cache/resized/w420/files/images/film/posters/000/486/486686_69f4e4.jpg;https://www.csfd.cz/film/241997-avengers-pomstitelia/;USA;Akční / Dobrodružný / Sci-Fi / Fantasy;The Avengers;Marvel Studios uvádí super hrdinský tým všech dob Avengers, ve kterém se přestaví ikoničtí super hrdinové – Iron Man, Neuvěřitelný Hulk, Thor, Captain America, Hawkeye a Black Widow. Když se objeví nečekaný nepřítel, který ohrožuje světovou bezpečnost, Nick Fury, ředitel mezinárodní mírové agentury, známé také jako S.H.I.E.L.D., zjistí, že potřebuje tým, aby odvrátil světovou katastrofu. Začíná provádět nábor po celém světě. (Falcon);04.05.2012 Walt Disney US;smrt, přátelé, zbraně, pomsta, vojáci, souboje, bratři, podle komiksu, monstra, New York, agenti, vědci, mimozemšťané, vesmír, superhrdina, rukojmí, letadla, bitva, roboti, Marvel Comics, laboratoř, 3D, vrtulník, bohové, Marvel Cinematic Universe (MCU), crossover, Captain America, Iron Man, Hulk, Thor (Marvel Comics), Nick Fury, červí díra, Black Widow, Hawkeye, supervoják, Loki (Marvel Comics), Avengers;Joss Whedon;Robert Downey Jr., Jeremy Renner, Scarlett Johansson, Chris Evans, Samuel L. Jackson, Chris Hemsworth, Mark Ruffalo, Clark Gregg, Lou Ferrigno, Tom Hiddleston;https://srv.tunefindforfans.com/showads/track/srvclk.php?aid=100006796&lp=https://www.disneyplus.com/en-cz/browse/entity-3a5596d6-5133-4a8e-8d21-00e1531a4e0f<br>https://srv.clickfuse.com/ads/adclkr.php?id=100006636&url=https://tv.apple.com/cz/movie/the-avengers/umc.cmc.7i757ymuvffa02onn3uva0emx<br>https://www.youtube.com/watch?v=xtdKXEI-gc8<br>/novinky/9540-co-vsechno-vime-o-nove-narnii-od-netflixu/<br>/novinky/9540-co-vsechno-vime-o-nove-narnii-od-netflixu/<br>/novinky/9540-co-vsechno-vime-o-nove-narnii-od-netflixu/<br>https://srv.tunefindforfans.com/showads/track/srvclk.php?aid=100006796&lp=https://www.disneyplus.com/en-cz/browse/entity-3a5596d6-5133-4a8e-8d21-00e1531a4e0f<br>https://srv.clickfuse.com/ads/adclkr.php?id=100006636&url=https://tv.apple.com/cz/movie/the-avengers/umc.cmc.7i757ymuvffa02onn3uva0emx<br>https://www.youtube.com/watch?v=xtdKXEI-gc8<br>https://apps.apple.com/cz/app/id6755365206<br>https://play.google.com/store/apps/details?id=cz.csfd.csfdroid<br>;Academy Awards (1x)<br>British Academy of Film and Television Arts (BAFTA) (1x)<br>Critics Choice Awards (3x)<br>The Saturn Awards (2x)<br>;The Saturn Awards (4x)<br>;Stan Lee, Jack Kirby, Don Heck
91969;Ghost in the Shell 2: Innocence;2004;82.89888284159267;99.0;https://image.pmgstatic.com/cache/resized/w420/files/images/film/posters/167/772/167772972_rfxfek.png;https://www.csfd.cz/film/91969-ghost-in-the-shell-2-innocence/;Japonsko;Animovaný / Thriller / Sci-Fi / Psychologický / Akční;Innocence;Inteligentní cyber-policajti, zabijáčtí sexuální roboti, mnohovrstevnatá zápletka, filozofující dialogy a nekompromisní akce - to je druhý díl kultovního anime Mamoru Oshiiho GHOST IN THE SHELL. Tentokrát se detektiv Batou musí krom vlastních existenciálních problémů vypořádat s ilegální společností, která programuje sexboty vraždící své majitele. Ale nic není zdaleka tak jednoduché, jak se na první pohled může zdát. (Matty);06.03.2004 Bandai Visual;anime, roboti, yakuza, umělá inteligence, kyberpunk;Mamoru Ošii;Akio Ócuka, Acuko Tanaka, Kóiči Jamadera, Tamio Óki, Naoto Takenaka, Hiroaki Hirata, Makoto Jasumura, Fumihiko Tačiki, Jošiko Sakakibara, Juzuru Fudžimoto;https://apps.apple.com/cz/app/id6755365206<br>https://play.google.com/store/apps/details?id=cz.csfd.csfdroid<br>;Cannes Film Festival (1x)<br>;Sitges Film Festival (1x)<br>;Masamune Širó
134135;Animatrix: Detektivní příběh;2003;82.93716337522442;12.0;https://image.pmgstatic.com/cache/resized/w420/files/images/film/posters/000/037/37279_5e9ead.jpg;https://www.csfd.cz/film/134135-animatrix-detektivni-pribeh/;USA;Animovaný / Krátkometrážní / Sci-Fi / Drama;The Animatrix: A Detective Story;Agenti si najmú súkromného detektíva Asha, aby im pomohol vystopovať istého hackera, skrývajúceho sa pod prezývkou Trinity. Pri svojom pátraní odhalí mnohé zaujímavé skutočnosti. (Avathar);Na DVD od 03.06.2003 Warner Bros. CZ;černobílý film, pátrání, soukromý detektiv, hacker;Šin'ičiró Watanabe;James Arnold Taylor, Terrence 'T.C.' Carson, Carrie-Anne Moss;https://apps.apple.com/cz/app/id6755365206<br>https://play.google.com/store/apps/details?id=cz.csfd.csfdroid<br>;;;
320638;Strážci Galaxie;2014;82.51638816921981;116.0;https://image.pmgstatic.com/cache/resized/w420/files/images/film/posters/158/607/158607121_9986ee.jpg;https://www.csfd.cz/film/320638-strazci-galaxie/;USA / Velká Británie;Akční / Dobrodružný / Sci-Fi / Fantasy / Komedie;Guardians of the Galaxy;V tomto akcí nabitém, výpravném vesmírném dobrodružství se odvážný dobrodruh Peter Quill stává středem zájmu nájemných zabijáků poté, co Ronanovi, mocnému padouchovi s plány ohrožující celý vesmír, ukradne tajemnou kouli. Aby neúnavnému Ronanovi unikl, je Quill nucen spojit své síly se čtveřicí pozoruhodných hrdinů – Rocketem, po zuby ozbrojeným mývalem, Grootem, humanoidem, který připomíná strom, vražednou a tajemnou Gamorou a pomstychtivým Draxem Ničitelem. Když ale Quill objeví skutečnou moc koule a hrozbu, která se v ní ukrývá a ohrožuje celý vesmír, musí udělat vše pro to, aby nesourodá skupina táhla za jeden provaz a v posledním zoufalém souboji se pokusila zachránit osud celé galaxie. (Falcon);03.07.2020;láska, smrt, matka, syn, útěk, zbraně, vězení, zloděj, podle komiksu, vesmír, superhrdina, vesmírná loď, bandité, Marvel Comics, 3D, lovci lidí, zbraně hromadného ničení, genetická úprava, Marvel Cinematic Universe (MCU), Rocket Raccoon, Groot, Drax the Destroyer, Strážci Galaxie, Thanos, Nebula, Star-Lord, Gamora;James Gunn;Chris Pratt, Zoe Saldaña, Dave Bautista, Vin Diesel, Bradley Cooper, Lee Pace, Michael Rooker, Karen Gillan, Djimon Hounsou, John C. Reilly;https://srv.tunefindforfans.com/showads/track/srvclk.php?aid=100006796&lp=https://www.disneyplus.com/en-cz/browse/entity-c9ee959b-7249-4a4c-9708-9ffd1ddb00f1<br>https://srv.clickfuse.com/ads/adclkr.php?id=100006636&url=https://tv.apple.com/cz/movie/guardians-of-the-galaxy/umc.cmc.71igdwen6ko2dlhwaw12vbdh<br>https://srv.tunefindforfans.com/showads/track/srvclk.php?aid=100006796&lp=https://www.disneyplus.com/en-cz/browse/entity-c9ee959b-7249-4a4c-9708-9ffd1ddb00f1<br>https://srv.clickfuse.com/ads/adclkr.php?id=100006636&url=https://tv.apple.com/cz/movie/guardians-of-the-galaxy/umc.cmc.71igdwen6ko2dlhwaw12vbdh<br>https://apps.apple.com/cz/app/id6755365206<br>https://play.google.com/store/apps/details?id=cz.csfd.csfdroid<br>;Academy Awards (2x)<br>British Academy of Film and Television Arts (BAFTA) (2x)<br>Critics Choice Awards (3x)<br>Florida Film Critics Circle Awards (1x)<br>The Saturn Awards (5x)<br>;Critics Choice Awards (2x)<br>The Saturn Awards (4x)<br>;Dan Abnett, Andy Lanning
47388;Cesta do nemožna;1904;84.2798353909465;24.0;https://image.pmgstatic.com/cache/resized/w420/files/images/film/posters/000/076/76045_8efdf7.jpg;https://www.csfd.cz/film/47388-cesta-do-nemozna/;Francie;Sci-Fi / Krátkometrážní;Le Voyage à travers l'impossible;Malé zoskupenie bádateľov sa dohaduje, kadiaľ by mali smerovať ich cesty. Názorne si ich ukazujú na zemeguli. Po dohode táto skupinka bádateľov vycestuje do sveta: postupne cestujú na vlaku, autobuse či ponorke, na týchto fantastických trasách zažívajú dobrodružstvá poprepletané s nejakými nehodami, ale našťastie vždy s dobrým koncom. (T2);;černobílý film, podle divadelní hry, němý film, moře, hory, vesmír, vlak, laboratoř, ponorky, autobus, Slunce;Georges Méliès;;https://apps.apple.com/cz/app/id6755365206<br>https://play.google.com/store/apps/details?id=cz.csfd.csfdroid<br>;;;
9423;„Pane, vy jste vdova!“;1970;82.44174779679786;97.0;https://image.pmgstatic.com/cache/resized/w420/files/images/film/posters/161/204/161204286_4a4ba7.jpg;https://www.csfd.cz/film/9423-pane-vy-jste-vdova/;Československo;Komedie / Sci-Fi;„Pane, vy jste vdova!“;Panovník sousedního státu přijíždí na státní návštěvu. Incident, který má za následek vážné poranění vzácného hosta, přiměje druhého krále zrušit neschopnou armádu. Generálové se ovšem okamžitě spiknou a chystají se vladaře odstranit... Bláznivá česká komedie (TV Prima);15.01.1971 Ústřední půjčovna filmů;vražda, vojáci, nemocnice, sériový vrah, černý humor, král, atentát, záměna identit, letiště, státní převrat, dvojník, plastická chirurgie;Václav Vorlíček;Iva Janžurová, Olga Schoberová, Eduard Cupák, Jiří Sovák, František Filipovský, Čestmír Řanda st., Jan Libíček, Otto Šimánek, Luděk Kopřiva, Vladimír Menšík;https://www.ceskatelevize.cz/porady/16237-pane-vy-jste-vdova?utm_source=csfd&utm_medium=section_vod&utm_campaign=link<br>https://www.ceskatelevize.cz/porady/16237-pane-vy-jste-vdova?utm_source=csfd&utm_medium=section_vod&utm_campaign=link<br>https://apps.apple.com/cz/app/id6755365206<br>https://play.google.com/store/apps/details?id=cz.csfd.csfdroid<br>;;;
360779;Kung Fury;2015;82.49570446735395;31.0;https://image.pmgstatic.com/cache/resized/w420/files/images/film/posters/159/870/159870874_2e073b.jpg;https://www.csfd.cz/film/360779-kung-fury/;Švédsko;Krátkometrážní / Akční / Komedie / Fantasy / Sci-Fi;Kung Fury(festivalový název);Hlavní hrdina snímku, policista Kung Fury, se vydává na cestu za pomstou svého přítele, kterého zabil největší kung-fu zločinec v dějinách lidstva, Adolf Hitler. Fury cestuje časem do dob nacistického Německa, aby Hitlera zničil jednou provždy. (Santa666);;policie, zbraně, vojáci, nacisté, nacismus, parodie, bojová umění, kung-fu, cestování časem, policejní stanice, pokusy na lidech, dinosauři, bohové, hacker, vikingové;David Sandberg;David Sandberg, Jorma Taccone, Björn Gustafsson, David Hasselhoff, Eos Karlsson, Per-Henrik Arvidius, Leopold Nilsson, Andreas Cahling;https://srv.clickfuse.com/ads/adclkr.php?id=100006636&url=https://tv.apple.com/cz/movie/kung-fury/umc.cmc.6yyqqppdv2upozu2hrf0slnta<br>https://srv.clickfuse.com/ads/adclkr.php?id=100006636&url=https://tv.apple.com/cz/movie/kung-fury/umc.cmc.6yyqqppdv2upozu2hrf0slnta<br>https://apps.apple.com/cz/app/id6755365206<br>https://play.google.com/store/apps/details?id=cz.csfd.csfdroid<br>;European Film Awards (1x)<br>;Guldbagge Awards (1x)<br>;
230842;O dívce, která proskočila časem;2006;82.60135926880713;98.0;https://image.pmgstatic.com/cache/resized/w420/files/images/film/posters/160/443/160443146_5657f3.jpg;https://www.csfd.cz/film/230842-o-divce-ktera-proskocila-casem/;Japonsko;Animovaný / Drama / Romantický / Sci-Fi;Toki o kakeru šódžo;Jednoho všedního dne se dívce Makoto stane ve školní laboratoři fyziky velmi zvláštní příhoda. Po této příhodě Makoto zjišťuje, že umí cestovat zpátky v čase. Schopnost vrátit se v čase s sebou nese velké výhody a radosti, ale jak si Makoto později uvědomuje, bohužel i starosti. Ovlivnění minulosti totiž neovlivní jen její život, ale i životy ostatních lidí a zejména přátel, na kterých jí záleží. (Asgy);15.07.2006 Kadokawa;podle knihy, láska, anime, škola, cestování časem;Mamoru Hosoda, Hirojuki Aojama;Riisa Naka, Micuki Tanimura, Takuja Išida, Sačie Hara, Jódži Macuda, Acuko Juja, Tadaši Nakamura, Kristie Marsden;https://apps.apple.com/cz/app/id6755365206<br>https://play.google.com/store/apps/details?id=cz.csfd.csfdroid<br>;;Sitges Film Festival (1x)<br>;Jasutaka Cucui
9733;Neviditelný muž;1933;82.78564683663834;71.0;https://image.pmgstatic.com/cache/resized/w420/files/images/film/posters/170/121/170121301_witx2s.jpg;https://www.csfd.cz/film/9733-neviditelny-muz/;USA;Sci-Fi / Horor / Thriller;The Invisible Man;Oslňující filmový debut slavného Claude Rainse, jež bravurně ztělesnil tajemného lékaře, kterému se podařilo objevit sérum neviditelnosti. Maskován bandáží a černými brýlemi, Rains přijíždí na Anglický venkov, aby utajil svůj ohromující objev. Stejné sérum, které mu umožnilo stát se neviditelným, v něm vzbuzuje nutkání páchat čím dál tím strašlivější zločiny. Mistr hororů James Whale natočil podle románu H.G. Wellse film, který dalece předběhl svou dobu a dodnes zůstává nezapomenutelným milníkem světové kinematografie.;13.11.1933 Universal Pictures US;podle knihy, černobílý film, Universal Monsters, neviditelnost;James Whale;Claude Rains, Gloria Stuart, William Harrigan, Henry Travers, Una O'Connor, Forrester Harvey, Holmes Herbert, E.E. Clive, Dudley Digges, Merle Tottenham;https://apps.apple.com/cz/app/id6755365206<br>https://play.google.com/store/apps/details?id=cz.csfd.csfdroid<br>;The Saturn Awards (2x)<br>;The Saturn Awards (3x)<br>;H.G. Wells
8647;Minority Report;2002;82.34296612629048;145.0;https://image.pmgstatic.com/cache/resized/w420/files/images/film/posters/163/199/163199109_afdb8e.jpg;https://www.csfd.cz/film/8647-minority-report/;USA;Sci-Fi / Akční / Thriller / Mysteriózní;Minority Report;Píše se rok 2054. Washington D.C. je zbaven kriminality. Budoucnost je světlá. Vina je potrestána dřív, než ke zločinu vůbec dojde. PreKrim, elitní jednotka Ministerstva spravedlnosti, dokáže vraždě zabránit díky třem jasnovidcům, psychotronickým osobnostem, které neomylně určí pachatele. Je to nejmodernější obrana proti zločinu, dokonalý systém. Velitel jednotky PreKrim John Anderton (Tom Cruise) má dobrý důvod pracovat na této vizi ze všech sil. Jeho motivem je ušetřit tisíce lidí tragédie, jakou sám prožil. Informace od tří médií se nejdříve přenesou na plazmovou obrazovku. John zde analyzuje, co jasnovidci vidí. Nepochybuje o své práci, dokud se sám nestane podezřelým číslo 1. Pak Johna Andertona jeho vlastní jednotka pod vedením osobního rivala Danny Witwera (Colin Farrell) sleduje na každém kroku...;21.06.2002 20th Century Fox;podle knihy, vražda, útěk, křivé obvinění, budoucnost, antiutopie, kyberpunk, autokracie;Steven Spielberg;Tom Cruise, Colin Farrell, Samantha Morton, Max von Sydow, Patrick Kilpatrick, Kathryn Morris, Lois Smith, Peter Stormare, Jessica Capshaw, Tim Blake Nelson;https://apps.apple.com/cz/app/id6755365206<br>https://play.google.com/store/apps/details?id=cz.csfd.csfdroid<br>;Academy Awards (1x)<br>British Academy of Film and Television Arts (BAFTA) (1x)<br>European Film Awards (1x)<br>César Awards (1x)<br>The Saturn Awards (7x)<br>;Critics Choice Awards (2x)<br>The Saturn Awards (4x)<br>;Philip K. Dick
317342;X-Men: Budoucí minulost;2014;82.34409799554565;131.0;https://image.pmgstatic.com/cache/resized/w420/files/images/film/posters/158/491/158491865_b40e6e.jpg;https://www.csfd.cz/film/317342-x-men-budouci-minulost/;USA / Velká Británie / Kanada;Sci-Fi / Akční / Dobrodružný / Thriller;X-Men: Days of Future Past;"Zmutovaným hrdinům X-Men hrozí definitivní zánik. Jejich rasa byla vždy na pokraji vyhynutí, ale teď je ta hrozba ještě reálnější než kdy jindy. Jediná cesta ke spasení vede přes minulost, na samý začátek řetězce událostí, které stávající nebezpečí vyvolaly. K bytostem s výjimečnými schopnostmi se vrací režisér Bryan Singer, strůjce jejich mimořádného úspěchu. Spolu s ním ve filmu X-Men: Budoucí minulost přichází i nejvíc mutantů v historii této ságy. Díky tomu, že se film odehrává ve dvou časových rovinách, objeví se v něm hned dvě podoby vůdce „hodných"" X-Men, profesora Xaviera (Patrick Stewart, James McAvoy) a jeho protivníka Magneta (Ian McKellen, Michael Fassbender). Pouze Wolverine (Hugh Jackman) zůstává stále stejný díky schopnosti nestárnout a bleskurychle se uzdravovat. Právě on proto dostane zdánlivě šílený úkol, vrátit se v čase a zabránit tomu, aby se z bývalých přátel stali soupeři na život a na smrt. Jedině spolu totiž mohou v budoucnosti čelit síle, která předčí i jejich unikátní schopnosti. (CinemArt)";22.05.2014 20th Century Fox UK;naděje, podle komiksu, superhrdina, roboti, cestování časem, tělesné postižení, prezident, Marvel Comics, mutanti, genocida, alternativní historie, telepatie, Wolverine, X-Men, Professor X, Cyclops (Marvel Comics), Magneto, Storm, Jean Grey, Beast (Marvel Comics), Colossus, Quicksilver, Iceman, Mystique, Rogue, Toad;Bryan Singer;Hugh Jackman, James McAvoy, Michael Fassbender, Jennifer Lawrence, Nicholas Hoult, Ian McKellen, Patrick Stewart, Elliot Page, Peter Dinklage, Halle Berry;https://srv.tunefindforfans.com/showads/track/srvclk.php?aid=100006796&lp=https://www.disneyplus.com/en-cz/browse/entity-5b3d1005-eb3b-41bb-8ac6-a025263d8106<br>https://srv.clickfuse.com/ads/adclkr.php?id=100006636&url=https://tv.apple.com/cz/movie/x-men-days-of-future-past/umc.cmc.3nl670d7sfpdk1n2si6666p02<br>https://www.youtube.com/watch?v=AyjiiWzYItg<br>https://srv.tunefindforfans.com/showads/track/srvclk.php?aid=100006796&lp=https://www.disneyplus.com/en-cz/browse/entity-5b3d1005-eb3b-41bb-8ac6-a025263d8106<br>https://srv.clickfuse.com/ads/adclkr.php?id=100006636&url=https://tv.apple.com/cz/movie/x-men-days-of-future-past/umc.cmc.3nl670d7sfpdk1n2si6666p02<br>https://www.youtube.com/watch?v=AyjiiWzYItg<br>https://apps.apple.com/cz/app/id6755365206<br>https://play.google.com/store/apps/details?id=cz.csfd.csfdroid<br>;Academy Awards (1x)<br>British Academy of Film and Television Arts (BAFTA) (1x)<br>The Saturn Awards (5x)<br>;The Saturn Awards (1x)<br>;
91975;Já, robot;2004;82.26645914396887;115.0;https://image.pmgstatic.com/cache/resized/w420/files/images/film/posters/159/862/159862341_387b49.jpg;https://www.csfd.cz/film/91975-ja-robot/;USA / Německo;Sci-Fi / Akční / Krimi / Thriller / Drama / Mysteriózní;I, Robot;V roce 2035 jsou roboti součástí každé domácnosti a lidé jim důvěřují. Až na jednoho – trochu paranoidního detektiva Dela Spoonera (Will Smith). Ten je přesvědčený, že zločin, který právě vyšetřuje, spáchal robot. Vyšetřování ho přivede k odhalení děsivé hrozby pro lidskou rasu... Společně s psycholožkou Susan Calvenovou vyšetřují smrt doktora Milese Hogenmillera, vědce, který pracoval s roboty pro U. S. Robotics. Příčinou smrti byla sebevražda, ale Spooner je přesvědčený, že vědce zavraždil robot. Tři zákony robotiky však zaručují, že taková věc je nemožná… (TV Prima);16.07.2004 20th Century Fox;podle knihy, muž, smrt, vražda, násilí, tajemství, policie, město, záhady, útěk, zbraně, vyšetřování, vrah, oběť (autonehody/zločinu), pátrání, pronásledování, doktoři, detektiv, zranění, sebevražda, vědci, paranoia, věda, konspirace, budoucnost, roboti, vědec, korporace, spiknutí, antiutopie, umělá inteligence, androidi, kyborg, Chicago;Alex Proyas;Will Smith, Bridget Moynahan, Bruce Greenwood, James Cromwell, Chi McBride, Shia LaBeouf, Alan Tudyk, Aaron Douglas, Simon Baker, Tiffany Lyndall-Knight;https://srv.tunefindforfans.com/showads/track/srvclk.php?aid=100006796&lp=https://www.disneyplus.com/en-cz/browse/entity-ce42e744-f65d-4d46-9324-80aec621fc87<br>https://srv.clickfuse.com/ads/adclkr.php?id=100006636&url=https://tv.apple.com/cz/movie/i-robot/umc.cmc.5mffp3n83az89t42qnhew9vn5<br>https://www.youtube.com/watch?v=LEhHemwOoxI<br>https://srv.tunefindforfans.com/showads/track/srvclk.php?aid=100006796&lp=https://www.disneyplus.com/en-cz/browse/entity-ce42e744-f65d-4d46-9324-80aec621fc87<br>https://srv.clickfuse.com/ads/adclkr.php?id=100006636&url=https://tv.apple.com/cz/movie/i-robot/umc.cmc.5mffp3n83az89t42qnhew9vn5<br>https://www.youtube.com/watch?v=LEhHemwOoxI<br>https://apps.apple.com/cz/app/id6755365206<br>https://play.google.com/store/apps/details?id=cz.csfd.csfdroid<br>;Academy Awards (1x)<br>The Saturn Awards (2x)<br>;;Isaac Asimov
156403;Daft Punk & Leiji Matsumoto's Interstella 5555: The 5tory of the 5ecret 5tar 5ystem;2003;82.7497062279671;68.0;https://image.pmgstatic.com/cache/resized/w420/files/images/film/posters/169/507/169507650_xseann.jpg;https://www.csfd.cz/film/156403-daft-punk-leiji-matsumoto-s-interstella-5555-the-5tory-of-the-5ecret-5tar-5ystem/;Japonsko / Francie;Animovaný / Akční / Hudební / Sci-Fi;Interstella 5555: The 5tory of the 5ecret 5tar 5ystem;"""Interstella 5555 - The 5tory of the 5ecret 5tar 5ystem"" z dílny japonského mistra Leiji Matsumota je nakreslen na míru ke slavnému albu Daft Punk ""Discovery"". V dojímavém sci-fi příběhu o zrození nejslavněvnější kapely na světě tedy narazíte na hity jako ""One More Time"", ""Aerodynamic"", ""Digital Love"", ""Something About Us"" ad.";12.12.2024 Pathé Live;anime, hudba, mimozemšťané, vesmír, vesmírná loď;Kazuhisa Takenouči, Hirotoši Rissen;Thomas Bangalter;https://apps.apple.com/cz/app/id6755365206<br>https://play.google.com/store/apps/details?id=cz.csfd.csfdroid<br>;;;
281606;Zrození Planety opic;2011;82.21157201684387;105.0;https://image.pmgstatic.com/cache/resized/w420/files/images/film/posters/160/816/160816695_a31431.jpg;https://www.csfd.cz/film/281606-zrozeni-planety-opic/;USA;Akční / Dobrodružný / Drama / Sci-Fi / Thriller;Rise of the Planet of the Apes;Pořekadlo, že cesta do pekla bývá dlážděna dobrými úmysly, platí v tomto příběhu přímo ukázkově. Mladý vědec Will Rodman (James Franco) vyvíjí lék proti Alzheimerově nemoci, kterou trpí i jeho otec (John Lithgow). Slibný výzkum se ovšem zadrhává kvůli nežádoucím vedlejším účinkům, které vykazují pokusní živočichové po aplikaci léčebné látky. Zklamaný vědec opouští výzkum, odchází pečovat o otce a jako bonus si tajně odnáší šimpanzí mládě, jehož rodiče zemřeli při Willových pokusech. U šimpanze Caesara se postupně začne projevovat vysoká inteligence a Will zjistí, že za to zřejmě může působení jeho léku. Začne mu ho tajně podávat a tím nechtěně otevře bránu k lidské zkáze. Čím dál inteligentnější zvíře se po čase ocitne v přírodní rezervaci, kde začne v čele ostatních opic pomaloučku připravovat vzpouru proti těm, kdo zabili jeho rodiče a jeho zavřeli do tohoto „fešáckého kriminálu“. Tedy proti lidem.;05.08.2011 20th Century Fox;podle knihy, smrt, otec, útěk, pomsta, vědci, nevyléčitelná nemoc, svoboda, pokusy na zvířatech, laboratoř, vzpoura, Wilhelm scream, CGI animace, zoologická zahrada, genetická úprava, gorily, šimpanzi;Rupert Wyatt;James Franco, Andy Serkis, Brian Cox, John Lithgow, Freida Pinto, Tom Felton, Tyler Labine, Sonja Bennett, Chelah Horsdal, David Oyelowo;https://www.hbomax.com/cz/en/movies/rise-of-the-planet-of-the-apes-2011/a3db0e5d-d8dd-447a-8ae3-30d98ffb1a00<br>https://srv.tunefindforfans.com/showads/track/srvclk.php?aid=100006796&lp=https://www.disneyplus.com/en-cz/browse/entity-c472832f-a4e8-4bee-8232-404e803b183f<br>https://srv.clickfuse.com/ads/adclkr.php?id=100006636&url=https://tv.apple.com/cz/movie/rise-of-the-planet-of-the-apes/umc.cmc.5hrbuszplmwv9me5n799kcd0z<br>https://www.youtube.com/watch?v=OBGmmu7TWgU<br>https://sledovanitv.cz/epg/event/hbo_comedy:2025121250c22c8c1ef493f501524db95e69a343<br>/novinky/6101-smrtonosna-past-nebude-disney-slape-na-brzdu/<br>/novinky/6101-smrtonosna-past-nebude-disney-slape-na-brzdu/<br>/novinky/6101-smrtonosna-past-nebude-disney-slape-na-brzdu/<br>https://www.hbomax.com/cz/en/movies/rise-of-the-planet-of-the-apes-2011/a3db0e5d-d8dd-447a-8ae3-30d98ffb1a00<br>https://srv.tunefindforfans.com/showads/track/srvclk.php?aid=100006796&lp=https://www.disneyplus.com/en-cz/browse/entity-c472832f-a4e8-4bee-8232-404e803b183f<br>https://srv.clickfuse.com/ads/adclkr.php?id=100006636&url=https://tv.apple.com/cz/movie/rise-of-the-planet-of-the-apes/umc.cmc.5hrbuszplmwv9me5n799kcd0z<br>https://www.youtube.com/watch?v=OBGmmu7TWgU<br>https://sledovanitv.cz/epg/event/hbo_comedy:2025121250c22c8c1ef493f501524db95e69a343<br>https://apps.apple.com/cz/app/id6755365206<br>https://play.google.com/store/apps/details?id=cz.csfd.csfdroid<br>;Academy Awards (1x)<br>British Academy of Film and Television Arts (BAFTA) (1x)<br>Critics Choice Awards (2x)<br>The Saturn Awards (2x)<br>;Critics Choice Awards (1x)<br>Florida Film Critics Circle Awards (1x)<br>The Saturn Awards (3x)<br>;Pierre Boulle
1074;Frankenweenie;1984;82.47112355617782;29.0;https://image.pmgstatic.com/cache/resized/w420/files/images/film/posters/161/345/161345680_cce62f.jpg;https://www.csfd.cz/film/1074-frankenweenie/;USA;Krátkometrážní / Komedie / Rodinný / Sci-Fi;;"Victor Frankenstein je mladý chalan, ktorý má pomerne netradičný koníček - filmárčinu. Svoj prvý režijný počin premieta jedno dopoludnie rodine a spolužiakom. Hlavnú úlohu vo filme hrá jeho milovaný pes Sparky. Viktor sa stretol s nadšenými reakciami, no krátko na to nečakane prišiel o svoju hviezdu - Sparky chvíľu po projekcii filmu umiera pod kolesami auta a zdá sa, že z Victora vyprchala všetka chuť do života. Ale iba do chvíle, kým im v škole profesor biológie na žabe neukáže, ako možno pomocou elektriny dodať mŕtvemu organizmu život. Victor dostane šialený nápad - oživiť Sparkyho, torý už nejakú tú chvíľu leží na ""cintoríne domácich zvieratiek"". Teoreticky je to síce možné, ale aké to bude mať následky? (oli.G)";;psi;Tim Burton;Shelley Duvall, Daniel Stern, Barret Oliver, Joseph Maher, Paul Bartel, Jason Hervey, Sofia Coppola, Paul C. Scott;https://srv.tunefindforfans.com/showads/track/srvclk.php?aid=100006796&lp=https://www.disneyplus.com/en-cz/browse/entity-68f3e659-5515-4ac8-b12d-4f2c7dd061dd<br>https://srv.tunefindforfans.com/showads/track/srvclk.php?aid=100006796&lp=https://www.disneyplus.com/en-cz/browse/entity-68f3e659-5515-4ac8-b12d-4f2c7dd061dd<br>https://apps.apple.com/cz/app/id6755365206<br>https://play.google.com/store/apps/details?id=cz.csfd.csfdroid<br>;The Saturn Awards (1x)<br>;;
40326;X-Men 2;2003;82.17389470131624;128.0;https://image.pmgstatic.com/cache/resized/w420/files/images/film/posters/159/257/159257148_8a22ce.jpg;https://www.csfd.cz/film/40326-x-men-2/;USA / Kanada;Akční / Dobrodružný / Sci-Fi / Thriller;X-Men 2;X-Meni. Narodili se s jedinečnou genetickou mutací, která jim umožňuje vládnout nadpřirozenými schopnostmi. Pod vlivem profesora Charlese Xaviera (Patrick Stewart) slouží lidstvu. Chrání svět. Ten jim však nedůvěřuje a bojí se jich. Po nesmyslném pokusu o atentát na prezidenta Spojených států, který údajně spáchal neznámý mutant, se veřejnost dovolává zákona, který má mutanty dostat pod kontrolu. V čele militantně anti-mutantniho hnuti stojí armádní velitel a vědec William Stryker (Brian Cox), o němž se tvrdí, že na mutantech prováděl pokusy. Mutanty nenávidí a hodlá je totálně zlikvidovat. Když zjistí, že jeho vlastní syn je mutant, bez milosti ho zabije. Stryker měl v minulosti co do činění také s Wolverinem (Hugh Jackman) a zná tajemství jeho minulosti. Když Wolverine pátrá po svém původu, uvede Stryker do pohybu svůj anti-mutantní program. Jsou však i mutanti, kteří se proti lidské civilizaci postavili. Jeden z nich, Magento (Ian McKellen), právě unikl z vězení. Je nepřítelem X-Menů. V situaci, kdy se všichni mutanti stali štvanci, navrhne X-Menům spojenectví proti společnému nepříteli - Strykerovi. X-Meni i jejich spojenci se spolu vydávají na nejnebezpečnější misi v životě... Režisér Bryan Singer natočil tentokrát víc než tradiční pokračování. Ponořil se hlouběji do mytologie X-Menů, do jejich schopností a vztahů. Vedle již známých postav se na pozici dobra přidává atletický Nightcrawler a zlo posiluje - nejen svými diamantovými drápy - Deathstrike. Ve filmu se tak představuje nová generace X-Menů. Patrick Stewart se vrátil do role profesora Charlese Xaviera, světově uznávaného telepata. I promodralá metamorfická Mystique (Rebecca Romijn-Stamos - viděli jsme ji jako Femme Fatale ve stejnojmenném filmu) předvede své svody. Větší prostor má také postava Storm (oscarová Halle Berry), která prochází vývojovými změnami. Režisér Bryan Singer po natáčení druhého dílu X-Menů prohlásil: Točit první X-Meny byla úžasná zkušenost a divácká reakce byla mimořádně příznivá. Ale po natočení filmu X-Men 2 mi natáčení prvního dílu připadá skoro jen jako úvod. Kultovní záležitost, natočená, jak je to v poslední době velice časté, podle komiksu, má všechny předpoklady upoutat diváky vizuálně i napínavým dějem.;02.05.2003 20th Century Fox;smrt, zrada, podle komiksu, voda, superhrdina, Marvel Comics, mutanti, Wolverine, X-Men, Professor X, Cyclops (Marvel Comics), Magneto, Storm, Jean Grey, Colossus, Iceman, Mystique, Nightcrawler, Rogue, Pyro, Lady Deathstrike;Bryan Singer;Patrick Stewart, Hugh Jackman, Ian McKellen, Halle Berry, Famke Janssen, James Marsden, Rebecca Romijn, Anna Paquin, Alan Cumming, Brian Cox;https://srv.tunefindforfans.com/showads/track/srvclk.php?aid=100006796&lp=https://www.disneyplus.com/en-cz/browse/entity-54748282-5bf7-496c-8db9-a9aa3b7f57ac<br>https://srv.clickfuse.com/ads/adclkr.php?id=100006636&url=https://tv.apple.com/cz/movie/x2-x-men-united/umc.cmc.4zz3xnreshr62d1ir2cxmvm1w<br>https://www.youtube.com/watch?v=T4NIGVl2_g0<br>https://srv.tunefindforfans.com/showads/track/srvclk.php?aid=100006796&lp=https://www.disneyplus.com/en-cz/browse/entity-54748282-5bf7-496c-8db9-a9aa3b7f57ac<br>https://srv.clickfuse.com/ads/adclkr.php?id=100006636&url=https://tv.apple.com/cz/movie/x2-x-men-united/umc.cmc.4zz3xnreshr62d1ir2cxmvm1w<br>https://www.youtube.com/watch?v=T4NIGVl2_g0<br>https://apps.apple.com/cz/app/id6755365206<br>https://play.google.com/store/apps/details?id=cz.csfd.csfdroid<br>;The Saturn Awards (8x)<br>;The Saturn Awards (1x)<br>;
326;Neuvěřitelný zmenšující se muž;1957;82.83941039565555;81.0;https://image.pmgstatic.com/cache/resized/w420/files/images/film/posters/162/255/162255902_4fb765.jpg;https://www.csfd.cz/film/326-neuveritelny-zmensujici-se-muz/;USA;Sci-Fi / Thriller / Drama / Horor;The Incredible Shrinking Man;Scott Carey a jeho žena Louise se opalují na jachtě při plavbě klidným mořem, když tu se najednou Scott na palubě dostane do záhadného mlžného oparu. Jak se mlha přežene, zůstanou mu po ní na těle jakési třpytivé částečky, které se vzápětí vypaří. Později ho nešťastnou náhodou zasáhne prostředek na hubení hmyzu, no a tyto dva incidenty společně zapříčiní, že se začne zmenšovat. Nejprve jen o pár centimetrů, ale poté více. Každý včetně doktorů jen kroutí hlavou. Brzy je jen tři stopy vysoký a stane se národní kuriozitou. A když měří pouhých 15 centimetrů, nezbývá mu než se přestěhovat do domečku pro panenky. Tam na něj naneštěstí zaútočí jeho vlastní kočka a následkem toho spadne do sklepa, odkud není úniku. Pro své blízké mrtvý, Scott musí najít cestu jak přežít v novém prostředí, plném nebezpečných nástrah... (ČSFD.cz);22.02.1957 Universal Pictures US;podle knihy, muž, černobílý film, tajemství, strach, záhady, pátrání, doktoři, moře, voda, lodě, oceán, lékařství, radioaktivita, mlha, únik radioaktivity;Jack Arnold;Grant Williams, Randy Stuart, April Kent, Paul Langton, Raymond Bailey, William Schallert, Billy Curtis, Charles Perry, Diana Darrin, Luce Potter;https://apps.apple.com/cz/app/id6755365206<br>https://play.google.com/store/apps/details?id=cz.csfd.csfdroid<br>;The Saturn Awards (1x)<br>;;Richard Matheson
1244;Propast;1989;82.14183857781158;139.0;https://image.pmgstatic.com/cache/resized/w420/files/images/film/posters/162/133/162133641_adc9ed.jpg;https://www.csfd.cz/film/1244-propast/;USA;Akční / Dobrodružný / Sci-Fi / Thriller;Propast;Nedaleko Kuby se americká jaderná ponorka Montana málem srazí s neznámým, rychle se pohybujícím tělesem. Narazí do podmořského útesu a klesne do hlubin. Americké námořnictvo nemůže v důsledku blížící se bouře zahájit záchranné práce vlastními prostředky a proto požádá o spolupráci podmořskou vrtnou věž Deepcore, která pracuje poblíž místa nehody. Velitel Bud Brigman není příliš nadšen, protože celou akci má řídit speciální jednotka SEAL a navíc s vojáky přichází na stanici také Budova manželka Lindsey, s níž se právě rozvádí. Úkolem záchranného týmu je zjistit, zda někdo z ponorky přežil a deaktivovat jaderné nálože. Na hladině propukne hurikán, Brigman však nemůže odpojit spojovací kabel, protože velitel vojáků, poručík Coffey, podléhající pomalu podmořské psychóze, obsadil miniponorku, aby se mohl vypravit pro jednu z jaderných hlavic. Bouře utrhne z lodi jeřáb a ten padá přímo na Deepcore. Těsně jej mine, ale málem stanici strhne do propasti. Lindsey dokáže v těžce poškozené stanici obnovit dodávku elektřiny, pokud se však včas nedostanou na hladinu, dojde jim kyslík. V oceánu kolem stanice se několikrát objeví podivná světla, vylétající z propasti. Lindsay je přesvědčena, že jde o mimozemskou civilizaci, pokoušející se o kontakt, Coffey se domnívá, že to jsou Rusové, které je třeba zničit. Zmocní se stanice a vyšle do propasti načasovanou jadernou hlavici. Brigmanovi a jeho lidem se podaří vojáky přemoci, zdá se však, že je pozdě. Bud se rozhodne obětovat vlastní život, sestoupit do propasti a hlavici zneškodnit. Ví, že návrat nebude možný.;09.08.1989 20th Century Fox;zbraně, vojáci, moře, lodě, mimozemšťané, vesmírná loď, studená válka, námořnictvo, ponorky, atomová bomba, potápění, podmořská stanice;James Cameron;Ed Harris, Mary Elizabeth Mastrantonio, Michael Biehn, Leo Burmester, Todd Graff, John Bedford Lloyd, J.C. Quinn, Kimberly Scott, Jimmie Ray Weeks, Ken Jenkins;https://srv.tunefindforfans.com/showads/track/srvclk.php?aid=100006796&lp=https://www.disneyplus.com/en-cz/browse/entity-733df76b-d280-4f96-b13e-3b0c0c345dee<br>https://srv.clickfuse.com/ads/adclkr.php?id=100006636&url=https://tv.apple.com/cz/movie/the-abyss/umc.cmc.3riqdwijnlplqr8epmjraylzc<br>https://www.youtube.com/watch?v=WS0JIt5Ixnk<br>https://srv.tunefindforfans.com/showads/track/srvclk.php?aid=100006796&lp=https://www.disneyplus.com/en-cz/browse/entity-733df76b-d280-4f96-b13e-3b0c0c345dee<br>https://srv.clickfuse.com/ads/adclkr.php?id=100006636&url=https://tv.apple.com/cz/movie/the-abyss/umc.cmc.3riqdwijnlplqr8epmjraylzc<br>https://www.youtube.com/watch?v=WS0JIt5Ixnk<br>https://apps.apple.com/cz/app/id6755365206<br>https://play.google.com/store/apps/details?id=cz.csfd.csfdroid<br>;Academy Awards (3x)<br>The Saturn Awards (6x)<br>San Sebastián International Film Festival (1x)<br>;Academy Awards (1x)<br>The Saturn Awards (1x)<br>;
70635;Animatrix;2003;82.14208826695372;101.0;https://image.pmgstatic.com/cache/resized/w420/files/images/film/posters/161/945/161945618_7d1717.jpg;https://www.csfd.cz/film/70635-the-animatrix/;USA;Animovaný / Sci-Fi / Akční / Dobrodružný;The Animatrix;Vítejte do světa Animatrixu, vizionářské fúze počítačové animace a japonské školy animace, od světově nejuznávanějších tvůrců animovanch filmů. Vychutnejte si snímek, který vznikl před filmem Matrix a dozvíte se o posledních městech lidské rasy, válce mezi stroji a lidmi a o závěrečném úpadku lidstva. Staňte se svědky posledního letu Osirise, který připravil půdu pro film Matrix Reloaded a videohru Enter The Matrix. Doplňte si své povědomí o Matrixu a získejte informace, které jinde nenajdete. Je čas zapojit se...;Na DVD od 03.06.2003 Warner Bros. CZ;smrt, násilí, strach, zbraně, souboje, válka, bojová umění, postapokalyptická budoucnost, roboti, antologie, antiutopie, hacker, virtuální realita, nadvláda počítačů, pogrom;Andrew R. Jones, Šin'ičiró Watanabe, Mahiro Maeda;Akio Ócuka, Dwight Schultz, Carrie-Anne Moss, Keanu Reeves, Rick Gomez, Hedy Burress, Terrence 'T.C.' Carson, Tress MacNeille, Tom Kenny, Olivia d'Abo;https://srv.clickfuse.com/ads/adclkr.php?id=100006636&url=https://tv.apple.com/cz/movie/the-animatrix/umc.cmc.4h6fc2rhmaw95u87x3mbdalw5<br>https://srv.clickfuse.com/ads/adclkr.php?id=100006636&url=https://tv.apple.com/cz/movie/the-animatrix/umc.cmc.4h6fc2rhmaw95u87x3mbdalw5<br>https://apps.apple.com/cz/app/id6755365206<br>https://play.google.com/store/apps/details?id=cz.csfd.csfdroid<br>;The Saturn Awards (1x)<br>;;
223262;Iron Man;2008;82.01952945802476;126.0;https://image.pmgstatic.com/cache/resized/w420/files/images/film/posters/000/049/49177_031300.jpg;https://www.csfd.cz/film/223262-iron-man/;USA;Akční / Dobrodružný / Sci-Fi;Iron Man;"Slavná komiksová postava Iron Man patří mezi nejhýčkanější superhrdiny sdružené pod křídly giganta jménem Marvel. Přesto (nebo možná právě proto) se až teď mohl přidat ke svým sourozencům Spider-Manovi, Fantastické čtyřce a X-Menům, kteří o sobě mohou hrdě prohlašovat, že o nich natočili film. Nečekejte ovšem dalšího spasitele lidstva, kterému k jeho mimořádným schopnostem pomohlo pavoučí kousnutí nebo ozáření. Muž se železnou maskou, občanským jménem Tony Stark, se ke své výjimečnosti ""poctivě"" propracoval. Uvozovky jsou namístě, Tony se živí jako VIP výrobce a dodavatel technologicky vyspělých zbraní pro americkou armádu a jeho životní filozofii vystihuje věta: Nejlepší zbraní je ta, ze které stačí vystřelit jen jednou. Na cestě z povedené prezentace nejnovější zbraně hromadného ničení pro armádní špičky ho na horké afgánské půdě unese jistá teroristická skupina. Muž, kterému ležela Amerika u nohou, se tak rázem ocitá v držení lidí, kteří po něm chtějí jediné - aby začal vyrábět zbraně pro ně. Díky své vynalézavosti, výjimečnému intelektu a schopnosti improvizovat si Tony v zajetí vyrobí ""brnění"", které mu pomůže dostat se na svobodu. Tehdy také dostane nápad tenhle improvizovaný kovový oblek ještě výrazně vylepšit. A tak se zrodí Iron Man.";02.05.2008 Paramount Pictures;muž, žena, smrt, přátelství, přátelé, násilí, tajemství, záhady, zbraně, oběť (autonehody/zločinu), pátrání, peníze, manipulace, intriky, zločin, únos, zrada, boj o přežití, souboje, kamarádi, trauma, podle komiksu, umírání, zranění, agenti, novináři, rvačka, střelné zbraně, nebezpečí, chamtivost, hádka, teroristé, superhrdina, reportéři, rukojmí, hrdina, korporace, bohatství, výbuch, média, zajatci, těžký úraz, Marvel Comics, technologie, řidič, vynálezce, obchod (transakční), jeskyně, umělá inteligence, kriminální policie, tajná organizace, destrukce, ničení, terorismus, úkryt, kancelář, tajný agent, bodyguard, zbraně hromadného ničení, budova, teroristický útok, sekretářka, podnikatel, Marvel Cinematic Universe (MCU), ochranka, počítač, létání, milionář, Iron Man, Nick Fury, Avengers, zbrojní průmysl, bombový útok;Jon Favreau;Robert Downey Jr., Terrence Howard, Jeff Bridges, Gwyneth Paltrow, Leslie Bibb, Shaun Toub, Faran Tahir, Clark Gregg, Bill Smitrovich, Paul Bettany;https://srv.tunefindforfans.com/showads/track/srvclk.php?aid=100006796&lp=https://www.disneyplus.com/en-cz/browse/entity-0c520152-b81f-4c20-9310-003debd1947e<br>https://srv.clickfuse.com/ads/adclkr.php?id=100006636&url=https://tv.apple.com/cz/movie/iron-man/umc.cmc.219lnb4s678o8roez3o905h7r<br>https://srv.tunefindforfans.com/showads/track/srvclk.php?aid=100006796&lp=https://www.disneyplus.com/en-cz/browse/entity-0c520152-b81f-4c20-9310-003debd1947e<br>https://srv.clickfuse.com/ads/adclkr.php?id=100006636&url=https://tv.apple.com/cz/movie/iron-man/umc.cmc.219lnb4s678o8roez3o905h7r<br>https://apps.apple.com/cz/app/id6755365206<br>https://play.google.com/store/apps/details?id=cz.csfd.csfdroid<br>;Academy Awards (2x)<br>British Academy of Film and Television Arts (BAFTA) (1x)<br>Critics Choice Awards (1x)<br>The Saturn Awards (6x)<br>;The Saturn Awards (3x)<br>;Stan Lee, Larry Lieber, Jack Kirby
257869;District 9;2009;81.99133111376342;112.0;https://image.pmgstatic.com/cache/resized/w420/files/images/film/posters/158/036/158036323_8027b9.jpg;https://www.csfd.cz/film/257869-district-9/;Jihoafrická republika / USA / Nový Zéland / Kanada;Akční / Sci-Fi / Thriller;District 9;Před více než dvaceti lety došlo k prvnímu kontaktu mimozemské civilizace s lidstvem. Lidé očekávali děsivou bitvu nebo významný technologický pokrok. Nedošlo ani k jednomu. Mimozemšťané byli uprchlíky z vlastní planety. Stvoření byla ubytována v nouzových domovech v jihoafrickém Okrsku 9 (District 9), zatímco se státy celého světa dohadovaly, co a jak dál. Teď všem dochází trpělivost. Dohled nad mimozemšťany byl svěřen MNU, soukromé organizaci, které je osud mimozemšťanů lhostejný. Měla by ale naději na obrovský výdělek, pokud dokáže zprovoznit mimozemské zbraně, které vyžadují k aktivaci mimozemskou DNA. Napětí mezi mimozemšťany a lidmi dospěje ke svému vrcholu ve chvíli, kdy začne MNU obyvatele Okrsku 9 stěhovat do nového tábora. Jeden z agentů MNU, Wikus van der Merwe (Sharlto Copley) se nakazí mimozemským virem, který začne měnit jeho DNA. Záhy se stává nejhledanějším mužem planety – je klíčem k odhalení tajů mimozemské technologie. Vyděšený muž má jedinou možnost: ukrýt se v Okrsku 9.;14.08.2009 TriStar Pictures;město, zbraně, vojáci, armáda, mimozemšťané, rasismus, vesmírná loď, antiutopie, tajná organizace, Wilhelm scream, uprchlický tábor, zbrojní průmysl;Neill Blomkamp;Sharlto Copley, Jason Cope, David James, Vanessa Haywood, Mandla Gaduka, Kenneth Nkosi, Eugene Khumbanyiwa, Louis Minnaar, William Allen Young, Robert Hobbs;https://srv.clickfuse.com/ads/adclkr.php?id=100006636&url=https://tv.apple.com/cz/movie/district-9/umc.cmc.3usb8g6i8utbtkm4j3hy70x8c<br>https://www.youtube.com/watch?v=l55jD1RTBAI<br>https://srv.clickfuse.com/ads/adclkr.php?id=100006636&url=https://tv.apple.com/cz/movie/district-9/umc.cmc.3usb8g6i8utbtkm4j3hy70x8c<br>https://www.youtube.com/watch?v=l55jD1RTBAI<br>https://apps.apple.com/cz/app/id6755365206<br>https://play.google.com/store/apps/details?id=cz.csfd.csfdroid<br>;Academy Awards (4x)<br>British Academy of Film and Television Arts (BAFTA) (7x)<br>Golden Globes (1x)<br>Critics Choice Awards (4x)<br>The Saturn Awards (6x)<br>;Critics Choice Awards (1x)<br>Los Angeles Film Critics Association Awards (2x)<br>The Saturn Awards (1x)<br>;
88180;Divoká planeta;1973;82.28851963746223;72.0;https://image.pmgstatic.com/cache/resized/w420/files/images/film/posters/162/469/162469754_594m61.jpg;https://www.csfd.cz/film/88180-divoka-planeta/;Francie / Československo;Animovaný / Sci-Fi;La Planète sauvage;Futuristicky vyhlížející animovaný film na motivy románu Stefana Wuta. Kouzelným světem vás provází malý kluk - člověk, který slouží jako hračka pro děti kulturně a technicky vyspělejších bytostí. Tento chlapec projeví neočekávanou schopnost učit se a tvořit. Mezitím se vládci společnosti rozhodnou vyhladit zbytky lidí volně žijících v přírodě, aby předešli možným budoucím problémům. (raffspIn);01.12.1973 Ústřední půjčovna filmů;podle knihy, smrt, útěk, chlapec, zvířata, sex, mimozemšťané, domorodé kmeny, vesmírná loď, otroctví, vzpoura systému, genocida, alegorie;René Laloux;Jean Topart, Hubert de Lapparent, Gérard Hernandez, Miroslav Masopust, Hana Maciuchová, Jorga Kotrbová, Marie Vášová, Věra Kubánková, Václav Voska, Josef Větrovec;https://apps.apple.com/cz/app/id6755365206<br>https://play.google.com/store/apps/details?id=cz.csfd.csfdroid<br>;Cannes Film Festival (1x)<br>;Cannes Film Festival (1x)<br>;Stefan Wul
225412;Spin;2005;82.52804786836201;8.0;https://image.pmgstatic.com/cache/resized/w420/files/images/film/posters/000/323/323195_5354fb.jpg;https://www.csfd.cz/film/225412-spin/;USA;Krátkometrážní / Komedie / Hudební / Sci-Fi;God is a DJ;Tajemný DJ je vyslán do rušné části města, aby zasáhl v řadě řetězových reakcí, které jsou běžnou součástí našeho života, avšak díky záměně časových stop vypuká chaos.;;;Jamin Winans;Raymond Andrew Bailey, Megan Heffernan;http://www.youtube.com/watch?v=oP59tQf_njc<br>https://apps.apple.com/cz/app/id6755365206<br>https://play.google.com/store/apps/details?id=cz.csfd.csfdroid<br>;;;
236957;Duna;2021;81.9014046018473;155.0;https://image.pmgstatic.com/cache/resized/w420/files/images/film/posters/165/685/165685348_96b806.jpg;https://www.csfd.cz/film/236957-duna/;USA / Kanada;Sci-Fi / Akční / Dobrodružný / Drama;Duna;Kultovní sci-fi dílo vypráví o mocenských bojích uvnitř galaktického Impéria, v nichž jde o ovládnutí planety Arrakis: zdroje vzácného koření - melanže, jež poskytuje zvláštní psychické schopnosti, které umožňují cestování vesmírem. Padišáh imperátor svěří správu nad Arrakisem a s ní i komplikovanou těžbu neobyčejné látky vévodovi rodu Atreidů. Celá anabáze je ale součástí spiknutí, z něhož se podaří vyváznout jen vévodovu synovi Paulovi a jeho matce, kteří uprchnou do pouště. Jejich jedinou nadějí jsou nedůvěřiví domorodí obyvatelé fremeni, schopní trvale přežít ve vyprahlé pustině. Mohl by Paul Atreides být spasitelem, na kterého tak dlouho čekají? (Vertical Entertainment);Na VOD od 22.10.2021 HBO Max;podle knihy, muž, láska, rodina, smrt, násilí, tajemství, otec, matka, syn, útěk, chlapec, ženy, pomsta, politika, vojáci, lež, intriky, pronásledování, únos, zrada, souboje, mrtvola, doktoři, válka, armáda, žárlivost, monstra, těhotenství, víra, přepadení, chamtivost, vesmír, konspirace, šlechta, špioni, poušť, trénink, bitva, pláž, vesmírná loď, výbuch, loajalita, atentát, piloti, sabotáž, císař, proroctví, telepatie, drony, znaková řeč, space opera, chrám, konkubína, písečná bouře;Denis Villeneuve;Timothée Chalamet, Rebecca Ferguson, Oscar Isaac, Jason Momoa, Stellan Skarsgård, Stephen McKinley Henderson, Josh Brolin, Javier Bardem, Sharon Duncan-Brewster, Chen Chang;https://www.hbomax.com/cz/en/movies/dune/e7dc7b3a-a494-4ef1-8107-f4308aa6bbf7<br>https://srv.clickfuse.com/ads/adclkr.php?id=100006636&url=https://tv.apple.com/cz/movie/dune/umc.cmc.2l7qj9p33t3jww1roxi8cgiw5<br>https://www.iprima.cz/filmy/duna?utm_source=csfd&utm_medium=section_vod&utm_campaign=link_exchange<br>https://www.youtube.com/watch?v=S8TsSOhGHVA<br>https://www.hbomax.com/cz/en/movies/dune/e7dc7b3a-a494-4ef1-8107-f4308aa6bbf7<br>https://srv.clickfuse.com/ads/adclkr.php?id=100006636&url=https://tv.apple.com/cz/movie/dune/umc.cmc.2l7qj9p33t3jww1roxi8cgiw5<br>https://www.iprima.cz/filmy/duna?utm_source=csfd&utm_medium=section_vod&utm_campaign=link_exchange<br>https://www.youtube.com/watch?v=S8TsSOhGHVA<br>https://www.csfd.cz/vod/hbo-max/<br>https://apps.apple.com/cz/app/id6755365206<br>https://play.google.com/store/apps/details?id=cz.csfd.csfdroid<br>;Academy Awards (4x)<br>British Academy of Film and Television Arts (BAFTA) (6x)<br>Robert Awards (Danish Film Awards) (1x)<br>Amanda Awards (1x)<br>AACTA International Awards (1x)<br>Golden Globes (2x)<br>Critics Choice Awards (7x)<br>Florida Film Critics Circle Awards (1x)<br>Los Angeles Film Critics Association Awards (1x)<br>The Saturn Awards (5x)<br>;Academy Awards (6x)<br>British Academy of Film and Television Arts (BAFTA) (5x)<br>AACTA International Awards (1x)<br>Golden Globes (1x)<br>Critics Choice Awards (3x)<br>Florida Film Critics Circle Awards (2x)<br>The Saturn Awards (1x)<br>;Frank Herbert
9303;Total Recall;1990;81.83427282976325;113.0;https://image.pmgstatic.com/cache/resized/w420/files/images/film/posters/170/277/170277317_kjg3yu.jpg;https://www.csfd.cz/film/9303-total-recall/;USA;Akční / Sci-Fi / Thriller;Total Recall;"Hlavním hrdinou příběhu, odehrávajícího se v roce 2084, je stavební dělník Douglas Quaid, kterého sužují děsivé noční můry, týkající se Marsu. Rozhodne se proto navštívit neobvyklou cestovní kancelář Total Recall, která nabízí dovolenou formou implantovaných vzpomínek. Quaid si vybere dovolenou na Marsu v podobě tajného agenta. Při implantaci vyjde najevo, že Quaid už jedny implantované vzpomínky má. Vzápětí se ho pokusí zavraždit dva lidé, které považoval za své blízké. Nejprve přítel a vzápětí i jeho manželka Lori. Brzy poté se Quaid dovídá, že byl na Marsu zapleten do odboje proti tyranskému guvernérovi Cohaagenovi a proto se, pronásledován najatými zabijáky, na Mars vrátí, aby našel sám sebe a své vlastní vzpomínky. Okamžitě se ocitá ve víru nebezpečných událostí a stává se rozhodujícím prvkem na misce vah vleklé války mezi rebely a guvernérovou armádou... Americký snímek natočil v roce 1990 režisér Paul Verhoeven (RoboCop, Hvězdná pěchota, Základní instinkt). Autoři scénáře, Ron Shusett a Dan O'Bannon (proslavili se jako scénáristé Vetřelce), se nechali při vzniku příběhu inspirovat povídkou Philipa K. Dicka ""We Can Remember It for You Wholesale"". Film získal Oscara za speciální efekty a je dnes považován za žánrovou klasiku devadesátých let 20. století.";01.06.1990 TriStar Pictures;podle knihy, muž, žena, smrt, vražda, násilí, tajemství, strach, manželé, záhady, útěk, zbraně, vyšetřování, vrah, ženy, oběť (autonehody/zločinu), pátrání, cestování, vzpomínky, pomsta, politika, manipulace, lež, intriky, pronásledování, putování, sny, zrada, boj o přežití, souboje, podvod, mrtvola, dilema, naděje, zabijáci, umírání, zranění, agenti, rvačka, střelné zbraně, manželství, krutost, paranoia, panika, přepadení, politik, vesmír, přestřelka, chladnokrevnost, střelba, konspirace, budoucnost, diktatura, odboj, odplata, spiknutí, svoboda, pokus o vraždu, antiutopie, změna identity, amnézie, technologie, mutanti, samopal, vzpoura, puška, vzpoura systému, destrukce, ničení, diktátor, noční můry, brokovnice, tajný agent, kyberpunk, mutace, Mars, planety, guvernér, bojovníci za svobodu;Paul Verhoeven;Arnold Schwarzenegger, Rachel Ticotin, Sharon Stone, Ronny Cox, Michael Ironside, Marshall Bell, Mel Johnson Jr., Ray Baker, Michael Champion, Rosemary Dunsmore;https://apps.apple.com/cz/app/id6755365206<br>https://play.google.com/store/apps/details?id=cz.csfd.csfdroid<br>;Academy Awards (2x)<br>British Academy of Film and Television Arts (BAFTA) (1x)<br>The Saturn Awards (7x)<br>;Academy Awards (1x)<br>The Saturn Awards (2x)<br>;Philip K. Dick
8412;X-Men;2000;81.8075603830213;104.0;https://image.pmgstatic.com/cache/resized/w420/files/images/film/posters/161/168/161168258_e4974a.jpg;https://www.csfd.cz/film/8412-x-men/;USA;Akční / Dobrodružný / Sci-Fi / Thriller;X-Men;Nedaleká budoucnost. Po celé planetě se rodí děti s X-faktorem v genech, který jim dává zvláštní sílu - třeba ničivý laserový pohled nebo schopnost létat, či přesunovat předměty nebo ovládat počasí. Profesor X, Wolverine, Storm, Jean Grey, Rogue, Cyclops, Magneto, Toad, Mystique, Sabretooth jsou mutanti s mimořádnými schopnostmi. Ale pro lidi, kteří takovéto schopnosti nemají, je velice těžké mutanty akceptovat a neubránit se strachu. Nejcitelněji potřebu naučit mutanty, jak pracovat se svou zvláštní silou a mít nad ní kontrolu má profesor Charles Xavier - světově uznávaný telepat - mutant. Zřídí speciální školu a jeho záměrem je, aby se žáci chovali tak, aby se svět odnaučil strachu před nimi. Xavier přijímá dva nové žáky. Je to Logan - osamělý silák a Rogue, která může přijmout jakoukoliv sílu i paměť ze všeho, čeho se dotkne. Proti filosofii profesora Xaviera stojí senátor Kelly, který by mutanty nejradši zlikvidoval... Akční sci-fi film podle veleúspěšného comicsového příběhu o tom, jak je těžké najít hranici tolerance v soužití a pochopení svých zvláštností.;14.07.2000 20th Century Fox;muž, žena, smrt, přátelství, přátelé, násilí, dívka, tajemství, město, záhady, touha, ženy, oběť (autonehody/zločinu), škola, manipulace, intriky, sny, rivalita, zločin, boj o přežití, souboje, kamarádi, učitel, studenti, bolest, kriminalita, smutek, nenávist, dilema, podle komiksu, umírání, New York, zranění, rvačka, zoufalství, krutost, chladnokrevnost, superhrdina, bar, pochyby, hrdina, hospoda, oběť (někomu/něčemu), učitelka, spolužáci, Marvel Comics, mutanti, destrukce, ničení, invalidní vozík, profesor, školní třída, nesmrtelnost, mutace, ochrnutí, telepatie, Wolverine, X-Men, Professor X, Cyclops (Marvel Comics), Magneto, Storm, Socha Svobody, Jean Grey, Beast (Marvel Comics), Iceman, Mystique, Rogue, Toad, Sabretooth;Bryan Singer;Hugh Jackman, Patrick Stewart, Ian McKellen, Famke Janssen, James Marsden, Halle Berry, Anna Paquin, Ray Park, Rebecca Romijn, Bruce Davison;https://srv.tunefindforfans.com/showads/track/srvclk.php?aid=100006796&lp=https://www.disneyplus.com/en-cz/browse/entity-e9f59c82-de76-4a18-a849-192532ff9b2d<br>https://srv.clickfuse.com/ads/adclkr.php?id=100006636&url=https://tv.apple.com/cz/movie/x-men/umc.cmc.21mkhzmjkbq1jt1k83h1z98q1<br>https://srv.tunefindforfans.com/showads/track/srvclk.php?aid=100006796&lp=https://www.disneyplus.com/en-cz/browse/entity-e9f59c82-de76-4a18-a849-192532ff9b2d<br>https://srv.clickfuse.com/ads/adclkr.php?id=100006636&url=https://tv.apple.com/cz/movie/x-men/umc.cmc.21mkhzmjkbq1jt1k83h1z98q1<br>https://apps.apple.com/cz/app/id6755365206<br>https://play.google.com/store/apps/details?id=cz.csfd.csfdroid<br>;The Saturn Awards (5x)<br>;The Saturn Awards (6x)<br>;
101403;Darth Maul: Apprentice;2016;82.99300699300699;18.0;https://image.pmgstatic.com/cache/resized/w420/files/images/film/posters/160/580/160580199_93304f.jpg;https://www.csfd.cz/film/101403-darth-maul-apprentice/;Německo;Krátkometrážní / Fantasy / Akční / Sci-Fi;;Skupina Jediů je vylákána nouzovým signálem na odlehlou planetu, kde, jak se ukáže, musí čelit dosud neznámému sithskému lordu. Darth Maul podstupuje svoji závěrečnou zkoušku připravenou Darth Sidiousem, ve které musí prokázat nejen znalost Síly a dovednost v používání světelného meče, ale i demonstrovat, zda v sobě ještě najde špetku soucitu či slitování. (Tony-Z);;zbraně, lež, zrada, souboje, les, Star Wars;Shawn Bu;Mathis Landwehr, Ben Schamma, Svenja Jung, Eskindir Tesfay;https://apps.apple.com/cz/app/id6755365206<br>https://play.google.com/store/apps/details?id=cz.csfd.csfdroid<br>;;;
374525;Thor: Ragnarok;2017;81.60653945537666;130.0;https://image.pmgstatic.com/cache/resized/w420/files/images/film/posters/162/072/162072169_579988.jpg;https://www.csfd.cz/film/374525-thor-ragnarok/;USA / Austrálie;Akční / Dobrodružný / Fantasy / Sci-Fi / Komedie;Thor: Ragnarok;Thor je uvězněn na opačném konci vesmíru bez svého mocného kladiva a je nucen pustit se do závodu s časem, aby se vrátil včas do Asgardu a zastavil Ragnarok - zkázu svého domova a konec asgardské civilizace - který se snaží rozpoutat mocný nový nepřítel, nemilosrdná Hela. Předtím ale musí přežít smrtící gladiátorskou soutěž, v níž se ocitá tváří v tvář svému bývalému spojenci z řad Avengers - neuvěřitelnému Hulkovi. (Falcon);03.11.2017 Walt Disney US;smrt, otec, pomsta, souboje, bratři, podle komiksu, vesmír, superhrdina, zlo, bitva, vesmírná loď, Marvel Comics, 3D, bohové, Marvel Cinematic Universe (MCU), gladiátoři, Hulk, Thor (Marvel Comics), Loki (Marvel Comics), Avengers, Valkyrie (Marvel Comics);Taika Waititi;Chris Hemsworth, Tom Hiddleston, Mark Ruffalo, Cate Blanchett, Tessa Thompson, Idris Elba, Jeff Goldblum, Anthony Hopkins, Karl Urban, Zachary Levi;https://srv.clickfuse.com/ads/adclkr.php?id=100006636&url=https://tv.apple.com/cz/movie/thor-ragnarok/umc.cmc.5f4fq6k3njmustywcg5jld7im<br>https://srv.clickfuse.com/ads/adclkr.php?id=100006636&url=https://tv.apple.com/cz/movie/thor-ragnarok/umc.cmc.5f4fq6k3njmustywcg5jld7im<br>https://apps.apple.com/cz/app/id6755365206<br>https://play.google.com/store/apps/details?id=cz.csfd.csfdroid<br>;Critics Choice Awards (3x)<br>The Saturn Awards (2x)<br>;;Stan Lee, Larry Lieber, Jack Kirby
10132;Kontakt;1997;81.5811171287689;153.0;https://image.pmgstatic.com/cache/resized/w420/files/images/film/posters/159/533/159533671_4cc12e.jpg;https://www.csfd.cz/film/10132-kontakt/;USA;Drama / Mysteriózní / Sci-Fi / Thriller;Contact;Ellie Arrowayová zasvětila celý svůj život hledání života na jiných planetách. Stala se z ní vědecká kapacita na kosmické ticho, kterému naslouchá prostřednictvím soustavy gigantických teleskopů. A pak jednoho dne zachytí signál z vesmíru... Musí tvrdě bojovat, aby byla vybrána k prvnímu kontaktu se vzdálenou galaxií. Navíc ji stále pronásleduje minulost v podobě Palmera Josse, jednoho z prezidentových poradců a zároveň jejího přítele, který by ji ve vzdálené galaxii nerad ztratil.;11.07.1997 Warner Bros. US;podle knihy, láska, rodina, politika, zrada, naděje, náboženství, víra, vědci, mimozemšťané, vesmír, věda, teroristé, vesmírná loď, média, Bůh, červí díra;Robert Zemeckis;Jodie Foster, Matthew McConaughey, James Woods, John Hurt, Tom Skerritt, William Fichtner, David Morse, Angela Bassett, Geoffrey Blake, Max Martini;https://srv.clickfuse.com/ads/adclkr.php?id=100006636&url=https://tv.apple.com/cz/movie/contact/umc.cmc.3fpox502wnyj3pvd4004c1e2<br>https://www.youtube.com/watch?v=7OLgyZckPJc<br>https://srv.clickfuse.com/ads/adclkr.php?id=100006636&url=https://tv.apple.com/cz/movie/contact/umc.cmc.3fpox502wnyj3pvd4004c1e2<br>https://www.youtube.com/watch?v=7OLgyZckPJc<br>https://apps.apple.com/cz/app/id6755365206<br>https://play.google.com/store/apps/details?id=cz.csfd.csfdroid<br>;Academy Awards (1x)<br>Golden Globes (1x)<br>The Saturn Awards (5x)<br>;The Saturn Awards (2x)<br>;Carl Sagan
83541;Akira;1988;81.64533196791261;124.0;https://image.pmgstatic.com/cache/resized/w420/files/images/film/posters/168/190/168190214_n4uj23.jpg;https://www.csfd.cz/film/83541-akira/;Japonsko;Animovaný / Sci-Fi / Drama / Thriller;Akira;Tokio, červenec 1988. Extra Senzorické Pozorování - místo tajných vládních experimentů, které připravuje aktivizaci atomové bomby, která zapříčiní rozpoutání třetí světové války. 31 let po této katastrofě je svět sice rekonstruovaný, ale krajně nestabilní, jelikož pokračují psychické experimenty: Tokio se změnilo na obrovský megapolis Neo-Tokio. Zde působí i motocyklový gang, vedený Kanedem. Jeden z jeho členů Tetsuo je unesen organizací ESP, která ho zařadí do armády. Kaneda hledá zmizelého přítele. Jeho odysea mu umožní kontakt nejen s revolucionáři a tajnou policií, ale i primárním tajemstvím všeho, zvaným Akira... (Intersonic);16.07.1988 Toho Company;přátelství, vražda, policie, mládež, město, anime, politika, souboje, gang, armáda, vědci, teroristé, bar, postapokalyptická budoucnost, motorky, sekta, apokalypsa, pokusy na lidech, vzpoura, podle mangy, kyberpunk;Kacuhiro Ótomo;Mami Kojama, Micuo Iwata, Nozomu Sasaki, Teššó Genda, Hiroši Ótake, Issei Futamata, Takeši Kusao, Taró Arakawa, Juriko Fučizaki, Jósuke Akimoto;/novinky/6443-waititi-netflix-a-knihy-roalda-dahla/<br>/novinky/6443-waititi-netflix-a-knihy-roalda-dahla/<br>/novinky/6443-waititi-netflix-a-knihy-roalda-dahla/<br>https://apps.apple.com/cz/app/id6755365206<br>https://play.google.com/store/apps/details?id=cz.csfd.csfdroid<br>;;;Kacuhiro Ótomo
410534;Ready Player One: Hra začíná;2018;81.49103263896625;140.0;https://image.pmgstatic.com/cache/resized/w420/files/images/film/posters/162/447/162447642_77e362.jpg;https://www.csfd.cz/film/410534-ready-player-one-hra-zacina/;USA / Indie;Akční / Sci-Fi / Dobrodružný;Ready Player One;Děj filmu legendárního režiséra Stevena Spielberga je zasazen do roku 2045, kdy se svět ocitá na pokraji chaosu a kolapsu. Lidé však nalezli spásu v OASIS, rozsáhlém světě virtuální reality, který vytvořil geniální a excentrický James Halliday (Mark Rylance). Když Halliday zemře, odkáže své nesmírné bohatství prvnímu člověku, který najde Velikonoční vajíčko ukryté někde v OASIS. Odstartuje tak zběsilý závod, který pohltí celý svět. Když se k závodu o nalezení Velikonočního vajíčka rozhodne přidat nenápadný mladý hrdina Wade Watts (Tye Sheridan), je vržen do šílené, realitě na hony vzdálené honby za pokladem ve fantaskním světě mystérií, nečekaných objevů a nebezpečí. (Vertical Entertainment);30.03.2018 Warner Bros. US;podle knihy, láska, přátelství, vražda, dívka, pronásledování, souboje, monstra, budoucnost, sirotek, roboti, korporace, závody, automobilová honička, vynálezce, videohry, virtuální realita;Steven Spielberg;Tye Sheridan, Olivia Cooke, Ben Mendelsohn, Lena Waithe, Mark Rylance, Simon Pegg, T.J. Miller, Philip Zhao, Win Morisaki, Hannah John-Kamen;https://srv.clickfuse.com/ads/adclkr.php?id=100006636&url=https://tv.apple.com/cz/movie/ready-player-one/umc.cmc.295lpojxtonf6dqc4za2i97lr<br>https://www.youtube.com/watch?v=Ix1i2IlMFeU<br>https://srv.clickfuse.com/ads/adclkr.php?id=100006636&url=https://tv.apple.com/cz/movie/ready-player-one/umc.cmc.295lpojxtonf6dqc4za2i97lr<br>https://www.youtube.com/watch?v=Ix1i2IlMFeU<br>https://apps.apple.com/cz/app/id6755365206<br>https://play.google.com/store/apps/details?id=cz.csfd.csfdroid<br>;Academy Awards (1x)<br>British Academy of Film and Television Arts (BAFTA) (1x)<br>Critics Choice Awards (2x)<br>Florida Film Critics Circle Awards (1x)<br>The Saturn Awards (3x)<br>;The Saturn Awards (1x)<br>;Ernest Cline
261379;Deadpool;2016;81.36716709045943;108.0;https://image.pmgstatic.com/cache/resized/w420/files/images/film/posters/160/413/160413205_d99b89.jpg;https://www.csfd.cz/film/261379-deadpool/;USA;Akční / Komedie / Dobrodružný / Sci-Fi / Romantický;Deadpool;Než se stal Deadpoolem, byl Wadem Wilsonem (Ryan Reynolds), bývalým členem speciálních jednotek. Když mu lékaři diagnostikovali pokročilé stadium rakoviny, podrobil se experimentální léčbě v rámci programu Weapon X, známého a populárního především mezi x-menovskými mutanty. Díky tomu se Wade zbavil rakoviny, a nejenže zůstal naživu, ale také jako bonus získal schopnost rychlého samouzdravování. Bohužel však – například oproti Wolverinovi, který po podobné léčbě zůstal celkem sexy – z tohoto pokusu vyšel trvale znetvořený. I proto celkem bez většího odporu přijal okostýmované alter ego jménem Deadpool. (CinemArt);12.02.2016 20th Century Fox;muž, láska, žena, smrt, přátelství, přátelé, vražda, násilí, dívka, tajemství, mládež, záhady, touha, zbraně, vrah, ženy, oběť (autonehody/zločinu), vzpomínky, pomsta, manipulace, intriky, pronásledování, rivalita, zločin, kolegové, únos, boj o přežití, souboje, vášeň, kamarádi, mrtvola, nemoc, kriminalita, nenávist, dilema, zabijáci, podle komiksu, umírání, zranění, rvačka, střelné zbraně, černý humor, zoufalství, krutost, nebezpečí, přestřelka, chladnokrevnost, střelba, superhrdina, bar, nájemný vrah, experiment, mučení, odplata, hospoda, nevyléčitelná nemoc, rakovina, bodné zbraně, pokus o vraždu, sečné zbraně, těžký úraz, automobilová honička, Marvel Comics, maska, řidič, mutanti, pokusy na lidech, destrukce, ničení, sázka, taxi, nesmrtelnost, silnice, pěší honička, nájemná vražda, sázky, superschopnost, X-Men, antihrdina, Deadpool;Tim Miller;Ryan Reynolds, Morena Baccarin, Ed Skrein, T.J. Miller, Karan Soni, Michael Benyaer, Stefan Kapičič, Brianna Hildebrand, Style Dayne, Kyle Cassie;https://srv.tunefindforfans.com/showads/track/srvclk.php?aid=100006796&lp=https://www.disneyplus.com/en-cz/browse/entity-17854bdb-0121-4327-80a0-699fdecd1aaa<br>https://srv.clickfuse.com/ads/adclkr.php?id=100006636&url=https://tv.apple.com/cz/movie/deadpool/umc.cmc.3wk2vn8v3eazsdy6bzelugfld<br>https://srv.tunefindforfans.com/showads/track/srvclk.php?aid=100006796&lp=https://www.disneyplus.com/en-cz/browse/entity-17854bdb-0121-4327-80a0-699fdecd1aaa<br>https://srv.clickfuse.com/ads/adclkr.php?id=100006636&url=https://tv.apple.com/cz/movie/deadpool/umc.cmc.3wk2vn8v3eazsdy6bzelugfld<br>https://apps.apple.com/cz/app/id6755365206<br>https://play.google.com/store/apps/details?id=cz.csfd.csfdroid<br>;Golden Globes (2x)<br>Critics Choice Awards (2x)<br>The Saturn Awards (2x)<br>;Critics Choice Awards (2x)<br>The Saturn Awards (1x)<br>;Fabian Nicieza, Rob Liefeld
271125;Evangelion šin gekidžóban: Ha;2009;82.16599190283401;108.0;https://image.pmgstatic.com/cache/resized/w420/files/images/film/posters/158/701/158701180_4a7b3e.jpg;https://www.csfd.cz/film/271125-evangelion-sin-gekidzoban-ha/;Japonsko;Animovaný / Drama / Psychologický / Sci-Fi;ヱヴァンゲリヲン新劇場版:破;V předcházejících bojích proti nestvůrným Andělům pomocí obřích robotů, zvaných Eva, mladí piloti Shinji a Rei byli nuceni nést osud lidstva na svých ramenech. Nyní, Andělé chystají apokalyptický Třetí dopad, který by vyhladil lidstvo. Navíc Shinji a Rei musí sdílet své osudy s dvěma novými piloty Evy, namyšlenou a horlivou Asukou, a tajemnou Mari. Ovládajíce své obří Evy v boji, čtyři mladé duše zoufale bojují, aby zachránily lidskou rasu. Ale budou schopni zachránit sami sebe? (Jigvell);27.06.2009 Klockworx;anime, monstra, postapokalyptická budoucnost;Hideaki Anno, Kazuja Curumaki, Masajuki;Kotono Micuiši, Maaja Sakamoto, Megumi Hajašibara, Kóiči Jamadera, Tomokazu Seki, Takehito Kojasu, Akira Išida, Fumihiko Tačiki, Tecuja Iwanaga, Megumi Ogata;https://apps.apple.com/cz/app/id6755365206<br>https://play.google.com/store/apps/details?id=cz.csfd.csfdroid<br>;;;
90518;Kovboj Bebop: Lovec odměn;2001;81.55361050328227;116.0;https://image.pmgstatic.com/cache/resized/w420/files/images/film/posters/166/942/166942071_946gl9.jpg;https://www.csfd.cz/film/90518-kovboj-bebop-lovec-odmen/;Japonsko / USA;Animovaný / Akční / Krimi / Drama / Thriller / Sci-Fi;Kovboj Bebop;Animovaná sci-fi, natočená podle úspěšného japonského televizního seriálu, začíná v roce 2071. Mars je v ohrožení! V předvečer svátku Halloween vybuchne na dálnici nedaleko kráteru, kde leží hustě obydlené město, teroristická bomba. Výbuch má děsivé následky - 500 mrtvých a zraněných, jež zřejmě zasáhla chemická zbraň. Na dopadení útočníků je vypsána vysoká odměna, a tak se na scéně objeví Bebop a jeho parta a dají se do práce.;04.04.2003 Sony Pictures;násilí, zbraně, anime, pronásledování, vesmír, teroristé, budoucnost, Halloween, lovci lidí, Mars, biologické zbraně;Šin'ičiró Watanabe, Jošijuki Takei;Ai Kobajaši, Kóiči Jamadera, Megumi Hajašibara, Aoi Tada, Unšó Išizuka, Hóko Kuwašima, Iššin Čiba, Džúróta Kosugi, Rendži Išibaši, Júdži Ueda;https://apps.apple.com/cz/app/id6755365206<br>https://play.google.com/store/apps/details?id=cz.csfd.csfdroid<br>;;;
792852;Spider-Man: Bez domova;2021;81.20448179271709;148.0;https://image.pmgstatic.com/cache/resized/w420/files/images/film/posters/165/876/165876887_dc0664.png;https://www.csfd.cz/film/792852-spider-man-bez-domova/;USA;Akční / Dobrodružný / Sci-Fi;Spider-Man: No Way Home;Vůbec poprvé ve filmové historii je odhalena totožnost Spider-Mana a náš dobrý soused již nedokáže oddělit svou zodpovědnost superhrdiny od běžného života, čímž se jeho nebližší ocitnou ve velkém nebezpečí. Spider-Man požádá Doctora Strange, aby mu pomohl jeho tajemství obnovit. Kouzlo však způsobí v realitě obrovskou trhlinu, jíž do světa proniknou ti nejmocnější zloduši, kteří kdy bojovali se Spider-Manem v paralelním světě. Peter tak musí překonat svou doposud největší výzvu, která navždy změní nejen jeho budoucnost, ale i budoucnost paralelních světů. (Falcon);17.12.2021 Sony Pictures;rodina, smrt, přátelství, přátelé, násilí, dívka, tajemství, mládež, město, záhady, chlapec, vyšetřování, oběť (autonehody/zločinu), pátrání, škola, vzpomínky, souboje, kamarádi, nenávist, dilema, střední škola, podle komiksu, New York, rvačka, psychopat, kouzla, pocit viny, magie, věda, duševní porucha, superhrdina, vysoká škola, paranormální jevy, hrdina, dědictví, výbuch, oběť (někomu/něčemu), sociopat, odpuštění, amnézie, Marvel Comics, technologie, destrukce, ničení, lék, synovec, paralelní svět, kouzelník, teta, Marvel Cinematic Universe (MCU), Spider-Man, portál, Doctor Strange, Socha Svobody, Daredevil, Doctor Octopus, Green Goblin, Sandman (Marvel Comics), Electro, Lizard (Marvel Comics);Jon Watts;Tom Holland, Zendaya, Benedict Cumberbatch, Jacob Batalon, Jon Favreau, Jamie Foxx, Willem Dafoe, Alfred Molina, Benedict Wong, Tony Revolori;https://www.netflix.com/title/81465707<br>https://www.hbomax.com/cz/en/movies/spider-man-no-way-home/3caca27a-ae28-478f-8da5-d8f328986cae<br>https://srv.clickfuse.com/ads/adclkr.php?id=100006636&url=https://tv.apple.com/cz/movie/spider-man-no-way-home/umc.cmc.2qf7xc5hds0m5jgx4roago580<br>https://www.youtube.com/watch?v=YkT6PMlvPHI<br>https://sledovanitv.cz/epg/event/hbo_comedy:20251214c98521c6970a6d9b7e777a82d7d04652<br>https://www.netflix.com/title/81465707<br>https://www.hbomax.com/cz/en/movies/spider-man-no-way-home/3caca27a-ae28-478f-8da5-d8f328986cae<br>https://srv.clickfuse.com/ads/adclkr.php?id=100006636&url=https://tv.apple.com/cz/movie/spider-man-no-way-home/umc.cmc.2qf7xc5hds0m5jgx4roago580<br>https://www.youtube.com/watch?v=YkT6PMlvPHI<br>https://sledovanitv.cz/epg/event/hbo_comedy:20251214c98521c6970a6d9b7e777a82d7d04652<br>https://apps.apple.com/cz/app/id6755365206<br>https://play.google.com/store/apps/details?id=cz.csfd.csfdroid<br>;Academy Awards (1x)<br>The Saturn Awards (8x)<br>;The Saturn Awards (1x)<br>;Steve Ditko, Stan Lee
98607;The Chubbchubbs!;2002;81.92236598890943;6.0;https://image.pmgstatic.com/cache/resized/w420/files/images/film/posters/000/032/32288_684cdf.jpg;https://www.csfd.cz/film/98607-chubb-chubbs/;USA;Krátkometrážní / Animovaný / Sci-Fi / Komedie;Chubb Chubbs;ChubbChubbs predstavujú mimozemské stvorenia, ktoré napadnú planétu, na ktorej sa nachádza úprimný, ale nemotorný hrdina Meeper a spievajúca diva ZyZaks. Meeper sa údatne pokúša varovať hosťov Ale-E-Inn, že im hrozí nebezpečenstvo. Zrazu sa ale sám ocitne zoči-voči najpríšernejším stvoreniam v galaxii. (genetique);;mimozemšťané;Eric Armstrong;Robert Gordon, Rick Zieff, Brad Simonsen, Julie Zackary;https://apps.apple.com/cz/app/id6755365206<br>https://play.google.com/store/apps/details?id=cz.csfd.csfdroid<br>;British Academy of Film and Television Arts (BAFTA) (1x)<br>;Academy Awards (1x)<br>;
601122;Upgrade;2018;81.15134556826598;100.0;https://image.pmgstatic.com/cache/resized/w420/files/images/film/posters/162/824/162824607_0a8125.png;https://www.csfd.cz/film/601122-upgrade/;Austrálie / USA;Sci-Fi / Akční / Thriller;Upgrade;Za pár let už nebudeme muset ani hnout prstem, protože moderní technologie za nás všechno obstarají. Technofobům se v takové době nebude žít zrovna lehko. Grey Trace (Logan Marshall-Green) je pověstný tím, že jako jeden z posledních lidí dává před technologiemi přednost vlastním rukám. Jedna noc, která mu obrátí život vzhůru nohama, však tenhle přístup rázně změní. Autonehoda na noční dálnici a střet s bandou grázlů, kteří mu zavraždí přítelkyni a jeho nadosmrti zmrzačí. Greyovy vyhlídky na invalidním vozíku jsou víc než temné, dokud mu kamarád vědec nenabídne technologické vylepšení. S čipem v míše dokáže Grey nejen znovu chodit a pohybovat rukama, ale získává i další, dosud netušené možnosti. Experimentální zařízení zvané STEM totiž dokáže například i vystopovat pachatele onoho nočního přepadení a také Greyovi pomoci si to s těmi gaunery vyřídit ručně. Kdo by odolal? Grey rozhodně ne. Když však zanechá prvního z pachatelů v tratolišti krve, napadne ho, jestli by STEM neměl aspoň trochu zbrzdit. Otázka zní, jestli to půjde. A jestli to Grey vůbec chce. (CinemArt);01.06.2018 BH Tilt/High Top Releasing;násilí, vyšetřování, pomsta, detektiv, zabijáci, autonehoda, budoucnost, vdovec, antiutopie, automobilová honička, pokusy na lidech, umělá inteligence, ozploitation, hacker, kyberpunk, ochrnutí, odposlech, drony, nanotechnologie;Leigh Whannell;Logan Marshall-Green, Betty Gabriel, Harrison Sloan Gilbertson, Melanie Vallejo, Benedict Hardie, Simon Maiden, Richard Cawthorne, Christopher Kirby, Richard Anastasios, Linda Cropper;https://srv.clickfuse.com/ads/adclkr.php?id=100006636&url=https://tv.apple.com/cz/movie/upgrade/umc.cmc.5y4gtzpaftor940ypobn1m0as<br>https://www.youtube.com/watch?v=Bu1JWoRvrcA<br>https://srv.clickfuse.com/ads/adclkr.php?id=100006636&url=https://tv.apple.com/cz/movie/upgrade/umc.cmc.5y4gtzpaftor940ypobn1m0as<br>https://www.youtube.com/watch?v=Bu1JWoRvrcA<br>https://apps.apple.com/cz/app/id6755365206<br>https://play.google.com/store/apps/details?id=cz.csfd.csfdroid<br>;The Saturn Awards (1x)<br>;Sitges Film Festival (1x)<br>;
235331;Pozemšťan;2007;81.14920533673524;87.0;https://image.pmgstatic.com/cache/resized/w420/files/images/film/posters/169/528/169528950_m4brfl.jpg;https://www.csfd.cz/film/235331-pozemstan/;USA;Drama / Sci-Fi;The Man from Earth;Poté, co se uznávaný vysokoškolský profesor historie John Oldman rozhodne k nečekané rezignaci na svůj post, schyluje se k rozlučkovému večírku na odlehlé chatě na samotě. Právě na této party chce také profesor svým nejbližším přátelům vysvětlit příčiny zkratkovitého počínání. Jak se ale záhy ukáže, odůvodnění není zdaleka tak prozaické, a už vůbec ne snadno stravitelné. Oldmanova slova všechny zaskočí. Profesor totiž tvrdí, že hlavním důvodem jeho odchodu je nesmrtelnost. Prý je na světě již čtrnáct tisíc let a každých deset roků musí měnit své působiště, aby jej nevypátrali nesprávní lidé. Nikdo mu pochopitelně nevěří, a tak brzy začne intelektuální, emocemi nabitá historiografická přestřelka vedená ve snaze prokázat profesorovu lež. Jenže trhliny nepřicházejí. A všechny dosavadní jistoty se začínají pomalu hroutit.;19.10.2007 Anchor Bay Entertainment;nesmrtelnost;Richard Schenkman;David Lee Smith, Annika Peterson, Richard Riehle, Tony Todd, John Billingsley, Ellen Crawford, William Katt, Alexis Thorpe, Robbie Bryan;https://apps.apple.com/cz/app/id6755365206<br>https://play.google.com/store/apps/details?id=cz.csfd.csfdroid<br>;The Saturn Awards (1x)<br>;;
117436;Terminátor 2: Víc než jste ve filmu viděli;1993;86.41025641025641;28.0;//static.pmgstatic.com/assets/images/050b5bad23b8eb0b4f88f971b8f6a168/empty-image.svg;https://www.csfd.cz/film/117436-terminator-2-vic-nez-jste-ve-filmu-videli/;USA;Akční / Krátkometrážní / Dokumentární / Sci-Fi;T2: More Than Meets the Eye;;;;Dody Dorn;James Cameron, Michael Biehn, Joe Morton, Robert Patrick, Linda Hamilton, Jim Cummings, Stan Winston, Arnold Schwarzenegger, Edward Furlong;https://apps.apple.com/cz/app/id6755365206<br>https://play.google.com/store/apps/details?id=cz.csfd.csfdroid<br>;;;
117169;Šinseiki Evangelion gekidžóban: The End of Evangelion;1997;81.78151260504201;87.0;https://image.pmgstatic.com/cache/resized/w420/files/images/film/posters/161/929/161929789_23f71a.jpg;https://www.csfd.cz/film/117169-sinseiki-evangelion-gekidzoban-the-end-of-evangelion/;Japonsko;Animovaný / Akční / Drama / Sci-Fi;新世紀エヴァンゲリオン劇場版 THE END OF EVANGELION;Když skončil seriál NEON GENESIS EVANGELION, mnoho lidí bylo rozhočeno, neboť konec seriálu byl značně matoucí. Proto, o dva roky později, vznikl tento film. Zatímco poslední svě epizody seriálu sledovaly výhradně vnitřní myšlenkové pochody hlavního hrdiny, End of Evangelion sleduje to, co se dělo venku, k čemu se celý seriál schylovalo. Mladý Ikari Shinji naposledy usedá do mohutného stroje - Evangelionu, aby čelil poslednímu kroku v evoluci lidstva. Přijme ho, nebo se postaví na odpor? (Skejpr);;anime, monstra, postapokalyptická budoucnost;Hideaki Anno;Megumi Hajašibara, Kotono Micuiši, Kóiči Jamadera, Takehito Kojasu, Tomokazu Seki, Júko Mijamura, Akira Išida, Fumihiko Tačiki, Megumi Ogata, Miki Nagasawa;https://www.netflix.com/title/60024788<br>https://www.netflix.com/title/60024788<br>https://apps.apple.com/cz/app/id6755365206<br>https://play.google.com/store/apps/details?id=cz.csfd.csfdroid<br>;;;
261497;Star Trek: Do temnoty;2013;81.0952380952381;132.0;https://image.pmgstatic.com/cache/resized/w420/files/images/film/posters/150/809/150809956_e73bfd.jpg;https://www.csfd.cz/film/261497-star-trek-do-temnoty/;USA;Sci-Fi / Dobrodružný / Akční / Thriller;Star Trek into Darkness;Posádka Enterprise je povolána domů, nalézá zde však zdemolovanou flotilu i hodnoty, které flotila hájí. Náš svět je v krizi a za veškerý teror může nezastavitelná síla, která vzešla z vlastních řad. Kapitána Kirka se události osobně dotknou a nehodlá je nechat bez odezvy. Vydává se do válečné zóny, aby polapil člověka, který má sílu zbraně hromadného ničení. Naši hrdinové jsou vehnáni do epické šachové partie, která se hraje na život a na smrt. Láska projde zkouškou, přátelství budou roztrhána na kusy, a pokud má Kirk zachránit jedinou rodinu, která mu ještě zbývá, neobejde se to bez obětí. Tou rodinou je Kirkova posádka.;16.05.2013 Paramount Pictures;láska, žena, přátelství, přátelé, vojáci, rivalita, zrada, souboje, mimozemšťané, vesmír, budoucnost, bitva, vesmírná loď, 3D, IMAX, Star Trek;J.J. Abrams;Chris Pine, Zachary Quinto, Zoe Saldaña, Karl Urban, Simon Pegg, John Cho, Benedict Cumberbatch, Anton Yelchin, Bruce Greenwood, Peter Weller;https://www.skyshowtime.com/cz/stream/movies/star-trek-do-temnoty/9c2974f4-65c4-3b19-b8c1-ff37b72b3f67<br>https://srv.clickfuse.com/ads/adclkr.php?id=100006636&url=https://tv.apple.com/cz/movie/star-trek-into-darkness/umc.cmc.4rkplfpq4y0zbyxr3xolm5kvf<br>https://www.youtube.com/watch?v=GXx0bDEy5PM<br>https://www.skyshowtime.com/cz/stream/movies/star-trek-do-temnoty/9c2974f4-65c4-3b19-b8c1-ff37b72b3f67<br>https://srv.clickfuse.com/ads/adclkr.php?id=100006636&url=https://tv.apple.com/cz/movie/star-trek-into-darkness/umc.cmc.4rkplfpq4y0zbyxr3xolm5kvf<br>https://www.youtube.com/watch?v=GXx0bDEy5PM<br>https://apps.apple.com/cz/app/id6755365206<br>https://play.google.com/store/apps/details?id=cz.csfd.csfdroid<br>;Academy Awards (1x)<br>British Academy of Film and Television Arts (BAFTA) (1x)<br>Critics Choice Awards (3x)<br>The Saturn Awards (5x)<br>;;
375729;Star Trek: Prelude to Axanar;2014;85.66666666666667;21.0;https://image.pmgstatic.com/cache/resized/w420/files/images/film/posters/158/739/158739914_bcdabf.png;https://www.csfd.cz/film/375729-star-trek-prelude-to-axanar/;USA;Krátkometrážní / Sci-Fi;;;;Star Trek;Christian Gossett;Tony Todd, Kate Vernon, Richard Hatch, Gary Graham, J.G. Hertzler, Alec Peters;https://apps.apple.com/cz/app/id6755365206<br>https://play.google.com/store/apps/details?id=cz.csfd.csfdroid<br>;;;
340217;Liga spravedlivých: Záchrana světa;2013;81.28909952606635;78.0;https://image.pmgstatic.com/cache/resized/w420/files/images/film/posters/169/143/169143936_ixoh26.jpg;https://www.csfd.cz/film/340217-liga-spravedlivych-zachrana-sveta/;USA;Animovaný / Akční / Dobrodružný / Sci-Fi / Fantasy;Justice League: The Flashpoint Paradox;V této napínavé adaptaci komiksu z roku 2011 cestuje Flash v čase s cílem napravit klíčové události v životě své rodiny. Jenže to způsobí řetězovou reakci a dojde k vytvoření katastrofální roztříštěné alternativní reality, ve které Liga spravedlivých nikdy nevznikla a Superman není k nalezení. Uprostřed nového světa pustošeného nelítostnou válkou Wonder Woman a Amazonek s Aquamanem a Atlanťany se Flash musí spojit s mnohem krutějším a násilničtějším Batmanem i vládním agentem Cyborgem, aby se společně pokusili obnovit Flashovu původní časovou linii. (HBO Europe);;smrt, vražda, děti, matka, město, vojáci, vězení, válka, podle komiksu, novináři, mimozemšťané, superhrdina, postapokalyptická budoucnost, cestování časem, DC Comics, vesmírná loď, antiutopie, Batman, ponorky, bohové, Superman, paralelní svět, zbraně hromadného ničení, Wonder Woman, Flash (DC Comics), Lex Luthor, Green Lantern, Aquaman, Liga spravedlivých, Deathstroke, Atlantida, Amazonky, Shazam, Captain Cold, Black Manta, Mera, Clayface, Lois Lane, Captain Boomerang, Ocean Master, Reverse-Flash, Aqualad, Heat Wave, Enchantress, Sandman (DC Comics), Mirror Master;Jay Oliva, Takuo Tominaga;Ron Perlman, Nathan Fillion, Kevin McKidd, Cary Elwes, C. Thomas Howell, Dana Delany, Kevin Conroy, Danny Huston, Justin Chambers, Michael B. Jordan;https://srv.clickfuse.com/ads/adclkr.php?id=100006636&url=https://tv.apple.com/cz/movie/justice-league-the-flashpoint-paradox/umc.cmc.4dzds26n3ki19h532k3983ys1<br>https://www.youtube.com/watch?v=s96OteLjBBA<br>http://www.hbo.eu<br>http://www.hbo.eu<br>https://srv.clickfuse.com/ads/adclkr.php?id=100006636&url=https://tv.apple.com/cz/movie/justice-league-the-flashpoint-paradox/umc.cmc.4dzds26n3ki19h532k3983ys1<br>https://www.youtube.com/watch?v=s96OteLjBBA<br>/tag/512-amazonky/<br>https://apps.apple.com/cz/app/id6755365206<br>https://play.google.com/store/apps/details?id=cz.csfd.csfdroid<br>;;;Gardner Fox, Geoff Johns, Andy Kubert
276351;Všemocný;2011;80.92129899937586;105.0;https://image.pmgstatic.com/cache/resized/w420/files/images/film/posters/000/337/337575_32e932.jpg;https://www.csfd.cz/film/276351-vsemocny/;USA;Mysteriózní / Sci-Fi / Thriller;Limitless;Eddie Morra (Bradley Cooper) je zlenivělý spisovatel, kterému se začíná hroutit svět. Chtějí ho vyhodit z práce a rozchod s přítelkyní Lindy (Abbie Cornish) ho jen utvrdí v přesvědčení, že jeho život je v troskách a budoucnost nemůže přinést nic než další zklamání. To se ale změní ve chvíli, kdy Eddieho navštíví jeho starý přítel z dětství, Vernon (Johnny Whitworth). Nabídne mu pilulky NZT - utajovanou drogu, která umožňuje využívat mozek na 100 % a dodává člověku extrémní sebevědomí. Eddie se nechává zlákat neodolatelnými účinky NZT a naprosto droze propadne. Najednou je schopen využívat informace s ohromnou efektivitou. Vše, co kdy viděl, slyšel a přečetl, zvládá zpracovat a zužitkovat. Neustálá stimulace drogou ho katapultuje mezi elitu finančního sektoru. Jeho nadlidský výkon a úspěch přitáhne pozornost finančního magnáta Carla Van Loona (Robert De Niro), který v drogou posíleném Eddiem vidí příležitost, jak vydělat miliardy. Zázračná droga má ale nebezpečné vedlejší účinky a Eddie se ocitá v ohrožení života. Musí se skrývat, nájemní vrazi jsou však stále blíž. Podaří se mu uniknout, nebo doplatí na zrádnou představu, že ho droga učiní všemocným?;18.03.2011 Relativity Media;podle knihy, smrt, vražda, násilí, tajemství, strach, záhady, touha, útěk, vrah, peníze, manipulace, intriky, pronásledování, sny, rivalita, drogy, zločin, boj o přežití, krev, mrtvola, kriminalita, sláva, nenávist, dilema, naděje, umírání, spisovatel, zoufalství, chamtivost, věda, kniha, pochyby, dluhy, bohatství, lichva;Neil Burger;Bradley Cooper, Robert De Niro, Anna Friel, Abbie Cornish, Johnny Whitworth, Robert John Burke, Andrew Howard, Tomas Arana, Patricia Kalember, Brian Anthony Wilson;https://apps.apple.com/cz/app/id6755365206<br>https://play.google.com/store/apps/details?id=cz.csfd.csfdroid<br>;The Saturn Awards (1x)<br>;;Alan Glynn
9852;Tváří v tvář;1997;80.86587950348168;138.0;https://image.pmgstatic.com/cache/resized/w420/files/images/film/posters/159/630/159630151_16ddde.jpg;https://www.csfd.cz/film/9852-tvari-v-tvar/;USA;Akční / Thriller / Krimi / Sci-Fi;Face/Off;"Losangelský agent FBI Sean Archer má s psychopatickým teroristou Castorem Tryem nevyřízené účty. Před šesti lety se Castor pokusil příliš schopného agenta zastřelit ze zálohy a nešťastnou náhodou zabil jeho malého synka. Od té chvíle je Archer smrtelně nebezpečnému Troyovi v patách. Žene ho touha po pomstě. A velký den odplaty konečně nastal. V divoké honičce a mimořádně dramatické přestřelce Archer vítězí a nebezpečný terorista se v komatu a na prahu smrti ocitá v tajné vězeňské nemocnici. Je ale skutečně dobojováno? Nikoli! Castor a jeho bratr Pollux několik hodin před zatčením umístnili někde v Los Angeles biologickou zbraň, kterou časovaný spínač odpálí přesně za šest dní. Je třeba vypátrat místo, kde je zákeřná bomba uložena. Jde o záchranu desetitisíců životů. S pomocí nejmodernější technologie vědci transplantují Archeovi tvář teroristy Castora. V tomto dokonalém ""převleku"" má ve vězení zjistit od Castorova bratra Polluxe, kde leží bomba. To se Archeovi nakonec podaří, ale na návrat k normálu je už pozdě. Castor se totiž mezitím probral z komatu, ukradl Archeovu tvář a zlikvidoval všechny, kdo o záměně tváří věděli. Psychopatický terorista se tak stal agentem FBI, zatímco skutečný policista s tváří mnohonásobného vraha, trpí v přísně střeženém kriminále. Podaří se mu uprchnout a získat znovu svou pravou identitu?";27.06.1997 Paramount Pictures;muž, žena, smrt, vražda, 20. století, násilí, dívka, tajemství, otec, děti, policie, mládež, manželé, záhady, dcera, syn, útěk, zbraně, vyšetřování, vrah, ženy, oběť (autonehody/zločinu), pátrání, vzpomínky, pomsta, manipulace, lež, intriky, pronásledování, rivalita, kolegové, vězení, souboje, podvod, krev, mrtvola, doktoři, bratři, dům, bolest, smutek, trauma, nenávist, tragédie, nemocnice, zabijáci, umírání, zranění, agenti, nespravedlnost, rvačka, lodě, střelné zbraně, psychopat, šílenství, zoufalství, manželství, krutost, nebezpečí, pocit viny, přestřelka, chladnokrevnost, střelba, hádka, letadla, kněz, sledování, odplata, vztek, pohřeb, policejní stanice, spravedlnost, oběť (někomu/něčemu), sociopat, místo činu, bodné zbraně, pokus o vraždu, sečné zbraně, Los Angeles, období 1990-2000, FBI, těžký úraz, bomba, lítost, kostel, výčitky svědomí, past, nůž, technologie, záměna identit, bratr, samopal, vrtulník, kriminální policie, destrukce, letiště, vězeň, podvodníci, ničení, kancelář, brokovnice, tajný agent, kóma, uprchlý trestanec, zbraně hromadného ničení, odvaha, útěk z vězení, tajná operace, blázni, kouření, počítač, vězeňská cela, vězeňská vzpoura, uprchlíci;John Woo;John Travolta, Nicolas Cage, Joan Allen, Alessandro Nivola, Gina Gershon, Dominique Swain, Nick Cassavetes, Harve Presnell, Colm Feore, John Carroll Lynch;https://srv.tunefindforfans.com/showads/track/srvclk.php?aid=100006796&lp=https://www.disneyplus.com/en-cz/browse/entity-0424d618-7f3e-48d3-a6de-a7521e3b4056<br>https://srv.tunefindforfans.com/showads/track/srvclk.php?aid=100006796&lp=https://www.disneyplus.com/en-cz/browse/entity-0424d618-7f3e-48d3-a6de-a7521e3b4056<br>https://apps.apple.com/cz/app/id6755365206<br>https://play.google.com/store/apps/details?id=cz.csfd.csfdroid<br>;Academy Awards (1x)<br>The Saturn Awards (9x)<br>;The Saturn Awards (2x)<br>;
9726;Frankensteinova nevěsta;1935;81.27709431751612;75.0;https://image.pmgstatic.com/cache/resized/w420/files/images/film/posters/163/185/163185905_04884a.jpg;https://www.csfd.cz/film/9726-frankensteinova-nevesta/;USA;Horor / Sci-Fi / Drama;Bride of Frankenstein;Jeden z nejpopulárnějších hororových filmů všech dob. Filmová klasika. V divácky oblíbeném a kritiky ceněném pokračování Frankensteina opět zazářil Boris Karloff v roli nešťastného monstra, které tentokrát zatouží po partnerce. Colin Clive se vrací jako přehnaně ambiciózní Dr. Frankenstein, aby svému dítěti vytvořil podobně prokletou nevěstu (Elsa Lanchesterová). Režisér původního Frankensteina, James Whale, tímto snímkem završil svou skvělou kariéru. Frankensteinova nevěsta je film, jež potěší nejen fanoušky hororu, nýbrž všechny filmové labužníky. Pokračovanie filmu FRANKENSTEIN (1931), nasledované filmom SON OF FRANKENSTEIN (1939).;19.04.1935 Universal Pictures US;podle knihy, černobílý film, strach, touha, kolegové, vášeň, mrtvola, doktoři, monstra, vědci, šílenství, věda, experiment, vědec, pokusy na lidech, gotický horor, šílený vědec, Frankensteinovo monstrum, Universal Monsters, vzkříšení;James Whale;Boris Karloff, Colin Clive, Valerie Hobson, Ernest Thesiger, Elsa Lanchester, Douglas Walton, Gavin Gordon, Una O'Connor, E.E. Clive, O.P. Heggie;/novinky/8606-netflix-chysta-remake-frankensteinovy-nevesty/<br>/novinky/8606-netflix-chysta-remake-frankensteinovy-nevesty/<br>/novinky/8606-netflix-chysta-remake-frankensteinovy-nevesty/<br>/tvurce/890-basil-rathbone/prehled/<br>https://apps.apple.com/cz/app/id6755365206<br>https://play.google.com/store/apps/details?id=cz.csfd.csfdroid<br>;Academy Awards (1x)<br>The Saturn Awards (3x)<br>;The Saturn Awards (3x)<br>;Mary Shelley
271637;Kókaku kidótai: S.A.C. 2nd GIG - Individual Eleven;2006;82.46861924686192;163.0;https://image.pmgstatic.com/cache/resized/w420/files/images/film/posters/161/807/161807844_987f24.jpg;https://www.csfd.cz/film/271637-kokaku-kidotai-s-a-c-2nd-gig-individual-eleven/;Japonsko;Animovaný / Akční / Drama / Sci-Fi;攻殻機動隊 S.A.C. 2nd GIG Individual Eleven;V poslední době se zvýšil v japonském městě New Port počet teroristických útoků. Útok na čínské velvyslanectví, sebevražedné atentáty, zabití slavného kyber-rappera, vražda prezidenta banky (podporoval uprchlíky) a mnoho dalších. K těmto zločinům se hlásí teroristická organizace Jedenáct jednotlivců (Individual Eleven). Sekce 9 se postaví těmto teroristům a k tomu všemu se proti nim staví i lidé, kteří by měli být na jejich straně. Postupem času se Sekce 9 zamotává do velmi složitého případu - Kuze Hideo, uprchlíci, Vládní zpravodajská agentura - strategická vyšetřovací komise a hrozba státního převratu. Sled všech hlavních událostí, týkajících se případu Jedenácti jednotlivců z GHOST IN THE SHELL: STAND ALONE COMPLEX 2ND GIG, je spojen do celku. (Jigvell);;anime, kyberpunk;Kendži Kamijama, Kazunobu Fuseki;Acuko Tanaka, Akio Ócuka, Kóiči Jamadera, Osamu Saka, Jošiko Sakakibara, Sakiko Tamagawa, Micuru Ogata, Jutaka Nakano, Tóru Ókawa, Rikija Kojama;https://apps.apple.com/cz/app/id6755365206<br>https://play.google.com/store/apps/details?id=cz.csfd.csfdroid<br>;;;
8631;Blízká setkání třetího druhu;1977;80.77932366193;135.0;https://image.pmgstatic.com/cache/resized/w420/files/images/film/posters/000/008/8283_bd513b.jpg;https://www.csfd.cz/film/8631-blizka-setkani-tretiho-druhu/;USA;Sci-Fi / Drama;Close Encounters of the Third Kind;"Jeden z nejslavnějších sci-fi filmů všech dob, který podle vlastního scénáře natočil režisér Steven Spielberg. Inspiroval se tajemnými, nevysvětlenými jevy - UFO a důmyslně rozehrál fantastickou velkopodívanou o setkání s mimozemskou civilizací. Jedním z hrdinů příběhu je obyčejný Američan Roy Neary, jenž spatří tajemná světla na noční obloze. Podobná světla se objevují i nad dalšími oblastmi země a na jiných místech se zase nevysvětlitelným způsobem ""ztrácí"" elektrická energie. Uprostřed pouště jsou nalezeny bombardéry pohřešované od roku 1945. A nikdo nedokáže vysvětlit, jak se právě sem dostaly. Těch podivných záhad je najednou až neuvěřitelně mnoho. Probouzejí v lidech pochopitelné obavy a strach, stejně jako je přitahují svou tajemností... Spielbergův divácky úspěšný snímek dělá jedinečným jeho vizuální stránka, mistrovská práce režie i odborníků na speciální efekty, které společně s dokonale namíchaným tajemnem a pocity jakéhosi údivu prostupují celý děj. Natáčení projektu předcházela náročná příprava, na níž se podílel například vynikající astronom, ředitel výzkumu UFO v Illinois, prof. Allen Hynek. Speciální efekty připravil Douglas Trumbull. Film získal dva Oscary: za kameru (Vilmos Zsigmond) a zvláštní sošku za střih zvukových efektů (Frank Warner). Postavu Roye Nearyho hraje Richard Dreyfuss (Opus pana Hollanda). Jeho manželku Ronnii představuje Teri Garrová (Blbý a blbější). Úlohu francouzského profesora Claudea Lacombea ztvárnil známý režisér François Truffaut.";14.12.1977 Columbia Pictures US;rodina, politika, lež, únos, armáda, vědci, mimozemšťané, maloměsto, vesmírná loď, média, únos mimozemšťany;Steven Spielberg;Richard Dreyfuss, François Truffaut, Teri Garr, Melinda Dillon, Bob Balaban, J. Patrick McNamara, Warren J. Kemmerling, Roberts Blossom, Philip Dodds, Cary Guffey;https://srv.clickfuse.com/ads/adclkr.php?id=100006636&url=https://tv.apple.com/cz/movie/close-encounters-of-the-third-kind/umc.cmc.5iv4rqzo9gknjzkt1jj90cjsd<br>https://www.youtube.com/watch?v=WhcLvBFpPIw<br>https://srv.clickfuse.com/ads/adclkr.php?id=100006636&url=https://tv.apple.com/cz/movie/close-encounters-of-the-third-kind/umc.cmc.5iv4rqzo9gknjzkt1jj90cjsd<br>https://www.youtube.com/watch?v=WhcLvBFpPIw<br>https://apps.apple.com/cz/app/id6755365206<br>https://play.google.com/store/apps/details?id=cz.csfd.csfdroid<br>;Academy Awards (7x)<br>British Academy of Film and Television Arts (BAFTA) (8x)<br>Golden Globes (4x)<br>New York Film Critics Circle Awards (2x)<br>The Saturn Awards (9x)<br>;Academy Awards (1x)<br>British Academy of Film and Television Arts (BAFTA) (1x)<br>The Saturn Awards (2x)<br>;
228073;Hvězdná brána: Návrat;2008;80.75196968185898;98.0;https://image.pmgstatic.com/cache/resized/w420/files/images/film/posters/158/597/158597938_b2396e.jpg;https://www.csfd.cz/film/228073-hvezdna-brana-navrat/;Kanada / USA;Sci-Fi / Dobrodružný / Akční;Stargate: Continuum;Poté co Teal'c s Valou zmizí, tým si uvědomí, že byla změněna časová linie a Stargate program již neexistuje. Flotila goa'uldských mateřských lodí, vedených Baalem, přiletí napadnout Zemi. Zatímco se SG-1 pokouší o popravu Baala, posledního goa'uldského Vládce soustavy, Teal'c a Vala nevysvětlitelně zmizí. Carterová, Daniel a Mitchell cestují zpět časem na místo, kde byla změněna historie a kde byl Stargate program byl úplně vymazán z časové linie. Když se pokouší přesvědčit autority o tom co se stalo, goa'udská flotila mateřských lodí, pod velením Baala, jeho královny Katesh (Vala) a jeho prvního může Teal'ca, přiletí na orbitu. SG-1 musí najít Stargate a dát věci do pořádku dřív, než bude celý svět zotročen Goa'uldy. (ridomil);Na DVD od 06.10.2008 Bontonfilm;smrt, vojáci, válka, vesmír, cestování časem, vesmírná loď, zbraně hromadného ničení, alternativní historie, NASA;Martin Wood;Richard Dean Anderson, Claudia Black, Amanda Tapping, Michael Shanks, Beau Bridges, Ben Browder, Christopher Judge, William Devane, Don S. Davis, Cliff Simon;https://srv.clickfuse.com/ads/adclkr.php?id=100006636&url=https://tv.apple.com/cz/movie/stargate-continuum/umc.cmc.1cg36aaz9tocxof63gzdlo7zq<br>https://srv.clickfuse.com/ads/adclkr.php?id=100006636&url=https://tv.apple.com/cz/movie/stargate-continuum/umc.cmc.1cg36aaz9tocxof63gzdlo7zq<br>https://apps.apple.com/cz/app/id6755365206<br>https://play.google.com/store/apps/details?id=cz.csfd.csfdroid<br>;;;
32352;Solaris;1972;80.78517703173729;167.0;https://image.pmgstatic.com/cache/resized/w420/files/images/film/posters/162/359/162359275_a2805f.jpg;https://www.csfd.cz/film/32352-solaris/;Sovětský svaz;Drama / Mysteriózní / Sci-Fi;Solaris;Snímek Solaris na motivy románu Stanislawa Lema pojednává o ovdovělém psychologovi Krisu Kelvinovi, který je vyslán na vesmírnou stanici obíhající kolem planety zvané Solaris pokryté oceánem. Má zde vyšetřit záhadnou smrt lékaře, stejně jako psychické problémy sužující kosmonauty, jejichž počet rapidně klesá. Kelvin se na stanici setká nejen se zbývajícími členy posádky vykazujícími podivné a odtažité chování, ale ke svému velkému překvapení i s vlastní ženou Khari, která je už sedm let po smrti. Záhy vyjde najevo, že Solaris oplývá něčím, co u kosmonautů na vesmírné stanici vyvolává potlačované vzpomínky a obsese, a Kelvin je tak nucen zpochybňovat vlastní vnímání reality. (Cinemax);05.02.1972 Мосфильм;podle knihy, muž, žena, tajemství, manželé, záhady, cestování, putování, sny, kolegové, vědci, šílenství, manželství, vesmír, věda, surrealismus, vědec, vesmírná loď, vdovec, psychika, šílený vědec, filozof, vesmírná stanice, posádka vesmírné lodi;Andrej Tarkovskij;Natalja Bondarčuk, Donatas Banionis, Jüri Järvet, Anatolij Solonicyn, Nikolaj Griňko, Vladislav Dvoržeckij, Raimundas Banionis, Bagrat Oganěsjan, Sos Sarkisjan, Arťom Karapeťan;https://apps.apple.com/cz/app/id6755365206<br>https://play.google.com/store/apps/details?id=cz.csfd.csfdroid<br>;The Saturn Awards (1x)<br>Cannes Film Festival (1x)<br>;Cannes Film Festival (1x)<br>;Stanisław Lem
20584;Star Trek IV: Cesta domů;1986;80.71895424836602;119.0;https://image.pmgstatic.com/cache/resized/w420/files/images/film/posters/158/083/158083415_b41f9a.jpg;https://www.csfd.cz/film/20584-star-trek-iv-cesta-domu/;USA;Sci-Fi / Dobrodružný / Akční;Star Trek 4: Návrat domů;William Shatner, Leonard Nimoy a zbytek posádky Enterprise opět ovládnou oblohu v dalším díle Star Treku. Je 23. století a záhadná cizí mocnost ohrožuje Zemi prostřednictvím ničení atmosféry a vypařování vody z oceánů. Kirk a jeho posádka musí cestovat zpět do San Franciska do roku 1986, kde musí najít podstatu tohoto ničení.;26.11.1986 Paramount Pictures;moře, mimozemšťané, vesmír, budoucnost, cestování časem, vesmírná loď, Star Trek;Leonard Nimoy;William Shatner, Leonard Nimoy, DeForest Kelley, James Doohan, George Takei, Walter Koenig, Nichelle Nichols, Jane Wyatt, Catherine Hicks, Robert Ellenstein;https://srv.clickfuse.com/ads/adclkr.php?id=100006636&url=https://tv.apple.com/cz/movie/star-trek-iv-the-voyage-home/umc.cmc.60sgpu17ghb4kal0yh4y5wudx<br>https://www.youtube.com/watch?v=a7SXoptSaEU<br>https://srv.clickfuse.com/ads/adclkr.php?id=100006636&url=https://tv.apple.com/cz/movie/star-trek-iv-the-voyage-home/umc.cmc.60sgpu17ghb4kal0yh4y5wudx<br>https://www.youtube.com/watch?v=a7SXoptSaEU<br>https://apps.apple.com/cz/app/id6755365206<br>https://play.google.com/store/apps/details?id=cz.csfd.csfdroid<br>;Academy Awards (4x)<br>The Saturn Awards (10x)<br>;The Saturn Awards (2x)<br>;
316652;P.K.;2014;81.0073571024335;153.0;https://image.pmgstatic.com/cache/resized/w420/files/images/film/posters/160/606/160606728_c01cfd.jpg;https://www.csfd.cz/film/316652-p-k/;Indie;Komedie / Drama / Sci-Fi;P.K.;Z příběhu o mimozemšťanovi s odstátýma ušima, který se po potížích, jimž je vystaven při výsadku na Zemi, rozhodne hledat pomoc u samotného Boha, se stal dosud nejvýdělečnějším indickým filmem všech dob. Kromě množství humoru a obvyklých atrakcí bollywoodské produkce nabízí PK i satirický pohled na organizované náboženství a náboženské předsudky. (Festival bollywoodského filmu);;láska, podvod, náboženství, mimozemšťané, satira, reportéři, kněz, církev, sekta, Bůh;Rajkumar Hirani;Aamir Khan, Anushka Sharma, Sanjay Dutt, Boman Irani, Saurabh Shukla, Sushant Singh Rajput, Parikshat Sahni, Ram P. Sethi, Ranbir Kapoor, Brijendra Kala;https://www.netflix.com/title/70303496<br>https://srv.clickfuse.com/ads/adclkr.php?id=100006636&url=https://tv.apple.com/cz/movie/pk/umc.cmc.4sivzgiw353kug8itkrscx2px<br>https://www.netflix.com/title/70303496<br>https://srv.clickfuse.com/ads/adclkr.php?id=100006636&url=https://tv.apple.com/cz/movie/pk/umc.cmc.4sivzgiw353kug8itkrscx2px<br>https://apps.apple.com/cz/app/id6755365206<br>https://play.google.com/store/apps/details?id=cz.csfd.csfdroid<br>;Filmfare Awards (6x)<br>;Filmfare Awards (2x)<br>;
267974;Šílený Max: Zběsilá cesta;2015;80.52224167387315;120.0;https://image.pmgstatic.com/cache/resized/w420/files/images/film/posters/159/721/159721173_c9cfe4.jpg;https://www.csfd.cz/film/267974-sileny-max-zbesila-cesta/;Austrálie / USA;Sci-Fi / Akční / Dobrodružný / Thriller;Mad Max: Fury Road;Šílený Max, pronásledovaný svou pohnutou minulostí, je přesvědčen, že jediný způsob jak přežít, je vydat se na osamělou pouť. Narazí však na skupinu prchající pustinou ve vyzbrojeném obrněném vozidle, v jejímž čele stojí elitní Imperator Furiosa. Citadelu, odkud prchají, tyranizuje Immortan Joe, kterému kdosi odcizil něco nenahraditelného. Rozzuřený vojenský vůdce svolá všechny své gangy a ve vysokooktanové silniční válce nemilosrdně pronásleduje prchající rebely. (Warner Bros. CZ);15.05.2015 Warner Bros. US;muž, žena, smrt, násilí, dívka, strach, touha, útěk, zbraně, ženy, pomsta, pronásledování, zrada, boj o přežití, krev, divočina, nenávist, naděje, zabijáci, gore, nehoda, voda, autonehoda, budoucnost, poušť, postapokalyptická budoucnost, motorky, antiutopie, automobilová honička, rychlá auta, ozploitation, náklaďáky, carsploitation, oáza;George Miller;Tom Hardy, Charlize Theron, Nicholas Hoult, Hugh Keays-Byrne, Rosie Huntington-Whiteley, Zoë Kravitz, Riley Keough, Josh Helman, Nathan Jones, Megan Gale;https://www.netflix.com/title/80025919<br>https://srv.clickfuse.com/ads/adclkr.php?id=100006636&url=https://tv.apple.com/cz/movie/mad-max-fury-road/umc.cmc.6xerenwn1999cjd2y6421r2ex<br>https://www.youtube.com/watch?v=MBMKHlWs2t8<br>/novinky/9659-netflix-zakoupi-studio-warner-bros/<br>/novinky/9659-netflix-zakoupi-studio-warner-bros/<br>/novinky/9659-netflix-zakoupi-studio-warner-bros/<br>https://www.netflix.com/title/80025919<br>https://srv.clickfuse.com/ads/adclkr.php?id=100006636&url=https://tv.apple.com/cz/movie/mad-max-fury-road/umc.cmc.6xerenwn1999cjd2y6421r2ex<br>https://www.youtube.com/watch?v=MBMKHlWs2t8<br>https://apps.apple.com/cz/app/id6755365206<br>https://play.google.com/store/apps/details?id=cz.csfd.csfdroid<br>;Academy Awards (4x)<br>British Academy of Film and Television Arts (BAFTA) (3x)<br>Robert Awards (Danish Film Awards) (1x)<br>AACTA International Awards (1x)<br>Golden Globes (2x)<br>Critics Choice Awards (4x)<br>Florida Film Critics Circle Awards (3x)<br>Los Angeles Film Critics Association Awards (2x)<br>The Saturn Awards (10x)<br>;Academy Awards (6x)<br>British Academy of Film and Television Arts (BAFTA) (4x)<br>AACTA International Awards (2x)<br>Critics Choice Awards (9x)<br>Florida Film Critics Circle Awards (4x)<br>Los Angeles Film Critics Association Awards (3x)<br>The Saturn Awards (1x)<br>San Sebastián International Film Festival (1x)<br>;
271636;Kókaku kidótai: Stand Alone Complex – The Laughing Man;2005;82.1010101010101;160.0;https://image.pmgstatic.com/cache/resized/w420/files/images/film/posters/161/693/161693065_e608bf.jpg;https://www.csfd.cz/film/271636-kokaku-kidotai-stand-alone-complex-the-laughing-man/;Japonsko;Animovaný / Akční / Drama / Sci-Fi;攻殻機動隊　ＳＴＡＮＤ ＡＬＯＮＥ ＣＯＭＰＬＥＸ　Ｔｈｅ Ｌａｕｇｈｉｎｇ Ｍａｎ;V roce 2024 byl ředitel Serano Genomics Ernest Serano unesen a propuštěn. Tuto událost zapříčinil hacker známý jako Vysmátý muž (The Laughing Man), jenž je nejnebezpečnějším hackerem v očích veřejnosti. O šest let později se Sekce 9 během vyšetřování tohoto hackera ocitá uprostřed spiknutí zkorumpovaných členů vlády. Vysmátý muž se se schopností nahackovat kybermozky a ovládat tak lidi vrátil a jeho motivy jsou převážně nejasné. Celá Sekce 9 tedy závodí s časem. Snaží se rozřešit původ Vysmátého muže a rozplést spiknutí velkých korporací, které hrají velkou roli v jeho plánech. Tento příběh je spojení všech důležitých událostí v případu okolo Vysmétého muže, které se odehrály v prvním seriálu GHOST IN THE SHELL: STAND ALONE COMPLEX. (Jigvell);;anime, kyberpunk;Kendži Kamijama;Akio Ócuka, Acuko Tanaka, Kóiči Jamadera, Ken Narita, Džódži Nakata, Osamu Saka, Jasunori Macumoto, Minoru Inaba, Jasuhiro Fudžiwara, Nobujuki Hijama;https://apps.apple.com/cz/app/id6755365206<br>https://play.google.com/store/apps/details?id=cz.csfd.csfdroid<br>;;;
135179;Animatrix: Dětský příběh;2003;80.49289099526067;11.0;https://image.pmgstatic.com/cache/resized/w420/files/images/film/posters/027/458/27458236_202972.jpg;https://www.csfd.cz/film/135179-animatrix-detsky-pribeh/;USA;Animovaný / Krátkometrážní / Sci-Fi;The Animatrix: Kid's Story;"Pre študenta Poppera sú najväčšími vzormi hackeri, menovite Neo a Trinity. Má problém s vnímaním reality a sužuje ho pocit, že so svetom naokolo ""niečo nie je v poriadku."" Jedného dňa sedí v škole, keď mu zazvoní mobil. Neo mu oznámi, že si poňho idú... (Avathar)";Na DVD od 03.06.2003 Warner Bros. CZ;;Šin'ičiró Watanabe;Keanu Reeves, Carrie-Anne Moss, James Arnold Taylor, Hikaru Midorikawa, John DeMita;https://apps.apple.com/cz/app/id6755365206<br>https://play.google.com/store/apps/details?id=cz.csfd.csfdroid<br>;;;
18140;Comic Relief: Doctor Who and the Curse of Fatal Death;1999;82.12871287128714;23.0;https://image.pmgstatic.com/cache/resized/w420/files/images/film/posters/000/015/15272_310dac.jpg;https://www.csfd.cz/film/18140-comic-relief-doctor-who-and-the-curse-of-fatal-death/;Velká Británie;Komedie / Sci-Fi / Krátkometrážní;;Doktor zkontaktuje Vládce, odpadlíka své prastaré rasy a svého úhlavního nepřítele, za účelem setkání se na neutrální planetě. Má totiž v plánu mu sdělit, že je již znaven z nekonečného zachraňování planet a ze vší krutosti, kterou pozoruje napříč svými cestami vesmírem. Jediné po čem teď opravdu touží, je usadit se a vést se svou novou společnicí klidný život. Démonický Vládce si však nenechá ujít byť jen jedinou příležitost, jak Doktora připravit o život, a proto se na smluvenou planetu vydává s předstihem, aby na něj nastražil lest... (Puddle);;;John Henderson;Rowan Atkinson, Joanna Lumley, Lenny Henry, Dawn French, Hugh Grant, Jennifer Saunders, Harry Enfield, Jim Broadbent, Richard E. Grant, Jonathan Pryce;https://apps.apple.com/cz/app/id6755365206<br>https://play.google.com/store/apps/details?id=cz.csfd.csfdroid<br>;;;
194884;V jako Vendeta;2005;80.15906554925097;132.0;https://image.pmgstatic.com/cache/resized/w420/files/images/film/posters/162/960/162960645_d84aa8.jpg;https://www.csfd.cz/film/194884-v-jako-vendeta/;USA / Německo / Velká Británie;Akční / Sci-Fi / Thriller;V for Vendetta;Futuristický snímek V jako Vendeta je zasazen do totalitní Británie a vypráví příběh jemné mladé dívky Evey, která je maskovaným mužem jménem V zachráněna ze situace, kdy jí šlo o život. Tento mistr boje a klamu je neobyčejně charismatický a snaží se podnítit ostatní spoluobčany, aby se vzbouřili proti tyranii a útlaku. Spolu s tím, jak Evey odkrývá tajemství původu V, objevuje mnohé pravdy i o sobě, a stává se jeho spojencem v uskutečnění plánu vnést do společnosti plné násilí a korupce opět svobodu a spravedlnost.;17.03.2006 Warner Bros. UK;násilí, policie, vyšetřování, politika, podle komiksu, nespravedlnost, teroristé, diktatura, odboj, hrdina, DC Comics, svoboda, atentát, antiutopie, anarchismus, Velká Británie, maska, fašismus, vzpoura systému, propaganda, tajná policie, sabotáž, revoluce, ideologie, policejní stát, policejní násilí, revolucionáři, antifašismus, bojovníci za svobodu, krajní pravice, revolta;James McTeigue;Natalie Portman, Hugo Weaving, Stephen Fry, Sinéad Cusack, Rupert Graves, Stephen Rea, John Hurt, Tim Pigott-Smith, Roger Allam, Ben Miles;https://srv.clickfuse.com/ads/adclkr.php?id=100006636&url=https://tv.apple.com/cz/movie/v-for-vendetta/umc.cmc.5zx5bibe4nhdcsdj1ivexh9lw<br>https://www.youtube.com/watch?v=tPG6V5WNlZQ<br>https://srv.clickfuse.com/ads/adclkr.php?id=100006636&url=https://tv.apple.com/cz/movie/v-for-vendetta/umc.cmc.5zx5bibe4nhdcsdj1ivexh9lw<br>https://www.youtube.com/watch?v=tPG6V5WNlZQ<br>https://apps.apple.com/cz/app/id6755365206<br>https://play.google.com/store/apps/details?id=cz.csfd.csfdroid<br>;The Saturn Awards (3x)<br>;The Saturn Awards (1x)<br>;Alan Moore
264867;Still Life;2005;80.83333333333333;9.0;https://image.pmgstatic.com/cache/resized/w420/files/images/film/posters/000/062/62731_5ab574.jpg;https://www.csfd.cz/film/264867-still-life/;Kanada;Krátkometrážní / Sci-Fi / Horor;;Unavený a usínající řidič auta, který zápasí se spánkem a při vědomí se drží jen díky polykání prášků, nakonec podlehne slabé chvilce a svým autem srazí... figurinu. Hned na to zjistí, že se ocitl v městečku, kde jsou samé figuriny, a žijí... (Bobofon);;;Jon Knautz;Trevor Matthews, Lee Demarbre, Trevor Hayes, Peter Eyre;https://apps.apple.com/cz/app/id6755365206<br>https://play.google.com/store/apps/details?id=cz.csfd.csfdroid<br>;;;
417990;One Punch Man: Road to Hero;2015;82.57234726688102;24.0;https://image.pmgstatic.com/cache/resized/w420/files/images/film/posters/160/365/160365178_1555a5.jpg;https://www.csfd.cz/film/417990-one-punch-man-road-to-hero/;Japonsko;Animovaný / Akční / Fantasy / Komedie / Sci-Fi;ワンパンマン ロード・トゥ・ヒーロー;;;anime;Šingo Nacume;Kaito Išikawa, Šin'ja Hamazoe, Ako Majama, Jošimicu Šimojama, Čó, Makoto Furukawa, Jódži Ueda, Hiroki Gotó;https://apps.apple.com/cz/app/id6755365206<br>https://play.google.com/store/apps/details?id=cz.csfd.csfdroid<br>;;;One
9415;Kdo chce zabít Jessii?;1966;80.11798874568888;81.0;https://image.pmgstatic.com/cache/resized/w420/files/images/film/posters/160/305/160305449_c03cf1.jpg;https://www.csfd.cz/film/9415-kdo-chce-zabit-jessii/;Československo;Komedie / Sci-Fi;Who Wants to Kill Jessie?;Komiksy se sice u nás ani v osvícených 60. letech neuváděly, ale filmaři aspoň měli povoleno je parodovat. A diváci se skvěle bavili, i když původní předlohy neznali. Podnikavé paní docentce, jejímu muži (a posléze i krávě průzkumnici) se totiž zhmotní sny a jejich hrdinové vstoupí do našeho běžného světa. Samozřejmě tu tropí jednu neplechu za druhou, zejména průzračně záporný ničema ničí vše, co mu stojí v cestě. Dobře napsaná i režírovaná komedie s výtečnými hereckými výkony, které dokazují, že pro dosažení komického efektu není třeba se pitvořit.;26.08.1966 Ústřední půjčovna filmů;černobílý film, útěk, škola, sny, vězení, soud, vědci, parodie, superhrdina, Praha, vynálezce, screwballová komedie, podzemí, krematorium;Václav Vorlíček;Dana Medřická, Jiří Sovák, Olga Schoberová, Juraj Višný, Karel Effa, Vladimír Menšík, Karel Houska, Ilja Racek, Valtr Taub, Bedřich Prokoš;https://apps.apple.com/cz/app/id6755365206<br>https://play.google.com/store/apps/details?id=cz.csfd.csfdroid<br>;;;
254420;Iron Man 3;2013;80.03220671528524;130.0;https://image.pmgstatic.com/cache/resized/w420/files/images/film/posters/119/633/119633841_fb58de.jpg;https://www.csfd.cz/film/254420-iron-man-3/;USA / Čína;Sci-Fi / Fantasy / Akční / Dobrodružný;Iron Man Three;Ve filmu společnosti Marvel Studios Iron Man 3 je svérázný, ale geniální průmyslník Tony Stark / Iron Man nucen čelit nepříteli, jehož dosah nezná hranic. Když je rukou nepřítele připraven o vše, čeho si v životě cení, vydá se Stark na pouť s cílem nalézt toho, kdo je za jeho utrpení zodpovědný. Na každém jejím kroku bude nucen prokázat své odhodlání a sílu vůle. Zahnán do kouta bude nucen přežít pouze prostřednictvím svých vynálezům a při ochraně svých nejbližších se bude moci spolehnout jen na svou geniální mysl a své instinkty. Při své odvetě současně objevuje odpověď na otázku, která ho ve skrytu duše dlouho sužovala: je on sám pouhou součástí svého obleku, nebo je oblek pouze součástí jeho samého?;01.05.2013 China Film;přátelství, chlapec, zbraně, pomsta, Vánoce, únos, podle komiksu, vědci, teroristé, superhrdina, roboti, prezident, Marvel Comics, vynálezce, 3D, IMAX, Miami, Marvel Cinematic Universe (MCU), Iron Man, War Machine, pyrokineze;Shane Black;Robert Downey Jr., Gwyneth Paltrow, Don Cheadle, Ben Kingsley, Paul Bettany, Rebecca Hall, Guy Pearce, James Badge Dale, Jon Favreau, Stan Lee;https://srv.tunefindforfans.com/showads/track/srvclk.php?aid=100006796&lp=https://www.disneyplus.com/en-cz/browse/entity-e8569c2d-85ec-42a4-8811-b2618d494a40<br>https://srv.clickfuse.com/ads/adclkr.php?id=100006636&url=https://tv.apple.com/cz/movie/iron-man-3/umc.cmc.330w7tm79l0jupdtwihclt1rh<br>https://www.youtube.com/watch?v=eiH-Xnvx6E4<br>https://srv.tunefindforfans.com/showads/track/srvclk.php?aid=100006796&lp=https://www.disneyplus.com/en-cz/browse/entity-e8569c2d-85ec-42a4-8811-b2618d494a40<br>https://srv.clickfuse.com/ads/adclkr.php?id=100006636&url=https://tv.apple.com/cz/movie/iron-man-3/umc.cmc.330w7tm79l0jupdtwihclt1rh<br>https://www.youtube.com/watch?v=eiH-Xnvx6E4<br>https://apps.apple.com/cz/app/id6755365206<br>https://play.google.com/store/apps/details?id=cz.csfd.csfdroid<br>;Academy Awards (1x)<br>British Academy of Film and Television Arts (BAFTA) (1x)<br>Critics Choice Awards (4x)<br>The Saturn Awards (2x)<br>;The Saturn Awards (3x)<br>;Stan Lee, Jack Kirby, Larry Lieber
380161;Strážci Galaxie Vol. 2;2017;80.00697176435436;136.0;https://image.pmgstatic.com/cache/resized/w420/files/images/film/posters/161/620/161620568_5e5f1e.jpg;https://www.csfd.cz/film/380161-strazci-galaxie-vol-2/;USA / Nový Zéland / Kanada;Akční / Dobrodružný / Sci-Fi / Fantasy / Komedie;Guardians of the Galaxy Vol. 2;V rytmu zbrusu nových Nejlepších hitů #2 pokračují ve filmu od studia Marvel Strážci Galaxie Vol. 2 dobrodružství party superhrdinů, kteří se vydávají až na samé hranice kosmu. Strážci se musí naučit držet pohromadě a odhalit tajemství rodičů Petera Quilla. Staří nepřátelé se stávají spojenci a na pomoc našim super-hrdinům přicházejí i další oblíbené postavy z rozpínajícího se filmového vesmíru studia Marvel. (Falcon);05.05.2017 Walt Disney US;láska, rodina, smrt, přátelství, otec, pronásledování, souboje, podle komiksu, mimozemšťané, vesmír, superhrdina, sirotek, vesmírná loď, Marvel Comics, 3D, Wilhelm scream, Marvel Cinematic Universe (MCU), Rocket Raccoon, Groot, Drax the Destroyer, Strážci Galaxie;James Gunn;Chris Pratt, Zoe Saldaña, Dave Bautista, Bradley Cooper, Vin Diesel, Michael Rooker, Karen Gillan, Pom Klementieff, Kurt Russell, Elizabeth Debicki;https://srv.tunefindforfans.com/showads/track/srvclk.php?aid=100006796&lp=https://www.disneyplus.com/en-cz/browse/entity-9fcd7087-c151-49dc-aeb9-b2f9943fd4e6<br>https://srv.clickfuse.com/ads/adclkr.php?id=100006636&url=https://tv.apple.com/cz/movie/guardians-of-the-galaxy-vol-2/umc.cmc.7g0gtypmo4kimdjqo0x078kuk<br>https://srv.tunefindforfans.com/showads/track/srvclk.php?aid=100006796&lp=https://www.disneyplus.com/en-cz/browse/entity-9fcd7087-c151-49dc-aeb9-b2f9943fd4e6<br>https://srv.clickfuse.com/ads/adclkr.php?id=100006636&url=https://tv.apple.com/cz/movie/guardians-of-the-galaxy-vol-2/umc.cmc.7g0gtypmo4kimdjqo0x078kuk<br>https://apps.apple.com/cz/app/id6755365206<br>https://play.google.com/store/apps/details?id=cz.csfd.csfdroid<br>;Academy Awards (1x)<br>Florida Film Critics Circle Awards (1x)<br>The Saturn Awards (3x)<br>;The Saturn Awards (1x)<br>;Dan Abnett, Andy Lanning
162836;Krabi;1976;81.41263940520446;11.0;//static.pmgstatic.com/assets/images/050b5bad23b8eb0b4f88f971b8f6a168/empty-image.svg;https://www.csfd.cz/film/162836-krabi/;Československo;Animovaný / Krátkometrážní / Sci-Fi / Horor;Crabs(festivalový název);Jsou tyto původně biologické zbraně hromadného ničení z oceli nebo z titanu?;;roboti;Václav Mergl;;https://www.ceskatelevize.cz/porady/19577-krabi?utm_source=csfd&utm_medium=section_vod&utm_campaign=link<br>https://www.youtube.com/watch?v=igROsVAk7fY<br>https://www.ceskatelevize.cz/porady/19577-krabi?utm_source=csfd&utm_medium=section_vod&utm_campaign=link<br>https://www.youtube.com/watch?v=igROsVAk7fY<br>https://apps.apple.com/cz/app/id6755365206<br>https://play.google.com/store/apps/details?id=cz.csfd.csfdroid<br>;;;Anatolij Dněprov
426009;Deadpool 2;2018;79.99250033480648;119.0;https://image.pmgstatic.com/cache/resized/w420/files/images/film/posters/162/748/162748597_fb6408.jpg;https://www.csfd.cz/film/426009-deadpool-2/;USA;Akční / Komedie / Dobrodružný / Sci-Fi;Deadpool 2;Připravte se na druhý příchod Wade Wilsona alias Deadpoola (Ryan Reynolds). Možná s ním prožijeme okamžiky, kdy jako kuchař přežívá skoro smrtící hovězí útok a hned poté prahne po splnění svého velkého snu: stát se nejvyhledávanějším barmanem v Mayberry. A zároveň se chce vyrovnat s tím, že zcela ztratil chuť a snaží se tedy znovuobjevit správné životní koření. Pátrá i po nějakém nestabilním kondenzátoru, bojuje s nindži i japonskou jakuzou a vzdoruje smečce sexuálně agresivních čoklů. Deadpool také vyráží do světa, aby objevil pro něj významné životní body: rodinu, přátelství, novou chuť prožívat dobrodružství a také, aby si zasloužil vytoužený hrneček s nápisem „Nejlepší milovník na světě“. Nebo taky ne. Deadpool je zkrátka chlapík mnoha tváří, byť by ta jeho pravá, ukrytá pod maskou, je pěkně hnusná. Ale za to nemůže. Což ovšem neplatí o jeho hodně černém smyslu pro humor a netradičním přístupu k superhrdinským pravidlům fair play. (CinemArt);18.05.2018 20th Century Fox;násilí, policie, zbraně, krev, podle komiksu, černý humor, superhrdina, Marvel Comics, mutanti, 3D, yakuza, kyborg, X-Men, Professor X, Cyclops (Marvel Comics), antihrdina, Storm, Deadpool, Beast (Marvel Comics), Juggernaut, Colossus, Quicksilver, Nightcrawler;David Leitch;Ryan Reynolds, Josh Brolin, Morena Baccarin, Julian Dennison, Zazie Beetz, T.J. Miller, Leslie Uggams, Karan Soni, Brianna Hildebrand, Jack Kesy;https://srv.tunefindforfans.com/showads/track/srvclk.php?aid=100006796&lp=https://www.disneyplus.com/en-cz/browse/entity-27e84e56-31d3-4813-91ba-602cb52890f1<br>https://srv.clickfuse.com/ads/adclkr.php?id=100006636&url=https://tv.apple.com/cz/movie/deadpool-2/umc.cmc.5xr37zz6pqqngmu07q4d0mpsm<br>https://www.youtube.com/watch?v=bDJfhOhuUH8<br>https://srv.tunefindforfans.com/showads/track/srvclk.php?aid=100006796&lp=https://www.disneyplus.com/en-cz/browse/entity-27e84e56-31d3-4813-91ba-602cb52890f1<br>https://srv.clickfuse.com/ads/adclkr.php?id=100006636&url=https://tv.apple.com/cz/movie/deadpool-2/umc.cmc.5xr37zz6pqqngmu07q4d0mpsm<br>https://www.youtube.com/watch?v=bDJfhOhuUH8<br>https://apps.apple.com/cz/app/id6755365206<br>https://play.google.com/store/apps/details?id=cz.csfd.csfdroid<br>;Critics Choice Awards (3x)<br>;;Fabian Nicieza, Rob Liefeld
3301;Brazil;1985;80.01557329180456;131.0;https://image.pmgstatic.com/cache/resized/w420/files/images/film/posters/162/502/162502767_e9b657.png;https://www.csfd.cz/film/3301-brazil/;Velká Británie;Drama / Fantasy / Sci-Fi;Brazil;"Podobně jako ve DVANÁCTI OPICÍCH, i zde Gilliam umístil svůj příběh do těžko definovatelného období kolem Vánoc ""někdy ve 20. století"", kdy armády bezejmenných úředníčků striktně dodržujících kancelářskou etiku jak z 30. let na každém kroku doprovází fantaskní přístroje moderní doby. Groteskní prostředí doplňují stejně groteskní postavy - hlavní hrdina Sam (Jonathan Pryce), jež se postupně sbližuje s naivní Jill (Kim Griest), pro kterou největší potěšení představuje sauna a filmy bratrů Marxových; Samova matka posedlá plastickou chirurgií; Jack v podání Michaela Palina, jemuž byla tato role napsána na tělo a jehož postava prochází ve filmu proměnou z příjemného chlapíka až k typickému produktu zrůdného systému, který např. svou ženu oslovuje Barbaro jen proto, že jeho šéf si není schopen zapamatovat její pravé jméno.";14.09.2017 AČFK;láska, sny, teroristé, antiutopie, tajná policie, kyberpunk, ideologie, retrofuturismus;Terry Gilliam;Jonathan Pryce, Robert De Niro, Katherine Helmond, Ian Holm, Bob Hoskins, Michael Palin, Ian Richardson, Peter Vaughan, Kim Greist, Jim Broadbent;https://srv.clickfuse.com/ads/adclkr.php?id=100006636&url=https://tv.apple.com/cz/movie/brazil/umc.cmc.25tn9231aa7mzrvk4y5ssijqj<br>https://www.youtube.com/watch?v=uUGRb2BC3Yo<br>https://srv.clickfuse.com/ads/adclkr.php?id=100006636&url=https://tv.apple.com/cz/movie/brazil/umc.cmc.25tn9231aa7mzrvk4y5ssijqj<br>https://www.youtube.com/watch?v=uUGRb2BC3Yo<br>https://apps.apple.com/cz/app/id6755365206<br>https://play.google.com/store/apps/details?id=cz.csfd.csfdroid<br>;Academy Awards (2x)<br>;British Academy of Film and Television Arts (BAFTA) (2x)<br>Los Angeles Film Critics Association Awards (3x)<br>;
379848;Příchozí;2016;79.94420600858369;117.0;https://image.pmgstatic.com/cache/resized/w420/files/images/film/posters/161/180/161180332_49191d.jpg;https://www.csfd.cz/film/379848-prichozi/;USA;Drama / Mysteriózní / Sci-Fi / Thriller;Arrival;Když po celém světě přistanou tajemné vesmírné lodě, dojde k sestavení elitního týmu – v čele s odbornicí na lingvistiku Louise Banksovou (Amy Adams) – s cílem zjistit, jaké mají mimozemšťané úmysly. Zatímco celé lidstvo balancuje na pokraji globální války, Banksová se společně se svým týmem pokouší ve velmi omezeném čase najít odpovědi – a aby je byla schopna najít, bude muset přistoupit k činům, které mohou ohrozit nejen její vlastní život, ale dost možná osud celého lidstva. (Falcon);11.11.2016 Paramount Pictures;podle knihy, matka, strach, dcera, vzpomínky, politika, vojáci, válka, novináři, vědci, mimozemšťané, politik, budoucnost, vesmírná loď, média, invaze, časová smyčka, lingvistika, evakuace;Denis Villeneuve;Amy Adams, Jeremy Renner, Forest Whitaker, Michael Stuhlbarg, Tzi Ma, Mark O'Brien, Joe Cobden, Russell Yuen, Nathaly Thibault, Pat Kiely;https://www.hbomax.com/cz/en/movies/-2016/624309d7-db32-44c1-a677-7ec79e64c1c9<br>https://srv.clickfuse.com/ads/adclkr.php?id=100006636&url=https://tv.apple.com/cz/movie/arrival/umc.cmc.20sgkdxqbvucopzt913joa0gr<br>https://www.youtube.com/watch?v=4NNeksFtulA<br>https://sledovanitv.cz/epg/event/HBO2:20260224b09114729a622bf0f00affe171dfb821<br>https://www.hbomax.com/cz/en/movies/-2016/624309d7-db32-44c1-a677-7ec79e64c1c9<br>https://srv.clickfuse.com/ads/adclkr.php?id=100006636&url=https://tv.apple.com/cz/movie/arrival/umc.cmc.20sgkdxqbvucopzt913joa0gr<br>https://www.youtube.com/watch?v=4NNeksFtulA<br>https://sledovanitv.cz/epg/event/HBO2:20260224b09114729a622bf0f00affe171dfb821<br>https://apps.apple.com/cz/app/id6755365206<br>https://play.google.com/store/apps/details?id=cz.csfd.csfdroid<br>;Academy Awards (7x)<br>British Academy of Film and Television Arts (BAFTA) (8x)<br>Robert Awards (Danish Film Awards) (1x)<br>Amanda Awards (1x)<br>AACTA International Awards (3x)<br>Golden Globes (2x)<br>Critics Choice Awards (8x)<br>Florida Film Critics Circle Awards (4x)<br>The Saturn Awards (5x)<br>Venice Film Festival (1x)<br>;Academy Awards (1x)<br>British Academy of Film and Television Arts (BAFTA) (1x)<br>Critics Choice Awards (2x)<br>Florida Film Critics Circle Awards (1x)<br>The Saturn Awards (1x)<br>;Ted Chiang
11893;Muži v černém;1997;79.92451312512569;98.0;https://image.pmgstatic.com/cache/resized/w420/files/images/film/posters/159/254/159254539_ebb68a.jpg;https://www.csfd.cz/film/11893-muzi-v-cernem/;USA;Komedie / Sci-Fi / Akční;Men in Black;"Dělat tuhle práci chce nejen chladnokrevné IQ a bleskové reflexy, ale také zatraceně dobrý žaludek. Když se totiž do neposlušné potvůrky z vesmíru střelí speciální pistolí, změní se ve zlomku sekundy v odporný sliz, který zaneřádí okolí v okruhu několika metrů. ""K"" (Tommy Lee Jones), veterán supertajné vládní agentury MiB (Men in Black), která má na starost ostrahu planety Země před vetřelci z vesmíru, by mohl vyprávět. Schopný newyorský polda ""J"" (Will Smith) by mu nejspíš nevěřil ani slovo, kdyby ovšem jednoho večera na vlastní kůži náhodou nezažil, jaké to je pronásledovat mimozemšťana. Žijí mezi námi a maskují se - vysvětlil ""K"" - ""někdo na ně musí dávat pozor"" - dodal a vybral si mladého poldu za svého nového partnera. Právě včas! Nedaleko New Yorku přistál létající talíř a v něm nejodpornější a nejnaštvanější padouch celého vesmíru. Osud země zase jednou visí na vlásku...";02.07.1997 Columbia/Sony;muž, vražda, násilí, tajemství, policie, strach, město, záhady, útěk, zbraně, pronásledování, zločin, kolegové, kriminalita, podle komiksu, New York, agenti, mimozemšťané, panika, nebezpečí, vesmírná loď, kočky, změna identity, Marvel Comics, hmyz, týmová práce, tajná organizace, destrukce, ničení, buddy movie;Barry Sonnenfeld;Tommy Lee Jones, Will Smith, Linda Fiorentino, Vincent D'Onofrio, Rip Torn, Tony Shalhoub, Siobhan Fallon Hogan, Mike Nussbaum, Jon Gries, Carel Struycken;https://srv.tunefindforfans.com/showads/track/srvclk.php?aid=100006796&lp=https://www.disneyplus.com/en-cz/browse/entity-d83d9aa7-1bd8-47cb-ac72-2dba57bd078b<br>https://srv.clickfuse.com/ads/adclkr.php?id=100006636&url=https://tv.apple.com/cz/movie/men-in-black/umc.cmc.5blzgpf9anbm6xmrrsqnnai5e<br>https://www.youtube.com/watch?v=tu7upTuIyxU<br>https://srv.tunefindforfans.com/showads/track/srvclk.php?aid=100006796&lp=https://www.disneyplus.com/en-cz/browse/entity-d83d9aa7-1bd8-47cb-ac72-2dba57bd078b<br>https://srv.clickfuse.com/ads/adclkr.php?id=100006636&url=https://tv.apple.com/cz/movie/men-in-black/umc.cmc.5blzgpf9anbm6xmrrsqnnai5e<br>https://www.youtube.com/watch?v=tu7upTuIyxU<br>https://apps.apple.com/cz/app/id6755365206<br>https://play.google.com/store/apps/details?id=cz.csfd.csfdroid<br>;Academy Awards (2x)<br>British Academy of Film and Television Arts (BAFTA) (1x)<br>Golden Globes (1x)<br>The Saturn Awards (5x)<br>;Academy Awards (1x)<br>Český lev (1x)<br>The Saturn Awards (3x)<br>;Lowell Cunningham
21008;Návštěvníci;1993;79.92288735193577;107.0;https://image.pmgstatic.com/cache/resized/w420/files/images/film/posters/000/034/34357_bd74df.jpg;https://www.csfd.cz/film/21008-navstevnici/;Francie;Fantasy / Komedie / Sci-Fi;Les Visiteurs;Drátěnou košili v pračce nevypereš, aneb současná doba si nedokáže vážit statečných rytířů... Stačilo se jen omylem napít lektvaru namíchaného nepřátelským kouzelníkem a rázem se rytíř Godefroy a jeho sluha Jacquouille (již podle tohoto jména poznají Francouzi, že se jedná o zcela neurozeného člověka) ocitli ve 20. století. Samozřejmě, jak už to ve Francii bývá, našli své potomky, i když zrovna ne na takové úrovni, jakou by si představovali. Šlechta, potomci statečných rytířů, zchudla a v jejím zámku se naopak usídlil potomek vykutálených sluhů, který si jen změnil jméno z posměšného Jacquouille na důstojnějšího Jacquarta. Samozřejmě, že se pán i jeho sluha nejdříve ocitnou v blázinci, ale šlechtická krev se nezapře a Beatrice, jako přímý potomek rytíře Godefroy de Montmirail, se o svého předka postará... (Česká televize);27.01.1993 Buena Vista International;zbraně, koně, král, kněz, středověk, cestování časem, čarodějnice, čarodějové, rytíři;Jean-Marie Poiré;Christian Clavier, Jean Reno, Valérie Lemercier, Marie-Anne Chazel, Isabelle Nanty, Arielle Sémenoff, Katja Weitzenböck, Michel Scourneau, Gérard Séty, Michel Peyrelon;http://www.ceskatelevize.cz<br>http://www.ceskatelevize.cz<br>https://apps.apple.com/cz/app/id6755365206<br>https://play.google.com/store/apps/details?id=cz.csfd.csfdroid<br>;César Awards (8x)<br>;César Awards (1x)<br>;
269231;Zdrojový kód;2011;79.78938655384898;89.0;https://image.pmgstatic.com/cache/resized/w420/files/images/film/posters/000/358/358764_f5676c.jpg;https://www.csfd.cz/film/269231-zdrojovy-kod/;USA / Kanada;Mysteriózní / Sci-Fi / Thriller;Source Code;Když se kapitán Colter Stevens (Jake Gyllenhaal) probudí v sedadle příměstského vlaku, netuší, kde se tam vzal. Naproti němu sedí Christina (Michelle Monaghan). Colter ji vidí poprvé v životě, ale Christina ho očividně dobře zná. Colter Stevens zjišťuje, že se probudil v těle jiného člověka. Než se stihne z nastalé situace vzpamatovat, je vlak rozmetán silným výbuchem. V zápětí se Colter se objeví v podivném bunkru izolovaném od okolního světa. Přes obrazovku k němu mluví důstojnice Goodwin (Vera Farmiga) a požaduje informace o všem, co právě viděl. Kapitán Colter Stevens se stal součástí náročné mise, jejímž cílem je odhalení útočníka, který má na svědomí výbuch vlaku, v němž se Colter ještě před chvílí nalézal. Atentátník plánuje mnohem větší výbuch přímo v srdci Chicaga a jeho dopadením tak může Colter zachránit tisíce životů. Tato vládní mise je založena na experimentu nazvaném Zdrojový kód, který Colterovi umožňuje na chvíli existovat v paralelní realitě - v těle Seana v chicagském příměstském vlaku. Seanovu identitu může využívat pouze osm minut, má tedy právě osm minut na odhalení bombového útočníka. Zdrojový kód zvládá poslat Coltera do stejného časového úseku vícekrát. Získává tak více času, ale situace se mu může snadno vymknout z rukou…;01.04.2011 Summit Entertainment;muž, žena, tajemství, město, záhady, vyšetřování, pátrání, vojáci, zločin, kriminalita, teroristé, vlak, experiment, cestování časem, výbuch, bomba, terorismus, paralelní svět, druhá šance, časová smyčka, teroristický útok, Chicago, vlak v ohrožení, Illinois;Duncan Jones;Jake Gyllenhaal, Michelle Monaghan, Vera Farmiga, Jeffrey Wright, Michael Arden, Russell Peters, Albert Kwan, James A. Woods, Scott Bakula, Cas Anvar;https://srv.clickfuse.com/ads/adclkr.php?id=100006636&url=https://tv.apple.com/cz/movie/source-code/umc.cmc.3qh64tqrye0qklconl4j5ihmb<br>https://srv.clickfuse.com/ads/adclkr.php?id=100006636&url=https://tv.apple.com/cz/movie/source-code/umc.cmc.3qh64tqrye0qklconl4j5ihmb<br>https://apps.apple.com/cz/app/id6755365206<br>https://play.google.com/store/apps/details?id=cz.csfd.csfdroid<br>;;;
508447;Strážci Galaxie: Volume 3;2023;79.74133471288154;150.0;https://image.pmgstatic.com/cache/resized/w420/files/images/film/posters/167/167/167167093_3c2760.jpg;https://www.csfd.cz/film/508447-strazci-galaxie-volume-3/;USA;Akční / Dobrodružný / Sci-Fi;Guardians of the Galaxy Vol. 3;Ve snímku Strážci galaxie: Volume 3 od Marvel Studios se oblíbená parta vesmírných ztroskotanců zabydluje na Kdovíkde. Jejich spokojený život však brzy naruší ozvěny Rocketovy bouřlivé minulosti. Peter Quill, který se stále trápí ztrátou milované Gamory, musí vypravit svůj tým na nebezpečnou misi s cílem zachránit Rocketův život, přičemž nezdar v této misi může znamenat konec Strážců tak, jak je známe. (Falcon);05.05.2023 Walt Disney US;přátelství, přátelé, zbraně, vzpomínky, souboje, podle komiksu, zranění, vesmír, superhrdina, vesmírná loď, Marvel Comics, pokusy na zvířatech, 3D, genetická úprava, Marvel Cinematic Universe (MCU), telekineze, Rocket Raccoon, Groot, Drax the Destroyer, Strážci Galaxie, Nebula, Star-Lord, Gamora;James Gunn;Chris Pratt, Dave Bautista, Pom Klementieff, Karen Gillan, Bradley Cooper, Vin Diesel, Zoe Saldaña, Chukwudi Iwuji, Sean Gunn, Maria Bakalova;https://srv.tunefindforfans.com/showads/track/srvclk.php?aid=100006796&lp=https://www.disneyplus.com/en-cz/browse/entity-820f0ded-3254-42c5-a7e4-7c044ff6dd65<br>https://srv.clickfuse.com/ads/adclkr.php?id=100006636&url=https://tv.apple.com/cz/movie/guardians-of-the-galaxy-vol-3/umc.cmc.4sfw9bhw8bx6dnyfysc8829rt<br>https://www.youtube.com/watch?v=VFn0Gs3FeMM<br>https://srv.tunefindforfans.com/showads/track/srvclk.php?aid=100006796&lp=https://www.disneyplus.com/en-cz/browse/entity-820f0ded-3254-42c5-a7e4-7c044ff6dd65<br>https://srv.clickfuse.com/ads/adclkr.php?id=100006636&url=https://tv.apple.com/cz/movie/guardians-of-the-galaxy-vol-3/umc.cmc.4sfw9bhw8bx6dnyfysc8829rt<br>https://www.youtube.com/watch?v=VFn0Gs3FeMM<br>https://www.csfd.cz/vod/disney-plus/<br>https://apps.apple.com/cz/app/id6755365206<br>https://play.google.com/store/apps/details?id=cz.csfd.csfdroid<br>;Academy Awards (1x)<br>British Academy of Film and Television Arts (BAFTA) (1x)<br>Golden Globes (1x)<br>Critics Choice Awards (1x)<br>The Saturn Awards (6x)<br>;The Saturn Awards (1x)<br>;Dan Abnett, Andy Lanning
1282734;tata_bojs.doc;2024;81.34199134199135;95.0;https://image.pmgstatic.com/cache/resized/w420/files/images/film/posters/169/116/169116376_chr4cz.jpg;https://www.csfd.cz/film/1282734-tata-bojs-doc/;Česko;Dokumentární / Sci-Fi;;„Pěšáci“, „Attention Aux Hommes!“, „Tanečnice“, „Opakování“… S výčtem známých hitů pražské kapely Tata Bojs by se dalo dlouho pokračovat. Vždy energičtí, za dobu své existence mnohokrát jiní, precizní ve svém koncepčním přístupu k vizuálnímu a hudebnímu uchopení jednotlivých alb a vystoupení. Není divu, že se Marek Najbrt rozhodl nejít cestou konvenčního dokumentu. Příběh kapely vypráví formou hravé koláže, složené z bohatých archivů, záznamů koncertů i futuristických hraných vsuvek s herci z divadla Vosto5. Před očima se nám tak skládá obraz osobité kapely, jež se i přes alternativní povahu své tvorby po právu řadí mezi přední tuzemské hudebníky. (MFF Karlovy Vary);05.09.2024 Aerofilms;;Marek Najbrt;Milan Cais, Mardoša;https://apps.apple.com/cz/app/id6755365206<br>https://play.google.com/store/apps/details?id=cz.csfd.csfdroid<br>;;;
131457;Rampa;1962;80.27005559968228;28.0;https://image.pmgstatic.com/cache/resized/w420/files/images/film/posters/165/079/165079405_4dcf02.jpg;https://www.csfd.cz/film/131457-rampa/;Francie;Krátkometrážní / Sci-Fi / Romantický / Drama;Plošina(neoficiální název);Ti, kteří přežili 3. světovou válku žijí v podzemí Paříže, neboť povrch je neobyvatelný. Pomocí stroje času vysílají do minulosti vězně, aby získal potřebné suroviny. Klíčem pro jeho cestu je jeho utkvělá dětská vzpomínka na incident na letišti v Orly, kterému přihlížela neznámá žena... Čb sci-fi film bez dialogů. Posloucháme pouze vypravěče a hudební doprovod na pozadí ve sledu promítaných fotografií. La Jetée = molo či hráz (přeneseně spíše nástupní plošina), je homonymem pro „là j'étais“ (tady jsem byl). Snímkem se později inspiroval Terry Gilliam při tvorbě 12 opic. (J.Connor);;černobílý film, město, vězení, boj o přežití, Francie, vědci, Paříž, věda, budoucnost, experiment, postapokalyptická budoucnost, vědec, cestování časem, antiutopie, apokalypsa, radioaktivita, francouzská nová vlna, kyberpunk, únik radioaktivity;Chris Marker;Jean Négroni, Hélène Chatelain, Davos Hanich, Étienne Becker, William Klein, André Heinrich, Ligia Borowczyk;https://srv.clickfuse.com/ads/adclkr.php?id=100006636&url=https://tv.apple.com/cz/movie/la-jetee/umc.cmc.6e5xeppciapho2jw50gcau3rz<br>https://srv.clickfuse.com/ads/adclkr.php?id=100006636&url=https://tv.apple.com/cz/movie/la-jetee/umc.cmc.6e5xeppciapho2jw50gcau3rz<br>https://apps.apple.com/cz/app/id6755365206<br>https://play.google.com/store/apps/details?id=cz.csfd.csfdroid<br>;;;
11359;Frekvence;2000;79.58258180881217;118.0;https://image.pmgstatic.com/cache/resized/w420/files/images/film/posters/159/497/159497666_e43760.jpg;https://www.csfd.cz/film/11359-frekvence/;USA;Krimi / Drama / Sci-Fi / Thriller;Frequency;Jednoho poklidného večera roku 1999 najde John Sullian starou vysílačku, která patřila jeho otci. Zkusí ji zapojit a podaří se mu navázat kontakt. Muž na druhé straně je hasič, jmenuje se Frank Sullivan a právě se hodlá dívat na závěrečný zápas basebellové ligy roku 1969. John ke svému úžasu zjišťuje, že díky atmosférické poruše hovoří se svým otcem těsně před tragickým neštěstím. Nyní ho může varovat, takže otec nezemře, ale následky, které tento zásah do historie způsobí, budou mnohem závažnější, než si myslel...;28.04.2000 New Line Cinema;přátelé, otec, policie, syn, vyšetřování, vzpomínky, dům, detektiv, sériový vrah, New York, cestování časem, baseball, hasiči;Gregory Hoblit;Dennis Quaid, Jim Caviezel, Shawn Doyle, Elizabeth Mitchell, Andre Braugher, Noah Emmerich, Melissa Errico, Jordan Bridges, Peter MacNeill, Michael Cera;/tvurce/48968-jackson-rathbone/prehled/<br>https://apps.apple.com/cz/app/id6755365206<br>https://play.google.com/store/apps/details?id=cz.csfd.csfdroid<br>;Golden Globes (1x)<br>The Saturn Awards (2x)<br>;The Saturn Awards (1x)<br>;
332371;Deus Ex: Human Revolution;2010;82.33962264150944;5.0;https://image.pmgstatic.com/cache/resized/w420/files/images/film/posters/159/761/159761857_f0e102.png;https://www.csfd.cz/film/332371-deus-ex-human-revolution/;USA;Krátkometrážní / Sci-Fi / Akční;Deus Ex: Human Revolution - Cinematic Trailer;Poté, co temný operační tým unese několik vědců, musí bezpečnostní manažer Adam Jensen, který je přísahal chránit, využít sílu svých nově nalezených kybernetických vylepšení k záchraně jejich životů. (KGBelik);;podle videohry;Kody Sabourin;;https://apps.apple.com/cz/app/id6755365206<br>https://play.google.com/store/apps/details?id=cz.csfd.csfdroid<br>;;;
6171;Star Wars: Epizoda II - Klony útočí;2002;79.50753253625705;142.0;https://image.pmgstatic.com/cache/resized/w420/files/images/film/posters/158/598/158598302_f7ceae.jpg;https://www.csfd.cz/film/6171-star-wars-epizoda-ii-klony-utoci/;USA;Sci-Fi / Fantasy / Dobrodružný / Akční;Hvězdné války: Epizoda II - Klony útočí;"10 let po Epizodě I pokračují dobrodružství a dramatické osudy rytířů Jedi Anakina Skywalkera a Obi-Wana Kenobiho, kteří mají za úkol chránit senátorku Padmé Amidaluovou, jejíž život je ohrožen. Ke zvýšení napětí, jak se budou vyvíjet vztahy ""starwarsových"" hrdinů se režisér Lucas snaží děj poněkud utajit. Ale přesto jsou tu některé informace o tom, co nového se v tomto díle dozvíte více o Padmé Amidale a jejím milostném vztahu k Anakinovi, který se stane osudným pro další osud celé galaxie. Bude odhalen původ Boby Fetta a úderných oddílů Impéria. Epizoda II objasní, jak to je s ""Válkou klonů"", zmiňovanou v původních Hvězdných válkách. Film je temnější než Epizoda I a jeho atmosféra se blíží filmu Impérium vrací úder. Padmé a Anakin prožívají většinu filmového dobrodružství spolu a s Obi-Wan Kenobim se potkají až na konci filmu. Vrátíme se s hrdiny na Coruscant, Naboo a Tatooine. A poznáte 2 nové planety.";16.05.2002 20th Century Fox;láska, smrt, matka, město, útěk, zbraně, pomsta, politika, vojáci, pronásledování, souboje, moře, armáda, mimozemšťané, vesmír, poušť, nájemný vrah, bitva, roboti, vesmírná loď, výbuch, bomba, atentát, otroctví, Wilhelm scream, lovci lidí, déšť, Star Wars, stíhačky, klonování, mrakodrap;George Lucas;Ewan McGregor, Natalie Portman, Hayden Christensen, Christopher Lee, Samuel L. Jackson, Frank Oz, Ian McDiarmid, Pernilla August, Temuera Morrison, Jimmy Smits;https://srv.tunefindforfans.com/showads/track/srvclk.php?aid=100006796&lp=https://www.disneyplus.com/en-cz/browse/entity-39cbdf17-1bbe-4de2-b4a4-8e342875c2c6<br>https://srv.clickfuse.com/ads/adclkr.php?id=100006636&url=https://tv.apple.com/cz/movie/star-wars-attack-of-the-clones/umc.cmc.27tj6w4r4fpeziazh0cyza2bq<br>https://www.youtube.com/watch?v=y-QIScKylB8<br>https://srv.tunefindforfans.com/showads/track/srvclk.php?aid=100006796&lp=https://www.disneyplus.com/en-cz/browse/entity-39cbdf17-1bbe-4de2-b4a4-8e342875c2c6<br>https://srv.clickfuse.com/ads/adclkr.php?id=100006636&url=https://tv.apple.com/cz/movie/star-wars-attack-of-the-clones/umc.cmc.27tj6w4r4fpeziazh0cyza2bq<br>https://www.youtube.com/watch?v=y-QIScKylB8<br>/film/1178727-disney-gallery-star-wars-boba-fett-zakon-podsveti/prehled/<br>/film/849599-disney-galerie-star-wars-mandalorian/prehled/<br>https://apps.apple.com/cz/app/id6755365206<br>https://play.google.com/store/apps/details?id=cz.csfd.csfdroid<br>;Academy Awards (1x)<br>Critics Choice Awards (1x)<br>The Saturn Awards (8x)<br>Golden Raspberry Awards (Razzies) (5x)<br>;The Saturn Awards (2x)<br>Golden Raspberry Awards (Razzies) (2x)<br>;
277495;Avatar: The Way of Water;2022;79.19334950877054;192.0;https://image.pmgstatic.com/cache/resized/w420/files/images/film/posters/166/840/166840794_0d238f.png;https://www.csfd.cz/film/277495-avatar-cesta-vody/;USA;Akční / Dobrodružný / Sci-Fi / Fantasy;Avatar: The Way of Water;Film Avatar: The Way of Water nabízí filmový zážitek na zcela nové úrovni. James Cameron vrátí diváky zpět do nádherného světa Pandory ve velkolepém a strhujícím dobrodružství plném akce. Ve filmu Avatar: The Way of Water se po více jak deseti letech znovu setkáváme s Jakem Sullym, Neytiri a jejich dětmi, kteří stále bojují za to, aby se udrželi v bezpečí a naživu. (Falcon);16.12.2022 20th Century Studios;láska, smrt, přátelství, přátelé, otec, děti, město, dcera, syn, útěk, chlapec, pomsta, vojáci, pronásledování, vězení, podvod, moře, voda, mimozemšťané, vesmír, domorodé kmeny, bitva, mučení, ryby, rybolov, ponorky, loď v ohrožení, velryby;James Cameron;Sam Worthington, Zoe Saldaña, Sigourney Weaver, Stephen Lang, Kate Winslet, Cliff Curtis, Joel David Moore, CCH Pounder, Edie Falco, Brendan Cowell;https://srv.tunefindforfans.com/showads/track/srvclk.php?aid=100006796&lp=https://www.disneyplus.com/en-cz/browse/entity-e6ef640e-787e-4477-aba4-9e05925ebac2<br>https://srv.clickfuse.com/ads/adclkr.php?id=100006636&url=https://tv.apple.com/cz/movie/avatar-the-way-of-water/umc.cmc.5k5xo2espahvd6kcswi2b5oe9<br>https://www.youtube.com/watch?v=5bN0QNlFCAg<br>https://srv.tunefindforfans.com/showads/track/srvclk.php?aid=100006796&lp=https://www.disneyplus.com/en-cz/browse/entity-e6ef640e-787e-4477-aba4-9e05925ebac2<br>https://srv.clickfuse.com/ads/adclkr.php?id=100006636&url=https://tv.apple.com/cz/movie/avatar-the-way-of-water/umc.cmc.5k5xo2espahvd6kcswi2b5oe9<br>https://www.youtube.com/watch?v=5bN0QNlFCAg<br>https://apps.apple.com/cz/app/id6755365206<br>https://play.google.com/store/apps/details?id=cz.csfd.csfdroid<br>;Academy Awards (3x)<br>British Academy of Film and Television Arts (BAFTA) (1x)<br>AACTA International Awards (1x)<br>Golden Globes (2x)<br>Critics Choice Awards (5x)<br>The Saturn Awards (8x)<br>;Academy Awards (1x)<br>British Academy of Film and Television Arts (BAFTA) (1x)<br>AACTA International Awards (1x)<br>Critics Choice Awards (1x)<br>Florida Film Critics Circle Awards (1x)<br>Los Angeles Film Critics Association Awards (1x)<br>The Saturn Awards (4x)<br>;
83543;Memories;1995;79.80374665477252;113.0;https://image.pmgstatic.com/cache/resized/w420/files/images/film/posters/161/807/161807786_a4260e.jpg;https://www.csfd.cz/film/83543-memories/;Japonsko;Animovaný / Povídkový / Drama / Psychologický / Sci-Fi / Komedie / Válečný;Memorîzu;Roku 1995 natočili 3 japonští režiséři 3 krátké povídkové filmy. První, hororově střižená MAGNETICKÁ RŮŽE vypráví o skupině astronautů, kteří přistanou na podivném vesmírném útvaru, který žije svým vlastním životem. Druhá, komediálně laděná SMRADLAVÁ BOMBA vypráví o muži, který po konzumaci nebezpečného léku začne vydávat nesnesitelný zápach a armáda se ho proto rozhodne zlikvidovat. Poslední, silně výtvarně stylizovaná povídka MĚSTO KANÓNŮ, silně odkazuje k Orwelovu 1984. Popisuje jeden den v utopickém totalitním státě (městě) jehož existence má jediný smysl - vystřelení z kanónu. (Skejpr);;muž, zbraně, zvířata, anime, hudba, sny, kolegové, nemoc, zpěv, duchové, opera, koně, vesmír, Japonsko, zpěvačka, budoucnost, surrealismus, korporace, vesmírná loď, antologie, přízrak, hřbitov, laboratoř, kosmonauti, lék, hrobka, biologické zbraně, farmaceutický průmysl, chemický průmysl;Kódži Morimoto, Tensai Okamura, Kacuhiro Ótomo;Kóiči Jamadera, Šigeru Čiba, Šózó Iizuka, Akio Ócuka, Ken'iči Ogata, Čikao Ócuka, Osamu Saka, Masato Hirano, Kózó Šioja, Takaši Nagasako;https://apps.apple.com/cz/app/id6755365206<br>https://play.google.com/store/apps/details?id=cz.csfd.csfdroid<br>;;;
263442;Já, padouch;2010;79.16152581808868;91.0;https://image.pmgstatic.com/cache/resized/w420/files/images/film/posters/000/062/62390_bf5f14.jpg;https://www.csfd.cz/film/263442-ja-padouch/;USA / Francie;Animovaný / Komedie / Rodinný / Sci-Fi;Despicable Me;Ve šťastném předměstském sousedství, obklopeném bílým plaňkovým plotem a kvetoucími keři růží, stojí černý dům s mrtvým trávníkem. Aniž by to sousedé věděli, hluboko pod tímto domem je obrovský tajný úkryt. A zde nacházíme Grua (Steve Carell) obklopeného armádou svých uličnických a zlomyslných přisluhovačů, mimoňů, který plánuje tu největší loupež v historii celé zeměkoule. Gru se chystá ukrást Měsíc (ano, Měsíc!). Gru si libuje ve všem špatném. Vyzbrojen svým arzenálem Zmenšovacích paprsků, Mrazících paprsků – mrazáků a obojživelných bojových vozidel poráží vše, co mu stojí v cestě. A to všechno až do okamžiku, kdy se střetne s neochvějným přesvědčením třech malých osiřelých děvčátek, které na něj pohlédnou a vidí v něm něco, co nikdo jiný dosud neviděl: možného tátu.;09.07.2010 Universal Pictures US;rodina, otec, děti, rodiče, mládež, zbraně, loupež, zlo, adopce, vynálezce, Wilhelm scream;Chris Renaud, Pierre Coffin;Steve Carell, Jason Segel, Russell Brand, Kristen Wiig, Miranda Cosgrove, Will Arnett, Danny McBride, Jack McBrayer, Julie Andrews, Dana Gaier;https://www.netflix.com/title/70115629<br>https://srv.tunefindforfans.com/showads/track/srvclk.php?aid=100006796&lp=https://www.disneyplus.com/en-cz/browse/entity-bba6d837-053d-4bc6-8610-1e7ff718428d<br>https://www.skyshowtime.com/cz/stream/movies/ja-padouch/8ba3930c-94b8-31d1-ab7b-b487b1857f21<br>https://srv.clickfuse.com/ads/adclkr.php?id=100006636&url=https://tv.apple.com/cz/movie/despicable-me/umc.cmc.72wwdqjcbzl0ps0iq6pop01x3<br>https://www.youtube.com/watch?v=JuDOJ_kFDYU<br>/novinky/8306-netflix-se-vzdal-prav-na-dalsi-animak/<br>/novinky/8306-netflix-se-vzdal-prav-na-dalsi-animak/<br>/novinky/8306-netflix-se-vzdal-prav-na-dalsi-animak/<br>https://www.netflix.com/title/70115629<br>https://srv.tunefindforfans.com/showads/track/srvclk.php?aid=100006796&lp=https://www.disneyplus.com/en-cz/browse/entity-bba6d837-053d-4bc6-8610-1e7ff718428d<br>https://www.skyshowtime.com/cz/stream/movies/ja-padouch/8ba3930c-94b8-31d1-ab7b-b487b1857f21<br>https://srv.clickfuse.com/ads/adclkr.php?id=100006636&url=https://tv.apple.com/cz/movie/despicable-me/umc.cmc.72wwdqjcbzl0ps0iq6pop01x3<br>https://www.youtube.com/watch?v=JuDOJ_kFDYU<br>https://apps.apple.com/cz/app/id6755365206<br>https://play.google.com/store/apps/details?id=cz.csfd.csfdroid<br>;British Academy of Film and Television Arts (BAFTA) (1x)<br>Golden Globes (1x)<br>Critics Choice Awards (1x)<br>The Saturn Awards (1x)<br>;;
224865;Strážci - Watchmen;2009;79.0915010548798;162.0;https://image.pmgstatic.com/cache/resized/w420/files/images/film/posters/000/050/50347_94c0b4.jpg;https://www.csfd.cz/film/224865-strazci-watchmen/;USA;Akční / Mysteriózní / Sci-Fi;Watchmen;Komiks Alana Moorea Watchmen je považován za vůbec nejlepšího zástupce ve svém žánru. Natočit podle něj film proto byla obrovská výzva. Hozenou rukavici nakonec zvedl Zack Snyder, muž který si vydobyl renomé režií adaptace komiksové verze řecké historie 300: Bitva u Thermopyl. Vizuálně omračující styl, který zdobil i jeho předchozí hit, naordinoval i snímku Strážci-Watchmen. Přidejte k tomu temný mnohovrstevnatý příběh obývaný velmi netradičními postavami superhrdinů a najednou je tu jeden z nejzajímavějších filmů roku 2009... „Komiks asi může jen těžko něco nastartovat lépe než nález mrtvého superhrdiny. Jak se příběh pomalu odvíjí, dostáváme se čím dál hlouběji do panoptika lidí s nadpřirozenými schopnostmi a střetáváme se s realitou, která se od obecné představy o chování a myšlení superhrdinů dost liší,“ říká o svém díle Alan Moore. V úvodu nalezená mrtvola byla zaživa jistým Edwardem Blakem, který byl mezi superhrdiny známý pod přezdívkou Komediant. Evidentně násilná smrt nikoho neznepokojuje, svět má úplně jiné starosti. V kalendáři se píše rok 1985, venku zuří studená válka, která velmi reálně hrozí přerůst v nukleární střet světových velmocí. Maskovaní superhrdinové už dávno nejsou považování za ochránce lidstva, živoří na okraji společnosti a už jen vzpomínají na staré dobré časy. Světlou výjimkou je umíněný borec přezdívaný Rorschach, který za Komediantovou smrtí vidí rozsáhlé spiknutí, které má zlikvidovat nebo zdiskreditovat bývalé superhrdiny, a tím otevřít cestu daleko ambicióznějšímu a nechutnějšímu projektu. Ve snaze zabránit nejhoršímu se Rorschach pokusí zmobilizovat všechny své bývalé kolegy, z nichž opravdu nadpřirozené schopnosti má ve skutečnosti jen jeden. Jejich cílem bude strážit lidstvo. Kdo ale bude strážit je?;06.03.2009 Warner Bros. US;láska, přátelé, vražda, násilí, policie, pomsta, politika, vězení, souboje, gang, podle komiksu, New York, novináři, psychopat, přepadení, znásilnění, konspirace, superhrdina, DC Comics, pohřeb, požár, prezident, psycholog, maska, vynálezce, studená válka, válka ve Vietnamu, zbraně hromadného ničení, alternativní historie, Antarktida, demonstrace, Mars, mrakodrap, vězeňská vzpoura, teleportace;Zack Snyder;Billy Crudup, Malin Åkerman, Carla Gugino, Patrick Wilson, Jeffrey Dean Morgan, Jackie Earle Haley, Matthew Goode, Matt Frewer, Stephen McHattie, Niall Matter;https://www.skyshowtime.com/cz/stream/movies/strazci/fbc34b48-3855-380f-83e0-0d00c7329943<br>https://srv.clickfuse.com/ads/adclkr.php?id=100006636&url=https://tv.apple.com/cz/movie/watchmen/umc.cmc.56fcbnowirwe128ye7i156ldw<br>https://www.youtube.com/watch?v=bgPcvXLKdsM<br>https://www.skyshowtime.com/cz/stream/movies/strazci/fbc34b48-3855-380f-83e0-0d00c7329943<br>https://srv.clickfuse.com/ads/adclkr.php?id=100006636&url=https://tv.apple.com/cz/movie/watchmen/umc.cmc.56fcbnowirwe128ye7i156ldw<br>https://www.youtube.com/watch?v=bgPcvXLKdsM<br>https://apps.apple.com/cz/app/id6755365206<br>https://play.google.com/store/apps/details?id=cz.csfd.csfdroid<br>;The Saturn Awards (5x)<br>;The Saturn Awards (3x)<br>;Alan Moore
53;Spáč;1973;79.22380952380952;89.0;https://image.pmgstatic.com/cache/resized/w420/files/images/film/posters/164/533/164533627_5ad026.jpg;https://www.csfd.cz/film/53-spac/;USA;Komedie / Sci-Fi;Sleeper;"Pětatřicetiletý spolumajitel restaurace U veselé Mrkvičky, v Greenwich Village, jímž je klarinetista amatér Miles Monroe, se v roce 1973 musí podrobit poměrně banální operaci žaludečních vředů. Z narkózy se ale probouzí téměř o dvě stě let později, taková je výchozí situace sci-fi komedie Woodyho Allena. Hlavní postavou příběhu je opět nešikovný, nehrdinský hrdina, dostávající se vlastní nemotorností do neobvyklých situací... Režisér Woody Allen s patřičnou dávkou nadsázky karikuje společenské systémy s neomezeně vládnoucími diktátory, stejně jako zaručeně ""dokonalé"" politické systémy a ideologie. Příběh nezapře inspiraci futurismem, také tentokrát v ději nalezneme citace z grotesek Macka Sennetta, Bustera Keatona, Harolda Lloyda, Charlieho Chaplina, bratří Marxů, parafráze slavných filmových dialogů. Humorem shazuje některé psychologizující divadelní hry či nyní aktuální klonování lidských orgánů. Neméně důležitou součástí děje se stala hudba Woodyho Allena, jenž se tu představuje i jako její interpret na klarinet, v doprovodu vlastní dlouholeté skupiny The New Orleans Funeral Ragtime Orchestra a newyorleánské kapely The Preservation Hall Band. Není nezajímavé, že kostýmy k tomuto snímku připravil Joel Schumacher, který později více zaujal jako režisér například snímky Hráči se smrtí, Nebezpečný klient a Čas zabíjet.";17.12.1973 United Artists;satira, budoucnost, roboti, antiutopie, vzpoura systému, diktátor, klonování, kryogenika;Woody Allen;Woody Allen, Diane Keaton, John Beck, John McLiam, Douglas Rain, Brian Avery, Mews Small, George Furth, Read Morgan, Don Keefer;https://apps.apple.com/cz/app/id6755365206<br>https://play.google.com/store/apps/details?id=cz.csfd.csfdroid<br>;The Saturn Awards (1x)<br>;;
1002404;Chudáčci;2023;79.04577583305284;141.0;https://image.pmgstatic.com/cache/resized/w420/files/images/film/posters/168/416/168416248_99popv.jpg;https://www.csfd.cz/film/1002404-chudacci/;Irsko / Velká Británie / USA;Sci-Fi / Komedie / Drama / Romantický;Poor Things;Od režiséra Yorgose Lanthimose a producentky Emmy Stone přichází neuvěřitelný příběh o fantastickém vývoji Belly Baxter, mladé ženy, kterou k životu vrátil geniální a nekonvenční vědec Dr. Godwin Baxter. Pod Baxterovou ochranou Bella touží po poznání. Hladovějící po zkušenostech, které jí chybí, uteče s Duncanem Wedderburnem, mazaným a zhýralým právníkem, do víru dobrodružství napříč kontinenty. Nepodléhajíc předsudkům své doby se Bella zasazuje za rovnoprávnost a svobodu. (Falcon);Na VOD od 07.03.2024 Disney+;podle knihy, láska, manželé, útěk, cestování, dospívání, sex, nevěra, vášeň, nemoc, dilema, žárlivost, sebevražda, lodě, Paříž, prostituce, prostitutka, věda, Londýn, deprese, lékařství, surrealismus, vědec, sluha, šílený vědec, nevěstinec, filozof, socialismus, viktoriánská Anglie, steampunk, transplantace, řecká divná vlna, nymfomanie, Lisabon;Yorgos Lanthimos;Emma Stone, Mark Ruffalo, Willem Dafoe, Ramy Youssef, Christopher Abbott, Jerrod Carmichael, Hanna Schygulla, Margaret Qualley, Vicki Pepperdine, Kathryn Hunter;https://srv.tunefindforfans.com/showads/track/srvclk.php?aid=100006796&lp=https://www.disneyplus.com/en-cz/browse/entity-72867b3c-0c4e-4107-aff7-a1f876c7242f<br>https://srv.clickfuse.com/ads/adclkr.php?id=100006636&url=https://tv.apple.com/cz/movie/poor-things/umc.cmc.3mshuc064vnbpvdq7rl6d3lpf<br>https://www.youtube.com/watch?v=zn3_3nuRvQY<br>https://srv.tunefindforfans.com/showads/track/srvclk.php?aid=100006796&lp=https://www.disneyplus.com/en-cz/browse/entity-72867b3c-0c4e-4107-aff7-a1f876c7242f<br>https://srv.clickfuse.com/ads/adclkr.php?id=100006636&url=https://tv.apple.com/cz/movie/poor-things/umc.cmc.3mshuc064vnbpvdq7rl6d3lpf<br>https://www.youtube.com/watch?v=zn3_3nuRvQY<br>https://www.csfd.cz/vod/disney-plus/<br>https://apps.apple.com/cz/app/id6755365206<br>https://play.google.com/store/apps/details?id=cz.csfd.csfdroid<br>;Academy Awards (7x)<br>British Academy of Film and Television Arts (BAFTA) (6x)<br>Robert Awards (Danish Film Awards) (1x)<br>Polish Film Awards (1x)<br>AACTA International Awards (3x)<br>Golden Globes (5x)<br>Critics Choice Awards (12x)<br>Florida Film Critics Circle Awards (5x)<br>Los Angeles Film Critics Association Awards (2x)<br>The Saturn Awards (1x)<br>;Academy Awards (4x)<br>British Academy of Film and Television Arts (BAFTA) (5x)<br>Amanda Awards (1x)<br>AACTA International Awards (1x)<br>Golden Globes (2x)<br>Critics Choice Awards (1x)<br>Florida Film Critics Circle Awards (1x)<br>Los Angeles Film Critics Association Awards (2x)<br>Venice Film Festival (1x)<br>;Alasdair Gray
228832;Hra na válku;1966;80.72164948453609;48.0;https://image.pmgstatic.com/cache/resized/w420/files/images/film/posters/166/978/166978215_86b5f1.jpg;https://www.csfd.cz/film/228832-hra-na-valku/;Velká Británie;Drama / Sci-Fi / Válečný / Katastrofický;The War Game;"Dokumentární drama popisující výbuch atomové bomby shozené Sovětským svazem na malé městečko v jižní Británii vyděsilo vedení televizní stanice BBC natolik, že ho odmítla vysílat. Film mohla britská veřejnost zhlédnout v televizi až v roce 1985. V roce 1967 byl uváděn pouze krátce v kinech. I tak však stačil získat cenu Akademie za nejlepší dokumentární počin roku. Základním znakem Watkinsonova polodokumentárního, autentického stylu se staly záběry napodobující formu černobílých týdeníků. Hra na válku je ukázkovým příkladem autorových schopností vytvořit komplexní, působivé dílo, jež se nijak nevyhýbá konfrontaci. Sám Watkins říká: „V tomto filmu jsem se zajímal o rozpor mezi skutečností a pseudorealitou, kterou vytvářejí média. Ptám se: Kde je pravda? V tvrzeních figurek, které se odvolávají na oficiálně podporované názory, nebo v uměle inscenovaných a fiktivních scénách, jež ilustrují následky jejich projevů a činů, jež tvoří druhou rovinu mého filmu? Právě kvůli možnosti srovnání jsem propojil natočený filmový materiál s ukázkami skutečných rozhovorů. Když jsem přemýšlel o vhodné formě, bylo mým cílem využít co nejlépe film, aby pomohl odhalit a prolomit mlčení médií o problémech nukleárního zbrojení.""";;děti, policie, Vánoce, boj o přežití, válka, nemocnice, poprava, apokalypsa, studená válka, pseudo-dokument, atomová bomba, radioaktivita, zbraně hromadného ničení, nemoc z ozáření;Peter Watkins;Kathy Staff, Michael Aspel;https://apps.apple.com/cz/app/id6755365206<br>https://play.google.com/store/apps/details?id=cz.csfd.csfdroid<br>;;Academy Awards (1x)<br>British Academy of Film and Television Arts (BAFTA) (2x)<br>;
8363;Znamení;2002;78.8827056848165;106.0;https://image.pmgstatic.com/cache/resized/w420/files/images/film/posters/159/801/159801450_1a0c8c.jpg;https://www.csfd.cz/film/8363-znameni/;USA;Mysteriózní / Drama / Sci-Fi / Thriller / Horor;Signs;Graham Hess a jeho rodina žijí na farmě daleko v polích. Jednoho dne se probudí a zjistí, že přímo za jejich domem je obrovský kruh v kukuřičném lánu. Zaslechnou zvěsti o tom, že je to znamení mimozemšťanů. Zvířata v okrese se začínají chovat zvláštně, psi se stávají agresivními. S rostoucím strachem sledují televizní zprávy, které dokola opakují, že znamení v obilí se rychle objevují po celém světě. Kdo jsou jejich tvůrci? Co se jimi pokoušejí sdělit? Čeká Zemi útok? Skutečnosti, které odhalí Graham během vyšetřování tohoto jevu, navždy změní životy jeho bratra a dětí. (TV Nova);02.08.2002 Buena Vista Pictures US;smrt, otec, děti, policie, strach, dcera, syn, sourozenci, venkov, bratři, dům, mimozemšťané, autonehoda, farma, invaze, strýc, mimozemský organismus, astma, kruhy v obilí;M. Night Shyamalan;Mel Gibson, Joaquin Phoenix, Rory Culkin, Abigail Breslin, Cherry Jones, M. Night Shyamalan, Patricia Kalember, Ted Sutton, Merritt Wever, Lanny Flaherty;https://srv.tunefindforfans.com/showads/track/srvclk.php?aid=100006796&lp=https://www.disneyplus.com/en-cz/browse/entity-a1a56f1b-ed29-4cb0-9271-a2b642893c19<br>https://srv.clickfuse.com/ads/adclkr.php?id=100006636&url=https://tv.apple.com/cz/movie/signs/umc.cmc.2vj4vibsrb38cvi5nojt2morx<br>https://srv.tunefindforfans.com/showads/track/srvclk.php?aid=100006796&lp=https://www.disneyplus.com/en-cz/browse/entity-a1a56f1b-ed29-4cb0-9271-a2b642893c19<br>https://srv.clickfuse.com/ads/adclkr.php?id=100006636&url=https://tv.apple.com/cz/movie/signs/umc.cmc.2vj4vibsrb38cvi5nojt2morx<br>https://apps.apple.com/cz/app/id6755365206<br>https://play.google.com/store/apps/details?id=cz.csfd.csfdroid<br>;The Saturn Awards (1x)<br>;;
249831;Burn-E: Světlo galaxie;2008;79.22320041429312;8.0;https://image.pmgstatic.com/cache/resized/w420/files/images/film/posters/042/872/42872848_9655c0.jpg;https://www.csfd.cz/film/249831-burn-e-svetlo-galaxie/;USA;Krátkometrážní / Animovaný / Komedie / Sci-Fi;Burn-E;Burn-E je další z řady pixarovský kraťasů, tentokrát je součástí bonusů DVD a Blu-ray disků filmu Wall-E. Sledujeme svářecího robota Burn-E, který se snaží opravit anténu vně vesmírné lodi. Zůstane tam ovšem trčet, a to kvůli hrajícímu se páru Eve + Wall-E. Burn-E se ale zavřenými dveřmi nenechá odradit a snaží se dostat zpět do Axiomu - luxusního plavidla obézních lidí, avšak tím jeho peripetie nekončí... (Mertax);Na DVD od 17.10.2012 Magic Box;;Angus MacLane;Jeff Garlin;https://srv.tunefindforfans.com/showads/track/srvclk.php?aid=100006796&lp=https://www.disneyplus.com/en-cz/browse/entity-b3f3001a-0740-410b-ac7d-0a3288a1724e<br>https://www.youtube.com/watch?v=ppfSPzbAQYc<br>https://srv.tunefindforfans.com/showads/track/srvclk.php?aid=100006796&lp=https://www.disneyplus.com/en-cz/browse/entity-b3f3001a-0740-410b-ac7d-0a3288a1724e<br>https://apps.apple.com/cz/app/id6755365206<br>https://play.google.com/store/apps/details?id=cz.csfd.csfdroid<br>;;;
387880;The Night of the Doctor;2013;80.92753623188406;7.0;https://image.pmgstatic.com/cache/resized/w420/files/images/film/posters/166/709/166709505_f53283.jpg;https://www.csfd.cz/film/387880-the-night-of-the-doctor/;Velká Británie;Krátkometrážní / Dobrodružný / Drama / Rodinný / Sci-Fi;;Vesmírná loď je blízko havárie, když se objeví Doktor (Paul McGann) a chce pomoci. Tentokrát zde však není příliš vítán. (jh666);;válka, mimozemšťané, vesmír, cestování časem, vesmírná loď, vesmírná nehoda;John Hayes;Paul McGann, Clare Higgins, John Hurt, Emma Campbell-Jones;https://www.youtube.com/watch?v=-U3jrS-uhuo<br>https://apps.apple.com/cz/app/id6755365206<br>https://play.google.com/store/apps/details?id=cz.csfd.csfdroid<br>;;;
342525;Room 8;2013;79.65635738831615;7.0;https://image.pmgstatic.com/cache/resized/w420/files/images/film/posters/158/593/158593805_016f4b.jpg;https://www.csfd.cz/film/342525-room-8/;Velká Británie;Krátkometrážní / Mysteriózní / Sci-Fi / Thriller;;Na celu je přiveden nový trestanec a seznamuje se svým spoluvězněm, postarším málomluvným mužem. Usedne na palandu, kde objeví červenou krabici, jeho zvědavost jej nutí ji otevřít, ale starší muž jej varuje, že bude litovat, nedbá varování a krabici otevře a odhalí něco, co by si nedokázal představit ani v tom nejšílenějším snu. (PetrPan);;;James W. Griffiths;Tom Cullen, Michael Gould, Yuri Klimov;https://apps.apple.com/cz/app/id6755365206<br>https://play.google.com/store/apps/details?id=cz.csfd.csfdroid<br>;;British Academy of Film and Television Arts (BAFTA) (1x)<br>;
6170;Star Wars: Epizoda I - Skrytá hrozba;1999;78.77184366038753;136.0;https://image.pmgstatic.com/cache/resized/w420/files/images/film/posters/159/623/159623768_b6f329.jpg;https://www.csfd.cz/film/6170-star-wars-epizoda-i-skryta-hrozba/;USA;Sci-Fi / Fantasy / Dobrodružný / Akční;Hvězdné války: Epizoda I - Skrytá hrozba;Galaktickou republikou zmítají nepokoje. Vznikly spory ohledně zdanění obchodních cest k odlehlým hvězdným soustavám. Chamtivá Obchodní federace doufá, že záležitost vyřeší její armáda bojových droidů, která začne úplnou blokádu malé planety Naboo. Zatímco Republikový kongres vede o těchto dramatických událostech zdlouhavé rozhovory, Nejvyšší kancelář tajně vyšle dva rytíře Jedi, ochránce míru a spravedlnosti v galaxii, aby konflikt zažehnali...;19.05.1999 20th Century Fox;láska, smrt, vražda, město, útěk, chlapec, zbraně, vojáci, intriky, zrada, souboje, moře, armáda, mimozemšťané, korupce, vesmír, poušť, bitva, roboti, vesmírná loď, královna, závody, invaze, otroctví, ponorky, Wilhelm scream, Star Wars, stíhačky;George Lucas;Liam Neeson, Ewan McGregor, Natalie Portman, Jake Lloyd, Pernilla August, Ian McDiarmid, Oliver Ford Davies, Hugh Quarshie, Anthony Daniels, Ahmed Best;https://srv.tunefindforfans.com/showads/track/srvclk.php?aid=100006796&lp=https://www.disneyplus.com/en-cz/browse/entity-e0a9fee4-2959-4077-ad8c-8fab4fd6e4d1<br>https://srv.clickfuse.com/ads/adclkr.php?id=100006636&url=https://tv.apple.com/cz/movie/star-wars-the-phantom-menace/umc.cmc.1x8mput5lh4l0u6vue0hbmhs3<br>https://www.youtube.com/watch?v=-vOuTCFxdh0<br>https://srv.tunefindforfans.com/showads/track/srvclk.php?aid=100006796&lp=https://www.disneyplus.com/en-cz/browse/entity-e0a9fee4-2959-4077-ad8c-8fab4fd6e4d1<br>https://srv.clickfuse.com/ads/adclkr.php?id=100006636&url=https://tv.apple.com/cz/movie/star-wars-the-phantom-menace/umc.cmc.1x8mput5lh4l0u6vue0hbmhs3<br>https://www.youtube.com/watch?v=-vOuTCFxdh0<br>/film/1178727-disney-gallery-star-wars-boba-fett-zakon-podsveti/prehled/<br>/film/849599-disney-galerie-star-wars-mandalorian/prehled/<br>https://apps.apple.com/cz/app/id6755365206<br>https://play.google.com/store/apps/details?id=cz.csfd.csfdroid<br>;Academy Awards (3x)<br>British Academy of Film and Television Arts (BAFTA) (2x)<br>The Saturn Awards (10x)<br>Golden Raspberry Awards (Razzies) (6x)<br>;The Saturn Awards (2x)<br>Golden Raspberry Awards (Razzies) (1x)<br>;
5393;2001: Vesmírná odysea;1968;78.78395653563439;149.0;https://image.pmgstatic.com/cache/resized/w420/files/images/film/posters/158/336/158336634_017816.jpg;https://www.csfd.cz/film/5393-2001-vesmirna-odysea/;Velká Británie / USA;Sci-Fi / Dobrodružný;2001: A Space Odyssey;Filosofická filmová opera. Evoluce a smysl existence lidstva v několika epochách, během kterých je člověk konfrontován se zlověstným a mlčícím symbolem mimozemského života. Science-fiction film, po kterém už filmové sci-fi nikdy nebylo jako dříve, a souběžně napsaný stejnojmenný science-fiction román, po němž se sci-fi literatura navždycky změnila. Jeden z největších mýtů filmové historie a společné mistrovské dílo dvou osobností svých oborů – režiséra Stanleyho Kubricka a spisovatele Arthura C. Clarka. Neopakovatelná cesta za hranice lidské zkušenosti, za hranice prostoru a času... (AČFK);18.05.2018 Warner Bros. UK;podle knihy, muž, tajemství, záhady, putování, sny, kolegové, vědci, vesmír, věda, surrealismus, vědec, vesmírná loď, technologie, umělá inteligence, kosmonauti, Měsíc, NASA, počítač, space opera, planety, posádka vesmírné lodi, Jupiter, retrofuturismus;Stanley Kubrick;Keir Dullea, Gary Lockwood, William Sylvester, Daniel Richter, Margaret Tyzack, Douglas Rain, Vivian Kubrick, Robert Beatty, Ed Bishop, Alan Gifford;https://srv.clickfuse.com/ads/adclkr.php?id=100006636&url=https://tv.apple.com/cz/movie/2001-a-space-odyssey/umc.cmc.1au04fbnh3q5i2p6sy0ik4rkz<br>https://www.youtube.com/watch?v=Qk1NNel0ApA<br>https://srv.clickfuse.com/ads/adclkr.php?id=100006636&url=https://tv.apple.com/cz/movie/2001-a-space-odyssey/umc.cmc.1au04fbnh3q5i2p6sy0ik4rkz<br>https://www.youtube.com/watch?v=Qk1NNel0ApA<br>https://apps.apple.com/cz/app/id6755365206<br>https://play.google.com/store/apps/details?id=cz.csfd.csfdroid<br>;Academy Awards (3x)<br>British Academy of Film and Television Arts (BAFTA) (2x)<br>The Saturn Awards (3x)<br>;Academy Awards (1x)<br>British Academy of Film and Television Arts (BAFTA) (3x)<br>The Saturn Awards (2x)<br>;Arthur C. Clarke
1789;Moucha;1986;78.77947598253274;96.0;https://image.pmgstatic.com/cache/resized/w420/files/images/film/posters/158/649/158649636_dfce22.jpg;https://www.csfd.cz/film/1789-moucha/;USA / Velká Británie / Kanada;Drama / Horor / Sci-Fi;The Fly;Seth Brundle je mladý ambiciózní vědec, který se zabývá teleportováním lidí na dálku prostřednictvím takzvaných telepodů. Jako správný vědec zkouší své objevy sám na sobě. Vše jde dobře až do okamžiku, kdy jeho pozornosti unikne jen jediná maličkost: do telepodu se společně s ním dostane moucha a při procesu teleportování dojde ke smíchání DNA obou účastníků pokusu. A tak začíná pomalý proces Sethovy proměny v mouchu. Seth hledá usilovně protilék, bude mít však na to dostatek času? (TV Prima);18.07.1991 Lucernafilm Beta;podle knihy, muž, láska, žena, násilí, strach, touha, zvířata, boj o přežití, krev, gore, monstra, nehoda, vědci, šílenství, paranoia, posedlost, reportéři, experiment, vědec, mutanti, hmyz, opice, vynálezce, pokusy na lidech, šílený vědec, mutace, genetická úprava, body horror, teleportace, mouchy;David Cronenberg;Jeff Goldblum, Geena Davis, John Getz, Joy Boushel, Leslie Carlson, George Chuvalo, Michael Copeman, David Cronenberg;https://srv.tunefindforfans.com/showads/track/srvclk.php?aid=100006796&lp=https://www.disneyplus.com/en-cz/browse/entity-82f29feb-e69a-4c1f-b920-89882fe09e48<br>https://srv.clickfuse.com/ads/adclkr.php?id=100006636&url=https://tv.apple.com/cz/movie/the-fly/umc.cmc.1xwwdypvgoo841aoxu5ueatkh<br>https://www.youtube.com/watch?v=oSdZZNG5tg8<br>https://srv.tunefindforfans.com/showads/track/srvclk.php?aid=100006796&lp=https://www.disneyplus.com/en-cz/browse/entity-82f29feb-e69a-4c1f-b920-89882fe09e48<br>https://srv.clickfuse.com/ads/adclkr.php?id=100006636&url=https://tv.apple.com/cz/movie/the-fly/umc.cmc.1xwwdypvgoo841aoxu5ueatkh<br>https://www.youtube.com/watch?v=oSdZZNG5tg8<br>https://apps.apple.com/cz/app/id6755365206<br>https://play.google.com/store/apps/details?id=cz.csfd.csfdroid<br>;British Academy of Film and Television Arts (BAFTA) (2x)<br>New York Film Critics Circle Awards (1x)<br>The Saturn Awards (5x)<br>;Academy Awards (1x)<br>The Saturn Awards (3x)<br>Avoriaz International Fantastic Film Festival (1x)<br>;George Langelaan
5599;Žena na Měsíci;1929;81.31868131868131;156.0;https://image.pmgstatic.com/cache/resized/w420/files/images/film/posters/169/408/169408903_siabe7.jpg;https://www.csfd.cz/film/5599-zena-na-mesici/;Německá říše;Drama / Sci-Fi / Dobrodružný;Frau im Mond;První let na Měsíc podnikne šest lidí. Posádku tvoří podivínský profesor, který tvrdí, že na Měsíci našel zlato, a jeho mladý přítel Helius, který sestrojil raketu, jež je má na Měsíc dopravit. Na palubě jsou také hlavní inženýr Windegger s jeho snoubenkou Friede, kterou Helius tajně miluje, zástupce obchodního syndikátu, který chce ovládnout měsíční zlato, a malý chlapec, kterému se podařilo dostat na palubu jako černému pasažérovi. Na Měsíci se posádka pustí do boje o měsíční zlato. Když se rozbije jedna z kyslíkových nádrží, musí jeden člen posádky zůstat, aby ostatní mohli bezpečně odletět zpět na Zemi. Helius zůstane na Měsíci, ale když sleduje start rakety, uvědomí si, že Friede zůstala s ním. V tomto, Langově posledním němém, eposu legendární filmař vypráví příběh o podlém kartelu špionů, kteří se podílejí na experimentální misi na Měsíc v naději, že uloupí rozsáhlé (a do značné míry teoretické) zásoby zlata na této družici Země. Když posádka v čele s Willym Fritschem a Gerdou Maurusovou (oba předtím hráli v Langově Špionech) konečně dosáhne svého nemožného cíle, ocitne se v měsíčním labyrintu beze stěn – kde se emoce rozptýlí a novým cílem se stane přežití. Žena na Měsíci, tento moderní příběh o Daidalovi, který nečekaně předznamenal eminentní válečný zájem Německa o raketovou vědu, je stejně tak varovným signálem před lidskou pýchou jako nadějným obrazem lidského potenciálu. (Film Europe);15.10.1929 ufa;podle knihy, černobílý film, cestování, němý film, putování, vesmír, kosmonauti, Měsíc, expresionismus;Fritz Lang;Willy Fritsch, Gerda Maurus, Gustav von Wangenheim, Fritz Rasp, Karl Platen, Margarete Kupfer, Gerhard Dammann, Gustl Gstettenbaur, Tilla Durieux, Alexa von Porembsky;https://apps.apple.com/cz/app/id6755365206<br>https://play.google.com/store/apps/details?id=cz.csfd.csfdroid<br>;The Saturn Awards (1x)<br>;;Thea von Harbou
13018;Demolition Man;1993;78.64309972213647;110.0;https://image.pmgstatic.com/cache/resized/w420/files/images/film/posters/164/948/164948278_55f5f4.jpg;https://www.csfd.cz/film/13018-demolition-man/;USA;Akční / Komedie / Sci-Fi / Thriller;Demolition Man;"Los Angeles 1996 - policista John Spartan, řečený Demolition Man, v souboji s napůl geniálním, napůl šíleným zločincem Phoenixem způsobí nešťastnou náhodou smrt dvaceti rukojmí v troskách explodujícího domu. Trest je vykonán hibernací - zmrazením na desítky let. Pro Phoenixe za jeho zločin, pro Spartana za neúmyslné zabití... San Angeles 2032 - dokonalé město, plné harmonie, míru a bezpečné telepatické lásky. Jen kdesi v podzemí živoří skupina ""špatných"" lidí, věřících ve svobodný život. Když zločinec jako Phoenix během řízení o podmínečném propuštění (čistě formálním) uprchne do této nenásilné oázy míru, policii nezbývá než přivést k životu i Spartana, aby zachránil celé město.";08.10.1993 Warner Bros. US;muž, smrt, vražda, násilí, policie, zbraně, vyšetřování, vrah, oběť (autonehody/zločinu), pátrání, vzpomínky, rivalita, kolegové, únos, souboje, tragédie, zabijáci, rvačka, konspirace, budoucnost, rukojmí, odboj, policejní stanice, spiknutí, antiutopie, podzemí, kryogenika;Marco Brambilla;Sylvester Stallone, Wesley Snipes, Sandra Bullock, Nigel Hawthorne, Benjamin Bratt, Bob Gunton, Glenn Shadix, Denis Leary, Bill Cobbs, Troy Evans;https://srv.clickfuse.com/ads/adclkr.php?id=100006636&url=https://tv.apple.com/cz/movie/demolition-man/umc.cmc.jsn6se4hotj9e3xc7hpvx0hf<br>https://www.youtube.com/watch?v=tt5S9r9cx70<br>https://srv.clickfuse.com/ads/adclkr.php?id=100006636&url=https://tv.apple.com/cz/movie/demolition-man/umc.cmc.jsn6se4hotj9e3xc7hpvx0hf<br>https://www.youtube.com/watch?v=tt5S9r9cx70<br>https://apps.apple.com/cz/app/id6755365206<br>https://play.google.com/store/apps/details?id=cz.csfd.csfdroid<br>;The Saturn Awards (3x)<br>Golden Raspberry Awards (Razzies) (1x)<br>;;
8365;Vyvolený;2000;78.63384245471188;106.0;https://image.pmgstatic.com/cache/resized/w420/files/images/film/posters/162/298/162298023_5c2472.jpg;https://www.csfd.cz/film/8365-vyvoleny/;USA;Mysteriózní / Thriller / Drama / Sci-Fi;Vyvolený;"K nárazu došlo ve 3 hodiny 15 minut. První plně obsazený vagón byl roztržen na dvě půlky a ty se rozletěly na opačné strany. Druhý vůz urazil ještě po svém rozdrcení čtyři sta stop. Úlomky z trosek vlakové soupravy byly nalezeny až míli od místa nehody. Ze sto osmnácti pasažérů a sedmi členů posádky přežil jediný člověk David Dunn (Bruce Willis) zázračně přežil, ale tragická havárie vlaku přesto změnila jeho život. V čem spočívá tajemství jeho nezranitelnosti? Kým a proč byl vyvolen a obdařen jedinečnou schopností přežít? Odpovědi, které jsou ovšem víc znepokojivé než samotné otázky nabízí tajemný cizinec Elijah Price (Samuel L. Jackson). David patří mezi ""vyvolené"" a jeho život už nikdy nebude stejný jako dřív.";22.11.2000 Buena Vista Pictures US;podle komiksu, vlak, hrdina;M. Night Shyamalan;Bruce Willis, Samuel L. Jackson, Robin Wright, Spencer Treat Clark, Charlayne Woodard, Eamonn Walker, Leslie Stefanson, Laura Regan, Chance Kelly, Michael Kelly;https://srv.tunefindforfans.com/showads/track/srvclk.php?aid=100006796&lp=https://www.disneyplus.com/en-cz/browse/entity-30d2c119-652b-48cb-b840-9626bf612a23<br>https://srv.clickfuse.com/ads/adclkr.php?id=100006636&url=https://tv.apple.com/cz/movie/unbreakable/umc.cmc.1ppfc30pgqhjbuq3ooq1sn5la<br>https://srv.tunefindforfans.com/showads/track/srvclk.php?aid=100006796&lp=https://www.disneyplus.com/en-cz/browse/entity-30d2c119-652b-48cb-b840-9626bf612a23<br>https://srv.clickfuse.com/ads/adclkr.php?id=100006636&url=https://tv.apple.com/cz/movie/unbreakable/umc.cmc.1ppfc30pgqhjbuq3ooq1sn5la<br>https://apps.apple.com/cz/app/id6755365206<br>https://play.google.com/store/apps/details?id=cz.csfd.csfdroid<br>;The Saturn Awards (1x)<br>;;
8387;Invaze lupičů těl;1956;78.96039603960396;80.0;https://image.pmgstatic.com/cache/resized/w420/files/images/film/posters/160/213/160213670_ea7fe9.jpg;https://www.csfd.cz/film/8387-invaze-lupicu-tel/;USA;Horor / Sci-Fi / Thriller;Invaze zlodějů těl;Film se odehrává ve fiktivním městečku Santa Mira a hlavním hrdinou je doktor Bennell (Kevin McCarthy), který se vrátí do svého rodného města a zjistí, že se jeho obyvatelé podivně změnili. Malý chlapec běží po ulici a křičí, že jeho matka už není opravdová, a podobně reagují i jiní. Doktor Bennell brzy objeví příčinu: invazi mimozemšťanů, kteří prostřednictvým kokonů nahrazují lidi jejich bezduchou imitací. (Panavision);05.02.1956 Allied Artists Pictures;podle knihy, muž, černobílý film, město, mimozemšťané, paranoia, apokalypsa, invaze;Don Siegel;Kevin McCarthy, Dana Wynter, Larry Gates, King Donovan, Carolyn Jones, Jean Willes, Ralph Dumke, Virginia Christine, Dabbs Greer, Kenneth Patterson;https://apps.apple.com/cz/app/id6755365206<br>https://play.google.com/store/apps/details?id=cz.csfd.csfdroid<br>;;The Saturn Awards (1x)<br>;Jack Finney
250552;Spider-Man: Secret Wars;1997;85.14285714285714;;//static.pmgstatic.com/assets/images/050b5bad23b8eb0b4f88f971b8f6a168/empty-image.svg;https://www.csfd.cz/film/250552-spider-man-secret-wars/;USA;Animovaný / Sci-Fi / Dobrodružný / Akční;;Film vyprávějící o osudu Spider-Mana, který se dostane na cizí planetu, kde se setkává s Beyonderem, bytostí, která chce zjistit, jestli je dobro silnější než zlo. Svolá proto skupinu největších darebáků ze Země do svého světa a řekne Spider-Manovi, aby dal dohromady skupinu hrdinů v boji proti nim a zachránil planetu. (Paity);;Spider-Man;Bob Richardson;Iona Morris;https://apps.apple.com/cz/app/id6755365206<br>https://play.google.com/store/apps/details?id=cz.csfd.csfdroid<br>;;;
479724;Overwatch: The Last Bastion;2016;85.24271844660194;7.0;https://image.pmgstatic.com/cache/resized/w420/files/images/film/posters/161/732/161732820_aea74a.jpg;https://www.csfd.cz/film/479724-overwatch-the-last-bastion/;USA;Krátkometrážní / Animovaný / Sci-Fi;;;;zbraně, les, ptáci, podle videohry;Ben Dai, Jeff Chamberlain;;https://apps.apple.com/cz/app/id6755365206<br>https://play.google.com/store/apps/details?id=cz.csfd.csfdroid<br>;;;
368671;Captain America: Občanská válka;2016;78.45245936190953;147.0;https://image.pmgstatic.com/cache/resized/w420/files/images/film/posters/160/537/160537572_4c1533.jpg;https://www.csfd.cz/film/368671-captain-america-obcanska-valka/;USA / Německo;Akční / Dobrodružný / Sci-Fi;Captain America: Civil War;Film studia Marvel Captain America: Občanská válka se odehrává v době, kdy Steve Rogers převzal vedení nově zformovaného týmu Avengers, který se nadále snaží chránit lidstvo. Dojde však k dalšímu incidentu, ve kterém sehrají Avengers nešťastnou roli. Politické tlaky vyústí ve vytvoření systému zodpovědnosti vedenému vládní organizací, jež na tým super-hrdinů dohlíží a řídí ho. Nová skutečnost Avengers rozdělí na dva tábory. Jeden vede Steve Rogers, jež hájí svobodu Avengers, aby mohli bránit lidstvo bez vládních zásahů. Druhý vede Tony Stark, který překvapivě zastává myšlenku vládního dohledu a zodpovědnosti. Připravte se vybrat si svou stranu a přidat se k non-stop akci na dvou frontách. (Falcon);06.05.2016 Walt Disney US;přátelství, vražda, politika, manipulace, vězení, podle komiksu, superhrdina, atentát, Marvel Comics, CIA, 3D, ukradená identita, Marvel Cinematic Universe (MCU), Spider-Man, Captain America, Iron Man, Black Widow, Hawkeye, supervoják, Black Panther, Ant-Man, Avengers, Falcon;Anthony Russo, Joe Russo;Chris Evans, Robert Downey Jr., Scarlett Johansson, Sebastian Stan, Anthony Mackie, Don Cheadle, Jeremy Renner, Chadwick Boseman, Paul Bettany, Elizabeth Olsen;https://srv.tunefindforfans.com/showads/track/srvclk.php?aid=100006796&lp=https://www.disneyplus.com/en-cz/browse/entity-2fe7e94e-8b24-4a75-8fc8-969c2a16959e<br>https://srv.clickfuse.com/ads/adclkr.php?id=100006636&url=https://tv.apple.com/cz/movie/captain-america--civil-war/umc.cmc.6gq2ehunu5q6zvh9up3cw2i0d<br>https://www.youtube.com/watch?v=iIY_Wc6G0GQ<br>https://srv.tunefindforfans.com/showads/track/srvclk.php?aid=100006796&lp=https://www.disneyplus.com/en-cz/browse/entity-2fe7e94e-8b24-4a75-8fc8-969c2a16959e<br>https://srv.clickfuse.com/ads/adclkr.php?id=100006636&url=https://tv.apple.com/cz/movie/captain-america--civil-war/umc.cmc.6gq2ehunu5q6zvh9up3cw2i0d<br>https://www.youtube.com/watch?v=iIY_Wc6G0GQ<br>https://apps.apple.com/cz/app/id6755365206<br>https://play.google.com/store/apps/details?id=cz.csfd.csfdroid<br>;Critics Choice Awards (3x)<br>The Saturn Awards (7x)<br>;The Saturn Awards (1x)<br>;Jack Kirby, Joe Simon
286545;Shin Evangelion gekijōban:||;2021;81.76470588235294;154.0;https://image.pmgstatic.com/cache/resized/w420/files/images/film/posters/166/931/166931084_a25f83.jpg;https://www.csfd.cz/film/286545-shin-evangelion-gekijoban/;Japonsko;Animovaný / Drama / Psychologický / Sci-Fi;シン・エヴァンゲリオン劇場版:||;Už je to chvíle od toho, co se Šindži Ikari probral ve světě o čtrnáct let starším, než ho znal. Nedostává pochopení jak na straně svého otce a jeho společnosti NERVE, tak na straně nově vzniklé organizace WILLE, která se proti NERVE snaží bojovat. A ten jediný člověk, kterému se Šindži dokázal otevřít, zemřel přímo před jeho očima. Nyní se utápí v silné depresi a samotný život pro něj už nic neznamená. Když ale zjistí, že se jeho otec snaží spustit další „dopad“, který zničí lidstvo takové, jaké ho známe, bude se muset sám se sebou vyrovnat a pomoct všem svým starým přátelům. (biasim1);08.03.2021 Toho Company;strach, město, zbraně, anime, souboje, válka, armáda, lodě, letadla, postapokalyptická budoucnost, roboti;Hideaki Anno, Kazuja Curumaki, Kacuiči Nakajama;Megumi Ogata, Megumi Hajašibara, Júko Mijamura, Maaja Sakamoto, Kotono Micuiši, Juriko Jamaguči, Akira Išida, Fumihiko Tačiki, Motomu Kijokawa, Tomokazu Seki;https://apps.apple.com/cz/app/id6755365206<br>https://play.google.com/store/apps/details?id=cz.csfd.csfdroid<br>;Florida Film Critics Circle Awards (1x)<br>;;
377465;Rogue One: Star Wars Story;2016;78.36978131212723;133.0;https://image.pmgstatic.com/cache/resized/w420/files/images/film/posters/161/305/161305721_b4b433.jpg;https://www.csfd.cz/film/377465-rogue-one-star-wars-story/;USA;Akční / Dobrodružný / Fantasy / Sci-Fi;Rogue One: A Star Wars Story;Rogue One: Star Wars Story je první z nové série samostatných filmů Lucasfilmu. Vypráví příběh skupiny netradičních hrdinů, kteří se dají dohromady, aby splnili odvážný a zdánlivě nemožný úkol: Ukrást plány Hvězdy smrti. (Falcon);16.12.2016 Walt Disney US;dívka, krádež, agenti, vesmír, roboti, odboj, vesmírná loď, Wilhelm scream, povstání, Star Wars, zbraně hromadného ničení, stíhačky;Gareth Edwards;Felicity Jones, Mads Mikkelsen, Alan Tudyk, Ben Mendelsohn, Diego Luna, Forest Whitaker, Riz Ahmed, James Earl Jones, Jimmy Smits, Warwick Davis;https://srv.tunefindforfans.com/showads/track/srvclk.php?aid=100006796&lp=https://www.disneyplus.com/en-cz/browse/entity-5ec74210-f970-42b7-a39f-8653c0a9eab8<br>https://srv.clickfuse.com/ads/adclkr.php?id=100006636&url=https://tv.apple.com/cz/movie/rogue-one-a-star-wars-story/umc.cmc.5ydra856u0y2hc1ur13qd4xxx<br>https://srv.tunefindforfans.com/showads/track/srvclk.php?aid=100006796&lp=https://www.disneyplus.com/en-cz/browse/entity-5ec74210-f970-42b7-a39f-8653c0a9eab8<br>https://srv.clickfuse.com/ads/adclkr.php?id=100006636&url=https://tv.apple.com/cz/movie/rogue-one-a-star-wars-story/umc.cmc.5ydra856u0y2hc1ur13qd4xxx<br>/film/1178727-disney-gallery-star-wars-boba-fett-zakon-podsveti/prehled/<br>/film/849599-disney-galerie-star-wars-mandalorian/prehled/<br>https://apps.apple.com/cz/app/id6755365206<br>https://play.google.com/store/apps/details?id=cz.csfd.csfdroid<br>;Academy Awards (2x)<br>British Academy of Film and Television Arts (BAFTA) (2x)<br>Florida Film Critics Circle Awards (1x)<br>The Saturn Awards (8x)<br>;The Saturn Awards (3x)<br>;
237198;Pan Nikdo;2009;78.35078009064293;141.0;https://image.pmgstatic.com/cache/resized/w420/files/images/film/posters/000/055/55682_4f6091.jpg;https://www.csfd.cz/film/237198-pan-nikdo/;Kanada / Belgie / Francie / Německo;Drama / Romantický / Fantasy / Sci-Fi;Mr. Nobody;V roce 2092 je Mars prázdninovým rezortem a Nemo Nobody 117letý muž, který je posledním smrtelníkem v době, kdy díky vědeckým poznatkům už nikdo neumírá. Na smrtelné posteli Nemo vzpomíná na své tři životy, které možná prožil se třemi různými ženami.;08.07.2010 Concorde Filmverleih;láska, smrt, vzpomínky, budoucnost, Mars;Jaco Van Dormael;Jared Leto, Diane Kruger, Sarah Polley, Rhys Ifans, Juno Temple, Natasha Little, Toby Regbo, Laurent Capelluto, Ben Mansfield, Thomas Byrne;/tvurce/48968-jackson-rathbone/prehled/<br>https://apps.apple.com/cz/app/id6755365206<br>https://play.google.com/store/apps/details?id=cz.csfd.csfdroid<br>;Venice Film Festival (1x)<br>;European Film Awards (1x)<br>Venice Film Festival (1x)<br>Sitges Film Festival (1x)<br>;
291109;Tom a Jerry ve vesmíru;2010;82.99319727891157;49.0;https://image.pmgstatic.com/cache/resized/w420/files/images/film/posters/164/968/164968228_be5f84.jpg;https://www.csfd.cz/film/291109-tom-a-jerry-ve-vesmiru/;USA;Animovaný / Komedie / Rodinný / Sci-Fi;Tom and Jerry in Space;Divoké eskapády Toma a Jerryho dosahují nových výšin, protože se vydávají tam, kam kočičí ani myší noha dosud nevkročila... do vesmíru! Těchto 7 skvělých animovaných dobrodružství vás nechá putovat mezi planetami, vznášet se v kosmu a potkávat podivné mimozemšťany. Připravte se na hvězdné vzrušení, neboť Tom pokračuje ve svém věčném honu na nejpráskanější myš ve vesmíru, Jerryho. Vezměte celou rodinu na polubu rakety zábavy a připravte se na přistání ve světě plném smíchu!;;;Spike Brandt, Tony Cervone;;http://www.youtube.com/watch?v=1-QoftXvXr4<br>https://apps.apple.com/cz/app/id6755365206<br>https://play.google.com/store/apps/details?id=cz.csfd.csfdroid<br>;;;
7390;Ikarie XB 1;1963;78.38007258330585;88.0;https://image.pmgstatic.com/cache/resized/w420/files/images/film/posters/160/769/160769318_d7b4fb.jpg;https://www.csfd.cz/film/7390-ikarie-xb-1/;Československo;Sci-Fi / Drama / Dobrodružný;Icarus XB 1;Dobrodružná cesta vesmírem v jednom z nejslavnějších českých sci-fi filmů. Na jeho počátku se chodbou kosmické lodi potácí pološílený muž s popálenou tváří. Na obrazovce ho sleduje velitel Abajev a jeho myslí probíhají vzpomínky. V retrospektivě můžete sledovat start kosmické lodi Ikarie XB 1, která se v červnu 2163 vydala se čtyřicetičlennou posádkou do vesmíru, k planetám Alfa Centauri. Čtyři měsíce, během nichž loď urazila polovinu vzdálenosti, proběhly v klidu. Navazovala se přátelství, vznikaly lásky, řešily se běžné pracovní úkoly a mladá astronautka Štefa čeká dítě. Časem se však začala projevovat únava a omrzelost, vznikaly spory a hádky. Oslava 110. narozenin nejstaršího člena posádky Anthonyho Hopkinse byla přerušena poplachem - v dráze Ikarie se objevila cizí kosmická loď. Při jejím průzkumu se ukázalo, že jde o vrak pozemské válečné lodi a nakonec došlo nešťastnou náhodou k výbuchu atomových střel, který oba průzkumníky připravil o život. Během další cesty provedou astronauti Svenson a Michal důležitou opravu na povrchu lodi. Krátce nato se u posádky začne projevovat zvláštní únava a ospalost vyvolaná zářením Temné hvězdy, způsobující útlum biochemických pochodů v živých organismech. To mohlo znamenat zkázu celé výpravy, a proto Abajev odeslal dosavadní výsledky výzkumů pomocnou raketou k Zemi. Přestože měla působnost Tmavé hvězdy trvat šedesát hodin, už po pětadvaceti se posádka probudila, protože mezi Ikarií a Temnou hvězdou se objevilo záhadné ochranné silové pole. Odkud, nikdo nevěděl. U Michala a Svensona se však projevily následky ozáření z opravy na povrchu a zatímco lékař zachraňoval Svensona, Michal se v záchvatu šílenství zabarikádoval na jedné z palub. Tady končí Abajevovy vzpomínky. Po dramatickém pronásledování se MacDonaldovi podaří Michala odzbrojit a vědci mezitím zjistí, že silové pole bylo vyvoláno vysílačem z jedné planety Alfa Centauri. V okamžiku, kdy se Štefě narodí dítě, objeví se na obrazovkách Ikarie fantastické město mimozemšťanů...Film s pracovními názvy Stříbrná kometa a Za dvě stě let koncem června vznikl v roce 1963 a patří mezi nejznámější česká sci-fi díla. Už v době svého vzniku se setkával s příznivými ohlasy kritiků, kteří upozorňovali především na první polovinu, kde nad dramatickým příběhem a technikou budoucnosti převládá popis všedních dní mnohačlenné posádky. Někteří, obzvláště polští recenzenti, zdůrazňovali jeho inspiraci Lemovou knihou K mrakům Magellanovým, ta je však, zvláště v druhé půli, velmi sporná. Za komunistů byl film citován, pouze když se mělo poukázat na fakt, že tu byly všechny celosvětové problémy vyřešeny komunismem. Přestože některé technické postupy a nápady byly později okopírovány a v monstróznější podobě rozvinuty i západními kinematografiemi, je Ikarie připomínána především pro způsob zachycující lidi budoucnosti. Snahu filmařů vyjádřil režisér filmu Jindřich Polák V mnoha utopistických filmech jsou lidé budoucnosti líčeni jako šedivé, nudné figury, bez jakýchkoliv znaků dnešního člověka. My tak k jejich kresbě nepřistupujeme. Lidé budou nadále bojovat o přízeň žen, o uznání, o štěstí, i když samozřejmě v jiné rovině. V hlavních rolích se představí největší hvězdy českého filmu: Zdeněk Štěpánek jako kapitán Vladimír Abajev, Dana Medřická coby Nina Kirová, František Smolík jako Anthony Hopkins, Miroslav Macháček jako Marcel Bernard, Radovan Lukavský jako MacDonald, Otto Lackovič jako Michal, Marcela Martínková jako Štefa a další. Bez zajímavosti není skutečnost, že nákladné dekorace byly využity také v souběžně natáčeném dětském filmu Klaun Ferdinand a raketa, kde si titulní roli zahrál Jiří Vršťala, herec, který v Ikarii ztělesnil postavu Erika Svensona. O čestném postavení filmu v historii české sci-fi svědčí i skutečnost, že byl podle něj v roce 1990 nazván český měsíčník pro sci-fi - Ikarie.;26.07.1963 Ústřední půjčovna filmů;podle knihy, černobílý film, šílenství, vesmír, roboti, vesmírná loď, kosmonauti, atomová bomba, space opera;Jindřich Polák;Zdeněk Štěpánek, Radovan Lukavský, Dana Medřická, Miroslav Macháček, František Smolík, Jiří Vršťala, Svatava Hubeňáková, Otto Lackovič, Jaroslav Mareš, Marcela Martínková;https://srv.clickfuse.com/ads/adclkr.php?id=100006636&url=https://tv.apple.com/cz/movie/icarus-xb-1/umc.cmc.5zuz4ttlz5ys43jw9v3hwo1j4<br>https://srv.clickfuse.com/ads/adclkr.php?id=100006636&url=https://tv.apple.com/cz/movie/icarus-xb-1/umc.cmc.5zuz4ttlz5ys43jw9v3hwo1j4<br>https://apps.apple.com/cz/app/id6755365206<br>https://play.google.com/store/apps/details?id=cz.csfd.csfdroid<br>;;;Stanisław Lem
6723;Šílený Max: Bojovník silnic;1981;78.27769347496206;91.0;https://image.pmgstatic.com/cache/resized/w420/files/images/film/posters/000/006/6151_d0acdb.jpg;https://www.csfd.cz/film/6723-sileny-max-bojovnik-silnic/;Austrálie;Sci-Fi / Akční / Dobrodružný / Thriller;Šílený Max 2;"Jen málo snímků v historii akčních filmů se může rovnat Šílenému Maxovi 2. Nabitý dobrodružstvím, rychlostí i krveprolitím vás vystřelí do světa, kde se post-katastrofická budoucnost setkává s mytologií minulosti. Nebo jednodušeji, jeden z nejúžasnějších kaskadérských filmů vůbec. Před sérií Smrtonosných zbraní a Maverickem (1994) se Mel Gibson proslavil jako Max, osamělý hrdina brázdící australské silnice v nikdy nekončícím pátrání po palivu. Proti němu a hrstce obránců skladu s palivem stojí bizarní válečníci pod vedením Humunguse, který nebere žádné zajatce. Když začne bitva, není cesty zpět, „divoká zábava a fantastický zážitek z filmu."" (Sheila Benson, Los Angeles Times). Se Šíleným Maxem na vaší straně nebude o akci nouze. (Magic Box)";24.12.1981 Warner Bros. AU;muž, smrt, násilí, útěk, zbraně, pomsta, pronásledování, boj o přežití, divočina, gangsteři, gang, samota, přepadení, osamělost, budoucnost, poušť, postapokalyptická budoucnost, hrdina, antiutopie, automobilová honička, Austrálie, ozploitation, carsploitation;George Miller;Mel Gibson, Bruce Spence, Michael Preston, Max Phipps, Vernon Wells, Virginia Hey, Guy Norris, Max Fairchild, Arkie Whiteley, Emil Minty;https://srv.clickfuse.com/ads/adclkr.php?id=100006636&url=https://tv.apple.com/cz/movie/mad-max-2-the-road-warrior/umc.cmc.6eaxo321g6k6dqcgyg00jmrfn<br>https://www.youtube.com/watch?v=D8LzI-AhIoM<br>https://srv.clickfuse.com/ads/adclkr.php?id=100006636&url=https://tv.apple.com/cz/movie/mad-max-2-the-road-warrior/umc.cmc.6eaxo321g6k6dqcgyg00jmrfn<br>https://www.youtube.com/watch?v=D8LzI-AhIoM<br>https://apps.apple.com/cz/app/id6755365206<br>https://play.google.com/store/apps/details?id=cz.csfd.csfdroid<br>;The Saturn Awards (7x)<br>;Los Angeles Film Critics Association Awards (1x)<br>The Saturn Awards (1x)<br>Avoriaz International Fantastic Film Festival (1x)<br>;
42954;Potomci lidí;2006;78.17523948354852;109.0;https://image.pmgstatic.com/cache/resized/w420/files/images/film/posters/158/598/158598948_400b47.jpg;https://www.csfd.cz/film/42954-potomci-lidi/;USA / Velká Británie / Japonsko;Sci-Fi / Drama / Thriller / Dobrodružný;Children of Men;"Planeta Země, rok 2027. Už devatenáct let se nenarodilo jediné dítě. Svět podléhá beznaději a anarchii a po čím dál zoufalejších pokusech o nalezení a odstranění příčiny neplodnosti lidstva už jen čeká na zázrak. Do nedaleké budoucnosti nás ve své temné a šokující vizi uvádí režisér Alfonso Cuarón (Mexická jízda, Harry Potter a vězeň z Azkabanu), který se inspiroval slavnou stejnojmennou sci-fi novelou královny detektivek P. D. James. Díky totalitnímu zřízení dokáže jediná Velká Británie odolávat všeobjímajícímu chaosu. Platí za to sice strašnou cenu - občanská práva jsou velmi okleštěna a občasné pokusy o odpor brutálně potlačovány, ale Theovi (Clive Owen), londýnskému byrokratovi, který už jen pasivně čeká na svůj konec, je to úplně jedno. Ovšem jen do chvíle, než se s pytlem na hlavě ocitne v kufru dodávky a posléze stane tváří v tvář své bývalé lásce Julian (Julianne Moore), která stojí v čele jedné z mnoha odbojových skupin a má pro Thea speciální úkol - zajistit pro jednu z jejích spolubojovnic tranzitní víza a dostat ji bezpečně ze země. Během cesty, jejímž cílem je azyl pod záštitou organizace Human Project, Theo zjišťuje, že jeho chráněnka Kee není obyčejná uprchlice. Naopak - je to člověk, kvůli kterému by byla spousta lidí ochotná vraždit. Je totiž v osmém měsíci těhotenství a představuje kýžený zázrak, na který lidstvo už devatenáct let čeká. Na útěku před anarchisty, kteří by ji rádi zlikvidovali kvůli zachování stávajícího bezvýchodného stavu, a reprezentanty režimu, již by ji rádi zneužili ke svým politickým cílům, se Theo a Kee stávají velmi nejistou, nicméně jedinou nadějí naší civilizace... Režiséra Cuaróna nadchla představa, že by se prostřednictvím filmu zasazeného do blízké budoucnosti mohl vyjadřovat k dnešku. ""To, jak se chováme dnes, výrazně ovlivní podobu naší planety za dvacet let. Vlastně to není sci - fi, ale současný thriller zasazený do roku 2027,"" říká Cuarón. Svět za pár let je sice snímán temnými, syrovými barvami, ale podle režiséra jde spíš o nastolení správné atmosféry než o jeho názor na naši budoucnost. ""Ten film je o tom, že mít naději se vyplatí i v bezvýchodné situaci,"" dodává.";29.09.2006 United International Pictures UK;muž, žena, smrt, přátelství, přátelé, vražda, násilí, dívka, tajemství, policie, strach, město, záhady, útěk, zbraně, vrah, ženy, oběť (autonehody/zločinu), cestování, vzpomínky, vojáci, manipulace, intriky, pronásledování, putování, zrada, les, divočina, válka, dilema, naděje, zabijáci, zranění, těhotenství, podle povídky, chamtivost, přestřelka, teroristé, konspirace, budoucnost, Londýn, příroda, postapokalyptická budoucnost, odboj, iluze, oběť (někomu/něčemu), spiknutí, pokus o vraždu, antiutopie, anarchismus, porod, partyzáni, terorismus, marihuana, slib, teroristický útok, neplodnost;Alfonso Cuarón;Clive Owen, Julianne Moore, Michael Caine, Danny Huston, Charlie Hunnam, Chiwetel Ejiofor, Pam Ferris, Peter Mullan, Clare-Hope Ashitey, Oana Pellea;https://srv.clickfuse.com/ads/adclkr.php?id=100006636&url=https://tv.apple.com/cz/movie/children-of-men/umc.cmc.29nj4u6tuaexxtdi0ofkv58rp<br>https://srv.clickfuse.com/ads/adclkr.php?id=100006636&url=https://tv.apple.com/cz/movie/children-of-men/umc.cmc.29nj4u6tuaexxtdi0ofkv58rp<br>https://apps.apple.com/cz/app/id6755365206<br>https://play.google.com/store/apps/details?id=cz.csfd.csfdroid<br>;Academy Awards (3x)<br>British Academy of Film and Television Arts (BAFTA) (1x)<br>Los Angeles Film Critics Association Awards (1x)<br>New York Film Critics Circle Awards (1x)<br>The Saturn Awards (2x)<br>Venice Film Festival (1x)<br>;British Academy of Film and Television Arts (BAFTA) (2x)<br>Los Angeles Film Critics Association Awards (1x)<br>The Saturn Awards (1x)<br>Venice Film Festival (1x)<br>;P. D. James
303069;Captain America: Návrat prvního Avengera;2014;78.15644136337377;136.0;https://image.pmgstatic.com/cache/resized/w420/files/images/film/posters/158/322/158322751_3fb8b1.jpg;https://www.csfd.cz/film/303069-captain-america-navrat-prvniho-avengera/;USA;Akční / Dobrodružný / Sci-Fi;Captain America: The Winter Soldier;Po katastrofických událostech, které Avengers prožili v New Yorku, žije Steve Rogers neboli Captain America ve filmu Captain America: Návrat prvního Avengera poklidně v ústraní ve Washingtonu, D.C. a snaží se přizpůsobit modernímu světu. Když ale dojde k útoku na jeho kolegu z organizace S.H.I.E.L.D., zaplétá se do pavučiny intrik, které ohrožují celý svět. Společně s Black Widow se Captain America pokouší odhalit stále se prohlubující spiknutí a současně se na každém kroku střetává s profesionálními zabijáky, kteří byli posláni, aby ho umlčeli. Když dojde k odhalení skutečné šíře zákeřného plánu, povolávají Captain America s Black Widow na pomoc svého spojence Falcona. Přesto se brzy ocitají tváří v tvář nečekanému a zdatnému nepříteli – Winter Soldierovi. (Falcon);04.04.2014 Walt Disney US;2. světová válka, podle komiksu, agenti, superhrdina, Marvel Comics, CIA, 3D, období 2010-2020, alternativní historie, Marvel Cinematic Universe (MCU), Captain America, Nick Fury, Black Widow, supervoják, Falcon, Scarlet Witch, Quicksilver, Crossbones, Winter Soldier;Anthony Russo, Joe Russo;Chris Evans, Scarlett Johansson, Samuel L. Jackson, Dominic Cooper, Sebastian Stan, Anthony Mackie, Cobie Smulders, Emily VanCamp, Robert Redford, Hayley Atwell;https://srv.tunefindforfans.com/showads/track/srvclk.php?aid=100006796&lp=https://www.disneyplus.com/en-cz/browse/entity-ef333a5c-b855-4d3e-a7d9-d9e142b6dc7d<br>https://srv.clickfuse.com/ads/adclkr.php?id=100006636&url=https://tv.apple.com/cz/movie/captain-america-the-winter-soldier/umc.cmc.5nqu67oqx22vpun5h4zc2w2lu<br>https://srv.tunefindforfans.com/showads/track/srvclk.php?aid=100006796&lp=https://www.disneyplus.com/en-cz/browse/entity-ef333a5c-b855-4d3e-a7d9-d9e142b6dc7d<br>https://srv.clickfuse.com/ads/adclkr.php?id=100006636&url=https://tv.apple.com/cz/movie/captain-america-the-winter-soldier/umc.cmc.5nqu67oqx22vpun5h4zc2w2lu<br>https://apps.apple.com/cz/app/id6755365206<br>https://play.google.com/store/apps/details?id=cz.csfd.csfdroid<br>;Academy Awards (1x)<br>Critics Choice Awards (2x)<br>The Saturn Awards (11x)<br>;;Joe Simon, Jack Kirby, Ed Brubaker
828130;Rodina na baterky;2021;78.14245978957553;114.0;https://image.pmgstatic.com/cache/resized/w420/files/images/film/posters/170/915/170915996_x4kxiu.jpg;https://www.csfd.cz/film/828130-rodina-na-baterky/;USA;Animovaný / Dobrodružný / Komedie / Rodinný / Sci-Fi / Road movie;The Mitchells vs. the Machines;Nesmírně talentovaná, leč trochu samotářská Katie Mitchellová je přijata na vysokou školu svých snů. Plány na odlet jí však překazí její táta Rick, svérázný milovník přírody, který rozhodne, že spolu se zbytkem rodiny Katie na vysokou školu odvezou, aby se ještě vzájemně naposledy užili. S Katie a Rickem se se na výlet vydává divoce pozitivní mamka Linda, mladší bratr Katie Aaron a roztomile vypasený psík Monchi. Plány Mitchellových však překazí nenadálá vzpoura spotřebičů, neboť všude po světě se proti lidem vzbouří elektronická zařízení, která mají lidé tak rádi, od mobilních telefonu po nejnovější modely osobních robotů. Za pomoci dvou porouchaných, ale za to přátelských robotů, se musí Mitchellovi vypořádat se svými problémy, spojit síly a zachránit svět. (Falcon);Na VOD od 30.04.2021 Netflix;rodina, dívka, útěk, lesby, roboti, vzpoura, umělá inteligence, povstání;Michael Rianda, Jeff Rowe;Abbi Jacobson, Danny McBride, Maya Rudolph, Michael Rianda, Eric André, Olivia Colman, Fred Armisen, Beck Bennett, Chrissy Teigen, John Legend;https://www.netflix.com/title/81399614<br>https://srv.clickfuse.com/ads/adclkr.php?id=100006636&url=https://tv.apple.com/cz/movie/connected/umc.cmc.7e8a5ji53wrnt29s5cv2ttzoe<br>https://www.youtube.com/watch?v=wauylbE9ivI<br>https://www.netflix.com/title/81399614<br>https://srv.clickfuse.com/ads/adclkr.php?id=100006636&url=https://tv.apple.com/cz/movie/connected/umc.cmc.7e8a5ji53wrnt29s5cv2ttzoe<br>https://www.youtube.com/watch?v=wauylbE9ivI<br>https://www.netflix.com/cz/title/81399614<br>https://www.csfd.cz/vod/netflix/<br>https://apps.apple.com/cz/app/id6755365206<br>https://play.google.com/store/apps/details?id=cz.csfd.csfdroid<br>;Academy Awards (1x)<br>British Academy of Film and Television Arts (BAFTA) (1x)<br>Florida Film Critics Circle Awards (1x)<br>;Critics Choice Awards (1x)<br>New York Film Critics Circle Awards (1x)<br>;
387;Číslo 5 žije;1986;78.0816417577515;95.0;https://image.pmgstatic.com/cache/resized/w420/files/images/film/posters/160/504/160504786_6dbe25.jpg;https://www.csfd.cz/film/387-cislo-5-zije/;USA;Komedie / Rodinný / Romantický / Sci-Fi;Číslo 5 žije;Na vojenském cvičení zasáhne nového válečného robota předváděného firmou Nova Robotics blesk, který způsobí zkrat a vzápětí se shodou okolností a náhod dostane ven z přísně střeženého objektu. Šéf bezpečnosti, kapitán Schroeder, okamžitě zahájí pátrání, neboť robot číslo pět nereaguje na signály a chová se velmi podivně. Nepozorovaně se dostane do vozu, jehož majitelkou je sympatická Stephany Specková. Když ho dívka objeví, považuje ho za mimozemšťana a pozve do svého domu. Ráno však zjistí, že jde o robota firmy Nova Robotics a oznámí to řediteli firmy. Robot však nechce být chycen a rozebrán, a tak nasedne do dívčina auta a snaží se ujet...;01.04.1989 Ústřední půjčovna filmů;zbraně, vojáci, roboti, umělá inteligence;John Badham;Ally Sheedy, Steve Guttenberg, Fisher Stevens, Austin Pendleton, G. W. Bailey, Brian McNamara, Marvin J. McIntyre, Robert Krantz, Jack Thompson, Barbara Tarbuck;https://apps.apple.com/cz/app/id6755365206<br>https://play.google.com/store/apps/details?id=cz.csfd.csfdroid<br>;The Saturn Awards (3x)<br>San Sebastián International Film Festival (1x)<br>;;
37898;Sexmise;1984;78.06451612903226;120.0;https://image.pmgstatic.com/cache/resized/w420/files/images/film/posters/162/691/162691177_e0839a.jpg;https://www.csfd.cz/film/37898-sexmise/;Polsko;Sci-Fi / Komedie / Dobrodružný;Seksmisja;"Zatím nejslavnější polská komedie, která se pravidelně vrací i k našim divákům. Hlavní hrdinové, dobrovolníci Max a Albert se po umělém zmrazení těla probouzejí o ""něco"" déle, než jak to plánoval původní vědecký experiment. Jejich šok je dvojnásobný, neboť se ocitli v 21. století, v novém společenství, kde žijí pouze ženy. Muži na Zemi zatím vyhynuli, ženy se staly zcela soběstačnými a ""silnější pohlaví"" je pro ně nepřítelem číslo 1. Max a Albert jsou tak proti své vůli považováni za jakési nepohodlné ""vykopávky"" a hrozí jim to nejhorší: smrt, anebo násilná přeměna v ženy...";14.05.1984;děti, útěk, komunismus, feminismus, experiment, postapokalyptická budoucnost, antiutopie, důl, podzemí, kryogenika;Juliusz Machulski;Olgierd Łukaszewicz, Jerzy Stuhr, Bożena Stryjkówna, Boguslawa Pawelec, Hanna Stankówna, Beata Tyszkiewicz, Ryszarda Hanin, Barbara Ludwiżanka, Mirosława Marcheluk, Hanna Mikuć;https://apps.apple.com/cz/app/id6755365206<br>https://play.google.com/store/apps/details?id=cz.csfd.csfdroid<br>;;;
7404;Zítra vstanu a opařím se čajem;1977;78.00952380952381;93.0;https://image.pmgstatic.com/cache/resized/w420/files/images/film/posters/162/684/162684725_458118.jpg;https://www.csfd.cz/film/7404-zitra-vstanu-a-oparim-se-cajem/;Československo;Komedie / Sci-Fi / Válečný;Zítra vstanu a opařím se čajem;Satirická komedie Zítra vstanu a opařím se čajem režiséra Jindřicha Poláka byla inspirována vědeckofantastickou povídkou Josefa Nesvadby. Ústředním motivem příběhu je pokus několika bývalých nacistů, žijících díky tabletám proti stárnutí v době, kdy je možné překonávat časoprostorové rozdíly, dopravit Hitlerovi vodíkovou bombu a změnit tak dějiny. Film je mimořádně náročný na trikovou stránku, v ději, několikrát se vracejícim z budoucnosti do minulosti a naopak, se setkáváme se stále přibývajícími dvojníky hlavných postav, především však dvojčat Jana a Karla Burešových, představovaných Petrem Kostkou. Jako agilní, ale přesto smolařšti nacisté se představí Jiři Sovák, Vlastimil Brodský a Vladimír Menšík. (Bontonfilm);01.06.1977 Ústřední půjčovna filmů;láska, 20. století, období 1940-1950, 2. světová válka, nacismus, cestování časem, bomba, dvojčata, Adolf Hitler, stroj času;Jindřich Polák;Petr Kostka, Jiří Sovák, Vladimír Menšík, Vlastimil Brodský, Marie Rosůlková, Otto Šimánek, Valerie Chmelová, Slávka Budínová, Josef Větrovec, Zuzana Ondrouchová;https://www.iprima.cz/filmy/zitra-vstanu-a-oparim-se-cajem?utm_source=csfd&utm_medium=section_vod&utm_campaign=link_exchange<br>https://www.iprima.cz/filmy/zitra-vstanu-a-oparim-se-cajem?utm_source=csfd&utm_medium=section_vod&utm_campaign=link_exchange<br>https://apps.apple.com/cz/app/id6755365206<br>https://play.google.com/store/apps/details?id=cz.csfd.csfdroid<br>;;;
290326;Atlas mraků;2012;77.8994276369583;165.0;https://image.pmgstatic.com/cache/resized/w420/files/images/film/posters/162/889/162889123_fa282c.jpg;https://www.csfd.cz/film/290326-atlas-mraku/;USA / Německo / Singapur / Čína / Hongkong;Drama / Mysteriózní / Sci-Fi / Psychologický;Cloud Atlas;Filmová adaptace románu Davida Mitchella vypráví šest žánrově odlišných příběhů, které se odehrávají v různých časech a na různých místech od začátku 19. století až po postapokalytickou budoucnost. Film zobrazuje myšlenku kontinuální propojenosti našeho bytí a především našich činů napříč časem a prostorem, kde všechno má svoji příčinu i následek, smysl, kde se vrahova duše promění ve velkého hrdinu a kde jediný laskavý skutek v přítomnosti vyvolá revoluci v daleké budoucnosti.;31.01.2013 Huaxia Film Distribution;podle knihy, útěk, moře, lodě, hudební skladatel, budoucnost, postapokalyptická budoucnost, odboj, otroctví, reinkarnace, klonování;Lana Wachowski, Tom Tykwer, Lilly Wachowski;Tom Hanks, Halle Berry, Jim Broadbent, Hugo Weaving, Jim Sturgess, Du-na Bae, Ben Whishaw, Keith David, James D'Arcy, Xun Zhou;https://apps.apple.com/cz/app/id6755365206<br>https://play.google.com/store/apps/details?id=cz.csfd.csfdroid<br>;German Film Awards (5x)<br>Český lev (1x)<br>Golden Globes (1x)<br>Critics Choice Awards (2x)<br>The Saturn Awards (3x)<br>;German Film Awards (5x)<br>Critics Choice Awards (1x)<br>The Saturn Awards (2x)<br>;David Mitchell
8036;Tajemství Ocelového města;1978;77.96860282574568;85.0;https://image.pmgstatic.com/cache/resized/w420/files/images/film/posters/162/529/162529090_97d0b0.jpg;https://www.csfd.cz/film/8036-tajemstvi-oceloveho-mesta/;Československo;Dobrodružný / Sci-Fi;The Secret of Steel City;"Fantastický dobrodružný příběh na motivy románu Julese Verna. Před více než sto lety vzrušila svět zpráva o dědictví půl miliardy franků. Jeden z dědiců - doktor Francois Sarrasin - vybudoval město Fortuna pro blaho obyvatel. Druhý - profesor chemie Erik Janus - postavil velkou zbrojní továrnu ve městě, které nazval ""Ocelové"". Sarrasin, znepokojen tímto zbrojením, vysílá do Ocelového města vyjednávače. Současně se tam tajně vydává i Sarrasinův zeť, inženýr Marcel Zodiak. Po příchodu do města se Marcel stane svědkem havárie střely, po jejíž explozi zasažení lidé v několika okamžicích zmrznou. Poprvé se tak setkává s hrozným vynálezem válečného šílence Januse - s dělem, jehož střela ničí vše živé, avšak materiální statky zachovává nezměněny pro útočníka... Film, který v roce 1978 natočil Ludvík Ráža, byl věnován památce Julese Verna, který mnohé znal a předvídal. V ateliéru č. 6 na Barrandově vytvořil architekt Vladimír Labský multifunkční dekoraci, která byla po úpravách využita rovněž při natáčení filmů Panna a netvor, Deváté srdce a Kočičí princ.";V TV od 27.04.1980 Československá televize;podle knihy, vražda, město, syn, útěk, mrtvola, 19. století, novináři, vlak, sirotek, továrna, vynálezce, šílený vědec, diktátor, internátní škola, tajná policie, protiválečný, sabotáž, zbraně hromadného ničení, dvojník;Ludvík Ráža;Jaromír Hanzlík, Martin Růžek, Josef Vinklář, Petr Kostka, Jan Potměšil, Taťjana Medvecká, Tomáš Holý, Josef Somr, Petr Čepek, Vilém Besser;https://www.ceskatelevize.cz/porady/131102-tajemstvi-oceloveho-mesta?utm_source=csfd&utm_medium=section_vod&utm_campaign=link<br>https://www.ceskatelevize.cz/porady/131102-tajemstvi-oceloveho-mesta?utm_source=csfd&utm_medium=section_vod&utm_campaign=link<br>https://apps.apple.com/cz/app/id6755365206<br>https://play.google.com/store/apps/details?id=cz.csfd.csfdroid<br>;;;Jules Verne
223183;Paprika;2006;77.98941798941799;90.0;https://image.pmgstatic.com/cache/resized/w420/files/images/film/posters/000/072/72121_79d63f.jpg;https://www.csfd.cz/film/223183-paprika/;Japonsko;Animovaný / Sci-Fi / Akční / Mysteriózní / Thriller;Paprika;Vstupte do říše fantazie a představ, kde se realita a sny střetávají kaleidoskopickém světě čiré obrazové dokonalosti. Magický příběh se soustřeďuje na převratný přístroj, který vědcům umožňuje vstupovat do lidských snů. Když je přístroj ukraden, neohrožený detektiv a skvělá terapeutka spojují své síly, aby věc získali zpět – dřív než padne do rukou “snových teroristů.” Poutavý animovaný thriller natočil uznávaný režisér Satoshi Kon. (Bontonfilm);25.11.2006 Sony Pictures Entertainment (Japan);podle knihy, žena, tajemství, strach, záhady, vyšetřování, anime, pátrání, sny, doktoři, detektiv, krádež, zloděj, loupež, Japonsko, lékařství, experiment, surrealismus, psychiatrická léčebna, psychiatr, invaze, terapie;Satoši Kon;Megumi Hajašibara, Akio Ócuka, Hidejuki Tanaka, Kóiči Jamadera, Micuo Iwata, Satoši Kon, Jasutaka Cucui, Daisuke Sakaguči, Rikako Aikawa, Anri Kacu;https://www.hbomax.com/cz/en/movies/paprika/b0d0f96d-e8a6-4b50-8409-85c07e3533f1<br>https://srv.clickfuse.com/ads/adclkr.php?id=100006636&url=https://tv.apple.com/cz/movie/paprika/umc.cmc.6i2m8ev8mr7b498w9orw4kiht<br>https://www.youtube.com/watch?v=AhxlKVbwWlI<br>https://www.hbomax.com/cz/en/movies/paprika/b0d0f96d-e8a6-4b50-8409-85c07e3533f1<br>https://srv.clickfuse.com/ads/adclkr.php?id=100006636&url=https://tv.apple.com/cz/movie/paprika/umc.cmc.6i2m8ev8mr7b498w9orw4kiht<br>https://www.youtube.com/watch?v=AhxlKVbwWlI<br>https://apps.apple.com/cz/app/id6755365206<br>https://play.google.com/store/apps/details?id=cz.csfd.csfdroid<br>;Venice Film Festival (1x)<br>;;Jasutaka Cucui
272476;Muto;2008;79.57219251336899;7.0;//static.pmgstatic.com/assets/images/050b5bad23b8eb0b4f88f971b8f6a168/empty-image.svg;https://www.csfd.cz/film/272476-muto/;Argentina;Krátkometrážní / Experimentální / Animovaný / Sci-Fi;Muto;Zvláštní surrealistická animace vytvořená na veřejných zdech uvnitř budov v Badenu a na venkovních zdech Buenos Aires.;;graffiti;Blu;;https://apps.apple.com/cz/app/id6755365206<br>https://play.google.com/store/apps/details?id=cz.csfd.csfdroid<br>;;;
61512;Psí ostrov;2018;77.8610194743003;101.0;https://image.pmgstatic.com/cache/resized/w420/files/images/film/posters/162/535/162535996_66f59b.png;https://www.csfd.cz/film/61512-psi-ostrov/;USA / Německo;Animovaný / Loutkový / Dobrodružný / Komedie / Drama / Sci-Fi / Fantasy;Isle of Dogs;Japonské souostroví, za dvacet let od dnešních dnů. Psí chřipka dosáhla epidemických rozměrů, její ohnisko leží ve městě Megasaki. Hrozí, že přeskočí z psích nositelů na člověka. Starosta Kobayashi vyzývá k okamžité karanténě. Tedy k vyhoštění a izolaci všech toulavých i domácích psů. Oficiálním dekretem se psí exilovou kolonií stává nedaleký ostrov sloužící zatím jako skládka odpadků. Stává se z něj Psí ostrov. O šest měsíců později na této opuštěné skládce nouzově přistává jednomotorový, miniaturní letoun Junior-Turbo Prop. Smečka pěti hladových a divokých psů v jeho troskách objeví dvanáctiletého pilota. Je to Atari, sirotek, jehož pěstounem je právě starosta Kobayashi. Atari s pomocí svých nových psích přátel začne hledat svého ztraceného psa Flíčka a při tom postupně odhalí spiknutí, jehož cílem je likvidace všech psů z města Megasaki. (CinemArt);23.03.2018 Fox Searchlight Pictures US;přátelství, přátelé, chlapec, politika, psi, ostrov, vědci, Japonsko, konspirace, aktivismus, budoucnost, sirotek, roboti, virus, antiutopie, protestní hnutí, lék, stop motion animace, karanténa, deportace;Wes Anderson;Bryan Cranston, Koyu Rankin, Edward Norton, Bill Murray, Jeff Goldblum, Scarlett Johansson, F. Murray Abraham, Tilda Swinton, Bob Balaban, Yoko Ono;https://www.hbomax.com/cz/en/movies/isle-of-dogs/ba0b321e-5f89-4847-9f18-cd2db39492a1<br>https://srv.tunefindforfans.com/showads/track/srvclk.php?aid=100006796&lp=https://www.disneyplus.com/en-cz/browse/entity-a5371d9e-5444-4aac-97ca-1fc0432054bc<br>https://srv.clickfuse.com/ads/adclkr.php?id=100006636&url=https://tv.apple.com/cz/movie/isle-of-dogs/umc.cmc.pz4wxytigxnhfszcrliph225<br>https://www.youtube.com/watch?v=V44b3Hn1PXo<br>https://sledovanitv.cz/epg/event/HBO2:202603045e197f3c73e4fe21d684c14964f987f2<br>https://www.hbomax.com/cz/en/movies/isle-of-dogs/ba0b321e-5f89-4847-9f18-cd2db39492a1<br>https://srv.tunefindforfans.com/showads/track/srvclk.php?aid=100006796&lp=https://www.disneyplus.com/en-cz/browse/entity-a5371d9e-5444-4aac-97ca-1fc0432054bc<br>https://srv.clickfuse.com/ads/adclkr.php?id=100006636&url=https://tv.apple.com/cz/movie/isle-of-dogs/umc.cmc.pz4wxytigxnhfszcrliph225<br>https://www.youtube.com/watch?v=V44b3Hn1PXo<br>https://sledovanitv.cz/epg/event/HBO2:202603045e197f3c73e4fe21d684c14964f987f2<br>https://apps.apple.com/cz/app/id6755365206<br>https://play.google.com/store/apps/details?id=cz.csfd.csfdroid<br>;Academy Awards (2x)<br>British Academy of Film and Television Arts (BAFTA) (2x)<br>Golden Globes (2x)<br>Critics Choice Awards (2x)<br>Florida Film Critics Circle Awards (2x)<br>;Berlinale (Berlin International Film Festival) (1x)<br>;
9497;Matrix Reloaded;2003;77.80047389492606;138.0;https://image.pmgstatic.com/cache/resized/w420/files/images/film/posters/159/989/159989184_8467ed.jpg;https://www.csfd.cz/film/9497-matrix-reloaded/;USA / Austrálie;Akční / Sci-Fi;Matrix Reloaded;Druhé pokračování trilogie Matrix nás opět zavede do temného světa budoucnosti ovládaného stroji. Lidstvo stále trpí v otroctví virtuální reality, z kterého ho může osvobodit jen Vyvolený. Nea s Morpheem a Trinity čeká boj s armádou strojů a jejich arzenálem počítačově nelidských schopností a zbraní. Pokud ale chtějí zastavit zotročování lidstva, není jiná možnost než boj na život a na smrt. Nezbývá jim nic jiného než proniknout hluboko do struktur Matrixu a během 72 hodin objevit a zlikvidovat centrum Zion i s jeho pomocnými jednotkami. Neo ve svých temných nočních můrách vidí, že Trinitiným osudem je smrt. Dokáže se znovu vzepřít osudu a svou mocí zastavit nekonečné útoky strojů? (TV Nova);15.05.2003 Warner Bros. US;žena režisérka, postapokalyptická budoucnost, odboj, antiutopie, podzemí, hacker, virtuální realita, nadvláda počítačů;Lilly Wachowski, Lana Wachowski;Keanu Reeves, Laurence Fishburne, Carrie-Anne Moss, Hugo Weaving, Steve Bastoni, Jada Pinkett Smith, Monica Bellucci, Daniel Bernhardt, Ian Bliss, Collin Chou;https://srv.clickfuse.com/ads/adclkr.php?id=100006636&url=https://tv.apple.com/cz/movie/the-matrix-reloaded/umc.cmc.5b3qv27alugfj95rrag186slh<br>https://www.youtube.com/watch?v=TAIOqUV0OdM<br>https://srv.clickfuse.com/ads/adclkr.php?id=100006636&url=https://tv.apple.com/cz/movie/the-matrix-reloaded/umc.cmc.5b3qv27alugfj95rrag186slh<br>https://www.youtube.com/watch?v=TAIOqUV0OdM<br>https://apps.apple.com/cz/app/id6755365206<br>https://play.google.com/store/apps/details?id=cz.csfd.csfdroid<br>;The Saturn Awards (4x)<br>Golden Raspberry Awards (Razzies) (1x)<br>;;
349572;Marvel One-Shot: Agent Carter;2013;78.12872467222884;15.0;https://image.pmgstatic.com/cache/resized/w420/files/images/film/posters/157/963/157963900_8064ad.jpg;https://www.csfd.cz/film/349572-marvel-one-shot-agent-carter/;USA;Krátkometrážní / Sci-Fi / Akční / Dobrodružný;;Po skončení 2. světové války a ztrátě Stevea Rogerse, známého jako Captain America, je agentka Peggy Carter uklizena mimo terén, kde vykonává nudnou kancelářskou práci za šovinistických poznámek svého nového nadřízeného. To se však změní poté, co Peggy přijme misi, na kterou by si nikdo z jejích kolegů samostatně netroufl. (Psema);;20. století, období 1940-1950, agenti, Marvel Comics, Marvel Cinematic Universe (MCU);Louis D'Esposito;Hayley Atwell, Bradley Whitford, Dominic Cooper, Tim Sitarz, Lindsey Gort, Shane Black, Neal McDonough, Anthony Molinari, Jon Barinholtz;https://apps.apple.com/cz/app/id6755365206<br>https://play.google.com/store/apps/details?id=cz.csfd.csfdroid<br>;;;
368768;Úžasňákovi 2;2018;77.76049766718506;118.0;https://image.pmgstatic.com/cache/resized/w420/files/images/film/posters/162/829/162829490_1d4cf5.jpg;https://www.csfd.cz/film/368768-uzasnakovi-2/;USA;Animovaný / Sci-Fi / Dobrodružný / Akční / Komedie / Rodinný;Incredibles 2;Ve filmu Úžasňákovi 2 se vrací oblíbená rodina superhrdinů. Avšak tentokrát je hlavní hvězdou Helen, zatímco Bob zůstal v domácnosti a pomáhá Violet a Dashovi zvládat každodenní nástrahy „normálního“ života. Pro všechny je to těžká změna, a těžší je o to víc, že si nikdo z rodiny neuvědomuje superschopnosti malého Jack-Jacka. Když se objeví nový padouch, který se chystá uskutečnit ďábelsky geniální plán, tak rodina a Mražoun musí najít způsob, jak se dát zase dohromady a spojit síly – což se lehko řekne a těžko udělá, i když jsou všichni doslova úžasní. (Falcon);15.06.2018 Walt Disney US;rodina, přátelství, děti, rodiče, útěk, chlapec, pomsta, souboje, sláva, superhrdina, motorky, automobilová honička, vrtulník, CGI animace;Brad Bird;Craig T. Nelson, Holly Hunter, Sarah Vowell, Huck Milner, Samuel L. Jackson, John Ratzenberger, Bob Odenkirk, Sophia Bush, Catherine Keener, Brad Bird;https://srv.tunefindforfans.com/showads/track/srvclk.php?aid=100006796&lp=https://www.disneyplus.com/en-cz/browse/entity-9da2c0fb-a380-4180-b67f-006fbaaa89ab<br>https://srv.clickfuse.com/ads/adclkr.php?id=100006636&url=https://tv.apple.com/cz/movie/incredibles-2/umc.cmc.uzvd8mpcpeyggo5ttxyeg58u<br>/novinky/9081-u-disneyho-predstavili-radu-novinek/<br>/novinky/9081-u-disneyho-predstavili-radu-novinek/<br>/novinky/9081-u-disneyho-predstavili-radu-novinek/<br>https://srv.tunefindforfans.com/showads/track/srvclk.php?aid=100006796&lp=https://www.disneyplus.com/en-cz/browse/entity-9da2c0fb-a380-4180-b67f-006fbaaa89ab<br>https://srv.clickfuse.com/ads/adclkr.php?id=100006636&url=https://tv.apple.com/cz/movie/incredibles-2/umc.cmc.uzvd8mpcpeyggo5ttxyeg58u<br>https://apps.apple.com/cz/app/id6755365206<br>https://play.google.com/store/apps/details?id=cz.csfd.csfdroid<br>;Academy Awards (1x)<br>British Academy of Film and Television Arts (BAFTA) (1x)<br>Golden Globes (1x)<br>Critics Choice Awards (1x)<br>Florida Film Critics Circle Awards (1x)<br>Los Angeles Film Critics Association Awards (1x)<br>The Saturn Awards (1x)<br>;;
343881;Výchozí bod;2014;77.75990954205666;107.0;https://image.pmgstatic.com/cache/resized/w420/files/images/film/posters/158/877/158877063_97602c.jpg;https://www.csfd.cz/film/343881-vychozi-bod/;USA;Drama / Sci-Fi / Romantický;I Origins(festivalový název);Oční duhovka je jedinečným znakem každého člověka, je nezaměnitelná a nepřenositelná, stejně jako otisk prstu. Existují systémy, které umí pomocí dvanáctimístných kódů rozpoznávat tuto jedinečnost a využívají se při identifikaci jednotlivých osob. Na letištích, v porodnicích ... Ale co když je to jinak? Film Výchozí bod vypráví příběh Dr. Iana Graye (Michael Pitt), molekulárního biologa, jehož životním tématem je studium evoluce oka. Jeho práce jej zcela pohlcuje až do okamžiku, kdy se na večírku setká s krásnou tajemnou dívkou Sofi (Astrid Berges-Frisbey) a požádá ji, aby si mohl vyfotografovat její nádherné oči. Oproti vědecky racionálnímu a profesionálně skeptickému Ianovi je Sofi tvorem divokým a nespoutaným. Jejich protiklady je k sobě přitahují, jejich vztah je intenzivní a pro Iana i nečekaně vášnivý. Bohužel však končí tragicky. Po drsné životní ráně se Ian ještě více ponoří do své práce. Ta jej plně zaměstnává až do okamžiku, kdy se svou kolegyní Karen (Brit Marling) učiní nečekaný objev, který zpochybní jeho dosud neotřesitelnou víru ve vědu a změní jeho skeptický postoj vůči mystickým a spirituálním silám. Potvrdit či vyvrátit novou teorii, která by postavila na hlavu vše, v co lidstvo doposud věřilo, může jen cesta na druhý konec světa. Ian se rozhodne riskovat vědeckou reputaci a vlastní racionalitu a vydá se na šílenou misi, jež má jen mizivou naději na úspěch. (CinemArt);18.07.2014 Fox Searchlight Pictures US;láska, smrt, manželé, New York, vědci, věda, Indie, laboratoř, reinkarnace, evoluce;Mike Cahill;Michael Pitt, Àstrid Bergès-Frisbey, Brit Marling, Steven Yeun, Archie Panjabi, Cara Seymour, William Mapother, Charles Woods Gray, Rhonda Ayers, Maria Di Angelis;https://srv.clickfuse.com/ads/adclkr.php?id=100006636&url=https://tv.apple.com/cz/movie/i-origins/umc.cmc.45umkv2xewo90chodxlz6hrv3<br>https://www.youtube.com/watch?v=eqaSqu9bfno<br>https://srv.clickfuse.com/ads/adclkr.php?id=100006636&url=https://tv.apple.com/cz/movie/i-origins/umc.cmc.45umkv2xewo90chodxlz6hrv3<br>https://www.youtube.com/watch?v=eqaSqu9bfno<br>https://apps.apple.com/cz/app/id6755365206<br>https://play.google.com/store/apps/details?id=cz.csfd.csfdroid<br>;The Saturn Awards (1x)<br>Tallinn Black Nights Film Festival (1x)<br>;Sundance Film Festival (1x)<br>Sitges Film Festival (1x)<br>;
9083;451° Fahrenheita;1966;77.87623404767638;112.0;https://image.pmgstatic.com/cache/resized/w420/files/images/film/posters/162/474/162474694_083e07.jpg;https://www.csfd.cz/film/9083-451-fahrenheita/;Velká Británie;Sci-Fi / Drama;451 stupňů Fahrenheita;Nejprodávanější mistrovský sci-fi román Raye Bradburyho nabírá v této filmové klasice režiséra Francoise Truffauta až mrazivě realistický rozměr. Snímek 451 stupňů Fahrenheita vykresluje svět budoucnosti, v němž represivní vláda kontroluje veřejné mínění tím, že zakazuje literaturu. Zavedený řád pomáhá udržovat skupina dohlížitelů, takzvaných hasičů, jež provádí nezbytné pálení knih. Příběh se soustřeďuje na Guye Montaga, hasiče, který pochybuje nejen o své funkci, ale také o etice utlačované a despotické společnosti, v níž žije. Guy je fascinován světem knih a brzy se zamiluje do mladé členky undergroundového proliterárního hnutí i do literatury samotné... (Cinemax);;podle knihy, budoucnost, kniha, diktatura, odboj, antiutopie, hasiči, francouzská nová vlna;François Truffaut;Oskar Werner, Julie Christie, Cyril Cusack, Anton Diffring, Ann Bell, Mark Lester, Eric Mason, Denis Gilmore, Michael Balfour, David Glover;https://apps.apple.com/cz/app/id6755365206<br>https://play.google.com/store/apps/details?id=cz.csfd.csfdroid<br>;British Academy of Film and Television Arts (BAFTA) (1x)<br>Venice Film Festival (1x)<br>;;Ray Bradbury
224182;Já, legenda;2007;77.72113132768871;101.0;https://image.pmgstatic.com/cache/resized/w420/files/images/film/posters/158/604/158604571_0329af.jpg;https://www.csfd.cz/film/224182-ja-legenda/;USA;Drama / Sci-Fi / Thriller / Horor;I Am Legend;Robert Neville je sice špičkový vědec, ale ani on nedokázal zabránit šíření nebezpečného viru, který byl vyvinut lidmi a nedá se léčit. Neville je z neznámého důvodu vůči viru imunní a jako jediný příslušník lidského rodu žije v troskách New York City. Možná je dokonce posledním žijícím člověkem na planetě. Už tři roky, den co den, vysílá do éteru svou zprávu a hledá další přeživší. Neville však není úplně sám. Ze stínů jej pozorují zmutované oběti celosvětové pandemie, kteří sledují každý jeho krok a čekají, až udělá osudovou chybu. Nevillea, který je dost možná jedinou nadějí celého světa, drží při životě jediná myšlenka: zvrátit dopad viru tím, že ze své krve vyrobí lék. Stojí však sám proti zbytku světa a čas hraje proti němu...;14.12.2007 Warner Bros. US;podle knihy, žena, rodina, smrt, násilí, otec, děti, rodiče, strach, mládež, zbraně, zvířata, pátrání, putování, boj o přežití, mrtvola, nemoc, bolest, smutek, trauma, dilema, tragédie, psi, umírání, monstra, New York, střelné zbraně, šílenství, zoufalství, paranoia, samota, osamělost, střelba, budoucnost, upíři, experiment, postapokalyptická budoucnost, pochyby, vztek, lov, výbuch, virus, noc, antiutopie, psychika, past, samopal, pandemie, destrukce, epidemie, ničení, infekce, ulice, lék, izolace, tma, lovci, nákaza, granát;Francis Lawrence;Will Smith, Alice Braga, Charlie Tahan, Salli Richardson-Whitfield, Willow Smith, Darrell Foster, April Grace, Dash Mihok, Steve Cirbus, Emma Thompson;https://srv.clickfuse.com/ads/adclkr.php?id=100006636&url=https://tv.apple.com/cz/movie/i-am-legend/umc.cmc.1kr3mx77zugo9t4qfaiw1t8bw<br>https://www.youtube.com/watch?v=wyNEza0suBE<br>https://srv.clickfuse.com/ads/adclkr.php?id=100006636&url=https://tv.apple.com/cz/movie/i-am-legend/umc.cmc.1kr3mx77zugo9t4qfaiw1t8bw<br>https://www.youtube.com/watch?v=wyNEza0suBE<br>https://apps.apple.com/cz/app/id6755365206<br>https://play.google.com/store/apps/details?id=cz.csfd.csfdroid<br>;The Saturn Awards (1x)<br>;The Saturn Awards (1x)<br>;Richard Matheson
275420;Gravitace;2013;77.69468697388513;91.0;https://image.pmgstatic.com/cache/resized/w420/files/images/film/posters/157/925/157925758_5e4968.jpg;https://www.csfd.cz/film/275420-gravitace/;USA / Velká Británie;Drama / Thriller / Sci-Fi;Gravity;Sandra Bullock ve filmu hraje doktorku Ryan Stone, skvělou lékařku – inženýrku na její první vesmírné misi. George Clooney ztvárnil vesmírného veterána Matta Kowalskyho, který velí svému poslednímu letu před odchodem do důchodu. Jenže během zdánlivě rutinní výpravy do kosmu dojde ke katastrofě. Loď je zničená a Stone a Kowalsky zůstanou ve vesmíru sami, odkázáni jeden na druhého a směřujíc dál do temného vesmíru. Hluboké ticho dává oběma jasně najevo, že ztratili jakékoli spojení se Zemí... a tím i jakoukoli šanci na záchranu. Strach se pomalu mění v paniku, zejména když si oba uvědomí, jak málo kyslíku jim zbývá. Přitom paradoxně jediný možný způsob návratu je pokračování v cestě do hlubokého vesmíru.;08.11.2013 Warner Bros. UK;strach, boj o přežití, naděje, nehoda, vesmír, vesmírná loď, kosmonauti, vesmírná stanice, NASA, vesmírná nehoda;Alfonso Cuarón;Sandra Bullock, George Clooney, Ed Harris, Paul Sharma, Amy Warren, Orto Ignatiussen, Basher Savage;https://srv.clickfuse.com/ads/adclkr.php?id=100006636&url=https://tv.apple.com/cz/movie/gravity/umc.cmc.6drvg8zg02248k7sipdbwicgh<br>https://www.youtube.com/watch?v=WEw3j7jWtm0<br>https://srv.clickfuse.com/ads/adclkr.php?id=100006636&url=https://tv.apple.com/cz/movie/gravity/umc.cmc.6drvg8zg02248k7sipdbwicgh<br>https://www.youtube.com/watch?v=WEw3j7jWtm0<br>https://apps.apple.com/cz/app/id6755365206<br>https://play.google.com/store/apps/details?id=cz.csfd.csfdroid<br>;Academy Awards (3x)<br>British Academy of Film and Television Arts (BAFTA) (5x)<br>César Awards (1x)<br>Amanda Awards (1x)<br>AACTA International Awards (1x)<br>Golden Globes (3x)<br>Critics Choice Awards (3x)<br>Florida Film Critics Circle Awards (1x)<br>New York Film Critics Circle Awards (2x)<br>The Saturn Awards (4x)<br>;Academy Awards (7x)<br>British Academy of Film and Television Arts (BAFTA) (6x)<br>Robert Awards (Danish Film Awards) (1x)<br>AACTA International Awards (2x)<br>Golden Globes (1x)<br>Critics Choice Awards (7x)<br>Florida Film Critics Circle Awards (2x)<br>Los Angeles Film Critics Association Awards (4x)<br>The Saturn Awards (5x)<br>Venice Film Festival (1x)<br>;
286594;Avatar: Oheň a popel;2025;77.76357827476039;195.0;https://image.pmgstatic.com/cache/resized/w420/files/images/film/posters/170/879/170879624_4pcoj1.jpg;https://www.csfd.cz/film/286594-avatar-ohen-a-popel/;USA;Akční / Dobrodružný / Sci-Fi / Fantasy / Drama;Avatar: Fire and Ash;Příběh Ohně a popela začíná pouhých několik týdnů po událostech The Way of Water. Sullyho rodina žije na útesech společně s komunitou klanu Metkayina a snaží se vyrovnat se smrtí nejstaršího syna Neteyama. Každý z rodinných příslušníků se se ztrátou vyrovnává po svém. Jake, Neytiri, Lo’ak, Kiri, Tuk i Spider mají vlastní způsoby, jak zármutek zpracovat. Spider se například se životem v komunitě Metkayina sžívá jen velmi obtížně, což nakonec vede rodinu k uvědomění, že s nimi již nemůže nadále žít pohromadě. Cesty všech protagonistů se tak rozcházejí a divák společně s nimi objevuje nová zákoutí Pandory, daleko od důvěrně známých útesů. S novými regiony vyvstávají na povrch také nová morální dilemata. Sullyovi během svých cest narazí na klan Tlalim, jehož příslušníci jsou známí také jako Větrní obchodníci. Ti žijí jako nomádi a napříč Pandorou cestují v obrovských vzdušných karavanách. Základem jejich společnosti je mírumilovný způsob života a orientace na budoucnost, což sdílejí se zdánlivě nesourodou kulturou klanu Na’vi. Tato překvapivá harmonie ale dlouho nevydrží – naruší ji příslušníci klanu Mangkwan, též známí jako Popeloví lidé. (Falcon);19.12.2025 20th Century Studios;rodina, otec, matka, dcera, syn, útěk, zbraně, pomsta, sourozenci, vojáci, pronásledování, únos, souboje, moře, smutek, nenávist, armáda, střelné zbraně, mimozemšťané, oceán, vesmír, ekologie, domorodé kmeny, příroda, bitva, lov, výbuch, požár, oheň, destrukce, vykořisťování, truchlení, mimozemská planeta;James Cameron;Sam Worthington, Zoe Saldaña, Sigourney Weaver, Stephen Lang, Oona Chaplin, Kate Winslet, Cliff Curtis, Joel David Moore, CCH Pounder, Edie Falco;https://apps.apple.com/cz/app/id6755365206<br>https://play.google.com/store/apps/details?id=cz.csfd.csfdroid<br>;Academy Awards (2x)<br>Golden Globes (2x)<br>The Saturn Awards (7x)<br>;British Academy of Film and Television Arts (BAFTA) (1x)<br>Critics Choice Awards (1x)<br>Florida Film Critics Circle Awards (1x)<br>The Saturn Awards (5x)<br>;
220919;Transformers;2007;77.65277924588133;144.0;https://image.pmgstatic.com/cache/resized/w420/files/images/film/posters/000/047/47569_cfdf01.jpg;https://www.csfd.cz/film/220919-transformers/;USA;Akční / Sci-Fi / Thriller / Komedie / Dobrodružný;Transformers;Transformers patří k nejúspěšnějším hračkám v historii. Roboti, kteří se dokážou přetransformovat v libovolný dopravní prostředek, jsou populární natolik, že se stali hrdiny akčního animovaného seriálu. Mohli by ale být také předlohou pro hraný celovečerní akční film? Pochybnosti hravě rozmetají dva argumenty – úspěšné snímky se v současnosti natáčejí podle mnohem podivnějších námětů (třeba podle atrakcí v zábavních parcích, viz Piráti z Karibiku) a Transformers se navíc mohou opřít o dva velikány světového filmu, produkujícího Stevena Spielberga a režírujícího Michaela Baye (Mizerové 1 + Mizerové 2, Skála, Armageddon). Ti dva mají dostatečný kredit na to, aby se z projektu, který by jinak doprovázely pochyby, stal jeden ze nejočekávanějších filmů léta... Prakticky odnepaměti ve vesmíru kolem nás zuří válka dvou vyspělých mimozemských civilizaci, „hodných“ Autobots a „zlých“ Decepticons. Dosud se nám vyhýbala, ale když tito vyspělí mechanoidi objeví na Zemi zdroj energie, jehož ovládnutí může jedné či druhé straně přinést konečné vítězství, promění se naše planeta v peklo na zemi (nebo spíš ve vesmíru). Jejich invazi prožíváme společně s teenagerem Samem (Shia LaBeouf), kterého doposud trápila pouze škola, absence pořádné káry a slečna jménem Mikaela (Megan Fox), jež dává přednost jeho spolužákům. Ve chvíli, kdy se v televizi objeví první zprávy o ničivých robotech, začne mít o jeden problém navíc. Je to právě on, kdo nevědomky ukrývá klíč k onomu životně důležitému energetickému zdroji, proto má nárok na první místo na seznamu ohrožených druhů. Hned za ním figuruje zbytek naší civilizace… Spojením Stevena Spielberga s Michaelem Bayem vznikl z dětské hračky silný epický příběh, který úspěšně kombinuje dramatičnost Války světů s diváckou vstřícností Dne nezávislosti. Přestože příběhu dominují velkolepé akční sekvence, o které se starali mistři oboru, specialisté z trikového studia George Lucase Industrial Light and Magic, je v něm dostatek prostoru i pro humor a pro originální zápletku. „Nejdůležitější bude přesvědčit lidi o tom, že film, který se inspiroval dětskou hračkou, může být pro dospělé. Stačí ale pár vteřin libovolné akční sekvence a vaše předsudky budou ty tam,“ tvrdí producent filmu Lorenzo di Bonaventura. (Magic Box);03.07.2007 Paramount Pictures;láska, rodina, přátelství, dívka, rodiče, policie, chlapec, zbraně, vojáci, válka, agenti, mimozemšťané, vesmír, letadla, roboti, invaze, rychlá auta, Wilhelm scream, tajná policie, hacker;Michael Bay;Shia LaBeouf, Megan Fox, Josh Duhamel, Tyrese Gibson, Rachael Taylor, Anthony Anderson, Jon Voight, John Turturro, Kevin Dunn, Amaury Nolasco;https://www.netflix.com/title/70058026<br>https://www.hbomax.com/cz/en/movies/transformers/f6a59690-8d9d-4c32-bc8b-4609f64457cd<br>https://srv.clickfuse.com/ads/adclkr.php?id=100006636&url=https://tv.apple.com/cz/movie/transformers/umc.cmc.3fcj93vxd6o4wdku85sawi7in<br>https://www.youtube.com/watch?v=xDbnHoyyNWA<br>https://www.netflix.com/title/70058026<br>https://www.hbomax.com/cz/en/movies/transformers/f6a59690-8d9d-4c32-bc8b-4609f64457cd<br>https://srv.clickfuse.com/ads/adclkr.php?id=100006636&url=https://tv.apple.com/cz/movie/transformers/umc.cmc.3fcj93vxd6o4wdku85sawi7in<br>https://www.youtube.com/watch?v=xDbnHoyyNWA<br>https://apps.apple.com/cz/app/id6755365206<br>https://play.google.com/store/apps/details?id=cz.csfd.csfdroid<br>;Academy Awards (3x)<br>The Saturn Awards (1x)<br>Golden Raspberry Awards (Razzies) (1x)<br>;The Saturn Awards (1x)<br>;
20300;Lilo & Stitch;2002;77.63788827211528;85.0;https://image.pmgstatic.com/cache/resized/w420/files/images/film/posters/164/960/164960804_5ce1e6.jpg;https://www.csfd.cz/film/20300-lilo-stitch/;USA;Dobrodružný / Komedie / Drama / Animovaný / Rodinný / Sci-Fi;Lilo & Stitch;"Animovaná komedie Lilo a Stitch je příběh malé dívky, která se setká s nejvíce hledaným mimozemšťanem v celé galaxii. Lilo je roztomilá dívka z Havaje, která adoptuje maličkého ošklivého pejska, kterého pojmenuje Stitch. Stitch by byl dokonalý domácí mazlíček, kdyby ovšem ve skutečnosti nebyl genetický experiment, který utekl z cizí planety a neztroskotal na Zemi. Svou láskou, vírou a neochvějnou vírou v ""ohana"" (havajské pojetí rodiny) pomůže Lilo Stitchovi otevřít srdce a dá mu něco, co mu nebylo dáno - schopnost mít starost o druhé.";21.06.2002 Buena Vista Pictures US;láska, rodina, přátelství, přátelé, dívka, děti, dospívání, kamarádi, sestry, vědci, mimozemšťané, vesmír, sirotek, vědec, vesmírná loď, dětství, Havaj;Dean DeBlois, Chris Sanders;Chris Sanders, Daveigh Chase, Tia Carrere, Ving Rhames, David Ogden Stiers, Jason Scott Lee, Amy Hill, Steve Blum, Rodger Bumpass, Bob Bergen;https://srv.tunefindforfans.com/showads/track/srvclk.php?aid=100006796&lp=https://www.disneyplus.com/en-cz/browse/entity-e291d4ea-cd86-4eb2-9f39-20d2b75165ee<br>https://srv.clickfuse.com/ads/adclkr.php?id=100006636&url=https://tv.apple.com/cz/movie/lilo--stitch/umc.cmc.6nwdu0slhb1fb9jqz3ju5cnrb<br>https://srv.tunefindforfans.com/showads/track/srvclk.php?aid=100006796&lp=https://www.disneyplus.com/en-cz/browse/entity-e291d4ea-cd86-4eb2-9f39-20d2b75165ee<br>https://srv.clickfuse.com/ads/adclkr.php?id=100006636&url=https://tv.apple.com/cz/movie/lilo--stitch/umc.cmc.6nwdu0slhb1fb9jqz3ju5cnrb<br>http://disney.go.com/disneyvideos/animatedfilms/liloandstitch/index.html<br>https://apps.apple.com/cz/app/id6755365206<br>https://play.google.com/store/apps/details?id=cz.csfd.csfdroid<br>;Academy Awards (1x)<br>Critics Choice Awards (1x)<br>The Saturn Awards (1x)<br>;Los Angeles Film Critics Association Awards (1x)<br>;
61779;"Steins;Gate: Ōkōbakko no Poriomania";2012;81.625;25.0;https://image.pmgstatic.com/cache/resized/w420/files/images/film/posters/160/177/160177753_a895d3.jpg;https://www.csfd.cz/film/61779-steins-gate-okobakko-no-poriomania/;Japonsko;Animovaný / Sci-Fi;シュタインズ ゲート 横行跋扈のポリオマニア;"Několik měsíců po událostech seriálu Steins;Gate jsou Okarin a jeho přátelé pozváni, aby se spolu s Faris NyanNyan, která se zde má účastnit velkého turnaje ve hře „Rai-Net“, vydali do Ameriky. Tam se setkávají s bývalou kolegyní – Makise Kurisu, která se Okabemu svěří, že si ve svých snech vybavuje roztříštěné vzpomínky na události, které se staly v jiných světových liniích, a není si jistá, zda jsou skutečné. (cesmine)";;anime;Hiroši Hamasaki, Takuja Sató, Tomoki Kobajaši;Mamoru Mijano, Tomokazu Seki, Asami Imai, Kana Hanazawa, Haruko Momoi, Saori Gotó, Masaki Terasoma, Jú Kobajaši, Jukari Tamura, Ajano Jamamoto;https://apps.apple.com/cz/app/id6755365206<br>https://play.google.com/store/apps/details?id=cz.csfd.csfdroid<br>;;;
272791;Já jsem tady;2010;77.9532967032967;32.0;https://image.pmgstatic.com/cache/resized/w420/files/images/film/posters/162/012/162012460_6feb1f.jpg;https://www.csfd.cz/film/272791-ja-jsem-tady/;USA;Krátkometrážní / Romantický / Drama / Sci-Fi;I'm Here;Před ní byl život snadný, rutinní, ale prázdný. Čekání na autobus ráno do práce, čekání na autobus večer z práce, dobití potřebné energie, spánek. Pak přišla ona a jeho svět se změnil, a nebylo nic, co by pro ni nebyl ochoten udělat. (3DD!3);;roboti;Spike Jonze;Andrew Garfield, Daniel London, Lyle Kanouse, Michael Berry Jr., Richard Penn;https://apps.apple.com/cz/app/id6755365206<br>https://play.google.com/store/apps/details?id=cz.csfd.csfdroid<br>;;;
240972;Superman II: Verze Richarda Donnera;2006;78.0064829821718;115.0;https://image.pmgstatic.com/cache/resized/w420/files/images/film/posters/159/623/159623740_3cbed7.jpg;https://www.csfd.cz/film/240972-superman-ii-verze-richarda-donnera/;Velká Británie / USA;Akční / Dobrodružný / Sci-Fi / Drama;Superman II: The Richard Donner Cut;Dokud neuvidíte tento film, nemůžete říct, že jste viděli všechny filmy o Supermanovi! Superman II v hlavní roli s Christopherem Reevem se vrací s úvodem a závěrem, který jste dosud neviděli. Režisér Richard Donner začal točit Supermana II už během filmování Supermana a jeho unikátní vize se zjevuje až nyní. Jor-El (Marlon Brando v nedávno nalezených záběrech) se tu objevuje v klíčových nových scénách, které umocňují Supermanovu legendu a prohlubují vztah mezi otcem a synem. Lois Laneová (Margot Kidder) spřádá víc plánů, jak odhalit Clarka Kenta jako Supermana. Tato verze, přinášející celou řadu velkých i menších změn, představuje zcela novou diváckou zkušenost. (Magic Box);Na Blu-ray od 22.06.2011 Magic Box;podle komiksu, superhrdina, DC Comics, Superman, Lex Luthor;Richard Donner, Richard Lester;Christopher Reeve, Gene Hackman, Margot Kidder, Terence Stamp, Ned Beatty, Sarah Douglas, Jack O'Halloran, Marlon Brando, Valerie Perrine, Jackie Cooper;https://www.youtube.com/watch?v=AhzH5G6YrNM<br>https://www.youtube.com/watch?v=AhzH5G6YrNM<br>https://apps.apple.com/cz/app/id6755365206<br>https://play.google.com/store/apps/details?id=cz.csfd.csfdroid<br>;The Saturn Awards (1x)<br>;The Saturn Awards (2x)<br>;Jerry Siegel, Joe Shuster
124513;Tvář toho druhého;1966;79.40119760479043;124.0;https://image.pmgstatic.com/cache/resized/w420/files/images/film/posters/160/805/160805684_d7d125.jpg;https://www.csfd.cz/film/124513-tvar-toho-druheho/;Japonsko;Drama / Sci-Fi;Tanin no kao;Pan Okuyama je uznávaný vědec, jehož tvář je jednoho dne při nehodě v práci zdeformována. Ačkoli jej jeho manželka stále respektuje a zaměstnavatel nevidí důvod, proč by měl opouštět své místo, Okuyama se nemůže ubránit pocitu, že se kvůli jeho znetvořené tváři skryté v obvazech jeho okolí přetvařuje. Chybí mu doby, kdy se mohl vydat do společnosti a nebyl středem nechtěné pozornosti. Proto se na doporučení psychiatra podrobuje experimentu. Je mu vytvořena maska, která je po nasazení neroznatelná od lidského obličeje. S maskou se může procházet po ulici nebo posedět v baru bez toho, aby si na něj lidé ukazovali prstem, ale Okuyamu trápí, proč tomu tak nemůže být i bez masky. Nakonec se nechává zlákat možnostmi, které mu maska skýtá a uchyluje se k morálně nepřijatelným činům. (Sesshoumaru);;muž, žena, 20. století, Japonsko, předsudky, období 1960-1970, japonská nová vlna;Hiroši Tešigahara;Tacuja Nakadai, Kjóko Kišida, Eidži Okada, Mačiko Kjó, Minoru Čiaki, Tóru Takemicu, Ecuko Ičihara, Mikidžiró Hira, Kunie Tanaka, Bibari Maeda;https://apps.apple.com/cz/app/id6755365206<br>https://play.google.com/store/apps/details?id=cz.csfd.csfdroid<br>;;;Kóbó Abe
47148;La Lune à un mètre;1898;79.28994082840237;3.0;//static.pmgstatic.com/assets/images/050b5bad23b8eb0b4f88f971b8f6a168/empty-image.svg;https://www.csfd.cz/film/47148-la-lune-a-un-metre/;Francie;Komedie / Sci-Fi / Krátkometrážní;Le Rêve d'un astronome;Krátkometrážny film o tom, ako bádajúci astrológ zaspí a do sna sa mu vblúdi sudička, prinášajúca mu to, po čom najviac túži. Do sna sa mu teda dostáva vytúžený mesiac, ktorý má konečne na dosah a tak ho môže bližšie spoznať. V bláznivom sne o mesiaci mu ale začne robiť šarapatu čert... (T2);;černobílý film, Měsíc;Georges Méliès;;http://www.youtube.com/watch?v=0IE6GFvuoQ0<br>https://apps.apple.com/cz/app/id6755365206<br>https://play.google.com/store/apps/details?id=cz.csfd.csfdroid<br>;;;
135406;Svěrací kazajka;2005;77.38761935414655;99.0;https://image.pmgstatic.com/cache/resized/w420/files/images/film/posters/000/074/74059_ca364e.jpg;https://www.csfd.cz/film/135406-sveraci-kazajka/;USA / Německo;Fantasy / Mysteriózní / Sci-Fi / Thriller;The Jacket;Dvě velké hvězdy současnosti Adrien Brody (Oscar za Pianistu) a Keira Knightley (Piráti z Karibiku, Láska nebeská, Král Artuš) se potkají v thrilleru, pod kterým jsou producentsky podepsaní Georgie Clooney a Steven Soderbergh. Hlavní hrdina Jack Stars (Brody), veterán z války v Perském zálivu, je neprávem obviněn z vraždy. Sled událostí uvrhne Jacka do péče psychiatrů v rodném Vermontu. Pod vlivem experimentálních léků a moderní psychiatrie uvidí, že může cestovat v prostoru a čase. Na jedné ze svých výprav do budoucnosti odhalí svou nadcházející smrt;04.03.2005 Warner Bros. US;křivé obvinění, cestování časem, psychiatrická léčebna;John Maybury;Adrien Brody, Keira Knightley, Kris Kristofferson, Jennifer Jason Leigh, Kelly Lynch, Brad Renfro, Daniel Craig, Steven Mackintosh, Brendan Coyle, Colin Stinton;/tvurce/48968-jackson-rathbone/prehled/<br>https://apps.apple.com/cz/app/id6755365206<br>https://play.google.com/store/apps/details?id=cz.csfd.csfdroid<br>;The Saturn Awards (1x)<br>;;
214014;Final Fantasy VII: Advent Children;2005;77.39387539598732;101.0;https://image.pmgstatic.com/cache/resized/w420/files/images/film/posters/159/497/159497658_ed2698.jpg;https://www.csfd.cz/film/214014-final-fantasy-vii-advent-children/;Japonsko;Animovaný / Akční / Fantasy / Sci-Fi;Final Fantasy VII: Advent Children;Dva roky uplynuly od chvíle, kdy se trosky Midgaru staly svědectvím obětí přineseným za nastolení míru. Svět však bude brzy čelit nové hrozbě. Rychle se šíří záhadná choroba. Staří nepřátelé jsou znovu na nohou. A Cloud, který opustil život hrdiny a chtěl žít v samotě, se jim musí ještě jednou postavit...Velkolepý celovečerní film zpracovaný s absolutním mistrovstvím! Film je pokračováním dějové linie mimořádně úspěšné hry Final Fantasy VII pro PlayStation.;Na Blu-ray od 07.12.2009 Bontonfilm;přátelé, anime, souboje, bratři, monstra, postapokalyptická budoucnost, sirotek, hrdina, motorky, podle videohry, epidemie, CGI animace;Tecuja Nomura, Takeshi Nozue;Ajumi Itó, Maaja Sakamoto, Sumire Morohoši, Džun'iči Suwabe, Ken'iči Suzumura, Masahiro Kobajaši, Tošijuki Morikawa, Masačika Ičimura, Hideo Išikawa, Takahiro Sakurai;https://srv.clickfuse.com/ads/adclkr.php?id=100006636&url=https://tv.apple.com/cz/movie/final-fantasy-vii-advent-children/umc.cmc.609yj8qhyji62km72k83gwl7u<br>https://srv.clickfuse.com/ads/adclkr.php?id=100006636&url=https://tv.apple.com/cz/movie/final-fantasy-vii-advent-children/umc.cmc.609yj8qhyji62km72k83gwl7u<br>https://apps.apple.com/cz/app/id6755365206<br>https://play.google.com/store/apps/details?id=cz.csfd.csfdroid<br>;;;
326981;Plurality;2012;78.07427785419533;14.0;https://image.pmgstatic.com/cache/resized/w420/files/images/film/posters/043/952/43952117_671bae.jpg;https://www.csfd.cz/film/326981-plurality/;USA;Krátkometrážní / Akční / Sci-Fi / Thriller;;V nedaleké budoucnosti v New Yorku... Byla spuštěna tzv. Benthamova síť, technologický zázrak, který nahradil kreditní karty, pasy, karty sociálního pojištění a další identifikační prostředky. Jediným dotykem, kdy si Síť odebere malý vzorek DNA, dokáže okamžitě identifikovat každého člověka. K tomuto výdobytku techniky dostali přístup strážci zákona a během několika měsíců byla téměř vymýcena kriminalita. V poslední době se však začínají objevovat zvláštní anomálie, a to zdvojené identity. Jedna z nich je jiná než všechny ostatní a zdá se, že o budoucnosti celého světa se bude rozhodovat právě teď... (PetrPan);;agenti, budoucnost;;April McCullough, Jose Febus;https://apps.apple.com/cz/app/id6755365206<br>https://play.google.com/store/apps/details?id=cz.csfd.csfdroid<br>;;;
