idFdb;sTitle;idCsfd;urlCsfd;sType;iYear;iRating;iRuntime;urlPoster;urlFdb;sCountry;sGenre;sTitle_EN;sStory;sCopyright;sReleaseDate;sTags;sSeries;sEpisodes;sDirector;sActor;bNobel;sNominated;sAwarded;sFromAge;sImdbId;urlJustWatch;bCzDabing;bCzSubtitles;urlSledujteto;urlPrehrajto;urlFilmMista;sAuthor
80861;Stíny a šepoty jezera;0;;m;1987;90.0;75.0;https://prod-fdb-storage.fra1.cdn.digitaloceanspaces.com/placeholders/General.png;80861-stiny-a-sepoty-jezera;Československo;drama;Stíny a šepoty jezera;"Hlavní redakce dramatického vysílání Čs. televize uvedla do vysílání na sklonku minulého roku novelu jednoho z nejvýznamnějších současných sovětských spisovatelů Čingize Ajtmatova Labutě nad Issyk Kulem pod názvem STÍNY A ŠEPOTY JEZERA. Dramatický přepis prózy stylově tak vyhraněného autora jako je Čingiz Ajtmatov s sebou přináší řadu problémů; jiné v případě divadelní realizace, jiné v případě realizace televizní. To znamená, že před autorem dramatizace, režisérem, herci a dalšími inscenátory stojí úkol transponovat ideově umělecký základ literární předlohy do dramatického, v našem případě televizního tvaru, nepoškodit základní významovou strukturu předlohy, zejména co se týká ideových a uměleckých východisek, a zároveň vytvořit autonomní umělecké dílo, které pravdu literární předlohy uchovává a v optimálním případě i stupňuje.

Autor dramatizace tedy musí literární předloze především dokonale porozumět a na základě tohoto pochopení poznat, co je podstatné, co méně, kde se tvoří smysl. Musí se umět pohybovat v živlu jazyka literární předlohy, najít si přístup do nitra věcí a nepohybovat se na významových perifériích, kde smysl pohasíná, kde klesá významové pnutí. Autor musí znát skryté předpoklady dramatizovaného textu, jeho archeologii, musí proniknout do nejhlubších myšlenkových vrstev a oživit jejich energetické zdroje. Dramatizátor musí tedy obnovit uměleckou cestu literární předlohy. Tuto cestu nelze v žádném případě vynechat nebo obejít. Dramatizátor nemůže stanovit nějaké výsledné fixní body, které by byly obecnou formulací jeho pochopení literární předlohy, a aniž by byly dostatečně umělecky indukovány, rozvíjet je dál. Naopak musí nastoupit uměleckou cestu literární předlohy, i když v jiných žánrových či druhových souvislostech.

Tento úvod je adresován především těm, kteří namítnou, že televizní hra Stíny a šepoty jezera má s Ajtmatovovou novelou málo co společného. V tom případě je však nutno si uvědomit, že před dramatizátorem jsou dvě alternativy: buď hledat kompromis mezi způsobem Ajtmatovova zobrazování světa a technickými možnostmi televizního dramatického vysílání, které jsou v současné době téměř žalostné a to znamená uvěznit Ajtmatovovo téma vztahu člověka a přírody do sémanticky chudého televizního interiéru s možností 8—10 většinou špatných dekorací nebo nastoupit vlastní autonomní uměleckou cestu, která televizní technické podmínky sice respektuje, ale nenechává se jimi omezovat.

Autorská volba dramatizátorky Marie Říhové se týká druhé alternativy a myslím, že je správná. Ajtmatovova novela přináší dvě narativní roviny: vyprávění muže, kterak od něj odešla žena a druhého muže, jak tutéž ženu potkal a začal s ní žít. Oba své příběhy vyprávějí novináři, který je tlumočí čtenáři, aniž by k nim zaujímal nějaké výraznější stanovisko a komentoval je. První „dramatické opatření“ autorky Marie Říhové bylo sjednotit tuto narativní dvojlomnost do kompaktního dramatického tvaru, a protože se autorka vzdala výraznějšího vypravěčského partu (kromě monologu Asji), bylo potřeba dramatické postavy zvýraznit, oživit, dramaticky konturovat a výrazněji motivovat bez možnosti některé témata dovyprávět.

V rámci těchto dramatických opatření vstupuje do popředí Asja, která se oproti literární předloze aktivizuje a emancipuje. V této souvislosti je třeba zmínit i autorčinu snahu některé rysy Ajtmatovova vidění světa „poevropštit“, to znamená aktivizovat a pojmout jinak úlohu ženy, která přestává být „asiatsky“ trpným objektem mužských rozmarů, souvisejících s jejich lidským zráním, ale stává se činným subjektem příběhu. To souvisí s tím, že příběh není vyprávěn, ale dramaticky hrán a jeho prožívání hlavní hrdinkou musí být explikováno v jednání, byť verbálním, ne v myšlení.

Podobnou proměnu doznává i protihráčka Asji — Káťa, která v dramatizaci získává větší psychologickou plasticitu a její vztah k Iljovi je odůvodněn jinými motivy.

Autorce dramatizace Marii Říhové se tedy podařilo vyextrahovat (obnažit) z epicky rozložité Ajtmatovovy novely dramatický skelet a ten osadit a konkretizovat realitou, která je přiměřenější výrazovým možnostem televize. Nedá se ovšem říct, že by autorka byla vůči předloze příliš pokorná, ale její „nešetrný“ přístup k textu je ospravedlnitelný proto, že uchovává její pravdu, duchovní atmosféru, smysl, který z traktovaných událostí vystupuje. Jinými slovy: potvrzuje se, že dramatizátorova tvůrčí svoboda je dána stupněm porozumění literární předloze.

Televizní inscenace Stíny a šepoty jezera je, jak již bylo řečeno, zdařilým pokusem dramaturgie zprostředkovat divákovi aktuální, umělecky náročné dílo současné sovětské literatury. K tomuto výsledku přispěla bezpochyby i nenápadná, ale stylově čistá, precizní režie Marcela Dekanovského, jehož spolupráce s televizí představuje kontinuitu myšlenkově i umělecky náročných přístupů i komplex hereckých výkonů, jež neměly v inscenaci výraznějších slabin. V jejich popředí stojí výkon Michala Peška, který se herecky soustřeďuje především na ten moment své postavy, který souvisí s Iljovou lidskou nevyzrálostí, hledáním podstaty života a hierarchie jeho hodnot. Jeho ženu Asju, na které kromě jiného leží i tíže vyprávěného příběhu, představuje s jistým exotickým ozvláštněním velmi dobře Monika Kvasničková, stejně jako Ilona Svobodová, jež představuje druhou Iljovu partnerku. Z dalších pozoruhodnějších hereckých výkonů je nutno zmínit i Antonína Navrátila, Pavla Pavlovského a Ladislava Křiváčka.

Na závěr tohoto kritického zamyšlení je však potřeba zmínit ještě jeden moment problematiky televizních převodů literárních předloh: vedle konstatování úspěšnosti a umělecké zdařilosti této televizní inscenace nelze nevidět, že technické možnosti televizního dramatického vysílání jsou dnes víc než omezené, že značně limitují uměleckou svobodu televizních autorů a že některá témata jsou pro televizní vysílání tabu ne proto, že by neodpovídala žánrové a druhové specifice, ale proto, že na to nejsou zkrátka peníze. Stálo by možná za to, zamyslet se nad tím, zda by nebylo efektivnější a účelnější přesunout obrovské prostředky, které se vynakládají na realizace některých monstrprogramů nulové umělecké a myšlenkové hodnoty na pořady, jejichž umělecká, ideová, přímo politická závažnost je nesouměřitelná.

CZECH, Jan. Zdařilý Ajtmatov na televizní obrazovce. Scéna. 1988, roč. 13, č. 3, s. 5.";;;podle knižní předlohy;;;Marcel Dekanovský;Michal Pešek, Monika Kvasničková, Ilona Svobodová, Antonín Navrátil, Pavel Pavlovský, Ladislav Křiváček, Zuzana Fišárková;False;;;;;;True;False;;;;
179963;Schovanka;0;;m;1973;90.0;75.0;e1hhnikl5ivx6timtvx7.jpeg;179963-schovanka;Československo;drama / adaptace;Schovanka;"Dominantní matka, statkářka Ulanbeková (S. Amortová), má ráda řád a pořádek. Určuje osudy rodinných příslušníků i služebnictva, je tvrdá a panovačná. Její nejmilejší schovanka Naďa (D. Kolářová, letošní jubilantka) by se ráda vdala. Statkářka ji nutí do sňatku se špinavým opilcem a písařem Negligentovem (O. Vlach, letošní jubilant). Až na přímluvu syna Leonida (V. Preiss) statkářka od těchto námluv ustoupí. Půvabná Naďa se s Leonidem sblíží a stráví spolu hezký večer na lodičkách. Při jejich romantické schůzce je však zastihne intrikánka a příživnice Vasilisa Peregrinovna (D. Medřická), jež svým donášením a klevetami ovládá statkářku a ani tuto událost si nenechá pro sebe…

Zdroj: Česká televize";;;podle divadelní hry;;;Anna Procházková;Světla Amortová, Dana Medřická, Ladislav Pešek, Daniela Kolářová, Viktor Preiss, Libuše Havelková, Jaroslava Pokorná, Miroslav Masopust, Oldřich Vlach, Eva Boušková, Libuše Zátková, Hana Ždichyncová;False;;;;;;False;False;/file/52114/pytlakova-schovanka-komedie-1949-cz.html/;/schovanka-1973-czdab/61ca664844b9d;1407;
3197;Poučení Kocoura Felixe;0;;m;1927;90.0;35.0;cks07jmuymc5bip388lx.jpeg;3197-pouceni-kocoura-felixe;Československo;reklama / kreslený;Poučení Kocoura Felixe;;;;;;;Karel Dodal;;False;;;0+;;;False;False;;;;
60743;Pomsta;0;;m;1968;90.0;14.0;40t5tphigpck236unp4t.jpeg;60743-pomsta;Československo;horor / kreslený;Pomsta;Technika animace připomíná kresbu suchou jehlou a lept. Krásná dívka, o kterou se uchází svými básněmi poeta s křehkou postavičkou a o něco málo později přichází robustní šlechtic s mečem. Bojovník mladíka s básněmi hravě vypudí – a dívka se viditelně nebrání, naopak to vypadá, jako by přála více šlechtici-bojovníkovi. Básník se rozhodne spojit s ďáblem zosobněným zlým čarodějem. Ten mu přičaruje ruku, která umí velmi dobře bojovat mečem a jiné špatné věci. Ovládá mladého básníka velmi silně. Mladík si hravě poradí s rytířem, ale ruku dívky si asi nezíská. Naopak je za vraždu šlechtice při souboji uvězněn a poté oběšen na veřejné popravě. Zděšení diváci pak vidí, jak mrtvému oběšenci upadne jeho ruka a odplazí se pryč. Vyleze po zdech za mužem, který zlou ruku vytvořil a uškrtí jej v křesle u krbu. Pak sama skočí do krbu a kouř, který vznikne jejím spálením se mění v lísteček. Lísteček skončí u střevíčků krásné dívky, která byly příčinou dvou mrtvých milovníků...;;;;;;Jiří Brdečka;;False;;;;;;False;False;/file/80600/pomsta-starej-damy-alebo-na-kazdeho-raz-dojde-1968-sk-tvrip.html/;/1968-pomsta-starej-damy-alebo-na-kazdeho-raz-dojde/675e03cfb6372;5426-Pomsta;
46130;Očistná lázeň;0;;m;1972;90.0;10.0;https://prod-fdb-storage.fra1.cdn.digitaloceanspaces.com/placeholders/General.png;46130-ocistna-lazen;Československo;animovaný / thriller / parodie;A Purgative Bath;"Zea a Lucius, dva mladí manželé, žijí v přepychovém domě, obehnaném vysokou zdí. Lucius se s ženou rozloučí, nasedne do auta a odjede. Zea tráví chvíle samoty hrou na harfu, neboť se připravuje na svůj večerní koncert. Opuštěnou ženu chtějí přepadnout dva kumpáni, najatí zločinným doktorem Goadem, který jim poručil ji unést. Vetřelci přelezou zeď, ale jejich úmysly jim zhatí dva zedníci, kteří pracují na střeše domu. Když uvidí, že Lucius se vrací zpět do domu, dají se na zbabělý útěk. Doktoru Goadovi nezbude než vymyslet nový plán na únos dívky, který se tentokrát podaří. Při večerním koncertu se pod Zeou otevře propadliště a nešťastná harfenistka propadne do sklepa rovnou do náruče Goadových kumpánů. Ti omdlelou dívku strčí do jedné ze dvou beden připravených ve sklepě, ale spletou se a do auta naloží bednu druhou, která je prázdná, a odjíždějí. Lucius, který byl rovněž přítomen na koncertě, je pronásleduje v hasičském autě. Až příliš pozdě zjistí zločinci svůj omyl, neboť se proti nim blíží tank s vojáky. Doktor Goad vymyslí lest: jeden z kumpánů si lehne na silnici jako by byl zraněn. Tank zastaví, vojáci vystoupí, aby „zraněnému“ muži pomohli, a v tu chvíli je přepadne Goadova tlupa a všechny je pobije. Zločinci se pak převlečou do vojenských uniforem, nasednou do tanku a odjíždějí zpět ke koncertní hale, aby tam vyzvedli správnou bednu. Když spatří hasičský vůz s Luciem, rozstřílejí jej palbou z kulometu; vůz vylítne do povětří a s ním i Lucius, který však šťastně dopadne přímo na záď tanku, takže může pokračovat v pronásledování únosců. V koncertní hale vymění kumpáni bedny a Lucius, schován v podvozku tanku, se s nimi dostane až do sídla intrikánského doktora. Potají přeleze zeď, dostane se na terasu doktorova domu a odtud pozoruje, co se děje uvnitř. Doktor Goad má v domě přichystanou smrtící lázeň, do níž chce pomocí zvláštního mechanismu uvrhnout Zeu. Ta se brání všemi silami, dokonce zraní i samotného doktora Goada, ale zločinci jsou silnější a jí nezbývá, než podstoupit strašnou smrt v roztoku, v němž se všechno živé okamžitě rozpustí. Dívka je uvržena do sítě, kterou doktor pomocí páky pomalu spouští nad smrtící roztok. V této chvíli zasáhne Lucius. Vytrhne kamenné koule, jimiž je zdobeno zábradlí terasy, a shazuje je se schodů pod nohy kumpánů, které se mu podaří zneškodnit tvrdými ranami svých silných pěstí. Vrhne se i na doktora Gouda, a shodí ho do smrtící lázně. Potom zachrání svou dívku, neboť v posledním okamžiku se mu podaří zastavit mechanismus, jímž je nešťastná Zea spouštěna do roztoku. – Na druhý den přivezou kumpáni na hřbitov vanu s rozpuštěným vědcem. Když roztok lijí do hrobu, objeví se policie, která zločince zatkne, a tím znemožní jejich další zločiny. [Filmový přehled 15/1973] 

Autor/Zdroj: -gaj-/Filmový přehled";;;;;;Václav Bedřich;;False;;;;tt0206983;;False;False;;/ocistna-lazen-rezie-vaclav-bedrich-kratky-animovany-film/6613d52f5b48b;;
99594;Nácíček nakupuje;0;;m;1974;90.0;7.0;https://prod-fdb-storage.fra1.cdn.digitaloceanspaces.com/placeholders/General.png;99594-nacicek-nakupuje;Československo;animovaný / dětský / pohádka;Nácíček nakupuje;"Když tak na návsi lelkoval Franta Guldanů a vymýšlel lotroviny, aby neviděl mrňouska Nácíčka, jak obchází dům krejčího Maťochy a to sem a tam, kluci od vedle Frantovi pověděli, že Mikeš pomohl kdysi krejčímu chytit kanárka a ten mu za to ušil kabátek. A hned jej napadlo, že si z malého kocourka udělá legrácku, vysekal z polínka špačka a s ním jej poslal ke krejčímu, který mu za něj ušije určitě frajerský kabátek. Ale krejčí je rozumný člověk, posbíral zbytky odstřižků z látek a spíchl Nácíčkovi kabátek. To když Franta uviděl, vzteky zezelenal a za to chtěl Nácíčka vykoupat v louži. Tu jeho podlost prokoukl kozel Bobeš, Frantu nabral rohama a ten skončil ve vodě.

Když babičce došla cikorka do kávy, Nácíček se nabídl, že pro ni skočí do obchodu, ale na zpáteční cestě si jej vyhlédl nejstrašnější pes ve vesnici a pěkně jej prohnal. Ten nešťastný skončil v kotoulech ve vodě a začal se topit. A našel se hrdina, který Nácíčka vytáhl a zachránil mu život. Je to Franta Guldanů, který mrňouska zabalí do kabátku, narazí mu čepici téměř na celou hlavu a odnese jej do tepla. Bobeš jenom kroutí hlavou, jaká že se to s Frantou stala proměna…";;;;;;Josef Kluge;Karel Höger;False;;;0+;;;True;False;;/kocour-mikes-nacicek-nakupuje/640229a316c3f;;
9342;Malý a velký Klaus;0;;m;1971;90.0;58.0;vbvmty60l4vv44oaksai.jpeg;9342-maly-a-velky-klaus;NDR / Československo;fantasy / rodinný / evropská tvorba;Klaus und Kläuschen;;;24.12.1971;;;;Bleiweiß Celino;Fred Düren, Siegfried Kilian, Monika Woytowicz, Hannes Fischer, Marylu Poolman, Jiří Vršťala, Arno Wyzniewski, Christiane Lanzke, Siegfried Hömke, Günter Götze, Rosemarie Herzog, Eva Schäfer, Jürgen Huth, Johannes Wieke, Willi Neuenhahn, Rainer Etzenberg, Dorothea Richter, Siegfried Fiebig, Ulrich Anschütz, Hans J. Finke, Walter Wystemp, Peter Köhncke, Ramona Gierth, Michael Ziehm, Gela Götze, Josef Langmiler, Miroslav Moravec, Viola Zinková, Karel Houska, Jaroslava Adamová, Mirko Musil, Jan Pohan;False;;;;tt0068809;;True;False;;;;
79021;Kořist;0;;m;1979;90.0;80.0;iisn5us9bwmxduxh8sk1.jpeg;79021-korist;Československo;drama;Kořist;"Televizní inscenace natočená podle stejnojmenného románu slavného francouzského spisovatele Emile Zoly (1840-1902).
Příběh neobvyklého milostného trojúhelníku zbohatlého handlíře Saccarda (Rudolf Hrušínský), jeho mladé ženy Renaty (Hana Maciuchová), která pochází z aristokratické rodiny a jeho syna z prvního manželství Maxima (Marcel Vašinka).";;;;;;Eva Sadková;Hana Maciuchová, Jiří Adamíra, Rudolf Hrušínský, Věra Kubánková, Marcel Vašinka, Jana Dolanská, Josef Langmiler, Adolf Filip;False;;;;;;False;False;/file/81557/diablova-korist-2022-sk-dabing-hd-1080p.html/;/korist-1979/34805f294933f813;7792-Korist;
94154;Červená aerovka;0;;m;1960;90.0;5.0;https://prod-fdb-storage.fra1.cdn.digitaloceanspaces.com/placeholders/General.png;94154-cervena-aerovka;Československo;animovaný / hudební / Ilustrace písně / loutkový;Červená aerovka;"Režisér <a href=""https://www.fdb.cz/osobnost/1572-eduard-hofman"">Eduard Hofman</a> natočil krátký kreslený film, jímž převedl do formy animovaného filmu tehdy populární písničku ""Červená aerovka"". Hudbu k písni složil <a href=""https://www.fdb.cz/osobnost/16347-zdenek-petr"">Zdeněk Petr</a>, text <a href=""https://www.fdb.cz/osobnost/88811-zbynek-vavrin"">Zbyněk Vavřín</a> a písničku zpívá <a href=""https://www.fdb.cz/osobnost/3148-rudolf-pellar"">Rudolf Pellar</a>. Výtvarníkem byl <a href=""https://www.fdb.cz/osobnost/4623-jiri-winter-neprakta"">Jiří Winter Neprakta</a>, který text doprovodil veselými obrázky. Pro ilustraci text písničky:

Já vím, kdo způsobil,
že je dnes plno jara. 
Alenka v kočárku se hihňá do dlaní.
Cink, cink a ratata, to moje stará kára,
aerovka červená ulicí uhání, 
cink, cink a ratata, ulicí uhání.

Strážník mě pozdraví, 
s úsměvem poznamená,
než hodí zelenou: Tak kampak na výlet?
Cink cink a jenom tak jedeme do zelena
s aerovkou červenou jedeme nadílet,
cink, cink a ratata, jedeme nadílet.

Zubí se patníky,
jak si to kolem šinu,
chechtá se chocholouš a mává starý hrad.
Tak někdo rozváží mléko či zeleninu,
já vozím náladu a to já strašně rád, 
cink, cink a ratata,
a to já strašně rád.";;;;;;Eduard Hofman;;False;;;0+;;;True;False;;/cervena-aerovka-1960-czdab/240b75d37b0952ec;;
125630;Cesta do Prahy Vincence Moštka a Šimona Pešla z Vlčnova l. p. 1969;0;;m;1969;90.0;30.0;https://prod-fdb-storage.fra1.cdn.digitaloceanspaces.com/placeholders/General.png;125630-cesta-do-prahy-vincence-mostka-a-simona-pesla-z-vlcnova-l-p-1969;Československo;dokument;"Cesta do Prahy - Dědáček (prac. název); The Journey of Vincence Mostek and Simon Pesl of Vlcnov to Prague A.D. 1969";"Osobitý hrdina hraného dokumentu <a href=""https://www.fdb.cz/film/30080-dedacek"">Dědáček</a> pan Moštek a jeho přítel byli pozváni do Prahy. Svou cestu komentují se svérázným humorem, který je naplněn životní moudrostí zralého věku. Pokračování dokumentu <a href=""https://www.fdb.cz/osobnost/1852-jaromil-jires"">Jaromil Jireš</a> Dědáček, ve kterém jeho hlavní protagonista vyhověl režisérovu naléhání a se svým přítelem zavítali do Prahy. Dva čiperní staříci obcházejí pražské památky a bedlivá kamera zaznamenává jejich komentáře. Zastihneme je u pamětihodností, ale třeba také u podstavce někdejšího Stalinova pomníku nebo na striptýzové produkci. Jireš postihuje nejen osobnosti obou staříků, to, jak se projevují v cizím, nezvyklém prostředí, ale také atmosféru tak zvaně krizového období, jak se vtělí třeba do pouličního nápisu <a href=""https://www.fdb.cz/osobnost/217229-alexander-dubcek"">Alexander Dubček</a> = Svoboda.

Zdroj: Letní filmová škola";;;;;;Jaromil Jireš, Vladimír Skalský;Vincenc Moštěk, Šimon Pešl;False;;;;tt0171166;;True;False;;;;
839;Angolský deník lékařky;0;;m;1984;76.190476190476;90.0;vhoev6gwga7nvlw7xazz.jpeg;839-angolsky-denik-lekarky;Československo;drama;Angolský deník lékařky;"V roce 1975 získala Angola nezávislost na Portugalsku. V zemi vznikla občanská válka a to zejména o moc, bohatá naleziště diamantů a ropy. Takzvané hnutí UNITA - (Národní svaz pro úplnou nezávislost Angoly), které se opíralo o pomoc západu, vojenských jednotek Jihoafrické republiky a Zairu. Hnutí UNITA se rozhodlo po vleklých mnohaletých bojích přitvrdit, a proto dne 12. března 1983 zajalo 66 československých občanů, kteří v Angole pracovali v rámci hospodářské pomoci rozvojovým zemím. Zajatci se po zdlouhavém jednání naší vlády s povstalci dostali na svobodu až na jaře 1984. A o tomto všem je tento TV film. Je to opravdové drama, v hlavní roli uvidíme např. <a href=""https://www.fdb.cz/osobnost/429-jana-brejchova"">Jana Brejchová</a>. Jde o jeden z našich nejlepších filmů z tzv. období komunismu. Je jen škoda, že tento film nikdo nikde nevysílá a ani není v nabídce na nosiči DVD, což je hodně velká škoda!";;;podle skutečné události, Afrika;;;Vladimír Kavčiak;Jana Brejchová, Jana Gýrová, Vítězslav Jandák, Růžena Merunková, Alena Procházková, Jana Švandová, Sylva Turbová, Jozef Adamovič, Jan Kafka, Svatopluk Matyáš, Jan Pohan, David Strupek, Jan Přeučil, Petr Oliva, Juraj Ďurdiak, Martin Šotola, Linda Dřevikovská, Michal Krb, Jana Fabiánová;False;;;;tt0086900;;True;False;;/angolsky-denik-lekarky-1984-czdab/60b11fe593c82;;
13418;Poslední propadne peklu;0;;m;1982;75.05376344086;78.0;4efox1f3xhwzysztn2xk.jpeg;13418-posledni-propadne-peklu;Československo;akční / dobrodružný / fantasy / historický / rodinný / evropská tvorba;Pokušitel;"V předvečer třicetileté války pasovští žoldnéři, kteří vpadli do Čech, ustupují před vojskem uherského krále. Mezi hladové vojáky, kteří loupí a vraždí jejich pronásledovatele, se zamíchá dvanáctiletá dívenka Magdaléna, která se ve válečné vřavě ztratila své matce. Stane se zpočátku nedobrovolnou partnerkou potulného muzikanta Matouše. Chvíli jim přeje štěstí, chvíli se zdá, že přijdou o všechno. Do jejich vlastnictví se dostane kouzelná lahvička. Svému držiteli splní jedno přání, pak musí být prodána za poloviční cenu. Magdaléna je předposledním majitelem a zachrání s její pomocí Matoušovi život. Pak ji prodá veliteli pasovských za jeden groš, menší mince už není. Velitel si přeje vojenský oddíl - ten se v mlze objeví, ale když se mlha rozplyne, jsou to jeho pronásledovatelé. A tak se splní věštba, která poslednímu majiteli lahvičky určila, že propadne peklu.

Zdroj: Nova";;01.07.1982;;;;Ludvík Ráža;Michaela Kudláčková, Ivan Vyskočil, Bruno O'Ya, Luděk Munzar, Josef Karlík, Dagmar Havlová, Jiří Holý, Petr Haničinec, Martin Růžek, Boris Rösner, Petr Oliva, Ota Sklenčka, Josef Somr, Zdeněk Srstka, Miroslav Moravec, Augustín Kubán, Jan Teplý, Ladislav Trojan, Oldřich Velen, Václav Vydra, Jaromír Crha, Jiřina Bílá, Václav Kotva, Jaroslava Pokorná, Roman Hájek, Miloslav Homola, Antonín Jedlička, Vlado Müller, Jaroslav Klenot, Jiří Holý, Jiří Kraus, Josef Karlík, Jiří Klenot, Jaroslav Šanda, Jaroslav Luks, Jiří Klem, Vlado Müller, Václav Kaňkovský;False;;;;tt0138714;posledni-propadne-peklu;False;False;/file/23680/posledni-propadne-peklu-1982-historicky-dobrodruzny-1080p.html/;/posledni-propadne-peklu-1982-cz-historicky-hd-16-9/68a225c332b35;1388-Posledni-propadne-peklu;
32352;O statečné princezně Janě;0;;m;1978;76.470588235294;82.0;6jtluofgex8lv2vn35ib.jpeg;32352-o-statecne-princezne-jane;Československo;pohádka;O statečné princezně Janě;"POZOR SPOILER

Školní turistická výprava je právě na hradu. Průvodce vypráví o králi Janovi III. Ten měl samé dcery a moc toužil po synovi. Prohlásil, pokud právě narozené dítě není chlapeček, dá jej shodit z mostu a královnu vyžene.
Jenže ona je to holčička, a tu do vyprávění vpadne žákyně Svobodová. Sama začne příběh upravovat, a sama se do něj i přenese. Stává se z ní princ Jan, protože chůva králi řekla, že se mu narodil syn. 
Později se vydává zachránit tři lidi, aby dostála sudbě, kterou sama vymyslela. 
Jako první je tiché království, kde žila nadávající princezna. Ta pro své chování jek a křik oněměla, tak se proto nesmí v království vůbec mluvit. Jan problém vyřeší. 
Druhý problém je ježibaba. Ta má potíže s ježidědkem a Jan to opět vyřeší. 
Při třetím pokusu narazí Jan na vodnického synka. Ten se promění v dospělce a pokusí se utopit Janina spolužáka. Jasně že se mu to nepodaří. 
Jan se tedy vrací domů. Stále jako syn. A zde představuje zachráněného spolužáka jako děvče. Jenže, nic nejde tajit věčně…";;;;;;Vlasta Janečková;Magda Reifová, Marek Eben, Stella Zázvorková, Miloš Nedbal, Vladimír Brabec, Květa Fialová, Marie Rosůlková, Otto Lackovič, Gabriela Osvaldová, Lenka Pichlíková, Jana Dolanská, Milena Steinmasslová, Milada Vnuková, Zdeněk Řehoř, Pavlína Mourková, Ivan Chrz, Jaroslav Pešice, Lída Vostrčilová, Nataša Gollová, Marie Brožová, Barbora Štěpánová, Renáta Šejnohová, Raoul Schránil, Milan Mach, Karel Fridrich, Jaroslav Mareš, Jiří Cimický, Jaroslav Mikulín;False;;;0+;;;True;False;;;;
60241;Lesní panna;0;;m;1973;76.666666666667;74.0;kswvw170gu5vu688ieth.jpeg;60241-lesni-panna;Československo;pohádka;Lesní panna;"POZOR, SPOILER

Děti zpívají a vedle hospodský Barnabáš s učitelem Isidorem Slovíčkem horují pro Ameriku. Oba by tam rádi, ale učitel tu má děvče Terezku a hospodský celou rodinu. Takže jde o to, nějak je přemluvit. 

Barnabáš hustí do své ženy Voršily, a když se k tomu ještě přidá žid Morales s dopisem od mladého Taussiga, nechá se Voršila zviklat. I učitel „klavíruje“ do Terezčina otce, ale úspěch nemá. 

V lese tančí víly a tu se objeví Terezka. Má zde schůzku s Isidorem. Jenže ti dva se nepohodnou a Isidor odchází. Královna víl Jasana nabízí Terezce pomoc, za tři dny jejího života a její tři vlasy. Chce Isidora vyzkoušet, jak dalece ji miluje. 

Skupina cikánů se živí přepadáním lidí, a tak přepadnou i skupinu, kde jsou hospodský a učitel. Přivedla je sem Jasana, která zkoušela Isidora, a on uspěl. Nyní vystupuje jako velitelka cikánů, a i zde se Isidor projeví jako dobrý člověk.
 
Nuže, nyní jsme již v USA, kde „lítají pečení holubi do úst“, ne však našim hrdinům. Ti naopak seznávají, že je to zde tvrdý boj o přežití. Jasana je zde jako kuchařka v bohaté rodině. I zde Isidor odolává a sní o své vlasti. Stejně jako hospodský, a dokonce i starý žid Morales. 

Nakonec se zde všichni objevují a jsou vděčni za to, že se vůbec mohli vrátit. Ale jak se po návratu postaví k tomu všemu Terezka a její otec?";;24.12.1973;;;;Jiří Bělka;Václav Postránecký, Libuše Šafránková, František Vicena, Josef Somr, Karolina Slunéčková, Bohuš Záhorský, Květa Fialová, Václav Švorc, Jarmila Krulišová, Vladimír Menšík, Jarmila Orlová, Jiří Havel, Václav Mareš, Miloš Rozhoň, Mirko Musil, Regina Čakovská;False;;;;;;True;False;;;;
58914;Ferda v cizích službách;0;;m;1977;76.666666666667;10.0;mbqkaoj8alfyugbarwr9.jpeg;58914-ferda-v-cizich-sluzbach;Československo;animovaný / rodinný;Ferda v cizích službách;Náš starý známý Ferda mravenec se vydává do světa a snaží se pomáhat různým broučkům, které cestou náhodou potká. Jenže se mu to ne vždy dobře daří a tak musí  leckdy rychle prchnout, před rozzlobeným broučkem, kterému způsobil škodu. Pak ho málem sní mravkolev, ale dva mravenčí kamarádi ho zachrání, takže Ferda jako vždycky vyjde se zdravou kůží ze šlamastyky, do které se dostal...;;26.01.1979;;;;Hermína Týrlová;František Filipovský;False;;;0+;tt1468315;;True;False;;/ferda-v-cizich-sluzbach-bydejv-mp4/6f822dc36d85bdfb;;
12397;Panenství a kriminál;0;;m;1969;75.31914893617001;86.0;luhuc73l5hndztr5eic1.jpeg;12397-panenstvi-a-kriminal;Československo;hořká komedie;Panenství a kriminál;"POZOR SPOILER

Pan Karel Souška je vážený občan a vedoucí drogerie. Má zde i pomocnou sílu, takového jelimana jménem Mrkáček. Jednoho dne vstoupí do Souškova krámu jeho neteř Lidunka. Má zrovna narozeniny, a tak je strejdou pozvána do cukrárny. Ona chce více, ale on má „povinnosti“ v Praze. Nakonec ji přece jen naloží do auta a do Prahy odveze. Když spolu ti dva sedí venku na terase restaurace, zapomene Karel peněženku. Z ní Lidunka vyčte adresu Karlovy milenky a neomaleně k ní vrazí. Dochází ke konfliktu a nakonec přece jen končí Karel a Lidunka v jakési vinárně. Po příjezdu do vesnice jde Karel domů, Lidunka však s Mrkáčken na půdu do sena. Druhý den její matka zjistí, že má roztrženou sukni a začíná rodeo. Do toho se vloží místní poručík VB, pan Petříček. A ten Karla obviní z Lidunčina zneužití. Přijedou si pro něj až z města. Lidunka nechce říci pravdu, ale nakonec se na to nemůže dívat sám František. I když před soudem nevypovídal, jak by měl, nyní všude píše vápnem na zdi pravdu. Totiž že Lidunku zprznil on. Ta se již mezitím přiznala, ale každý se domnívá, že chce strýce jen krýt a nikdo jí nevěří. Situace nabývá velmi zvláštních rozměrů…";;16.01.1970;;;;Václav Lohniský;Vladimír Menšík, Lucie Žulová, Jaroslava Adamová, Růžena Lysenková, Jiří Vondráček, Jaroslav Moučka, Josef Hlinomaz, Karolina Slunéčková, Josefa Pechlátová, Pavla Maršálková, Zdeněk Braunschläger, Karel Augusta, Oldřich Velen, Otakar Brousek, Ota Žebrák, Ivo Gübel, Bedřich Prokoš, Světla Svozilová, Jan Teplý, Božena Böhmová, Karel Linc, Václav Mareš, Ladislav Navrátil, Antonín Soukup, Miloslav Svoboda, Václav Švec, Arnošt Faltýnek, Václav Halama, Zdeněk Kutil, Lubomír Bryg, Jaroslav Toms, Erich Fichtner, Ivan Vyskočil, Petr Mandel, Stanislav Vyskočil, Michal Kazda, Julius Albert, Luděk Pilc, Jiří Flíček, Miloslav Šindler, Aleš Morávek, Jiří Hartman, Jaroslav Malý, František Smejkal, Josef Šebetka, Alois Zouhar, Karel Fiala, Václav Lohniský;False;;;;tt0314484;;True;False;;/panenstvi-a-kriminal-1969-czdabing/2ae40f4164049fa4;1838-Panenstvi-a-kriminal;
12290;Oznamuje se láskám vašim;0;;m;1988;74.866666666667;90.0;phwukkiju4z0t0rui5b1.jpeg;12290-oznamuje-se-laskam-vasim;Československo;drama / melodrama / příběh / romantický / válečný / vojenský / evropská tvorba;Oznamuje sa láskam vašim (SK);"POZOR SPOILER!

 Příběh začíná na podzim roku 1944. Dva „námořníci“ Karel a Bohouš jsou na šífu, kam si tahají děvčata. O tom, jaká jsou, si vedou „lodní deník“. A protože jsou na místě, kde kotví, spokojeni, jsou nuceni ukrást tabák z lodního prostoru. Za ten pak někdo zařídí, aby mohli zůstat. Akce se zdaří a jednoho dne pozná Karel dívku Ulriku. A začnou si spolu. Ulrika se na lodi zabydlí, uklízí tam i přespává. Na svatbě její spolužačky Gerdy poznává Karel i jednoho německého vojáka. Teprve později se dozví, kdo to je. A také kdo je Ulričin otec. Kluci opět kradou tabák, když Karla skřípne plech. A pak vrazí na šíf gestapo. Při výslechu se Karel dozví, že mu Ulrika udělala alibi. Vyslýchá jej Ulričin snoubenec, ano ten co ho viděl Karel v kostele. A tak poznává Karel i Ulričina otce. Ten ji nechá odvézt do Drážďan. Karel má jet za ní, ale onemocní oboustranným zápalem plic a marodí u svých rodičů. Otci se jeho vztah s Ulrikou nelíbí a Karel z domu utíká. Jede za svou láskou do Drážďan. Zde jej však čeká překvapení…";;31.01.1989;;;;Karel Kachyňa;Lukáš Vaculík, Markéta Hrubešová, Antonín Procházka, Zdeněk Martínek, Miroslav Moravec, Bohumila Dolejšová, Karel Šebesta, Ladislav Lakomý, Jiřina Jelenská, Dana Homolová, Vlasta Žehrová, Anna Kreuzmannová, Zdeňka Sajfertová, Jiří Holý, Jan Teplý, Václav Neužil, David Vejražka, Pavel Nový, Václav Vydra, Zdeněk Blažek, Šárka Štembergová, Eduard Pavlíček, Otomar Krejča, Jiří Patočka, Otakar Dadák, Regina Řandová, Martin Velda, Jan Víšek, Eva Trunečková, Miloslav Homola, Monika Kobrová, Pavel Krátký, Ludvik Pozník, Igor Smržík, Vít Pešina, Hana Ševčíková, Jiří Langmajer, Peter Jahoda, Alex Jandouš, Jiří Kosek, Miroslav Grác, Milan Charvát, Silvie Tikovská, J. Kutková, J. Nedvědová, Karel Smrž;False;;;15+;tt0095808;;True;False;/file/52489/oznamuje-se-laskam-vasim-1988-romanticky-valecny.html/;/oznamuje-se-laskam-vasim-91m-1988-cr-hd-1080p-i/604dd66f58874;1133-Oznamuje-se-laskam-vasim;
31620;Tchyně;0;;m;1986;76.07142857142901;60.0;vp37fmfcl054b9onutip.jpeg;31620-tchyne;Československo;drama;Tchyně;Druhá a závěrečná část televizního filmu navazující na předchozí díl Nevěsta. Příběh o vztahu dvou žen, Zdeny (Markéta Fišerová) a její tchyně Marie (Věra Galatíková). Marie těžce nese rozpad manželství syna se Zdenou. Po smrti svého muže se, prostřednictvím vnučky, začíná postupně sbližovat se svou bývalou snachou Zdenou, a pomáhá ji  s řešením problémů v jejím novém vztahu. Zároveň si uvědomuje, že její dosavadní názory a postoje k manželství a fungování rodiny byly mylné.;;;;;;Marcel Dekanovský;Věra Galatíková, Markéta Fišerová, Vladislav Beneš, Miroslav Vladyka, Zlata Adamovská, Zuzana Fišárková, Zuzana Bydžovská, Libuše Švormová, Eva Horká, Nela Boudová, Petr Loužecký;False;;;;;;True;False;/file/20705/priserna-tchyne-2005-cz-dabing-hd.html/;/tchyne-cz-film-1985-tuta/583741158eb7a;13268-Tchyne;
3071;Cukrová bouda;0;;m;1980;75.17857142857099;85.0;f27wimnfrmrvgaehfqth.jpeg;3071-cukrova-bouda;Československo;drama / vojenský / poetický / evropská tvorba;Cukrová bouda;"POZOR, SPOILER			

Končí válka. U mostu je zasažen střelbou muž, otec dvou malých kluků Přibylových. Po pohřbu se matka odtud stěhuje pryč. Přijíždějí na místo, kde budou bydlet. Oba kluci, Ondra a Martin tu budou mít zdravý vzduch. Nic jiného tu zatím stejně není. Ani elektřina. Kluci jsou tu spokojeni, zvláště když nemusí do školy. Pak poznají poručíka, který tu velí četě vojáků. Místo školy chodí kluci sadit stromky, čímž si vlastně i vydělají peníze. 

Jednoho večera se u nich doma objeví cizí muž. Vojáci jej zatknou, ale on je poznán jako domácí, Fredo Bártl. Ondra pak v lese narazí na mladíka, který se tu muchluje s mladou dcerou místního obyvatele Trudou. Ondra se také začne přátelit s Fredem, dostane od něj krávu. 

Martin je nemocný a matka jde shánět lékaře. Narazí však na poručíka a ten chlapce odveze. Když je pak u nich doma a holí se strojkem Ondrova táty, tak se kluk naštve a uteče z domu. Kam jinam než za Fredou. 

Jednou jsou spolu u rozhledny, když se tu objeví Němci. Fredo posílá kluka pryč a sám se jim chce postavit. Jenže jej čeká hodně velké překvapení. 

Mezitím už startují vojáci a spěchají tam nahoru. Mrtvoly záškodníků jsou pak přineseny do vesnice. Ukáže se tu i nový učitel - a pak klukům začne zase škola...";;01.05.1981;;;;Karel Kachyňa;Jana Švandová, Michal Dlouhý, Marek Mikuláš, Lubomír Kostelka, Miroslav Macháček, Jiří Kodet, Ivan Vyskočil, Barbora Štěpánová, František Němec, Michal Pešek, Magdaléna Holendrová, Lena Birková, Blanka Lormanová, Gabriela Wilhelmová, Hana Pastejříková, Jiří Knot, Jiří Kodeš, Ivan Pokorný, Martin Učík, Zdeněk Srstka, Bořivoj Navrátil, Zdeněk Martínek, Vojtěch Rón, Martin Mikuláš, Zuzana Talpová, Pavel Jiras, Gabriela Najmanová, Jiří Prýmek;False;;;;tt0080581;cukrova-bouda;True;False;/file/58031/cukrova-bouda-cz-film-byzld.html/;/cukrova-bouda-cz-dabing-drama-valecny-ceskoslovensko-1980-nejlepsi-filmy-mypage-cz/582af5ffcce34;1527-Cukrova-bouda;
75058;Příběh se starou lenoškou;0;;m;1972;77.272727272727;64.0;asmktwte9lzz1fztrq4d.jpeg;75058-pribeh-se-starou-lenoskou;Československo;komedie / adaptace;Příběh se starou lenoškou;Humorná povídka - vyprávění obchodního cestujícího z Kroniky Pickwickova klubu o tom, jak duch staré lenošky prozradí chudému, stárnoucímu obchodnímu cestujícímu, že ve skříni jeho pokoje je skryt dopis. Cestující Smart se ubytuje za nepohody v malém hostinci, který výborně vede mladá, hezká vdova. Od podomka se dovídá, že se o paní hostinskou uchází podezřelý pan Jinkins. Smartovi se hostinská také líbí, proto chce trumfnout Jinkinse. Nechá si vařit další a další punč, až se opije. V jeho pokoji pak obživne starodávná lenoška, promění se v povídavého dědka - ochránce domu... Scenárista J. Z. Novák na motivy tohot úsměvného příběhu napsal televizní scénář a vytvořil tak jedinečnou hereckou příležitost pro vynikající herečku Slávku Budínovou.;;;;;;Zdeněk Kubeček;Zdeněk Řehoř, Josef Bláha, Slávka Budínová, Josef Bek, Miloš Nedbal, Jan Faltýnek, Marie Durnová, Zdeněk Šavrda;False;;;0+;;;False;False;;/pribeh-se-starou-lenoskou-1972/82858c89139401bf;;
15512;Slasti Otce vlasti;0;;m;1969;74.827586206897;101.0;12zgma0waoqavcascmfi.jpeg;15512-slasti-otce-vlasti;Československo;komedie / historický / romantický / evropská tvorba;Slasti Otce vlasti;"POZOR, SPOILER

Karel je zrovna u krejčího. Na to se dívá jeho snoubenka, Blanka z Valois. Když se spolu jenom tak z legrace poperou, je Karel „ve škole“. Učí se všechno - jak dějiny, tak i šerm.

Jednoho dne přijíždí posel Bušek z Velhartic vyslaný jeho otcem. Vyřizuje, že Karel končí s učením. Ten je rád, že se podívá domů, ale Bušek ho zklame. Přivezl mu meč a rozkaz, že mají jet do Itálie. Tak tedy jedou. Karel po příjezdu už nemůže. Od sezení v sedle koně jej nesmírně bolí jisté partie, a tak si je jde zchladit do vody. Když je pryč, jsou napadeni a dojde k boji. Řež, kde lítají i hlavy, se odehrává v korytě řeky a Karel tam trochu vody připustí. Češi vyhrávají a jsou vítáni jako osvoboditelé. Syn Karel se zde potkává s otcem. Kolem nich se kují pikle a oni se baví. Za tyto pikle dostane Pistorius dvacet ran. Potom se Karel vrací do Čech, už jako markrabě. Je nemile překvapen už na hranicích Čech, a to mýtným, které vybírají pro pána z Růže, ale zaplatí. Když se jde s družinou koupat, je hanebně okraden. Naštěstí si nějaký oděv obstará a již leze do okna, za kterým je Blanka se svými dámami. Jenže spadne a Blanka jej uvidí až na zemi. On ji později jen tak z legrace unáší a odjíždějí pryč. Nakonec se z nich stanou manželé
.
Karel jako markrabě poslouchá řeči některých pánů. Těm se leccos nelíbí a už proti němu strojí úklady. A on zatím objevil díru do skály a vlezl dovnitř. Náhoda tomu chce, že markrabě došel až na konec a vylezl ve sklepě. Zde je vína hojnost a Karel nemešká a začne ochutnávat. Řádně upraven vínečkem přinutí své kamarády zout a chce jim ukázat, že jeho právě narozené dítě má vlasy. Jen čirou náhodou tak odhalí připravený atentát na něj. Pak je zajat vlastním otcem a vsazen do věže. Otec, místo aby dodržel pánům slovo ohledně vrácení majetku Karlem zabaveným, je zve do Francie. 

Mladý Karel se pokusí o útěk a málem by mu to i vyšlo. Podaří se mu to až při převozu za pomoci jemu věrných. A odjíždí do Itálie, kde svede několik vítězných bojů. Posléze svede další boj, ale spíše slovní s již slepým otcem. A ten odchází se slovy, že toho bohdá nebude, aby český král z boje utíkal…";;09.08.1969;;;;Karel Steklý;Jaromír Hanzlík, Daniela Kolářová, Oldřich Velen, Vilém Besser, Zdeněk Kryzánek, Miloš Kopecký, Lubomír Kostelka, Milena Zahrynowská, Bohumil Bezouška, Vladimír Menšík, Jana Kasanová, Josef Gruss, Jiří Štěpnička, Josef Elsner, Karel Beníško, Jaroslav Cmíral, Jan Schánilec, Jan Pohan, Miloš Vavruška, Bohumil Švarc, Nina Popelíková, Karel Gott, Kamil Bešťák, Josef Bartůněk, Bohuslav Čáp, Vlastimil Bedrna, Kamil Blahovec, Lubomír Bryg, Štěpán Bulejko, Stanislava Bartošová, Ludmila Engelová, Vladimír Hrubý, Milan Jonáš, Karel Hovorka, Karel Svoboda, Michal Dohányos, Vladimír Navrátil, Zdeněk Najman, Karel Vítek, František Hruška, František Suk, Mirko Musil, František Svačina, Petr Jákl, Ladislav Gzela, Vlastimila Vlková, Pavel Robin, Vladimír Hlavatý, František Marek, Vladimír Hrabánek, Karel Hábl, Stanislav Juna, Blažena Kramešová, František Jákl, Jiří Sládek, Jan Kouba, Jan Přeučil, František Kubíček, Zdeněk Kutil, František Havlíček, Jiří Lír, Josef Kotapiš, Kajetán Maudr, Adolf Minský, František Hanzlík, Pavel Sedláček, Jiřina Součková, Antonín Soukup, Jiří Hein, Miloš Nesvadba, Marie Štrampachová, Richard Záhorský, Miluše Zoubková, Rudolf Kalina, Jaroslav Šebek, Jaroslav Sús, J. Štěpán, Magdalena Čechová, P. Marek, Eva Polášková, Pavel Ruta, Jiří Trojan, Karel Anderle, Zdeněk Houška, Ivan Chrz, Miloslav Průša;False;;;;tt0064996;slasti-otce-vlasti;True;False;/file/69798/slasti-otce-vlasti-1969-cz.html/;/slasti-otce-vlasti-1969-czdabing/8800daab02c16f15;1441-Slasti-otce-vlasti;
18778;Vítr v kapse;0;;m;1983;74.7265625;77.0;adlyaab4wgp1o9lxbkoy.jpeg;18778-vitr-v-kapse;Československo;komedie / drama / tragikomedie / evropská tvorba;Vítr v kapse;"Nerozluční kamarádi Ondřej a Cyril, přezdívaný Cinda, prožívají první rok po úspěšné maturitě na průmyslové škole. Ondřej touží po práci na lodi, Cinda chce navštívit Paříž, kam jej pozvala teta. Oba se však musí vypořádat nejen s praxí, tolik odlišnou od školních představ, ale zejména s řadou soukromých problémů. To první zvládnou snadno a brzy po nástupu do velkého závodu se naučí využívat velkou část pracovní doby k rošťárnám, ulejvání a řešení soukromých problémů. To další už však tak snadné není. Ať už jde o Ondřejův citový vztah k prodavačce Heleně, nebo Cindovy problémy s modrou knížkou. Teprve tragická smrt jednoho z nich znamená pro druhého definitivní konec mladické bezstarostnosti a lehkomyslného přístupu k životu.

Zdroj: Nova";;01.05.1983;;;;Jaroslav Soukup;Lukáš Vaculík, Sagvan Tofi, Ivana Andrlová, Zora Ulla Keslerová, Ilona Svobodová, Jiří Vala, Karel Augusta, Bronislav Poloczek, Karel Vochoč, Ferdinand Krůta, Ladislav Trojan, Karolina Slunéčková, Hana Talpová, Dagmar Neblechová, Václav Neužil, Jiří Samek, Jiří Chmelař, Marcel Vašinka, Daniel Rous, Jiří Kalužný, Zdeněk Ornest, Josef Patočka, Robert Vrchota, František Baťka, Karel Gult, Eva Hořánková, Jaroslav Choc, Tomáš Vacek, Jan Jánský, Jaroslav Konečný, Jiří Kaňkovský, Boris Kubíček, Kateřina Lírová, Vladimír Novotný, Pavel Pípal, Miroslav Rataj, Milan Rybák, Jiří Sequens, Marta Šolcová, Pavel Vítek, Eva Wimmerová, Michal David, Jaroslav Tomsa, Karel Hovorka, Ondřej Pavelka;False;;;12+;tt0084872;vitr-v-kapse;True;False;/file/02251/vitr-v-kapse-1982-cs-komedie-hd.html/;/vitr-v-kapse-1982-fhd-cz-bydejv-mkv/d9c2f9c613e43d54;141-Vitr-v-kapse;
39670;Tři spory - Spor architekta Zítka;0;;m;1981;77.777777777778;60.0;1jv8goeo82y93g7r25jx.jpeg;39670-tri-spory-spor-architekta-zitka;Československo;drama / historický;Tři spory - Spor architekta Zítka;"První ze tří televizních her o osobnostech spjatých s Národním divadlem, z nichž každá musela za svůj umělecký názor bojovat, je věnována architektu Josefu Zítkovi. Po požáru Národního divadla v srpnu 1881, který celý národ prožívá jako národní katastrofu, ujímá se profesor Zítek rekonstrukce divadelní budovy v zjitřené dobové atmosféře. Snadno se pak dostává do sporů o svou novou koncepci a je nucen čelit nejrůznějším útokům nejen na své rekonstrukční plány, ale i na svou osobu. Vzhledem k tomu, že Zítek nechce a podle svého svědomí ani nemůže vyhovět připomínkám, které jeho plány oklešťují a znehodnocují, projektu na obnovu Národního divadla se vzdává. Jeho nástupce, architekt Schulz, však stavbu divadla v jeho intencích provede. V režii <a href=""https://www.fdb.cz/osobnost/3445-ludvik-raza"">Ludvík Ráža</a> uvidíte jako architekta Zítka <a href=""https://www.fdb.cz/osobnost/2838-ludek-munzar"">Luděk Munzar</a>, jako architekta Schulze <a href=""https://www.fdb.cz/osobnost/714-eduard-cupak"">Eduard Cupák</a> a v dalších rolích <a href=""https://www.fdb.cz/osobnost/4364-marta-vancurova"">Marta Vančurová</a>, <a href=""https://www.fdb.cz/osobnost/2888-frantisek-nemec"">František Němec</a>, <a href=""https://www.fdb.cz/osobnost/3299-vaclav-postranecky"">Václav Postránecký</a> a <a href=""https://www.fdb.cz/osobnost/4486-vaclav-voska"">Václav Voska</a>.";;;;;;Ludvík Ráža;Luděk Munzar, Marta Vančurová, Václav Postránecký, Václav Voska, Eduard Cupák, Rudolf Hrušínský, František Němec, Marie Brožová, Jaroslav Horák, Milan Mach, Richard Záhorský, Jiří Němeček, Václav Kotva, Pavel Havránek, Zdeněk Podhůrský, Gustav Bubník, Karel Čížek;False;;;0+;tt0972744;;False;False;;;;
4098;Dny zrady I., II.;0;;m;1973;74.755244755245;227.0;5wsnmwcd9vy7kxtapxx5.jpeg;4098-dny-zrady-i-ii;Československo;drama / historický / vojenský / evropská tvorba;;Historická rekonstrukce událostí od března do září 1938. Dvoudílný umělecký dokument Otakara Vávry je hranou rekonstrukcí událostí roku 1938, zrady, kterou se představitelé západních mocností bláhově snažili zachránit světový mír obětováním Českosloven ska německému fašismu.Autor/Zdroj: /reklamní materiály videodistributora;;01.04.1973;;;;Otakar Vávra;Gerhard Rachold, Emma Černá, Josef Větrovec, Ladislav Kazda, Milan Holubář, František Zvarík, Jiří Pleskot, Bohumil Pastorek, Gunnar Möller, Jaroslav Radimecký, Martin Gregor, Bořivoj Navrátil, Otakar Brousek, Josef Langmiler, Jiří Holý, Günter Zschieschow, Fred Alexander, Rudolf Jurda, Čestmír Řanda, Werner Ehrlicher, Vladimír Šmeral, Jaroslav Rozsíval, Jaromír Hanzlík, Jiří Krampol, Vítězslav Jandák, Renáta Doleželová, Wilhelm Koch-Hooge, Ilja Prachař, Gustav Nezval, Jiří Dušek, Vladislav Strželčik, Vladimír Pavlar, Ota Sklenčka, Vladimír Stach, Svatopluk Beneš, Jaroslav Raušer, Vladimír Salač, Rudolf Chromek, Michal Dočolomanský, Miroslav Saic, Stanislav Zindulka, Milan Riehs, Miloš Nedbal, Siegfried Loyda, Emil Horváth, Eva Lorenzová, Bohumil Šmída, Werner Wieland, Jan Schánilec, Vladimír Hlavatý, Martin Štěpánek, Ladislav Frej, Rudolf Velický, Karel Vlček, Josef Němeček, Ladislav Lakomý, Rudolf Krátký, Josef Somr, Jaroslav Dufek, Gustav Opočenský, Karel Peyr, Jan Teplý, Erich Brauer, Josef Vorel, Oldřich Velen, František Vicena, Štěpán Bulejko, Jiří Valenta, Zdeněk Dohnal, Raoul Schránil, Jan Prokeš, Roman Hemala, Marie Štrampachová, Miloš Švarc, Jiří Koudelka, Václav Brtna, Jan Vitek, Vladimír Fürst, Zdeněk Forejt, Karel Šebesta, Jiří Adamec, Bert Schneider, Iva Hüttnerová, Michal Pavlata, Vlasta Jelínková, Vladimír Ptáček, Miroslav Zounar, Karel Hábl, Bohumil Slezáček, Vladimír Navrátil, Oldřich Janovský, Jan Zetek, Břetislav Tetera, Svatopluk Skládal, Jaroslav Klenot, Petr Oliva, Bohumil Švarc, Jaroslava Tichá, Vladimír Kotrlík, Josef Engel, Václav Kotva, Milan Kindl, Miroslav Rous, Zdeněk Mucha, Jiří Pokora, Petr Jákl, František Hruška, Bohuslav Ličman, Karel Karas, Svatopluk Říčánek, Pavel Spálený, Rudolf Široký, Vladimír Bičík, Ivo Kubečka, Jan Schaffer, Dobroslav Čech, Oldřich Semerák, Jan Bartoš, Ludvík Wolf, Ludvík Wolf, Tomáš Novák, Miloslav Novák, Jaroslav Satoranský, Vítězslav Bartoš, Radko Choc, Kamil Bešťák, Miroslav Prokeš, Jiří Joran, Otto Ohnesorg, Magda Dolejšová, Václav Procházka, Ladislav Novák, Rudolf Čížek, Josef Hrbek, Otakar Horký, Pavel Osif, Walter Steiner, Oto Ševčík, Vlastimil Čaněk, Vít Pešina, Václav Vondráček, Josef Mašek, Miroslav Janeček, Celestýn Mrázek, Jan Janků, Jan Sieber, Vladimír Štros, Jaroslav Kovář, František Dohnal, Josef Kalena, František Marek, Václav Černý, Zdeněk Plaček, Vladimír Kovář, Emil Hora, Petr Urban, Julius Novák, Karel Novotný, Karel Vondrák, Miroslav Krejča, Jaroslava Semrádová, Jaroslav Rada, Bohumil Svoboda, Jiří Wohanka, Jaroslav Drbohlav, Václav Knop, Jiří Bím, František Hradil, Josef Štěpánek, Jiří Hlaváček, František Smolík, František Jákl, Jaroslav Tomsa, Zdeněk Srstka, Jaroslav Klenot, Jiří Klenot, Miroslav Jíra, Jiří Kasík, Jiří Sládek, Karel Vítek, Karel Hlušička;False;;;;tt0069982;dny-zrady;True;False;;;;
18952;Volání rodu;0;;m;1977;74.811320754717;64.0;uuvatlzx6ymbh47eia9b.jpeg;18952-volani-rodu;Československo;akční / dobrodružný / rodinný / evropská tvorba;"Minehava; Hledej zelené údolí (prac. názvy)";"Volání rodu závěrečná část trilogie navazuje na přechozí filmy: Osada Havranů a Na veliké řece.

 Sokol s dívkou Šťastnou Chvílí a Havranpírkem se vrací do Sokolovy rodné vesnice, nečeká je však dobré přijetí, neboť na ně padne podezření, že jsou nakaženi smrtelnou nemocí. Jsou vyhoštěni z vesnice a proto se musejí vydat na strastiplnou pouť za novým domovem... 

Trilogie Osada Havranů, Na veliké řece, Volání rodu přináší autentickou, drsnou podobu pravěku - doby kamenné, doby, ve které byl život nesmírně těžký, přesto v něm lidé prožívali stejné pocity jako my nyní - štěstí a radost, trápení a smutek. Jejich příběhy k nám promluvají a my jim rozumíme, neboť jsme stejní jako oni i když nás od sebe dělí propast věků.";;01.01.1979;Oneplay;;;Jan Schmidt;Jiří Bartoška, Ludvík Hradilek, Gabriela Osvaldová, Milada Janderová-Kratochvílová, Miroslav Moravec, Ladislav Křiváček, Jaroslav Rava, Karel Hlušička, Zdeněk Srstka, Bohumil Vávra, Beta Poničanová, Marie Popelková, Luba Skořepová, Helena Malehová-Šimková, Zdeněk Kutil, Ľudovít Kroner, Václav Stýblo, Václav Hladík, Karel Dellapina, Jiří Wohanka, Vladimír Kudla, Miroslav Mokošín, Jan Prokeš, Vladimír Hrabánek, Jaroslava Pokorná, Eduard Cupák, Jan Míškovský, Karel Macháček, Lenka Slepičková, Jaroslav Radimecký, Ivo Hrdina, Michal Wang, Jaroslav Mařan, Václav Wittmann, Lenka Hornová, Stanislav Hájek, Ladislav Lahoda, Karel Hovorka, Karel Vítek, Karel Engel, Eduard Cupák, Roman Skamene, Jana Andresíková, Marie Vášová;False;;;;tt0183987;volani-rodu;True;False;/file/04837/volani-rodu-1977-cs-film-hd-1080p.html/;/volani-rodu-1977-1080p/24d44a2fdc769024;;
20565;Vražedné pochybnosti;0;;m;1978;75.098039215686;80.0;oz7nt7gn99t6ycud4nrq.jpeg;20565-vrazedne-pochybnosti;Československo;drama / krimi / evropská tvorba;Doznáním případ nekončí;"Duševně nemocný muž středního věku Milan Pešek utíká za svobodou a od lidí, kteří se o něj chtějí starat. Náhodně se dostane do zavřeného hotelu, v jehož blízkosti se našlo brutálně pobodané tělo desetiletého děvčete. Pešek má nutkání se k vraždě připsat. Je skutečně pachatelem hrůzného činu? 
Autor/Zdroj: Březina Václav/Lexikon českého filmu";;01.06.1979;Oneplay;;;Ivo Toman;Miroslav Macháček, Slávka Budínová, Ilja Racek, Josef Vinklář, Karel Dellapina, Václav Neužil, Adolf Filip, Marcela Martínková, Karel Augusta, Karel Hábl, Jan Kuželka, Pavel Rubeš, Robert Vrchota, Jitka Zelenohorská, Dana Vávrová, Terezka Tomanová, Ivan Gübel, Vladimír Ptáček, Karel Bělohradský, Jindřiška Gabriela Preissová, Lena Birková, Ladislav Brothánek, Miroslav Chochola, Ladislav Kazda, Elena Strupková, Vladimír Navrátil, Mirko Musil, Anna Štrosová, Marcela Loučímová, Vladimír Linka, Vilemína Nejedlová-Skokanová, Josef Střecha, Jindřich Sejk, Jožka Stoklasa, Jaroslav Tomsa, Mirko Musil;False;;;;tt0261397;;True;False;/file/44215/vrazedne-pochybnosti-miroslav-machacek-ilja-racek-slavka-budinova-1978-krimi-drama-hdtvrip-1080p-cz-dabing.html/;/vrazedne-pochybnosti-1978-czdab/631e77972459b;1047-Vrazedne-pochybnosti;
20756;Vánoce s Alžbětou;0;;m;1968;76.111111111111;91.0;td802ht72fcd9c32igqq.jpeg;20756-vanoce-s-alzbetou;Československo;drama / romantický / evropská tvorba;;"Alzbětu Tomajdesovou - 21 - propustili na podmínku z nápravného zařízení. Ihned nastoupila do zaměstnání jako závoznice. Padesátiletý řidič, s nímž rozváží potravinářské zboží po venkovských prodejnách, dlouho hledá k uzavřené dívce osobnější vztah... 

Snímek vznikl jako náhrada za odložený společensky ožehavější projekt.

Zdroj: Film Europe Media Company";;22.11.1968;;;;Karel Kachyňa;Vlado Müller, Pavla Kárníková, Zdena Hadrbolcová, Mnislav Hofmann, Svatopluk Skládal, Václav Kaňkovský, Jan Kotva, Rudolf Kutílek, Kamil Olšovský, Václav Lochovský, František Fuka, Jiří Hasil, Ludmila Marečková, Magda Paveleková, Milan Holubář, Eva Trunečková, Ladislav Fecko, Eliška Müllerová;False;;;;tt0063758;vanoce-s-alzbetou;True;False;;/vanoce-s-alzbetou-1968-czdabing/36292127a1fb1163;1634-Vanoce-s-Alzbetou;
22908;Potomci a předkové 1 - Čas zrady, čas naděje;0;;m;1972;78.57142857142901;68.0;https://prod-fdb-storage.fra1.cdn.digitaloceanspaces.com/placeholders/General.png;22908-potomci-a-predkove-1-cas-zrady-cas-nadeje;Československo;dokument;Čas zrady - čas naděje;"První díl střihového dokumentárního cyklu, který obsáhl hlavní proudy v dějinách našeho státu a úlohu KSČ od roku 1938 až po dnešní dobu. Zachycuje hlavní dějinné okamžiky v letech 1938 až 1939, osvobozenecký boj našeho lidu až po vítězství sovětských vojsk u Stalingradu v únoru 1943. Cyklus Potomci a předkové tvoří filmy Potomci a předkové I - Čas zrady - čas naděje, Vzplanutí ohně, Čas rozhodnutí.

Autor/Zdroj: Bartošková Šárka/Československé filmy";;01.01.1973;;;;Josef Šuran;Otakar Brousek, Jan Rosák, Miroslav Moravec;False;;;;tt0183667;;True;False;;;;
140796;Pension pro svobodné pány;0;;m;1965;78.57142857142901;73.0;o5v6iulmlds47dxcsacw.jpeg;140796-pension-pro-svobodne-pany;Československo;komedie;Pension pro svobodné pány;"Oblíbená komedie měla v Činoherním klubu Praha premiéru 19. června 1965. Pro televizní účely ji filmový režisér a autor divadelní úpravy Jiří Krejčík zpracoval v témže roce, televizní premiéru měla 26. prosince. Hlavní ženskou roli Anděly hrála Jiřina Jirásková, mladého pana Mulligana Josef Abrhám, jeho spolubydlícího pak v divadelním provedení ztvárnil a do své emigrace v roce 1967 hrál Vladimír Pucholt, ta televizní byla svěřena Jiřímu Menzelovi, tehdy ještě začínajícímu filmovému režisérovi. Jiří Krejčík pak stejnou hru zpracoval pro film, který je dodnes populární. Roli Anděly si v něm zahrála s temperamentem sobě vlastním Iva Janžurová, role spolubydlícího byla svěřena Jiřímu Hrzánovi.

Televizní adaptace se od premiéry nereprízovala, takže po padesáti letech mají diváci jedinečnou příležitost uvidět ji až nyní. Zainteresovaný divák a milovník této komedie si může srovnat herecké pojetí role pokleslé dívky Anděly dvou skvělých českých hereček, z nichž jedna ji ztvárnila s živočišným až divokým komediálním talentem a druhá s neméně mistrnou kresbou chladnokrevně kalkulující „potvory“. Sluší se ještě připomenout menší roli majitelky penzionu, v níž se po letech odmlky zaskvěla komediální prvorepubliková herečka Věra Ferbasová. Dodejme, že v Činoherním klubu byla ještě inscenace obnovena v roce 1975 a do roku 1991 měla 559 repríz. Mladý muž bydlící v přísně vedeném penzionu si v noci tajně přivede do pokoje dívku uvolněných mravů, nicméně protřelou a skvěle těžící ze své situace. Neboť jádro komedie tkví v problému, jak se k ránu obtížné dívky zbavit...

Zdroj: Česká televize";;;;;;Jiří Krejčík;Jiřina Jirásková, Josef Abrhám, Jiří Menzel, Věra Ferbasová, Jiří Bruder, Karel Hovorka, Stanislav Langer, Věra Uzelacová;False;;;;;;False;False;/file/10154/pension-pro-svobodne-pany-1967-komedie-1080p.html/;/pension-pro-svobodne-pany-cssr-1965-1080p-jackripper/67c0a4660ebd8;;
59125;Krakonoš a škola;0;;m;1983;78.57142857142901;12.0;1n4jooywjvxa5n4ct68h.jpeg;59125-krakonos-a-skola;NDR / Československo;pohádka / loutkový;"The Spirit of Mountains and the School; Rübezahl und der Schulmeister; Old Nip and the Schoolmaster";"V Jizernici, která už byla málem městem a ležela v Krakonošově rajónu, měli zvonici, hezkou radnici a hospodu U zeleného věnce. Nakonec si pořídili i školu. To jim Krakonoš chválil: kde je dobrá škola, nevyrostou špatní lidé. Jednoho dne se šel na tu jejich školu podívat. Hned na náměstí vidí, jak hostinský plísní svou ženu, aby dala synovi do školy na svačinu jen jednu místo dvou jitrnic, a ponocnému aby poslala jen suchý chleba. Ponocný Vohnout totiž v noci hlídá, ráno svolává děti z celého okolí a pak je ve škole „vyučuje"". Krakonoš sleduje, jak jdou děti s ponocným do stodoly, která patří panu hostinskému a zároveň slouží za školu. Je to však stavení na spadnutí. Vyučování začíná počty. Vohnout učí děti sčítat vidle a hrábě. Žáci si dělají ze svého učitele legraci. Psaní mít nemohou, protože tabuli si odnesl pan hostinský před hospodu. Vohnout je ze všeho celý zmožený a usne. Děti zatím tropí neplechu. A když jsou v nejlepším, přijde hostinský. Využívá stodolu i jako kurníku pro slepice. Těšil se na bohatou snůšku a místo tuho vidí, že je v jeho stodole boží dopuštění. Vohnout se probudí a v leknutí si sedne na buben. Hospodský láteří a vymáhá na ubohém ponocném peníze za buben i za škodu na majetku. Krakonoš vidí, že hospodskému narostl hřebínek. Rozhodne se uvést věci na pravou míru. Vzkáže do školy Vohnoutovi, aby přišel i s dětmi na veliký oběd. Hostinský doma zatím vypočítává, co všechno bude chtít od obce náhradou za tu spoušť. Přitom zapomíná na třicet zlatek, které od obce dostává jako roční nájem za stodolu. Do hospody přichází Krakonoš a objednává si deset vajec na tvrdo. Když je dostane, vyklepne z každého zlaťák. Hostinský na nic nečeká, utíká do komory a tam se ženou rozbíjejí jedno vejce za druhým. Roztluče všechno, co si přinesl ze stodoly. Ale ve vejcích je jen to, co má být — bílek a žloutek. Když rozbíjí poslední vejce, poručí jim Krakonoš, ať všechna ta roztlučená vajíčka pěkně usmaží. Když přijdou děti s Vohnoutem, je už míchanice na stole. A těch třicet zlatých musí hostinský obci vrátit. Nakonec Krakonoš Jizernickým poradí, aby si raději postavili novou školu, protože jaká bude škola, taková bude celá příští Jizernice.  Jizerničtí poslechnou a do roka mají nejen novou školu ale i nového učitele. A Vohnout? Ten moudře zůstal věrný svému úřadu ponocného.

[zb]. Krakonoš a škola. Filmový přehled. 1983, č. 9, s. 41 – 42.";;;;;;Zdeněk Vinš;Václav Voska, Wolfgang Dehler;False;;;0+;tt1483554;;True;False;;/krakonos-a-skola-09-csr-1982-loutkovy-kratkometrazni-pohadka/5d4d4fdcf3ec1;;
6452;Já už budu hodný, dědečku!;0;;m;1978;74.623287671233;86.0;jy8w4av0rrt4bs3u6ccr.jpeg;6452-ja-uz-budu-hodny-dedecku;Československo;komedie / satira;Já už budu hodný, dědečku!;"Vtipná komedie o ješitném egoistovi - herci Teodoru Bergnerovi (excelující Miloš Kopecký), který rád a bezdůvodně ubližuje nejen lidem zcela neznámým, ale i svým nejbližším. Tak jsme svědky, jak postupně seřeže svého vnuka, potopí u ředitele svou mladou kolegyni, ztrapní při zkoušce zkušeného a připraveného kamaráda, málem přejede a potom neomaleně urazí starší dámu na přechodu, vyfoukne gumy u auta inspicientovi z divadla, který mu přinesl zapomenutou tašku... 

Jenže tak dlouho se chodí se džbánem, až tě boží mlýny semelou... A tak se milému panu Bergnerovi - díky kouzelnému dědečkovi ve vlaku - konečně vrací jako bumerang naschvály a hrubosti, kterými tak rád všechny obdařoval. 

Nechtěně vyslechne trapnou kritiku od svého lékaře, za kratičké a vyčerpávající svezení staré babičky vyfasuje místo pochvaly pokutu, z málem sražené chodkyně se vyklube bohatá a naštvaná teta Dita a místo něžné milenky Marcely se nečekaně vrací pravý majitel vypůjčeného bytu... Zbědovaný, pomlácený a zničený Teodor se vrací domů, kde mu manželka nachystala náramné překvapení - všem i tady ho čeká pořádný, nicméně ""ozdravný"", trapas a napravený Bergner slibuje kouzelnému dědečkovi, že už bude hodný...";;01.07.1979;;;;Petr Schulhoff;Miloš Kopecký, Alena Vránová, Ladislav Pešek, František Filipovský, Svatopluk Beneš, Miroslav Vydlák, Darja Hajská, Marie Motlová, Nelly Gaierová, Josef Větrovec, Dagmar Havlová, Jiří Lír, Míla Myslíková, Jorga Kotrbová, Vlastimil Fišar, Jaroslav Heyduk, Luba Skořepová, Václav Štekl, Vlasta Jelínková, Dana Hlaváčová, Václav Lohniský, Václav Sloup, František Peterka, Vladimír Hrabánek, Vladimír Hrubý, Milada Ježková, Věra Tichánková, Oldřich Velen, Hana Čížková, Karel Augusta, Milan Mach, Mirko Musil, Kateřina Lírová, Vítězslav Černý, Jana Viščaková, Slávka Hamouzová, Eva Vlachová, Eva Trunečková, Jiří Flíček, Miroslav Čermák, Anna Štrosová, Milena Velíšková, Ivo Hrdina, Josef Střecha, Jiřina Bílá, Milan Pěkný, Marta Richterová, Josef Houba, Ela Šilarová, Olga Michálková, Jindra Kvardová, Zdeněk Skalický, Karel Smrž, Karel Vavřík, Libuše Vojáčková, Gaston Šubert, Jan Jelínek;False;;;;tt0174801;ja-uz-budu-hodny-dedecku;True;False;/file/40259/ja-uz-budu-hodny-dedecku-1978-cz-cz-1080p-.html/;/ja-uz-budu-hodny-dedecku-1978-cz-mp4/49301eaf32ce9a1c;1314-Ja-uz-budu-hodny--dedecku;
8596;Lev s bílou hřívou;0;;m;1986;75.263157894737;127.0;1oyjrjz688e348cqhoib.jpeg;8596-lev-s-bilou-hrivou;Československo;drama / hudební / historický / životopisný / evropská tvorba;Lev s bílou hřívou;"Janáček vzrušuje, zneklidňuje, nedá tvůrcům spát. Jeho partitura není jenom předmětem zájmu hudebních badatelů a interpretů. Vnitřní rozměr dramatismu provokuje k přemýšlení, ke kontroverzní interpretaci. Janáčkův génius, neuznávaný konvencí a nepochopený jednorozměrným výkladem hudebních možností a příležitostí oslovit člověka, teď naopak jakoby teprve otevřel dveře k možnosti poznání. Čas, naplněný nejostřejšími konflikty života, smrti, lásky i krveprolévání, dal Janáčkovi zcela za pravdu. Není světové scény, která by se neucházela o to, vyložit Janáčkovu partituru, není světového režiséra, který by se nepokusil po svém oslovit diváka Janáčkovou hudbou. Každý týden přicházejí z celého světa zprávy o tom, kde se začíná studovat Janáček, a nebo kde se hraje. Abych byl konkrétní: Lyrická opera v Chicagu — Káťa Kabanová, Royal opera v Londýně — Jenůfa, Německá opera Berlín — Káťa Kabanová. A to je v době, kdy básník Jindřich Uher píše svůj román o Janáčkovi, kdy máme za sebou drama Františka Kožíka Boj o Pastorkyni a knihu Po zarostlém chodníčku a kdy je v živé paměti dokument <a href=""https://www.fdb.cz/osobnost/1852-jaromil-jires"">Jaromil Jireš</a>. Nepočítám množství vědeckých publikací, studií doma i v zahraničí.

V této chvíli známe už také výsledky tvůrčího činu Barrandova, kde v dramaturgii <a href=""https://www.fdb.cz/osobnost/14811-vladimir-bor"">Vladimír Bor</a> realizoval <a href=""https://www.fdb.cz/osobnost/1852-jaromil-jires"">Jaromil Jireš</a> scénář <a href=""https://www.fdb.cz/osobnost/15576-jiri-blazek"">Jiří Blažek</a> LEV S BÍLOU HŘÍVOU, což jsou dramatické filmové vize ze života Janáčkova, se soustředěním především na boj o uvedení Pastorkyně. Chtěl bych zdůraznit základní, inspirativní podíl scénáře. Básnivé vize <a href=""https://www.fdb.cz/osobnost/15576-jiri-blazek"">Jiří Blažek</a> pracovaly s lyricko-tragickou průzračností a ve velikém dramatickém oblouku: přinášejí oslovení umělce a jeho života vzrušujícím způsobem. Blažek si uvědomil, že jakákoliv sebemenší popisnost a deklarativnost by byla smrtí filmu a vyprávění tohoto osudu. Poučen „osvětovostí“ a toporností vyprávěných příběhů ze života skladatelů, které jako osvětové obrázky explikují jednotlivé kapitoly ze života především jakousi středoškolskou mentalitou, v čem „vynikají“ především televizní tvůrci. Poslední příklad — maďarský seriál Liszt. Blažek vsadil především na hloubku a niternou výpověď jednotlivých vizí ze života skladatelova. To hluboce lidské a pravdivé v jeho příběhu je skutečnost, že nezastírá fakt, že genialita může jít ruku v ruce s pošetilostí, jak se velikost sváří s malostí, jak člověk neúnavně musí zápasit sám se sebou, hledaje nové prameny a nové síly proto, aby překonával nepravosti a nepřátelství zjevné, ale také malost v sobě.

<a href=""https://www.fdb.cz/osobnost/15576-jiri-blazek"">Jiří Blažek</a>, vyzbrojen znalostí lidí, materiálů, kontextů doby a poučen prací pro televizní film, napsal jeden z nejpozoruhodnějších scénářů, jaké jsem mohl v poslední době číst. <a href=""https://www.fdb.cz/osobnost/1852-jaromil-jires"">Jaromil Jireš</a>, spravedlivě oceněn poctami ze Salcburku za interpretaci moderní hudby i příběhu <a href=""https://www.fdb.cz/osobnost/13530-lubos-fiser"">Luboš Fišer</a> Věčný Faust a také pln zkušenosti s Janáčkem samotným, přistupoval ke scénáři maximálně soustředěn a vyzbrojen. Sledoval jsem jeho cestu k hotovému tvaru, jeho zápas o výsledek, který se musel dostavit. Jestliže jsem několikrát zaslechl Jireše, jak v jistém rozčilení „na place“ vykřikl: „Film o Janáčkovi se nedá natočit!“, potom mohu rád dosvědčit, že to rozčilení byl jenom ventil k tomu, aby Jireš film o Janáčkovi natočil a odevzdal pozoruhodné dílo naší současné kinematografie. Tvůrčí štáb neponechával nic náhodě. Mám tu na mysli především kvalitu výpovědi. <a href=""https://www.fdb.cz/osobnost/760-jan-curik"">Jan Čuřík</a> zdůraznil v obrazové metafoře všechny důležité a vzrušující momenty, dramatické detaily, které divákovi musí zůstat v paměti. Jeho kamera je tu básníkem, který společně s postavami dopovídá příběh: jistá především v exteriérech, rozpačitá v citacích jevištně zpěvných partií díla. Veliký obrazový detail spojuje dramatické kapitoly filmu. Někdy se až příliš dlouho zastaví na detailu a zdůrazňuje jeho spojitost. Ať je to studánka, ať je to detail kmene stromu. Režisér, znalý básnivosti Čuříkova obrazu, tu spoléhá na traverzu, kterou obraz v příběhu vykoná.

Lev s bílou hřívou je dramatický příběh Janáčkův. Zvolit představitele geniálního skladatele a nárokovat na něm všechnu složitost „tvrdé moravské palice“, něžného a pošetilého, stárnoucího člověka a zápasícího génia, hledajícího sama sebe, věčně milujícího svoji ženu Zdenu, i když tápajícího mezi dalšími ženami, to všechno byl veliký úkol pro představitele Janáčka: <a href=""https://www.fdb.cz/osobnost/2838-ludek-munzar"">Luděk Munzar</a> vytvořil svoji životní roli. Jestliže se projevovalo v Jakubu skláři, jak nezvládnutelný je oblouk lidského vývoje postavy a šlo především o mistrovství proměny a techniky herecké práce, potom Janáček má v jeho interpretaci čitelný, uměleckým mistrovstvím zvládnutý vnitřní rozměr osobnosti, záchvěvy pochybností, hledání a touhu po životě, vyslovený s velikou dávkou nejenom uměleckého mistrovství a technické stylizace, ale zároveň životní zkušenosti, moudrosti a poučení. Nárokem téhle veliké a strhující role obraz dramatických vizí klade nároky na další interprety, kteří se se svými úkoly vyrovnávají se střídavými výsledky. <a href=""https://www.fdb.cz/osobnost/1553-jana-hlavacova"">Jana Hlaváčová</a> jako Zdena nasazuje dramatický akcent chápající ženy se smyslem pro banální „domácí situaci“. Je soustředěna ve svém výraze, přesvědčující do všech detailů, do kterých ji vystavuje mužova genialita i pošetilost zároveň. <a href=""https://www.fdb.cz/osobnost/1553-jana-hlavacova"">Jana Hlaváčová</a> právě v téhle roli zužitkovala všechny své zkušenosti tragické a lyrické hrdinky, dominující nad svými partnerkami. <a href=""https://www.fdb.cz/osobnost/4679-valerie-zawadska"">Valerie Zawadská</a> je překvapením filmu svým suverénním výkonem, jímž navazuje na stále lepšící se práci i v divadle. Její Jelča má rozmarnost, exaltovanost a cílevědomost zároveň, dovede stejně tak okouzlit jako využít člověka pro svůj úspěch a vítězství. <a href=""https://www.fdb.cz/osobnost/24-zlata-adamovska"">Zlata Adamovská</a> měla pro svoji Kamilu velmi těžký part, herecký rejstřík a stylizace tu ustupuje vrozenému půvabu a herecké tváři. Rozpačitě působí <a href=""https://www.fdb.cz/osobnost/4375-magda-vasaryova"">Magda Vášáryová</a> jako pěvecká hvězda, která svým obdivem zapůsobí na Janáčka. Zřejmě malá dramatická plocha není teritorium, ve kterém by byla jinak tak výrazná osobnost našeho filmu ve svém obraze jistá. <a href=""https://www.fdb.cz/osobnost/4738-veronika-zilkova"">Veronika Žilková</a> naopak na malé dramatické ploše těžce nemocné a umírající dcery odevzdává vynikající herecký výkon. Nárok náznaků dramatických vizí, jak se ukázalo, je krutý ke každému slovu, falešnému názvuku, gestu, jako každý akord ve složité faktuře hudebního díla.

Barrandovští tvůrci oslovují příběhem o lvu s bílou hřívou našeho diváka. Činí tak na úrovni, která může dát našemu filmu a jeho tvůrcům patřičnou dávku sebevědomí. Jde opravdu o umělecký filmový čin, který je schopen oslovit filmového diváka, člověka současného světa, jenž nachází k Janáčkovu dílu cestu vnímavého a pozorného posluchače. <a href=""https://www.fdb.cz/osobnost/1852-jaromil-jires"">Jaromil Jireš</a> film na scénář <a href=""https://www.fdb.cz/osobnost/15576-jiri-blazek"">Jiří Blažek</a> dává kinematografii umělecké dílo, které je vizí geniality i pošetilosti. Obstojí v nejtěžších zkouškách jako jeho hrdina. To není zrovna malý filmový vklad a malá naděje.

BRŮNA, Otakar. [i]Vize geniality i pošetilosti.[/i] Scéna. 1987 [14. prosinec], roč. 12, č. 25 – 26, s. 5. [upraveno]";;01.12.1987;;;;Jaromil Jireš;Luděk Munzar, Jana Hlaváčová, Veronika Žilková, Zlata Adamovská, Hana Militká, Magda Vášáryová, Valerie Zawadská, Katarina Synková, Taťána Fischerová, Lubor Tokoš, Jiří Adamíra, Jiří Bartoška, Bořík Procházka, Zbyněk Honzík, Jiří Pleskot, František Řehák, Vlastimil Drbal, Zdeněk Kampf, Daniela Šounová, Leo Marian Vodička, Josef Hajna, Václav Kaňkovský, Antonín Brtoun, Václav Babka, Marie Brožová, Hana Pastejříková, Vladimír Huber, Karel Janský, Raoul Schránil, Jiřina Steimarová, Mirko Musil, Karel Hovorka, Jiří Zahradníček, Eva Režnarová, Karel Bělohradský, Vladimír Matějček, Václav Krejčí, Jaromír Kučera, Ivan Trojan, Pavel Vítek, David Schneider, Zdeněk Pololáník, Vladimír Hrubý, Bohumila Dolejšová, Oldřich Velen, Jakub Saic, Igor Smržík, Dana Vávrová, Jaroslav Mareš, Pavel Zejfart, Pavel Vondruška, Martin Baďura, Zuzana Mašátová¨, Pavel Buchar, Marie Kremerová, Josef Kuchinka, Jaroslav Šanda, Květoslav Štora, Petr Kuschmitz, Antonín Kramerius, Václav Burkert, Arnošt Vrána, Eva Záběhlická, Otto Stössel, Panochovo kvarteto, Gabriela Beňačková, Naděžda Kniplová, Božena Effenberková, Jiří Zahradníček, Václav Brtna, Milada Němečková, Karel Mašek, Josef Vrabec, Karel Černý, Libuše Hošťálková, Jan Šváb, Zdeněk Škrabal, Milan Sládek, František Zelenka, Milena Vopatová, Antonín Navrátil, Alena Procházková;False;;;;tt0171480;;True;False;;/lev-s-bilou-hrivou-1986-cz/58206c4b4ee35;1849-Lev-s-bilou-hrivou;Jiří Blažek
21740;Skalní v ofsajde;0;;m;1960;75.555555555556;84.0;sfon0xo2717fvczzdj3d.jpeg;21740-skalni-v-ofsajde;Československo;komedie / evropská tvorba;Skalní v ofsajdu;"V jednom slovenském závodě, přesněji v jeho projekční části, pracují tři fotbaloví fanoušci. Jmenují se Sekáč, Bariak a Drozd. Oproti spoustě jiných milovníků kopané, tito jsou až přespříliš zapálení diváci, což v sobě nese mnohdy až nepřístojné jejich chování při zápasech. 

Stane se, že jednou jsou zachyceni fotoreportérem při takovém řádění a jejich ""materiály"" je přivedou až na pohovor na místní VB. Zatím to ještě netuší a úporně shánějí vstupenky na mezinárodní zápas ČSSR - Brazílie. To se jim nedaří. Teprve až náhodný návštěvník jim lístky prodá. Vypadá to, že jim nic nemůže zabránit v tolik očekávaném utkání. Ale: Sekáčova manželka dá manželovi nůž na krk. V neděli se jede k mamince blahopřát k jejím šedesátinám a že přes to vlak nejede...Co teď? Sekáč chce použít starého vojenského triku, jak vyvolat horečku, ale náhlý příjezd samotné ""oslavenkyně"" k nim domů tomu zabrání.

Je tu konečné sváteční a slavná neděle. Sekáč s kamarády se již vidí na hříšti, když si pro Sekáče přijde příslušník VB a odvede vykuleného rádobysportovce na pohovor na okrsek VB. Tam nejen Sekáč, ale i jiní skalní fotbaloví ""fanatici"" se musí podrobit celodennímu školení slušného chování. Aby se mohli všichni tři zúčastnit utkání, použijí kolektivně horečku vyvolávajícího receptu. Záchranka je odváží do nemocnice, ve které pracuje jako sestřička i nový objev proutníka Drozda.

Ve špitále se jim dostane přivítání v podobě injekcí a pak jsou uloženi do postelí. Ale kampak na naše kamarády s touhle flintou: využijí příležitost, navléknou na sebe doktorské pláště a tradá na  hřiště, kam se po překonání překážek dostanou, ale nemohou najít svá místa, neboť lístky zůstaly v opatrování na VB. A tak se jim přes veškeré snažení  nepodaří ze vzrušujícího zápasu nic uvidět, protože než se situace ""usadí"", závěrečný hvizd ukončuje zápas.";;03.03.1961;;;;Ján Lacko;František Dibarbora, Mária Kráľovičová, Marián Kleis, L'ubica Nitrová, Arnošt Garlaty, Anton Mrvečka, Eva Podbehlá, Emil Horváth, Marian Kleis, Hana Grissová, Štefan Kvietik, Arno Šebesta, Michal Belák, Jindra Láznička, Eugen Senay, Tibor Bogdan, Oľga Vronská, Jozef Dóczy, Jozef Hanúsek, Ján Klimo, Ľudovít Reiter, Rudolf Velický, Gejza Sedlák, Eugen Senaj, Oľga Pristachová, Anton Michalička, Bedřich Voděrka, Viliam Polónyi, Božena Slabejová, Jozef Cút, Rudolf Kováč, Eugen Stollmann;False;;;7+;tt0239994;soccer-fans;False;False;/file/28647/skalni-v-ofsajde-xvid-slovensky-film-komedia.html/;/skalni-v-ofsajde-1960-skdab/62c0e3190156d;1788-Skalni-v-ofsajde;
15251;Setkání v červenci;0;;m;1978;74.618320610687;82.0;ca9luviwj4c2cxu09wff.jpeg;15251-setkani-v-cervenci;Československo;komedie / drama / rodinný / romantický;Stretnutie v júli;"POZOR, SPOILER

Právě běží reklama na Cestovní kancelář mládeže. Ano, je léto a mladík Jakub Hejna se účastní kursu angličtiny. Zrovna obdržel přihlášku, když si k němu přisedne jiný mládenec jménem Tomáš. Ti dva jsou pak spolu na pokoji. A odtud vidí příjezd učitelky Kláry Fišerové, která nechala Jakuba propadnout. Právě z angličtiny. 

Ostatní účastnice kursu se dozví o nevraživosti mezi těmi dvěma a dají Kláře na dveře cedulku OO. Celá akce je pak na Jakuba. Učitelka pak jeho tvrzení, že to neudělal, nevěří. To jej naštve a třídu opouští. A právě když je venku, pozná malého kluka. Je to učitelčin syn David. A tak jej Jakub vezme na třešně, které pak malý donese mamince až do jídelny. Večer je pak nucen vysedávat na WC.  

Další den se jdou koupat a Jakub učí Davida plavat. Takto je najde soudružka učitelka a vůbec není nadšená. Zmínka o vypuštění rybníka Davida inspiruje a tak, když je s matkou u jejího milence, vypustí rybník tady. Večer pak je Jakub u něj, protože si pro něj David přišel až k táboráku s tím, že se sám bojí. Když jej tam najde Davidova matka, vyhodí jej. Malý to vysvětlí a soudružka učitelka a Jakub se spřátelí. Jdou spolu na třešně a stane to, co nikdo asi nečekal. Jakub plánuje společnou budoucnost a Davidovi se to líbí. Vztah učitelky a žáka dosáhne vrcholu po návratu ze mlýna – tam, kde tehdy malý vypustil rybník. 

O tom že spolu učitelka a žák spí, se již ví a ona to i sama přiznává. Teď dělají vůbec všechno spolu. 

Je konec července, večírek na rozloučenou a těsně před tím se Klára rozhoduje odjet. Napíše dopis na rozloučenou a vydá se pro svého syna...";;01.07.1978;;;;Karel Kachyňa;Daniela Kolářová, Oldřich Kaiser, Tomáš Holý, Svatopluk Matyáš, Vlasta Fabianová, Emma Černá, Roman Čada, Jaroslav Drbohlav, Lenka Pichlíková, Daniela Vacková, Milada Vnuková, Zuzana Fišerová, Dana Bartůňková, Dagmar Čárová, Barbora Štěpánová, Petr Bednář, Pavel Marek, Michal Pešek, Slávka Hamouzová, František Michálek, Don Sparling, Hana Kazdová, Renata Bauerová, Vladimíra Wackenreuterová, Richard Maška, Jiří Ornest, Milena Steinmasslová;False;;;12+;tt0076690;setkani-v-cervenci;True;False;/file/92363/setkani-v-cervenci-1978-cs-komedie-hd.html/;/setkani-v-cervenci-1978-czdab/7ca6d308f5921c95;1247-Setkani-v-cervenci;
10731;Nahota;0;;m;1970;75.277777777778;102.0;8jr4rz5j7unpyxh97hbl.jpeg;10731-nahota;Československo;psychologický;Nahota;"POZOR SPOILER

Mladý muž jménem Jan, zvaný Drsňák je v cele. Pokusil se o sebevraždu. I proto je předvolán před doktora, který mu sděluje, že dostává pětidenní „dovolenou“ a pět set korun. Muž tedy jede domů. Zde se setkává se svou rodinou.  Pak se jen tak prochází a zastaví mu mladá dívka. Jede za svým otcem a pustí Jana za volant. Ten ji pak nechá a zajde za svou bývalou milenkou Štěpou. Po noci strávené u ní navštíví advokáta, kterého se ptá, kde má pochovanou matku. Dozví se, že v Horní Světlé. Ke Štěpce se vrací s rozbitým obličejem a tvrdí, že jej zbili tři muži. Když se s ní vyspí, nakoukne do její občanky a zjistí, že je vdaná. Štěpa dostane průplesk a Jan odjíždí s dívkou, se kterou sem přijel, do Horní Světlé. Začíná se rozhlížet, nejprve na pohřbu a hostině. Setkává se s místní učitelkou Jarmilou. Zatancují si spolu na karu a on ji jde doprovodit. Jenže se přizná, že nemá kde spát. Tím pádem pozná i její domácí, která jej ráda pozve dál. Druhý den si začnou s Jarmilou tykat a Jan začíná pátrat v minulosti. Klade otázky a najde dokonce i peníze. Jarmila volá svému milenci – doktorovi a zve jej k sobě. Netuší totiž, že se Jan zdrží. Pak navštíví, tedy oba, kamaráda Tomáše s manželkou a skončí ve sklípku. Drobátko se tam nasosají a Jan se s Jarmilou konečně vyspí. A ta ráno nadává a vyhazuje ho pryč. Svádí to na svoji opilost. Samozřejmě že je to jen takové gesto. Jsou spolu dále a on se přizná, že sedí v base. A do této chvíle se zde objevuje Marcelin milenec…";;01.12.1990;;;;Václav Matějka;Petr Čepek, Kristina Hanzalová, Jarmila Kurandová, Vlado Müller, Věra Galatíková, Emma Černá, Sylva Turbová, Vladimír Jedenáctík, Bohuslav Čáp, Josef Somr, Vladimír Huber, Adam Matejka, Viktor Maurer, Václav Mareš, Vlasta Jelínková, Karel P. Mach, Emil Iserle, Gondoláni, Libuše Švormová;False;;;18+;tt0128367;;True;False;/file/36042/nahota-1970-cs.html/;/nahota-1970-czdabing/e06a4d825222bdc7;1615-Nahota-na-prodej;
14855;Ryba na suchu;0;;m;1942;74.69387755102;86.0;61axknl4v0jya1tiicko.jpeg;14855-ryba-na-suchu;Československo;komedie;Ryba na suchu;"POZOR SPOILER!

Pan Ryba je převozník a také občas půjčuje lodičky. Ale je to především zachránce lidských životů. A vůbec žije řekou. Bohužel se tu má provádět regulace a Ryba tak o vše přijde. Zrovna vytáhl svou devadesátou osmou „oběť“.  Regulace se chystá plným proudem a Ryba ještě zachraňuje pana účetního Vodičku, čímž se dostává na číslo devadesát devět zachráněných. Netuší, že jeho dcera Anna chodí s inženýrem Pánkem, ze stavby přehrady a právě ten zde má regulaci řídit. A z neznalosti jej pozve k sobě. Jenže ve stejnou dobu přicházejí dělníci vyměřovat. Tím se celá věc prozradí a Ryba chce, aby se dcera Pánka zřekla. Ona tak neučiní a Ryba se jde opít. V hospodě napadá a uráží a dokonce začne rvačka a nebýt požáru, špatně by to dopadlo. Ryba ten večer, zpráskaný jak lachtan, vyloví stého člověka. Alespoň je to ve všeobecné známosti. Pořádá se veliká oslava, ale Ryba je starý poctivec. Ví, že ten večer byl velmi opilý a nikoho z vody netahal. K této záchraně se doznává inženýr Pánek. Také vysvětluje, proč nechal slávu na Rybovi. Nechtěl, aby se rozkřiklo, že se Ryba v hospodě opíjí a tady se mu topil člověk. Nu a pak se topí stý člověk, kterého si Ryba chce vytáhnout sám. Ani se mu nechce věřit, kdo to je…";;11.09.1942;;;;Vladimír Slavínský;Vlasta Burian, Marie Štrosová-Steinerová, Vítězslav Vejražka, Jaroslav Marvan, Zdeňka Baldová, Václav Trégl, Helena Bušová, Rudolf Deyl, František Filipovský, Vladimír Řepa, František Paul, Gabriel Hart, Slávka Doležalová, Anna Letenská, Darja Hajská, Karel Kolár, Sláva Grossmann, Emanuel Hříbal, Antonín Jedlička, Vladimír Štros, Karel Němec, Josef Gruss, Antonie Langrová, Dagmar Lehovcová, Ema Gonicová, Vladimír Růžička, Vlasta Burian, Josef Gruss, Setleři, Ema Kováčová, F. X. Mlejnek, Viktor Nejedlý, Zdeněk Šavrda;False;;;;tt0248387;;True;False;/file/30883/ryba-na-suchu-2024-cz-dabing-hd-1080p.html/;/ryba-na-suchu-komedie-1942-cz/60b756ed62ae8;1123-Ryba-na-suchu;
22875;Pražská romance;0;;m;1969;80.0;45.0;t9fnpku5ndeqeh2qcwmh.jpeg;22875-prazska-romance;Československo;hudební / poetický;Pražská romance;"Poetický film s Waldemarem Matuškou a jeho písněmi. Po malicherné hádce se populární zpěvák a herec vydává na procházku Prahou. Při různých zastaveních přednáší písničky, všechny jsou dílem autorské dvojice skladatele Zdeňka Petra a textaře Ivo Fischera. Během své procházky zavítá Matuška na Staré Město, Staroměstskou věž, Malou Stranu, Pražský hrad, opuštěné Vinohradské nádraží, Malostranský hřbitov i Václavské náměstí. A také potkává své známé, u Vltavy rybáře – Darka Vostřela a Jiřího Šaška, na hřbitově Miloše Kopeckého, na Petříně herce a malíře Josefa Hlinomaze a také dívku – Olgu Blechovou. Na Václaváku si zastaví taxi a řidičem je známý motocyklový závodník František Šťastný. Vrací se spokojen domů...

Zdroj: Česká televize";;;;;;Jan Moravec;Waldemar Matuška, Olga Blechová, Hana Talpová, Darek Vostřel, Jiří Šašek, František Šťastný, Eva Mrázová, Miloš Kopecký, Josef Hlinomaz, Karel Effa, Taneční orchestr Československého rozhlasu, Mefisto, Vladimír Zátka;False;;;;tt13453626;;True;False;;/prazska-romance-1969-czdab/607b5967788e9;9613-Prazska-romance;
83802;Okénko od pí Olgy Scheinpflugové;0;;m;1967;80.0;76.0;l4irn9md12c70mz8cbme.jpeg;83802-okenko-od-pi-olgy-scheinpflugove;Československo;komedie;Okénko od pí Olgy Scheinpflugové;"Roztomilý, nepraktický a života neznalý profesůrek se poprvé v životě opije a zapomene, co dělal mezi půlnocí a úsvitem. V odborné řeči pijáků se tomu říká ""okno"". Vše je o to složitější, že se profesor má stát dědicem a mnozí z jeho okolí chtějí jeho ""okénka"" zneužít. Například paní správcová mu předhodí milostnou aférku s dcerunkou.";;;;;;Alois Hajda;Olga Scheinpflugová, Ladislav Lakomý, Blažena Rýznarová, Josef Husník, Karel Kabíček, Oldřich Celerýn, Leopold Franc, Václav Postránecký;False;;;;;;False;False;;;;
31501;Morové povětří;0;;m;1989;80.0;88.0;umb2jdwbtf09jfhom8z4.jpeg;31501-morove-povetri;Československo;drama / historický;Morové povětří;"V čele královské vyšetřovací komise přijíždí v roce 1680 do Litomyšle Karel Ignác hrabě ze Šternberka, aby ztrestal a potlačil jednu selskou rebelii. Vyšetřování vede k tomu, že rebelie se ve skutečnosti nekonala. V historických reáliích 17. století, snad nejtemnějšího století v dějinách českého národa, se rozvíjí drama muže, který má vyslovit konečný ortel. Hrabě se nestává hrdinou pravdy a spravedlnosti, ale zůstává pokorným sluhou, jedním z mnoha, kteří vlastní zbabělost a loajálnost povýšili na kodex umožňujicí přežití v jakékoli době.

Zdroj: Česká televize";;;;;;Jiří Bělka;Boris Rösner, Rudolf Hrušínský, Jaroslava Adamová, Alois Švehlík, Jiří Adamíra, Bořík Procházka, Jan Vlasák, Karel Hlušička, Miroslav Středa, Jan Teplý, David Vejražka, Jaroslav Pospíšil, Rudolf Kalina, Vít Pešina, Karel Hovorka;False;;;;;;False;False;;;;
60065;Krakonoš a pytlák;0;;m;1981;80.0;13.0;sjc6uympjmwrn0qcbdny.jpeg;60065-krakonos-a-pytlak;NDR / Československo;pohádka / loutkový;"Rübezahl und der Wilderer; The Spirit of Mountains and a Poacher; Old Nip And The Poacher";"Před mnoha a mnoha lety, kdy lesy byly plné zvěře a ptactva, byl pánem v horách u pramene Labe Krakonoš. Nejednou pomohl chudákům a potrestal ty, kterým příliš narostl hřebínek. Když tak jednou obhlížel svoje panství, zapletla se mu noha do oka, které tam nalíčil pytlák. To Krakonoše strašlivě rozzlobilo. Chtěl se rychle někde zchladit. Vidí stavení a u něj studnu. Když si nabíral vodu, hospodář se na něho zle rozkřikl, že je to jeho studna, a nikdo cizí u ní nemá co pohledávat. Krakonoš nic, jen se pořádně rozhlédl po stavení a uviděl, co vidět chtěl. Pytlácké náčiní. „No počkej, na tebe si posvítím,"" pomyslel si Krakonoš. „Ale napřed se podívám, zda nemáš kumpána."" Zastavil se u druhé chalupy. Zavolal na ženu, která tam pracovala, zda náhodou její muž nebrousí někde po lese. Nazlobeně přitakala a ochotně mu sdělila podrobnosti. Že je tam s ruksakem, jako ostatně každý den, a krmí zvěř kaštany a bukvicemi, které pořád sbírá. Je to prý blázen, který seno suší spíš pro Krakonošovy srny než pro svoje králíky. Kdyby ho za to udělal aspoň hajným! Krakonoš poděkoval a usmál se pod vousy. Cestou k lesu milého Venclíčka, jak se ten dobrák jmenoval, potkal. A naoko na něho udeřil, že líčí na zvěř, prostě že pytlačí. Venclíček se bránil a naopak sám projevil přání pytláka chytit. Nabídl Krakonošovi, že mu pomůže hlídat. A svůj slib splnil. Celou noc procházel lesem, ani oka nezamhouřil. Také Krakonoš nezahálel. Nachystal na pytláka past. Sama zvěř se pytlákovi pomstí. Venclíček byl s Krakonošem domluvený, že jakmile něco podezřelého zahlédne, zahouká jako sova. A skutečně, ještě než kohout poprvé zakokrhal, uslyšel Krakonoš táhlé houkání. Přispěchal na místo, a co nevidí: lakomý sedlák vleče jelena, velikého jako dobře vykrmená jalovice. Ten jelen, to už byla Krakonošova práce. Sám jej pytlákovi poslal do rány. Protože jelen bude oním mstitelem. Potichoučku se vydali za sedlákem, který se pod těžkým břemenem sotva vlekl. Jak přišel domů, ihned vzbudil selku a chystal se milého jelena rozhourat. Jen se ho dotkl nožem, jelen obživl a nastalo boží dopuštění. Rozzuřené zvíře lítalo po celé chalupě, a co nemohlo nabrat na parohy, to rozdupalo svými kopyty. Vyděšenou selku zahnalo do kouta a sedláka prohánělo, až se z lakomce kouřilo. Prostě mela, jakou si dokáže vymyslet jen Krakonoš. Když se zdálo, že dostal pytlák řádně za vyučenou, zavolal Krakonoš pašáka jelena zpět. Venclíček na to koukal celý u vytržení. Měl radost, že se zbavili pytláka. Ale co to bylo proti štěstí, které jej potkalo potom. Krakonoš ho za jeho lásku ke zvěři a lesu udělal svým nejvrchnějším hajným. Žádný pytlák se už do lesa neodvážil, protože Venclíček měl všechny srnce, jeleny i zajíce na chlup spočítané. A v lese zavládla pohoda a mír.

[MG]. Krakonoš a pytlák. Filmový přehled. 1981, č. 9, s. 37 – 38.";;;;;;Zdeněk Vinš;Václav Voska, Wolfgang Dehler;False;;;0+;tt1485739;;True;False;;/krakonos-a-pytlak-06-csr-1981-loutkovy-kratkometrazni-pohadka/5d4d4f0087ac9;;
52485;Honza a tajemná Hastroška;0;;m;1987;80.0;43.0;1al3h6m7589yuyuhrnzi.jpeg;52485-honza-a-tajemna-hastroska;Československo;pohádka;Honza a tajemná Hastroška;Ačkoli si Honza umínil, že už ho ani nenapadne rozmotávat zašmodrchané pohádkové příběhy, díky kouzelné stařence se zase do jedné takové záhadné pohádky dostal. A protože nikdy netoužil po zlatě, docela snadno všem záhadám přišel na kloub.;;;;;;Svatava Simonová;Luděk Čtvrtlík, Zuzana Bydžovská, Dana Batulková, Květa Fialová, Petr Nárožný, Jiří Pleskot, Jiří Císler;False;;;0+;;;True;False;;/honza-a-tajemna-hastroska-1987-czdab/62bca818e0e50;;
59754;Čaj s citronem;0;;m;1971;80.0;35.0;https://prod-fdb-storage.fra1.cdn.digitaloceanspaces.com/placeholders/General.png;59754-caj-s-citronem;Československo;komedie;;"Malá televizní komedie, která vypráví jen zdánlivě banální příběh o jednom manželském trojúhelníku tvořeném nevěrným manželem (<a href=""https://www.fdb.cz/osobnost/4486-vaclav-voska"">Václav Voska</a>), chápající manželkou (<a href=""https://www.fdb.cz/osobnost/4494-alena-vranova"">Alena Vránová</a>) a poněkud zmatenou milenkou (<a href=""https://www.fdb.cz/osobnost/1825-iva-janzurova"">Iva Janžurová</a>).";;;;;;Jiří Nesvadba;Alena Vránová, Iva Janžurová, Václav Voska, Vladimír Klemens;False;;;;tt8836606;;True;False;;;;
7295;Kdybych byl tátou;0;;m;1939;75.0;85.0;p1bv46mwhg9vnhbzngjt.jpeg;7295-kdybych-byl-tatou;Československo;komedie / rodinný;Kdybych byl tátou;"POZOR, SPOILER

Začínáme křikem u kanceláře, ale naštěstí je to jen sen, který se zdál panu Adamičkovi, takto věčnému hypochondrovi. Ten je v podnájmu u paní Jandové už deset let, žena zde bydlí se svou neteří. Jeho kolegové v práci si jej neustále dobírají a je neustálým terčem jejich vtipů. Jeden z nich je ten, že mu nacpali obálku losy, aniž si je objednal. 		

Neteř paní Jandové, Míla právě vyslechla od taxikáře Karla nabídku k sňatku. 

Když v bytečku pana Adamičky explodují kamna, ocitá se tento i v novinách. Následuje pozvání k šéfovi a zde jej čeká šok. Vyhrál spoustu peněz, to jej porazí. Takže končí v nemocnici. Když se pak vrátí domů, je v bytě obyvatel navíc - Karel. Ten si občas zahraje partičku karet a nechává tam spoustu peněz. Například i splátku na nábytek. Takže si usmyslí mít svůj vůz a půjčit si na něj peníze. Nabádá svou ženu, aby o ně řekla právě panu Adamičkovi. Ta muže nejprve odmítá, ale pak přece jen uposlechne a o peníze si říká. 

Karel mohutně oslavuje nový vůz a rozhazuje jako Rothschild. A opět jde hráti v karty. Jenže ještě téhož večera za ním Míla přijde s dopisem, který jest upomínkou na splátku za automobil. Přesto jde Karel zase na karty. Celá věc končí tím, že zanechává dopis na rozloučenou a odchází. Adamička pak žádá domácí, aby směl zůstat, protože ona se domnívala, že se bude chtít odstěhovat kvůli narozené holčičce Karličce. Tu si Adamička strašně oblíbí a hned jí kupuje spoustu dárků, kterážto činnost mu vydrží další léta. 

Když je malá větší, hraje jí divadlo a vůbec se všemožně stará. Dělá s ní děsný randál a také jí udělá Mikuláše. Právě v ten den přichází Míle osudný dopis…";;10.03.1939;;;;Miroslav Cikán;Jindřich Plachta, Zdeňka Baldová, Hana Vítová, Ladislav Boháč, Zita Kabátová, Bolek Prchal, Vilém Pfeiffer, Ladislav Janeček, František Paul, Marie Norrová, Lola Skrbková, Slávka Rosenbergová, Bohuš Záhorský, Eman Fiala, Alois Dvorský, Václav Menger, Eva Prchlíková, Milena Velíšková, Emanuel Kovařík, Antonín Zacpal, Karel Němec, Ferdinand Jarkovský, Břetislav Hrstka, Václav Švec, Václav Mlčkovský, František Filipovský, Jindřich Fiala, Emilie Hráská, Jarmila Holmová, Josef Příhoda, Bohunka Nosková, Robert Morávek, Bedřich Frank, Jindřich Plachta, Jan W. Speerger;False;;;;tt0170106;kdybych-byl-tatou;True;False;/file/77192/kdybych-byl-tatou-komedie-1939-cz.html/;/kdybych-byl-tatou-1939-czdab/65ef99166c18f;;
9436;Maratón;0;;m;1968;75.121951219512;102.0;yfhk1pmljqbt24mnkv0t.jpeg;9436-maraton;Československo;komedie / drama / válečný / tragikomedie;Je po válce (prac. název);"POZOR, SPOILER

Městský rozhlas vyhrává Radeckého marš. Dozorce na Pankráci jde na dvorek udělat značku a do služby přichází jeho kolega. To je Němec a je ihned spoután. Následně se vězni dostávají ven a rozbíhají se. Je do nich stříleno. Střelba pokračuje, i když na nádvoří přijíždí vůz s dalšími lidmi. Němci pronásledují uprchlíky a střílejí jako zběsilí. 

Mladík Ruda Střecha naslouchá staršímu spoluvězni, který mu dává pokyny. Ten je však zasažen a umírá. Rudu dovede nějaký člověk do bytu, kde je pouze služebná Karla. Ta mu dá základní věci a spolu jdou rozbouřenou Prahou. On jí tahá kufr s cementem jejímu tatínkovi na prasečí chlívek. Nakonec se oba ocitají ve sklepě. 

Jarda Střecha na Moravě zabaví z opuštěného vozu zařízení k pálení špiritusu. Ten mu je později odebrán a on je degradován. Přesto je vyslán směrem ku Praze, protože zná dobře trasu. 

Ruda se mezitím pouští do boje s muži ve škole. Konečně získal pušku, po které nesmírně toužil. Pak stále doprovází Karlu směrem k jejímu domovu. Neví, že jeho bratr je právě mezi parašutisty v letadle a po seskoku se blíží k Praze. 

Ruda s Karlou jsou nuceni se vrátit, a tak se ukryjí v bytě, kde Karla sloužila. Spí spolu v jednom pokoji a ráno dojde k přestřelce. Byli objeveni, když Karla dala větrat peřinu z okna.  

Rusové se hrnou ku Praze, a když vidí nacistický tábor, tak si jej dle rozkazu nevšímají. 

V Praze se odehrává velké drama, byt, kde je Ruda s Karlou, už je obklíčen a střílí se jako u Verdunu. 
 
Tanky zastavuje až most přes Labe. Nacisté sem přišli s bílým praporem	a kapitulují. Tanky pokračují přes všechny překážky, čímž se Jarda, sedící v jednom z nich, blíží k Rudovi. Ten již opustil byt a pokouší se před nacisty ukrýt, kde se dá. Sejdou se oba bratři?";;31.12.1968;2. světová válka, Praha, rok 1945;;;Ivo Novák;Jaromír Hanzlík, Jana Brejchová, Vladimír Menšík, Karel Höger, Zdeněk Štěpánek, Petr Kostka, Bohuš Záhorský, Ivan Mistrík, Svatopluk Matyáš, Radoslav Brzobohatý, František Peterka, Přemysl Kočí, Josef Langmiler, Josef Větrovec, Jan Cmíral, Vít Olmer, Štěpán Bulejko, Jaroslav Mareš, Jan Skopeček, Čestmír Řanda, Jaroslav Moučka, Lubomír Kostelka, Zdeněk Kryzánek, Miloš Hlavica, Vlasta Chramostová, Jiří Steimar, Marie Brožová, Svatopluk Beneš, Rudolf Pellar, Gustav Opočenský, Jindřich Narenta, Jiří Pleskot, Taťána Vavřincová, Jorga Kotrbová, Jaroslav Satoranský, Jaroslav Mařan, Lubomír Bryg, Arnošt Faltýnek, Ivo Gübel, Miroslav Homola, Zdeněk Hodr, Ivan Vyskočil, Karel Hábl, Jaromír Spal, Vilém Besser, Václav Fišer, Josef Kemr, Zdeněk Kutil, Jiří Zahajský, Miloš Willig, Zdeněk Braunschläger, Eduard Dubský, Rudolf Jelínek, Aleš Helcelet, Jan Jílek, Jiří Krampol, Otto Lackovič, Ladislav Čermák, Jindřich Heidelberg, František Hruška, Norbert Chotaš, Eva Jandáčková, Jan Kotva, Stanislav Litera, Jan Diviš, Jan Faltýnek, Karel Hlušička, Vladimír Hrabánek, Bohumil Koška, Vladimír Linka, František Mareš, Karel Hovorka, Miloslav Šindler, Jaroslav Toms, Otakar Rademacher, Zdeněk Najman, Eva Vlachová, Ivo Niederle, Karel Vítek, Antonín Molčík, Jiří Cimický, Jan Pohan, Petr Svojtka, Ladislav Trojan, Zdeněk Ornest, Václav Sloup, Ladislav Potměšil, František Marek, Karel Engel, Jiří Kasík, Antonín Kryl, Jindřich Sejk, Jan Víšek, Vladimír Hrubý, Oldřich Semerák, Eliška Konopisková, Ludvík Wolf, Petr Sedláček, Miloslav Novák;False;;;;tt0063274;maraton-1968;True;False;/file/83835/maratonec-1976-krimi-thriller-aac-5-1-1080p-cz-dabing.html/;/maraton-1968-cz-dab-1080p/e2ed7917ce98f701;;
17050;Takový je život;0;;m;1929;83.333333333333;63.0;nt55ewakl4cxpd7eeei2.jpeg;17050-takovy-je-zivot;Československo;drama;"Román pražské pradleny; Taký je život (SK); Such Is Life; The Story of a Prague Washerwoman";"Autorský snímek německého režiséra Carla Junghanse zachycuje tragický příběh stárnoucí pradleny, z jejíž dřiny těží prostopášný manžel – násilník a alkoholik. Film se liší od běžné dobové produkce odvážným střihem, který připomíná estetiku sovětského filmu. Zrychlený střih vytváří emotivní a symbolickou rovinu a zároveň posiluje sociální dimenzi filmu: zlost manželské hádky, zběsilost tance na hospodském stole, tíha osudu pradleny procházející mezi skličujícími sochami. Navzdory nástupu zvukového filmu na konci 20. let snímek vznikl jako němý, což se podepsalo na jeho finančním neúspěchu. Přesto patří mezi uznávané filmy vrcholné němé éry světové úrovně. Zdrojem pro digitalizaci byla nejstarší dochovaná kopie, vyrobená v padesátých letech minulého století z kopie, která předcházela českou premiéru v roce 1930 a nebyla tak zkrácena cenzurními zásahy. Tato kopie obsahuje také mezititulky vytvořené v padesátých letech, které jsou stručnější než mezititulky původní. Při digitalizaci byla respektována integrita této kopie.

Jeanne Pommeau
MFF Karlovy Vary 2016";;09.05.1930;;;;Carl Junghans;Vera Baranovskaja, Theodor Pištěk, Máňa Ženíšková, Wolfgang Zilzer, Jindřich Plachta, Eman Fiala, Valeska Gert, Betty Kysilková, Ludvík Veverka, František Kreuzmann, Viktor Nejedlý, Zdena Kavková, Vladimír Smíchovský, František Hlavatý, Milka Balek-Brodská, Filip Balek-Brodský, Manja Kellerová, Lidija Triděnskaja, Edith Ledererová, Max Körner, Václav Žichovský, Božena Šupková, Rudolf Lavecký, Karel Šindler, Josef Oliak, František Juhan, Roza Schlesingerová, Alfred Schlesinger, Josef Kobík, Emil Šulc, Antonín Šolc;False;;;0+;tt0020427;;True;False;;/takovy-je-zivot-1929-czdab/65d694e662536;;
28956;Pražská terčovnica;0;;m;1982;83.333333333333;72.0;oo0whqg09qyt8m2t27s3.jpeg;28956-prazska-tercovnica;Československo;drama / krimi;Pražská terčovnica;"Televízny film o pátraní po ukradnutých historických zbraniach.

Zdroj: RTVS";;;;;;František Chmiel;Michal Dočolomanský, Ivan Mistrík, Vladimír Durdík, Miluše Šplechtová, Andrej Hryc, Rudolf Jelínek, Ctibor Filčík, Anton Mrvečka, Vladimír Obšil, Michal Slivka, Julie Jurištová, Géza Galán, Viktor Blaho, Július Vašek, Dalimil Klapka, Karolina Slunéčková, Hana Gregorová, Eva Svobodová, Imre Fazekaš, Norina Bobrovská, František Desset;False;;;12+;;;False;False;/file/20708/prazska-tercovnica-1982-sk-tvrip.html/;/prazska-tercovnica-1982-hevcoffee/6677693c85061;;
12366;Pan Puntila a jeho služebník Matti;0;;m;1973;83.333333333333;;https://prod-fdb-storage.fra1.cdn.digitaloceanspaces.com/placeholders/General.png;12366-pan-puntila-a-jeho-sluzebnik-matti;Československo;adaptace;Pan Puntila a jeho služebník Matti;"Pro většinu televizních diváků to asi bude vůbec první seznámení s tímto „předpotopním zvířetem"", jak říká hrdinovi své inscenace, kterou právě dokončil v pražském studiu, režisér <a href=""https://www.fdb.cz/osobnost/237482-lothar-bellag"">Lothar Bellag</a>. <a href=""https://www.fdb.cz/osobnost/112775-bertolt-brecht"">Bertolt Brecht</a> divadelní hra PAN PUNTILA A JEHO SLUŽEBNÍK MATTI je totiž u nás méně známa než řada jiných děl tohoto význačného německého autora. Také jméno režiséra bude asi překvapením. Přijel totiž na pozvání Československé televize jako vůbec první v rámci připravované dohody o výměně televizních režisérů mezi socialistickými televizemi. V Berlíně je místopředsedou Dramatického svazu a šéfrežisérem televizního dramatického vysílání. Pro nás ale především dlouholetým Brechtovým žákem a asistentem. Jeho obdivovaný Mistr prý říkával o Panu Puntilovi, že je to „lidové divadlo"" a režisér Bellag dodává, jak už jsme naznačili, také veselé loučení s předpotopním zvířetem: „[i]Statkář, to je pro nás návrat do doby, která u nás znamená už jenom historii, ovšem pro velkou část naší zeměkoule stále ještě tíživou přítomnost. Tím je tedy aktuální a vždy zůstane.[/i]""

Pan Puntila je ale statkář pojatý po brechtovsku: Ve střízlivém stavu myslí a jedná jako typický představitel své třídy. Když se však opije, stává se z něho málem rozumný a spravedlivý člověk. Pije sice skoro pořád, ale přece jen stačí v krátkých intervalech bdělého vědomí všechny své slušné skutky obrátit na hlavu. Jeho šofér Matti s ním nemá snadný život. Naštěstí dovede stát pevně oběma nohama na této zemi a svou přirozenou proletářskou moudrostí zvládne každou situaci. V jedné z největších scén, když mu pán vnucuje svou dceru za ženu, předvede zhýčkané slečně, jak by asi vypadal její život manželky chudého šoféra. A to tak vtipně a přesvědčivě, že se slečinka i její tatínek dají raději na ústup, což znamená, že Evička dá přednost „sarančeti ve fraku"" a papá s těžkým srdcem obětuje les.

Režisér <a href=""https://www.fdb.cz/osobnost/237482-lothar-bellag"">Lothar Bellag</a> se podle vlastních slov snaží, aby jeho inscenace pomohly vyjasnit některá nedorozumění, která kolem Brechta způsobili jeho různí vykladači. Na otázku, jak by tedy měl být z obrazovky interpretován, odpověděl: „[i]Režisér se nesmí pokoušet vtěsnat Brechta do šedesáti minut, které se obyčejně považují za nejvhodnější čas pro hru. Brechtovy hry jsou dlouhé. Musí se proto hrát tak, aby povzbuzovaly fantazii. Pak je divák ochoten sledovat i delší čas. Tahle hra například trvá tři hodiny. Já jsem ji zkrátil na dvě a půl.[/i]“

Práci v Praze považuje <a href=""https://www.fdb.cz/osobnost/237482-lothar-bellag"">Lothar Bellag</a> za velkou a krásnou zkušenost. „[i]Setkal jsem se tu s překvapujícím množstvím lidí, kteří pracují tvořivě, s talentem a fantazií. Závěrečné práce se však v pražském studiu redukují na jeden týden — doma bych měl několikanásobek té doby — takže všechny ty nádherné nápady ani nemohou být uplatněny. Byl bych rád, kdyby příležitost využívat tyto nedoceněné možnosti více vzkvétala.[/i]"" S nadšením pak hovořil o spolupráci s herci, zejména <a href=""https://www.fdb.cz/osobnost/4438-josef-vinklar"">Josef Vinklář</a>, který hraje pana Puntilu, ale i o ostatních, <a href=""https://www.fdb.cz/osobnost/6968-frantisek-vicena"">František Vicena</a>, <a href=""https://www.fdb.cz/osobnost/1489-antonie-hegerlikova"">Antonie Hegerlíková</a>, <a href=""https://www.fdb.cz/osobnost/1584-blazena-holisova"">Blažena Holišová</a>, <a href=""https://www.fdb.cz/osobnost/14855-jarmila-krulisova"">Jarmila Krulišová</a>, <a href=""https://www.fdb.cz/osobnost/10043-eva-hudeckova"">Eva Hudečková</a> a dalších, s nimiž si výborně rozuměl. Pan Puntila je tedy nyní připraven i se svou suitou, aby pobavil diváky a přiměl je k zamyšlení v duchu <a href=""https://www.fdb.cz/osobnost/112775-bertolt-brecht"">Bertolt Brecht</a> a v interpretaci jeho asistenta a žáka.

PLESKOTOVÁ, Eva. [i]Pan Puntila a jeho služebník Matti[/i]. Květy. 1973, roč. 23, č. 28, s. 46 – 47.";;07.12.1973;;;;Lothar Bellag;Josef Vinklář, František Vicena, Eva Hudečková, Otto Budín, Miroslav Homola, Miroslav Moravec, Antonín Hardt, Jarmila Krulišová, Růžena Merunková, Jiří Klem, Antonie Hegerlíková;False;;;;;;True;False;;;;
69338;O chlapečkovi, který se stal kredencí;0;;m;1989;83.333333333333;11.0;xbtw52hb2anqalm8dcne.jpeg;69338-o-chlapeckovi-ktery-se-stal-kredenci;Československo;pohádka / kreslený;O chlapečkovi, který se stal kredencí;"Rodiče všech dětí na celém světě se rozhodli uspořádat sjezd, na kterém se poradí, jak naložit s jejich zlobením. Sjeli se všichni rodiče dětí z celého světa, ale jedni rodiče chyběli. Byli to rodiče Silvestra, nejhodnější chlapečka na světě. Sjezd se usnesl na tom, že se pojedou na Silvestra podívat, aby mohl jít ostatním dětem příkladem. Když přijeli zástupci sjezdu, Silvestr si zrovna myl v koupelně uši, tento den už podvanácté. 

Myje si uši osmnáctkrát za den, v sobotu dvacetkrát. Když se jeho rodiče začali hádat, prohlásil Silvestr, že se nesluší, aby dítě naslouchalo hádce svých rodičů, a odešel si hrát na zahradu s míčem. Tam se mu ale jeho ""být hodný vždy a za všech okolností"" poněkud vymklo z ruky... Když pak rodiče na sjezdu viděli ""nejhodnějšího chlapečka na světě"", byli nakonec docela rádi, že jejich děti občas zlobí...

Nonsensovou pohádku podle stejnojmenné pohádky Miloše Macourka vypráví Petr Nárožný, výtvarně zpracoval Adolf Born.";;;;;;Jaroslav Doubrava, Adolf Born, Miloš Macourek;;False;;;;;;False;False;;/o-chlapeckovi-ktery-se-stal-kredenci-csr-1989-animovany-kratkometrazni-komedie-rodinny/5d4e4d6ebd19d;;
68738;Nebuďte mamuty;0;;m;1967;83.333333333333;10.0;9grdu3qeo9dtpbb0jbsq.jpeg;68738-nebudte-mamuty;Československo;animovaný;Do Not Wake Up the Mammoths;"Byl jeden kluk Mikuláš a ten měl kamaráda Leopolda. Mikuláše nebavil život obyčejného „kluka“. Každý den do školy a tak dále... takový králík se má asi mnohem líp a toužil stát se králíkem. Někde slyšel, že umělé dýchání může živou bytost oživit, důležité je vytrvat. A tak to s Leopoldem zkusí na mamuta ve školním kabinetě. A světe div se, oživování se povede, mamut se probudí a „slupne“ Mikuláše... Je lepší být mamutem nebo klukem Mikulášem? O tom se teď Mikuláš může přesvědčit na vlastní kůži. 

To vše v příběhu podle Miloše Macourka v převyprávění Vlastimila Brodského.";;;;;;Stanislav Látal, Miloš Macourek;Vlastimil Brodský;False;;;0+;;;False;False;;;;
68182;Medulienka;0;;m;1985;83.333333333333;54.0;rov2f84hc73lnm4qkdtf.jpeg;68182-medulienka;Československo;pohádka;Medulienka;Medulienka je bystrá, milá a dobrá princezná, ktorej osud ľudí, žijúcich v jej krajine naozaj nie je ľahostajný. A tak má tichú dohodu s kráľom, svojim otcom, že na kráľovskej rade vždy úsmevom odobrí výnos rospešný pre ľudí a znemožní tak chamtivým radcom podsúvať kráľovi nezmysly. Funguje to výborne, až do momentu, keď si Medulienka zlomí zub. A pretože sa veľmi, ale naozaj veľmi bojí zubára, nezájde k lekárovi, - odmietne sa usmievať, odmietne sa ukazovať na verejnosti a tak sa nemá kto postaviť proti radcovskej zlobe a chamtivosti.;;;;;;Cyril Králik;Zuzana Frenglová, Ondrej Jariabek, František Dibarbora, Andrej Hryc, Božena Slabejová, Oľga Šalagová, Peter Rúfus, Andrej Mojžiš, Viera Bálinthová;False;;;0+;;;False;False;;/medulienka-1985-720p-hdtv-x264-sk-by-marecek/587545e139e6f;;
107564;Jak sluníčko vrátilo štěňátku vodu;0;;m;1960;83.333333333333;9.0;wbx4jwfnbuxu5pof66mh.jpeg;107564-jak-slunicko-vratilo-stenatku-vodu;Československo;dětský / kreslený;Jak sluníčko vrátilo štěňátku vodu;;;;;;;Zdeněk Miler;Jiří Prager, Viola Zinková, Josef Kemr, Antonín Jedlička;False;;;0+;tt0426047;;True;False;;/jak-slunicko-vratilo-stenatku-vodu/64dcfe1941215;;
99226;Jak se sedlák se selkou ulakomili;0;;m;1968;83.333333333333;8.0;https://prod-fdb-storage.fra1.cdn.digitaloceanspaces.com/placeholders/General.png;99226-jak-se-sedlak-se-selkou-ulakomili;Československo;pohádka;Jak se sedlák se selkou ulakomili;Sedlák se selkou se před obědem dozví, že k nim jde na návštěvu kmotr. O svůj bohatý oběd se s ním dělit nechtějí, a tak rychle poschovávají vše, co mají na stole. Oknem je ale sleduje jejich synek. Přicházející kmotr slyší v chalupě smích a ptá se synka, čemu se jeho rodiče smějí. Synek po pravdě odpoví a všechny skrýše kmotrovi prozradí. Kmotr dá synkovi krejcar na kolotoč. A jak se získanými informacemi naloží?;;;;;;Ludvík Ráža;Dana Medřická, Jan Skopeček, Josef Větrovec;False;;;0+;;;True;False;;/ceske-pohadky-8-dil-jak-se-sedlak-se-selkou-ulakomili/580182cd5d35c;;
93047;Bankinghouse Khuwich and comp.;0;;m;1985;83.333333333333;74.0;hbua8yqwmiqywuobnwo5.jpeg;93047-bankinghouse-khuwich-and-comp;Československo;komedie;Bankinghouse Khuwich and comp.;"Televízna inscenácia klasickej komedie Ivana Stodolu o nelahkom živote našich vysťahovalcov v Amerike.
Archiv STV";;;;;;Peter Opálený;Oldo Hlaváček, Emília Vášáryová, Ivona Krajčovičová, Vlado Černý, Eduard Bindas, Július Satinský, Igor Čillík, Eva Landlová, Tibor Krieger, Zora Podlucká, Ján Hrabina, František Rác, Miloš Pietor, Ľubomír Gregor;False;;;12+;;;False;False;;;;
75357;O princezně Solimánské;0;;m;1984;75.357142857143;29.0;gq6lam03x3kk8y78v1b3.jpeg;75357-o-princezne-solimanske;Československo;dětský / pohádka;O princezně Solimánské;"POZOR, SPOILER

Ocitáme se v Solimánii, kde všichni lkají nad tím, že princezna nic nejí. Zato sultán se cpe jak nedovřený a přemýšlí i s rádci o tom, co je s princeznou. Nikdo na nic nepřijde, ale do toho přichází noví lidé. Mezi nimi je i muž, který má řešení. Je to pan Novák a navrhuje povolat lékaře z Evropy, protože ti zdejší jsou „nevzdělaný hovada“. 

Nu, uběhne nějaká doba a poslové přivádějí drvoštěpa. Tomu sultán přikáže, aby mu dceru vyléčil. Z toho je drvoštěp na větvi a musí na vzduch. Tady vidí stromy, takže je pokácí, a když jí chleba s tvarohem, přichází princezna. Dostane chleba i tvaroh a také práci. Když sem přijde sultán, je princezna zdravá. Jenže nechce, aby drvoštěp odjel, a tak ten musí použít ještě jeden lék. Jmenuje se metličkový...";;;;;;Libuše Koutná;Vladimír Brabec, Ilona Svobodová, Josef Dvořák, Jiří Lábus, Ladislav Trojan, Pavel Zedníček, Ota Jirák, Jiří Hálek, Vítězslav Jandák, Pavel Havránek, Roman Skamene, Jan Kuželka, Vítězslav Bouchner, Jan Klár;False;;;0+;tt2224381;;True;False;/file/55066/capkovy-pohadky-o-princezne-solimanske-1984-pohadka-1080p.html/;/o-princezne-solimanske-1984-czdab/62058b8537e3e;;
12512;Past;0;;m;1950;75.142857142857;94.0;h89hqsn8liw7sdxyvc5x.jpeg;12512-past;Československo;drama / vojenský;Past;"Na nádraží jsou vítáni nacističtí vojáci. Jeden z železničářů jim provrtá válec tlakové brzdy na jednom z vagónů.

Bohužel je to objeveno příliš brzy a začíná se zatýkat. 

Mladá odbojářka Růžena dostává úkol - má jet do Pardubic. Jenže na nádraží je šťára a ona je zatčena. Když čeká na výslech, zastaví se u ní gestapák Dönnert. Již se s ní kdysi setkal, ovšem pod jiným jménem i příjmením. Tento byl upozorněn kriminálním radou na někoho jménem Čermák. Potřebuje jej dostat jako hlavní osobu odboje. Dönnert nejprve nechá Růženu vyslechnout náckem Hansem, ale ten z ní nic nevytáhne. Jenže Dönnert tuší šanci, a tak k ní na celu posílá svou milenku Hertu. Ta tam přijde jako Anna Nováková a dost rychle si získá Růženinu důvěru. Dívka jí prozradí některé věci a Anna toho využije. Sebere i klíč od trezoru, kde vybere s Hansem všechny peníze. Jenže ani ve skupině nejsou zrovna padlí na hlavu a mají podezření. Navíc se Růženě povede útěk. Když je u výslechu týrána, přijde náhodou k propustce a použije ji. Primitivně připravený útěk se podaří a gestapo je jí v patách. Jenže ona zvoní na dveře Anny. Zde objeví, co je Anna zač. Její kolegové chystají nějaké akce a ty jsou prozrazeny. Gestapo se těší na velké úspěchy.";;17.11.1950;2. světová válka, vězení, nádraží, Protektorát, gestapo, odboj, Němci, agentka;;;Martin Frič;Vlasta Chramostová, Majka Tomášová, Miloslav Holub, Otomar Krejča, Vladimír Ráž, Jaroslav Mareš, Karel Peyr, Věra Kalendová, Terezie Brzková, Vladimír Hlavatý, Milka Balek-Brodská, Marie Ježková, Ella Nollová, Bedřich Bozděch, Emil Bolek, Mirko Čech, Jindřich Doležal, František Miroslav Doubrava, Bohuš Hradil, Stanislav Jareš, Ferdinand Jarkovský, Antonín Jirsa, Magda Kopřivová, Jiří Kostka, Josef Kozák, František Marek, Marie Nademlejnská, Jarmil Škrdlant, Jan S. Kolár, Ivo Niederle, Štěpán Bulejko, Jaroslav Štercl, Miloslav Jenčík, Jindra Hermanová, Dagmar Táborská;False;;;;tt0169118;past-1950;True;False;/file/31777/past-drama-1950-cz-dabing.html/;/past-drama-1950-cz-dabing/60b38e0c25aec;2146-Smrtonosna-past;
10520;Muži bez křídel;0;;m;1946;75.142857142857;79.0;eogmp7v01m7fbd94eups.jpeg;10520-muzi-bez-kridel;Československo;drama / vojenský;Men without Wings;"POZOR SPOILER

Byl spáchán atentát na <a href=""https://www.fdb.cz/osobnost/217794-reinhard-heydrich"">Reinhard Heydrich</a>. Tajemnici ředitele Janu Tomešovou vozí do práce i zpět esesman. Upovídaný fricek Ullmann jí povídá o zachycené vysílačce na letišti. Bude se tam dělat velký zátah. Zde velí českým lidem mistr vedoucí mechanik Bureš. Ten musí podniknout protiakce. U Lidic se srocují Němci. Vesnička je obklíčena a nikdo nepronikne. Jen jednomu muži s klukem Jirkou se povedlo projít. Muž se jmenuje Petr Lom a je mechanikem. Lidice jsou vypáleny a Petr s Jirkou nemají kam jít. Petra vezmou na letiště a Jirka se mezi dělníky také ztratí, i když se mu slečna Marta Pohlová z pošty trpělivě věnuje. Bureš načapá Petra, jak chce pronést granáty a zakáže mu to. Chlapi sice dělají drobné sabotáže, ale tak, aby nezavdali příčinu k represím. Také občas ukradnou a ukrývají zbraně a munici. A Jirka o tom něco ví. Jen proto je také nachytán Ullmannem, když vytahoval granáty ze skrýše. Dochází k vyšetřování, nátlaku a posléze i vraždě dítěte, jímž Jirka ještě bezesporu byl. Pak navíc Ullmann zachytí Janě šifrovanou zprávu. Naštěstí je tak pitomý, že se ujme pátrání sám. Chce najít pisatele. A proto je chlapy z dílen vlákán do pasti a zabit. Petr zjišťuje, že Marta peče s nacisty, a to jej dosti rozhodí. A protože má zbraň, najde si ji a zastřelí. Netuší, že už vše udala a gestapo si pro Janu jede. Potká ji ve venkovním skladu a varuje ji. Posílá ji pryč a sám se staví proti přesile…";;25.10.1946;;;;František Čáp;Gustav Nezval, Ladislav H. Struna, Jaroslav Zrotal, Vladimír Hlavatý, Jan W. Speerger, Jaroslav Seník, Karel Peyr, Jiřina Petrovická, Eduard Linkers, Pavla Vrbenská, Marie Nademlejnská, Alois Dvorský, Ferdinand Jarkovský, František Marek, Jiří Pravda, Darja Hajská, František Miška, Václav Neužil, Eduard Dubský, Miloš Vavruška, Marie Vášová, Slávka Doležalová, Radovan Lukavský, Václav Irmanov, Ladislav Hájek, Jiří Hurta, Karel Pfeiffer, Pavel Hromek;False;;;;tt0038760;;True;False;/file/28981/muzi-bez-kridel-frantisek-cap-1946-cely-film-.html/;/muzi-bez-kridel-1946-cz-film/b12b53b0d802f4f9;;
21183;Ja milujem, ty miluješ;0;;m;1980;75.384615384615;100.0;26feoeybaflp417hxg2j.jpeg;21183-ja-milujem-ty-milujes;Československo;drama / černá komedie / romantický / evropská tvorba;I Love, You Love;"Snímek Dušana Hanáka Ja milujem, ty miluješ, na jehož scénáři se s režisérem podílel Dušan Dušek, byl natočen v roce 1980. Do kin se však dostává s devítiletým zpožděním, způsobeným absurdním direktivním rozhodnutím. Hlavním důvodem zákazu byla údajná „ošklivost"" všech postav díla, pochmurnost jeho ladění. Jenže Hanákův film se svým tématem dotýká základních hodnot člověka, usiluje právě o postižení niterného lidství, byť u postav z okraje společnosti. -- Starý mládenec Pišta přemáhá handicap svého nehezkého vzhledu především alkoholem. Věří v přátelství se svým kolegou z vlakové pošty, „světáckým"" Vincem. Ten však nešťastně zahyne a osamělý muž získá vysněnou přízeň Vincovy milenky Viery. Děj se odehrává v nevábném prostředí nádražní poštovní překládky, na neutěšené svobodárně a na vesnici. Jeho hrdinové jsou neobvyklí, ale i oni proživají svůj život, mají svá vítězství i své prohry. Dušan Hanák právě těmto osudům dovede naslouchat, dovede je s tvůrčí pokorou zachytit a povýšit na umělecký obraz světa. Staví především na kontrapunktu obrazu a slova, na jímavé tragikomičnosti situací, na citovém působení, na poetičnosti bizarního a pitoreskního prostředí. Je to originální stylizace autentické reality, jež umožňuje hluboce působit na diváka zdánlivě jednoduchými fakty. Snímek svou formou i sdělením navazuje na Ružové sny (1976) a souzní i s Tichou radostí (1985). Na 39. MFF v Západním Berlíně 1989 získal Dušan Hanák Stříbrného medvěda za nejlepší režii a film Zvláštní zmínku poroty FIPRESCI „za jednoduchost a sugestivitu uměleckých prostředků, jimiž se vypráví o pocitech a nadějích současníků.""

Autor/Zdroj: /Filmový přehled";;01.06.1989;KVIFF.TV, dafilms.cz;;;Dušan Hanák;Roman Klosowski, Iva Janžurová, Milan Jelić, Milada Ježková, Václav Babka, Marie Motlová, Ľudovít Reiter, Juraj Nvota, Eszter Czakániová, Ivan Palúch, Věra Bílá, Eva Vidlařová, Milan Fiabáne, Igor Latta, Mária Hojerová, Karel Fridrich, Jarmila Karasová, Mátyás Dráfi, Peter Glocko, Leopold Haverl, Stano Dančiak, Ivan Romančík, Božena Slabejová, Jozef Mifkovič, Viktor Blaho, Michal Hraška, Katarína Binderová, Ján Kramár, Zuzana Kronerová;False;;;18+;tt0123920;ja-milujem-ty-milujes;False;False;/file/06582/ja-milujem-ty-milujes-1980-novinka-cz-dabing-full-hd-1080p-pucci-film.html/;/ja-milujem-ty-milujes-1980-sk-tvrip/f4ef302aa718ee9d;;
22711;Zvony pre bosých;0;;m;1965;75.882352941176;96.0;gu70o670msfvkduqjhqv.jpeg;22711-zvony-pre-bosych;Československo;drama / vojenský / evropská tvorba;Čakanie na smrť;"V horách se na konci války dostanou dva partyzáni, Ondrej a Stašek do krátké přestřelky, při které dva fašisty zabijí, třetí, úplný mladíček Hans Joachim Gruber se ještě na smrt nepřipravil a zkouší situaci přežít. Chlapec není zvyklý lézt po horách v hromadách sněhu, zdržuje postup, mezi partyzány dojde ke sporu, proč se táhnout s fašounem, nejlepší by prý bylo jej zastřelit jej. Dospějí cestou až na místo štábu, který již neexistuje. Je noc a jde se spát. 

Ráno, když se probudí, znejistí, protože mladík není na svém místě. Domnívají se, že jim bosý utekl. Ale on si musel odběhnout kousek od bunkru na záchod. Dojde k situaci, že Hanse nechce zastřelit ani jeden z nich, proto jej opustí a on v cizím kraji zůstává sám. Ale netrvá to dlouho a jsou opět všichni tři pohromadě. Ondrej je zraněný do nohy, sesune se lavina sněhu, Hans zasypaného zachrání. Mezi muže se dostává i Verona, která zůstala na konci války sama. Objeví se skupina Němců s velitelem, nadporučíkem, kteří hledali cestu, jak se před Rudou armádou dostat do amerického zajetí...";;24.12.1965;;;;Stanislav Barabáš;Vlado Müller, Ivan Rajniak, Axel Dietrich, Ewa Krzyzewska, Radovan Lukavský, Jozef Sorok, Pavol Benca, Viera Strnisková, Hugo Kaminský, František Gervai, Hugo Kaminský, Hans Brückner, Anton Drobný, František Török, Viera Strnisková, František Gervai;False;;;12+;tt0124222;the-bells-toll-for-the-barefooted;False;False;/file/67469/zvony-pre-bosych-1965-sk-tvrip.html/;/zvony-pre-bosych-1965-sk-tvrip/61b75d0d96c4a;;
20744;Útěk s Cézarem;0;;m;1989;75.882352941176;82.0;dujgebe349lzhogo2pqi.jpeg;20744-utek-s-cezarem;Československo;dětský;Jdu hledat Labe;"POZOR, SPOILER

Malý Radek je se svým psem Cézarem venku a kouká na silnici. Pak jej někdo volá a on spěchá za hlasem.  Totiž, k dědovi a babičce, kde zatím přebývá, protože tatínek je někde pryč. Máma mu umřela, tvrdí otec i ostatní. 

Radek má kamarádku Mílu, které zničí kolo. Ale ona má na tom také svůj podíl viny, protože mu neřekla, že kolo nebrzdí. A tak budou šetřit na nové.

Tatínek se vrací a přivezl si novou ženu Lenku. Radkovi se to ale moc nelíbí. 

Obě děti chodí po okolí s poštou a také vypomáhají s drobnými pracemi. Aby měly na to nové kolo. 

Radkův otec si bere Lenku. Na této svatbě si Radek drobátko poničí nové svatební šaty, protože jezdil na koni. Později přijde domů a dozví se, že jeho psa dali dědovi. To jej mrzí, je to jeho jediná vzpomínka na matku, která mu psa darovala. A tak se také dozví od jedné sousedky, že jeho máma žije. Radek se tedy začne vyptávat a zjistí, že jeho matka utekla do Německa. 

Pak umře jeden „děda“ ze sousedství. Radek to ještě moc nechápe. Přijde zima a Radek začíná Lenku konečně oslovovat jménem.  Dozví se také, že bude mít sourozence. 

Cézar mizí a všichni ho hledají. Najdou ho v lese, kde se chytil za řetěz, ke kterému byl původně uvázán. 

Jednoho dne přichází dopis od Radkovy matky. Otec tvrdí, že v něm není nic zvláštního. Jenže Radek se k dopisu dostane a poprosí paní učitelku, aby mu jej přečetla. Následně si ihned balí věci a vydává se do neznáma na cestu za svou matkou...";;01.06.1990;pes, emigrace;;;Jiří Hanibal;Matouš Soukenka, Zdeněk Žák, Zuzana Schulzová, Jiří Samek, Anna Ferencová, Adriana Demartini, Jakub Zdeněk, Gabriela Wilhelmová, Karel Koloušek, Barbora Srncová, Ladislav Potměšil, Jaroslava Brousková, Vanda Švarcová, Jan Kuželka, Václav Babka, Igor Smržík, Jana Smrčková;False;;;0+;tt0268777;;True;False;;;2667-Utek-s-Cezarem;
20303;Železný dědek;0;;m;1948;74.525547445255;83.0;5b36vom7tc5beued8x5z.jpeg;20303-zelezny-dedek;Československo;komedie;Old Ironside;"POZOR SPOILER

Strojvůdce Antonín Matys řídí se svým zetěm Vojtou Janderou lokomotivu, když na ně začne nalétávat letadlo. Je totiž válka. Všichni se běží ukrýt, jen Matys zůstává na lokomotivě a zajede s ní do tunelu. Při tom je raněn do nohy.
Vlivem zranění je dočasně neschopen práce a polehává doma. To jej štve a vzpomíná na svou lokomotivu, které říká Líza. Jeho zeť zrovna dostává papíry, a je z něj také strojvůdce. 
A je po válce. Matys dostává obsílku k lékaři. Vojta má pohotovost, ale protože se mu zrovna narodí syn, jde mezi kamarády, aby jim to všem řekl. Přitom se ovšem nacamrá jako ta slíva a neví, že má jet pro uvízlý rychlík. Ale dozví se to tchán a ihned chvátá místo něj. Přitom zadrží utržené vagony a zabrání tím neštěstí. Legrace je v tom, že za to má dostat odměnu Vojta, a ten ji nechce. Raději by se přiznal, ale nátlak i ze strany jeho ženy jej donutí, aby ji přijal.  	
Na základě lékařského vyšetření dostává Matys dopis o trvalé výslužbě. Když se jde opět podívat na Lízu, spřátelí se s partou kluků a rozhodnou se Lízu opravit tak, aby byla schopná provozu. Jenže tou dobou se znova hovoří o krádežích a podezřelý je právě Matys. Když mu zpod kabátu vypadne vrtačka, mají někteří lidé jasno. A tak je posazen na točnu, aby jej do toho důchodu slavnostně otočili…";;03.12.1948;;;;Václav Kubásek;Jaroslav Marvan, Marie Ježková, Otomar Krejča, Vítězslav Boček, Vladimír Hlavatý, J. O. Martin, Lubomír Lipský, Emil Bolek, Stanislav Neumann, Ladislav Kulhánek, Karel Effa, Pavel Spálený, Jaroslav Orlický, Josef Steigl, Ladislav Sedláček, Antonín Šůra, Bolek Prchal, Jarka Pižla, Josef Hlinomaz, Emil Dlesk, Jindra Hermanová, Vilém Prokop Mlejnek, František Marek, Marie Kautská, Karla Kučerová, Božena Herrmannová, M. Magálová, Vladimír Dvorský, Vladimír Macour, Františka Horáková, Karel Vavřík;False;;;;tt1464609;zelezny-dedek;True;False;/file/12625/zelezny-dedek-komedie-1948-cz.html/;/zelezny-dedek-1948-czdab/61cfcda5d31a0;1098-Zelezny-dedek;
11731;O věcech nadpřirozených;0;;m;1958;74.745762711864;107.0;0frrexim7xqustngixp8.jpeg;11731-o-vecech-nadprirozenych;Československo;komedie / fantasy / thriller / evropská tvorba;;"POZOR SPOILER!!

Glorie
V bance Slavie se panu Šemberovi narodí dvojčata. Aby mohl radost vychutnávat, nabídne se mu kolega Knotek, že jeho výpočty odnese nadřízenému sám. Ovšem tyto jsou velmi špatné a je z toho průšvih až na půdu. Knotek chce vše vysvětlit, avšak není mu dopřáno sluchu. A když jej druhý den Šembera navštíví, rozhodne se mlčeti i nadále. V tu ránu se mu nad hlavou objeví svatozář. Tj. obrovské pozdvižení pro lid okolní. Knotek pak končí jak na policii, tak i na psychiatrii a i v kostele hledá spásu. Leč podivnosti této nemůže se stále zbavit. Až když se rádně rozčílí a každému řekne vše popravdě, věc nad jeho hlavou zmizí.

Tajemství písma
Starožitník Karas se neustále obává nevěry své ženy. Zaměstná i detektivní kancelář a nechá svou ženu sledovat. Jednoho dne jeho známý, soudce, hezky odhalí lež přímo při soudním jednání. To starožitníka přesvědčí, aby poslechl jeho rady a poslal ženu do lázní. Ve městě se objevuje tajuplný muž Jensen, který dokáže jen z písma povahu člověka odhalit. Oba muži se rozhodnou prověřit jeho znalosti. Dopis Karasovy ženy je čten, jako že jeho manželka je poctivá. Soudce podá písmo jako druhý a to je odhaleno jako písmo zlé osoby. I dále jej Jensen rozebere a až pak soudce zjistí, že spisy nechal jinde a Jensen „četl“ písmo jeho manželky. Karas pak obdrží dopis od své ženy, dopis poslaný omylem jemu, ačkoli adresován jinému muži…

Právní případ
Jan Kupr při jízdě automobilem zapříčiní pád rakve. Z ní se vyhrabe mrtvý dědeček Antonín Bartoš a zdá se, že je více než živ. Jenže - rodina vydala na pohřeb peníze a nyní má obavy, že bude muset funus platit znova. A má děda vůbec nárok na penzi? Vždyť je přece mrtev. A tak Bartoš uhání o peníze nešťastného pana Kupra. Pronásleduje jej na každém kroku. A to povede k nedobrému konci.";;09.01.1959;Praha, pes, prokurista, banka, svatozář;;;Jiří Krejčík, Jaroslav Mach, Miloš Makovec;Ladislav Pešek, Vlastimil Brodský, Felix le Breux, Bohuš Záhorský, Eman Fiala, Rudolf Deyl, Oldřich Nový, Irena Kačírková, Jaroslav Marvan, Elena Hálková, Karel Effa, Eduard Dubský, František Filipovský, Václav Trégl, Miloš Nedbal, Bedřich Vrbský, Josef Kemr, Václav Vydra, Gustav Hrdlička, Lubomír Lipský, Stanislav Langer, Josef Šidlichovský, Emil Dlesk, Lola Skrbková, Milka Balek-Brodská, Stanislava Seimlová, Bedřich Bozděch, Jiří Ropek, Marie Rosůlková, Fanda Mrázek, Světla Svozilová, Milada Želenská, Hermína Vojtová, Eva Šenková, Vladimír Klemens, Jaroslav Heyduk, Jiřina Bohdalová, Ema Skálová, Vladimír Huber, Eva Svobodová, Otto Budín, Bohuš Rendl, Darja Hajská, Jan S. Kolár, Lubomír Kostelka, Václav Švec, Jaroslav Cmíral, Karel Pavlík, Ladislav Kulhánek, Vladimír Pucholt, Vítězslav Černý, Hynek Němec, Světla Amortová, Miloš Kopecký, Věra Váchová, Jan Pelikán, Anna Marková, Gejza Sedlák, Miloslav Novák, Valentin Knor, Ladislav Gzela, Heda Marková, Mirko Musil, Vratislav Blažek, Bedřich Ulrych;False;;;;tt0052018;o-vecech-nadprirozenych;True;False;/file/43930/o-vecech-nadprirozenych-komedie-1958-cz-dabing.html/;/o-vecech-nadprirozenych-komedie-1958-cz-dabing/60ad5223cea82;;
3813;Deváté srdce;0;;m;1978;74.41860465116301;88.0;gqxc1sy8t8w1xb7kjqfi.jpeg;3813-devate-srdce;Československo;fantasy / horor / pohádka / rodinný / romantický / evropská tvorba;The Ninth Heart;"Potulný student Martin se dozví o podivném panovníkovi a jeho starostech: princezna Adriena trpí zvláštní nemocí, ve dne je duchem nepřítomná, v noci odchází neznámo kam. Martin se dostane do vězení, odkud mu však pomůže kouzelný plášť. Přihlásí se jako dobrovolník, který má osvobodit princeznu. Od dvorního šaška se dozví příčinu jejího strádání. Před časem ji astrolog hrabě Aldobrandini prostřednictvím hypnotického spánku a nápojem z krve lidských srdcí očaroval. Chce jejím prostřednictvím získat bohatství a moc. Martinovi se podaří princeznu osvobodit. Je oslavován jako její ženich. Ale jeho srdce ho vede k Toničce, kterou poznal na pouti. Adriena se zase zahledí do nového astrologa, který jakoby starému z oka vypadl...
Česká televize";;13.04.1979;;;;Juraj Herz;Ondřej Pavelka, Julie Jurištová, Josef Kemr, Juraj Kukura, František Filipovský, Přemysl Kočí, Josef Somr, Lubomír Černík, Václav Lohniský, Jan Přeučil, Augustín Kubán, Karel Effa, Růžena Rudnická, Vladimír Jedenáctík, Juraj Herz, Miro Grisa, Miroslav Svoboda, Marta Richterová, Jan Cmíral, Zdeněk Srstka, Anna Maľová, Richard Záhorský, Petr Hapka, Marta Kadlečíková, Vratislav Hlavatý, Zeno Dostál, Anna Červinková, Pavel Calda, Vítězslav Bouchner, Dagmar Weinlichová, František Pokorný, Zdeněk Tomeš, Zdeněk Dušek, Lubomír Bryg, Milica Kolofíková, Miroslav Buberle, Blažena Kramešová, Markéta Světlíková, Vít Pešina, Petr Drozda, Vítězslav Černý, Václav Štekl, Zdeněk Černý, Jiřina Koucká, Václav Vodák, Jaroslava Zelenková, Miroslav Vomela, Jan Buršík, Marcela Černačová, Věra Kramešová, Stanislava Martínková, Eva Mikovcová, Eliška Novotná, Blažena Vrzalová, Miroslav Horáček, Antonín Klepáč, Josef Kotěšovský, Jan Kuchař, Oldřich Stodola, Miroslav Walter, Zdeněk Novotný, Ronald Heller, Josef Hrubý, Jiří Klenot, Jindřich Sejk, Stanislav Veselý, Varieté Jung, Lenka Holas Kořínková, Bohumila Dolejšová, Christina Catherine Sey, Petr Herold, Alena Dostalíková, Petr Novák, Jiří Staněk, Petr Zenkl, Jan Žižka, Bohumila Dolejšová;False;;;0+;tt0081238;devate-srdce;True;False;/file/88070/devate-srdce-1978-pohadka-fantasy-1080p.html/;/devate-srdce-1978-cz-dab-1080p/688c5791ddb92;1357-Devate-srdce;
144044;Žít svůj život;0;;m;1963;100.0;13.0;lt52vchmdknmvffe65xv.jpeg;144044-zit-svuj-zivot;Československo;dokument;J. Sudek (pracovní název);"Přední režisér československé nové vlny 60. let <a href=""https://www.fdb.cz/osobnost/3759-evald-schorm"">Evald Schorm</a> zachytil v jednom ze svých prvních snímků tvůrčí mikrokosmos <a href=""https://www.fdb.cz/osobnost/406471-josef-sudek"">Josef Sudek</a> – vynikajícího fotografa, který zdárně překonal svůj handicap. V první světové válce totiž přišel o jednu ruku. Přesto málokdo dokázal zachytit v zátiších a obrazech krajiny takové nálady jako on. Na působivém snímku z roku 1963 spolupracovaly i další významné osobnosti 60. let – citlivý kameraman <a href=""https://www.fdb.cz/osobnost/4095-jan-spata"">Jan Špáta</a> a hudební skladatel Jan Klusák. Výsledkem jejich spolupráce je působivá obrazově-hudební symfonie inspirovaná Sudkovou tvorbou, jejíž vnitřní klid se v kontrastu střetává s uspěchaností pražské každodennosti.

Zdroj: Česká televize";;;;;;Evald Schorm;Josef Sudek;False;;;;tt0175370;;True;False;;/zit-svuj-zivot-dokument-1963-mp4/ab6e43a644425fd2;;
27857;Výstraha;0;;m;1949;100.0;;eg4jd7pw4dqzqkvf8j0y.jpeg;27857-vystraha;Československo;osvětový;;"Malou vesničku vyruší z podvečerního klidu volání: „Hoří!“ Přestože se nakonec ukáže, že byl zárodek ohně včas uhašen, nelze nebezpečí požáru podceňovat. Sousedé v hospodě hovoří o různých nepořádcích, které mohou způsobit oheň a následně velkou škodu. Například zemědělské stroje je nutno umístit odděleně od pohonných hmot. Nebezpečná je také neodborná instalace přívodu elektrického proudu do chlévů a stodol. Je třeba dohlížet na děti, které si rády hrají se sirkami. Ale také dospělí jsou někdy neopatrní, například ženy při práci s domácími elektrickými a plynovými spotřebiči, muži zase odhazují hořící nedopalky cigaret. Důležitá je proto účast mládeže v dobrovolných hasičských sborech a také všestranná osvěta, která zabrání zbytečným ztrátám na majetku a životech.

Zdroj: NFA";;;;;;Fedor Kaucký;Otakar Dadák;False;;;;;;False;False;/file/75872/vystraha-pred-burkou-2020-sk-dabing-hd-1080p.html/;/vystraha-r-1953-1480x1080-bydejv/65f4b815ed896;;
2068;Voják v ohni;0;;m;1957;100.0;;https://prod-fdb-storage.fra1.cdn.digitaloceanspaces.com/placeholders/General.png;2068-vojak-v-ohni;Československo;drama;Voják v ohni;"Mluvíme-li dnes právem o rychlém technickém zlepšování naší televize, nemůžeme bohužel vždy totéž říci i o její složce programové. Snad nejvíce úspěchů jsme mohli přiznat těm úsekům tvůrčí televizní práce, které se účastní vytváření původních dramatických televizních inscenací. Avšak právě uplynulá část letošního roku zaznamenala i zde (přes některé velmi pozoruhodné výsledky) určitou stagnaci. Projevilo se to poměrně nejvíce v oblasti dramaturgické, kde došlo k sotva zdravému odklonu od slibně započaté cesty za původními televizními dramatizacemi a tím ovšem i za původními televizními hrami. Nová televizní sezóna slibuje opět více původních novinek se závažnou současnou problematikou. Přesto nelze mluvit o výraznější dramaturgické iniciativě, zejména ne v oblasti nejžádoucnější – v domácí televizní tvorbě dramatické. Proč je tomu tak? Jsou snad v televizi neschopní dramaturgové? Zdá se, že nikoli, bohužel však jejich práce má v sobě cosi chmurně sisyfovského. I oni zápolí s těžkým balvanem – s neutěšeným rozpočtovým stavem, který – nebude-li včas odstraněn – natropí naší televizi v blízké budoucnosti dosti zla. Vždyť brzy přijde čas, kdy nároky mohutnějších diváckých mas na kvalitu televizních pořadů ještě vzrostou a kdy nová a moderně vybavená televizní studia si budou přímo vynucovat spolupráci celých kádrů dobrých autorů. Ti se pak ovšem přes noc ze země nevydupou.

Za této situace je nesporným úspěchem už to, že nová televizní sezóna mohla být zahájena hrou tak pozoruhodnou, jako je VOJÁK V OHNI, k níž byl inspirován některými motivy otřesného protiválečného díla <a href=""https://www.fdb.cz/osobnost/181272-henri-barbusse"">Henri Barbusse</a> „Oheň“ již osvědčený televizní autor <a href=""https://www.fdb.cz/osobnost/14253-otto-zelenka"">Otto Zelenka</a>. Mladý autor dal ovšem své hře samostatnou dějovou náplň, kterou v plné shodě s „předlohou“ prosytil přímo vášnivým, ale přitom hluboce a prostě lidským protestem proti válce a proti neblahému militarismu. V ostré, třídně viděné protivě postavil vedle sebe (nebo snad spíše proti sobě) svět válkou deptaných francouzských vojáků a svět důstojníků, kteří přenesli na frontu nejen své salónní fráze a „nadřazenost“, ale i měšťáctví a šovinismus. A tak, i když <a href=""https://www.fdb.cz/osobnost/14253-otto-zelenka"">Otto Zelenka</a> měl v četných divadelních i filmových dílech s obdobnou tématikou nejeden silný vzor pro zpodobení lidské tváře svých vojáků, živořících v zákopech a umírajících daleko od svých rodin za dunění děl a kulometů, přesto zde osvědčil své vlastní velké nadání a ryzí cit pro působivé prokreslení postav hry. A právě ty nejprostší tvůrčí výrazové prostředky a přesný smysl pro obrazové vyvážení hry formou kontrastujících scén – to jsou zřejmě ty největší klady jeho hry.

O úspěch Vojáka v ohni se zasloužila i režie <a href=""https://www.fdb.cz/osobnost/16908-miroslav-ondracek"">Miroslav Ondráček</a> spolu s kamerou (<a href=""https://www.fdb.cz/osobnost/37459-bohumil-turek"">Bohumil Turek</a> a <a href=""https://www.fdb.cz/osobnost/37251-frantisek-dojacek"">František Dojáček</a>), která divákovi jednotlivé postavy ještě více přiblížila tím, že šla důsledně za hercem až filmově pohotovými záběry, podtrhujíc tak co nejvíce vnitřní pulsaci příběhu a jeho dramatickou gradaci. Zejména tomu tak bylo ve scénách s prostými vojáky, podanými i herecky velmi věrohodně a přesvědčivě (<a href=""https://www.fdb.cz/osobnost/4438-josef-vinklar"">Josef Vinklář</a>, <a href=""https://www.fdb.cz/osobnost/13608-frantisek-holar"">František Holar</a> aj.), méně již tam, kde nás kamera zavedla do velitelské ubikace. Vinu na tom ovšem mělo i to, že některé postavy důstojníků občas zabočily do schématu, někdy také spíše vinou herců. Rovněž použití filmového materiálu (bitevní scéna) přeneslo hru na čas až do nadměrně filmových poloh, jejichž televiznějšímu vyznění by snad prospělo občasné kontrastující prostřižení nebo prolnutí na „hrdinství“ těch druhých. Avšak přes tyto menší výhrady patří provedení <a href=""https://www.fdb.cz/osobnost/14253-otto-zelenka"">Otto Zelenka</a> hry k nejlepším na našich obrazovkách.

ZAJÍČEK, Karel. [i]Závažná televisní inscenace.[/i] Host do domu. 1957, roč. 4, č. ?, s. 477. [upraveno]";;08.09.1957;;;;Miroslav Ondráček;Josef Vinklář, František Holar;False;;;;;;False;False;;;;
22172;Vlaštovky v hotelu;0;;m;1936;100.0;;https://prod-fdb-storage.fra1.cdn.digitaloceanspaces.com/placeholders/General.png;22172-vlastovky-v-hotelu;Československo;reklama;;"Anglicky hovořící turistka žádá v recepci hotelu Savoy vlaštovky. Vrátný a ředitel hotelu nevědí, jak jí vyhovět. Jistě by se dostali do sporu s ochránci zvířat. Nebo snad žena touží po vlaštovčích hnízdech? Až malý liftboy je upozorní na vitrinu s Baťovou kolekcí jarních bot, která byla nazvána Vlaštovky. Dáma je spokojena. Snímek je doplněn záběry různých jarních bot od firmy Baťa.

Autor/Zdroj: /NfA:Český hraný film II";;;;;;F. Šestka;Jaroslav Marvan, Václav Trégl, Čeněk Šlégl;False;;;;;;False;False;;;;
69063;Sredni Vaštar;0;;m;1981;100.0;9.0;uctz6m2z7n6jlk52fl5y.jpeg;69063-sredni-vastar;Československo;dětský / kreslený;Sredni Vashtar;Žák A. Hoffmeistera Petr Poš absolvoval v roce 1968 ploškovým filmem Jednoslabičný příběh. Jako první objevil pro animovaný film svět humoru a fantazie Jana Wericha. Velmi osobitě pojednal tragigroteskní příběh Sredni Vaštar (1981, režie V. Bedřich), v němž se plně uplatnila schopnost jeho kresby zdůraznit absurditu citových deformací, krutosti a hlouposti. Jde o filmový přepis povídky anglického spisovatele H. H. Munro Sakiho o chlapci, jemuž chybí citové rodinné pouto, protože žije v ovzduší plném nepochopení. V obraně před nenáviděnou pěstounkou se utíká do světa mystiky a snů.;;;;;;Václav Bedřich;Luděk Munzar;False;;;0+;;;True;False;;/saki-sredni-vastar-horor/678f99445b3e9;;
80960;Ruy Blas;0;;m;1979;100.0;71.0;1vbe2qmwq9b6g1j814q2.jpeg;80960-ruy-blas;Československo;drama / historický;Ruy Blas;"Španělsko, sedmnácté století. Předseda královského soudu don Salust de Bazan (<a href=""https://www.fdb.cz/osobnost/2244-stefan-kvietik"">Štefan Kvietik</a>) se chce pomstít královně Marii (<a href=""https://www.fdb.cz/osobnost/3985-zdena-studenkova"">Zdena Studenková</a>) za to, že ho zbavila funkce a poslala do exilu. Salust zjistí, že jeho sluha Ruy Blas (<a href=""https://www.fdb.cz/osobnost/1803-dusan-jamrich"">Dušan Jamrich</a>) tajně královnu miluje. Vydává Blase za svého ztraceného bratrance dona Cézara a uvede jej ke dvoru. Blas pod Cézarovým jménem skutečně získá královnino srdce, avšak jejich láska je kvůli ostražitým dvořanům jen platonická. Falešný don Cézar se alespoň stane úspěšným reformátorem, neboť se dovede postavit zkorumpovaným členům královského dvora. Vše se zdá být na nejlepší cestě, dokud se na scéně neobjeví don Salust, aby naplnil svůj podlý plán a znemožnil královnu kvůli jejímu vztahu se sluhou...";;;;;;Igor Ciel;Dušan Jamrich, Zdena Studenková, Štefan Kvietik, Jozef Adamovič, Hana Kováčiková, Eva Večerová, Mikuláš Huba, Ľudovít Greššo, Tibor Vadaš, Jozef Šimonovič, Jaroslav Rozsíval, Vladimír Petruška, Anton Gýmerský, Marián Gallo, František Dibarbora, Branislav Koreň, Teodor Piovarči;False;;;7+;;;False;False;/file/74026/ruy-blas-historicky-1948-cz-dabing.html/;/ruy-blas-r-1979-1440x1080/62447013e77d4;;
21995;Proudy;0;;m;1922;100.0;;https://prod-fdb-storage.fra1.cdn.digitaloceanspaces.com/placeholders/General.png;21995-proudy;Československo;drama;"Proudem stržena; Voraři";"Vorař Machoň pošle syna Jiřího na studie. Jiří ukončí studia doktorátem. Vorař Sýkora závidí starému Machoňovi Jiřího úspěchy neboť Sýkorův syn je povaleč a budižkničemu. V hádce na voru shodí Sýkora Machoně do vody přičemž je Machoň raněn na hlavě. Jiří obětuje na záchranu otce pokožku ze své hlavy. Mezitím je Jiřího dívka Helena svedena asistentem a v ústraní očekává narození dítěte. Jiřího otec ze zármutku nad Heleninou nevěrou zešílí. Helena se chce utopit, ale Jiří jí zachrání život. Prožité utopení je trvale usmíří.
(Podle cenzurního lístku.)

Autor/Zdroj: Národní filmový archiv/Český hraný film I.


Filmové materiály jsou považovány za ztracené.

Autor/Zdroj: /noticka";;12.10.1922;;;;Theodor Pištěk;Anna Iblová, Eduard Malý, Joe Jenčík;False;;;;tt1092613;;False;False;;/admiral-bourlive-proudy/5c01738910cb7;11618-Proudy-lasku-odnesou;
79971;Poslední a první;0;;m;1967;100.0;19.0;https://prod-fdb-storage.fra1.cdn.digitaloceanspaces.com/placeholders/General.png;79971-posledni-a-prvni;Československo;dokument;;Základní vojenská služba ve svých nejrůznějších aspektech byla vděčným námětem vojenských filmařů. Reportážní film „Poslední a první“ zachycoval jeden den v životě vojáka základní služby: pro některé první a pro jiné poslední ve vojenské uniformě. Bez jediného slova komentáře se režisér soustředil především na sledování mechanismu přerodu mladého muže, který je náhle vytržen ze svého dosavadního sociálního prostředí a návyků, a během několika hodin se stává součástí dosud neznámého armádního organismu. Formálně se film snažil osvobodit od očividných režijních zásahů typických pro koncipované dokumentární filmy a usiloval o zachycení co největší porce syrové skutečnosti. Povolanci se tak nehlásí s předpisovým hrdým úsměvem ke splnění nejčestnější občanské povinnosti, ale jsou rozechvělí, vystrašení či zkroušení, kasárenské prostředí působí neútulně a celý proces přijímání nováčků poněkud ponuře, i když na druhou stranu není nouze o směšné výjevy. Na rozdíl od vojáků ve svém filmu absolvoval ovšem režisér Petr Ruttner (*1942) základní vojenskou službu u armádního filmu, kde mohl natočit několik zajímavých dokumentárních snímků. Na filmu „Poslední a první“ spolupracovaly další významné osobnosti československého filmu, kameraman Andrej Barla (*1940) a hudební skladatel Josef Ceremuga (1930–2005).;;;;;;Petr Ruttner;;False;;;;;;True;False;;;;
8776;Popeleční středa;0;;m;1970;100.0;35.0;https://prod-fdb-storage.fra1.cdn.digitaloceanspaces.com/placeholders/General.png;8776-popelecni-streda;Československo;drama;;"Mladá žena Sofie vyláká postaršího muže do malého kostelíku na samotě. Z milostného objetí je vyruší příchod dvou ozbrojených mužů - Verchovenského a Stavrogina. Verchovenský začne muže bít a nutit k jakémusi přiznání. Nazývá ho Viktorem, ale týraný muž popírá, že se tak jmenuje a tvrdí, že je městským lékařem. Sofie se pomiluje i se Stavroginem. Zbitému muži se podaří zmocnit zbraně a oba muže zastřelit. Snímek končí úryvkem z evangelia svatého Lukáše o stádu vepřů, do nichž vstoupili démoni člověka a kteří se vrhli do vod, kde utonuli.

Zdroj: NFA";;;;;;Jiří Svoboda;Naďa Urbánková, Bořivoj Navrátil, Ivo Livonec, Miloslav Vajnar;False;;;;;;True;False;;/krvava-leta-79-dil-krvava-popelecni-streda-po-naletu-na-prahu-zustalo-v-troskach-pres-700-mrtvych/c3377959344eb4bf;;
55037;Podzemí svobody;0;;m;1976;100.0;;https://prod-fdb-storage.fra1.cdn.digitaloceanspaces.com/placeholders/General.png;55037-podzemi-svobody;Československo;drama;Podzemí svobody;"Žijícího klasika brazilské literatury <a href=""https://www.fdb.cz/osobnost/71986-jorge-amado"">Jorge Amado</a> znají čeští čtenáři z celé řady děl. Podzemí svobody je román nedokončený. U nás vyšel v překladu Jarmily Kvapilové v druhé polovině padesátých let. Jeho rozsáhlá koncepce vznikala právě v Československu, kam brzy po válce Jorge Amado odešel do exilu. Žil a pracoval na Dobříši. Zde se stýkal s našimi literáty, pracoval jako člen předsednictva Světové rady míru a právě zde jej navštívil i jeho velký přítel Pablo Neruda. V Podzemí svobody podává Amado barvitý obraz brazilské společnosti po státním převratu, v období let 1937 až 1940, kdy se k moci dostává Vargasova fašistická diktatura. Román obsahuje celou řadu dějových pásem. Líčí osudy jednotlivých společenských tříd v rovině soukromé a občanské. Autor dvoudílné televizní adaptace Podzemí svobody — spisovatel <a href=""https://www.fdb.cz/osobnost/15137-jiri-fried"">Jiří Fried</a> (autorův přítel, který <a href=""https://www.fdb.cz/osobnost/71986-jorge-amado"">Jorge Amado</a> představil na obrazovce již v <a href=""https://www.fdb.cz/film/19869-zeme-zlatych-plodu"">Země zlatých plodů</a>) si z románu vybral dvě významové a dějové linky. Ty spojil postavou architekta Marcose de Souza – muže, který ve svém postavení světoznámého umělce má přístup ke všem společenským třídám v Brazílii. Jeho sestra Marieta do Vale náleží k nejvyšší brazilské buržoazii. U ní se setkávají příslušníci aristokracie, nové buržoazie, představitelé politického života, umělci… Její manžel Pereiro do Vale je předním finančníkem Vargasova režimu a prezidentovým „přítelem“. Marieta má radost ze slavného bratra, kochá se přepychem, pěstuje si milence, pořádá večírky. Politika ji nezajímá. Poměry v Brazílii se jí bytostně netýkají. A sem, na Marietiny večírky, přichází i Marcos. Marietina společnost ho považuje za „svého“, je ochotna mu pomáhat v podnikání... Ale Marcos se dostává i na druhý břeh brazilské společnosti. Svému nejlepšímu příteli, novináři Sequilovi, členu krajského vedeni Komunistické strany Brazílie, půjčuje byt k ilegálním schůzkám strany. A zde se setkává s Marianou, Carlosem a dalšími soudruhy. Marcos je charakterově pevný člověk. Ze svého postavení si může dovolit s novým režimem nesouhlasit. Může si dokonce dovolit odmítnout postavit prezidentovi rezidenci. Za jeho počínáním stojí jeho původ a jeho slavné jméno. Ale ve chvíli, kdy jeden z členů ilegální Komunistické strany Brazílie zradí, Marcos se ocitá se soudruhy na jedné lodi. Ve vězení je svědkem bestiálních metod fašismu, který si nevybírá mezi muži, ženami, ani mezi dětmi; je svědkem násilí, které zná jedinou hranici — smrt. Fyzické a psychické mučeni lidí, k nimž měl Marcos zcela prostý lidský vztah, ho šokuje. Barrosova věznice je územím na likvidaci lidských životů. Ti, kteří nepromluví, končí smrtí nebo šílenstvím. Ty, kteří nevydrží násilí a promluví, čeká podobný osud. Je tu vyvíjen nátlak na všechno lidské, na bytostné lidské hodnoty, jako jsou láska, mateřství, důstojnost, soudružství. Marcos obdivuje nezlomnou sílu komunistů. Jejich mlčení. Ale v jejich řadách se necítí domovským právem. Přes všechno, co poznal, vrací se do společnosti své sestry. On jediný se dostává z vězení přičiněním svého švagra. On jediný z vězňů byl režimem omilostněn a mohl by se zapojit do jeho služeb. Ale při setkání se společností, jež se přičinilo o jeho „svobodu“, Marcos náhle pochopí nezadržitelnou sílu pokroku. Tu sílu, kterou dokáže zlomit jen smrt, ale v jejichž službách smrti každého soudruha nastupuje celá řada dalších bojovníků za spravedlnost světa. 

Hra Podzemí svobody je na jedné straně příběhem o sladkém životě buržoazie v jejím rozkvětu, salónním příběhem existenčně zajištěné hrstky lidí, jejich radovánek, milostných poměrů. Ale i v životě těchto několika „vyvolených“ se objevují omezení. Jsou to omezení daná jejich vlastní třídou, jež se v neustálém shonu a honbě za penězi pohybuje pouze po obvodu prázdného kruhu. Kdo z nich si dovolí nahlédnout dovnitř toho kruhu, pocítí nesmírné prázdno, ničím nevyplněné vakuum, v němž volání po lásce, citech, lidském teple nenachází ozvěnu. A nikdo z nich nedokáže z kruhu vykročit. Neboť všichni znají cenu, kterou by museli zaplatit... Na druhé straně je Podzemí svobody drastický příběh těch, kteří nalezli své pevné místo mimo tento kruh — komunistů. Jejich volání nachází ozvěnu v každém koutě světa. Jsou to oni, kteří platí daň pokroku. Mnohdy svými životy. Metody v Barrosově vězení připomínají metody, o nichž se každým dnem můžeme dočíst v denním tisku v souvislosti s událostmi v Chile, o nichž jsme čítali ve zprávách z Vietnamu... Jsou o to drastičtější, že je autor předvádí na lidech, do jejichž životů nám předtím dal nahlédnout. O to více apeluji na svědomí každého z nás. Friedova adaptace Amadova románu Podzemí svobody je proto hrou ryze současnou. Podzemí svobody natočil režisér <a href=""https://www.fdb.cz/osobnost/1122-frantisek-filip"">František Filip</a> (<a href=""https://www.fdb.cz/serial/24399-chalupari"">Chalupáři</a>, <a href=""https://www.fdb.cz/serial/22826-f-l-vek"">F.L. Věk</a>, <a href=""https://www.fdb.cz/film/19869-zeme-zlatych-plodu"">Země zlatých plodů</a>), hlavním kameramanem byl <a href=""https://www.fdb.cz/osobnost/40817-alois-nozicka"">Alois Nožička</a>, dramaturgem inscenace <a href=""https://www.fdb.cz/osobnost/1665-jiri-hubac"">Jiří Hubač</a>. Odbornou poradkyní a překladatelkou Amadova románu je Jarmila Kvapilová, redaktorka ČTK. V hlavních rolích se představí <a href=""https://www.fdb.cz/osobnost/2838-ludek-munzar"">Luděk Munzar</a>, <a href=""https://www.fdb.cz/osobnost/1430-petr-hanicinec"">Petr Haničinec</a>, <a href=""https://www.fdb.cz/osobnost/3611-zdenek-rehor"">Zdeněk Řehoř</a>, <a href=""https://www.fdb.cz/osobnost/4128-jana-sulcova"">Jana Šulcová</a>, <a href=""https://www.fdb.cz/osobnost/3299-vaclav-postranecky"">Václav Postránecký</a>, <a href=""https://www.fdb.cz/osobnost/299-bohumil-bezouska"">Bohumil Bezouška</a>, <a href=""https://www.fdb.cz/osobnost/13099-karel-urbanek"">Karel Urbánek</a>, <a href=""https://www.fdb.cz/osobnost/11184-ferdinand-kruta"">Ferdinand Krůta</a>, <a href=""https://www.fdb.cz/osobnost/548-cestmir-randa"">Čestmír Řanda</a>, <a href=""https://www.fdb.cz/osobnost/1553-jana-hlavacova"">Jana Hlaváčová</a>, <a href=""https://www.fdb.cz/osobnost/3817-ota-sklencka"">Ota Sklenčka</a>, <a href=""https://www.fdb.cz/osobnost/4115-petr-stepanek"">Petr Štěpánek</a>. <a href=""https://www.fdb.cz/osobnost/4421-josef-vetrovec"">Josef Větrovec</a>, <a href=""https://www.fdb.cz/osobnost/12696-marie-drahokoupilova"">Marie Drahokoupilová</a>, <a href=""https://www.fdb.cz/osobnost/1061-vlasta-fabianova"">Vlasta Fabianová</a>, <a href=""https://www.fdb.cz/osobnost/1592-jiri-holy"">Jiří Holý</a>, <a href=""https://www.fdb.cz/osobnost/3314-ilja-prachar"">Ilja Prachař</a>, <a href=""https://www.fdb.cz/osobnost/5711-vera-tichankova"">Věra Tichánková</a>, <a href=""https://www.fdb.cz/osobnost/13724-antonin-hardt"">Antonín Hardt</a>, <a href=""https://www.fdb.cz/osobnost/1433-frantisek-hanus"">František Hanus</a>, <a href=""https://www.fdb.cz/osobnost/253-svatopluk-benes"">Svatopluk Beneš</a>, <a href=""https://www.fdb.cz/osobnost/1555-vladimir-hlavaty"">Vladimír Hlavatý</a>, <a href=""https://www.fdb.cz/osobnost/3234-lida-placha"">Lída Plachá</a> a další. 

WÁGNEROVÁ, Eva. [i]Podzemí svobody[/i]. Květy. 1976, č. 21, s. 46 – 47. [upraveno]";;;;;;František Filip;Vlasta Fabianová, Petr Haničinec, František Hanus, Jana Hlaváčová, Iva Janžurová, Luděk Munzar, Václav Postránecký, Čestmír Řanda, Zdeněk Řehoř, Ota Sklenčka, Josef Větrovec, Jana Šulcová, Bohumil Bezouška, Ferdinand Krůta, Petr Štěpánek, Marie Drahokoupilová, Jiří Holý, Ilja Prachař, Věra Tichánková, Antonín Hardt, Svatopluk Beneš, Vladimír Hlavatý, Lída Plachá;False;;;;;;True;False;;;;
133292;Petřínská rozhledna;0;;m;1963;100.0;7.0;wdytdnloabs9px5hvwsw.jpeg;133292-petrinska-rozhledna;Československo;pohádka / kreslený;Petřínská rozhledna;;;;;;;Pavel Kraus;Ladislav Pešek;False;;;;;;False;False;;/skryte-poklady-architektury-111-dil-petrinska-rozhledna/9f7687c0f23eead3;;
103565;Perly: Drak tříhlavý;0;;m;1981;100.0;11.0;https://prod-fdb-storage.fra1.cdn.digitaloceanspaces.com/placeholders/General.png;103565-perly-drak-trihlavy;Československo;animovaný / pohádka / loutkový;Perly: Drak tříhlavý;"Syn chudobného chalupníka Vaněk se vyučil myslivcem a šel do světa. Potkal mluvícího vlka, medvěda a lva, nezabil je, ale vzal je s sebou. Přišel do města, kde měli smutek – usídlil se tam drak a chtěl každý večer jednu dívku. Došla řada na princeznu, a tak král dal vyhlásit velkou odměnu jejímu zachránci. Mládenec se dal s drakem do boje, v němž mu vydatně pomohla zvířata. Draka přemohli, jenže princeznu zajal zlý muž, který vše viděl. Měla prohlásit, že je jejím zachráncem on. Vaněk zatím ležel nemocen, ale zvířata mu opět s pomocí živé a mrtvé vody pomohla. Spěchal na královský hrad, kde už už chystali oddavky – princezna ho poznala a prohlásila za pravého zachránce.

Zdroj: Česká televize";;;;;;František Mikeš;Stanislav Oubram;False;;;0+;;;False;False;;;;
149996;Pepík ševců malířem;0;;m;1977;100.0;8.0;weutk6tnhubuxu32bnr6.jpeg;149996-pepik-sevcu-malirem;Československo;animovaný / pohádka / životopisný;Pepík ševců malířem;;;;;;;Josef Kluge;Martin Růžek, Josef Lada;False;;;0+;;;True;False;;/o-kocouru-mikesovi-26-pepik-sevcu-malirem-csr-1971-animovany-komedie-pohadka/5bf4f123ba28a;;
74162;Nečekané dědictví;0;;m;1981;100.0;5.0;https://prod-fdb-storage.fra1.cdn.digitaloceanspaces.com/placeholders/General.png;74162-necekane-dedictvi;Československo;animovaný;Splněná podmínka (prac. název);"Mladí manželé se v krematoriu loučí s blízkým zemřelým. Rakev pomalu odjíždí a svíce se postupně zhášejí. V kanceláři u notáře se oběma smutek z tváří vytratí. Čeká je milé překvapení v podobě nečekaného dědictví, které jim nabídne skvělé perspektivy. Od notáře dostanou klíč ke všemu, o čem dosud jen snili. Vzápětí otvírají dveře od výstavného zámku, ruku v ruce spěchají jeho dlouhými chodbami, až se dostanou do přepychově zařízeného bytu. Posadí se do pohodlných křesel, do rukou vezmou ovládací panely, a užívají veškerých výhod supermoderního bydlení. Za chvíli jim však jejich pěkný nový byt a krásný automobil nestačí a zatouží po víkendové „chalupě“. Ve zběsilé honbě za dalším snem zašlápnou malé dítě, hrající si na písečku. Rodinné štěstí jim nic neříká. Žena je neskromná, touží po stále větším a větším přepychu. Svůj půvab zvyšuje nádhernou kožešinou, do které se zahalí a zálibně se prohlíží v zrcadle. Kupuje si nové a nové šaty, zdobí se nejmodernějšími klobouky, obouvá si luxusní boty. Večer tráví oba manželé u televizoru a víkendy na chalupě, kde si dopřávají vydatné jídlo, takže se oba patřičně zakulatí. V zámku života otevírají další a další dveře, pachtí se po schodech bohatství. Jejich charakter se postupně mění, stejně jako se mění jejich tváře a celá fyziognomie. Dopřávají si všechny požitky, kterých dosahují jakýmikoliv prostředky. Muž se dostal až na vrchol a není ochoten zastavit se před ničím. Bezohledně obere ženu, jež k němu vztahuje ruce o pomoc, ukradne křídla člověku, který se chce vznést. Manželé postupují tvrdě k dalším a dalším dveřím zámku, až se dostanou k těm posledním. Dychtivě a dravě je otevřou... a hledí na dvě otevřené a vyzdobené rakve. jejich obličeje jsou svraštělé, čeká je smrt. Celý svůj život promarnili v honbě za bohatstvím, zatímco vlastní život s jeho skutečnými hodnotami jim unikl. 

[hf] Nečekané dědictví. Filmový přehled. 1982, č. 5, s. 41 – 42.";;;;;;Mojmír Jaroš;;False;;;0+;;;False;False;;;;
80330;Naši havíři;0;;m;1943;100.0;35.0;https://prod-fdb-storage.fra1.cdn.digitaloceanspaces.com/placeholders/General.png;80330-nasi-haviri;Československo;dokument;"Our Miners; Our Collier";"""Naši havíři"" byla česká verze filmu ""Unsere Bergknappen"". V roce 1943 hospodářská skupina báňského průmyslu Ústředního svazu průmyslu dala promítnout tento dokumentární snímek v pražském biu Adrie. Film, který za odborné součinnosti natočil režisér Jiří Krejčík, byl ukázkou vzorného sloučení tendence kulturně naučné a ušlechtilou náborovou myšlenkou. Divákovi dával dokonale nahlédnout na tehdejší způsob hornické práce, na vítězný racionalizační postup i v hlubokých útrobách země i na velikosti společenského významu havířské práce a na cenu produktu této práce pro všechno civilizační úsilí. 

Dělnický dorost pak měl možnost se dobře z filmu poučit o pokrokové přípravě hornických učňů, o hmotných výhodách tohoto rehabilitovaného povolání i o jeho idealistických hodnotách, jimiž se tu nevtíravě působilo na mysl mládeže a její smysl pro pracovní družnost. Mocný účinek finálové montáže byl filmově efektním zakončením pěkného kulturního snímku, který byl také činným uskutečněním slov závěrečné písně mladého hornického kolektivu: ""Hornický stav budiž velebený"".";;;;;;Jiří Krejčík;;False;;;;tt0172860;;True;False;;;;
77912;Jste moji starší bratři;0;;m;1961;100.0;203.0;https://prod-fdb-storage.fra1.cdn.digitaloceanspaces.com/placeholders/General.png;77912-jste-moji-starsi-bratri;Československo;dokument;;"Dokumentární filmy z druhé cesty Z+H realizované pro Československou televizi:
filmový štáb, který zpracovával filmový materiál z druhé cesty Ing. Miroslava Zikmunda a Ing. Jiřího Hanzelky po Asii v letech 1959-1964
RNDr. Petr Novotný";;;;;;Miroslav Zikmund, Jiří Hanzelka, Jaroslav Novotný;Václav Voska, Bohumil Křížek;False;;;;;;False;False;;;;
21855;Jindra, hraběnka Ostrovínová;0;;m;1924;100.0;83.0;https://prod-fdb-storage.fra1.cdn.digitaloceanspaces.com/placeholders/General.png;21855-jindra-hrabenka-ostrovinova;Československo;melodrama;Jindra, Countess of Ostrovín;"Jindra, dcera továrníka Jarýna, se vrací se sestřenicí Amálkou po dvou letech z Vídně. Seznámí se s učitelem svých bratrů Vojtěchem Lípou. Zatímco Amálka v něm najde zalíbení, city které chová Lípa k Jindře, nejsou opětovány. Uražený Lípa chce odjet, ale když neopatrná Jindra spadne do řeky Lípa ji zachrání a Jindra k němu pojme něžný cit. Jindřin otec je zvolen za poslance zemského sněmu. Po požáru továrny je v nouzi, z níž by se mohl dostat za cenu rezignace, což Jarýn odmítne. Jindra požádá hraběte Ostrovína o finanční pomoc. Ten však žádá za odměnu její ruku. Jindra odmítá, neboť miluje Lípu. Nakonec je však nucena svolit. Po čase porodí hraběti syna, ale záhy nato zemře.
Za Lípou pak přichází její otec s vnukem Jaroslavem a posledním vzkazem od Jindry která Lípu prosí, aby dobře vychoval jejího syna.

Autor/Zdroj: Národní filmový archiv/Český hraný film I.


Druhá verze proslulého sentimentálního románku Ivana KLICPERY. Choerograficky na snímku spolupracoval Joe JENČÍK.
Režisér Václav KUBÁSEK a  kameraman Josef Kokeisl dokázali během roku 1924  uvést čtyři filmy:  Čarovné očiv  únoru, Jindru, hraběnku Ostrovínovou a Dvojí život  v říjnu, Děvče z hor v prosinci a ještě
stačili vyrobit drama Okovy, které mělo premiéru v následujícím roce. Tato  nadprodukce  neznamenala  žádnou  minořádnou  kvalitu.  Všechny snímky  si byly  vzájemně  podobné.  Režijně nezvládnuté  a rozvleklé melodramatické  příběhy s  teatrálně patetickými  hereckými výkony  - ""bez  jednotné  dějové  linie,  roztříštěný  sled  epizod,  který  se
režisérovi nepodařilo skloubit a vzájemně propoji"""".  - Luboš Bartošek v knize Náš film (str. 86). Titul  si  přesto  našel  své  diváky  a optimisticky naladil výrobce
""v době nejvážnější krize českého filmového podnikání"".

Autor/Zdroj: Březina Václav/noticka";;03.10.1924;podle knižní předlohy;;;Václav Kubásek;Mary Jansová, Gitta d'Amaro, František Havel, Marie Fingerová, Jan W. Speerger, Eduard Malý, Karel Fiala, Marie Černá, Jiří Sedláček, Rudolf Nížkovský;False;;;;tt1085836;;False;False;/file/99386/jindra-hrabenka-ostrovinova-drama-1933-cz.html/;;1554-Jindra--hrabenka-Ostrovinova;
77875;Jak se Herodes uzdravil;0;;m;1975;100.0;6.0;https://prod-fdb-storage.fra1.cdn.digitaloceanspaces.com/placeholders/General.png;77875-jak-se-herodes-uzdravil;Československo;animovaný / dětský;Jak se Herodes uzdravil;"Přihodilo se, že se táta Kludský roznemohl na delší čas a jeho principálské živnosti se musel ujmout kocour Mikeš. Leželo mu na srdci nejen, aby měli v cirkuse každý den vyprodáno, ale aby byli spokojeni i jeho cirkusoví přátelé. Tuhle se při zkoušce zašel poptat lvího dědečka Herodesa, kterému se v manéži už vůbec nedařilo, jak mu slouží zdraví. Herodes se usmíval, až mu z huby svítil jeho jediný zub, a z vděčnosti se Mikešovi pochlubil, jak se kurýroval ovesnou kaší a rybím tukem, aby byl silný a mohl zase hrát. Jenomže, když mu chtěl předvést nádherně královský skok, porazil všecko, co mu leželo v cestě. Mikeš jen zavzdychal, jak tohle dopadne, avšak představení starému lvímu bráchovi nemohl odmítnout, jinak by mu způsobil nesmírnou lítost. Papoušek Klábosil musel lidi napomenout, tak se tlačili do cirkusové boudy. Obecenstvo se při prvních číslech pěkně rozkurážilo a očekávalo vrcholnou podívanou večera. A právě přišel na řadu Herodes. Běda, ještě když se rozcvičoval před vystoupením, nějak si to špatně vypočítal a zapasoval se hlavou do bubnu. No, ale aby udělal Mikešovi aspoň trochu radosti, pořádně se kasal, jako že před publikem se „vytáhne“. Mikeš ho vyšel ohlásit coby nejstaršího lva na světě a divže neprosil, aby se nad chudáčkem starým diváci ustrnuli a moc jej nehanili. Herodes vstoupil do manéže zmužile, ale proskočit obruč nedokázal, sotva ji prolezl. Tím si však nikoho nenaklonil a jeden kluk na něj dokonce křikl, že jejich stará koza by to taky uměla. Herodes se podíval tím směrem nejhrozivěji, jak svedl, a vydal se toho nevychovance ztrestat. Kluk strachy zezelenal a škrábal se po nejbližším sloupu nahoru, aby zvířeti unikl. Ale kdepak, Herodesovi se mračení mezi očima rozešlo jako špatně rostlý mráček a začal se usmívat, až mu zub z tlamy trčel, a hnal se do obecenstva — a hleďme, koho objevil? To pan Kludský se uzdravil a z nemocnice se vrátil rovnou ke svým principálským povinnostem. Staroch Herodes byl štěstím celý bez sebe, olízal mu tváře do růžova, vysadil si ho na hřbet a div divoucí, i s ním proskočil obručí překrásným plavným skokem, skokem parádním a kabrňáckým. Lidičky šíleli nadšením a mysleli si, že ta rafinovanost patří do programu. Pan Kludský slezl z Herodesových zad, vysekl poklonu a spustil proslov: „Pánové a dámy, děkuji vám, že jste tak vřele ocenili statečnost a věrnost našeho Herodesa. Ale je tu ještě někdo, kdo si zaslouží poděkování, nový principál kocour Mikeš z Hrusic.“ A hlediště zase jedním hlasem provolávalo slávu Mikešovi. Ten stál vedle pana Kludského úplně dojatý, protestoval proti tak velké poctě, že si ji nezaslouží, ale už bylo rozhodnuto. Jejich společnost se už nikdy nebude jmenovat Cirkus Kludský, nýbrž jedině Cirkus Mikeš a Kludský.

[wil]. Jak se Herodes uzdravil. Filmový přehled. 1975, č. 47 – 48, nestránkováno.";;;;;;Josef Kluge;Karel Höger;False;;;0+;;;True;False;;/o-kocouru-mikesovi-20-jak-se-herodes-uzdravil-csr-1971-animovany-komedie-pohadka/5bf4efa241a97;;
133448;Jak Damián z nouze mouchy lapal;0;;m;1966;100.0;8.0;t1xez9svxbaa7bnn57zz.jpeg;133448-jak-damian-z-nouze-mouchy-lapal;Československo;animovaný / pohádka;Jak Damián z nouze mouchy lapal;"Čtvrtkovy příběhy o kocourkovi Damiánovi znají dnešní děti z mnohem pozdějšího třináctidílného seriálu Příběhy kocourka Damiána, který měl premiéru v roce 1988. Jde o první večerníčkovské pohádky, které byly zpracovány dvakrát. V obou případech byla předlohou kniha Václava Čtvrtka. Známý malíř a herec Miloš Nesvadba vypráví příběh o nešťastném kocourku Damiánovi, kterému se dlouhou dobu nedaří ulovit myš a z nouze začal lapat mouchy… Ovšem moucha na veliké peřině plné peří a k tomu ostré kocouří drápky dávají tušit pořádnou zápletku.

Zdroj: Česká televize";;;;;;Vlasta Janečková;Miloš Nesvadba;False;;;0+;;;False;False;;;;
5043;Faust;0;;m;1913;100.0;225.0;https://prod-fdb-storage.fra1.cdn.digitaloceanspaces.com/placeholders/General.png;5043-faust;Československo;opera;Faust;"Záznam prvního jednání opery Faust a Markétka Charlese Gounoda. Starý Faust rozjímá nad marností života a chce se otrávit, Objeví se Mefisto a nabídne mu nápoj mládí. Faust omládne. V závěru se v civilním záběru pan Hlavsa klaní do kamery.

Autor/Zdroj: Národní filmový archiv/Český hraný film I.


Pokus o ""zvukový"" film. Projekce filmu doprovázel svým zpěvem pan Hlavsa, malíř a amatérský operní pěvec, který stál vedle plátna a zvládal oba zpěvní party - tenor (Fayst) i bas (Mefisto)

Autor/Zdroj: Národní filmový archiv/noticka";;;;;;Stanislav Hlavsa;František Krampera, Stanislav Hlavsa, Marie Soukupová;False;;;;tt1003444;;False;False;/file/00209/faust-smlouva-s-dablem-faust-love-of-the-damned-2000-dvdrip-czdabing.html/;/lekce-faust-la-lecon-faust-urok-fausta-faust-1994-ru/68aeabe35bf06;2452-Faust;
3839;Devět kapitol ze starého dějepisu;0;;m;1969;100.0;94.0;nvyp7r59o3vtxllclmcr.jpeg;3839-devet-kapitol-ze-stareho-dejepisu;Československo;historický / dokument / střihový;Devět kapitol ze starého dějepisu;"Jedním z největších projektů armádního filmového studia v 60. letech 20. století byl celovečerní dokumentární film o první světové válce jako o cézuře světových dějin, která předznamenala zánik někdejších mnohonárodnostních říší a vznik nových států ve střední a východní Evropě, z nichž jedním bylo i Československo.
Hlavní dramaturg studia Roman Hlaváč a jeho dlouholetý režisér Pavel Háša připravovali film už od počátku 60. let, kdy dokončili práci na dvoudílném dlouhometrážním dokumentárním filmu o druhé světové válce nazvaném „Svědectví“, který byl ještě z velké míry apologetikou historických kořenů nastolení komunistické diktatury po roce 1948.
Zpracování tématu historických předpokladů vzniku prvorepublikového Československa však muselo počkat až na politické změny v období kolem „pražského jara“ roku 1968 a uvolnění ideologického dozoru nad výkladem nejnovějších dějin. Ačkoliv tvůrci už dlouho předtím pracovali na hloubkových archivních filmových rešerších a na scénáři filmu, do jeho konečné podoby se stihl promítnout i polemický duch konce 60. let a palčivá otázka po smyslu československé státnosti. Pro větší dynamičnost narace střídali ve filmu tvůrci dvě různé roviny. První z nich byly dotočeny v aranžovaném kinosálu, v němž herec Miloš Kopecký v roli průvodce filmem vstupoval do dialogu s historickými filmovými záběry a svým noblesním projevem prošpikovaným lehkým humorem spojoval vážně míněné pasáže, k nimž namluvili komentář Luděk Munzar a Jiří Šrámek.
Na zvukových efektech, které bylo třeba k němým filmovým záběrům dotočit, pracoval legendární barrandovský ruchař Bohumír Brunclík. Výtvarná podoba filmu byla dílem známého karikaturisty Miroslava Liďáka. Film byl ovšem krátce po svém dokončení a uvedení na plátna kin na jaře 1969 v důsledku nastupující normalizace stažen z distribuce a až do své obnovené premiéry v roce 1990 nesměl být uváděn.

Kopie filmu byla do sbírek VHÚ získána v roce 2008 převodem z Agentury vojenských informací a služeb.
VHÚ";;01.09.1990;;;;Pavel Háša;Miloš Kopecký, Luděk Munzar, Jiří Šrámek;False;;;12+;;;True;False;;;;
131686;Čudák Zerbino;0;;m;1982;100.0;54.0;https://prod-fdb-storage.fra1.cdn.digitaloceanspaces.com/placeholders/General.png;131686-cudak-zerbino;Československo;pohádka;Čudák Zerbino;"Zerbino je chudobný mladík, ktorý sa živí tým, že predáva na bazári raždie. Občas ho vymení za chlieb alebo ryby a tak sa pretĺka životom.  A predsa je jeho svet bohatší ako ktoréhokoľvek boháča. Má dobré srdce a vie snívať. Raz dostane do daru lietajúci koberec a odvtedy sa jeho život zmení na nepoznanie. Keď sa naňho posadí, môže uletieť od svojich každodenných starostí, ale môže zažiť aj dobrodružstvá, o akých sa mu predtým ani nesnívalo. Dokonca získať lásku krásnej dievčiny...

Zdroj: RTVS";;;;;;Ľubomír Fifik;Ján Kroner, Judita Vargová, Eva Pavlíková, Ingrid Filanová;False;;;0+;;;False;False;;/cudak-zerbino-1982-sk-avi/2f6190d9265f40aa;;
68063;Co jsem princi neřekla;0;;m;1975;100.0;9.0;3tdd4q4l9o7yiybgszsm.jpeg;68063-co-jsem-princi-nerekla;Československo;pohádka / kreslený;Šťastný princ;"Svérázný přepis smutné pohádky Oscara Wilda o malé Vlaštovičce a pozlacené soše Šťastného prince dal již druhou příležitost výtvarnici Jitce Walterové, která se patrně nejvíce přiblížila zobrazení Brdečkova vnitřního světa. Kontrast oslnivě zářivého světa snů a zoufalé reality postavil Brdečka na protipólu výtvarného světa Jitky Walterové a ponurých grafik Gustava Dorého.

Letní filmová škola 2012";;;;;;Jiří Brdečka;Jana Hlaváčová, Eduard Cupák;False;;;0+;;;False;False;;;;
2174;Bledě modré ženské písmo;0;;m;1983;100.0;;https://prod-fdb-storage.fra1.cdn.digitaloceanspaces.com/placeholders/General.png;2174-blede-modre-zenske-pismo;Československo;drama;Bledě modré ženské písmo;;;;;;;Eva Sadková;Ladislav Frej, Regina Rázlová, Taťána Fischerová, Petr Svoboda, František Vicena;False;;;;;;False;False;;;;
7734;Ako dvaja našli šťastie;0;;m;1970;100.0;34.0;https://prod-fdb-storage.fra1.cdn.digitaloceanspaces.com/placeholders/General.png;7734-ako-dvaja-nasli-stastie;Československo;pohádka;Ako dvaja našli šťastie;"Pôvodná rozprávková komédia o dvoch uhliaroch.

Zdroj: RTVS";;;;;;Jozef Pálka;Ivan Rajniak, Leopold Haverl, Samuel Adamčík, Eva Poláková;False;;;0+;;;False;False;;/ako-dvaja-nasli-stastie-1970-skdab/63b9db3411371;;
191084;A. P. Čechov;0;;m;1970;100.0;41.0;ny3xi2qvb8hxkezmed19.jpeg;191084-a-p-cechov;Československo;komedie / adaptace;Úsměvy světa: A. P. Čechov;"Tři povídky – Umělecký výtvor, Mstitel a Koňské příjmení – renomovaného ruského dramatika a prozaika... 

V centru první Čechovovy povídky je jeden delikátní umělecký předmět. K lékaři Košelkovovi přichází jeho mladý pacient, kterému lékař zachránil život. Protože pacient je chudý, přináší mu namísto peněz od své matinky dar, starožitný svícen. Lékař se marně daru brání. Svícen totiž představuje docela delikátní spojení dvou ženských těl. Lékař se chce svícnu zbavit a přináší ho jako dar svému příteli. Ani ten se neodváží ve své domácnosti předmět vystavit, a tak ho pošle dál… V povídce Mstitel se jedná o nevěru. Manžel chystá pomstu. Zabije ženu, milence a pak sebe. Jde si koupit zbraň… Hrdinou povídky Koňské příjmení je generál, kterého bolí zub. Namísto aby si ho dal vytrhnout, dá na radu svého správce a rozhodne se napsat dopis zaříkávači. Jenže, jak jen se ten člověk vlastně jmenuje? 

Zdroj: Česká televize";;;;;;Evžen Sokolovský;Josef Chvalina, Jiří Holý, Michal Pavlata, Josef Větrovec, Miroslav Saic, Jiří Němeček, Eva Jiroušková, Luděk Kopřiva, Petr Oliva, Čestmír Řanda, Marie Burešová, Ferdinand Krůta, Libuše Havelková, Jaroslava Obermaierová, Bohumil Křížek, Karel Linc, Josef Bartůněk, Radúz Chmelík;False;;;;;;True;False;;/usmevy-sveta-02-a-p-cechov-1970/fd0e6bfaa6041a13;;
40610;Ohnivý máj;0;;m;1974;77.5;79.0;0cr77n4ir0zorudvf1i9.jpeg;40610-ohnivy-maj;Československo;drama / historický;Ohnivý máj;Mistr Jeroným Pražský se vydal z Kostnice, aby v Čechách získal pomoc pro mistra Jana Husa. Na hranicích byl zadržen, vrácen a nařčen z kacířství. Kardinálové Zabarella a d'Ailly zvažovali, jakou zvolit taktiku, aby byl Husův vliv co nejvíc potlačen. Rozhodli, že Jeroným by se měl Husa veřejně zříci a odvolat. Kdyby odvolal, mohl si zachránit život, ale mistr Jeroným překonal nástrahy, vnitřní krizi, obětoval lásku a stejně jako Jan Hus neodvolal a po ročním žalářování byl v roce 1416 odsouzen k smrti upálením. Příběh ze začátku patnáctého století podle románu A. Dvořáka napsala M. Poledňáková.;;;;;;Antonín Dvořák;Petr Kostka, Jana Šulcová, Karel Höger, Ladislav Boháč, Viktor Maurer, Jan Libíček, Zdeněk Řehoř, Jaroslava Obermaierová, Libuše Geprtová, Svatopluk Matyáš, Josef Bárta, Bohuslav Ličman, Vlastimil Čaněk, Vítězslav Jirsák, Otto Budín, Otto Lackovič, Karel Šebesta, Václav Stýblo, Karel Fridrich, Eva Jiroušková, Václav Fišer, Vladimír Leraus, Oldřich Vízner, František Vicena, Oldřich Musil, Dalimil Klapka;False;;;;;;True;False;;;;
61103;Jubileum;0;;m;1985;77.5;32.0;qbaa6sdk3yof1y6xqdzd.jpeg;61103-jubileum;Československo;komedie;Jubileum;"Bankovní úředník Kuzma Nikolajevič si stěžuje na zdraví a množství práce, zatímco jeho nadřízený Šipučin přebírá od ostatních úředníků dárek ke svému jubileu patnácti let ve vedení banky. Poté vede pohovor s Kuzmou o jeho vztahu k ženám, které úředník nemá rád a prohání je jak v práci tak doma. Z ženských pochází jen všechna špatnost a nepořádek. Šipučin se dozví, že ke svému výročí od členů správní rady dostane diplom a stříbrný pohár. 

Z příprav na uvítání delegace je vyruší Šipučinova manželka Taťána, která se vrací z návštěvy příbuzných a začne ihned vyprávět příhody z pobytu a cesty. Zdržuje svého muže od sepsání proslovu k uvítání delegace. Do zmatku se navíc zaplete paní Merčutkinová, která si stěžuje na stržení peněz z výplaty jejího muže za dobu jeho nemoci. Nechápe vysvětlení vedoucího banky, že si stěžuje na špatném místě a oni nemají s její stížností nic společného. Žena si vede stále svou a tak jí Šipučin pošle za Kuzmou Nikolajevičem. Ten ji urazí a pak vyhodí z kanceláře. Merčutkinová si jde opět postěžovat vedoucímu a zoufalý Šipučin jí vyplatí z trezoru 25 rublů, což drzé ženě nestačí a začne žádat místo v bance pro svého zetě. Do toho všeho neustále vykládá své historky Taťána. Když se dostaví deputace členů správní rady, rupnou Šipučinovi nervy...";;;podle knižní předlohy;;;Ivo Paukert;Josef Abrhám, Libuše Šafránková, Rudolf Hrušínský, Jiřina Bohdalová, Josef Langmiler, Milan Stehlík, Karel Bělohradský, Jan Kuželka, Roman Skamene, Jiří Hladký, Milan Udržal;False;;;;;;True;False;/file/24388/jubileum-1970-sk-tvrip.html/;/synove-a-dcery-jakuba-sklare-13-jubileum-ludek-munzar-eva-jakoubkova-1985-cz/684eefb424f38;;
20521;Srdce v soumraku;0;;m;1936;76.0;113.0;up0eh5l1ei9ri9qoytec.jpeg;20521-srdce-v-soumraku;Československo;drama / milostný / romantický;;"Julie Vlachová je vdova po učiteli. Má tři dospělé syny a dvě dcery. I když se o všechny obětavě stará, výhrady ve svém mateřském srdci má jen k synu Pavlovi - Rolf Wanka, protože má neustále pocit, že není její, a že byl v dětství v nemocnici zaměněn. Dcery Anča a Helena si najdou partnery. Lehkomyslná Anny se stane placenou milenkou boháče, Helena se brzy provdá a s manželem odjíždí do zahraničí. Syn Ludva zdefrauduje peníze k vůli barové tanečnici a zastřelí se proto, a syn Petr hledá jako sice pohledný, ale plytký mladý muž jen bohatou nevěstu. Jediný Pavel obstarává příjmy pro celou rodinu, stará se o zaplacení dluhů. Sám je tajně zamilován do Marcely, dcery svého šéfa továrníka Janského, které ale nadbíhá jeho bratr Petr. Matka Vlachová zjistí, že Pavel není skutečně jejím synem, a že její pravý syn - dvojče Petra, žije u továrníka Svatoše, a je významným houslistou. Když se za továrníkem vypraví,ten jí ujistí v tom, že by mu nemohla poskytnout to, co on - peníze. Všechny děti jsou z domu a zůstává ""jen"" nemilovaný Pavel a právě na Štědrý den zjišťuje paní Julie, kdo byl a je jejím opravdovým synem...... 

Marta H. c.b.";;20.11.1936;;;;Vladimír Slavínský;Helena Friedlová, Rolf Wanka, Jiří Vondrovič, Hana Vítová, Raoul Schránil, Fanča Foltová, Jiří Dohnal, Theodor Pištěk, Věra Ferbasová, Alois Peterka, Josef Gruss, Milada Smolíková, František Roland, Jiří Hron, Alois Dvorský, Jarmila Švabíková, Emil Dlesk, Štefan Munk, Rudolf Maria Mandée, Božena Stehličková, Rudolf Antonín Mendée, Stanislav Bláha, Radola Renský, Fráňa Vajner, Rudolf Stahl, Marie Grosslichtová, Jiří Vondrovič, Jiří Steimar, Vladimír Beztahovský, Antonie Valentová;False;;;;tt0152583;srdce-v-soumraku;True;False;/file/19545/srdce-v-soumraku-1936-web-rip-1080p.html/;/srdce-v-soumraku-drama-1936-cz/67adeb6160687;;
7234;Kde alibi nestačí;0;;m;1961;74.468085106383;91.0;chqktm80eg7kwvp32351.jpeg;7234-kde-alibi-nestaci;Československo;drama / krimi;;"POZOR SPOILER

Česky mluvící muž chce pokoj v hotelu, ale není nic volného, jak tvrdí recepční. Pro dalšího muže, hovořícího anglicky však volný pokoj je. A tu recepční oba muže poznává…

Bezpečnost přichází do bytu lékárníka Kryštofa. Ten skáče z okna. Byl totiž jedním z hlavních organizátorů v prodeji falešných léků. Paní Kryštofová popíše muže, který mrtvého často navštěvoval a říkalo se mu Josef. Z kartotéky to sedí na pana Šestáka. Jenže ten zmizel. Ale z účtu za telefon je zjištěno, že často volal do hotelu Internacional v Karlových Varech. Zde je šéf pan Kraus, kterému zrovna volá manželka. Má u sebe milence, mladého zajíčka Mirka Zacha. Právě sem přijíždí Tůma s Líbalem a použijí svůj osvědčený trik, aby dostali pokoj. Je provedena inventura ve skladu národního podniku Medikamenta a hned je jasno. Tedy původ kradených a posléze falešných léků, ale nic víc. Ředitel je strýc Mirka Zacha. Ti oba se objevují v hotelu a přichází i hledaný Šesták. Vystoupení zde má kouzelník Valenta a ten prozradí při vystoupení všem, co je Líbal zač. Ten mu to pak vyčte a o chvíli později je kouzelník nalezen zastřelen. Kriminalisté přitvrdí a povede se jim dokonce odchytit Šestáka. Ten sice pěkně zpívá, ale o vraždě Valenty nechce ani slyšet. Oba vyšetřovatelé zjistí, že Kraus má doma pistoli a proto se tam objevují zrovna, když tam má jeho manželka Mirka. Jenže expertiza odhalí, že se z Krausovy pistole nestřílelo. A tak si Tůma sezve do jedné místnosti všechny, co v případu jedou, a pověsí jim na nos bulíka. Pak to sezení rozpustí a nezbývá než čekat, zda lest vyšla…";;28.07.1961;;;;Vladimír Čech;Karel Höger, Josef Bek, Oldřich Nový, Anna Pitašová, Bohuš Záhorský, Jan Tříska, Miloš Nedbal, Bohumil Šmída, Oldřich Velen, Marcela Martínková, Josef Abrhám, Libuše Geprtová, Rudolf Deyl, Alena Martinovská, Anna Gabrielová, Milka Balek-Brodská, Jaroslava Adamová, Gabriela Bártlová-Buddeusová, František Miroslav Doubrava, Josef Hlinomaz, Marta Kaňovská, Eva Marie Kavanová, Lubomír Kostelka, František Kovářík, Zdeněk Řehoř, Václav Lohniský, Vilém Pruner, Georgis Skalenakis, Sonja Sázavská, Otto Šimánek, Hana Brožová, Miloslav Lipinský, Věra Burešová, Věra Hanslíková, Milena Geislerová, František Hadrava, Bohumil Honsa, Věra Langrová, Zdeněk Týle, Antonín Kandert, Ota Motyčka, Gustav Nezval, Václav Wasserman, Karel Peyr, Martin Vačkář;False;;;;tt0231891;kde-alibi-nestaci;True;False;/file/77399/kde-alibi-nestaci-1961-krimi-drama-1080p.html/;/kde-alibi-nestaci-1961-cesky-cz-dabing-detektivka-klasika/62cc2ebc2855c;;
20613;Přijela k nám pouť;0;;m;1973;74.459459459459;77.0;nfv0f8da3c6tpkphj5wn.jpeg;20613-prijela-k-nam-pout;Československo;komedie / hudební / rodinný / evropská tvorba;;"Příběh o kamarádství dvou děvčat, romantické Markéty a svérázné dívky od kolotočů Žanety, která opět po roce přijíždí s poutí. Protože dluží Markétě památník s krásnými obrázky motýlů po dědečkovi, začíná jejich shledání nevraživostí a neskrývaným nepřátelstvím. 

      Paraelně s nimi se odvíjí i soupeření dvou klukovských partiček ze sousednich vesnic, kteří nejsou soupeři jen na fotbalovém trávníku. O naschvály v podobě podříznuté lávky, zavírání do skalního bludiště, bahnité klouzačky a dalších není nouze. 

       Ve filmu můžeme vidět dnes už  známé tváře, v roli učitelky mladičkou ""Popelku"" Libušku Šafránkovou, v dětské roli vůdce jedné party Marka Vašuta společně s Miroslavem Vladykou, Romanem Čadou a v roli Žanety Yvettu Kornovou a jako Markétu Renatu Maškovou. Tehdy nikdo z nich ještě netušil, jaká kariéra je čeká.";;01.11.1974;;;;Věra Plívová-Šimková;Renata Mašková, Yvetta Kornová, Ivana Maříková, Zuzana Bydžovská, Jana Matiášková, Roman Čada, Marek Vašut, Miroslav Vladyka, Milan Bakeš, Petr Starý, Tomáš Šimek, Jan Dvořák, Libuše Šafránková, Míla Myslíková, Zdena Hadrbolcová, Ľudovít Kroner, Roman Skamene, Václav Kotva, Josef Hlinomaz, Karel Dellapina, Petr Skarke, Václav Vydra, Karel Augusta, Jan Vančura, Renata Kolářová, Luděk Šnajdar, Dana Šindílková, Jiří Ducháč, Luděk Kučera, Karel Aušprunk, Vladimír Krigl, Dana Francová, Marek Červinka, Libor Kočí, Ondra Kohoutová, Václav Krajíček, Petr Pavlas, Miroslav Hradil, Martin Zelenka, Zdeněk Tesař, Petr Jansa, Petr Táborský, Milan Navrátil, Zdeňka Lorencová, Petr Spálený, Yvetta Kornová, Monika Hálová, Jitka Valentová, Jiří Franc, Lucie Kociánová, Rangers, Inkognito  kvartet, Miroslava Šafránková, Miloslav Štibich, Milan Dufek, Antonín Hájek, Jiří Veisser, Jan Vodňanský, Adolf Nacházel, René Michalička, Ilja Prachař;False;;;;tt0175066;prijela-k-nam-pout;True;False;/file/65645/prijela-k-nam-pout-1973-cz-1080p.html/;/prijela-k-nam-pout-roddiny-1973-cz/609fb5072c1cb;;
6461;Já, truchlivý bůh;0;;m;1969;74.583333333333;82.0;guvo7iyr1dtwcj7p6uh3.jpeg;6461-ja-truchlivy-buh;Československo;komedie / drama / černá komedie / evropská tvorba;Já, truchlivý bůh;"POZOR SPOILER

Pan Adolf nás seznámí s Brnem, kde žije a kde se marně snažil sbalit mladou zpěvačku. A o této minulosti nám vypráví. 

Slečně Janičce je devatenáct let a učí se zpěvu. Adolf s ní absolvuje koncerty a nakonec ona skončí u něj. Ovšem ve vší počestnosti, on pouze hraje na klavír a ona zpívá. A jednoho dne skončí Adolf v nemocnici s očima. Na pokoji s ním je Řek Apostol. Stanou se z nich kamarádi a Apostol pak Adolfovi pomůže zbavit se jedné vdovy. A tu dostane Adolf prima nápad. Udělá z Apostola dirigenta athénské opery a vrazí s ním do kavárny, kde se „umělci“ scházejí. Samozřejmě s ním seznámí Janu. Dovedou ji k Adolfovi domů, kde Jana zazpívá a „mistr“ jí jako slíbí vystoupení v Athénách. Adolf je opouští a odchází, aby mohli být sami. Stane se a po čase oba muži zjistí, že se jim to trošku vymklo z ruky. Zvláště když Jana oznámí Adolfovi, že s panem dirigentem čeká dítě…";;17.10.1969;;;;Antonín Kachlík;Miloš Kopecký, Pavel Landovský, Hana Lelitová, Jiřina Jirásková, Ivana Mixová, Květoslava Houdlová, Jindra Reháková, Pavla Maršálková, Zdeněk Kryzánek, Jarmila Gerlová, Jiří Přichystal, Daniela Bartáková, Ilona Jirotková, Boleslava Svobodová, Vladimír Klemens, Milivoj Uzelac, Jan Víšek, Otakar Chaloupka, Antonín Kachlík, Edita Dindělová, Marta Richterová, František Kubíček, Marie Fingerová, Helena Bendová, Vlastimil Maršíček, Jana Karpašová, Alena Balejová, Jana Lauferová, Pavel Nečesal, Alena Procházková, Dana Syslová, Jindra Šolcová, Karel Hanzlík, Alena Procházková, Dana Syslová;False;;;;tt0171421;ja-truchlivy-buh;True;False;;/ja-truchlivy-buh-1969-czdab/1728d95e66a0837a;;
12664;Perličky na dně;0;;m;1965;74.615384615385;105.0;hzrb302wpcdgxfqinsz9.jpeg;12664-perlicky-na-dne;Československo;komedie / drama / povídkový / evropská tvorba;"Smrt pana Baltazara; Podvodníci; Dům radosti; Automat svět; Romance; World Café, The /Pearls at the Bottom/";"POZOR SPOILER

Smrt pana Baltazara
Muž a žena opravují auto. Když kolem nich něco projede, podle zvuku poznávají co je to za stroj. Pak se ona přiznává, že jich v autě jelo šest a postel. Načež jedou na motocyklové závody, kde se vyprávějí různé příhody z tohoto prostředí. Nakonec jeden z jezdců končí na zemi. Je po něm. Je to Baltazar. 

Podvodníci
V nemocnici jsou dva dědové. Jeden z nich - spisovatel vypráví o tom, co dělal a jak psal některé články. Druhý zase mele o tom, jak zpíval jako hvězda na operních jevištích. Když pak oba zemřou, ukáže se, že si oba vymýšleli. 

Dům radosti
Dva pojišťováci přicházejí za starším mužem, aby jej pojistili. Povšimnou si však, že jsou naprosto všude malby. Na nábytku, na zdi, všude. Muž jim vysvětluje, kdy a proč to namaloval. Podepsanou pojišťovací smlouvu jeho matka roztrhá a pak vzpomíná, jak dělali plechového Ježíše. 

Automat Svět
Na WC patřícím k bufetu nalezne prodavačka oběšenou dívku. Ihned je sundána a povolána sanita. Pak mladík vypráví prodavačce o své přítelkyni a o práci. O tom, jak chystá výstavu z různě tvarovaných plechů. Do toho lze slyšet neustálý hluk svatebčanům kteří nahoře oslavují. Pak sem dolů přichází nevěsta a chce po příslušníkovi VB, aby jí pustil manžela, kterého odvedl. Nevěsta nakonec odchází s oním mladíkem.

Romance
Mladý muž se seznámí s cikánkou. Ta po něm loudí svetr a pak peníze. Jdou k němu, kde se blíže poznávají. Po opuštění bytu stále řeší svoji budoucnost…";;07.01.1966;podle knižní předlohy;;;Jiří Menzel, Jan Němec, Evald Schorm, Věra Chytilová, Jaromil Jireš;Emil Iserle, Ferdinand Krůta, Pavla Maršálková, Miroslav Nohýnek, Slávka Hozová, František Havel, Josefa Pechlátová, Antonín Pokorný, Ivan Vyskočil, Václav Chochola, Věra Mrázková, Ivan Vyskočil, Alois Vachek, Aleš Košnar, Jan Vala, Bohumil Hrabal, Miloš Čtrnáctý, Václav Žák, Vladimír Boudník, Alžběta Laštovková, Karel Jeřábek, Dana Valtová, Josef Hejl, Jan Vašák, K. Spejzová, Sbor, Ferdinand Krůta, Jiří Menzel, Jiří Reichl, František Příhoda;False;;;12+;tt0059581;perlicky-na-dne;True;False;/file/92425/perlicky-na-dne-1965-cz-dab-1080p.html/;/perlicky-na-dne-1965-czdabing/bacab9569fed82c0;;
49296;Dvě z Paříže;0;;m;1988;76.153846153846;64.0;ka4ipsxn9bvlrqudvs50.jpeg;49296-dve-z-parize;Československo;komedie / povídkový;;"Dvě povídky Guy de Maupassanta s jemnou ironií vyprávějí o ženách, které do rozporu s morálkou přivedly jejich touhy jen zdánlivě nevinné… Do televizní podoby je mistrně, s ironií a smyslem pro detail zpracoval dle scénáře J. Z. Nováka režisér Pavel Háša, který do hlavních rolí obsadil řadu hereckých hvězd.
Povídka Šperky nás zavede do skromného měšťanského bytu, kde je pusto, ložnice uklizena jen z části. Jedna z manželských postelí je přikrytá pokrývkou, druhá rozestlaná. Na stěně fotografie půvabné mladé ženy, převázaná černou stuhou a pod ní vázička s uvadlou růží. Dal ji sem nejspíš čerstvý vdovec Leon Lantin (V. Preiss), hluboce truchlící po své milované, náhle zesnulé manželce (I. Svobodová). Byla tak milá, a jak dobře vedla domácnost! Měla jen dvě vášně – ráda chodila do opery a druhou zálibou byly šperky. Tedy, jen takové napodobeniny, protože na pravé samozřejmě manželé neměli peníze. Když se muž po čase dostane do finanční nouze, rozhodne se ty bezcenné „cetky“ prodat. Zjistí ale, že šperky jsou pravé. A nejen to! Vždy je nechával pro Lantinovu ženu zhotovit stejný muž…
Povídka Hrobničky začíná na pařížském hřbitově, kde zvolna kráčí mezi úctyhodnými náhrobky elegantní muž Bernard de Bardou (P. Kostka), v jedné ruce květiny a ve druhé hůlku… Když tu náhle zaslechne bezútěšný pláč. Vedle náhrobku naříká elegantní a velmi půvabná mladá dáma Solange (L. Šafránková). Žalem téměř omdlévá a zřejmě potřebuje pomoc. Je mu této půvabné ženy líto, jistě by neměla truchlit věčně. Šli spolu na čaj, a pak ji doprovodil domů. Na několik týdnů se sblížili. Zahrnoval ji dary. Když však vyčerpal své konto, musel odjet, aby prodal pozemky. Po návratu marně hledá Solange v bytě. Napadne ho hledat ji na hřbitově. Tam ji spatří zahalenou v hlubokém smutku plakat u jiného hrobu…
Česká televize";;;;;;Pavel Háša;Viktor Preiss, Květa Fialová, Ilona Svobodová, Zdeněk Ornest, Jindřich Hinke, Viktor Vrabec, Marcela Nohýnková, Luděk Nešleha, Petr Kostka, Libuše Šafránková, Jiří Kodet, David Prachař;False;;;;;;True;False;;/dve-z-parize/ba7caf71aaeeadba;;
11720;O princezně Jasněnce a létajícím ševci;0;;m;1987;74.261603375527;87.0;78mewyjppdrb0jcy5ym1.jpeg;11720-o-princezne-jasnence-a-letajicim-sevci;Československo;fantasy / pohádka / rodinný / evropská tvorba;O princezně Jasněnce a létajícím ševci;"POZOR SPOILER

Královský rádce hledá slunce. To totiž ne a ne vyjít. I pan král je buzen, aby se na tu záhadu podíval. Ostatně za chvíli se ukáže, co je příčinou. Přichází sem totiž Sluneční paní. Ale také čarodějnice od Černého potoka. Ty dvě nekvasnice se totiž opět pohádaly a čarodějnice vzala Sluneční paní kohouta, který jí vlezl do panství. A král má rozhodnout, kdo je v právu. On rozhodne ve prospěch Sluneční paní a tím si to pěkně podělal u protistrany. Ta dává kletbu na jeho dceru, a to takovou, že si vezme ševce.  A proto dá král princeznu zavřít do věže.

Nedaleko se potuluje švec Jíra a kovář. Na ně pošle čarodějnice Řimbucha, který jim nabídne práci, když se zrovna o ni hádají. Za tři dny vykove kovář slepici a krejčík vymyslí létající aparát. A právě s jeho pomocí se dostane až ke královské dceři do věže. Ona se jmenuje Jasněnka a hned se jí švec zalíbí. Tak se setkají znova, ale to jsou již vyrušeni. Proto prchají.   

Zůstanou spolu a jsou šťastní. Ona prodává boty a on šije. Jenže to vadí čarodějnici od Černého potoka a i s dcerou ji unesou. 

Smutně bloudí Jíra světem. Hledá a nenachází. Až se ocitne u Sluneční paní, které opraví střevíce, a za to od ní dostane klíč a radu, kde Jasněnku hledat. Jíra ji najde - a nyní zbývá ji jen osvobodit. Jenže proti Jírovi jsou ptáci i Řimbuch a nebýt prstýnku a Sluneční paní, byl by Jíra jistě bradou vzhůru. Takto prchá i s Jasněnkou do veselejších končin. Nu, útěk se vydaří, ale když Jasněnka hledá vodu, narazí na královského zbrojnoše, který ji odveze na hrad, neb mu kyne velká odměna. Takže milý krejčík je tam, kde byl, a ještě si navíc moc nepamatuje.  

A zatím jsou u Jasněnky již princové na námluvách. Ale ona chce jen toho, co jí najde ztracený střevíc. Ten, co zbyl princezně na noze, se opět čirou náhodou dostává až k Jírovi a on má velkou radost. Ihned spěchá za Jasněnkou. Ale jen tak snadné to přece jen nebude…";;01.12.1987;kouzla a čáry, čarodějnice, podle knižní předlohy, princezna;;;Zdeněk Troška;Michaela Kuklová, Jan Potměšil, Lubor Tokoš, Jaroslav Čejka, Antonie Hegerlíková, Helena Růžičková, Yvetta Blanarovičová, Oto Ševčík, Venuše Humheyová, Zdeněk Podhůrský, Václav Kaňkovský, Vladimír Huber, Karel Bělohradský, Stanislav Tříska, Dušan Vodák, Vladimír Švabík, Vlastimila Vlková, Lena Birková, Jiří Růžička, Jiří Havelka, Josef Vaidiš, Oleg Ďupal, Jiří Postránecký, Miroslav Grác, Jana Preissová, Sylva Sequensová, David Voverka, Mirko Musil, Jiřina Kottová, Ivo Černý, Hana Kolářová, Jaroslav Vidlař, Sylva Sequensová, Jana Preissová, Mirko Musil;False;;;12+;tt0226232;o-princezne-jasnence-a-letajicim-sevci;False;False;/file/82693/o-princezne-jasnence-a-letajicim-sevci-1987-cs-pohadka-hd-1080p.html/;/o-princezne-jasnence-a-letajicim-sevci-1987-1080p-cz/65c6e79553dee;;
20520;Velbloud uchem jehly;0;;m;1936;74.468085106383;88.0;hze15mbeczo1pob37cda.jpeg;20520-velbloud-uchem-jehly;Československo;komedie;Velbloud uchem jehly;"POZOR SPOILER

Velkovýrobce čokolády Vilím má osmadvacetiletého syna Alíka. Právě plánuje jeho svatbu s dcerou paní Štěpánové Ninou. Mimo jiné také proto, že je líný, nic neumí a nikdy v životě nepracoval. Nu, a Štěpánová je majitelka jiné čokoládovny. A když se tyto dva podniky spojí…

O několik ulic dál žije „revmatický“ Pešta s manželkou a dcerou Zuzanou. Nikdo nemá práci, a tak Pešta simuluje a láká bohaté lidi k nim, aby jim přispěli. A tak přivádí, aniž to tuší, do sklepního bytečku osud. Je to Alík s nastávající tchyní - a právě zde se Alík setká se Zuzanou. Je z toho láska na první pohled. Mladí se spolu sejdou, jdou do kina a také do klubu, kam Alík chodí. Ten pak Zuzanu zaměstná jako svou sekretářku, i když on sám nic nedělá. Ale začne a pokouší se věnovat továrně. Jejich vztah se prohlubuje, ale když jednou stará Štěpánová prohlásí, že si ji Alík vydržuje, řádně se naštve. Naštěstí se zde objevuje Alík a vše uvede na pravou míru. Jenže pak za Zuzkou přichází jeho otec a ona po nátlaku svoluje k odchodu. Alíka to nějak moc nerozhodí a odchází za ní. Oba chudí jako kostelní myši, protože otec syna „zavrhnul“. Nu, naštěstí dostala paní Peštova přidělenu mlékárnu. Ta začíná docela vydělávat. Vše vypadá na pohodu, až dostane Alík pozvání od kamarádů na večírek. On jde, ale nějak se domů nevrací. A jemu se na večírku podaří vytáhnout místo kapesníku dětskou košilku…";;19.01.1937;láska, polibek, továrník, kino, syn, sekretářka, žebrání, chudá dívka, smetánka, mlékárna, inzerát;;;Hugo Haas, Otakar Vávra;Hugo Haas, Antonie Nedošinská, Jiřina Štěpničková, Rudolf Deyl, Oldřich Nový, Růžena Šlemrová, Adina Mandlová, Jindřich Plachta, František Roland, Jan Pivec, Božena Šustrová, Josef Gruss, Jarmila Švabíková, Alfred Baštýř, Eliška Pleyová, Svatopluk Beneš, Anna Gabrielová, Marie Přikrylová, Milka Balek-Brodská, Jan W. Speerger, Milada Smolíková, Vladimír Štros, Marie Ježková, Ela Poznerová, Josef Waltner, Bedřich Veverka, Růžena Kurelová, Pavel Herbert, Eduard Blažek, Jan Šebor, Lída Otáhalová, André Černoušek, Jiří Vasmut, Antonín Hodr;False;;;;tt0176281;velbloud-uchem-jehly;True;False;/file/81426/velbloud-uchem-jehly-komedie-1936-cz.html/;/filmy-pro-pametniky-velbloud-uchem-jehly-1936/1ab431591c66af82;;
60228;Jak šli spát;0;;m;1965;78.333333333333;13.0;gvgdhe7ahb4eos7igyo3.jpeg;60228-jak-sli-spat;Československo;komedie / animovaný / rodinný;;"Šestý (poslední) příběh z cyklu ""Pojďte pane, budeme si hrát"" o dvou plyšových medvědech od Kolína. V tomto příběhu se ožení a stanou se šťastnými otci. Jejich hry a radovánky končí - když se probudí ze zimního spánku do ´tvrdé´ reality zjistí, že na mašinku si hrají už jejich děti.";;;;;;Břetislav Pojar, Miroslav Štěpánek;Rudolf Deyl;False;;;;tt0244561;;True;False;;/jak-sli-spat/64e886f81a2dc;;
39587;Jak se stal Matěj Cvrček doktorem;0;;m;1966;78.333333333333;28.0;r2k50fb5zblnesrvwdq6.jpeg;39587-jak-se-stal-matej-cvrcek-doktorem;Československo;pohádka;Jak se stal Matěj Cvrček doktorem;"Matěj Cvrček slouží u doktora a závidí mu jeho chytrost, bohatství a obdiv lidí. Přitom i on umí léky míchat, zuby léčit a rady nemocným dávat. Svěří se doktorovi, že by chtěl být jako on. Doktor mu řekne, že musí být študovaný, ale že je Matěj hloupý a chudý a nikdy doktorem nebude. 

Král dá vyhlásit, že se mu ztratil pečetní prsten a žádá všechny mistry a magistry, aby se dostavili na zámek a prsten vypátrali. Matěj se oblékne do doktorských šatů a vydá se na hrad jako dr. Mateus. Král slíbí shromážděným mistrům bohatou odměnu, ale dokud se prsten nenajde, nikdo nesmí opustit zámek. Matěj si vyžádá klid a samotu a nechá se zamknout v královské síni. Nachytá tři sluhy, kteří prsten ukradli. Ti mu bohatě zaplatí, aby je neprozradil a vrátí prsten. Před králem se všichni mistři vymlouvají na kdeco, ale Matěj nechá přinést pečenou husu, ze které vytáhne prsten. Král chce jmenovat Matěje vrchním doktorem na zámku, ale mistři namítají, že se musí podrobit zkoušce. Nechají přinést mísu zakrytou poklopem a Matěj má uhádnout, co se skrývá uvnitř. Ten si jen povzdechne: ""Cvrčku, Cvrčku!"" Všichni užasnou, v míse je opravdu malý cvrček. Nakonec Matěj odmítne místo zámeckého magistra a vrátí se domů za svou Majdalénou.";;;;;;Věra Jordánová;Jan Skopeček, Věra Koktová, Jaroslav Raušer, Vladimír Krška, Jiří Krampol, Lubomír Kostelka;False;;;;;;True;False;;/jak-se-stal-matej-cvrcek-doktorem-1966-czdab/626c4093baeb6;;
42260;Dáma ví, kdy přijít;0;;m;1992;75.555555555556;69.0;jvjq6nkedcjfvcy9sfh6.jpeg;42260-dama-vi-kdy-prijit;Československo;drama;Dáma ví, kdy přijít;"Lékař přijel na svou chalupu, aby se vyrovnal s faktem, že má nevyléčitelnou nemoc. Zloděj, který ho na chatě přepadne a ohrožuje pistolí, zcela zvrátí lékařovy myšlenky na smrt a probudí jeho zájem o vlastní osud. Ale i pro kriminálníka je setkání s filozoficky založeným lékařem svým způsobem šťastné... Dílo tvůrčí dvojice autora Ladislava Pecháčka a režiséra Dušana Kleina, která se nejvíce proslavila svými několikadílnými ""Básníky"", nese charakteristické znaky jejich tvůrčího rukopisu: schopnost ve zkratce vyjádřit střetnutí dvou životních postojů, smysl pro humor i smysl pro napětí. V hlavních rolích Eduard Cupák a Pavel Zedníček v inscenaci z roku 1992 slibují silný umělecký zážitek.";;;;;;Dušan Klein;Eduard Cupák, Pavel Zedníček, Otakar Brousek, Stanislav Zindulka, Jan Kotva, Karel Hovorka, Viktor Fatka;False;;;;;;True;False;;;;
2166;Bláznova kronika;0;;m;1964;74.432989690722;81.0;46cxdjthgxymae252x6d.jpeg;2166-blaznova-kronika;Československo;akční / dobrodružný / komedie / animovaný / fantasy / historický / evropská tvorba;Dva mušketýři;"POZOR, SPOILER

Šašek píše kroniku o třicetileté válce.  

Mladý Petr prchá stejně jako ostatní před královskými verbíři, ale stává se jejich zajatcem. 

Na chvíli se mu zdaří útěk, ale je opět jat, a to opět verbíři, jenže vojska druhé armády, tedy císařské. Zde však na cvičení utrhne rozrazil a pak ještě s jedním mušketýrem jménem Matyáš přežijí bitvu. On pak ve vojenském táboře nakrade zlata a společně nacpou kořist do kočáru. Následně se oba muži rozcházejí poté, co ukořistili osla.  

Petr potkává sličnou Lenku a nato přemůže královské mušketýry. Tu se vrací Matyáš, ale také královská garda. Protože Petr má na sobě oděv samotného markraběte, odjíždějí spolu k císaři. Zde končí všichni tři v hladomorně. Jenže větřík války pak vane jinak, císařští jsou poraženi, což velí ke změně chování. Petr jako markrabě Fortunato je najednou i se svým společníkem a šaškem Lenkou obletován jako velmi vážený host. 	

Petr zde poznává císařovu dceru Veroniku, kterou již viděl na nalezeném obraze. Její původní nápadník, druhý v pořadí, hejtman Varga z Koňousova se snaží Veroniku získat pro sebe a také odhalí, že šašek je vlastně dívka. Petr se přiznává, kdo je doopravdy, a i s Lenkou prchají.  

Jenže se opět mění válečný stav. Matyáš končí opět v lochu, odkud se však lehce dostane. 

Petr s Lenkou už mohli být venku, ale jsou opět zadrženi a Petr předvede své umění boje. Už už mohli opět odjet, ale opět je jim zavřena brána přímo před nosem. 	

Ale zase nastává zvrat ve válce a Petr s Lenkou konečně odjíždějí. Ale opět narazí na podvodníka, který drží tak tak vůz s dřevem. A ti dva naletí a končí v rukou verbíře, který je zase přivede k císařskému vojsku. Zde je Petr poznán a odsouzen k trestu smrti oběšením...";;18.12.1964;;;;Karel Zeman;Petr Kostka, Miloslav Holub, Emília Vášáryová, Valentina Thielová, Karel Effa, Vladimír Menšík, Čestmír Řanda, Jiří Holý, Eva Šenková, Eduard Kohout, Josef Haukvic, František Kovářík, Ota Žebrák, Václav Švec, Olga Schoberová, Martin Raus, Milan Neděla, Míla Myslíková, Ladislav Gzela, Alois Dvorský, Vítězslav Černý, Otakar Moučka, Zdeněk Braunschläger, Miriam Kantorková, Karel Engel, Lubomír Bryg, Evelyna Stryhalová, Jan Libíček, Alois Müller, Vladimír Linka, Milan Kindl, Jiří Lukeš, Vladimír Navrátil, Antonín Soukup, V. Nádvorník, Bohuslav Kupšovský, Ludvík Wolf, Oldřich Stodola, Gustav Vondráček, Jiří Zach, Marie Hübschová, Stanislav Ebens, Zdenka Balounová, Olga Světelská, O. Nosková, Jaroslav Klenot, Jiří Lánský, Božena Köhlerová, O. Kulčycká, Otto Ohnesorg, Miloslav Šindler, Václav Podhorský, Jindřich Poledňa, Jiří Šindelář, Pavel Robin, Zdeněk Skalický, Zdeněk Týle, Miloslav Průša, Ilja Černohorský, J. Černohorský, K. Palivec, Zdeněk Vašek, Ladislav Zápotocký, Ervín Zolar, František Smolík, Olga Schoberová, Miloslav Holub, Rudolf Pellar, František Smolík;False;;;;tt0057894;;True;False;/file/17132/blaznova-kronika-1964-cs-film.html/;/blaznova-kronika-dobrodruzne-fantasy-komedie-cz-dab/66b4787f9d95b;;
20774;Vlak do stanice Nebe;0;;m;1972;74.68085106382999;80.0;28hnkl4qmiggsvwpbwml.jpeg;20774-vlak-do-stanice-nebe;Československo;drama / lyrický / válečný / vojenský / evropská tvorba;Vlak do stanice Nebe;"POZOR SPOILER

Píše se rok 1944. Fašisté opět bombardují město. Paní Věra Havelková se obává o svou dcerku Dagmar, proto se ji rozhodně odvézt tam, kde i ona prožila své dětství. 

Páni kluci si dokazují svou odvahu tím, že neuhnou vlaku. Franta si dokonce lehne na koleje. Když pak do toho vlaku vlítnou, zarazí se. Sedí tam totiž Dáša. Děti vozí tento minivláček do školy. Nikdo jiný jím skoro nejezdí. Dáša se s dětmi ihned spřátelí, i když vytáhne z kapsy dvě myši. Nato je svědkem sázky - Franta se vsadí, že přejde po zábradlí, ale to se viklá a on končí ve vodě. I s dědou se Dáša skamarádí a už mu neříká příjmením, ale tak jak má. Totiž dědo. On ji totiž pan Baudyš, tedy děda, viděl naposledy jako mimino. Dáša je středem pozornosti a hned má spoustu kamarádů. A když dostane svolení hrát si na půdě, je v sedmém nebi. Jenže se jí to stane osudným. Najde tam totiž klobouk a na něm umělé třešně. Nebyl by to Franta, aby se nevsadil, že je sní. Je za to učitelkou potrestán. A on ze školy uteče. Při útěku zahlédne partyzána. Dáša onemocní, a tak neví, že s půjčováním třešňového klobouku se roznesly vši a všechny děti se musely ostříhat. Byl u ní doktor, ale ne ten z vesnice, ale veliký a vousatý. Když to pak říká Frantovi, tak ten jednoznačně takového doktora popírá. Ve vesnici je jen malý. A ten byl u Dáši až podruhé. Dáša je již zdravá a Franta pro ni opravdu přijíždí ukradenou lokomotivou. Je však přistižen otcem a ztrestán, proto se ani nesmí účastnit svatby. Na té se děti pomějí slivovicí, za což je pak ve škole trest. Pro Dášu dvojitý, má totiž vši také. Do školy se pak nastěhují fašisté. Kolem se potulují partyzáni a mají vlak plný zbraní. Franta se rozhodne, že vlak ukradne a přidá se k nim. A Dáša jde samozřejmě s ním. Akce se povede a vlak ujíždí zasněženou krajinou. Jenže dochází ke střelbě a Dáši se objevuje na čepici krev. Chce se jí hrozně spát…";;01.12.1972;;;;Karel Kachyňa;Zdena Smrčková, Michal Vavruša, Josef Koza, Alena Procházková, Bořivoj Navrátil, Martin Štěpánek, Jaroslav Heyduk, Ivan Palúch, Hana Čížková, Zuzana Fišerová, Jana Gýrová, Slávka Hamouzová, Jiří Plachý, Štefan Kršňák, Helena Machovcová, Richard Medek, Roman Tkačuk, Jaroslava Vlášková, Ivana Kišová, Stanislav Pilman, Josef Konzal, Petra Kodýmová, Jaroslava Horáková, Antonín Kasper, Jan Košař, Petr Štěpánek;False;;;;tt0069471;;True;False;;/vlak-do-stanice-nebe-1972-hd-cz/5fbe30180d733;;
40331;Růže a prsten;0;;m;1971;75.217391304348;86.0;hj1df2dzke87nmwt8n4s.jpeg;40331-ruze-a-prsten;Československo;pohádka;;Kdysi jedna rozmarná čarodějka vytvořila dvě kouzelné věci - růži a prsten - a obdařila je magickými vlastnostmi. Kdo je má u sebe, ten vzbuzuje u opačného pohlaví lásku. O rozmarech lásky, založené na kouzlu prstenu a růže, vypráví televizní pohádka z roku 1971, která vznikla podle předlohy anglického klasika W. M. Thackeraye. Princ Vavřín v ní nakonec bude milovat svou Bětušku a princezna Andělka dostane za muže prince Bulku a kromě toho se ještě mnoho zábavného a popleteného uděje.;;;;;;Vlasta Janečková;Jaroslav Marvan, Blanka Waleská, Jan Tříska, Jana Preissová, Alena Vránová, Svatopluk Beneš, Milan Neděla, Miloš Nesvadba, Consuela Morávková, Gustav Heverle, Ladislav Trojan, Zbyněk Vaňous, Eva Delongová, Martin Růžek;False;;;;;;True;False;/file/95171/ruze-a-prsten-1971-cb-ceske-pohadky-pohadky-nejen-pro-deti.html/;/ruze-a-prsten-1971-czdab/604193fc7d965;;
10328;Mstitel;0;;m;1959;75.217391304348;78.0;95w53imuqqf270ccszv4.jpeg;10328-mstitel;Československo;drama;;"POZOR SPOILER

 Jsme na tržišti, kde si mladý muž kupuje nový klobouk. 
Je to zedník Kašpar Lén, který se po třech letech vojny vrací do civilu. Vrací se tam co bydlel, ale nedostává se mu dobrých zpráv. Zedník Kryštof zde již nebydlí. Jeho dcera je prý v Praze. A právě tu si Lén najde. Ve vykřičeném domě. A ona mu vypráví svůj osud.  
Její otec byl načapán domácím Oldřichem Konopíkem, když mu kradl věci ze spíže. Domácí chtěl jeho dceru Márinku za mlčení, ta však odmítla. Tatík putuje do krimu, dcera do polepšovny.  
Kašpar jí slibuje vysvobození.  
Zatím bere místo u Konopíka na stavbě. A protože dělat umí, nemá žádný problém. A když tak jednou pozoruje Konopíka, kde se každý den zastaví a kouká…
Lén pak vyhledá znovu Márinku a chce, aby odešla. Ona odmítá, prý kvůli tomu, že zde má dluh. Pak ovšem Lén napadne jednoho zákazníka a hned je zde veselo. On však musí utéci. Zato Márinka je ztrestána.  
Další problém je, když spadne jeden zedník z lešení. To bylo stavitelem šizeno a když přicházejí dělníci za Konopíkem žádat o příspěvek, nedostanou nic.  
Márinka je převážena jinam, ale uteče. Jenže baba, která ji měla hlídat ji udá za krádež, které se ovšem Márinka nedopustila. Ta je pak nalezena u Léna a ihned také zatčena.
Na stavbě se slaví její dokončení. Márinka je z policie propuštěna a protože ví, co Lén chystá, běží za ním na stavbu. Ten začíná s přípravou na vraždu, tedy na trest pro Konopíka… 
 
 ";;01.04.1960;;;;Karel Steklý;Radoslav Brzobohatý, Ivanka Devátá, Jan Pivec, Gustav Nezval, Josef Beyvl, Libuše Řídelová, Vladimír Hlavatý, František Filipovský, Oldřich Vykypěl, Gustav Heverle, Jan Skopeček, František Kubíček, Věra Tichánková, Martin Růžek, Walter Taub, Libuše Bokrová, Václav Fišer, Božena Havlíčková, Rudolf Jelínek, Zdeněk Jelínek, Magda Maděrová, Jaroslav Raušer, František Šlégr, Ivo Gübel, Heda Marková, Bedřich Vrbský, Vítězslav Boček, Václav Postránecký, Miroslav Homola, Jarka Pižla, Miloš Hlavica, Anna Friedová, Dagmar Doubravská, Valentin Knor, František Filipovský, Ladislav Gzela;False;;;;tt0174939;mstitel-1960;True;False;/file/88633/mstitele-1972-west-cz.html/;/mstitel-1959-czdab/5332a29422a13bf8;;
52996;Prokop Diviš;0;;m;1977;76.363636363636;76.0;1pjyvnmcejwcp4i5yv63.jpeg;52996-prokop-divis;Československo;drama / historický / životopisný;Prokop Diviš;"POZOR, SPOILER

Je bouřka a lidé se modlí. Píše se rok 1736.

Věřící potentáti právě probírají práci Prokopa Diviše. Někteří horují proti němu, ale některým to zase tolik nevadí. Potíž je v tom, že městská rada odmítá posílat své děti na klášterní školu, kde páter Prokop vykládá své „bludy“. Tím také rada odmítá přispět každoročním peněžitým příspěvkem. 		

Prokop Diviš je přeložen do Přímětic. Jezuité jsou sice i tam, mají tam statek, ale Prokop bude na faře, takže by měl mít klid. A tam už se chystá jeho přijetí. Doktor Pichler zrovna vyučuje studenty o nervech v lidském těle, když se pak s Prokopem zabere do debaty o léčení elektrikou a elektřinou v lidském těle. Prokop jí také léčí kováře a dalšího pacienta Douděru nabádá, aby již nechodil na robotu. Také svíčky „hromničky“ odmítá světit. 

Prokop se dozvídá o s mrti kolegy v Rusku, pak přichází správce, který trvá na tom, aby Douděra na robotu chodil. 

Pak je Prokop pozván až k Marii Terezii a vůbec ke dvoru, aby prokázal svou pravdu. To se mu daří také za pomoci hřebíků v paruce. Ale doma využívají jeho nepřítomnosti k nekalým rejdům. Když se Prokop vrátí zpět, uvěří zprávě o oslepnutí jedné jeho pacientky. Až ve Znojmě se dozví, že to je nesmysl. 

Lidé pomáhají postavit bleskosvod. To je ovšem trnem v oku několika lidem a ti šíření pomluv jen podporují. Prokop už nemá dalších sil vzdorovat, a tak i kácení bleskosvodu jen přihlíží. Nakonec je u církevní komise, kde obhajuje své učení jak teologické, tak fyzické. Bude mít jeho řeč na tyto lidi nějaký vliv?";;;;;;Jiří Bělka;Miloš Nedbal, Jiří Dušek, Oldřich Slavík, Ladislav Lakomý, Vlasta Fialová, Rudolf Jurda, Zdeněk Hradilák, Oldřich Vykypěl, Josef Karlík, Zdeněk Maryška, Dagmar Bláhová, Oldřich Navrátil, Karel Kabíček, Otakar Vážanský, Stanislava Strobachová, Arnošt Navrátil, Jana Ebertová, Vilém Pfeiffer, Jaroslav Dufek, Zdena Herfortová, František Derfler;False;;;;tt3828704;;True;False;;/prokop-divis-1977-czdab/60c65850cfde3;;
12724;Pětka s hvězdičkou;0;;m;1985;74.408602150538;74.0;t6moju6m95x1rixiklsx.jpeg;12724-petka-s-hvezdickou;Československo;komedie / dětský / rodinný / evropská tvorba;"To jsme ještě nebrali (prac. název); Five";"POZOR, SPOILER

Do malého městečka přijíždí autobusem nový a mladý učitel Mikeš. Je očekáván pěticí kluků, kteří mu rádi pomohou stěhovat, i když on vlastně skoro nic nemá. A tak mu kluci seženou, co kde najdou - světlo, palmu, ale hlavně postel. Jsou za to bohatě pohoštěni chlebem a učitel je za odměnu chce doučovat. Jenže všichni z pětice jsou jedničkáři. 

Začíná nový školní rok. Hned ráno se zjistí, že někdo zcizil palmu. No, kluci opravdu mysleli, že byla vyhozena. Učitel se tedy seznamuje s obyvateli a vůbec s celou vesnicí. A když sem začnou přijíždět delegace, je jasné, že je doba vinobraní. 
 
Pochodové cvičení, nebo chcete-li branný závod, se zvrhne v hašení požáru. Mikeš podezřívá kluky, ale naštěstí se ukáže, jak to bylo doopravdy, a kluci jsou pochváleni.		

Občané se rozhodli, že zde učitele ožení, aby neuprchl, jako ti ostatní. Proto se mu snaží vnutit místní dívku, až namaskovaný žák Daniel jej vytáhne z tenat. Za učitelem však později přijíždí jeho dívka. Bohužel, nemají nikde klid. Ani ve vinici, ani v kupce sena. 

Večer se kluci dělají opilí, protože měli táborák, a druhý den je nalezena rozbitá střecha vinného sklípku. Každému je jasné, kdo to udělal, je to voda na mlýn některých paniček. Kluci pátrají po pravém viníkovi a podaří se jim to. Jenže to už došlo ke konfliktu mezi Mikešem a jeho žákem Staňou. Dokonce padla i facka…";;01.01.1987;učitel, víno, základní škola, vinohrad;;;Miroslav Balajka;Matouš Rajmont, Jan Hartl, Dušan Blaškovič, Marián Zednikovič, Iva Hüttnerová, Václav Babka, Václav Sloup, Eva Řepíková, Zdeněk Dvořák, Miroslava Kolářová, Simona Stašová, Milena Steinmasslová, Barbora Štěpánová, Jaroslav Kuneš, Alois Liškutín, Stanislav Tříska, Břetislav Rychlík, Mojmír Maděrič, Irena Žáčková, Eva Matalová, Milena Marcilisová, Jozef Pražmári, Jan Bílek, Miroslav Kučera, Richard Krpal, Ladislav Vávra, Kateřina Filípková, Marie Komňacká, Miloslav Uhlíř, Jaroslav Kaňkovský, Mirko Musil, Oldřich Vlach, Lubomír Kostelka, Ljuba Krbová, Mirko Musil, Jaroslav Kaňkovský, Eva Jiroušková, Ladislav Krečmer, Jan Kuželka, Oldřich Vlach, Ludmila Roubíková, Ljuba Krbová, Lubomír Kostelka, Luba Skořepová, Bohumila Dolejšová, Pavel Trávníček;False;;;;tt0342881;petka-s-hvezdickou;True;False;/file/04082/petka-s-hvezdickou-2025-cz-dabing-hd-1080p.html/;/petka-s-hvezdickou-1985-fhdtv-cz/68fd29af84539;;Jiří Jilík
31937;Tlustý pradědeček;0;;m;1984;75.625;44.0;4e7zxnu7hno219oy3jb0.jpeg;31937-tlusty-pradedecek;Československo;pohádka;Tlustý pradědeček;"POZOR SPOILER

Muž vypráví o svém tlustém pradědečkovi. Ten neposlechl prababičku a... 
Nyní jsme mezi loupežníky. Jejich velitel Lotrando zrovna přiděluje úkoly. Má zde i svou nevěstu Kokotičku. Všichni se pak chystají do hospody „U kulatého džbánu“, kde mají večer oslavu.  
Když pak ze své jeskyně odejdou, zabloudí sem pradědeček, který se chtěl ukrýt před bouřkou. Zde narazí na loupežnického učně Kudlicha. Ten pak pradědečkovi řekne o hospodě a praděda se tam tedy ocitá.	
Děda lže, že je také zloděj, ale není mu to uvěřeno. Loupežníci si z něj jen dělají legraci tak dlouho, až je všechny hospodská vyhodí ven. Tak si loupežníci ani nevšimli, že praděda předtím utekl. A tak je venku hledají. 
Chytne jej až Kokotička. Ta jej ihned vyzve k tanci a jde se zase do hospody. Ale to už tam přichází lord Havelok s dvěma přáteli. Jeden je Sherlock Holmes a druhý je také detektivem. Lotrando okamžitě velí všem, aby ztuhli a ani se nehýbali a představí je jako loutky. Lordovi se tak zalíbí, že je kupuje za sto tisíc. Jenže pak to celé praskne...";;;;;;Věra Jordánová;Rudolf Hrušínský, Viktor Preiss, Naďa Konvalinková, Luba Skořepová, Ladislav Potměšil, Václav Vydra, Jan Faltýnek, Martin Stropnický, Miroslav Vladyka, Jan Přeučil, Lubomír Kostelka, Karel Augusta, Zdeněk Žák, Rudolf Hrušínský;False;;;0+;;;True;False;/file/18595/tlusty-pradedecek-hudebni-pohadka-napsal-j-capek-1984.html/;/tlusty-pradedecek-1984/68c0b34f31479;;
39695;Čertův švagr;0;;m;1984;74.336283185841;69.0;bfp72ybajtpr89xygqfn.jpeg;39695-certuv-svagr;Československo;fantasy / pohádka / rodinný;Čertův švagr;Chamtivá macecha vyžene nevlastního syna Petra z domu. Nikde nemůže zavadit o pořádnou práci, všude ho posílají k čertu. Do pekla se přeci dostane a nakonec se ukáže, že poctivému a dobrému člověku i peklo může štěstí přinést.  ;;31.12.1984;;;;Vlasta Janečková;Ondřej Havelka, Vladimír Ráž, Jana Březinová, Veronika Freimanová, Dagmar Patrasová, Jiří Zahajský, Ladislav Trojan, Eva Svobodová, Lubomír Lipský, Libuše Havelková, Otto Lackovič, Vlastimil Bedrna, Lubomír Kostelka, Ferdinand Krůta, Jiří Lír, Vladislav Beneš, Ivan Richter, Petr Svárovský, Svatopluk Beneš, Martin Otava, Ivo Niederle, Klára Jerneková, Alena Kreuzmannová, Viola Zinková, Jiřina Třebická, Miloš Nesvadba, Jaroslava Tichá, Milan Stehlík, Jan Faltýnek;False;;;0+;tt1959353;certuv-svagr;True;False;/file/26458/devatero-pohadek-certuv-svagr-1984-pohadka-1080p.html/;/certuv-svagr-1984-cz-pohadka-pro-deti/62fa26dad9fa6;;
79068;Vltavská víla;0;;m;1987;75.238095238095;45.0;gjthke34xx6d50hzcsbq.jpeg;79068-vltavska-vila;Československo;pohádka;Vltavská víla;Mnohá pražská zakoutí jsou jako stvořená pro pohádky. Nejvíc se jim daří na Kampě, ale i v Podskalí se jedna našla. Převozníkův syn Tomeš se tam zamiloval do krásné vltavské víly. Dala si záležet na tom, aby se z Tomeše stal moudrý, pracovitý převozník, teprve pak mu řekla své ano.;;;;;;Jiřina Pokorná-Makoszová;Zlata Adamovská, Jan Hartl, Jiří Sovák, Ilja Racek, Josef Větrovec, Rostislav Kuba, Pavel Zedníček, Jitka Molavcová, Alena Kreuzmannová, Jaroslav Vidlař;False;;;0+;;;True;False;/file/26172/vltavska-vila-1987-ceske-pohadky-pohadky-nejen-pro-deti.html/;/vltavska-vila-1987-czdab/57e1606165905;;
52899;Pozdní léto;0;;m;1974;74.583333333333;84.0;el4b07fia01tmd3t7xca.jpeg;52899-pozdni-leto;Československo;psychologický / drama;Pozdní léto;"POZOR SPOILER

K dětskému domovu přijíždí pán a hledá Františka Bukáčka. Když ten k plotu přijde, pán se ukryje. Pán se jmenuje Karel a Františka má adoptovat se svou manželkou. Ta sedí doma s maminkou, která se na Františka rovněž těší. Karel se vrací pozdě a ještě taxíkem. Znovu a znovu probírají svůj budoucí život s novým členem domácnosti. 

Když nadejde osudný den, Karel nikde. Zato přijde mírně zkoulovaný děda se spoustou psů. Jen jednoho má však pro Františka. A protože Karel stále není doma, jede pro kluka děda. Karel mezitím sedí v hospodě se svým otcem, který mu slibuje peníze, ale sám si opět půjčuje. 

Karel je už doma, když děda kluka přivádí. Jenže „tatínek“ se chová jako pravý idiot a despota. Kluk je z toho perplex a na psíka darovaného dědou reaguje odmítavě. Karel se s klukem učí, ale že by jim to spolu nějak šlo, se nedá říci. Nu, je konec této slavné návštěvy a Františka veze děda zpět. V domově předá František cigarety, které slíbil, a tak se dozví, že je vrácený. Ovšem jen od kluka, který je straší než on. Zdá se, že půjdou osudem každý sám, Karel s rodinou a František také.";;24.12.1974;rodina, děti, vlak, šachy, dětský domov, cigarety, taxi, modré oči, manželé, adopce, čepice, seznamování;;;Antonín Moskalyk;Věra Galatíková, Jiří Vala, Dana Medřická, Ladislav Pešek, Michal Suchánek, Vladimír Krigl, Josef Konzal, Josef Hlinomaz, Vladimír Krška, Miriam Chytilová;False;;;0+;tt0782152;;True;False;;/pozdni-leto-1974/63ab80e8361dd;;
114736;Puding à la Chipollata;0;;m;1972;80.0;45.0;mpx5ybgms00tevt8ll7r.jpeg;114736-puding-a-la-chipollata;Československo;komedie;Úsměvy světa: Puding à la Chipollata;"POZOR, SPOILER

V hraběcí kuchyni právě něco dělá kuchtík Cesar Vatel. Vyruší jej Regina, také kuchařka, ale ta pracuje jinde. A když si do něj později rýpne, nasype Cesar do jídla vše, co má po ruce. 

Vládce kuchyně je Cesarův otec. Ten má udělat Puding a la Chipolatta. Jenže neví jak. A mimo jiné také nepřeje lásce svého syna -  jednou jej také propustí. 		

Pak se ukáže, že recept na Puding a la Chipolatta zná Regina od své tety. Takže jej začne vařit s Cesarem, ale ten nedodrží přesný postup a vznikne z toho velká podivnost. Ta je pak omylem odnesena na hraběcí stůl. Když to šéfkuchař zjistí, míní spáchat sebevraždu. Jenže se ukáže, že právě tento pokrm nesmírně zachutnal. Nastává velká sláva, která bude mít zajímavou dohru...";;;;;;Evžen Sokolovský;Čestmír Řanda, Josef Dvořák, Lucie Žulová, Jiří Holý, Ladislav Křiváček, František Skřípek, Petr Hanus, Petr Svoboda, Luděk Kopřiva, Michal Pavlata;False;;;;;;True;False;;/usmevy-sveta-05-puding-a-la-chipollata/ab9d9d243d986126;;
61011;Pasáček vepřů;0;;m;1957;80.0;14.0;nulnxqomrwrxxa60pudr.jpeg;61011-pasacek-vepru;Československo;animovaný / dětský / pohádka / loutkový;"Little Swineherd; The Pig Shepherd";"Loutkové zpracování klasické pohádky H.Ch. Andersena o pyšné princezně a chudém princi. Jediný vstup Milana Kundery do světa animovaného filmu.
katalog 1. Festivalu nad řekou";;;;;;Hermína Týrlová;Milan Kundera, Karel Höger;False;;;0+;tt0427640;;False;False;/file/53315/pasacek-vepru-2017-cz-dabing-hd-1080p.html/;/pasacek-vepru-webrip-cz-2017-1080p/6717fafef371d;;
72721;Magnetická luneta;0;;m;1975;80.0;54.0;https://prod-fdb-storage.fra1.cdn.digitaloceanspaces.com/placeholders/General.png;72721-magneticka-luneta;Československo;drama / životopisný;Magnetická luneta;"MAGNETICKÁ LUNETA je další hra z cyklu o hrdinech naší současnosti. Za hlavní postavu si autor scénáře <a href=""https://www.fdb.cz/osobnost/17136-roman-raz"">Roman Ráž</a> vybral hrdinu socialistické práce Karla Kyzlinka. Volně zpracoval události z roku 1972 – zavedení první československé výroby razníků pro řezy na perforaci známek v tiskařských strojích.  S Karlem Kyzlinkem se na obrazovce setkáváme v době, kdy je již v důchodu. Jeho činná povaha mu však nedovoluje v klidu odpočívat. Za soudruhem Kyzlinkem i nyní docházejí jeho spolupracovníci a on nedokáže zůstat pouze u rad. Kdykoli se naskytne příležitost, okamžitě se chápe činu. Navštěvuje továrny, přesvědčuje, vymýšlí… Tak tomu bylo i s třícentimetrovými kousíčky oceli, které se mu jednou ocitly v rukou. Razníky se doposud dovážely ze Švýcarska a stát na jejich dovozu prodělával. Problém nebyl jen vymyslet zlepšovák československé výroby, ale především prosadit ho a najít podnik, který by razníky vyráběl. Zlepšovatel, úderník, laureát státní ceny a hrdina socialistické práce Karel Kyzlink se nevzdává… Ve druhém plánu hry se setkáváme s partou mladých dělníků v dílně na výrobu a opravy dveřník pantů. Mezi nimi se objevuje i Standa. Člověk, o jehož schopnostech a vytrvalosti kdekdo pochybuje. Všichni ho pronásledují otázkou „Co jsi dokázal?“ a Standa si neustále s nelibostí musí přiznávat, že toho mnoho nebylo. Oba plány hry se spojují v okamžiku, kdy do dílny vstupuje Karel Kyzlink, aby zde na staré brusce sám začal s výrobou razníků. Ke spolupráci si vybírá právě Standu.

Hru Magnetická luneta natočila režisérka <a href=""https://www.fdb.cz/osobnost/74546-anna-prochazkova"">Anna Procházková</a>. Za hlavního představitele si zvolila <a href=""https://www.fdb.cz/osobnost/4666-bohus-zahorsky"">Bohuš Záhorský</a>. V dalších rolích uvidíte <a href=""https://www.fdb.cz/osobnost/1808-vitezslav-jandak"">Vítězslav Jandák</a>, <a href=""https://www.fdb.cz/osobnost/13973-jiri-wohanka"">Jiří Wohanka</a>, <a href=""https://www.fdb.cz/osobnost/3234-lida-placha"">Lída Plachá</a>, <a href=""https://www.fdb.cz/osobnost/17512-zdenek-jelinek"">Zdeněk Jelínek</a>, <a href=""https://www.fdb.cz/osobnost/2992-jaroslava-obermaierova"">Jaroslava Obermaierová</a>, <a href=""https://www.fdb.cz/osobnost/2496-hana-maciuchova"">Hana Maciuchová</a>, <a href=""https://www.fdb.cz/osobnost/16611-jaroslav-cmiral"">Jaroslav Cmíral</a>, <a href=""https://www.fdb.cz/osobnost/14250-karel-kolousek"">Karel Koloušek</a>, <a href=""https://www.fdb.cz/osobnost/4140-vaclav-svorc"">Václav Švorc</a> a <a href=""https://www.fdb.cz/osobnost/6968-frantisek-vicena"">František Vicena</a>.

[hej] [i]Magnetická luneta.[/i] Květy. 1975, roč. 25, č. 9, s. 46 – 47. [upraveno]";;;;;;Anna Procházková;Bohuš Záhorský, Jaroslav Cmíral, Vítězslav Jandák, Hana Maciuchová, Jiří Wohanka, Lída Plachá, Zdeněk Jelínek, Jaroslava Obermaierová, Karel Koloušek, Václav Švorc, František Vicena, Václav Bahník;False;;;;;;True;False;;;;
46134;Loutka, přítel člověka;0;;m;1981;80.0;7.0;https://prod-fdb-storage.fra1.cdn.digitaloceanspaces.com/placeholders/General.png;46134-loutka-pritel-cloveka;Československo;animovaný;;"Tři absurdní animované příběhy režiséta Ivana Renče s trochou černého humoru zobrazují vztah člověka a animované  loutky. V příběhu prvním -  Sladké sny - je zobrazen loutkový King Kong, který plení město, v závěru bere do pracek plavovlasou krásku. Náhle vidíme, že jde o plyšovou hračku, kterou si bere malá živá dívenka do postýlky a ukládá se ke spánku. Druhá část - Strč prst skrz krk - herec maňáskového divadélka vede dvě postavičky, které se vzájemně snaží narvat do rakviček. Náhle zazvoní telefon, herec zjistí, že má místo prstů pahýly, maňásci pokračují zatím ve hře jeho živými prsty. Poslední příběh - Hlad a žízeň - po moři pluje vor s trosečníkem, čeká na záchranu, která nepřichází. Nakonec vor uchopí velké ruce animátora a s chutí se do něho zakousnou. Jde totiž o krajíc s máslem.
zpr./curil";;;;;;Ivan Renč;Karolina Plichtová, Petr Nárožný, Ladislav Smoljak;False;;;;tt0133068;;False;False;;;;
20144;Ještě špetka tymiánu;0;;m;1969;80.0;21.0;https://prod-fdb-storage.fra1.cdn.digitaloceanspaces.com/placeholders/General.png;20144-jeste-spetka-tymianu;Československo;komedie / krimi;Ještě špetka tymiánu;K bohaté vdově přichází v rámci vyšetřování komisař Jacques Lelouch. Dáma připravuje specialitu v kuchyni a komisař ihned nasaje vůní ingredience do nádivky. Jako amatérský kuchař pozná telecí plátky se šunkou a nádivkou. Dáma je překvapena znalostmi muže, a přestože se jí představí jako policista a žádá od ní svolení pro exhumaci ostatků jejích dvou zemřelých manželů, pozve jej na oběd. Lelouch dostane písemné svolení a neodmítne pozvání od podezřelé vražedkyně. Je na něm, jak si vychutná specialitu polpetto i s tou správnou špetkou tymiánu...;;;;;;Pavel Blumenfeld;Jiřina Jirásková, Bohuš Záhorský, Bohuš Hradil;False;;;0+;;;True;False;;;;
40334;Jak to bylo v Únoru;0;;m;1972;80.0;75.0;qrq5k5lhwsb7u2x0633e.jpeg;40334-jak-to-bylo-v-unoru;Československo;agitka / dokument - hraný;Jak to bylo v Únoru;"Inscenace zachycuje průběh hlavních událostí Února 1948, od vyvolání vládní krize až po ustanovení nové, doplněné a obrozené vlády Národní fronty. Boj mezi pokrokovými i prostými občany a mezi představiteli reakce, který se snaží usměrňovat president Beneš je ilustrován příběhem z dělnické rodiny. Dělnická dcera chodí se studentem žurnalistky, který praktikuje ve Svobodném slově. Student postupně přechází na stranu reakce a ukazuje se také, že dcera nebyla jeho jediným děvčetem. Ona sama nachází cestu mezi ty, k nimž patří její otec, mistr v Kolbence.

Zdroj: www.totalita.cz";;14.02.1973;;;;Antonín Dvořák;Martin Růžek, Viktor Maurer, Jan J. Vágner, Jiří Havel, Jiří Pleskot, Bohumil Pastorek, Otto Budín, Eduard Žemla, František Vicena, Hana Houbová, Kateřina Macháčková, Bedřich Prokoš, Vlasta Vlasáková, Vladimír Menšík, Karel Šebesta, Jan Libíček, Karel Höger, Zdeněk Řehoř, Jaroslav Satoranský, Oldřich Lukeš, Bohuslav Ličman, Libuše Geprtová, Regina Rázlová, Jana Andresíková, Václav Fišer, Vlastimil Čaněk, Miroslav Rous, Ivo Niederle, Eva Jiroušková, Karel Vlček, Jiří Lír, Soňa Dvořáková, Hana Talpová, Kamil Olšovský, Miloš Grossman, Emil Kavan, Eva Trunečková, Čestmír Válek, Josef Bárta, Jiří Lábus, Miroslav Malkovský, Václav Luks, Bohuslav Šeda;False;;;;;;True;False;;;;
75047;Ententýny;0;;m;1971;80.0;50.0;02av4iscmtuk2eny3psh.jpeg;75047-ententyny;Československo;psychologický / příběh / rodinný / sociální;Ententýny;"Mirek (J. Hrušínský) je obyčejný patnáctiletý kluk, jehož největší zálibou jsou zvířata. Právě končí devátou třídu, a rozhoduje se, kam dál. Rodiče si přejí, aby studoval chemickou průmyslovku, ale on nechce, touží jít na veterinu. Dokonce roztrhá přihlášku. Rodiče (J. Bek a J. Dítětová) jsou ale neoblomní…

Zdroj: Česká televize";;;mladí delikventi, spolužáci, mládež;;;Věra Jordánová;Jan Hrušínský, Jana Dítětová, Josef Bek, Věra Budilová, Miloš Willig, Karel Urbánek, Oldřich Velen, Taťjana Medvecká, Jiří Růžička, Vlastimil Zavřel, Jan Kraus, Arnošt Proschek, Marie Macková;False;;;0+;;;True;False;;/ententyny-1971-czdab/60661eb9d8d79;;
96524;Císařovy nové šaty;0;;m;1989;80.0;9.0;lvpe1i7vfrkl8ea7y6bg.jpeg;96524-cisarovy-nove-saty;Spojené státy americké / Československo;animovaný / pohádka / kreslený;The Emperor's New Clothes;;;01.01.1990;;;;Gene Deitch;Václav Postránecký, Rex Robbins;False;;;0+;tt1303709;;True;False;;/cisarovy-nove-saty-csr-1989-animovany-kratkometrazni/5c8f2530894a5;;
7220;Kavárna na hlavní třídě;0;;m;1953;74.722222222222;87.0;805a8rf751wn7rqrqwog.jpeg;7220-kavarna-na-hlavni-tride;Československo;drama / krimi;;"POZOR, SPOILER

Kavárník Stýblo si vybírá nového zaměstnance, číšníka. Ze spousty uchazečů bere Josefa Kučeru, který byl ve světě a zná jazyky. Ten přichází zrovna, když má paní Stýblová svátek a když starý Bartoš, výpomocná síla, omdlel. Josef se mu snaží pomoci, to se ovšem jistým lidem nelíbí. Jen pomocná síla Jindřiška Sejková s pomocí souhlasí. A s Josefem rovněž. A to se zase nezamlouvá jejímu mládenci Emilu Vackovi. Také jí to dá ihned najevo. 

Bartoš umírá, a když Josef mluví na pohřbu, rýpne si do Stýbla, což mu pak Emil nesmlčí. Následuje vyhazov. I s Jiřinou. 
	
Emil má nějaké peníze, které mu Jiřina svěřila, a ona je chce nyní zpět, protože už má ráda Josefa. Emil jí peníze přislíbí, a když se sejdou, namíří na ni nalezenou zbraň. Dojde ke střelbě a Jiřina končí v nemocnici. On sám spáchá sebevraždu. Jenže se tak stane v době jiné aféry, a proto je třeba upravit právě tuhle věcičku a udělat z ní vraždu. Při tom je třeba vykoupat Josefa. Policajtovi je naznačeno, aby upravil důkazy, a on to udělá. Takže je Josef obžalován z vraždy, a aby toho nebylo málo, bude obviněna i Jindřiška.
 
Začíná soud. Všechny důkazy jsou proti Josefovi...";;22.01.1954;;;;Miroslav Hubáček;Karel Höger, Jana Dítětová, Václav Voska, Saša Rašilov, Jiřina Šejbalová, Felix le Breux, František Vnouček, František Kreuzmann, Josef Mixa, Bedřich Prokoš, Bohuš Záhorský, Miloš Nedbal, František Šlégr, František Holar, Eva Karelová, Zdeněk Dítě, Vlastimil Brodský, Alois Dvorský, Miroslav Homola, Josef Hlinomaz, Bohuš Hradil, Miloš Kopecký, Svatopluk Skládal, Lubomír Lipský, Rudolf Deyl, Gabriela Bártlová-Buddeusová, Vladimír Řepa, Jiří Vondrovič, Martin Raus, Jiří Kolář, Antonín Holzinger, Stanislav Procházka, Josef Kotapiš, Emil Dlesk, Jana Koulová, Oleg Reif, Karel Hovorka, Vladimír Pospíšil, Eduard Muroň, Jan Hromádko, Miroslav Janeček, Aleš Podhorský, Otto Tutter, Antonín Stránský, Jan Svoboda, J. Z. Novák, Mirko Čech, Jiří Levý, Roman Kukal, Arnošt Mirský, František Malšovský, Jan Lajbl, František Suk, Stanislav Procházka, Jan Laibl;False;;;;tt0231889;kavarna-na-hlavni-tride;True;False;;/kavarna-na-hlavni-tride-1953-czdab/9f37bdbad087b975;;
21722;Hriech Kataríny Padychovej;0;;m;1973;76.666666666667;75.0;c6ofoijg7y4yay2s6auy.jpeg;21722-hriech-katariny-padychovej;Československo;psychologický / drama;Hriech Kataríny Padychovej;"Dramatický príbeh z obdobia prvej republiky sa odohráva na Kysuciach a všíma si nielen biedu a utrpenie tamojších obyvateľov, z ktorých mnohých prinútil hlad odísť do cudziny, ale hovorí aj o ich veľkej a ušľachtilej láske k rodnej zemi, práci a ľuďom. Štefan Padych prehrá súd s miestnym krčmárom Šulganom, ktorému dlží peniaze. Keďže nechce, aby manželka a trojročná dcérka trpeli hladom, rozhodne sa odísť do Francúzska. Ústrednou postavou je Katarína Padychová, ktorá sa po manželovom odchode dopustí nevery a otehotnie...

Zdroj: RTVS";;01.06.1973;;;;Martin Hollý;Hana Pastejříková, Štefan Kvietik, Michal Dočolomanský, Karol Machata, Jozef Čierny, Oľga Šalagová, Ľudovít Kroner, Ján Kramár, Viliam Polónyi, Hana Grissová, Jaroslav Rozsíval, Terézia Hurbanová-Kronerová, Andrej Rimko, Vladimír Kostovič, Jozef Cút, Ivan Krivosudský, Milan Fiabáne, Ľudovít Reiter, Hana Gregorová, Vladimír Jedľovský, Veronika Zábrodská, Zoroslav Záhon, Juraj Kováč, Beata Drotárová, Lotár Radványi, Emil Horváth, Mária Hojerová, Viliam Meško, Marian Sotník, Renáta Tajcnárová, Michal Kožuch, Ivan Folkman, Michal Belák, Emília Vášáryová, Slávo Drozd, Juraj Šebok, Hana Kováčiková;False;;;12+;tt0171384;;False;False;;/hriech-katariny-padychovej-1973-skdab/b7e4b2f40540dac4;;
4442;Drsná Planina;0;;m;1979;74.26086956521699;88.0;z8opqdfwhnnvc6f8nkb3.jpeg;4442-drsna-planina;Československo;drama / evropská tvorba;Stav ohrožení;"POZOR SPOILER

Do vylidněné české vesničky Planina přicházejí tři vojáci. Četař Láďa, a desátníci Ruda a Standa. První na koho narazí, je pan Tomek. Ten je zde zatím docela sám. Vojáci se ubytují v jedné z chalup a pak jsou povoláni jedním mužem, který byl okraden. Vojáci pak zloděje dopadnou, a ti jsou později odvezeni do Plzně. Ruda pozná v hájovně hajného dceru Martinu Bajerovou, oba v sobě najdou zalíbení. Přicházejí sem noví lidé - i vojáci. Jedné noci, když leze Ruda za Martinou, najde ji mrtvou. Byla sadisticky zavražděna ocelovou strunou. Vrah uprchl za hranice. Je to již třetí případ. Ale dějí se zde i věci veselejšího rázu. Jako kuchař byl určen desátník Karlíček, jemuž se vaření ale vůbec nedaří. Za což je házen ostatními vojáky do potoka. Když pak uposlechne rady zadělat knedlíky kozím mlékem, je na něj uspořádána knedlíková palba. Přichází agent, všeobecně zvaný Strejček - podle hesla, které používá. Standa nepovoleně opouští místo určení a je dohnán Láďou až na nádraží. Má doma potíže, Láďa mu proto jede pro manželku a přiváží je oba do Planiny. Jednou na pochůzce chytnou záškodníka, ale tomu pomůže jiný a jeden z vojáků je jím zabit. Oba záškodníci jsou pak polapeni. Agent Strejček pak zastřelí Rudu. Je únor čtyřicet osm. Ruda má po pohřbu a život jde dál. Hlídka postřelí divokého kance, při jeho stopování objeví zajímavou věc. Ta bude mít později velký význam. Totiž při zatčení lidí, u kterých se to nečekalo. Později jsou v rámci hlášeného průniku zatčeni dva mládenci. Láďovi se to nějak nezdá, proto jde do lesa sám se psem. A hle na koho zde narazí...";;01.05.1980;;;;Jaroslav Soukup;Jiří Bartoška, Ivan Vyskočil, Ladislav Potměšil, Zdeněk Maryška, Marcel Vašinka, Jan Řeřicha, Jiří Lábus, Josef Nechutný, Jan Kraus, Miroslav Zounar, Karel Hlušička, Zdeněk Kutil, Jiří Tomek, Zuzana Geislerová, Jana Gýrová, Tomáš Sedláček, Jaroslav Rozsíval, Ferdinand Krůta, Bohumil Vávra, Pavla Maršálková, Zlata Adamovská, Dušan Blaškovič, Karel Šebesta, Dagmar Neblechová, Petr Svárovský, Pavel Trávníček, Rostislav Kuba, Zdeněk Mucha, Karel Chromík, Jaroslav Konečný, Svatopluk Skládal, Bohuslav Ličman, Jaroslav Mareš, Antonín Procházka, Jiří Samek, Kamil Prachař, Svatopluk Říčánek, Vladimír Novotný, Hana Vávrová-Heřmánková, Václav Tomšovský, Ivan Gübel, Josef Loučím, Lena Birková, František Skřípek, Jaroslav Horák, Emil Žák, Mirko Musil, Karel Knechtl, Jindřich Havel, Dalibor Fiksa, Hermann Vojtěch, Jiří Svoboda, František Přibáň, Vladimír Jirka, Antonín Doležal, Václav Krbec, Vladimír Kučera, Jan Beneš, Ladislav Brejcha, Václav Havlíček, Jiljí Jahoda, Václav Kopecký, Vlastimil Kovářík, Vratislav Křivánek, Václav Pěč, Karel Randák, František Vyhnálek, Petr Svojtka, Jiří Havel;False;;;;tt0079085;drsna-planina;True;False;/file/88784/drsna-planina-1979-drama-1080p.html/;/drsna-planina-1979-czdab/6144c207e3335;;
31641;O Terezce a paní Madam;0;;m;1976;74.426229508197;45.0;kw6h0o5rq4nh9rbkza0g.jpeg;31641-o-terezce-a-pani-madam;Československo;fantasy / pohádka / rodinný;O Terezce a paní Madam;Princezna Terezka byla holka jako lusk do okamžiku, než se její výchovy ujala paní Madam. Z její etikety se princezna dokonce rozstoná. Nepomáhají věhlasní doktoři a jejich lektvary. Ale když Terezku ze zámku tajně odvede její milý Tonek k rodičům do venkovské chalupy, je po nemoci. Pan král slíbí tomu, kdo Terezku najde a přivede zpět na zámek, její ruku a půl království k tomu. Že všechno dopadlo pro Terezku a Tonka tak, jak se domluvili, je vám jistě jasné. Ale teprve až Terezka malou lstí dostane ze zámku vznešenou paní Madam, jejich štěstí bude bez chybičky.;;;;;;Libuše Koutná;Libuše Šafránková, Iva Janžurová, Josef Vinklář, Jaromír Hanzlík, Josef Dvořák, Jiří Hrzán, Vlastimil Hašek, Jiří Hálek, Ivo Niederle, Oldřich Velen, Jaroslav Moučka, Věra Petáková, Ladislav Trojan, Radúz Chmelík, Jan Přeučil, Loutkoherecká skupina ČST;False;;;0+;tt1996344;o-terezce-a-pani-madam;True;False;/file/20294/o-terezce-a-pani-madam-cz-dabing-1976.html/;/o-terezce-a-pani-madam-cz-dabing-1976/5a10e3674673a;;
6521;Jak básníkům chutná život;0;;m;1987;74.077868852459;102.0;l9tmocyailedf8c10xtm.jpeg;6521-jak-basnikum-chutna-zivot;Československo;komedie / evropská tvorba;"Jak básníkům voní život; Ako básnikom chutí život (SK)";"Kendy se jako pomocný režisér vrací do rodného města natáčet s televizním štábem třináctidílný seriál, Štěpán Šafránek nastupuje po promoci na své první místo – na internu zdejší nemocnice. Jeho nepřizpůsobivost místním poměrům a smysl pro etiku zvoleného povolání však příliš nevyhovuje ostatním, už „zaběhnutým“ kolegům. Zatímco ti se škodolibě baví jeho horlivostí a zodpovědností, Štěpán má stále větší problémy s nadřízenými, až je nakonec přesunut na všemi odmítané místo venkovského obvodního lékaře. V Bezdíkově potkává novou, snad už trvalou a opětovanou lásku…

Autoři „Básníků“ – scenárista Ladislav Pecháček a režisér Dušan Klein – zaměnili v tomto pokračování lehký tón studentské recese za poněkud ostřejší až satirickou polohu, kterou přináší drsná realita praxe a skutečného života, kdy už nic není na zkoušku. Ani tentokrát filmu nechybí laskavost a moudrost – jeho hrdinové navzdory svým životním kotrmelcům vyzařují kolem sebe pohodu a radost ze života. Působivost filmu, vedle výborných hereckých výkonů, opět umocňují kreslené sekvence, jejichž autorem je tentokrát Jiří Šalamoun.

Zdroj: ČT";;01.06.1988;;;;Dušan Klein;Pavel Kříž, David Matásek, Eva Vejmělková, Jana Hlaváčová, Rudolf Hrušínský, Blažena Holišová, Karel Roden, Václav Svoboda, Joseph Dielle, Eva Jeníčková, Pavel Zedníček, Josef Somr, Rostislav Kuba, Tomáš Töpfer, Věra Vlčková, Míla Myslíková, František Filipovský, Josef Větrovec, Alice Chrtková, Kateřina Burianová, Alena Karešová, Barbora Štěpánová, Zita Kabátová, Jiří Hálek, Monika Hladová, Marcela Martínková, Jana Andresíková, Vlasta Jelínková, Hugo Kaminský, Jan Kostroun, Věra Koktová, Luďa Marešová, Zuzana Talpová, Jiří Kodet, Karel Černoch, Iveta Bartošová, Soňa Novotná, Ondřej Vetchý, Stanislav Aubrecht, Jiřina Jelenská, Karel Houska, Slávka Hozová, Boris Halmi, Zlata Adamovská, Zdeněk Žák, Jitka Asterová, Miloslav Štibich, Mirko Musil, Stanislav Zindulka, Zdeněk Blažek, Jaroslav Klenot, Eva Klepáčová, Eva Vidlařová, Dušan Klein, Ladislav Pecháček, Antonín Hardt, Jana Robenková, Tat'ána Puttová, Jiřina Bílá, Eduard Pavlíček, Jan Schmid, Václav Helliman, Pavel Melounek, Valentina Thielová, Vlastimila Vlková, Anna Wetlinská, Karel Hovorka, Jaroslav Tomsa, Pavel Štoll, Radovan Urban, Zlata Adamovská, Zdeněk Žák, Eva Klepáčová, Jiří Pleskot, Mirko Musil, Karel Houska, Viktor Maurer;False;;;12+;tt0093291;jak-basnikum-chutna-zivot;True;False;/file/95223/jak-basnikum-chutna-zivot-1987-cs-komedie-hd.html/;/jak-basnikum-chutna-zivot-1987-fhd-1080p-cz-533/69034639f2a2c;;Ladislav Pecháček
7749;Konec cesty;0;;m;1959;74.705882352941;80.0;cy7vs5cziq1h6z14ovcg.jpeg;7749-konec-cesty;Československo;drama / krimi / evropská tvorba;Konec cesty;"POZOR, SPOILER

Na hranicích dochází k přestřelce. Narušitel je zastřelen, ale ještě stihne vyslovit jméno Lachman. Ten je pak usvědčen z několika zločinů a odsouzen na několik let žaláře. Za dobré chování je však propuštěn dříve. Nejprve navštíví svou dceru Evu Kostkovou a odtud jede na stavbu přehrady. Zde se prokope k bedně, ale když zjistí, že je zajištěna trhavinami, nechává toho. Sežene si minéra, věčně opilého Rokose. Ten tomu rozumí a uvolí se ke spolupráci. Když se jim povede bednu vykopat, zjistí, že je plná anglických peněz. Část z nich dává Lachman dceři. Ta se svěří svému muži, ale ten se bojí a nechce s tím nic mít. Eva tedy část valut prodá u Tuzexu vekslákovi. Za bony si nakoupí látky. Tu pak prodá a za peníze opět nakupuje. Bratru za šedesát liber. Netuší, že jsou již u jiného muže odhaleny jako padělky. Vyráběli je nacisté v Saxenhausenu. A vyráběli je vězni.

Muž, který koupil falešné libry přímo od Evy, zavede kapitána Lukeše až do Tuzexu, kde si Eva kupovala onu látku. Ustřihnou se jejich vzorky a kriminalisté obcházejí všechna krejčovství. Tak najdou nějakého Josefa Kramperu, který nechal z jedné této látky šít šaty. Ukáže se však, že si valuty přivezl z montáže. Karlíček, jak si Rokos říká, chce stále více peněz. On si totiž ty své libry mění přímo u Lachmana. Eva navrhuje prodat další látky a při tom padne jméno Jirák. To je kolega jejího muže a vyzná se. Lachman se s ním sejde. Rokos dává pár liber své dívce a ta nemá nic lepšího na práci, než s nimi klusat do Tuzexu. Zatčena není. Lukeš dal totiž příkaz jen sledovat. 

V krejčovství zatím našli další látku. Nějaký Jirák si prý dal šít sako. Rokosovo děvče je přivedeno před Lukeše. Poví vše. Nu a kriminálka si zatouží s Rokosem promluvit. Neví, že ten už to má za sebou, když jej Lachman zabil. Jirák se už potí před vyšetřovatelem a tvrdí, že ten, kdo mu látky prodal, byl doporučen Zvoníčkem. Ten to však popírá. Případ se tedy vyšetřuje na dvou frontách, v Praze a na stavbě přehrady. Zde je již jasné jak se vraždilo. Ale pátrá se dále. 

Eva s tátou a manželem plánují útěk. A opět přes látky se dostanou kriminalisté k nějakému Stárkovi. Ten od Evy látky koupil. Neví však, kde bydlí, ale posílá vyšetřovatele do jeho podniku. A ihned tam pak volá, aby Evu přes jejího muže varoval. Jenže manželé Kostkovi jsou již na nádraží, kde jen uloží do úschovny peníze. Eva pak volá otci, že je vše připraveno k odjezdu. Ten odjíždí vozem ze stavby, ale to už o něm kriminálka ví. On přijíždí až k Evě a spolu prchají opět na nádraží. Nastává souboj s časem a kriminalisty…";;11.03.1960;;;;Miroslav Cikán;Martin Růžek, Alena Vránová, Vladimír Ráž, Rudolf Deyl, Eva Klepáčová, Josef Bek, Gustav Heverle, Oldřich Vykypěl, František Miška, Miloš Kopecký, Rudolf Hrušínský, Oldřich Lukeš, Soběslav Sejk, Bohuš Záhorský, Karel Pavlík, František Hanus, Jindřich Narenta, Miriam Kantorková, Ota Motyčka, Miroslav Doležal, Vladimír Hrubý, Vilém Besser, Miroslav Homola, Antonín Šůra, František Suk, Karel Hovorka, Hynek Němec, Jaroslav Mareš, Adolf Král;False;;;;tt0052973;konec-cesty;True;False;/file/70338/konec-cesty-1959-cz-dabing.html/;/konec-cesty-1959-krimi-cz-dabing-spickova-kvalita-by-nexsus/68e61f2cb5fed;;
15834;Soukromá vichřice;0;;m;1967;74.545454545455;96.0;uqhf0677t6qtdxax7w6u.jpeg;15834-soukroma-vichrice;Československo;komedie / drama / černá komedie / evropská tvorba;;"Život zaměstnanců ústecké chemičky se odvíjí v zaběhnutých stereotypech. Áda Vinš dostává po desetiletém manželství od své Joži každou neděli kuře a každou sobotu sex. Neděli doplní kanasta s manželi Nejtrovými. Ádův podřízený, třicetiletý provozář Standa, dře denně po práci na přestavbě domku. Každou sobotu se na svobodárně pomiluje se svojí Bohunkou a v neděli je na stavbě. Jako vejce vejci se podobají i dny pracovní. Mění se jen roční období. Jednu jarní sobotu je všechno jinak. Áda čeká u auta na Jožu, která nakupuje. Nudí se, a osloví proto hezkou Bohunku. Dívka přijme jeho nabídku na výlet do přírody. Ve srovnání s přízemním Standou má zkušený Áda romantické řeči i chování a Bohunka jeho ""kouzlu"" podlehne. Milenci se nastěhují do chaty, kterou Ádovi půjčil Joska Nejtr. Sám Joska situaci využije k utěšování osamělé Joži. Nešťastný Standa vymýšlí různé pasti a triky, kterými by zničil svůdce své Bohunky. Jenomže vztah Ády a Bohunky spěje k zániku sám o sobě. Na chatě je vlhko a zima a dívka vaří denně jediné co umí - guláš z buřtů. Áda je rád, když si jí Standa z chaty odvede. Za čas je vše ve starých kolejích. Joža dostala na usmířenou zlatý náramek. Standa s Bohunkou, teď už manželé, přijímají návštěvu jiné mladé dvojice, aby si zahráli kanastu.";;22.12.1967;;;;Hynek Bočan;Daniela Kolářová, Pavel Landovský, Josef Somr, Míla Myslíková, Josef Chvalina, Evelyna Steimarová, Adolf Minský, Hana Kreihanslová, Jaroslav Satoranský, Vladimír Ptáček, Věra Kalendová, Jaroslav Radimecký, Josef Elsner, Václav Kotva, Václav Lohniský, Jan Cmíral, Ivan Vyskočil, Jiřina Bohdalová, Jiří Menzel, Václav Neckář, Štěpánka Řeháková, Ivan Kraus, Zdeněk Kutil, Josef Vondráček, Vladimír Páral, Luděk Sobota, Eva Geislerová, Soňa Šimberová, Jiří Sýkora, Jan Diviš, Marie Hübschová;False;;;;tt0123276;;True;False;/file/99410/soukroma-vichrice-1967-cs-komedie-hd-1080p.html/;/soukroma-vichrice-komedie-1967-cz/60a6904b7c520;;
613;Alibi na vodě;0;;m;1965;74.166666666667;94.0;6gkg4yo0yc7jtzylrcn3.jpeg;613-alibi-na-vode;Československo;drama / detektivní / krimi;Alibi on the Lake;"POZOR SPOILER

Na policii přichází dívka Marie Nováková nahlásit, že zmizela její kamarádka Zuzana Kroftová. Přichází také filmový režisér, že o tom chce točit film. Pár záběrů už má, a to v reálu. Kriminalisté nejeví nadšení, proto se Konrád vrací na hausbót, kde jej právě tato „zmizelá“ Zuzana očekává. Konrádova další milenka Helena, se kterou žije, žárlí. Kriminalisté Tůma a Líbal přicházejí k vodě, kde se setkají s Konrádem, ale hausbót zmizel v nedohlednu. Ten je nalezen až na dně a odtud také vytažen. I s mrtvolou. Ano, je to Zuzana. Oba vyšetřovatelé navštíví pana Vávru, který jí hausbót půjčoval. Ten jim poví o muži, který Zuzku fotil. Duo jde za ním. Fotograf Laufer toho také moc neřekne. Zato v Konrádově autě je nalezena krev a expertiza potvrdí, že je to krev Zuzany. On to zdůvodní tím, že se řízla do prstu. Což se pak potvrdí. Oba vyšetřovatelé pátrají dále, dokonce provedou vyšetřovací pokus přímo na Vávrově hausbótu. Konečně je nalezen i mladičký kajakář, který tam za Zuzanou chodil a nyní je u výslechu. Vávra je nalezen mrtev s podezřením na vraždu. Jeho vrah je dopaden skoro ihned a také se přiznává, ovšem k vraždě Zuzany se znát nechce. Nakonec je k rozlousknutí případu přizván i hluchoněmý pan Lebeda, kterého vyšetřovatelé poznali na začátku celého případu. A na totéž místo jsou přivedeni všichni podezřelí…";;21.01.1966;Oneplay;;;Vladimír Čech;Karel Höger, Josef Bek, Otomar Krejča, Oldřich Nový, Eva Kubešová, Josef Beyvl, Jaroslav Vojta, Ivana Striničová, Svatopluk Beneš, Helga Čočková, Zdeněk Dítě, Václav Lohniský, Jiří Němeček, Marcela Martínková, Miroslav Horák, Kateřina Trávnická, Miloš Willig, Vladimír Menšík, Martin Štěpánek, Miloš Vavruška, Dagmar Dvořáčková, Václav Sloup, Oldřich Velen, Pavel Handl, Josef Burda, Jaroslav Čejka, Marie Grossová, Vladimír Linka, Otto Sattler, Hana Růžičková, Zuzana Schnöblingová, Jarmila Šusterová-Horčičková, Anna Pitašová, Václav Wasserman, Jarmila Orlová, Jaroslav Bůžek, Eva Přikrylová, Ladislav Knížátko, Karel Cop, Bedřich Bobek, Adolf Šmíd, Milan Jonáš, Ladislav Žid, Karel Brynda, Mojmír Miler, Věra Hanslíková, Arnošt Vrána, Jana Sedlmajerová, Milena Geislerová, H. Ťukalová, Josef Zíma;False;;;;tt0182692;;True;False;/file/51545/alibi-na-vode-1965-.html/;/alibi-na-vode-1965-mp4/67c4e261dd6e1;;
27611;Počítání oveček;0;;m;1981;74.252873563218;77.0;86ktvnzs4yu54kq0i83u.jpeg;27611-pocitani-ovecek;Československo;drama / rodinný / poetický;Počítání oveček;"Malá Hanička nemá lehký život - nejenže nemá tatínka ani maminku, ale navíc je těžce nemocná... Domov - to je pro ni děcák a nemocnice, mezi nimiž po celý svůj krátký život pendluje a díky svému zdravotnímu stavu nemá téměř naději na nějakou změnu. Ona sama to zatím nebere nijak tragicky, ale i jí při ""počítání oveček"" před usnutím chybí mámino pohlazení a tátova pusa na dobrou noc. A právě v nemocnici potkává jednu stejně osamělou osobu, jako je ona sama - uklízečku Anežku. Ty dvě se rozhodnou, že k sobě budou patřit a zkusí na cestu za štěstím vykročit společně. Tak jim držme palce, budou to totiž moc a moc potřebovat...";;24.12.1982;;;;Karel Kachyňa;Žaneta Fuchsová, Věra Galatíková, Vlastimil Brodský, Naďa Konvalinková, Nina Divíšková, Peter Debnár, Karel Heřmánek, Jaroslav Heyduk, Pavel Zedníček, Zdeněk Ornest, Zdena Hadrbolcová, Jaroslava Kretschmerová, Ondřej Pavelka, Lenka Pichlíková, Renáta Doleželová, Klára Pollertová-Trojanová, Lukáš Bech, Martin Krb, Martin Mikuláš, Zdeněk Martínek, Svatava Hubeňáková, Marta Richterová, Veronika Jeníková, Zdena Burdová, Ondřej Vetchý, Boris Halmi, Bohumila Dousková, Jindra Kvardová, Lucie Vojtěchová, Anna Štrosová, Jiří Zahajský;False;;;0+;tt0171631;pocitani-ovecek;False;False;;/pocitani-ovecek-1981/686f9ef003e76;;
12277;Outsider;0;;m;1986;74.594594594595;76.0;jo7pnbjlzijukw5qri7v.jpeg;12277-outsider;Československo;dětský;Outsider;"Hlavním hrdinou je čtrnáctiletý chlapec Jožka Palát, který miluje koně a dostihy a v napajedelském hřebčíně tráví veškerý volný čas. Po prázdninách by chtěl nastoupit do jezdeckého učiliště v Chuchli, prohřešek jeho otce, vášnivého holubáře, který je přistižen při krádeži obilí pro své holuby, však veškeré jeho plány zhatí. Jožka se na školu nedostane a po prázdninách musí nastoupit do střední zemědělské školy mechanizační. Nechuť, s jakou do školy nastupuje, poznamená nejen jeho vztahy s učiteli a vychovateli, ale také se okamžitě dostává do sporu s místními mazáky. Šťastné chvíle prožívá jen v hřebčíně a později při tréninku koně Palisandra, handicapovaného vrozenou vadou. Jožka ví, že první Palisandrův závod je zároveň zkouškou a pokud neuspěje, půjde na jatka. Aby mohl trénovat, utíká z internátu, odhodlán udělat pro vítězství v závodě všechno.

Zdroj: Nova";;31.07.1987;;;;Zdenek Sirový;Michal Pavlata, Jan Teplý, Vítězslav Jandák, Robert Panc, Milan Sandhaus, Oldřich Vlach, Jan Přeučil, Jiří Schmitzer, Miroslav Donutil, Jiří Wohanka, Jana Vaňková, Alois Švehlík, Jiří Bartoška, Gabriela Osvaldová, Petr Pospíchal, Jan Kraus, Dan Šedivák, Pavel Dias, Vladislav Fedorowicz, Josef Culek, Dušan Vacek, Jiří Devát, Vladimíra Nejepsová, Karel Sekera, Miroslav Čermák, Karel Hoffmann;False;;;0+;tt0246137;;True;False;/file/44366/outsider-3-cast-cz-dabing.html/;/outsider-s01e10-cz-dabing/490da8048d71bed4;;
14021;Příběh lásky a cti;0;;m;1977;75.0;98.0;nxz2m32do84tp7sqxwbb.jpeg;14021-pribeh-lasky-a-cti;Československo;drama / životopisný;Příběh lásky a cti;"Praha na počátku 60. let minulého století: O krátkém citovém vzplanutí básníka Jana Nerudy ke spisovatelce Karolíně Světlé ví literární historie jenom z korespondence, která se dochovala pouze v opisech. Spisovatel Jiří Šotola dotvořil známá fakta v ucelený příběh. Výrazným kladem filmu jsou výkony dobře vybraných představitelů a nostalgicky zamlžená kamera Miroslava Ondříčka.

BŘEZINA, Václav. Lexikon českého filmu: 2000 filmů 1930 – 1996. Praha: Cinema, 1996. 536 s. ISBN 80-85933-09-8.";;31.12.1977;;;;Otakar Vávra;Božidara Turzonovová, Jiří Bartoška, Consuela Morávková, Jiří Pleskot, Jana Smrčková, Jiří Adamíra, Jana Dolanská, Světlana Nálepková, Ilona Vaňková, Jana Preissová, Kateřina Burianová, Marie Brožová, Josef Langmiler, Oldřich Vízner, Jiří Samek, Vladimír Šmeral, Vlasta Jelínková, Jana Břežková, Ferdinand Krůta, Josef Chvalina, Miroslav Masopust, Jiří Bruder, Antonín Loužecký, Pavel Trávníček, Vlastimil Zavřel, Václav Babka, Vladimír Krška, Jiří Plachý, Vladimír Hlavatý, Miloš Vavruška, Vlastimila Vlková, Jindřich Hinke, Petr Svoboda, Antonín Pokorný, Eduard Cupák, David Ondříček;False;;;;tt0176061;;True;False;;/pribeh-lasky-a-cti-historicky-drama-ceskoslovensko-1977-65-cz/64e8816e0204f;;
60153;Jak se Mette chtěla stát královnou;0;;m;1968;75.294117647059;38.0;9b3efvfsy3b5dfi03vh8.jpeg;60153-jak-se-mette-chtela-stat-kralovnou;Československo;pohádka;Jak se Mette chtěla stát královnou;"POZOR, SPOILER

Mladý princ buší do boxerského pytlíku a otec král mu spílá, aby se raději oženil. Jenže to se mu moc nechce. Matinka mu již zemřela, ale aktivně do všeho kecá z obrazu. A z toho je řečeno, že princ musí na námluvy.

Nuže, on jde a cestou se zastaví u své kamarádky Metta. Chvíli si povídají a on pokračuje k princezně, pro kterou je důležité bohatství a jiné blbiny. Oni mají v království kouzelný práh, který odhalí pravý charakter člověka. 

Druhá princezna je zase věčně ospalá, ani ta se tedy prahu nelíbí. Nu, nakonec přijíždí třetí princezna, ale když se dozví o kouzelném prahu, pošle za sebe Mette. A ta se mocně zamlouvá...";;;;;;Vlasta Janečková;Consuela Morávková, Petr Štěpánek, Ota Sklenčka, Jana Dítětová, Ivana Vondrovicová, Josef Pehr, Dana Hlaváčová, Josef Gruss, Růžena Merunková, Luděk Kopřiva, Svatopluk Mikeska;False;;;0+;;;True;False;/file/38037/jak-se-mette-chtela-stat-kralovnou-1968-cb-ceske-pohadky-pohadky-nejen-pro-deti.html/;/jak-se-mette-chtela-stat-kralovnou-1968/657b1bfe95ce4;;
21108;Mŕtvi učia živých;0;;m;1983;75.833333333333;77.0;x0ngpu43t8dhna7rljxk.jpeg;21108-mrtvi-ucia-zivych;Československo;psychologický / drama;Mŕtvi učia živých;"POZOR SPOILER

Lékař – chirurg Daniel Turčan opouští své staré místo. Nastoupí na nové místo, v jiné nemocnici. 

Do téhož města zrovna také přichází nový vedoucí autoopravny. Je to inženýr Emil Oršula. Nejprve udělá pořádek v bufetu, později i v dílně. Zde však dá také najevo, že úplatkem zrovna nepohrdne. Ale také, že jej ochoten se o něj podělit. 

Daniel provede na novém místě svou první, a ne lehkou operaci, a to úspěšně. Vzápětí naboří svou ojetinu do jiného auta. I on tedy dá úplatek. Ovšem ne celou požadovanou částku. Za zbytek slíbí sehnat léky. Oprava je mu tak přislíbena. Když má pak pohotovost, odoperuje apendix a manželovi pacientky řekne, že bude v pořádku. Netuší, že se celá věc zkomplikuje embolií plic. Žena umírá a její manžel Danielovi řekne, že ji zabil. Lékařské zprávy jsou však jasné a hovoří v Danielův prospěch. Ten pak zve na kontrolu Emila, když mu předává tabletky. Inženýr odmítá, ale nakonec do nemocnice přijde. Je přesvědčen, že má rakovinu a lékaři mu to nechtějí sdělit. Před operací předává Danielovi úplatek, který nelze odmítnout a Daniel jej tedy bere, ovšem s tím, že jej později Emilovi vrátí. Což mu však neřekne. Nejprve se Emilova operace odloží, ale pak proběhne naprosto bez komplikací a Dan předává úplatek jeho manželce, aby jej vrátila svému muži. Jenže ten vrací úplatky jen tehdy, když už auto není možné opravit…";;01.12.1984;;;;Martin Hollý;Vladimír Kratina, Stano Dančiak, Michal Dočolomanský, Ctibor Filčík, Štefan Kvietik, Vlado Müller, Darina Šimanská, Jana Krausová, Emília Vášáryová, Tatiana Kulíšková, Teodor Piovarči, Marián Slovák, Vladimír Bartoň, Naďa Hejná, Ján Kroner, František Kovár, Ján Kroner, Kamila Magálová, Júlia Gregorová, Anton Januš, Ján Mistrík, Vlado Černý, Ján Mildner, Jozef Cút, Eva Mária Chalupová, Vladimír Kostovič, Anton Bella, Viera Václavová, Jozef Mifkovič, Alexandra Záborská, Ján Kramár, Dušan Vaňo, Karol Baláž, Viera Radványiová, Karol Černík, Stano Dančiak, Emília Vášáryová, Kamila Magálová;False;;;18+;tt0085971;mrtvi-ucia-zivych;False;False;;/mrtvi-ucia-zivych-1983-sk-tvrip/6476bc229368b;;
62181;Královské usínání;0;;m;1974;75.833333333333;77.0;3pw3uns6hmk736xp44j7.jpeg;62181-kralovske-usinani;Československo;drama / historický;Královské usínání;"POZOR, SPOILER

Jsou poslední léta vlády Václava I. V zemi není nic dobré, ale on bezstarostně loví zvěř a věnuje se zábavě. 

Václav I. má dva syny - Vladislava a Přemysla. Vladislav je prvorozený a tedy budoucí král. Proto ho otec miluje, kdežto na druhého moc nedbá. Jednou Václav spadne z koně a přijde o jedno oko. Vladislav již v mladém věku umírá, ale ještě stihne bratrovi předat meč, což jeho otce rozčílí. 	

Léta běží a Přemysl se žení. Bere si Markétu Rakouskou. Na svatbě se jí posmívají, ale Přemysl se jí zastane. K Václavovi přichází posel a sděluje mu, že syn neposlouchá jeho příkazů. Václav řešení odkládá.

Přemysl se baví s ženami a zaujme jej Friderika. Poté napadne řeholníka, který zde byl s jinými věšet zvony. Biskup Mikoláš varuje Přemysla před setkáním s otcem a nabádá jej k vraždě. A ten se s otcem přece jen setká. Že by to bylo srdečné setkání, to se říci nedá. A kolem se strojí úklady proti oběma. Otec nařkne syna ze zrady a ukazuje mu krvavý meč. Ona totiž už jedna hlava padla. K této situaci přichází biskup Mikuláš. Je ihned jat. 

Pak jde Přemyslova nemilovaná manželka jeho otci stlát postel a mají spolu sáhodlouhou debatu. Přemysl zatím sedí s Friderikou a Borešem. 	
	
Ta čte z knihy, když se sem vpotácí Markéta...";;;;;;Marie Poledňáková;Tomáš Töpfer, Karel Höger, Josef Vinklář, Jana Dítětová, Libuše Šafránková, Ladislav Boháč, Josef Větrovec, Josef Bláha, Jiří Chmelař, Oldřich Vízner, Václav Lohniský, Josef Bárta, Miriam Hynková, Božena Franková, Míla Myslíková, Marie Marešová, Edita Dindělová, Marta Richterová, Jarmila Gerlová, Jaroslav Cmíral, Miroslav Rous, Josef Haukvic, Václav Fišer, Václav Stýblo, Vítězslav Jirsák, Jana Janěková, Dagmar Patrasová, Jarmila Švehlová, Zdeňka Černá;False;;;;;;False;False;;/kralovske-usinani-drama-historicky-1974-cz-dab/66d1806b9ee72;;
40325;Kapacita;0;;m;1970;75.833333333333;48.0;4six6gnrce3ofqzpnfgt.jpeg;40325-kapacita;Československo;komedie;Kapacita;"POZOR, SPOILER

Pan profesor Bohumil Vydra je přísný, ale spravedlivý. Zrovna zkouší mladé „skoro lékaře“. Po této práci jej navštíví jeho bývalý spolustudující a kamarád Honza Vlk. Slovo dá slovo a Bohouš se vydává do hor za Honzou. Jenže ten si pošramotil nohu a Bohouš přislíbí zastupování. Profesor jen žasne, s čím vším lidé do ordinace přijdou, a ukazuje se, že je zde velmi důležité znát pacienty. 

Potom také navštíví paní, kvůli které je tak trochu zde. Ona totiž nemůže chodit a doktor Vydra je na tohle odborník.  Ovšem není odborník na koně - a ani porodník. Přesto se dostaví k porodu, ale trošku pozdě. Pak je odhodlán podívat se i na koně, ale to se již vrací Vlk zpátky. Což je dobře, protože jej čeká překvapení...";;;lékař;;;Stanislav Strnad;Martin Růžek, Jana Dítětová, Jan Skopeček, Marie Brožová, Alena Kreuzmannová, Jaroslav Mareš, Václav Trégl, Miroslav Homola, Josef Hlinomaz, Ludmila Roubíková, Vlasta Jelínková, Věra Kalendová, Jiřina Bílá, Karel Fořt, Emilie Hrázská, Jan Maška, Karel Pavlík;False;;;;;;True;False;/file/46940/steven-universe-1x43-maximalni-kapacita.html/;/kapacita-1970-komedie/65c84a0de3e64;;
78903;Žabí muzikál;0;;m;1969;77.142857142857;52.0;xxpa2h3jetp7ys51slf9.jpeg;78903-zabi-muzikal;Československo;muzikál / pohádka;Žabí muzikál;"POZOR SPOILER

Služebná Josefína shání princeznu Lilinku. Přiletěl za ní totiž princ Vanilin. Jenže princeznu to nezajímá, tu zajímají jen deštníky. A nenávidí žáby, kterých je kolem dokola plno. Josefínka se seznamuje s královským potápěčem Dalimilem. Ten má za úkol chytat žáby. Když se však potopí, najde na dně vodníka. Ten má přístroj na výrobu leknínů. Ale on místo nich vyrábí žáby. Dalimil mu jej tedy opraví a hle, už vyrábí jen lekníny. Jenže to se zase nelíbí králi, protože má rád žabí stehýnka. Princezna prince Vanilina odmítá a Dalimil sděluje Josefíně, že si ji nemůže vzít. A tak všichni tři skáčou do vody, aby se utopili. Dole jsou nalezeni vodníkem a tomu se to pranic nelíbí. Na dně jezera se něco vysvětlí, ale přesto se vodník odvažuje na břeh, aby si pohovořil s princeznou. Ale ta je drzá a tak jí vezme řeč a ona může jen kuňkat. A odčarovat se může jen ona sama…";;;;;;Věra Jordánová;Helena Vondráčková, Hana Davidová, Jan Tříska, Miluše Voborníková, Eva Hudečková, Karel Bláha, Jaromír Hanzlík, Karel Hála, Jiří Pleskot, Josef Bek, Vítězslav Jirsák;False;;;0+;;;False;False;;;;
62323;Drobínek;0;;m;1970;77.142857142857;86.0;v9q1s9awtwj7k79xumao.jpeg;62323-drobinek;Československo;pohádka;Drobínek;"Mladý švec Drobínek umí spravovat dobře boty a miluje Mančinku. Ale protože nemá sebedůvěru, nedokáže jí lásku vyznat, a stejně tak se neumí bránit ústrkům sousedů. Až kouzelný dědeček zasáhne do jeho života. Nakonec se ale ukáže, že se Drobínek obejde bez kouzel a čar, naučí se spoléhat sám na sebe a se vším si poradit. V hlavní roli uvidíte <a href=""https://www.fdb.cz/osobnost/4274-jan-triska"">Jan Tříska</a>.

Zdroj: Česká televize";;;;;;Ludvík Ráža;Jan Tříska, Nataša Gollová, Ferdinand Krůta, Jorga Kotrbová, František Kovářík, Vlasta Chramostová, Stanislav Fišer, Lubomír Lipský, Daniela Kolářová, Vladimír Krška, Bohuš Záhorský, Oldřich Janovský, Vladimír Bičík, Miloš Vavruška, Josef Bláha, Ilja Racek, Jan Skopeček;False;;;0+;;;True;False;;/drobinek-1970-czdab/6058f08684108;;
51478;Dlouhý podzimní den;0;;m;1971;77.142857142857;82.0;d8z3ujwnyltfs694f91v.jpeg;51478-dlouhy-podzimni-den;Československo;drama;Dlouhý podzimní den;"POZOR, SPOILER

Pan Mrákota slaví odchod do důchodu. Sedí na šatně s kolegy a vesele zpívají. Domů přijde po půlnoci. Mladí už spí a čeká na něj jen jeho manželka. Tak to oslaví znovu jen spolu. 

Druhý den už Mrákota do práce nemusí. Vykládá si pasiáns a je trošku nevrlý. Manželka už neví, co s ním, tak pozve jeho kamaráda Bedřicha, aby se její muž trochu pobavil. Jenže její muž ho obehraje v kartách o sto pět korun a kamarád prchá. 

Z nedostatku činnosti zkouší alespoň svého syna, který studuje. Ten stále nemá odvahu mu říci, že si koupili nábytek a potřebují jej přestěhovat. Když konečně sebere syn odvahu a řekne otci, že když je doma, nemůže se učit, dochází k prudké rozepři. 

Starý pán teď chodí do parku, navštíví kamaráda Bedřicha a jednou, když se vrací domů, je tam dovezený nábytek. Nastává peklo, protože syn se zmíní o tom, že se měl nábytek přivézt, až se otec odstěhuje z vlastního bytu…";;;;;;Antonín Moskalyk;Ladislav Pešek, Antonie Hegerlíková, Věra Galatíková, Jiří Vala, Bedřich Prokoš, Jiří Pleskot, Ivan Pokorný, Vladimír Hlavatý, Eduard Kohout, Vladimír Bičík, Karel Fiala;False;;;;;;True;False;;/dlouhy-podzimni-den-1961-czdab/61f5abf74d995;;
11072;Nejkrásnější věk;0;;m;1968;74.444444444444;65.0;me18ithsgdu2g8hnlw3g.jpeg;11072-nejkrasnejsi-vek;Československo;komedie / drama / evropská tvorba;Nejkrásnější věk;"Jeden sochařský ateliér v komedii Jaroslava Papouška 
Komedie Nejkrásnější věk je debutem scenáristy Jaroslava Papouška z&nbsp;filmařské trojice Forman-Passer-Papoušek. Téměř celý film se odehrává v&nbsp;sochařském ateliéru studentů Akademie výtvarných umění. Jsou v&nbsp;něm skloubeny tři úsměvné příběhy lidí, kteří sem chodí, aby si přivydělali tím, že„sochaříkům“ stojí modelem. Je to příběh starého penzisty Hanzlíka, vyhlášeného spáče, mladé paní Vránové a&nbsp;jejího manžela, který nemá pro takovou pracovní iniciativu své ženy patřičné porozumění, a&nbsp;konečně uhlíře Vošty, jenž se vypracoval na specialistu raněných, ale nadšeně řvoucích bojovníků... 
Distributor DVD";;14.02.1969;;;;Jaroslav Papoušek;Hana Brejchová, Jan Stöckl, Josef Šebánek, Milada Ježková, Vladimír Šmeral, Jiří Sýkora, Ladislav Jakim, Věra Křesadlová, Milan Kříž, Otakar Marcin, Bohumil Zemánek, Jiří Hálek, Ladislav Adam, Slavoj Banzet, Helena Růžičková, Josef Vošalík, Antonín Soukup, Josef Kolb, Josef Bartůněk, Alois Hudec, Josef Mrázek-Hořický, Bohuslav Kupšovský, Alena Penz, Karel Manžel, Anna Pisaříková, Martin Otava, Václav Černý, Julie Kučerová-Nezavdalová, Martin Veselý, Anna Písaříková;False;;;;tt0066131;nejkrasnejsi-vek;True;False;;/nejkrasnejsi-vek-1968-czdabing/7e32b0b32c23906f;;
12259;Otec Kondelík a ženich Vejvara;0;;m;1937;74.230769230769;97.0;pbhzjsalv0g8dwhb0xx7.jpeg;12259-otec-kondelik-a-zenich-vejvara;Československo;komedie;;"POZOR SPOILER

Malíř pokojů pan Kondelík přiděluje práci svým lidem. Pak má doma trošku rušno - pro pozdní návrat, ale dopis s pozváním na ples to vše nějak srovná. 

Pana rada laje panu Vejvarovi za špatně ampírovaný spis, když jej navštíví Kondelík s dotazem. Na tento je mu dána kladná odpověď, což jej potěší a odchází k obědu. K návštěvě plesu po něm svoluje. Zde se jeho dcera pozná s praktikantem Vejvarou. An tancuje v galoších, kteréhožto prohřešku si všimne velmi pozdě. Pak se ti dva opět potkají v zahradní restauraci, kde František Vejvara přemluví Kondelíka ke vstupu do Sokola. A následně i k tajnému výletu na Karlštejn, který však nedopadne nejlépe. Později pak pozve celou Kondelíkovu rodinu na divadelní hru, kde on hraje. I toto skončí spíše malou katastrofou, nežli úspěchem. František je posléze jmenován a osmělí se pozvati Pepinku Kondelíkovou s rodinou na benátskou noc. Byl by to jistě hezký zážitek, nebýt lodičky, která se trochu převrátí a dochází k následnému nechtěnému koupání. Kondelík otec pak Františka nenápadně vyhodí z domu, ale posléze za ním jde a zve jej k nim na večeři. Jenže co čert nechce, po cestě natrefí na „Zpěváčky“. Nuže, vstoupí dovnitř a zde setrvají hodnou chvíli. Jak to dopadne doma, snadno si domysleti. Vejvara pak žádá o ruku slečny dcery a je přijat na milost. Jenže do toho přichází do domu Kondelíkových paní Muklšnáblová, u které Vejvara bydlel. Prý se dvořil její dceři. Pohroma tedy visí nad jeho hlavou, ale jen do doby, než se do věci vloží otec Kondelík. Nu, a pak už jen následuje svatba.";;14.01.1938;;;;Miroslav J. Krňanský;Theodor Pištěk, Antonie Nedošinská, Eva Gerová, Jiří Dohnal, Saša Rašilov, Růžena Šlemrová, Světla Svozilová, Ferenc Futurista, Fanda Mrázek, Marie Grossová, Ljuba Hermanová, František Hlavatý, Vladimír Smíchovský, Eman Fiala, Darja Hajská, Antonín Soukup, Antonín Jirsa, Jarka Pižla, Hermína Vojtová, Vladimír Pospíšil-Born, Alois Dvorský, Filip Balek-Brodský, Břetislav Hrstka, Karel Němec, Bedřich Frank, Eliška Jílková, Josef Oliak, Fráňa Vajner, Jiří Milan, František Beranský, Marie Grossová, Ljuba Hermanová, Saša Rašilov;False;;;;tt0151854;;True;False;/file/73901/otec-kondelik-a-zenich-vejvara-komedie-1937-cz.html/;/1937-otec-kondelik-a-zenich-vejvara/68bcb15ab2eed;;
14168;Příště budeme chytřejší, staroušku!;0;;m;1982;74.04651162790701;84.0;ck4c4rkgr7wpg32twfjz.jpeg;14168-priste-budeme-chytrejsi-starousku;Československo;komedie;;"Dva zlodějíčci - sečtělý a mazaný Makovec a opatrnější Vašátko jsou za dobré chování předčasně propuštěni z vězení, jenže najít si slušné zaměstnání ke velmi těžké. Nejprve jsou jako nepotřební svědci nekalých praktik propuštěni z autoservisu a potom je vyhodí vedoucí stavby, jemuž nevědomky zničili prkna. která chtěl z podniku tajně vyvézt. A když ""zfušují"" i krádež tržby a místo nadité kabely seberou důchodci tašku s bramborami, tak ač neradi, přijímají nabídku své lakomé známé- hospodské Julinky a provedou ""alkoholovou šmelinu"", třebaže si hned první den na svobodě řekli, že se budou živit poctivě. 

Hospodský švindl za vydatné pomoci známého saniťáka Pidlocha klapne, nicméně lakomá hostinská s manželem je pěkně oškubou. Navíc je navštíví vedoucí skladu s lihovinami Babánek a vydíráním je donutí, aby jeho ženě někde ""sehnali"" drahý kožich. A tak si vykutálený Makovec se svou těhotnou Kamilou (poťouchlým Vašátkem) odnesou z divadla nádherného norka. Chamtivý Babánek je opět podfoukne, ovšem tentokrát se předvídavý Makovec pojistí - vezme z jejich víkendové chaty, kam kožich doručili, náhradní klíč a svým geniálním nápadem přelstí lakomého majitele i vypočítavou Julču, která touží po víkendové chaloupce. Kamarád Pidloch sehraje majitele Babánkových chaty, který kvůli rozvodu spěchá s prodejem. Nenasytná Julinka se lapí jak moucha na mucholapku a vysolí domnělému majiteli tučnou zálohu. Po odjezdu nadšených hostinských se všichni tři kumpáni spravedlivě rozdělí a Makovec s Vašátkem si ""vypůjčeným"" chryslerem odjedou na výlet do přírody. Dopřávají si piknik přesně kopírující obraz s odpočívajícími jedlíky, tato idyla však neujde náhodnému podvodníkovi, který opodál chytá ryby a sako, nadité Julčinými penězi jim ukradne. Oba okradení zloději ho pronásledují zcizeným autem a pochopitelně je všechny chytne hlídka VB. A tak se Makovec s Vašátkem opět procházejí po vězeňském svoře a slibují si, že PŘÍŠTĚ BUDEME CHYTŘEJŠÍ ...";;01.12.1982;;;;Petr Schulhoff;Karel Augusta, František Peterka, Helena Růžičková, Jaroslav Heyduk, Antonín Hardt, Zdeněk Srstka, Václav Štekl, Božena Böhmová, Zdeněk Dítě, Vladimír Hlavatý, Dalimil Klapka, Bohuslav Čáp, Eva Svobodová, Jiří Lír, Jana Altmannová, Zuzana Burianová, Vítězslav Černý, Aja Farkačová, Adolf Filip, Jiří Havel, Miroslav Homola, Vladimír Hrabánek, Vladimír Hrubý, Vladimír Ptáček, Vladimír Salač, Raoul Schránil, Jan Skopeček, Karel Vavřík, Oldřich Velen, Mnislav Hofmann, Věra Kalendová, Ladislav Krečmer, Jana Robenková, Jiřina Bílá, Gustav Ondráček, Mirko Musil, Roman Skamene, Miloslav Homola, Karel Smrž, Gustav Vondráček, Eva Trunečková, Bohumil Koška, Jan Laibl, Kateřina Lojdová, Vladimír Foukal, Svatava Smoláková, Karel Hovorka, Josef Střecha, Mirko Musil;False;;;;tt0175085;priste-budeme-chytrejsi-starousku;True;False;/file/16500/priste-budeme-chytrejsi-starousku-komedie-1982-cz.html/;/priste-budeme-chytrejsi-starousku-1982-cz-dab-1080p-remastering/68083e1f14ff0;;
5954;Hra bez pravidel;0;;m;1967;74.246575342466;88.0;o39bm7nd9ilr8umz7lv0.jpeg;5954-hra-bez-pravidel;Československo;krimi;;"POZOR, SPOILER

Jednoho dne je přepadeno klenotnictví. Přímo na místě zločinu jsou tři lupiči. Jeden venku v autě, Burian, a další dva uvnitř - Duda a Hovorka. Druhý jmenovaný vystřelí na zaměstnance Literu, který se pokusil spustit alarm. Následuje útěk a při něm výměna kradeného auta. Před ní Duda s Hovorkou lup ukryjí a ujíždějí. Burian pokračuje v tom autě, co v něm přijeli. Jenže v tom připraveném ti dva havarují. Duda však stihne vyskočit. Burian ukradené auto někde nechal a nyní je načapán policií u závor. Na místě autonehody je zjištěna manipulace s řízením. Asi předem připravená, tedy úmyslná. Ani Duda, ten, co vyskočil z jedoucího vozu, nemá důvod k radosti. Je zatčen také. Vypovídá, že neví, proč Hovorka střílel. A když se dozví o úpravě druhého vozu, který je měl oba sprovodit ze světa, naštve se a pokusí o útěk. Nepodaří se mu to a zaplatí za to životem.

Pan Litera dostává za odměnu hodinky, ale také se stává podezřelým. Už proto, že se zná s jediným přeživším z loupežné party, s Burianem. Navíc to vypadá, že vše bylo dopředu smluveno. Ukáže se, že vyšetřovatel od bezpečnosti Málek není tak daleko od pravdy, protože Litera zná místo, kde je lup uložen a také si jej vyzvedne. 

Uběhly čtyři roky. Za Literou přichází z vězení Burian a chce část kořisti. Litera tvrdí, že tam nic nebylo, ale peníze přislíbí. Také nějaké sežene a Burianovi předá. Ale ten chce více. To, co dostal, je mu málo. Litera slíbí další. Jenže pak najde zpřeházený byt. Když najde ve stejném stavu i kancelář, je mu jasné, že musí věci z lupu ukrýt. Využije k tomu svého známého, kterého pošle s kufrem do úschovny na nádraží. Navštíví i Buriana v práci, ale ten se tváří, že o bytě a kanceláři neví. Litera ještě zajde na VB a mluví o Málkovi. Prý ho sleduje. Tak se dozví, že Málek již u kriminálky dávno není. Ten je zrovna na motocyklových závodech, kde se potká s kolegou, který po něm chce, aby už na případ nemyslel. Jenže on se začne znovu probírat starými novinami a zajde za Burianem. Ten si z něj dělá legraci a pak jej vyhodí. Jenže Málek vytáhne z Literovy milenky, slečny Rutové, že jej tehdy po loupeži z nemocnice odvezla k místu úkrytu uloupeného zboží. Málek navštíví Literu a chce z lupu polovinu. Ten na něj pošle Buriana. I po něm chce Málek část kořisti a poví mu, jak to bylo tehdy, když Literu vezla jeho milenka pro lup. Tím ji ovšem dostane do nemalých potíží. Litera je zrovna u ní. Jsou zde také nějaké barbituráty a alkohol. Když už je Ruthová jako špalek, přichází sem Málek, ale nedozvoní se. Zato Burian se sem dostane a ihned pouští plyn. 

Málek se stává zajatcem těch dvou lumpů a je odvážen autem neznámo kam. Za nimi jede Málkův kamarád a končí to někde na opuštěném místě. Málek je vytažen z auta a má být zastřelen. Jenže sem přijede i jeho kamarád. Začne se po něm střílet…";;14.04.1967;;;;Jindřich Polák;Svatopluk Matyáš, Jiří Adamíra, Zdeněk Kryzánek, Karla Chadimová, Vladimír Menšík, Josef Bláha, Jan Tříska, František Šťastný, Stanislava Bartošová, Vojtěch Plachý-Tůma, Zdeněk Braunschläger, Karel Hovorka, Jan Cmíral, Jiří Valenta, Ludmila Roubíková, Václav Šašek, Vladimír Hrabánek, Karel Hábl, Eduard Pavlíček, Eva Jandáčková, Vladimír Chlouba;False;;;;tt0240590;hra-bez-pravidel;True;False;/file/58169/hra-bez-pravidel-drama-1967-cz.html/;/hra-bez-pravidel-1967-krimi-cz-dabing-spickova-kvalita-by-nexsus/68e61730f3db3;;
119861;Žiarlivé ženy;0;;m;1971;85.0;67.0;cw6j9t1zews6lkwr9rig.jpeg;119861-ziarlive-zeny;Československo;komedie;Žiarlivé ženy;"Klasická komédia talianskeho autora Carla Goldoniho, ktorá sa vysmieva žiarlivosti manželiek. Ich podozrenia sa ukážu ako bezdôvodné, keď vyjde pravda na povrch a dozvedia sa, po čo vlastne chodili ich muži k peknej vdovičke - pani Lucrezii.

Zdroj: RTVS";;;žárlivost, vdova, manželé, podle divadelní hry;;;Otto Katuša;Zdena Grúberová, Jozef Dóczy, Eva Krížiková, Ivan Letko, Elena Zvaríková, Ida Rapaičová, Sylva Turbová, Oľga Vronská, Jozef Adamovič, Ľubo Roman, Viera Radványiová, Božena Slabejová, František Desset, Tomáš Raček, Eva Dulková;False;;;12+;;;False;False;/file/40834/ziarlive-zeny-1971-sk.html/;/ziarlive-zeny-1971-sk-tvrip-hevc-720p-bydejv/679d0b43c4272;;
137997;Výhra;0;;m;1988;85.0;35.0;https://prod-fdb-storage.fra1.cdn.digitaloceanspaces.com/placeholders/General.png;137997-vyhra;Československo;komedie;;"Komedie o tom, co způsobí zájezd do zahraniční vyhraný ve sportce.

ČT 26/1988";;;;;;Pavel Doležal;Miloš Kopecký, Luděk Nekuda, Jitka Asterová, Karel Bláha, J. Malinovská;False;;;;;;False;False;/file/97696/vyhral-jsem-v-loterii-1989-cz-dabing.html/;/vyhra/689b2be1a0a7225d;;
60751;Voda čerstvosti;0;;m;1966;85.0;14.0;https://prod-fdb-storage.fra1.cdn.digitaloceanspaces.com/placeholders/General.png;60751-voda-cerstvosti;Československo;animovaný / fantasy / rodinný;Perníky;"POZOR. SPOILER

Žil jednou jeden král, měl tři syny. Král onemocněl a doktoři si s ním nevědí rady. Až pana krále očmuchá jakási stoletá babka a řekne, že by potřeboval vodu zdraví a čerstvosti. A protože ji hned trefí šlak, nikdo neví, kde ta voda je.

A to už se hlásí první syn, že pro ni dojede. Jeho výprava končí v první hospodě. A protože nemá na útratu, končí v base. Nu, druhý syn to chce napravit, ale končí stejně. Třetí, nejmladší, dojede až k vodě, ale zde spatří spát hezkou dívku. Aniž se ptá, oblaží ji. 

Cestou zpět vytáhne pomocí vody z lochu oba bratry, a ti se mu také odmění. Do nádoby s vodou mu dají koňskou moč. Vodu si předtím ulili. Nejmladší syn dává králi napít, ovšem král ihned poznal, co pije a na syna zanevřel. Oba starší bratři pak dají otci pravou vodu. 

Mezitím se princezně narodilo dítě, a to později při hře objeví královskou korunu. Princezna žádá už zdravého krále, aby k ní poslal otce dítěte. Prvního vyhodí, druhého rovněž a pak konečně přijede ten pravý...";;;;;;Zdeněk Smetana;Stanislav Neumann, Stanislav Neumann;False;;;;tt0250815;;False;False;;;;
184327;Velká kapela;0;;m;1966;85.0;80.0;uzs06zi4sfsq8p6z79jt.jpeg;184327-velka-kapela;Československo;komedie;Velká kapela;"Starý pan Fojtík (<a href=""https://www.fdb.cz/osobnost/548-cestmir-randa"">Čestmír Řanda</a>) rád chodil do hospůdky na pivo. S oblibou poslouchal vyprávění štamgastů u vedlejšího stolu o jejich společné kapele. Sám by totiž také rád hrál ve velké kapele, a tak se partě u piva nabídne. Důchodci ho po náležitém „vstupném“ vezmou mezi sebe a slibují, že s nimi bude hrát. Budou cestovat po venkově po pohřbech, na poutích a tancovačkách. Jenže to je jen taková hra, jak brzy Fojtík zjistí. Nejdřív je mu to líto, ale pak se rozhodne, že se nevzdá…

Zdroj: Česká televize";;;;;;Václav Hudeček;Čestmír Řanda, Jiřina Šejbalová, Rudolf Deyl, Jiří Holý, Miroslav Homola, Zdeněk Hodr, Josef Chvalina, Vladimír Krška, Karel Pavlík, Josef Větrovec, Ludmila Roubíková, Vladimír Huber, Slávka Hamouzová, Jindra Kvardová, Felix Černý;False;;;;tt15205130;;True;False;;/velka-kapela-1966-czdab/6091fed2ada8c;;
69030;Úvodní slovo pronese;0;;m;1962;85.0;10.0;ukzzld5mw4frnpoe70rj.jpeg;69030-uvodni-slovo-pronese;Československo;loutkový;"The Opening Speech Will Be Delivered By; Orator";"Hrdina, který se zřejmě jeví sám sobě velice důležitým, se doma připravuje k řeči na jubilejním shromáždění jakéhosi společku. Začíná mnohokrát psát znova, zkouší si před zrcadlem řečnickou pózu a gestikulaci. Ověřuje si zkoušku řečnické produkce u své manželky, a ta, zřejmě uvyklá podobnému jeho počínání, ho nestačí ujišťovat, že všechno je správné a krásné. Je tak zakoukán do sebe, že si sotva všimne, když manželka jde lhostejně po svých, nejprve do koupelny a pak do ložnice, a on nedotčen pobíhá všude za ní, aby se znovu a znovu ujistil o svém budoucím úspěchu. Svou řečnickou přípravu končí ve vidině ovací, kterými ho zahrnou nadšené zástupy. – Do sálu se na schůzi trousí účastníci a posléze na pódium vystoupí náš muž. Při pohledu na publikum je v něm zpočátku dušička malá a po emfázi, s jakou se k řeči chystal, není teď památky. Jeho projev je stísněný, publikum zůstává neúčastné. Ale pomalu se řečník vlastním hlasem rozehřívá. Jeho slova ve zvuku i v grafickém vyjádření, které se mu hrne z úst, jsou nesrozumitelná, ale podle řečnických postojů, gestikulace a kadence hlasu zřetelně poznáváme ráz jednotlivých odlišných pasáží, vemlouvavých, útočných, vyčítavých, hrozivých, naléhavých, všech těch řečnických otazníků a vykřičníků. Ale publikum přes všechnu jeho vervu a snahu řeč nevnímá. Znuděné tváře prozrazují nezájem, grafický obraz řečníkových tirád se v hlavách posluchačů deformuje, hroutí a proměňuje v představy, které s řečníkovým projevem nemají co dělat. Nešťastná maminka marně napomíná chlapce, aby dával pozor a slušně se choval, dva muži v zadních řadách spolu provozují na kolenou jakousi společenskou hru a jiná dvojice – on a ona – začíná dokonce navazovat flirt. Řečník konečně postřehne, že se nedaří jeho úsilí zaujmout posluchače, ti že se zaobírají sami sebou nebo dokonce usínají. Řečnické evoluce krotnou a chabnou. Řečník jako by se vtahoval do sebe, až se pod tíhou poznaného debaklu přikrčí do velikosti trpaslíka. Řeč tichne a tichne, až skončí v nezřetelném šepotu. Posluchači se nenadálým tichem probudí ze svého zadumání i spaní a podle zvyku a slušnosti odmění řečníka potleskem. Tento slastný zvuk si řečník ve své samolibosti vyloží lichotivě a v pýše se vypne tak, až hlavou shodí na sebe lustr a domnělá sláva končí pohromou. [Filmový přehled 10/1963] 

Autor/Zdroj: - / Filmový přehled";;;;;;Břetislav Pojar;Jaroslav Mareš;False;;;;tt0244894;;False;False;;;;
55662;Svědkové obžaloby;0;;m;1974;85.0;;https://prod-fdb-storage.fra1.cdn.digitaloceanspaces.com/placeholders/General.png;55662-svedkove-obzaloby;Československo;drama;Svědkové obžaloby;"Proces, který jednou musí být. Slova uvedená v našem titulku pronesl profesor <a href=""https://www.fdb.cz/osobnost/40912-antonin-dvorak"">Antonín Dvořák</a> k několika hostům pozvaným na informativní projekci nové původní televizní hry SVĚDKOVÉ OBŽALOBY v respiriu Kavčích hor. Přesně stejné pocity museli zažívat i diváci, kteří zasedli v neděli 15. září večer před své obrazovky. Když hlasatelka předem upozornila, že „na dnešní večer jsme připravili program poněkud nezvyklý…“ – bylo tomu přesně tak. Nabídla divákům pohled do budoucna. V soudní síni – na lavici obžalovaných, se objevili ti, kdož na ni bezesporu patří a jednou na ni určitě zasednou. Lidé, kteří však zatím zdánlivě pevně sedí v křeslech svých neprávem a násilím získaných úřadů: generál Pinochet, admirál Torribio Merino a další představitelé chilské junty. Proti nim pak vystoupili v rolích žalobců zatím pronásledovaní lidé. Ti, kteří se v budoucnu zákonitě změní z vězňů a psanců ve spravedlivé žalobce. A my, diváci, jsme se stali svědky podobného procesu, jaký současná starší a střední generace dobře pamatuje z doby po skončení druhé světové války, a který se odehrál před zrakem celého světa v Norimberku. Toto historické přelíčení a otřesná současnost, jíž žije chilský lid, inspirovaly autora <a href=""https://www.fdb.cz/osobnost/14068-roman-hlavac"">Roman Hlaváč</a> k napsání televizní hry Svědkové obžaloby. Hra se stala vlastně záznamem fiktivního soudního procesu. Z konfliktu obžalovaných, cynických, chladných loutek s živými, horoucími, zanícenými svědky zločinů, obhájci pravdy a spravedlnosti, ze střetu dvou naprosto odlišných morálních principů, dvou naprosto rozdílných světů, se zrodilo přesvědčivé televizní drama. Působivá hra, která v režii <a href=""https://www.fdb.cz/osobnost/17215-pavel-hasa"">Pavel Háša</a> a <a href=""https://www.fdb.cz/osobnost/134954-jaroslav-novotny"">Jaroslav Novotný</a> patří bezesporu k nejvýraznějším tvůrčím činům pražské redakce literárně dramatického vysílání z poslední doby. Její účin podtrhly i herecké výkony – <a href=""https://www.fdb.cz/osobnost/458-otakar-brousek"">Otakar Brousek</a>, <a href=""https://www.fdb.cz/osobnost/4340-jiri-vala"">Jiří Vala</a>, <a href=""https://www.fdb.cz/osobnost/14095-karel-sebesta"">Karel Šebesta</a>, <a href=""https://www.fdb.cz/osobnost/13099-karel-urbanek"">Karel Urbánek</a>, <a href=""https://www.fdb.cz/osobnost/4038-dana-syslova"">Dana Syslová</a>, <a href=""https://www.fdb.cz/osobnost/9921-vera-bublikova"">Věra Bublíková</a>, <a href=""https://www.fdb.cz/osobnost/1134-tatana-fischerova"">Taťána Fischerová</a>, <a href=""https://www.fdb.cz/osobnost/18170-eva-wimmerova"">Eva Wimmerová</a>, <a href=""https://www.fdb.cz/osobnost/1194-ladislav-frej"">Ladislav Frej</a>, <a href=""https://www.fdb.cz/osobnost/1631-karel-houska"">Karel Houska</a>, <a href=""https://www.fdb.cz/osobnost/3234-lida-placha"">Lída Plachá</a> a dalších.

[DH] [i]Proces, který jednou musí být[/i]. Květy. 1974, č. 39, roč. 24, s. 56. [upraveno]";;;;;;Pavel Háša, Jaroslav Novotný;Otakar Brousek, Jiří Vala, Karel Šebesta, Dana Syslová, Věra Bublíková, Taťána Fischerová, Eva Wimmerová, Ladislav Frej, Karel Houska, Lída Plachá, Josef Vinklář, Karel Urbánek;False;;;;;;True;False;;;;
136716;Rekův románek;0;;m;1966;85.0;10.0;dt4uhq6rmy0trg1far9f.jpeg;136716-rekuv-romanek;Československo;animovaný / loutkový;Rekův románek;;;;;;;Josef Kluge;Jaroslav Kepka;False;;;;;;False;False;;;;
83764;Radosti života;0;;m;1983;85.0;92.0;https://prod-fdb-storage.fra1.cdn.digitaloceanspaces.com/placeholders/General.png;83764-radosti-zivota;Československo;životopisný;Radosti života;"Ačkoliv biografie českých uměleckých velikánů jsou u nás často publikovanou a čtenáři vyhledávanou literaturou, životní osudy všestranně nadaného Františka Gellnera jako by byly onou výjimkou, jež potvrzuje pravidlo. V beletrii se s jeho jménem takřka nesetkáme, ještě vzácnější je v naší dramatické tvorbě. Teprve původní televizní inscenace nazvaná Radosti života překonala dlouholetý ostych před košatými, poutavými, i když ne vždy tak bouřlivými osudy Františka Gellnera a pokusila se je prostřednictvím obrazovky přiblížit televiznímu publiku.

Autor scénáře Ludvík Kundera si byl dobře vědom překážek, které v sobě skrývá křivolaká a z hlediska zestručňujícího dramatizačního pohledu (časově i lokálně) nesourodá básníkova životní pouť. Kromě toho musel čelit letitému, značně zjednodušujícímu, bohužel ale vžitému a všepřekrývajícímu pohledu na „anarchistické buřičství“ Františka Gellnera. První překážku překonal tím, že si z třiceti-leté básníkovy životní dráhy vybral čtyři, v umělcově genezi rozhodující křižovatky. Základní situace chronologicky seřadil a obklopil událostmi, jež byly pro dané období Gellnerova života charakteristické. Tak vznikly čtyři, faktograficky značně koncentrované kapitoly.

První nám představila mladého básníka, seznamujícího se se společností soustředěnou kolem Neumannovy olšanské vily. (Je zajímavé, že autor scénáře při výběru Gellnerových vrstevníků vynechal tak výraznou individualitu jako byl Viktor Dyk. Za povšimnutí stojí i to, že dvěma členům kroužku nahradil skutečná příjmení podobně znějícími jmény.) V této kapitole se několika letmými zmínkami seznamujeme také s kořeny Gellnerova bohémsky temperamentního, leckdy cynického, ale přitom snadno zranitelného vztahu k okolí. První kapitola, zdůrazňující Gellnerovo neujasněné anarchistické bouřliváctví, do značné míry potvrzuje vžitý, a nutno zdůraznit, že na toto období básníkova života zcela oprávněný pohled.

Druhá kapitola (časově umístěná do let 1901 – 1905) by mohla mít podtitul Gellnerova anabáze v Litoměřicích aneb zapřísáhlý antimilitarista. Z Gellnerova života odhalovala méně známou epizodu — způsobem zpracování tak trochu inspirovanou Švejkem. (Tento dojem patrně podtrhlo i herecké obsazení Gellnerova protějšku — vojína Wenzla hercem Václavem Sloupem.) Nicméně i zde uváděná fakta odpovídají dostupným životopisným datům z Gellnerova dvouletého pobytu v kasárnách, končícího propuštěním. V úzké návaznosti na první kapitolu, která je tvůrci koncipována s přímočarou věcností, působí druhá poněkud nesourodě. Gellnerův odmítavý postoj je ukázán se značnou satirickou nadsázkou, žánrově se poněkud vymykající celkové koncepci hry.

V třetí kapitole se pak s Gellnerem setkáváme v Paříži (léta 1908 – 1910). Jeho temperament, bytostný antimilitarismus a talent krystalizuje a nachází adekvátní výraz v osobitých výtvarných zkratkách. Pařížská kapitola (částečně dějově navazující na úvodní — pražskou) zdařile bourá gellnerovskou buřičskou legendu a přibližuje básníka v prozaičtějším pohledu, kterému nechybějí ani souvislosti s tehdejšími společensko-politickými událostmi.

Úplného Gellnerova „zesvětštění“ dosahuje závěrečná, brněnská kapitola, zobrazující Gellnerovu žurnalistickou práci v redakci Lidových novin. Tady jsme se s Gellnerem potkali tak jak jej v letech 1911 — 1914 znali čtenáři beletristické přílohy Večerů. Buřiče zcela zastínil novinář, pohotově pracující s adresnou a přitom výsostně sdělnou politickou satirou, jež mu získávala uznání u širokých mas lidového čtenářstva. Ve stylu předchozích kapitol je shodně pojat i epilog. Závěrem obsahové analýzy jednotlivých kapitol Kunderovy inscenace je třeba vyzdvihnout autorovu důslednost, s níž se během koncipování celého televizního příběhu vyhýbal sebemenšímu směšování fiktivních událostí s fakticky doloženými skutečnostmi. (Mnohé motivy z Gellnerova života přitom k volné fabulaci doslova vybízejí: např. básníkovo nezvyklé milostné vzplanutí k neznámé dívce, nebo jeho nejasný skon na haličské frontě v létě 1914.) Neodmyslitelnou součástí televizních Radostí života byly citace ze soudobé (samozřejmě především Gellnerovy) poezie. Ačkoli se mnohdy jednalo o značné osobité verše, autor scénáře je dokázal působivě a citlivě zakomponovat do dramatického dialogu.

Kunderovy životopisné scénáře jsou interpretačně velice náročné; vzpomeňme jen na nedávno vysílanou hru o K. H. Máchovi ve značně stylizovaném pojetí režiséra Vladimíra Kavčiaka. Jeho texty vyžadují, aby se režisér bezpečně orientoval v tématu a přitom poutavě dokázal vyslovit vše, co skrývá levá, většinou hustě popsaná stránka scénáře. Navíc je pro tohoto autora charakteristická určitá, velice obtížně převoditelná poetika jeho příběhů. Jinými slovy, Kunderovy scénáře potřebují, aby jejich inscenátor byl naladěn na stejnou strunu jako autor.

V případě Radostí života k takové autorsko-režisérské souhře mezi Ludvíkem Kunderou a režisérem Evženem Sokolovským došlo. U pořadu bylo na první pohled zřejmé, že režisér k textu přistupoval se zcela přesnou interpretační představou, a že se rozhodl pro věcný přímočarý způsob inscenování. Poetický tón příběhu se rozhodl dotvářet výtvarnými a hudebně-zvukovými složkami. Z tohoto zorného úhlu také hru nastudoval s interprety, které vedl k jednoznačně vyznívajícím hereckým projevům.

Překvapivě zapůsobilo obsazení Jiřího Štěpničky do typově pro něj nezvyklé role Františka Gellnera. Štěpnička se přes režisérovo pevné vedení na několika místech (např. vystupování v kabaretu) bohužel nevyvaroval toho, aby jeho pojetí buřičského, ze skepse pramenícího bohémského temperamentu nesklouzlo spíše k furiantství. Zcela novou hereckou polohu, a nutno konstatovat, že na televizní obrazovce doposud rozhodně nejpropracovanější, předvedla Jarmila Švehlová v roli Marie. Dobrým, někdy i hlavního hrdinu přehlušujícím spoluhráčem byl výrazný Pavel Pavlovský v roli Karla Tomana.

Působivou významotvornou složkou televizní inscenace byla scénická hudba skladatele Miloše Štědroně v provedení Moravského kvarteta.

Shrneme-li, pak původní televizní inscenace Radosti života, natočená v pražské Hlavní redakci dramatického vysílání, se svými uměleckými kvalitami zařadila mezi díla, která televizním divákům působivě přibližují kulturní odkaz naší minulosti.

SUTNAROVÁ, Zdeňka. Radosti života. Scéna. 1983, roč. 8, č. 21, s. 5.";;;;;;Evžen Sokolovský;Jiří Štěpnička, Miriam Hynková, Ota Sklenčka, Jiří Plachý, Jana Hlaváčová, Marcel Vašinka, Pavel Pavlovský, Jarmila Švehlová, Jindřich Hinke, Rostislav Kuba, Miroslav Vladyka, Čestmír Řanda, Viktor Maurer, Václav Sloup, Jana Břežková, Josef Bláha, Zdeněk Martínek, Otakar Brousek, Antonín Hardt, Karel Urbánek, Jiří Holý, Ludmila Roubíková, David Prachař;False;;;;;;True;False;;;;
76246;Pes v zahradě;0;;m;1990;85.0;55.0;https://prod-fdb-storage.fra1.cdn.digitaloceanspaces.com/placeholders/General.png;76246-pes-v-zahrade;Československo;groteska;Pes v zahradě;"Současná dramatická groteska, jejímž tématem je vztah bratra a sestry. Ivan je člověk, který kdysi psal scénáře, ale již 20 let nic nenapsal. V expozici příběhu ho zastihujeme, když dostává smlouvu na televizní hru. Tady se rozvíjí základní dramatická situace. Neschopnost napsat scénář dovede hrdinu k tomu, že si vymyslí desítky polopravd a lží. V okamžiku, kdy jeho sestra přijde na to, že se pohybuje ve vysněném světě lží a on pozná, že to sestra uhodla, zabije ji. Finále hry je v nadsázce, kde se Ivan se sestrou opět smíří. Je to pokus o nový televizní žánr.
( Zdroj: Československá televize )";;;;;;Jan Schmid;Oldřich Kaiser, Martin Dejdar, Jiří Lábus;False;;;;;;True;False;;;;
149294;Perly: Kouzelná mošna;0;;m;1985;85.0;14.0;https://prod-fdb-storage.fra1.cdn.digitaloceanspaces.com/placeholders/General.png;149294-perly-kouzelna-mosna;Československo;pohádka / loutkový;Perly: Kouzelná mošna;"Matěj byl chudý košťatář, který se vydal do světa. Potkal kouzelného dědečka, který mu dal dárek – očaroval mu mošnu. Dostalo se do ní všechno, co chtěl. Pak Matěj usnul v lese a když se probudil, uviděl kočár a dva sloužící, kteří chystali hostinu. Přijel kníže s kněžnou a komtesou a hodovali. Matěj vyzkoušel mošničku a všechno jídlo jim postupně zmizelo. Pak byl odhalen a kníže se mu svěřil, že ho vyhnal ze zámku sám čert. Slíbil mu odměnu, když ze zámku čerty vyžene. A tak šel Matěj nocovat na zámek. Tam se čerti opravdu rojili, a tak je mládenec všechny vzal do své mošny. Nakonec je pustil, když mu slíbili, že už se neobjeví. Ráno se kníže velmi podivoval, že je Matěj naživu. A dal mu zlatku za odměnu. Víc ale Matěj nechtěl a šel dál do světa.

Zdroj: Česká televize";;;;;;František Mikeš;Vlastimil Brodský;False;;;0+;;;False;False;;;;
104158;Perly: Honzův turnaj;0;;m;1983;85.0;10.0;https://prod-fdb-storage.fra1.cdn.digitaloceanspaces.com/placeholders/General.png;104158-perly-honzuv-turnaj;Československo;animovaný / pohádka / loutkový;Perly: Honzův turnaj;"Princezna Amálka a její otec král pořádali turnaj, vítěz se měl stát jejím ženichem. Přijeli tři princové na koních a jeden Honza na takovém zvláštním vozítku. A zatímco koně nepřeskočili zábranu a princové zůstali ve vodní nádrži, Honza lehce se svým „ořem“ překážku zdolal. V noci se princové smluvili, že mu nabančí, ale Honza je přechatračil. Nakonec splnil všechny podmínky a král mu svou dceru chtěl dát za ženu. Ale Honza že ne, že on potřebuje ženu, která by uměla vzít za práci v chalupě. A odešel. Jenže hned za ním přišla Amálka a že ho má ráda a spolu všechno zvládnou. A tak se vzali.

Zdroj: Česká televize";;;;;;František Mikeš;František Skřípek;False;;;0+;;;False;False;;;;
79816;O detektivu Sultánovi;0;;m;1974;85.0;7.0;https://prod-fdb-storage.fra1.cdn.digitaloceanspaces.com/placeholders/General.png;79816-o-detektivu-sultanovi;Československo;animovaný;O detektivu Sultánovi;Kocour Mikeš se stal nejslavnějším kocourem v celých Hrusicích, každý by se chtěl podobat Mikešovi. Jedni si jej velice váží ale najdou se i takoví, kteří mu závidí. Mezi ně patří i pes Sultán, který, aby se proslavil, založil detektivní kancelář. Vezme si dýmku, narazí károvanou čapku a je k nerozeznání od detektiva Sherlocka Holmese. Jeho chvíle přišla brzy, když se Horákovic Micínce ztratil synek, žalostně mňouká, vyptává se, ale vše je marné. Nakonec navštíví detektiva Sultána a za nalezení synka slibuje takové ohromné poděkování, jaké je asi velké, jako psí bouda. Sultán si myslí, že všechno bude jednoduché, jeho čich je dobrý, ale musí vyměnit několikatero maskování a vyrazit v pátrání do lesa. Všechno je marné, pátrání nepřináší žádné úspěchy a musí se vrátit domů. Čím je blíže domova, uslyší takové žalostné mňoukání a to vychází, z jeho boudy. Ano je to malý kocourek, který hledá ztracenou maminku. To je najednou radosti ze shledání maminky Micínky a jejího synka, Micínka Sultánovi poděkuje na sto tisíckrát…;;;;;;Josef Kluge;Karel Höger;False;;;0+;;;True;False;;/kocour-mikes-o-detektivu-sultanovi/640229c511198;;
113599;Nota bene Jan;0;;m;1983;85.0;77.0;2u406gcqmxp0u6i7a8lp.jpeg;113599-nota-bene-jan;Československo;komedie;;;;;;;;Václav Hudeček;Jan Čenský, Jiří Vala, Blanka Bohdanová, Ivan Luťanský, Vlasta Žehrová, Radka Stupková, Bořivoj Navrátil, Kateřina Seidlová-Hrušková, Ondřej Havelka, Taťjana Medvecká, Luba Skořepová, Ivan Richter, Otakar Brousek, Karel Augusta, Jana Matiášková, Markéta Světlíková, Božena Riesnerová;False;;;;;;False;False;;;;
158459;Někdo zaklepal na dveře;0;;m;1989;85.0;;https://prod-fdb-storage.fra1.cdn.digitaloceanspaces.com/placeholders/General.png;158459-nekdo-zaklepal-na-dvere;Československo;sci-fi;;"Televizní sci-fi příběh, natočený podle povídky VTOM NĚKDO ZAKLEPAL NA DVEŘE (Knock) amerického novináře, spisovatele a scénáristy Frederica Browna (1906-1972), který ji napsal v roce 1948 a u nás vyšla v antologii POZEMŠŤANÉ A MIMOZEMŠŤANÉ (1981).

Poslední člověk na planetě Valter Pelan (Jiří Ornest) se stává vězněm ve svém vlastním bytě, kde teď nejsou kliky ani okna a každý den se opakuje strašidelný rituál.";;;;;;Ivan Rajmont;Jiří Ornest, Daniela Kolářová;False;;;;;;True;False;;;;
99590;Mikeš čaruje;0;;m;1971;85.0;6.0;https://prod-fdb-storage.fra1.cdn.digitaloceanspaces.com/placeholders/General.png;99590-mikes-caruje;Československo;animovaný / dětský / pohádka;Mikeš čaruje;"Do nového dne se probudil pašík bez nálady a mrzutý, ani kocour Mikeš jej nerozveselí, zato si Mikeš všimne, že chasník Tonda krade hrušky. Zajde za svým kamarádem, kozlem Bobešem, který si dává do nosu a to z korbelu, ve kterém má velkopopovického kozla, všechno mu poví a oba se domluví, že Tondu vytrestají. Očarují mu hrušky. 

Tonda si to vykračuje po návsi, je stále jako ve snu a těší se, jak tu slaďoučkou hruštičku, kterou si myslel, že má v kapse, dá nejhezčímu děvčeti z vesnice, Mařence, a jen tak sáhne do kapsy pro kontrolu a co to, drží v ruce brambor. Ale on, hloupoučký, Mikeš mu tu hrušku vyměnil za bramboru a s Bobešem si z něj vystřelili. To ale není konec příběhu, kozel Bobeš mu nabídne druhou hrušku, a v mžiku Mikeš mu ji vymění za brambor. A uznejte sami, jak na to mohla reagovat Mařenka, když dostane do ruky bramboru, začne Tondu pleskat hlava nehlava a on to vůbec nechápe. A začne přemýšlet, byla hruška, je brambor, byl brambor, je hruška a tu bramboru mu Mikeš vymění za hrušku. A to už se Tonda směje, jak si zchladí žáhu z Vaška, kterého nemá rád a zrovna jej míjí na cestě. Z nabízené kapsy Vašek vytáhne hrušku, Tonda křičí, že to jsou kouzla a rozhodne se, že již nebude krást….";;;;;;Josef Kluge;Karel Höger;False;;;0+;;;True;False;;/o-kocouru-mikesovi-11-mikes-caruje-csr-1971-animovany-komedie-pohadka/5bf4ee8470247;;
26943;Hostina;0;;m;1993;85.0;90.0;f99hfns30ishrr8kkwci.jpeg;26943-hostina;Československo;drama;Jiří Hubač: Hostina;"Konflikt umění a moci, svobody a despotismu - běžně se opakující v nejrůznějších podobách v různých společenských strukturách…
Náš přední dramatik Jiří Hubač se inspiroval příběhem z antických dějin, soubojem básníků Petronia a císaře Nerona, jenž ovšem proslul spíš jako krvavý diktátor. Římský patricij Petronius je přijat do kroužku Neronových důvěrníků, aby se stal rozhodčím v otázkách jemného vkusu. Petronius se dlouho podřizuje Neronovu tyranství, nakonec se nechá donutit i ke zničení větší části svých básní, aby dokázal, že Nero je lepší básník než on. Ale když se má zesměšnit ve věci osobního vkusu, odmítne se tyranovi podřídit...";;;;;;Viktor Polesný;Jiří Bartoška, Ivana Chýlková, Josef Vinklář, Marek Vašut, Vladimír Marek, Martin Zounar, Martin France;False;;;;;;False;False;/file/71347/star-wars-dobrodruzstvi-mladych-jediu-s02e09-hostina-ke-dni-zivota-ohrozena-ztraceny-poklad-tenoo.html/;/hostina-2021-cztitulky/619fe8ba5507e;;
33269;Haló Alberte;0;;m;1990;85.0;8.0;9a0j1h664kt30a7f6426.jpeg;33269-halo-alberte;Československo;groteska / animovaný / sci-fi;Haló Alberte;"Kreslená groteska v žánru sci-fi, která s humorem a nadhledem řeší problém relativity.

Zdroj: ČT";;;;;;Václav Mergl;Jana Koubková;False;;;;;;False;False;;;;
30452;Expo 1958;0;;m;1958;85.0;41.0;https://prod-fdb-storage.fra1.cdn.digitaloceanspaces.com/placeholders/General.png;30452-expo-1958;Československo;dokument;Expo 58;"Úspěchy československé expozice na světové výstavě v Bruselu. Pro Československo byla výstava velmi úspěšná. Získalo Zlatou hvězdu a dalších třináct ocenění. Expozice ""Jeden den v Československu"" byla navržena Jindřichem Santerem, který spolupracoval s Jiřím Trnkou, Antonínem Kybalem, Stanislavem Libenským a Janem Kotíkem. Za nejlepší pavilon byl vyhlášen jednoduchý, ale moderní a elegantní čs. pavilon Františka Cubra, Josefa Hrubého a Zdeňka Pokorného. Pozornost vzbudila moderně architektonicky řešená restaurace, která byla po ukončení výstavy převezena do Prahy a umístěna v Letenských sadech. Během přípravy československé expozice došlo k určitému kulturnímu uvolnění. Komunistické vedení státu dalo autorům poměrně značnou volnost a ti to často považovali za jedinečnou příležitost k svobodné tvorbě. 

Zdroj:  Film Europe s.r.o.";;;výstava;;;Zdeněk Kopáč;Otakar Brousek;False;;;0+;tt0434926;;True;False;;;;
103193;Drahý lhář;0;;m;1967;85.0;65.0;https://prod-fdb-storage.fra1.cdn.digitaloceanspaces.com/placeholders/General.png;103193-drahy-lhar;Československo;komedie;Drahý lhář;"Komorní, komediálně-dramatická televizní inscenace, natočená podle divadelní hry pro dva herce od amerického dramatika, spisovatele a herce <a href=""https://www.fdb.cz/osobnost/489028-jerome-kilty"">Jerome Kilty</a> (1922-2012), vycházející z korespondence mezi světoznámým irským dramatikem a spisovatelem <a href=""https://www.fdb.cz/osobnost/3717-george-bernard-shaw"">George Bernard Shaw</a> (1856-1950, <a href=""https://www.fdb.cz/osobnost/2326-felix-le-breux"">Felix le Breux</a>) a herečkou S. D. Campbell (<a href=""https://www.fdb.cz/osobnost/355-blanka-bohdanova"">Blanka Bohdanová</a>).";;06.09.1967;;;;Eva Sadková;Blanka Bohdanová, Felix le Breux;False;;;;tt13456576;;False;False;;;;
79815;Dobrodružství kouzelné hole;0;;m;1974;85.0;7.0;tzfdi1r2pgyri3chyzw0.jpeg;79815-dobrodruzstvi-kouzelne-hole;Československo;animovaný / pohádka;O kocouru Mikešovi a jeho přátelích: Dobrodružství kouzelné hole;"Kouzelná hůl, která byla vnučkou Obuchu hýbej se a vždy věrně sloužila kocouru Mikešovi, je najednou, když ji Mikeš hledá, k nenalezení. A když se Mikeš s holí již rozloučil, hůl se vrátí z pohádky, kde věrně sloužila dědečkovi. 

A jaká to pohádka bude dneska? - Přijde Honza do služby, dědeček se ptá po jeho bratrech Frantovi a Vaškovi, kteří měli také přijít pást ovce. Honza ale dědovi naznačí, že za ten stolečku prostři se, beránku otřes se a obuchu hýbej se, vše odslouží sám. Ale za to spaní po sedmi dnech - co by nechtěl? Sice dostal, co chtěl, ale ty kouzelné věci nefungovaly. Na hloupého Honzu měl až dost nápadů. Sebral věci, přišel do první hospody a na hostinského začal bandurskou. Pohlídej mi tyto kouzelné věci a ne abys je do rána vyměnil. A ráno, to už víme všichni, že hostinský nebyl tintítko, Honzovi se postavil a nedostal z toho chuligána strach a nepřistoupil ani na požadavek dáti 1000 korun. Honza chtěl hostinského postrašit, zvolal - Obuchu hýbej se. A to najednou bylo křiku, hůl, to jako já, jsem Honzu spráskala a ty jeho bratry nevyjímaje. Když oni zapomněli zvolat - Obuchu dost.";;;;;;Josef Kluge;Karel Höger;False;;;0+;;;True;False;;/kocour-mikes-dobrodruzstvi-kouzelne-hole/640229bdcd414;;
83442;Bartakiáda;0;;m;1986;85.0;9.0;7dswgkwb1remek6vhco2.jpeg;83442-bartakiada;Československo;komedie;Bartakiáda;"Deset roků se Miroslav Barták (nar. 1938) živil jako lodní inženýr mořeplavbou a touhou stát se profesionálním karikaturistou a před sedmnácti lety kreslířský sen naplnil skutkem. Jeho proslule chladnokrevná linka své pevné kontury získala v námořní kajutě, navzdory vlnám moří celého světa. V kontextu českého a pak i evropského humoru si Barták vydobyl prominentní místo.

Ve velkých, brýlím podobných očí jeho hrdinů se zrcadlí nekonečno moře, humoru a absurdity. Jeho groteskní momentky čerpají často z všednodenních situací nebo je obracejí naruby a netaktně nás upozorňují na skutečnosti, které bychom raději ututlali. Jeho geometricky přesným obrysům postav, připomínajícím anonymní figury z příruček, však nechybí pel poezie. Jak tyto toporně strnulé aktéry pohnout k filmovému životu? Vždyť sice dráždí svou fází výsledného pohybu, a jejich gag lapidárně vyplývá z paradoxně rozehrané akční situace, ale zároveň vzdorují představám jakéhokoliv rozhýbání. Zdálo by se, že pokud vůbec lze bartákovskou linku oživit, pak nejvíc šancí má nejspíš metoda ploškového filmu, která kromě ekonomických předností nesmazává autorský projev výtvarníka. Vystřihnuté, kloubené části kresby tu „hrají“ po způsobu loutkového filmu.

Animátor, výtvarník a režisér Oldřich Haberle (nar. 1951) si troufnul humor Miroslava Bartáka animovat metodou klasického kresleného filmu a uspěl na výbornou. Natvrdle působící postavy se tu kupodivu pružně pohybují, aniž by ztratily cokoliv ze svého charakteru.

Faktem je, že ve Studiu Bratři v triku Krátkého filmu Praha od jeho založení v květnu 1945 razili všichni v čele s Jiřím Trnkou, nové a naše specifikum kresleného filmu: spolupráci s nejlepšími kreslíři a grafiky. Tak vznikly filmy podle výtvarných návrhů Josefa Lady, Františka Tichého, Kamila Lhotáka nebo Zdeňka Seydla. K vysokému výtvarnému standardu českých animovaných filmů přispěli pak i naši tvůrci kresleného humoru: Jiří Kalousek, Adolf Born, Vladimír Jiránek a brzy se k nim přiřadí i Vladimír Renčín. Právě spolu s Renčínem se Barták poprvé blýsknul svou linkou ve filmu Čtyřikrát do černého. I kreslená Bartakiáda je volným sledem black-outů, tentokrát navíc spojujících epizody ústřední figury od ranního probuzení až po marný pokus o večerní spánek.

Kořeny filmových black-outů sahají do zlatého věku němé grotesky; animovaný dědeček našich black-outů byl pan Prokouk, vytvořený na sklonku 40. let Karlem Zemanem. Tendenci k pointované zkratce animovaného black-outu projevili v 50. a 60. letech další tvůrci, například Břetislav Pojar, Zdeněk Smetana, František Vystrčil, Jiří Toman, Viktor Kubal a Josef Kluge.

Co je to vlastně filmový black-out? Připomeňme si jeho základní znaky: stručnost, schopnost mluvit beze slov, bezprostřednost, humor, prostota, lapidárnost. Zatímco umělecký animovaný film atomizuje skutečnost a staví diváka před nutnost vytvořit si vlastní odpověď, black-outy uzavírají s oblibou své zdravé satiricko-gagové provokace vlastní pádnou odpovědí. Vyžaduje si ji už samo razantní tempo seriálové epiky, anekdotická stavba jednotlivých příběhů, ale nejde tu zdaleka jen o službu tvůrčímu postupu. Odpověď — většinou ve formě morality postavené na hlavu — je typickou složkou oné prostoty, s níž se black-outy zmocňují soudobé civilizace.

Umělecký black-out není pouze morálně zábavnou instruktáží. Nezaměňuje prostotu s prostoduchostí. Disponuje satirickým nadhledem, poetickou zkratkou, razantním epickým tempem i bystrým ostřím ironie. Je příjemnou, ale i zavazující skutečností, že právě u nás vznikají animované black-outy, jako jedna z možností k básnické zkratce lidských prototypů. Většina zahraničních mini-filmů obdobného typu má totiž propagační charakter a tak i omezenou životnost.

První „čisté“ black-outy u nás vytvořil i výtvarník a karikaturista František Skála spolu s režisérem Gene Deitchem, kteří na konci 60. let vytvořili seriál dvouminutových kreslených filmů pod názvem Historky pana Koumala. Tyto grotesky, výtvarně postavené na jednoduché linkové kresbě, měly rychlý spád a staccatový rytmus. A právě Deitchovu „školu“ dostal Oldřich Haberle, když pracoval řadu let jako jeho asistent. V kresleném filmu pak debutoval autorským snímkem Sen na křídlech smrti (1981), varovným vnitřním obrazem intoxikovaného narkomana. Rok poté natočil sci-fi kreslený film Kontakt No. 1 o totálním nedorozumění při prvním setkání pozemšťanů s mimopozemšťany. Oba zmíněné filmy vynikly nad dobrý standard produkce Studia Bratři v triku; Bartakiáda (1986) je však o poznání lepší.

ZVONÍČEK, Petr. Bartakiáda a jiné black-outy. Scéna. 1986, roč. 11, č. 17, s. 5.";;;;;;Oldřich Haberle;;False;;;0+;;;False;False;;/animovane-hricky-bartakiada/5877550d7a45f;;
44197;O princezně, která ráčkovala;0;;m;1986;74.00826446281;56.0;p3rea7totuev157z9w9s.jpeg;44197-o-princezne-ktera-rackovala;Československo;komedie / hudební / pohádka / rodinný;O princezně, která ráčkovala;"V tomhle království je něco v nepořádku. Paní královnu sužuje hypochondrie, princezna Karolínka je rozmazlená, rádce je proradný a vypočítavý. A všichni ráčkují, protože to princezna považuje za znamení urozeného původu. A pak je tu syn chůvy, zahradník Kryštof, který tajně princeznu miluje. A tak je jen na něm, aby jí napravil hlavu.

Původní pohádka o princezně, která si zakládala na své urozenosti, patří k těm, které se pravidelně vracejí na televizní obrazovku. Diváci si ji oblíbili jistě i proto, že je plná humoru a melodických, vtipných písniček Zdeňka Rytíře, z nichž nejznámější je Královské reggae. A velký podíl na úspěchu pohádky mají určitě i herci - Iva Janžurová, Jiřina Bohdalová, Jiří Krampol, Dáda Patrasová a Jan Čenský..";;23.11.1986;princezna;;;Vladimír Karlík;Iva Janžurová, Dagmar Patrasová, Jan Čenský, Jiřina Bohdalová, Jiří Krampol, Rudolf Hrušínský, Jan Kuželka;False;;;0+;tt0323456;o-princezne-ktera-rackovala;False;False;/file/52156/o-princezne-ktera-rackovala-1986-pohadka-hudebni-1080p.html/;/o-princezne-ktera-rackovala-pohadka-pro-deti-1986/638e0c0752bdd;;
31489;Krásná čarodějka;0;;m;1991;75.0;36.0;hu9of5o4qjmvs3c9szpr.jpeg;31489-krasna-carodejka;Československo;pohádka;Krásná čarodějka;"Kovář Kale miluje krásnou Aranku, ale matka jejich lásce nepřeje, Aranka je totiž čarodějka. Při večerní slavnosti, kdy skáčou mladí lidé přes oheň, se Aranka ztratí. V té době jede pán Jan krajem a zabloudí, najde ohniště a v zapálené svíčce se mu zjeví Aranka. Okouzlen přináší si ji domů, kde Aranka opět obživne. Její milý zatím dívku marně hledá. Setkají se ti dva ještě?
Příběh o věrné lásce Aranky a Kala byl natočen na motivy romských pohádek Marie Voříškové.";;;;;;Vlasta Janečková;Michaela Kuklová, Vladislav Beneš, Věra Galatíková, Petr Štěpánek, Naďa Konvalinková, Barbora Hrzánová, Milan Stehlík, Miroslav Huňák, Radana Rusenková, Marie Reiznerová, Jan Rusenko, Loutkoherecká skupina ČST;False;;;0+;;;True;False;;/moje-krasna-carodejka-2005-cz-dab-1080p/fcea86d53d8ef795;;
11958;Ohnivé léto;0;;m;1939;74.473684210526;89.0;5c8cbo85wu2d154572ox.jpeg;11958-ohnive-leto;Československo;drama / lyrický / romantický / evropská tvorba;Ohnivé léto;"POZOR SPOILER!

Mladý Julio se vrací na místa, kde žil jako dítě. Už je z něj mladý muž se vším všudy a je studovaný. Na rodinném sídle jej nejprve uvítá jeho teta. Poté se setká s kamarádkou z dětství, sestřenicí Rosou. Ta je protřelejší než on. A tak trochu jej svádí. Je tu také zahradník Petr, také kamarád. Jdou se spolu koupat.  

Večer se Rosa vrhá Juliovi do náruče a u toho je uvidí její matka a nedá se říci, že by to schvalovala. Mladík je z toho nemocný a až chůva jej dá zpět do obrazu. Později on u vody Rosu políbí, ale pak zde potká mladičkou dceru místního převozníka. Říká se jí Červená Klára. Ta se chlubí tím, co umí Petr a Julio k němu vznese prosbu, zda by jej to nenaučil. Pak se ječí a huláká u řeky. 	

Nastane bouřka a na dveře domu převozníkova kdo si klepe. Je to zničený mladík Šimon, který v bouři někde upadl. Takže se zde léčí a pak se s ostatními spřátelí. Jsou žně a prázdniny pokračují. A Petr začíná chápat, že mu Červená Klára uniká.  

Doma na zámku se rozvíjí spor mezi tetou, Juliem a její dcerou Rosou. Ta se věnuje Šimonovi, který se do ní zamiluje a říká jí Pentesilea. Klára o tom ví, a když je opět spatří spolu, vrhá se ze skály do vody. 		

Kluci jsou však blízko a skáčou do vody...";;01.10.1939;podle knižní předlohy;;;František Čáp, Václav Krška;Václav Sova, Otýlie Beníšková, Lída Baarová, Svatopluk Beneš, Antonie Nedošinská, Zorka Janů, Josef Stadler, Jaroslav Liška, František Roland, Jiřina Šejbalová, Lída Baarová, Jan W. Speerger, Bohdan Lachman, Karel Černý;False;;;;tt0031745;ohnive-leto;False;False;/file/28689/ohnive-leto-romanticky-1939-cz.html/;/ohnive-leto-1939/5a9b7d3996171;;
7816;Kopretiny pro zámeckou paní;0;;m;1981;74.0;82.0;h06c0zknt0c3jmyhfgqi.jpeg;7816-kopretiny-pro-zameckou-pani;Československo;komedie / hudební / romantický / evropská tvorba;Kopretiny pro zámeckou paní;Poetická komedie o první lásce patnáctitelé Kateřiny Krásné a jejím citovém zrání. Katka bude opět trávit prázdniny na hradě Krabonoši, kde jsou její oba rodiče kastelány. Moc se netěší, protože bude sedět v hradní pokladně a prodávat vstupenky. Všechno ale změní příjezd nového průvodce turistů, kterým je mladý student historie Petr. Dívce se Petr na první pohled zalíbí a zamiluje se. Ovšem pro Petra je to jenom malá bláznivá holka. Katka se snaží upoutat Petrovu pozornost všemi možnými způsoby, ale všechno je marné. Udělá poslední zoufalý pokus a finguje krádež vzácných zámeckých korbelíků z hradní sbírky. Katka si teprve po příjezdu kriminalistů uvědomí, že svou snahu poněkud přehnala, ale konečně se jí podaří přinutit Petra, aby si jí všiml.;;01.09.1981;;;;Josef Pinkava;Zdeněk Řehoř, Lubomír Lipský, Jiří Lábus, Roman Skamene, Vladimír Hrabánek, Sylva Julinová, Helena Růžičková, Jan Hartl, František Husák, Zdena Hadrbolcová, Tomáš Vacek, Jiřina Jelenská, Stanislav Tříska, Jiří Tomek, Josef Chvalina, Antonín Navrátil, Pavel Kříž, Věra Tichánková, Lubor Tokoš, Jiří Růžička, Vladimír Hrabal, Jana Tomšů, Pavel Klůs, Eduard Halama, Michal Katerinjuk, Helena Martinovská, Eva Sokolová, Ilona Willertová, Jaroslav Vlk, Vladimír Hrabánek, Zdeněk Řehoř, Lubomír Lipský, Jiří Lábus, Roman Skamene, Eva Holubová;False;;;;tt0184650;kopretiny-pro-zameckou-pani;True;False;;/kopretiny-pro-zameckou-pani-1981-czdabing/8fe69c2483fa0c43;;
17106;Tankový prapor;0;;m;1991;73.92354124748499;83.0;5gdldaeyrpa017ldwkrw.jpeg;17106-tankovy-prapor;Československo;komedie / evropská tvorba;Tankový prapor;"Rotný Dany Smiřický se potýká s kamarády s tupostí a buzerací důstojnického sboru. Vše začíná ve vojenském výcvikovém prostoru, kde ve chvílích volna sní o své nepřístupné přítelkyni Lizetce. Relativní klid naruší příjezd obávaného majora Borovičky, který nejprve seřve velitele tankového praporu kapitána Matku, po něm ostatní důstojníky a vojáky. Jediný, kdo si vyslouží pochvalu, je Dany, jehož tank je zakopán přesně podle předpisů. V kasárnách je pověřen organizací Fučíkova odznaku. Vojákům se nechce, takže musí zasáhnout kapitán Matka, po jehož domluvě je sice účast hojná, výsledky však žalostné. Na zkouškách důstojníků a jejich manželek Danyho zaujme sympatická Janinka, manželka náčelníka štábu nadporučíka Pinkase. Po zkouškách ji doprovází domů a po romantickém rozhovoru se s ní pomiluje. Během jeho služby v posádkové věznici dojde k potížím, když dorazí na kontrolu major Borovička, který v jedné z cel přistihne podporučíka Malinu, jak souloží s uvězněnou četařkou Babinčákovou. Na potrestání však není čas, protože prapor se chystá na příjezd sovětského poradce, plukovníka Nikitičenka. Praktická ukázka připravenosti praporu skončí pohromou. Přes všechny svízele, průšvihy a velitelskou buzeraci se blíží odchod do civilu, což je příležitost uspořádat večírek na rozloučenou.

Zdroj: Nova";;01.05.1991;KVIFF.TV, Oneplay;;;Vít Olmer;Lukáš Vaculík, Roman Skamene, Simona Chytrová, Vítězslav Jandák, Miroslav Donutil, Ivana Velichová, Martina Adamcová, Jiří Kodeš, Vlastimil Zavřel, Martin Zounar, Martin Hron, Milan Šimáček, Zdeněk Vencl, Michal Kocourek, Bohdan Tůma, Stanislav Aubrecht, Václav Vydra, Michal Suchánek, František Řehák, Pavol Topoľský, Miroslav Táborský, Václav Čížkovský, Milan Gunár, Eva Vidlařová, Michael Hofbauer, Petr Koutecký, Zdeněk Kopal, Elena Masaryková, Hana Holešovská, Zdeněk Krčál, František Švejda, Petr Kalandra;False;;;15+;tt0103042;tankovy-prapor;True;False;/file/70431/tankovy-prapor-1991-.html/;/tankovy-prapor-1991-cz-1080p/65b17a46a139b;;
10046;Mlhy na Blatech;0;;m;1943;74.642857142857;94.0;tvyhc43tpzomjq4sj43o.jpeg;10046-mlhy-na-blatech;Československo;drama / evropská tvorba;Mist in the Moorland;"POZOR SPOILER

Mladík Vojta líčí na ryby, ale je spatřen hlídačem. Utíká a hlídač jej dohoní, ale protože je Vojta suchý, nic mu nedokáže. Málem ještě dostane vynadáno. Vojta totiž řve po každém a skoro vždy. Žije u sedláka Aloise Potužáka, který kdysi slíbil Vojtově matce, že se o něj postará, i když má své dvě vlastní děti - Apolenku a Václava. Ale jinak Vojta s pantátou vycházejí, mimo občasné výčitky ohledně Vojtova pytláctví. Vedle žije sedlák Jakub Krušný, má dceru Anču, ale ta je líná. Ten jednou navštíví Aloise a stěžuje si na ženu, syna, který studuje za jeho peníze, i na dceru. Vojta podnikne výlov s jinými pytláky. Nepohodne se však při dělení kořisti. Krušný načapá svou dceru s mysliveckým mládencem. Apolenka jde místo Václava pro košík s rybami, tedy Vojtovým podílem. Skutečně mu dali méně, než bylo dohodnuto. Ale nyní jde o to, že Apolenu napadl pěšák, chtěje se jí zmocnit. U toho se však vyskytl Vojta a dal mu klackem přes kokos, čímž ho řádně uspal. S Apolenkou odejdou a pak mezi nimi začíná něco vznikat. Jenže druhý den přichází četník a odvádí Václava. Toho totiž panský pěšák viděl jako prvního, když se probral z té rány. A ještě na Vaška svedl, že mu ukradl dvě zlatky. Otec jde za ním do kriminálu a vypráví to místnímu správci, který pohádce o dvou zlatých věčně opilého pěšáka ani za mák nevěří a slibuje svou pomoc. Ta se projeví jako účinná, Václav je osvobozen a panský pěšák usvědčen ze lži. Vojta si usmyslí přechovávat kradené ryby u nich v rybníce, který chce upravit a Vašek to má maskovat a říci otci. Ten je zatím proti, jsou žně. Vojtův vztah k Apolence se prohlubuje. A také pantáta s ním rázně promluví a ve Vojtovi se začíná cosi lámat. Začíná se chovat jinak, i Václava dobrým slovem obdaří. Pak jde Vojta do lesa, kde uvidí srnu lapenou do oka. Ihned jí jde na pomoc a pustí ji. Jenže to vidí pytlák, který oko nastražil a dochází k boji. Pytlák tasí nůž a bodá. Z posledních sil doplazí se Vojta na statek. Apolenka i Václav se mu snaží pomoci, i když se to jejich otci nelíbí. A již k nim opět přichází četník…";;14.01.1944;;;;František Čáp;Zdeněk Štěpánek, Marie Blažková, Vladimír Salač, Jarmila Smejkalová, Terezie Brzková, Rudolf Hrušínský, Jaroslav Zrotal, Marie Nademlejnská, Josef Kotapiš, Vilém Pfeiffer, František Kreuzmann, Miloš Nedbal, František Roland, Vladimír Řepa, Otto Rubík, František Filipovský, Rudolf Deyl, Alois Dvorský, Vladimír Šmeral, Jan W. Speerger, Darja Hajská, Bohuš Rendl, Jaroslav Orlický, František Kovářík, Helena Smolová, Arnošt Mirský, Špaček, Jaroslav Průcha;False;;;;tt0170253;mlhy-na-blatech;True;False;;;;
22764;Panna zázračnica;0;;m;1966;76.0;100.0;9nq7qxo4xom90dsdech6.jpeg;22764-panna-zazracnica;Československo;komedie / drama / thriller / tragikomedie / evropská tvorba;Panna zázračnica;"Tragikomická Féerie. ""Film není konkrétník dobovým svědectvím o životě a atmosféře, v které se formovalo slovenské moderní nadrealistické umění, ale inspirovaný touto dobou hovoří všeobecněji o přirozenosti lásky a užitečnosti fantasie"" (Uher). Hlavní hrdinkou je anabella, dívka s tragickým osudem, která se stane ""Pannou ve zvěrokruhu šasu"" pro skupinu mladých umělců.

Autor/Zdroj: Bartošková Šárka/Československé filmy


Film zachytáva život mladej generácie umelcov, formujúcej sa uprostred vojny. Anabella, mladé krásne dievča, sa zoznámi s celou skupinou priatel'ov rozochvieva v nich túžby, stane sa predmetom ich predstáv. Očarení jej ""záaračnosťou"" však nevidia Anabellin smútok, ktirý vyústi v jej tragický koniec.
Renáta Šmatláková Katalóg slovenských celovečerných filmov

Autor/Zdroj: Šmatláková Renáta/Katalóg slovenských celovečerných filmov


Sny, představy a skutečnost slovenské metropole za války v obrazové a myšlenkové stylizaci surrealistické „pohádky"" podle Tatarkovy literární předlohy z roku 1945. Přes množství symbolů, narážek a jinotajů je zobrazen postoj skupiny mladých surrealistů vůči dusnému ovzduší, od kterého se distancovali orientací na hledání výlučných zdrojů tvorby. Ztělesňuje je Anabella jako symbol krásy, duchovního dobrodružství a ideálu. Tajemná múza vstupuje excentrickým mladým básníkům a malířům do života a tvořivého azylu, aby pro ně zůstala navždy touhou, představou a snem. Sama se vznešeného údělu múzy vzdává, aby si zachránila život po boku muže pohybujícího se s jistotou na zemi i ve vlastním nitru - ,,takyumělce"": nájemného řemeslníka. Její lidský osud je elitní skupině lhostejný: chtějí se inspirovat, vzrušovat a ne rozptylovat skutečností, která pálí.
Nekonvenčně komponovaný film o svobodě a poslaní umění, o tvorbě a rutině, o léčivé a tvořivé síle lidských vztahů hlavně v období totální vnější destrukce) je průkopnickým experimentem, který však nenašel výraz pro hodnoty surrealismu a zůstal bez následovníků. Svět filmu je rozdělený na tři zóny: Anabellinu objektivní, Tristanovu surrealistickou
a Havranovu s jeho „extrémem angažovaného netalentu“ v touze společensky se osvědčit modeluje sochu jakési politické celebrity), přičemž Anabelle se příčí jak surrealistické žonglérství, tak přičinlivý amatérismus.
Dny slovenského filmu 1997

Autor/Zdroj: /";;20.01.1967;;;;Štefan Uher;Jolanta Umecka, Eva Rysová, Ladislav Mrkvička, Otakar Janda, Ivan Rajniak, Rudolf Thrún, Štefan Bobota, Slávo Záhradník, Karol Béla, Leopold Haverl, Marián Polonský, Ivan Letko, František Kudláč, Marta Kmuníčková, Hana Kováčiková, Eduard Bindas, Mária Prechovská, Ružena Pavlová, Maja Velšicová, Oľga Sýkorová, Mária Fridecká, Alžbeta Safková, Elena Rampáková, Peter Škrabák, Peter Rúfus, Branislav Koreň, Karol Barón, Ľubomír Vajdička, Karol Švantner, Štefan Adamík, Félix Horváth, Michal Čabala, Štefan Prokop, Gustav Máčaj, Angela Jakubisová, Oľga Šalagová, Božena Slabejová, Viktor Török, Jaroslava Wanieková, Dobroslava Nováková, Peter Ondreička, Jaroslava Vysloužilová, František Török, Oľga Pristachová, Tibor Molnár, Štefan Adamík, Ján Géc, Jiří Hlošek, Jozef Ciller, Vladimír Macko, Eduard Kinzel, Jaroslav Sýkora, Štefan Benek, Gejza Ďurjak, Milan Hatala, Eva Rysová, Ivan Rajniak, Leopold Haverl, Ivan Letko, Hana Kováčiková, Maja Velšicová, Branislav Koreň, Dobroslava Nováková, Karol Švantner, Štefan Adamík;False;;;12+;tt0133142;miraculous-virgin;False;False;;/panna-zazracnica-1966-skdab/65d534a92d469;;
14134;Případ pro začínajícího kata;0;;m;1969;74.193548387097;102.0;6zw97tfsfakwp7xttc2t.jpeg;14134-pripad-pro-zacinajiciho-kata;Československo;komedie / drama / fantasy / podobenství / evropská tvorba;;"POZOR SPOILER

I. Cesta tam
Lemuel Gulliver stojí u závory. Pak nasedá do auta a odjíždí polní cestou. V lese mu pak vůz ujede a on jej dohoní. Pak však stejně havaruje. 		
Poté najde oblečeného zajíce a pokračuje dále pěšky. 

II. Balnibarská past
Dojde až k jakési polo zbořenině. Zde se mu to prolíná s minulostí. 

III. Akademie vynálezců
Potom se ocitá v akademii vynálezců. Zde je napaden při přednášce a pak je mu také spíláno v domě vysoce postaveného muže. Prý se něčeho dopustil asi při tanci. 

IV. Stroj na ruční pohon
Lemuel se pak ocitá u vědce, který má zvláštní myslící stroj. Poháněn má být žentourem, ale on nechce, aby jeho stroji dával sílu vůl. 

V. Guvernér
U něj samotného se Lemuel ocitá také, ale návštěva nic nepřinese.  
 
VI. Ochránci studánek	
Nedostatek vody nutí lidí se o vodu přímo prát. Lemanuel je u toho, ale pak je zde poslední kapka. Všichni odcházejí jinam. I On pak skupinu opouští.
 
VII.Cirkus Munodi
Dostává se do zámku a tím také k cirkusu. Konečně se dozví, kdo je kníže Munodi. Ale také se mluví o Gagarinovi. 

VIII. Balnibarská tma
 Lidé se bojí, Laputa neodlétá a tři lidi jsou „zatčeni“. Lemanuel se přiznává, že je Oskar a končí u soudu.

IX. Slavnostní poprava
V autobuse dochází k rozepři  Lemanuel je před popravou odvolán guvernérem. Ten mu tlumočí pozvání na Laputu. 

X. Létající ostrov	
Zde Gulliver poznává spoustu nových tváří, ale i těch které již potkal. A také poznává princeznu Niké. A pak se vrací zpět.

XI. Balnibarské mlčení
U guvernéra pak porušuje slib, že nikomu neřekne o nepřítomnosti krále na Laputě. Ten na něj bere sekeru a začíná boj o život...";;03.07.1970;KVIFF.TV, Oneplay;;;Pavel Juráček;Lubomír Kostelka, Pavel Landovský, Klára Jerneková, Milena Zahrynowská, Luděk Kopřiva, Slávka Budínová, Pavel Bošek, Jiřina Jirásková, František Holar, Miroslav Macháček, Viktor Maurer, Eduard Dubský, Miloš Vávra, Jiří Janda, Jiří Hálek, Věra Ferbasová, Radovan Lukavský, Nataša Gollová, Jiří Hrzán, Zdeněk Kryzánek, Vítězslav Černý, František Husák, Nina Bártů, Miroslav Homola, Marta Krásová, Vladimír Hrabánek, Jindřich Bonaventura, Leoš Suchařípa, Jindřiška Gabriela Preissová, Dagmar Rosíková, Karel Mareš, František Kubíček, Bohuslav Kupšovský, Libor Fára, René Gabzdyl, Karel Engel, Blažena Vernerová, Alois Vachek, Karel Vašíček, Daniela Šrajerová, Miloslav Hotový, Josef Kořán, Miloš Hlaváč, Martin Kostelka, Marie Šebestová, Karel Svoboda, Regina Rázlová, Hana Talpová, Milena Kleinerová, Petr Hapka, Vratislav Blažek, Ladislav Jakim, Karel Bodnár, Antonín Klepáč, Emil Iserle, Antonín Klimeš, Miroslav Laňka, Jan Maška, Viktor Očásek, Eduard Pavlíček, Jiří Ptáčník, Marie Štrampachová, Václav Volk, Milan Udržal, Žofie Futerová, Regina Rázlová, Hana Talpová, Jindřich Narenta, Jan Přeučil, Nina Divíšková;False;;;18+;tt0064843;pripad-pro-zacinajiciho-kata;True;False;/file/35298/pripad-pro-zacinajiciho-kata-drama-1969-cz-dabing.html/;/pripad-pro-zacinajiciho-kata-1969-1080p-cz-vykonavatel/e69d8dfdb129b20c;;
20702;Tajemství velikého vypravěče;0;;m;1971;74.516129032258;101.0;r7e07k1yvkh7rftqgcf9.jpeg;20702-tajemstvi-velikeho-vypravece;Československo;komedie / drama / historický / životopisný / evropská tvorba;"The Secret if a Great Narrator; Das Geheimnis des grossen Erzählers";"POZOR, SPOILER

Do Paříže přichází za generálem syn jiného generála, a to Dumase. Hledá si místo, ale nic neumí. Chce být spisovatel, ale zatím nenapsal ani řádku. Takže je na generálovo doporučení poslán k vévodovi z Orléans jako písař. 
	
Dumas chodí do divadla, kde se pozná s Nodiérem, spisovatelem a kritikem. Bydlí na ubytovně a často navštěvuje děvčata v šicí dílně. Domů ovšem píše něco zcela jiného, totiž to, co je na hony vzdáleno pravdě. V oné dílně pozná Kateřinu Labayovou, k níž občas dochází. 

Alexandr začíná psát a svou práci pak čte baronu Taylorovi. Ten je nadšen a hned chce, aby to Dumas přečetl v divadle komisi. Při čtení se Dumas poškorpí se slavnou herečkou Marsovou a má po hře. Ona prostě hrát jeho dílo odmítá. To se mu již narodil syn a Dumas se zašívá a odmítá diskutovat. Ale příběh o dvoře Jindřicha III. jej zaujme a ihned začne psát. A protože ví, kde se předtím dopustil chyby, velebí herečku Marsovou a tím má úspěch zaručen. Jenže král chce hru zakázat, a tak Dumas vyhledá vévodu z Orléans. Zde svou hru prosadí. Hra má obrovský úspěch a jediný, kdo u ní dělá humbuk, je Dumasův syn.	

Dumas starší se pohádá s Victorem Hugem, a to právě kvůli synovi. S tím se spřátelí a jsou stále spolu. To už jsou na světě slavní Tři mušketýři. Dumas učí syna psát. Jinak žije stále stejně, trochu divokým životem svobodného pána. Kupuje stále dražší a dražší věci a také se zadlužuje. Ovšem také trošku šidí své kolegy a ti jej žalují u soudu. Dumas starší se však umí bránit, a když se na jeho stranu postaví i Victor Hugo je věc rozhodnuta. Dumas starší pak pořádá na svém novém panství veselý rej. Chce se pochlubit. Ale i tento den píše. Pomalu se rodí „Hrabě Monte Kristo“. 

Slavný se stává i Dumas mladší, jen se nechce jít po uvedení jeho hry klanět na podium. A nechce dokonce ani jít slavit, protože jej čeká kněžna Naryškinová. Život jde dál, Dumas starší založil noviny, ale přišel o všechno. Zbyly mu jen prázdné zdi, ale i zde Dumas tvoří. A i v této situaci plánuje cestu do Janova. Prý za Garibaldim.

Po návratu vypráví své příběhy, ale už se plete a je znát, že to není on. Jeho dráha se chýlí ke konci…";;28.04.1972;;;;Karel Kachyňa;Martin Štěpánek, Petr Štěpánek, Otakar Brousek, Jana Hlaváčová, Slávka Budínová, Milena Dvorská, Petr Kostka, Carmen Mayerová, Vladimír Šmeral, František Němec, Ladislav Trojan, Josef Chvalina, Jiří Císler, Zuzana Martínková, Hana Houbová, Jana Švandová, Lubor Tokoš, Josef Karlík, Zdeněk Kryzánek, Vladimír Brabec, Zdeněk Hodr, Jindřich Narenta, Heda Škrdlantová, Naďa Konvalinková, Ivo Niederle, Viktor Maurer, Luděk Svoboda, Jan Kanyza, Tomáš Töpfer, Marta Richterová, Ladislav Frej, Alois Vachek, Zdeněk Hess, Ladislav Kazda, Jan Kotva, Jana Hermachová, Pavel Jiras, Anna Gabrielová, Ilona Jirotková, Vladimír Pospíšil, Josef Burda, Ladislav Gzela, Václav Kovařík, Marie Popelková, Alois Zouhar, Jana Hana Duffková, Zdeněk Šimůnek, Julie Jenšíková, Jana Posseltová, Lída Grossmannová, Susanna Martinková, Čestmír Preclík, Ilja Racek, Jiřina Zemanová, Zuzana Martinková, Zdena Burdová, Marcela Baťková, Adolf Filip, Karel Hovorka, František Hanzlík, Helena Jehličková, Karel Anderle, Václav Formánek, Miloslav Průša, Josef Šolc, Zdena Dančíková, Jana Gýrová, Stanislav Juna, Emil Iserle, Petr Svojtka, Alena Janošková, Josef Janoušek, Eduard Pavlíček, Jiřina Hladíková, Eva Rubínová, Josef Šebek, Vladimír Štros, Zdeněk Skalický, Ivan Chrz, Zdeněk Houška, Milan Procházka, Luka Rubanovičová, Jiří Wohanka, Jindřiška Gabriela Preissová, František Javůrek, Václav Sedlák, Vladimír Svoboda, Regina Kociánová, Helena Postránecká, František Miroslav Doubrava, Viktor Očásek, Ilja Racek, Hana Čížková, Renée Nachtigallová, Milena Steinmasslová, Zdenka Procházková;False;;;;tt0067819;tajemstvi-velikeho-vypravece;True;False;;/tajemstvi-velikeho-vypravece-1971-zivotopisny-komedie-cr-fullhdtv-1080i-cz/db349bd633813a53;;
113087;Vláčik do stanice víťazstvo;0;;m;1985;78.0;72.0;aky9x0j90nbz15z8t3ah.jpeg;113087-vlacik-do-stanice-vitazstvo;Československo;drama / válečný;Vláček do stanice vítězství;;;;;;;Milan Semík;Jozef Kroner, Ida Rapaičová, Vladimír Obšil, Mikuláš Onufrák, Ivan Laca, Eliška Müllerová, Ivan Giač, Marian Sotník, František Javorský, Vladimír Lakota, Štefan Mišovic;False;;;7+;;;False;False;;/vlacik-do-stanice-vitazstvo-1985-skdab/62c4b1fb4929f;;
81523;Tři dary lásky;0;;m;1993;78.0;37.0;qkrlkgs8na3nw4fk1rkn.jpeg;81523-tri-dary-lasky;Československo;pohádka;Tři dary lásky;Mladý Hjamar se vydává na dalekou pouť za Královnou Severu, aby se přesvědčil, je-li skutečně tak krutá, že dokázala Jaro uvěznit do věčného ledu. Čeká ho to láska dívky Sigrid, ale nejdřív musí obměkčit ledové a zklamané srdce Královny Severu.;;;;;;Miloš Bobek;Pavel Šimák, Alois Švehlík, Hana Maciuchová, Sabina Laurinová, Věra Kubánková, Naďa Vaňátková, Bohumil Vávra, Blanka Bohdanová, Marie Tomášová, Marie Marešová;False;;;0+;;;True;False;;/tri-dary-lasky-1992-czdab/64dabcd1e8a44;;
43069;Škriatok;0;;m;1974;78.0;64.0;28gdajjtt9xpkuixcniw.jpeg;43069-skriatok;Československo;drama;Škriatok;"Slovenská klasická hra z dedinského prostredia hovorí o dvoch spriatelených rodinách, ktoré se neskôor rozvadia pre hlúpu klebetu a poveru. Jedna rodina obviní druhú, že k majetku prišli nečestným spôsobom, pomocou čierneho kuriatka - škriatka. Poverčivých dedinčanov táto správa pobúrí. Najviac hnevmi trpí mladí zaľubenci, ktorým rodičia nedovolia, aby sa vzali. Anička odchádza ku svojmu strýkovi. Keď sa po čase s ním vracia do dediny a nasťahuje sa do jeho kaštieľa, dedinčania ju nepoznajú. No obľubia si ju a Ďakujú jej za preukazovanú dobrotu. Vtedy sa prizná, že je tou Aničkou, ktorú nazývali Škriatkom. Všetmo dobre skončí, všetci sa zmiria, jej milý ju eště Ľúbí a vezmú sa.
Slovenská televize";;;;;;Karol Zachar;Elo Romančík, Eva Kristínová, Emília Vášáryová, Dušan Blaškovič, Viera Strnisková, Michal Dočolomanský, Beta Poničanová, Judita Ďurdiaková, Ladislav Chudík, Juraj Slezáček, Ivan Mistrík, Jozef Kroner, Oľga Adamčíková, Dušan Jamrich, Zuzana Cigánová, Elena Rampáková, Terézia Hurbanová-Kronerová, Eva Večerová;False;;;0+;;;False;False;;/skriatok-e09-1995-dvb-xvid-sk-saricon/63da451cbfaf6;;
75884;Potulné pohádkové divadlo I.;0;;m;1975;78.0;44.0;fgp3y3q731uun1q9ufjz.jpeg;75884-potulne-pohadkove-divadlo-i;Československo;pohádka;Potulné pohádkové divadlo: Vašek, Josef a Honza;"Pásmo tří veselých krátkých pohádek. 
V první pohádce se vydá do světa  s rancem buchet Vašek a doufá, že ty buchty vymění za bohatství a štěstí - skutečně potká dědečka, který mu za ty buchty poradí kouzelné zaříkávadlo, má všem odpovídat větou: ,,Mně je to jedno"". A tak jde Vašek dál do světa až dorazí ke královskému paláci...Jak to dopadne se dozvíte v této pohádce.

Ve druhé pohádce, žije chudý chalupník Honza v polorozbořené, zchátralé chalupě a přesto se mu nechce dělat, přemýšlí, přemýšlí, přemýšlí jak to udělat, aby se měl dobře bez práce - až ho napadne, že se upíše čertu! Jak to dopadne se dozvíte v této pohádce.

Ve třetí pohádce se chasník Honza vydá jen tak sbírat houby do lesa, ale narazí na boudu, ve které bydlí baba Jaga! A jak to dopadne, se dozvíte ve této pohádce.

Pohádky jsou to vtipné, skoro grotesky, doporučujeme dětem i dospělým - nudit se nebudete a ještě se zasmějete :-)";;;;;;Jiří Vanýsek;Miloš Kopecký, Miroslav Donutil, Jiří Pecha, Dagmar Bláhová, Jiřina Jelenská, Sylvie Nitrová, Arnošt Goldflam;False;;;0+;;;True;False;;;;
94102;Popelka;0;;m;1989;78.0;90.0;z7rpyp0eq4aisbbu31sb.jpeg;94102-popelka;Rakousko / Francie / Španělsko / NDR / Československo;fantasy / hudební / pohádka / rodinný / evropská tvorba;Cinderella;"Tradiční příběh o Popelce, která přišla o maminku a tak se její otec znovu oženil, nyní ožívá v modernějším podání. Popelka, která nemá nic jiného než lískový keř a holubník, kam ráda chodí, čelí útokům své macechy a zlých sester. Jednoho dne se ve vsi objeví oznámení, že princ pořádá ples. A jako dar od maminky, lískový keř přinese Popelce krásné šaty i kočár a Popelka se může vydat na ples.    

Zdroj: TV Barrandov";;01.01.1989;;;;Karin Brandauer;Petra Vigna, Krista Stadler, Roswitha Schreiner, Claudia Knichel, Stephan Meyer-Kohlhoff, Johanna Elbauer, Jean-Marc Bory, Franz Drago;False;;;;tt0099065;cinderella-1989;True;False;/file/61075/popelka-v-teniskach-2016-cz-dabing.html/;/popelka-2015-cz-dabing-full-hd-mp4/98c7b95b3d67e4cd;;
69910;Aby bylo jasno;0;;m;1979;78.0;9.0;rjn0m2ninhs1zhybfhwd.jpeg;69910-aby-bylo-jasno;Československo;komedie / dětský / kreslený;Brundibáři / To Make Things Clear;"Čtvrtá část volného seriálu Bernard Bombus a Bernard Bombus, jehož hrdiny jsou dva k nerozeznání podobní čmeláci. Tentokrát je zaujme atlas hmyzu, který našli pohozený v trávě. Tedy našli, našel ho jeden z nich. A hned chce svému příteli dokázat, že on je starší, a hodlá to dokumentovat údajně svým vlastním vyobrazením v atlasu. Listování v objemném atlasu jim dá dost práce, a konečně tady – „vidíte, to jsem já“. „Ale kdepak Bernarde, to jsem přeci já“, odpoví druhý, „vidíte ten můj nenapodobitelný upřímný pohled?“ Chvíli se znovu přou, kdo je z nich starší, a potom čtou: Čmelák má rád květiny, je tvor neútočný, má šest noh, je to hmyz. A teď se oba kamarádi rozzlobí. Jakýpak oni jsou hmyz? Švábi, mravenci, co se na potkání bijou, blechy a vši a všelijací lumpové, to prosím, ale oni dva? Tak to tedy ne. Rozhodnou se připsat svůj názor do atlasu, ale ouha, ani jeden neumí psát. Jak to tedy udělat? Dokáží, že hmyz nejsou – zahrají na své basy. A hned spustí veselou písničku, až se i obrázek autora atlasu začne chápavě smát.

[??] Aby bylo jasno. Filmový přehled. 1979, č. 14 – 15, s. 3.";;;;;;Zdeněk Smetana;Milan Drobný, Jiří Sovák;False;;;0+;tt0250188;;True;False;;/aby-bylo-jasno-feat-pio-squad/72a542a9e26f3e62;;
20614;Příliš velká šance;0;;m;1984;74.137931034483;87.0;gbor2ikxptlsbn6fofvx.jpeg;20614-prilis-velka-sance;Československo;psychologický / drama / krimi;;"POZOR, SPOILER

Biolog dr. Petr Gabriel, čestný, pracovitý a slušný vědec, si jde k bývalé ženě pro dcerku. Dcera je však nemocná, a tak musí jet na chatu sám.	 

Pak jede týž muž svým vozem a vezme stopařku. Tu pozve s sebou a ona souhlasí. Když si to spolu užijí, jedou do města. On jde pro cigarety a ona uteče. Petr tedy jede zpět a cestou srazí malého kluka. Jede s ním sice do nemocnice, ale kluk cestou zemře. Petr odjíždí a jeho mrtvolu ukryje v lese. Když se pak vrátí do chaty, je napaden dvěma čundráky. Ti mu také seberou auto. Neujedou daleko, když se ten jeden vrací pro bundu. Ale Petr střílí z flinty, a proto oba utečou. Petr spálí chlapcovu průkazku, kterou mu vzal, a také věci z nalezené bundy jednoho z čundráků. Ponechá si jen krabičku od cigaret. Bundu bere do batohu a na autě zamaže číslo blátem. A v tom se vrací stopařka Olga. Petr ji odveze a jede uklidit místo srážky s klukem. Pak dojede na kole na stanici VB, kde nahlásí vyloupení chaty a krádež auta. 

Doma zkoumá cigarety, které našel v bundě. Tak najde telefonní číslo a jméno. Následně dostává funkci po svém nemocném kolegovi Jordánovi. Podle telefonního čísla a jména najde Petr jednoho z kluků, kterými byl přepaden. Je to automechanik. Když pak najdou Petrův vůz, jde a podstrčí důkaz právě tomu automechanikovi.  Při dalším setkání s Olgou mu ona řekne, že ví o dece, kterou čundráci nemohli ukrást, protože tam nebyla. Ona si spočítala dvě a dvě - a už také ví, že dítě je mrtvé. Petr se jí přizná.  

Pak je pozván k rekognici, kde jsou ti dva čundráci. On se dělá, že je nezná, ale oni poznají jeho a také to nesmlčí. A také prozradí Olgu. Petr ji navštíví a snaží se ji ovlivnit. 

Pak je znovu u vyšetřovatele, který jej seznámí s nálezem bundy přejetého kluka tam, co ji Petr nastrčil, totiž u toho automechanika. A také s dalšími okolnostmi…";;01.09.1985;;;;Otakar Fuka;Jan Kanyza, Julie Jurištová, Radovan Lukavský, Stanislava Bartošová, Tomáš Juřička, Vlastimil Zavřel, Zdeněk Ornest, Bronislav Poloczek, Barbora Štěpánová, Olga Blechová, Jiří Novotný, Miloslav Homola, Petr Burian, Vladimír Korec, Zdeněk Skalický, Pavel Myslík, Miroslav Homola;False;;;15+;tt0445643;prilis-velka-sance;True;False;;/prilis-velka-sance-1985/5abe6402354b7;;
61828;Rozsudky soudce Ooky;0;;m;1988;74.222222222222;62.0;63cbfpoda65gyrj9x6pn.jpeg;61828-rozsudky-soudce-ooky;Československo;pohádka / rodinný / adaptace;"Hedvábí a slzy; Pomeranč a kachna; Výtržníci a poctivci; Kapsáři a falešný uhlíř";Vyprávění o moudrém a spravedlivém soudci Ookovi vychází z japonských lidových pověstí. Soudce byl skutečnou postavou, žijící v 17. století. V brněnském studiu bylo vybráno několik příběhů, podle nichž je natočena tato televizní pohádka. Rozmanité případy ukazují, jak si chytrý soudce dovedl poradit. Při pátrání po zloději nechá k velkému překvapení všech třeba spoutat sochu. V posledním poučném příběhu se dozvíme, proč nebylo správné odložit starého člověka v lese napospas osudu.;;04.02.1989;;;;Eugen Sokolovský;Miroslav Donutil, Pavel Kunert, Jaroslav Kuneš, Jaromír Dulava, Ladislav Šamlot, Libor Baselides, Václav Vostárek, Aleš Jarý, Karel Mišurec, Rostislav Čtvrtlík, Zdeněk Černín, Ondřej Mikulášek, Karel Hegner, Zdeněk Bureš, Erik Pardus, Daniel Dítě, Bohumil Slezáček, Michal Suchánek, Tomáš Turek, Stanislav Zindulka, Jiří Tomek, Karel Riegel, Jiří Stejskal;False;;;0+;tt3721480;;True;False;/file/96305/rozsudky-soudce-ooky-pohadka-hedvabi-a-slzy-1988.html/;/rozsudky-soudce-ooky-hedvabi-a-slzy-1988-pohadka-by-ugare/65c954d88729d;;
3851;Diagnóza smrti;0;;m;1979;73.92307692307699;85.0;w8y5p8z7n5co907y6ak5.jpeg;3851-diagnoza-smrti;Československo;drama / krimi;Pokoj č.5;"POZOR SPOILER

Mladý řidič je v restauraci. Jakmile vyjde, je kontrolován příslušníkem VB.

Nedaleko nalezne houbař polomrtvou dívku.

V zatáčce je převrácený nákladní vůz a u něj těžce zraněný šofér Jan Linhart. Je to ten, co byl kontrolován. Jeho ženě, paní Linhartové, je sděleno, že má zraněnou ledvinu a druhá je nefunkční od dětství. 

O nalezené dívce je zjištěno, že je to Kateřina Marková. Dvacet osm let. Je z Radyně. Kalaš od její matky zjistí, že jezdila často za sestrou, ta to však popře. Kateřina nejezdila za ní, ale za svým přítelem Ivanem Vajnerem. Ten však mizí někde na vandr. Kalaš se domnívá, že Kateřina měla ještě jinou známost. 

Jedna ze sester z nemocnice prozrazuje Linhartové, že asi mají ledvinu pro jejího muže, a kdo by mohl být dárcem. Linhartová si lstí zjistí, že je to právě Marková. Jenže situace se pak obrací a stav Markové se lepší. Lepší se i stav pátrání. Konečně se vrátil Vajner. Doznává, že se s Kateřinou setkal a pak že ji prý i viděl u chaty s jiným mužem. Je to pravda? V chatě se najdou její věci, ale majitel se k ničemu nezná. Teprve až pod tlakem přizná, že si chatu s Kateřinou půjčoval Honza Linhart. Marková umírá a Linhart se tak stává potenciálním vrahem. Kalač navštíví jeho ženu, poví jí, že ví o jejím zájmu o Kateřinu. A čeká od paní Linhartové výpověď. Z toho, co uslyší, je silně překvapen…";;01.12.1979;;;;Petr Schulhoff;Rudolf Hrušínský, Drahomíra Hofmanová, Alexandra Gasnárková, Vilém Besser, Zdeněk Ornest, Jiří Wohanka, Jan Pohan, Zdeněk Martínek, Vítězslav Jandák, Blanka Hlavová, Petr Čepek, Jana Andresíková, Marie Marešová, Stanislav Litera, Radvana Havelková, Jaromír Šnajdr, Vladimír Ptáček, Karel Vavřík, Jiří Havel, Milada Ježková, Jiří Žák, Karel Nonner, Zoja Oubramová, Svatava Smoláková, Karel Smrž, Jana Henžlová, Zoja Pistoriusová, Vlastimil Čaněk, Jiřina Bílá, Jiří Havlík, Zdeněk Hrdlička, Václav Hrůza, Stanislav Šmíd, Gustav Vondráček, Jiří Holeček;False;;;;tt0079047;diagnoza-smrti;True;False;/file/82302/diagnoza-smrti-1979-krimi-1080p.html/;/diagnoza-smrti-1979-cesky-film-cz-rudolf-hrusinsky-drahomira-hofmanova-alexandra-gasnarkova-vilem-besser-zdenek-ornest/629de08913ee9;;
8398;Láska z pasáže;0;;m;1984;73.829787234043;73.0;m96d7on5zkx7m5wr5932.jpeg;8398-laska-z-pasaze;Československo;psychologický / drama / krimi / romantický / evropská tvorba;Láska z pasáže;"Devatenáctiletý Pavel Kříž tráví veškerý volný čas v pražských pasážích, bistrech a na diskotékách s partou zloděje Robyho. Pavel sice má maturitu, ale pracuje jako čistič oken, přičemž velkou část jeho příjmů tvoří zisk z podvodů, šmeliny a krádeží Robyho party, které dodává zaručené tipy. Není tedy příliš nadšen, když mu vedoucí úklidu přidělí mladou brigádnici Janu Hálkovou. Přestože se dívka netají s nechutí k Pavlovu způsobu života, vznikne mezi nimi křehké citové pouto. To však nemůže v prostředí, ve kterém se Pavel pohybuje, vydržet. Mladík se dostává do stále větších problémů - část Robyho party je dopadena policií a on nemůže sehnat peníze na vrácení dluhu. Situace se vyhrotí v okamžiku, kdy parta zlodějů unese Janu. 

Psychologicko-kriminální film Jaroslava Soukupa je úspěšným spojením divácky atraktivního vyprávění s černým pohledem do života morálně narušené mládeže. Vznikl v roce 1984 a stal se jedním z nejúspěšnějších českých filmů roku 1985. V hlavní roli Pavla Kříže, šité přímo na tělo, se představí Lukáš Vaculík (Kamarád do destě, Vítr v kapse). Jako Jana se po jeho boku objevila slovenská herečka Tatiana Kulíšková. V dalších rolích můžete vidět Vladimíra Dlouhého, Marka Vašuta (Roby), Miloše Vávru, Ondřeje Vetchého, Vítězslava Jandáka a další. Řada písniček Michala Davida, které ve filmu zazní, se ve své době stala populárními hity.

Zdroj: FTV Prima";;01.07.1985;;;;Jaroslav Soukup;Lukáš Vaculík, Tatiana Kulíšková, Vladimír Dlouhý, Marek Vašut, Miloš Vávra, Ondřej Vetchý, Svatopluk Schuller, Miroslav Babuský, Jiří Tomek, Vítězslav Jandák, Míla Myslíková, Světlana Nálepková, Vladimír Hlavatý, Zdeněk Dítě, Svatava Hubeňáková, Ladislav Potměšil, Regina Lodrová, Jindřich Světnica, Christina Catherine Sey, Miroslav Zounar, Radka Stupková, Zdeněk David, Akram Staněk, Božena Franková, Zdeněk Ornest, Bořík Procházka, Jan Schmidt, Jan Antonín Duchoslav, Marcel Rošetzký, Čestmír Řanda, Lena Birková, Ivo Helikar, Jana Špaňůrová, Zdeněk Deyl, Jiřina Jelenská, Michaela Gebertová, Petr Drozda, Ladislav Lahoda, Michal David, Kroky, Ludvík Wolf, Jiří Kraus, Karel Knechtl, Jiří Knot, Pavel Grégr, Oldřich Semerák, Jiří Valšuba, František Jákl, Petr Jákl, Jindřich Sejk, Jan Kadlec, Zbyněk Krákora, Jiří Sládek, Josef Kočí, Vít Pokorný;False;;;;tt0087588;laska-z-pasaze;True;False;/file/00982/laska-z-pasaze-1985-drama-krimi-1080p.html/;/laska-z-pasaze-cssr-1984-cz-m-mp4/282cf331b62fbd42;;
5730;Holky z porcelánu;0;;m;1974;73.820598006645;98.0;9yeh0hswymru2g717ue5.jpeg;5730-holky-z-porcelanu;Československo;komedie / romantický / evropská tvorba;Holky z porcelánu;"Do skladu porcelánu nastupuje nová pracovní síla, nesmělá šestnáctiletá Maruška, zatímco dlouholetá vedoucí paní Světla jako již mnohokrát vyhrožuje, že ""s tím sekne"" a půjde dělat jinam. A protože tentokrát už je toho na ni zřejmě příliš, rozhodne se svou výhrůžku splnit. Vedení porcelánky obratem najde nového vedoucího skladu Jarolíma. Ten když zjistí, koho má nahradit, je ochoten sklad převzít okamžitě a bez kontroly, jenže Světla si postaví hlavu a trvá na předávací inventuře. Kdyby ovšem tušila, jaký pedant je pan Rybička, jmenovaný předsedou inventurní komise, asi by si to rozmyslela. Předávací inventura se totiž jeho vinou mění v groteskní noční můru, která zaskočí všechny zúčastněné a značně naruší nejen pracovní režim, ale také osobní program každé ze skladnic, vedení porcelánky i ostatních členů komise. A v už tak napjaté atmosféře se navíc ukáže, že Světla a Jarolím se znají z minulosti a mají toho společného mnohem víc, než jsou ochotni přiznat.

Zdroj: Nova";;01.04.1975;trabant;;;Juraj Herz;Míla Myslíková, Marie Rosůlková, Lenka Holas Kořínková, Marta Rašlová, Dagmar Havlová, Eva Čeřovská, Josef Langmiler, Josef Větrovec, Mnislav Hofmann, Vladimír Hlavatý, Steve L. Lichtag, Jiří Krampol, Karel Smyczek, Jan Hartl, Gabriela Wilhelmová, Bohumil Šmída, Karel Augusta, Luděk Svoboda, Jiří Mikota, Edita Dindělová, Ladislav Brothánek, Josef Koza, Jelena Šebestová-Juklová, Valérie Čižmárová, Jiří Korn, Jana Robbová, CK vokál;False;;;12+;tt0167195;holky-z-porcelanu;True;False;/file/62777/holky-z-porcelanu-1974-.html/;/holky-z-porcelanu-1974-czdab/9538cb20c6145878;;
7092;Kaňon samé zlato;0;;m;1970;74.583333333333;21.0;25n9mt2i1s9pkmufi8ch.jpeg;7092-kanon-same-zlato;Československo;dobrodružný;;"Komorní dobrodružný příběh o drsných zlatokopech, kteří byli ochotni obětovat zlatu všechno a zapomněli, že potřebují i trochu obyčejného štěstí... Film byl uváděn samostatně i společně s povídkami Claim na Hluchém potoku a Poslední výstřel Davida Sandela.

Autor/Zdroj: Březina Václav/Lexikon českého filmu";;07.04.1972;;;;Zdenek Sirový;Ivan Palúch, Milan Sandhaus;False;;;;tt0397495;;True;False;;/kanon-same-zlato-1970-czdabing/08d3ef52d866d7e5;;
105271;Když se čerti rojili;0;;m;1966;75.0;79.0;3uop7k2ve59ivcfbhy4c.jpeg;105271-kdyz-se-certi-rojili;Československo;pohádka;Když se čerti rojili;"POZOR, SPOILER

Jsme v čertovské škole. Ve třídě jsou jen tři čerti - Ječidlo, Vrtichvost a Baňásek a učitel Marbuel. Malí čerti jsou stejní jako lidské děti, také se neradi učí a mají rádi vyprávění. A Marbuel se nedá dvakrát pobízet.    
První příběh je o třech sestrách, které hlídaly makové pole, ale všechny končí v pekle. A nebýt čertí babičky a jedné ze sester, také by tam asi i zůstaly.

Druhé vyprávění je o ševci Holínkovi. Ten potřebuje nutně pro dceru pět stovek. Proto okrade spícího čerta. Ale je jinými čerty lapen a nucen peníze polykat. Když to doma vypráví, je tlučen po zadnici, aby z něj ještě nějaké zlaťáky vypadly. A tašku po nich použil švec na boty. A tu se tu zjeví další čert…		
Další vyprávění už není k žákům, ale k čertovi. A je o princezně, která protancovávala a roztrhala za noc spoustu bot. Proto král najímal hlídače, ale nikdo nic neobjevil, ani princeznu neuhlídal. Až se tu nachomejtl starý vysloužilec. Jenže ten místo hlídání usnul také. Naštěstí později přijde ne zcela poctivě ke kabátu neviditelnosti a sedlu, které člověka ihned přemístí kam potřebuje. Nu a nevěřili byste, kam se milá princezna vydala tancovat a kde ji vysloužilec najde. Přivede ji pak sice zpět ke králi, ale je zde jím samotným a jeho dcerou okraden. A tak se zakousne do jablka, po kterém mu vyrostou na hlavě excelentní parohy. A toho také vysloužilec využije, aby dal králi a dceři na pamětnou.";;;;;;Ludvík Ráža;Václav Trégl, Zdena Hadrbolcová, Jiří Novotný, Jaroslav Marvan, Ilja Racek, Marie Rosůlková, Čestmír Řanda, Stanislav Fišer, Jaroslav Kepka, Jana Drbohlavová, Josef Bláha, Ferdinand Krůta, Božena Böhmová, Zuzana Procházková, Vladimír Huber, Alena Kreuzmannová, Jaroslav Mareš, Jitka Zelenohorská, Václav Bouška, Antonín Jedlička, Karel Čížek, Ladislav Šimek, Arnošt Faltýnek;False;;;;;;False;False;/file/41128/kdyz-se-certi-rojili-1966-cb-ceske-pohadky-pohadky-nejen-pro-deti.html/;/kdyz-se-certi-rojili-1966/5a9036917fa4c;;
81714;V hlavní roli obhájce;0;;m;1982;76.25;74.0;ejg96zg944z8aebfgg9y.jpeg;81714-v-hlavni-roli-obhajce;Československo;drama;V hlavní roli obhájce;"Mladý automechanik Tomáš Kořínek (O. Havelka) je vzat do vazby na základě podezření z krádeže auta a z nehody, při níž došlo k těžkému ublížení na zdraví. Případem jsou pověřeni vyšetřovatel Franěk (J. Kodet) a obhájce ex offo doktor Horálek (R. Jelínek). Tomáš se v postavení obžalovaného ocitá již podruhé. Před několika lety byl za krádež auta odsouzen. Souhrn okolností jednoznačně svědčí proti němu. Teprve návštěva Tomášových přátel u obhájce odkryje události natolik, že se Tomáš rozhodne nedodržet slib mlčení… 

Zdroj: Česká televize";;;;;;Anna Procházková;Rudolf Jelínek, Jiří Kodet, Ondřej Havelka, Ondřej Pavelka, Eduard Cupák, Jana Matiášková, František Vicena, Carmen Mayerová, Jiří Lábus, Pavel Havránek, Miriam Kantorková, Libuše Štědrá, Václav Mareš, Vladimír Bezděk, Antonín Navrátil;False;;;;tt34221228;;True;False;;/v-hlavni-roli-obhajce-1982-czdab/605bd12848349;;
33081;Slunce;0;;m;1973;76.25;15.0;tb2z8c57o2o3oqws83x5.jpeg;33081-slunce;Československo;dokument / poetický;Slunce;Tento film vzdává hold Slunci dárci života na Zemi, bez něhož by naše planeta byla jen studenou hmotou putující mrazivým vesmírem. Osvětluje jak slunce vnímali lidé v průběhu věků. Spojitost děje, obrazu, hudby a mluveného komentáře činí film nadčasovým, nejen o slunci, ale i o člověku.;;;;;;Václav Hapl;Jiří Adamíra, Kühnův smíšený sbor;False;;;;;;True;False;/file/96145/moje-slunce-2024-cz-dabing-hd-1080p.html/;/slunce-1973/57bdd0b835de0;;
42942;Poslední královna;0;;m;1974;76.25;101.0;494ntabsgz2lx0mqybmt.jpeg;42942-posledni-kralovna;Československo;drama / historický;Poslední královna;"Jistě nelze tvrdit, že by česká dramatická tvorba posledních let vytvořila množství skutečně plnokrevných dramat, která by způsobila nekonečné fronty před divadelními pokladnami a na plakátech vykouzlila ono pro dramatika tak sladce znějící slůvko „vyprodáno“. Je proto pochopitelné, že ani televizní dramatické vysílání nemělo a nemá podobných děl nadbytek. Po pravdě řečeno, s větším zájmem jsme si zvykli usedat před obrazovky k inscenacím z bratislavské tvůrčí dílny. Je potěšitelné – a zavazující – můžeme-li konstatovat určité vyrovnávání dvou produkcí. Zatímco v bratislavských inscenacích se někdy projevuje jistá stagnace, pražské vysílání vyprodukovalo v poslední době hned několik zajímavých inscenací, které jako by naznačovaly blýskání na časy. Lze k nim jistě počítat i cyklus historických dramat z českých dějin, především pak POSLEDNÍ KRÁLOVNU <a href=""https://www.fdb.cz/osobnost/326350-eva-pleskotova"">Eva Pleskotová</a> v režijním zpracování <a href=""https://www.fdb.cz/osobnost/39633-zdenek-kubecek"">Zdeněk Kubeček</a>. Nezamýšlejme se teď nad přesnou historickou pravdivostí a přesností, o kterou v historickém dramatu konečně nikdy nejde v první řadě. Spíš je důležité, uvěříme-li autorovým postavám, mají-li svou vnitřní přesvědčivost a dramatičnost, jsou-li napsány živě a plasticky, prostě se vším, co z historického materiálu dělá drama. V případě Poslední královny lze bez rozpaků říci ano: <a href=""https://www.fdb.cz/osobnost/326350-eva-pleskotova"">Eva Pleskotová</a>, režiséru <a href=""https://www.fdb.cz/osobnost/39633-zdenek-kubecek"">Zdeněk Kubeček</a>, stejně jako hlavním postavám – Přemyslovně <a href=""https://www.fdb.cz/osobnost/75-jana-andresikova"">Jana Andresíková</a>, která svou obtížnou roli zvládla téměř mistrovsky (mimochodem proč ji na obrazovce vídáme tak málo?), <a href=""https://www.fdb.cz/osobnost/12696-marie-drahokoupilova"">Marie Drahokoupilová</a> v úloze Rejčky, <a href=""https://www.fdb.cz/osobnost/1437-jaromir-hanzlik"">Jaromír Hanzlík</a> i <a href=""https://www.fdb.cz/osobnost/7034-vaclav-neuzil"">Václav Neužil</a> ve „vladařských polohách“ i většině ostatních – se dílo podařilo. Jediné, co mu snad lze vytknout je, že autorka při pečlivém sledování osudů všech svých postav a zřejmě i v záplavě bohatého historicko-dramatického materiálu, vytvořila ne jeden, ale hned několik vrcholů a tedy i několik „konců“. Celkovému vyznění to však naštěstí příliš neublížilo. Vzniklo dílo, které by jistě s úspěchem obstálo i v živém kontaktu s divákem, na prknech jeviště – opravdu české historické drama hodné toho jména. Divákům televize, kteří zatím ještě nemohou sledovat II. program, bude hra i na I. programu jistě vítána.

[hp] [i]Opravdové drama[/i]. Květy. 1975, č. 18, roč. 25, str. 56. [upraveno]";;13.04.1975;král, Habsburkové, Eliška Přemyslovna;;;Zdeněk Kubeček;Jana Andresíková, Jaromír Hanzlík, Marie Drahokoupilová, Václav Neužil, Vladimír Šmeral, Jana Drbohlavová, Miroslav Nohýnek, Jan Kanyza, Karel Urbánek, Josef Mráz, Zdeněk Hodr, Jiří Havel, Jiřina Steimarová, Karel Beníško, Ladislav Trojan, Otto Lackovič, Karel Hlušička, Jaroslav Mikulín, Viktor Maurer, Karel Hábl, Milan Riehs, Karel Šebesta;False;;;;;;False;False;;/posledni-kralovna-historicky-r-1974-1480x1080/65fcd7ad4d2df;;
6142;Hvězda zvaná Pelyněk;0;;m;1964;74.0;84.0;ewx8zkscon9kwod6lo5f.jpeg;6142-hvezda-zvana-pelynek;Československo;drama / historický / válečný / evropská tvorba;Hvězda zvaná Pelyněk;"POZOR SPOILER

Do Rumburku se vrací opilí vojáci ze zajetí v Rusku, kde zažili revoluci. Jako takoví by správně už neměli být posláni na frontu. Nejdříve jsou nahnáni pro novou výstroj. Večer je zábava ve vinárně „U růže severu“ a vojín Červenka vyhlásí poplach, aby všichni utekli do kasáren a vinárna byla jen jejich. Což o to, podařilo se to, jenže pak následuje trest. Jiný voják jménem Noha zase zaspí u lehké holky. Proto jsou oni a ještě další odsouzeni ke dvěma hodinám na sloupku. Pak jsou na cvičáku buzerováni otylým Klozbergem a navíc prosakuje zpráva o další marškumpačce. Vojákům rupnou nervy a začíná vzpoura. Hejtman ji však uklidní falešnými sliby a všechny pozve do vinárny „U Růže severu“. Koval ukradne patrony, protože jinak jsou zbraně ke cvičení samozřejmě bez nich. Navíc vojákům zamknou pušky. Přesto se jim povede nástup i se zbraněmi. Hejtman sice vyskakuje, ale Červenka jej zpacifikuje. Vzpoura začíná naplno. Vojáci vítězně mašírují městem a obsazují důležité body. Poštu, vinárnu, nádraží. Vzniká však spor, kam potáhnou. Většina chce táhnout domů, což je pochopitelné. Schází se velení, aby se zabránilo dalším nepokojům. Vojáci opilí svobodou odhazují zbraně a blíží se k zákopům, kde je osmnáctý pěší pluk s českými lidmi. Snad poslední překážka ke svobodě?";;26.02.1965;;;;Martin Frič;Jiřina Bohdalová, Vlasta Matulová, Rudolf Deyl, Jiří Sovák, Radoslav Brzobohatý, Jan Tříska, Martin Růžek, Josef Větrovec, Jaroslav Mareš, Gustav Heverle, Jaroslav Raušer, Čestmír Řanda, Bohumil Švarc, Zdeněk Štěpánek, Bedřich Prokoš, Míla Myslíková, Štěpán Bulejko, Jan Pohan, Blažena Slavíčková, Ela Šilarová, Karel Houska, Ladislav H. Struna, Jan Víšek, Zdeněk Braunschläger, Mirko Musil, Richard Záhorský, Vladimír Hlavatý, Richard Lederer, Vladimír Pospíšil, Vladimír Linka, Zdeněk Procházka, Mirko Čech, Karel Kocourek, Josef Šulc, Libuše Mincová, Jana Řídká, Věra Ublová, Jiří Cimický;False;;;;tt0058215;hvezda-zvana-pelynek;True;False;/file/83481/hvezda-zvana-pelynek-drama-1964-cz.html/;/hvezda-zvana-pelynek-drama-1964-cz/60a9e82f06d63;;
18985;Vracenky;0;;m;1990;74.117647058824;90.0;lxvlgo6l0soebwm1u3ro.jpeg;18985-vracenky;Československo;drama / historický / hořká komedie / evropská tvorba;;"POZOR SPOILER

Honza a jeho malá sestra Petra Domnosilovi opouštějí vesnici, aby se vrátili ke své matce, která byla nemocná. Na nádraží ji nepoznávají. 
Už při příchodu do nového bydliště musí Honza prozkoumat výtahovou šachtu. Když má pak jít do školy, klade výrazný odpor. Hned má také průšvih, protože se popere s kluky na záchodě. A aby to nebylo málo, kousne soudruha ředitele. Za to obdrží poznámku do žákovské knížky. To jej spojilo s kluky, a už jsou kamarádi. Spolu poškodí bidet a ztratí nůž, památku na maminčina bratra Miloše. 
Při pokusu o zfalšování maminčina podpisu v žákovce ji Honza dost poškodí. Když se škola dozví, že vlivem Honzova kousnutí je ředitel nemocen, musí pokousat za peníze i starší spolužáky.  
Kvůli klukům, Doudovi a Ledererovi, jde Honza i do náboženství. Pak uvidí ve vetešnictví nůž, stejný jako ten, co s kluky ztratili a hodlá jej koupit. Takže ukradne flašky, ale je načapán i s kamarády. Honza končí na stanici SNB, ale nikoho neprozradí. 
Maminka má nového přítele Františka, a ten se jakž takž Honzovi věnuje. 
Kluci chtějí na plovárně koukat na nahaté ženské, ale jsou načapáni. Rozhodnou se utéci z domova, ale pokorně se vracejí zpět. 
Probíhá proces se Slánským a dalšími a Honzova matka nevěří, že by právě ti, které znala zradili. 
Kluci ukradli nevědomky hřídel do sběrných surovin, a je jasné že jako hlavní viník bude opět Honza. Ten je dán k výchově do jiné rodiny, protože jeho maminka napsala dopis presidentovi, ve kterém se ptá, zda nedošlo k omylu při procesech.
Umřel veliký Stalin, po něm Kléma a kluci chtějí do kina na film Afrika. Jsou tam nahé černošky. I když se Honzovi povede projít, vrací se domů a po cestě kupuje mamince knihu, u které jej zaujala barva obálky. Maminku čeká velké překvapení, až knihu otevře.";;01.11.1991;;;;Jan Schmidt;Jan Morávek, Martin Morávek, Jana Špaňůrová, Oldřich Navrátil, Leoš Suchařípa, Aleš Spurný, Jana Švandová, Michal Pavlata, Lucie Svobodová, Václav Kotva, Marek Vašut, David Jan Novotný, Pavel Taussig, Alena Kreuzmannová, Martin Faltýn, Filip Švarc, Hana Frejková, Vladimír Hrabánek, Jaroslav Tomsa, Josef Vondráček, Stanislav Zindulka, Jan Hraběta, Filip Novák, Filip Novotný, Ondřej Schmidt, Zdeněk Dušek, Jana Marková, Bohumil Vávra, Pavel Vondruška, Jana Šedová, Lena Birková, Vítězslav Bouchner, Monika Pošívalová, Milan Mach, Daniela Vacková, Karolina Soukupová, Petr Loužecký, Jakub Čihák, Ondřej Dudek, Josef Ježek, Vojtěch Belling, Josef Čepelka, Jaroslav Kejř, Lukáš Port, Jáchym Valášek, Kristýna Kindlová, Alžběta Röschlová, Milan Charvát, Zdenka Balounová, Lea Bernhardtová, Olga Marie Michálková, Miluše Soukupová, Olga Michálková;False;;;;tt0100890;vracenky;True;False;;/vracenky-cz-film-1990-jad/5f12f5c49205e;;
39282;Poslední leč Alfonse Karáska;0;;m;1987;73.879310344828;55.0;h6z6g45lg3gpp85dqfqs.jpeg;39282-posledni-lec-alfonse-karaska;Československo;komedie / hudební;Poslední leč Alfonse Karáska;"POZOR SPOILER!

Za Alfonsem přichází jeho švagr. Chce, aby k nim přijel, jako že na hon, ale při tom má naučit jeho syna Lojzu, jak na děvčata. Alfons tedy přijíždí a zjistí, že Lojza má rád dceru místního hajného Alenku. A tak se oba vydají zazpívat ji pod oknem. Akce nedopadne nejlépe, ale nevadí, ihned se vymyslí jiná. Lojza dělá průvodce na hradě a tam pošle Alfons Zuzanu, sekretářku ředitele, který přijel na hon. Ani tato akce nemá úspěch. Zoufalý Alfons tedy namluví své bývalé známé Magdě, že si na ni Lojza myslí. Podstatný věkový rozdíl jej nezajímá. Situace se postupně otáčí proti Alfonsovi. Je nucen prchat a skrývat se před střelami honců. A tak nechtěně narazí na polonahou Zuzanu. Tím se stává více podezřelým a ocitá se na seznamu trofejí. Podaří se mu vše vyřešit?";;31.12.1987;;;;Zdeněk Podskalský;Miloš Kopecký, Jiřina Jirásková, Jana Paulová, Jiří Langmajer, Bronislav Poloczek, Libuše Geprtová, Petr Nárožný, Miroslava Pleštilová, Josef Langmiler, Ferdinand Krůta, Luděk Nekuda;False;;;;tt0924473;posledni-lec-alfonse-karaska;True;False;;/posledni-lec-alfonse-karaska-1987-komedie-hudebni/ef34dbc750a6c4b5;;
21067;Ružové sny;0;;m;1976;74.736842105263;82.0;q0nni5smsgie5reviimx.jpeg;21067-ruzove-sny;Československo;komedie / drama / lyrický / romantický / evropská tvorba;Pink Dreams;"Do venkovského pošťáka Jakuba (Juraj Nvota) se zahledí mladá Romka (Iva Bittová). Jejich bezelstný vztah naráží na oboustranné předsudky. Nelíbí se mladíkovým rodičům ani dívčiným bratrům. Napětí vyvrcholí na tancovačce, kde Jakuba zbije parta bílých dacanů. Romové se omezí na výhrůžky, aby se s Jolanou dál nestýkal... Křehká láska pokračuje ve městě, kde se Jolana uchytí v krejčovské dílně. Do nezralého citu se však začne vkrádat deziluze... Poetická mozaika, v jejímž finále se Jolanka vdá za romského mladíka, si všímá soužití různorodých etnik. Pitoreskní živočichopis proplétá s úvahou o významu snů. Mezi protagonisty se objevila řada populárních tváří. Hrdinova samorostlého strýce Antona zosobnil Josef Hlinomaz. Jakubovu sousedku, která má trable s věčně hladovým mužem, si zahrála Marie Motlová. Jednu z Romek ztělesnila Věra Bílá.
Febiofest 2004";;08.04.1977;KVIFF.TV, dafilms.cz;;;Dušan Hanák;Juraj Nvota, Iva Bittová, Josef Hlinomaz, Marie Motlová, Ľudovít Kroner, Libuše Havelková, Václav Babka, Hana Slivková, Anton Trón, Míla Beran, Naďa Hejná, Arpád Rigo, Věra Součková, Milan Kiš, Sally Sallingová, Marián Labuda, Ján Žiga, Věra Bílá, Margita Miková, Ján Giňa, Margita Gašparová, Ondrej Redai, Štefan Mandžár, Viera Kalejová, Helena Demeterová, Rudolf Balá, Jozef Belan, L'udovít Benčič, Štefan Biháry, Štefan Biháry ml., Ján Binder, Viera Čajkovská, Ladislav Danihel, Verona Ferčáková, Eva Lakatošová, Oľga Vronská, Štefan Figura, Zita Furková, Ľudovít Greššo, Helena Húsková, Jozef Kroner, Zuzana Kronerová, Žofia Martišová, Božena Slabejová, Dano Živojnovič, Zuzana Kronerová, Ľudovít Greššo, Božena Slabejová, Jozef Kroner, Žofia Martišová, Štefan Figura, Dano Živojnovič, Ivan Rajniak, Zita Furková, Helena Húsková, Juraj Kukura, Irena Pašková, Katarína Binderová, Ľudovít Reiter, Magda Paveleková;False;;;12+;tt0167382;;False;False;/file/73437/skt-ruzove-sny-1976-sk-720p.html/;/ruzove-sny-1976-sk-1080p/662b573c6b36e;;
5936;Hotel pro cizince;0;;m;1966;74.333333333333;103.0;f9z0vsv811mp1z4s28e1.jpeg;5936-hotel-pro-cizince;Československo;komedie / drama / černá komedie;Hotel pro cizince;"POZOR SPOILER

Do hotelu Svět přijíždí mladík Petr Hudec. Tvrdí o sobě, že je básník. Je sledován personálem, kterého je zde více než hostů. Petr hledá nějakou Veroniku. Jednou mu recepční sdělí, že se musí přestěhovat do jiného pokoje. Petr se začíná blíže stýkat se starší paní, madam Rosickou, ke které konečně přijíždí ona vytoužená Veronika. Ta pak Petrovi sdělí, že jej již nemiluje. A mezi muchlováním s pikolíkem mu pak říká pravý opak. Petr zabrání možné vraždě a stále myslí na svou lásku. Aby ji získal, snaží se spřátelit s lidmi okolo. Dokonce stojí jako figurant vrhači nožů. Pak nalezne Veroniku ve svém pokoji, ale vyruší je nový host, totiž Otomar - nevlastní bratr Veroniky. Zlé jazyky hovoří, že spolu spí. Na výletě po jezírku se kuchař Hynek ukáže jako gay a na Petra se vrhne. Pak jej chce uškrtit, ale neudělá to. Číšník přináší Veronice náhrdelník - totiž živou užovku, za což obdrží od Petra políček. Nakonec se všichni sejdou ke společnému posezení, kde jim Veronika zazpívá. Petr je pak nalezen mrtev…";;24.03.1967;;;;Antonín Máša;Petr Čepek, Taťána Fischerová, Marta Krásová, Vladimír Šmeral, Josef Somr, Jiří Hrzán, Jiří Pleskot, Jiřina Jirásková, Ladislav Mrkvička, Jiří Kodet, Jiří Menzel, Jan Libíček, Waldemar Matuška, Evald Schorm, Evelyna Steimarová, Václav Kotva, Štěpánka Řeháková, František Husák, Bohumil Koška, Petr Kopřiva, Irena Šubrtová, Ladislav Dražan, Jan Kačer, Jan Kačer;False;;;;tt0133012;hotel-pro-cizince;True;False;;/hotel-pro-cizince-1966-czdab/aa4129486ea3bf22;;
7882;Kouzelné dobrodružství;0;;m;1982;75.454545454545;101.0;qku9wngs4se14s2yavt5.jpeg;7882-kouzelne-dobrodruzstvi;Československo;drama / historický / romantický / poetický / evropská tvorba;;"Děj snímku se odehrává v předvečer I. světové války. V českém provinčním městečku začíná i končí příběh o přátelství Františka a Gustava a jejich společné lásky Yvonny. Tato trojice prožívá ""kouzelné dobrodružství"" svého mládí, aby s přibývajícími léty zažila zklamání a vystřízlivění z někdejších romantických snů a představ. Život je rozdělí a každý jde svou cestou…

Autor/Zdroj: /Popis";;01.02.1983;;;;Antonín Kachlík;David Prachař, Ivan Gogál, Julie Jurištová, Ondřej Pavelka, Jan Fišar, Zdeněk Řehoř, Alexej Gsöllhofer, Valerie Zawadská, Frank Towen, Kateřina Lojdová, Milan Riehs, Jaroslava Tichá, Valerie Kaplanová, Renata Benátčanová, Karel Šebesta, Zuzana Šímová, Jan Kuželka, Libuše Matějová, Jiřina Zemanová, Miroslav Mokošín, Mirko Musil, Vladimír Švabík, Jana Robenková, Petr Svárovský, Raoul Schránil, Josef Střecha, Miloš Vavruška, Kateřina Lojdová, Jiří Bukvaj, Zdeněk Blažek, Jana Davídková, František Kubíček, Martin Krb, Jiří Kratina, Petra Matulová, Petr Mikulášek, Veronika Valentová, Rafael Pražák, Lubomír Růžička, Pavel Rubeš, Jindra Šubrová, Ela Šilarová, Josef A. Stehlík, Vladimír Pospíšil, Věra Kafuňková, Otto Lackovič;False;;;;tt0171450;;True;False;;;;
39836;Chvíle pro píseň trubky;0;;m;1980;75.454545454545;60.0;na2bvee5rpkx5o18clgd.jpeg;39836-chvile-pro-pisen-trubky;Československo;drama;Chvíle pro píseň trubky;"Dojemný a hluboce lidský příběh o Vítkovi a Katce, kterým vlivem nemoci nezadržitelně slábne zrak.

Hlavní postavou filmu je chlapec Vítek, kterému se jednoho dne, když byl na procházce dívat se u řeky na rybáře, rozostřil zrak a  přestal jasně vidět. Návštěva u lékaře pak byla pro Vítka a jeho rodiče zdrcující - Vítek pomalu přichází o zrak a nejde s tím nic dělat.

Rodina se učí sžívat s Vítkovým postižením, nikdo z nich to nemá lehké. Vítek odchází do internátní školy, konzervatoře pro nevidomé a slabozraké v Praze, bude se učit hře na trubku. Ve škole se potkává s Katkou, hezkou plachou dívkou, která má také nelehký osud v podobě zrakového postižení. Dívka se s Vítkem seznámí a navazují přátelství.

Do Katky se zamiluje mladík, který jako učeň pomáhá opravovat kostel, do kterého chodí Katka zpívat s dívčím sborem. Chlapec dívku osloví a naváže s ní vztah, který ale nelze nazvat z jeho strany láskou, neboť se nedokáže zbavit předsudků, že si namluvil postiženou dívku a myslí si, že se na něj ostatní ""normální"" lidé dívají skrz prsty. Dokonce se za Katku stydí, když je na společné procházce potká parta výrostků, kteří si Katku dobírají. Katka se však do učně zamiluje a chodí za ním do kostela, on se však nechá mistrem zapírat.

Katka smutná odchází a na internátě volá telefonem Vítka a ten ji pro povzbuzení hraje na trubku skladbu, kterou sám složil.

Snaha o divákovu sounáležitost s druhým člověkem, snaha o pochopení, jak se cítí a co prožívají postižení chlapci a dívky v nejzranitelnějším údobí svých životů je silnou stránkou tohoto  trochu smutného filmu. Závěr filmu přináší divákovi i Katce a Vítkovi naději, naději, že zase bude líp, neboť přátelství a láska je cit, který překoná všechny svízele a bolesti - všichni jsme lidské bytosti - ať už vidíme jasně a zřetelně, či slabě, ať už máme tělo jako Apolón, či nám  něco chybí k dokonalosti a ideálu. Všichni toužíme po štěstí...";;;;;;Ludvík Ráža;Gustav Bubník, Lenka Pichlíková, Vladislav Beneš, Ota Sklenčka, Jana Hlaváčová, Jitka Suchanová, Libuše Havelková, Zdeněk Buchvaldek, Vadim Petrov, František Vicena, František Hanus, Ondřej Havelka, Martin Miláček, Tomáš Vacek, Ilona Svobodová, Miriam Brochová, Eva Hrušková, Dana Bartůňková, Marie Horáková, Luboš Bíža, Vladimír Dlouhý, Roman Skamene, Miloslav Homola, Dáša Deylová, Marie Kautská;False;;;0+;tt2642124;;True;False;;;;
4884;Erotikon;0;;m;1929;74.146341463415;85.0;kwtkan3j42j2mn460ify.jpeg;4884-erotikon;Československo;psychologický / drama / romantický / evropská tvorba;Erotikon;"POZOR SPOILER

Na nádraží přichází cizinec. Starý zaměstnanec mu sděluje, že již žádný vlak nejede. Cizinec by si rád odpočinul, a tak jej starý vezme k sobě. Zde mu ukáže fotku své dcery na zdi. A když cizinec vytáhne lahev dobrého pití a cigarety, začne jej dokonce přemlouvat ku přespání zde. Přijde sem i jeho dcera Andrea. Ta padne mladému muži ihned od oka a obráceně. Starý nádražák ponechává ty dva samotné a odchází do služby.  

Stane se, co se stát muselo. A cizinec odjíždí.  

Doba uběhla, on má již jinou milenku, vdanou paničku, když mu přichází list od Andrey. Tam jest sděleno, že je v očekávání. Otci říci nelze.  

Cizinec je jen čirou náhodou u krejčího, kde nalézá se též tou dobou manžel jeho současné milenky. Spatří u jeho kabátu její fotografii a krejčí mu sdělí, co je zač. Zhrzený manžel vyhledá svou ženu v salonu krásy a sdělí jí své podezření. Ta vyhrožuje rozvodem a on se jí omluví.   

Otec Andrey hraje v karty, když je mu sděleno, že jeho dcera jest samodruhá. On tomu nevěří a bije se pro její čest. Andrea však již porodila. Leč dítě se narodilo mrtvé.  

Cizinec posílá nějaké peníze, aniž ví, co a jak. Andrea se motá světem sem a tam, a ony peníze obdrží její otec, který je z toho všeho zoufalý.  

Jeho dceru naloží kočí a po chvíli jízdy chce, aby mu byla po vůli. Andrea se brání, ale bylo by to zle mělo dopadnouti, kdyby nejel kolem muž automobilem a nezasáhl. Dochází mezi oběma k pranici, ve které sice zachránce zvítězí, ale jest těžce raněn nožem kočího. V nemocnici, kam z posledních sil i s Andreou dojeli, musí ihned podstoupit velmi těžkou operaci. Ale není dárce krve, a tak se Andrea sama nabídne. Jest rychle proveden test a krev se hodí. Muž je zachráněn.  

Později se ti dva vezmou a již jako manželé jdou koupit klavír, kde je náhodou i onen cizinec. Jistě že se s Andreou poznají, ale nedají na sobě ničehož znáti. Cizinec nabídne Andreinu muži klavír, který zkoušel, a tím se stanou přáteli. A Andrea jde za cizincem do jeho bytu. Zde jej žádá, aby odmítl pozvání jejího manžela. On to uznává, ale zároveň tvrdí, že ji stále miluje. Pak jdou si zatančiti všichni tři na veřejnost, kde je vidí ona milenka cizincova. A že jí to žere nervy, je nad slunce jasné. Nemůže však ničehož činiti, alespoň tedy spílá svému manželovi, který s ní zde též je. Pak večer hledá klíče, aby je vrátila nevěrnému milenci, ale tento klíč má její manžel.  

Ti tři jsou opět spolu tentokrát na výletě a zde již začíná Andrein manžel nabírati podezření. Večer po šachové partii sděluje cizinci, že s manželkou druhý den odjíždějí na jih. Je to prý přání Andrey. Ta ihned po cizincově odchodu vyčte svému muži komedii a je vůbec dosti naštvaná. Stejně jako cizincova milenka, která je opět u něj. Andrea chce se k němu též nastěhovati, ale když mu volá, béře telefon právě ona milenka. Andrea zanechává dopis pro svého muže a odchází z domu za cizincem. Milenky se již zbavil, Andrea přichází místo ní. A také sem přichází manžel milenky, maje klíče od dveří. Na řadu přichází střelná zbraň. To už však Andrea neví, neb utekla a vrací se ke svému muži. Ještě stihla zadržeti i onen dopis.";;27.02.1929;;;;Gustav Machatý;Ita Rina, Olaf Fjord, Theodor Pištěk, Charlotte Susa, Luigi Serventi, Ladislav H. Struna, Milka Balek-Brodská, Beda Saxl, Vladimír Slavínský, Bronislava Livia, Jiří Hron, Willy Rösner, Bohumil Kovář, Václav Žichovský, Karel Schleichert, Josef Bunzl, Eva Svobodová, Běla Tringlerová, Emanuel Trojan;False;;;0+;tt0019850;;False;False;;/erotikon-1929-cztitulky/632b775cf1ed8;;
12692;Pěsti ve tmě;0;;m;1986;73.783783783784;98.0;24z8kby728dwptn9b6gp.jpeg;12692-pesti-ve-tme;Československo;drama / historický / sportovní / evropská tvorba;Pěsti ve tmě;"Píše se rok 1936. Mladý český boxerský šampión Vilda Jakub (M. Vašut) kvůli nepochopitelnému zásahu svého trenéra Krakowského (J. Vinklář) prohraje v Berlíně zápas s německým mistrem Kurtem Schallerem (J. Nedorost). Světový tisk zpochybní výsledek souboje a Němci, kteří potřebují získat prestiž pro nastupující nacistický stát, jsou nuceni nastoupit k novému zápasu v Praze. Snaží se Jakuba zastrašit i podplatit, využívají dokonce Schallerovu přítelkyni, filmovou hvězdu Emu Gabrielovou (E. Balzerová), aby Vildu odradila od vítězství. Vilda však jde tvrdě za svým cílem uhájit národní a sportovní čest. Důsledky ovšem nedokáže domyslet…

Zdroj: ČT";;01.03.1987;box, rok 1936, KVIFF.TV;;;Jaroslav Soukup;Marek Vašut, Josef Nedorost, Eliška Balzerová, Ferdinand Krůta, Josef Vinklář, Pavel Nový, Jana Krausová, Evelyna Steimarová, Čestmír Řanda, Robert Vrchota, Karel Heřmánek, Władysław Kowalski, Oldřich Slavík, Josef Štefl, Jiří Tomek, František Kovár, Jiří Samek, Zdeněk Ornest, Oldřich Janovský, Antonín Molčík, Jiří Klem, Alfred Strejček, Rostislav Osička, Ladislav Lahoda, Stanislav Šimek, Gaston Šubert, Zdeněk Podhůrský, Jaroslav Pešice, Václav Svoboda, Jiří Novotný, Jerzy Bończak, Zdeněk Mahdal, Jaroslava Pokorná, Lena Birková, Ivo Niederle, Jan Tesarz, Josef Patočka, Ludvík Wolf, Václav Neužil, Milan Pěkný, Jan Gariš, Gerhard Sgalitzer, Jan Kolomazník, Ondřej Havelka, Jitka Nováková, Jan Schánilec, František Němec, Eduard Pavlíček, Jan Polívka, Jan Novotný, Jaroslav Vokřál, Tomáš Sedláček, Igor Smržík, Zbyněk Krákora, Milan Duchek, Jaroslav Tomsa, Miloš Vávra, Václav Burkert, Karel Hovorka, Jiří Kasík, Jaroslav Luks, Tomáš Tintěra, Miloš Schmiedberger, Mojmír Miler, Zdeněk Barták, Jiří Matolín, František Němec;False;;;;tt0091751;pesti-ve-tme;True;False;/file/33236/pesti-ve-tme-1986-drama-1080p.html/;/pesti-ve-tme-cssr-1986-czab/0a4edd5867678439;;
6830;Jestřáb kontra Hrdlička;0;;m;1953;74.042553191489;100.0;u93kfroc1lwtiqq27d2q.jpeg;6830-jestrab-kontra-hrdlicka;Československo;drama;;"POZOR SPOILER

Rodina Hrdličkových bydlí na zámku Supov. Starý pán, inspektor v.v., je tam vcelku spokojen, stejně jako jeho dcera Jula, která má zde známost se zahradníkem. Ale paní Hrdličková a dcera Irena touží po velkém světě. Toto se jim vyplní, když majitel Supova zemře a oni se ocitají v Praze. Jenže tu je třeba peněz. Hlavně na plesy, zábavy a různé parádičky. A tak otec Hrdlička, hledaje si i místo, navštíví pana Jestřába. To je lichvář. Ten půjčí rád, tedy poprvé. Pak již váhá, protože slibované místo pan Hrdlička stále nemá a prý je v nedohlednu. Ale půjčí znova. To se dozví Hrdličkova paní, která ráda používá přídomek „z Podvalských“. Je z toho na mrtvici. Jestřáb ocitá se u nich doma, kde poprvé spatří Julu. Jen čirou náhodou se Hrdlička otec setkává u sebe doma překvapivě s mužem, který si říká Romanov. Ten projevuje zájem o jeho dceru. Otec se snaží o odklad platby, ale bez úspěchu. Takže je zde hrozba exekuce a Julie se tedy odhodlává působiti jako vychovatelka Jestřábova syna.  Ten ji pak také odváží na Supov. Zde se o ni pokusí, ale vidí to zahradník a vlítne na něj. Julie prchá a doma je jí za to spíláno. Inspektor v.v. musí přijmout fakt, že byl podveden. Když zdrcen odchází, potkává se s policajtem a Jestřábem, který proti němu vymohl kapesní zájem. Naprosto zdrcen odchází do hotelu, kde je později nalezen mrtev. Julie šije, čímž živí rodinu, ale namyšlená Irena to odmítá, protože opět potkala Romanova. Její důvěra v něj je nekonečná. Zahradník a Jestřáb na sebe opět narážejí u jiného zaměstnavatele, ale Jestřábova kamarádíčka…";;27.11.1953;;;;Vladimír Borský;František Smolík, Jaroslav Marvan, Vlasta Fabianová, Taťána Vavřincová, Vlasta Fialová, Jan Pivec, František Kreuzmann, Josef Bek, Jiří Steimar, Eva Klenová, Zdeněk Kryzánek, Vladimír Jedenáctík, Gabriela Bártlová-Buddeusová, Anna Melíšková, Vladimír Hlavatý, Stanislav Remunda, Zdeněk Řehoř, Jiřina Šejbalová, Josef Bělský, Oldřich Musil, Světla Svozilová, Karel Hovorka, Gabriel Hart, Milada Gampeová, Emil Dlesk, Antonín Soukup, Fanda Mrázek, Josef Příhoda, Vladimír Řepa, Bohumil Machník, Stanislav Langer, Anna Pitašová, Alois Dvorský, Manon Chafour, Bedřich Füsseger, Věra Váchová, Antonín Vilský, Ladislav Mandík, Manon Chafour, Bedřich Füsseger;False;;;;tt0996431;;True;False;;/jestrab-kontra-hrdlicka-1953-czdab/bc2c3fbb0b0a633d;;
46355;Kateřina zlé pověsti;0;;m;1976;74.4;80.0;pfovpterqpxlqb2xuuq3.jpeg;46355-katerina-zle-povesti;Československo;komedie / historický;Kateřina zlé pověsti;"POZOR SPOILER!

Majitelka hospody Kateřina je obletována muži. Hlavně místním bakalářem. Ona však dává přednost - a také pospává - s purkmistrem Šimonem Měšečníkem. Zve jej také na oslavu svých jmenin, on se však vymlouvá. Bakalář Kateřině spílá a tak vznikne v hospodě chaos. Rychtář zasáhnout nemůže, protože je nemocen. Kateřinu obtěžuje také kožešník Sukovský. Ten se stane rychtářem a Šimon jej hned posílá na Kateřinu. Za tou přichází Šimonův syn Chrysostom. A když je tam, přichází rychtář na kontrolu poctivého spaní. Ovšem Kateřina není dnešní a samozřejmě z toho vyjde bez poskvrnky. Rychtář sice Chrysostoma objeví, ale nevidí mu do tváře. Až v hospodě jej nachytá, ale pak se dozví, čí je to syn. Šimon se vrací zpět a ihned chce zprávy, co se to dělo. Jde za Kateřinou, když sem přichází i rychtář. A toho Kateřina opije a v tomto stavu je zde také nalezen. Poté je zbaven funkce a Šimon může být spojen. Ale není, protože rychtář stačil ledacos říci…";;;;;;František Filip;Alena Vránová, Vladimír Menšík, Čestmír Řanda, Petr Štěpánek, Josef Vinklář, Marie Motlová, Luděk Kopřiva, Bohumil Bezouška, Štěpán Bulejko, Josef Beyvl, Otakar Brousek, Václav Kotva, Antonín Jedlička, Milan Neděla, Karel Hovorka, Jan Filip, Marcel Vašinka, Kateřina Besserová;False;;;;tt6602112;;True;False;;/katerina-zle-povesti-1976-576p-web-h264-cz-clmb/656d784e93f71;;
125412;Zuzanka Hraškovie;0;;m;1991;80.0;70.0;ejr16kp17a0604x4sawm.jpeg;125412-zuzanka-hraskovie;Československo;drama;Zuzanka Hraškovie;"Po předčasné smrti maminky Zuzanky si její otec brzy přivedl do stavení ženu s chlapcem. Myslel si, že se všichni dají dohromady. Ale mezi macechou a Zuzankou docházelo ke sporům, a došlo až k útěku z domova. Uklouzla a spadla do potoka. Večer ji jde hledat celá vesnice. 

<a href=""https://www.fdb.cz/osobnost/491000-monika-chrastinova"">Monika Chrastinová</a> v roli Zuzanky předvedla vynikající herecký výkon, a snad i jediný...";;01.01.1991;;;;František Chmiel;Monika Chrastinová, Ivan Rajniak, Jozef Petráš, Ivan Romančík, Iveta Kožková, Vladimír Obšil, Yveta Weiszová, Žofia Martišová, Eliška Nosáľová, Anton Šulík, Tomáš Žilinčík, Helena Rossáková-Sudická, Michal Gazdík, Marica Bálintová, Margita Mazalová, Anton Januš, Ivan Giač, Jozef Kramár, Štefan Mišovic;False;;;7+;tt3599190;zuzanka-hraskovie;False;False;/file/15134/zuzanka-hraskovie-1991-sk.html/;/zuzanka-hraskovie-1991-skdab/60775d48b00e4;;
72212;Tiene v raji;0;;m;1987;80.0;184.0;i7jyxcgj96gr5yt6407g.jpeg;72212-tiene-v-raji;Československo;drama;Stíny v ráji;;;;;;;František Chmiel;Michal Dočolomanský, Zdena Studenková, Ladislav Chudík, Július Pántik, Eva Kristínová, František Dibarbora, Jozef Adamovič, Leopold Haverl, Teodor Piovarči, Ivan Romančík, František Zvarík, Juraj Ďurdiak, Ján Venéni, Daniel Králik, Ivan Laca, Jozef Dóczy, Ľubomír Gregor, Marta Bieliková-Černická, Emília Došeková, František Desset, Juraj Slezáček, Peter Rúfus;False;;;;;;False;False;;;;
69359;Smrtící vůně;0;;m;1969;80.0;9.0;9lyibgi860r2g52kwyz1.jpeg;69359-smrtici-vune;Československo;thriller / parodie / kreslený;Smrtiaca vôňa / The Killing Fragrance;"Výtvarník Vladimír Kladiva natočil v roce 1969 s režisérem Václavem Bedřichem parodii na krejcarové horrory Smrtící vůně. Vycházel ze stylu italského výtvarníka Gianfilippa Uselliniho a citlivě spojil parodii literárního žánru s parafrází výtvarného rukopisu. Smrtící vůně je příběh mladé dvojice, které zlotřilý vědec se svými pomocníky klade různé nástrahy. Mladí lidé jej však svou vynalézavostí přelstí, a tak se zachrání před hrozným osudem.

Zdroj: ČT";;;;;;Václav Bedřich;;False;;;0+;tt0266974;;False;False;;;;
116500;Nápady čtenáře detektivek;0;;m;1966;80.0;26.0;https://prod-fdb-storage.fra1.cdn.digitaloceanspaces.com/placeholders/General.png;116500-napady-ctenare-detektivek;Československo;parodie;The Ideas of a Detective-Story Reader;"Jednoho sychravého dne navštíví zámek, patřící šlechtické rodině, lékař. Komorník James ho přivede do knihovny, která skrývá největší bohatství rodiny – obsáhlou sbírku detektivek. Se sirem Arturem si však návštěvník nepopovídá... Krátký film, kde členové rodiny - oběti zločinců - jsou představováni figurínami. 

Zdroj: Československá filmová společnost";;;;;;Václav Táborský;Zdeněk Procházka, Jiří Bruder, František Husák, Josef Somr;False;;;;;;True;False;;;;
90398;Lucrezia Borgia;0;;m;1974;80.0;83.0;m5gvtx1del6q7wc6e0sa.jpeg;90398-lucrezia-borgia;Československo;adaptace;;Televízna inscenácia románu francúzskeho spisovateľa V.Huga. Príbeh je o pápežovej dcére Lucrezii Borgia, ktorá bola známa svojou krutosťou a intrigami, ale aj nemravným spôsobom života. V Hugovom spracovaní Lucrezia po spáchaní mnohých zločinov sa snaží zachrániť mladého kapitána Gennara, no iba ona vie o tom, že je to jej syn. Zobrazenie konfliktu materinskej lásky s dvorskými intrigami, v ktorom cit materinskej lásky rehabilituje aj morálne zvrhlú a krutú hlavnú hrdinku. Príbeh sa končí tragicky.;;;;;;Pavol Haspra;Eva Kristínová, Gustáv Valach, Michal Dočolomanský, Vladimír Durdík, Dušan Jamrich, František Kovár, Ľubo Roman, Ján Venéni, Anton Korenči, Juraj Slezáček, Slávo Záhradník;False;;;;;;False;False;;/lucrezia-borgia-1974-sk-tvrip-hevc-720p/7b3ba1cdb8cec2ad;;
78402;Hadí princ;0;;m;1983;80.0;18.0;q2m2gq96y688llejge8z.jpeg;78402-hadi-princ;Československo;animovaný / fantasy / pohádka / rodinný / loutkový / evropská tvorba;The Snake Prince;Pohádka o princi, jenž si měl najít nevěstu. Všemi obrázky nápadnic ovšem opovrhl. Jedna z nich, čarodějnice, se rozhodla pomstít a proměnila ho v hada. Toho našla mladá komediantka. Se svým otcem jej vzali k sobě a pečovali o něj s láskou. Nebyli ovšem moc dobří komedianti, a proto se jim princ v hadí podobě rozhodl pomoci.;;01.01.1983;rodina, animované sekvence;;;Zdeněk Vinš;;False;;;0+;tt1446074;;False;False;;/hadi-princ-1973-sk-tvrip/627818f3ebcc6;;
69110;Do lesíčka na čekanou;0;;m;1966;80.0;10.0;o3nplx7nlue2xe4o43xn.jpeg;69110-do-lesicka-na-cekanou;Československo;animovaný / Ilustrace písně;Do lesíčka na čekanou;"Mladý myslivec jde na čekanou do lesa, je úplněk, měsíční zář jen občas utlumí mraky plující tmou po noční obloze. A tak se stane, že dívka která myslivce miluje, pospíchá neohlášená za ním do lesa, nemůže se dočkat, až svého milého políbí a obejme. Dívka přichází na okraj paseky, kde myslivec čeká na posedu, aby skolil jednou ranou laň... 

 Stane se to, co se nikdy nemělo stát - dívka vstoupí na paseku právě v tu chvíli, kdy ...

Nevšední zpracování tohoto tématu.Velice zajímavá animace, příběh je vyprávěn formou písně (staré myslivecké písně o myslivci, který šel na čekanou).";;;;;;Jiří Brdečka;Kühnův dětský sbor, Jiří Janoušek;False;;;;;;True;False;;;;
20507;Slnko v sieti;0;;m;1962;74.193548387097;90.0;lxedsu8hyjurh4nf9agy.jpeg;20507-slnko-v-sieti;Československo;drama / lyrický / evropská tvorba;"The Sun in Net; Slunce v síti;";"„Bylo mi 12 nebo 13 let, když jsem ten film viděl na naší malé černobílé tévé. Kromě jednoho záběru si z toho nic nepamatuju. Vím jen, že tenkrát mi zážitek z toho filmu nedal dlouho spát. Muselo v tom být něco pro mě zcela nového, nečekaného. Těším se na projekci.“ Miroslav Janek. Není vůbec divu, protože dospívající a dojemně bezradná Bela stejně jako Fajolo, procházející epochou mladické rozháranosti, zasáhli svou autenticitou na začátku 60. let každého diváka. Z plátna poprvé zazněl hovorový jazyk promísený specifickým výrazivem tehdejší mladé generace, představitelé obou hrdinů nebyli o deset i více let starší, jak bylo doposud zvykem, a měli neokoukané tváře. To vše ještě umocnilo pocit diváků, že je možné identifikovat se s postavami, po čemž dlouho a marně hladověli. Zhruba ve stejné době vzniklo na Barrandově několik děl obdobných novátorských kvalit, ale Slovák Štefan Uher byl jediný, kdo vystihl senzitivitu mladé generace.

Zdena Škapová
MFF Karlovy Vary 2016";;15.02.1963;;;;Štefan Uher;Marián Bielik, Jana Beláková, Oľga Šalagová, Eliška Nosáľová, Ľubo Roman, Pavol Chrobák, Adam Jančo, Andrej Vandík, Peter Lobotka, Vladimír Malina, Emília Rusková, Anton Galba, Vincent Krajčík, Ján Žitan, Andrej Vandlík, Zuzana Rusková, Michal Dočolomanský, Viliam Polónyi, Alfonz Gajdoš;False;;;12+;tt0176155;slnko-v-sieti;False;False;/file/42455/slnko-v-sieti-1962-sk-tvrip.html/;/slnko-v-sieti-1962-skdab/65c2d36fa9188;;
121722;Vlněná pohádka;0;;m;1964;76.666666666667;10.0;03maczbriy94hs8znt04.jpeg;121722-vlnena-pohadka;Československo;animovaný / pohádka / loutkový;Vlněná pohádka;"Nad pouští svítí žhavé slunce. Spaluje všechno živé. Pouští putuje vlněný panáček. Snaží se sluníčko zastínit, ale marně. Z klubíčka bílé vlny udělá malý obláček a pošle jej ke slunci. Na chvilku má stín, pak obláček spadne na zem v podobě malého bílého beránka. Tak putují pouští dva. Potkají lva, který se na beránka vrhne a sežere jej. Panáček je smutný a snaží se beránka zachránit. Nakonec se mu to podaří – vysouká beránka ze lví tlamy. Rozmrzelý a hladový lev zmizí v poušti. Beránek je unavený a hladový. Jako fata morganu vidí pole zeleného jetele. Panáček se nad ním smiluje a udělá mu několik zelených rostlin z vlny. Než se může beránek napást, přežene se nad pouští písečná bouře. Zacloní slunce, zasype jetel a pokryje vrstvou písku dva poutníky. Když se konečně přežene a vyhrabou se z písku, beránek velmi trpí žízní. Panáček udělá z vlny nádobu, naplní ji vodou a beránek uhasí svou žízeň. Poušť pomalu přechází do vyprahlých skal. Mezi nimi na ně číhá lev. Tentokrát si však ví panáček rady – chytí lva, rozpáře jej a vlnu namotá na klubíčko. Panáček je unavený a padá zcela vyčerpán mezi kameny. Beránkovi se podaří vyždímat z obláčku několik kapek vody, které panáčka přivedou k vědomí a osvěží je natolik, že mohou pokračovat v cestě. Šplhají po skalách, až konečně spatří moře. Panáček nasedne na plachetnici a vydá se na cestu po moři. Z nebe jej pozdravuje malý obláček – beránek.

[Mu] Filmový přehled. 1964 [14. prosinec], č. 50, nestránkováno.";;;;;;Hermína Týrlová;;False;;;0+;;;False;False;;/vlnena-pohadka-bydejv-mp4/e0090abf61e0ec20;;
62416;Šťastlivec Sulla;0;;m;1992;76.666666666667;76.0;owg15hhrd7o9ufiwluww.jpeg;62416-stastlivec-sulla;Československo;drama / historický;Šťastlivec Sulla;Římská republika trvá už několik století. Na počátku 80.let př.n.l. se schyluje k občanské válce mezi populáry, v jejichž čele stojí Gaius Marius, a aristokratickými optimáty, vedenými Luciem Corneliem Sullou. Gaius Marius, sedmkrát zvolený konzulem, uskutečnil zejména v armádě prospěšné změny. I některé první zákony prosazované jeho stranou byla demokratické. Později se spojil s demagogy a jeho úsilí se zvrhlo. Byl to naopak Sulla, který si přál upevnit moc senátu jako záruku pořádku a římských ctností. V peripetiích občanské války si několikrát Sulla a Marius vyměnili moc nad Římem. Marius zemřel a Sulla po třech letech krvavé diktatury odstoupil.;;;;;;Pavel Háša;Václav Postránecký, Radoslav Brzobohatý, Petr Čepek, Radovan Lukavský, Ondřej Vetchý, Jana Brejchová, Svatopluk Skopal, Otakar Brousek, Ladislav Županič, Vladimír Ráž, Jaroslav Kepka, Vlastimil Zavřel, Otakar Brousek, Zdeněk Žák, Jaroslav Satoranský, Gabriela Vránová, Petr Štěpánek, Jiří Ornest, Ladislav Trojan, Martin Zounar, Ladislav Frej, Helena Friedrichová, Marcela Peňázová, Jiří Wohanka;False;;;;;;True;False;;/stastlivec-sulla-cst-1991/4f25c7a0b8b94273;;
6112;Studie jednoho strachu;0;;m;1967;76.666666666667;46.0;gus7ud1gnsdvsl7a978k.jpeg;6112-studie-jednoho-strachu;Československo;psychologický / drama;Studie jednoho strachu;"Irena (I. Kačírková) má všechno, co by si mohla od života přát – je krásná, mladá, bohatá, její manžel (J. Adamíra), advokát, má dobré postavení, zkrátka spokojená rodina s jedním dítětem – zdálo by se – šťastný osud. Ale život se hrdince promění v peklo. Stačila k tomu jedna malá nevěra, okouzlení mladým skladatelem (V. Brabec), nebo možná obyčejná touha líbit se. Irenu začne pronásledovat žena (J. Adamová), která o sobě tvrdí, že je bývalou skladatelovou milenkou, kterou zrádně opustil, a požaduje neustále se stupňující částky. Je stále složitější utajit výdaje před manželem. Největší překvapení však na hrdinku čeká až v závěru…

Zdroj: Česká televize";;;podle knižní předlohy;;;Eva Sadková;Irena Kačírková, Jiří Adamíra, Vladimír Brabec, Jaroslava Adamová, Věra Koktová, Renata Bauerová, Vladimír Zátka, Milan Mach;False;;;;;;True;False;;/studie-jednoho-strachu-1967-czdab/614245bf92455;;
94944;Ružová Anička;0;;m;1991;76.666666666667;54.0;mgg595quchhczptfhjut.jpeg;94944-ruzova-anicka;Československo;pohádka / rodinný;Ružová Anička;"Televízna rozprávka na motívy Pavla Dobšinského o súrodeneckej láske. Príbeh dievčiny, ktorá keď plakala, tiekli jej perly, keď sa smiala, od úst jej ruže padali. Príbeh sa vyznačuje ľudskou túžbou po šťastí, spravodlivosti a láske. Anička to so svojou macochou nemala ""na ružiach ustlané."" Závidela jej krásu, a keď sa zapáčila hradnému pánovi, rozhodla sa, že jej skríži plány...";;;;;;Ján Chlebík;Zuzana Kapráliková, Diana Mórová, Ida Rapaičová, Maroš Kramár, Leopold Haverl, Ľubomír Paulovič, Ivan Gogál, Ivan Romančík, Peter Koza, Peter Taraba;False;;;;;;False;False;;/ruzova-anicka-1991-skdab/62030ddc8c3b5;;
55504;Ohňostroj v Aspern;0;;m;1987;76.666666666667;80.0;es3i5bq9jl9lj0wg5r0m.jpeg;55504-ohnostroj-v-aspern;Československo;drama;Ohňostroj v Aspern;Krásná, stárnoucí francouzská vévodkyně Sofie, vdova po rakouském šlechtici, žije ve Vídni. V hektické atmosféře konce 19. století cítí velmi přesně blížící se zánik starého aristokratického světa. Indický jasnovidec usměrní svými věštbami její plán. Vévodkyně koupí na vídeňském předměstí Aspern osamělou vilu a s velkou pompou ji hodlá přeměnit na jakýsi tajemný hotel...[TV Česká televize];;;;;;Pavel Háša;Květa Fialová, Svatopluk Beneš, Petr Čepek, Jiří Kodet, Alena Kreuzmannová, Jan Skopeček, Milan Riehs, Zdeněk Ornest, Blanka Vikusová, Josef Vinklář, Radan Rusev, Marcel Vašinka, Miloš Rozhoň, David Prachař, Luděk Nešleha, Václav Kotva, Otakar Lanc, Miroslav Šnajdr;False;;;;;;False;False;;;;
8645;Lidé z maringotek;0;;m;1966;73.79746835443;87.0;24uczikvi52gm2n5ay7x.jpeg;8645-lide-z-maringotek;Československo;drama / evropská tvorba;Lidé z maringotek;"POZOR SPOILER 

Klaun vystupuje s ředitelem v manéži a oznamují další číslo – krasojezdkyni jménem Nina Gruzia. Ta rozhazuje kytky a z jedna z nich končí u mladého akrobata zvaného Vincek Bonžůr. Ten ji miluje, ale tatík lásce nepřeje. Je to pravý Lotyš, prchlivý a silný. Románek má drobná pokračování, až do doby, než ředitel cirkusu Vinckovi oznámí, že u nich končí. Musí na vojnu. 

Po ní se Vincek vrací a hledá svůj cirkus. Místo něj narazí na zápasníka Čongra. V jeho ringu se mu mladík zalíbí, a tak mu navrhuje spolupráci. Ještě přiberou místního siláka, kotláře Vaňátka, který sice Čongra přepral, ale nenechal se prohlásit vítězem. Putují tedy spolu a kotlář chce konečně nějakou svoji gáži. Nedostává ji, tak ukradne Čongrův zlatý pohár. Ráno není po Čongrovi ani slechu ani vidu. Utekl a nechal Vincka s kotlářem být. Ti chtějí za pohár peníze, ale zjišťují, že pohár nemá prakticky žádnou hodnotu. Vincek nalézá svůj cirkus, ale Ninu v něm již ne. Odtáhla prý někam na východ. Vincek pak putuje dále sám, až potká cvičitele psů Reimanna. Přidává se k němu, ale jakmile zaslechne, že jej chce tahat na opačnou stranu, než je Nina, prchá. Nyní pátrá po cirkusu Kuzněckij. Přidává se k provazochodcům a s těmi cirkus najde. Lotyš není Vinckem vůbec nadšen, Nina si má brát bohatého dědka. I ona se po prvním shledání Vinckovi svěří, že s toho bohatce chce. Jen protože jí zajití budoucnost svými penězi. Vincek se tedy definitivně vrací ke svému cirkusu. A jednoho dne se sem vrací i Nina. Vincek je z toho nadšený a nechápe, že si z něj dělá sluhu. Do toho onemocní starý klaun, kterému tady říkají táto…";;23.12.1966;podle knižní předlohy;;;Martin Frič;Jozef Kroner, Jan Tříska, Emília Vášáryová, Martin Růžek, Dana Medřická, Čestmír Řanda, Ilja Prachař, Jarmila Smejkalová, Josef Větrovec, Jiřina Štěpničková, Slávka Budínová, Vlastimil Brodský, Jaroslav Rozsíval, Nina Popelíková, Josef Hlinomaz, Václav Trégl, Bohumil Švarc, Karel Hlušička, Oldřich Velen, Jan Pohan, Mirko Musil, Stanislav Langer, Michal Pavlata, Václav Sloup, Jiří Sedlmayer, Ivo Menšík, Vladimír Menšík, Jan Maška, Josef Burda, Jiřina Bílá, František Janát, Zdeněk Hodr, Lubomír Kostelka, Jaroslav Čejka, František Janeček, Harald Štipka, Ladislav Žid, Eduard Pavlíček;False;;;;tt0060629;lide-z-maringotek;True;False;/file/36969/lide-z-maringotek-1966-drama-1080p.html/;/lide-z-maringotek-1966-czdabing/18054179f11be4c4;;Eduard Bass
10669;Na veliké řece;0;;m;1977;73.727272727273;66.0;2j9a7t808fkng3geljet.jpeg;10669-na-velike-rece;Československo;akční / dobrodružný / rodinný / evropská tvorba;"Sokolí oko; Než zhasne slunce (prac. názvy)";"Ve druhé části ""pravěké"" trilogie Na Veliké řece se mladý lovec Sokol s věrným druhem Havranpírkem vydává na dalekou a nebezpečnou cestu za svou nevěstou Veveřicí, o které se domnívá, že byla unesena. Ani jeden z nich však v tuto chvíli netuší, že Veveřice zatím dala přednost cizímu kupci. Na své pouti se dostanou do osady Rybářů, kterou terorizuje neviditelný vládce údolí. Díky vítězství nad ""záhadnou příšerou"" Sokol zachrání půvabnou dívku Šťastnou Chvíli, která měla být netvorovi obětována a získá si její obdiv a lásku...

Další části trilogie: Osada Havranů a Volání rodu.";;01.11.1978;;;;Jan Schmidt;Jiří Bartoška, Ludvík Hradilek, Gabriela Osvaldová, Bohumil Vávra, Vilém Besser, Ivan Luťanský, Karel Dellapina, Zdeněk Kutil, Beta Poničanová, Luba Skořepová, Bořivoj Navrátil, Ľudovít Kroner, Václav Hladík, Václav Stýblo, František Velecký, Jindřich Khain, Jan Prokeš, Marie Sýkorová, Miroslav Mokošín, Jan Míškovský, Karel Macháček, Eduard Cupák, Marie Popelková, Stanislav Hájek, Ladislav Lahoda, Eva Roučková, František Jákl, Miroslav Jíra, Jiří Klenot, Jiří Sládek, Karel Vítek, Zdeněk Srstka, Augustín Kubán, Eduard Cupák, Roman Skamene, Stanislav Holý, Jana Andresíková, Marie Vášová, Jiří Zahajský;False;;;;tt0183559;na-velike-rece;True;False;/file/10515/na-velike-rece-1977-dobrodruzny-1080p.html/;/na-velike-rece-1977/642dc7cf4bdd8;;
39706;O Rozárce a zakletém králi;0;;m;1985;74.054054054054;44.0;gwvw7cv3k1e0mzhn94pa.jpeg;39706-o-rozarce-a-zakletem-krali;Československo;fantasy / pohádka / rodinný;O Rozárce a zakletém králi;"POZOR SPOILER

Jakási postava vypráví o pyšném králi, který je změněn k nepoznání, je nešťastný a sám v celém zámku. Sem přichází muž, který chce jen přenocovat, ale nikde není ani noha. Přesto je obsloužen. Doma má dvě dcery. Hortensii a Rozárku. Jedna je pracovitá a hodná a ta druhá je líná potvora. Touží po starostových synovi Vendelínovi. Její otec opouští zámek a na odchodu utrhne pro Rozárku růži, což rozvzteklí místního, právě toho zakletého krále. Ten mu ji ponechává, ale musí mu za to dát dceru. Doma se to moc nerozhoduje, Rozárka se nakonec vlastně nabízí dobrovolně a do zámku přichází. Notuje si s hlasem někoho, koho nevidí, a její žádosti jsou plněny obratem ruky. Jako třeba to, že se smí podívat domů. Ale pouze přes vodní hladinu a tam Rozárka vidí, že se doma chystá svatba. Hortensie se vdává a její ženich se shání po věnu, ovšem stejně jako ona. Na zámku mezitím Rozárka spatří majitele hlasu a omdlí. Není se co divit, jeho tvář je přímo hrozná. Ale zato má dobrou povahu a jednou dokonce umožní Rozárce návštěvu u opuštěného otce. Prsten ji má pak vrátit zpět na zámek. Ale lakomá Hortensie jí prstýnek ukradne...";;08.09.1985;;;;Libuše Koutná;Yvetta Blanarovičová, Jana Prachařová, Veronika Freimanová, Jaroslav Vidlař, Ivan Vyskočil, Jana Prachařová, Zdeněk Řehoř, Aleš Frel, Jana Švandová, Milan Zajíček, Jiří Štěpnička, Jana Andresíková;False;;;0+;tt3709622;;True;False;;/o-rozarce-a-zakletem-krali-1985-czdab/5676df643bfdf;;
821;Andula vyhrála;0;;m;1938;73.673469387755;83.0;rita1cr6qp4nz6t9gzce.jpeg;821-andula-vyhrala;Československo;komedie / drama / romantický;Andula Won;"POZOR SPOILER

Továrník Pavel Haken to nemá jednoduché. Všichni rodiče se mu snaží nacpat své dcery, to vše jen pro jeho bohatství. 

Andula Mráčková je chudé, ale poctivé děvče, jejíž bratr se na ní učí kadeřnictví. Otec taxikaří a ona sama je zaměstnána v tenisovém klubu. 

Pavel má celého světa boháčů plné zuby, se proto ocitá s matinkou v lůně přírody „Na Samotě“. Dobrák se zde pak vsadí, že zde vydrží, to ovšem netuší, že matinka pronajala pozemek blízko u chaty děvčatům k táboření. Ty jej ihned navštíví a on chce balit. Jenže u vody poznává Andulu. Ta se vsadí s ostatními děvčaty, že jej „klofne“. A tak rozjede svou hru, do které zatáhne i blízko tábořícího bratra Tondu. Za to mu slíbí skládací kajak. Její hra se podaří a celé to končí svatbou. Následuje svatební cesta a poté návrat. Tonda se dostavuje pro peníze slíbené mu Andulou na kajak. Leč je přichycen Pavlem a je oheň na střeše. Naštěstí se vše rychle vysvětlí, ale přichází druhá rána. Jedna z odmítnutých dívek prozradí Pavlovi vše o té zlořečené sázce a Pavel se urazí. Andula od něj odchází a zdá se, že je to konec jedné velké lásky.";;02.12.1937;;;;Miroslav Cikán;Věra Ferbasová, Hugo Haas, Růžena Šlemrová, Václav Trégl, Saša Rašilov, Stanislav Neumann, Milada Smolíková, Anna Steimarová, Fanda Mrázek, Gustav Hilmar, Marie Grossová, Eva Prchlíková, Vlasta Hrubá, Milada Gampeová, Milena Velíšková, Bolek Prchal, Jan W. Speerger, Ladislav Janeček, Leopold Horešovský, Miloš Šubrt, Dagmar Vondrová, Procházková, Elsa Vetešníková, Dora Martinová, Vlasta Kasalická, Jitka Kasalická, Fanda Mrázek, Stanislav Neumann, Vlasta Hrubá, Věra Ferbasová, Milada Smolíková, Ladislav Janeček, Marie Oliaková;False;;;;tt0166479;andula-vyhrala;True;False;/file/86617/andula-vyhrala-komedie-1938-cz.html/;/andula-vyhrala-1938-cz-cz-1080p-webrip/fae4403f188d61b4;;
39615;Skleněná panna;0;;m;1973;75.555555555556;48.0;fzrep8zxu3q9c24o5i3q.jpeg;39615-sklenena-panna;Československo;pohádka;Skleněná panna;"V hospůdce se během jarmarku potkává Anička (H. Maciuchová) se svým milým Jindřichem (M. Saic). Otec dívky, hospodský (V. Krška), ovšem mladým brání v lásce, protože nápadník pro něj není dost bohatý. A prohlásí, že dá dceru tomu, kdo přinese zlaté prsteny. Jindřich tedy požádá o zlaté prstýnky skleněného mužíčka (J. Kemr) a ten chce za ně vyrobit krásné skleněné dílo…

Zdroj: Česká televize";;;láska, sklo, podle knižní předlohy, panna;;;Věra Jordánová;Hana Maciuchová, Miroslav Saic, Josef Kemr, Vladimír Krška, Věra Petáková, Zdeněk Martínek, Vladimír Huber, Jiří Jelínek, Vladimír Hrubý, Ladislav Dušek;False;;;;;;False;False;/file/38821/sklenena-panna-1973-ceske-pohadky-pohadky-nejen-pro-deti.html/;;;
22682;Senzi mama;0;;m;1964;75.555555555556;86.0;mo2lho4pgjlopbg3kbt8.jpeg;22682-senzi-mama;Československo;drama;"Na budúcú nedeľu; Gavalieri";"Snímek je příběhem o citovém dozrávání mladých lidí a o jejich komplikovaných vztazích s rodiči. Igor je postavený před těžké rozhodnutí - musí si vybrat, se kterým ze svých rodičů chce po jejich rozvodu žít. Dává přednost matce, po čase však zjistí, že ta není až tak dokonalou osobnou, jak se předtím domníval. 
50. MFF Zlín";;19.03.1965;;;;Vladislav Pavlovič;Jela Lukešová, Gustáv Valach, Gašpar Arbet, Magda Vášáryová, Božidara Turzonovová, Ján Rybárik, Viera Ryšková, Peter Vršanský, Peter Heriban, Pavol Melichárek, Mária Markovičová, Xénia Kubová, Tibor Bogdan, Naďa Hejná;False;;;0+;tt0238584;;False;False;;;;
60171;Čert a Káča;0;;m;1970;74.230769230769;42.0;wcd2pkcrd9ktuv48qi45.jpeg;60171-cert-a-kaca;Československo;komedie / fantasy / pohádka / rodinný;Čert a Káča;"POZOR, SPOILER

Je posvícení. Místní děvče, které se říká Káča, se hádá s jinou prodavačkou. Po tomto sporu si Káča stýská, že nemá s kým tančit. Prý by tančila i se samotným Luciferem. A hup, už je rohatec tady. Ne tedy přímo vládce pekel, ale čert jménem Kleofáš, který si s Káčou zatancuje. Nemá však výdrž jako ona a chce domů. A ona chce jít s ním. Takže se ocitá v pekle. 

Pokud čerti dosud netušili, co to peklo znamená, tak to nyní s Káčou zažívají. Ta je pěkně prohání – a nejen kvůli uklízení. Takže jsou všichni rádi, když ji Kleofáš odnese zpět na zem.  

Tady by o ni měl zájem švarný mládenec, ovčák Martin, ale nechce ji pro její proříznutou pusu. Přesto uzavře s čertem smlouvu, ve které hraje hlavní roli rychtář. Toho ovčák před čertem zachrání, ale jen na jeden rok. Ten rok uteče jako voda. Je zase posvícení a táž prodavačka, se kterou se Káča před rokem pohádala, jí poradí, jak se svými nevymáchanými ústy zacházet. A tu přichází ovčák, ale také čert...";;30.11.1969;podle knižní předlohy;;;Libuše Koutná;Jiřina Bohdalová, Ladislav Trojan, Jiří Krampol, Helena Růžičková, Jaroslav Moučka, Miloš Nesvadba, Jiří Lír, Jaroslav Mareš, Luděk Kopřiva, Václav Trégl, Antonín Jedlička, Vítězslav Černý, Jiří Růžička, Jiří Růžička, Ivan Trojan;False;;;0+;tt6517430;;True;False;/file/55000/cert-a-kaca-1970-cb-ceske-pohadky-pohadky-nejen-pro-deti.html/;/cert-a-kaca-1970-cz-a/606ae17a6ed06;;
13111;Poklad byzantského kupce;0;;m;1966;73.671875;94.0;56cc6g01qyck1g43uhxm.jpeg;13111-poklad-byzantskeho-kupce;Československo;komedie / krimi;Poklad byzantského kupce;"POZOR SPOILER

Mladá dáma Kamila Housková přichází na policii ohlásit krádež zlata, totiž pokladu. Pokladu byzantského kupce. Ten se ztratil před dvaceti lety a krádež nikdo nehlásil, protože se domnívali, že byl zničen při náletu. Případu se ujímá kapitán Exner. 

Jednoho večera havarují dvě auta. Na zemi zůstává ležet mrtvá žena. Ale s nikým v autě nejela. Šetřením je zjištěno, že žena vypadla z kufru pana Houdka. Ale ten o ní nic neví. Tedy, tvrdí to.

Exner navštěvuje archeologa, doktora Soudka. Mrtvá byla jeho spolupracovnice. Není přivítán zrovna mile. Ale taky se toho mnoho nedozví. Když jsou kriminalisté v bytě mrtvé Holubové, přijde sem doktor Šedivka. Má klíče od bytu. Když se pak dozví o smrti Holubové, omdlí. Je vyslýchán i řidič Fábera. Holubová totiž byla v jeho kufru auta. Bylo tam i lano a na něm našli otisk rtěnky, vlasy a podšívku mrtvé. Fábera prý o ničem neví. Kamila přespí u Exnera, a když si povšimne náušnice na snímku Holubové, dává se do pátrání. Stejná totiž byla právě v pokladu byzantského kupce. Docent Černý to však nepotvrdí. Prý viděl po náletu poklad zničený. Exner navštíví i synovce paní Holubové. Ten nyní bručí ve vojenské base. Přišel pozdě z vycházky, a ta byla přesně v den, kdy byla Holubová zabita. Exner zjistí, že je to její syn. Míní zjistit, kdo je otec. A zatímco pod různými záminkami nechává fotit podezřelé, je z „hausarestu“ unesena Housková. Naštěstí je vzápětí nalezena. Samozřejmě že nešlo o únos, ale ona chtěla utéci, a tak ji odvezl otec autem. Doktor Černý se pokouší z Kamily vytáhnout, jak pokračuje pátrání a ta mluví ráda. Ne vždy pravdu ovšem. Což se projeví na hřbitově, kde bude vyústění celé záležitosti…";;27.01.1967;poklad;;;Ivo Novák;Jiří Vala, Gabriela Vránová, Jiří Sovák, Lubomír Lipský, Vladimír Šmeral, Jan Libíček, Václav Lohniský, Ilja Prachař, Josef Kemr, Zdeněk Řehoř, Svatava Hubeňáková, Zdeněk Kutil, Václav Trégl, Petr Haničinec, Jaroslav Štercl, Karel Hábl, Věra Bublíková, Josef Chvalina, Vladimír Hrubý, Zdeněk Procházka, Lubomír Kostelka, Jan Jílek, Zdeněk Hodr, Milan Mach, Věra Koktová, Jiří Bruder, Miloš Willig, Lubomír Bryg, Miroslav Bareš, Dana Reimová, Emil Strouhal, Zuzana Ondrouchová, Viktor Maurer, Jaroslav Válek, Ladislav Smoček, Olga Navrátilová, Naděžda Prchalová-Vicenová, Miloslav Kopečný, Jiří Polák, Karel Hlušička;False;;;;tt0329503;;False;False;/file/74135/poklad-byzantskeho-kupce-1966-.html/;;;
3618;Dědeček automobil;0;;m;1956;73.7;98.0;sa4a6okm2wgoqvr0nfcn.jpeg;3618-dedecek-automobil;Československo;komedie / historický / evropská tvorba;Dědeček automobil;"POZOR SPOILER

Na letišti přistává letadlo a z něj je vytaženo auto. Posloucháme výklad vypravěče o historii vzniku letadel i aut.  Ten vypráví, mimo jiné, i o postupné výrobě motokola v Mladé Boleslavi. Toto má sice úspěch, ale lid obecný o ně zájem nejeví. Snad i proto je vyslán Vondřich a Toman na velké závody do Francie. 

Dále jest nám již sledovati přímý průběh závodu. Vondřich chvíli vede, ale pak havaruje a jeho stroj je dále jízdy neschopen. Jeho mechanik František mu stroj opravuje a přitom se má k dívce Nanette.  Ovšem pak musí se vrátiti zpět do vlasti, a tak si zatím jen píší. Samozřejmě se pak setkají znova.  Na dalších závodech vyrobí Franta Vondřichovi brašnu na záda, ve které je nářadí. Brašna sklidí posměch, závodník sám však zvítězí. Franta pak přechází od motocyklu k automobilům a jede s hrabětem Kolowratem na jiné závody. Ve Francii Františkovi přichystají velmi překvapivé přivítání. Všichni vědí, že si má brát Nanette. Hrabě a František však marně čekají na jejich závodní vůz, který sem měla dopraviti železniční dráha. Vůz však nikde. Proto se rozhodnou jet závod tím, kterým přijeli. Jen je třeba jej „očesat“ a oni tak učiní. Je odstartováno. Normální vůz asi nemá proti závodním strojům šanci. A stihne František, když už nic, alespoň svou vlastní svatbu?";;29.03.1957;automobil;;;Alfréd Radok;Raymond Bussières, Ginette Pigeon, Luděk Munzar, Radovan Lukavský, Jiří Sehnal, Josef Hlinomaz, Annette Poivre, Antonín Šůra, Svatopluk Beneš, Oldřich Fantišek Korte, Miloš Kopecký, Josef Schwarz-Červinka, Miroslav Svoboda, Miloš Forman, Antonín Jedlička, Josef Příhoda, Jindřich Narenta, Jiří Lír, Adolf Branald, Jiřina Bohdalová, Václav Wasserman, Karel Pavlík, Milan Mach, Georgis Skalenakis, Miroslav Zounar, Josef Kobr, Vladimír Menšík, Pavel Landovský, Karel Novák, Ludmila Skleničková, Olga Světelská, Jiří Hojer, Miroslav Abrahám, Josef Kučera, Marie Branaldová, Oldřich Mandík, Jaroslav Netušil, František Novák, Karel Höger, Otomar Krejča, Jaroslav Kučera, Karel Höger, Otomar Krejča;False;;;0+;tt0050297;dedecek-automobil;True;False;/file/49454/dedecek-automobil-1956-cz.html/;/dedecek-automobil-1956-czdabing/1fcf24a3257ee86c;;Adolf Branald
31604;Nevěsta;0;;m;1985;74.137931034483;58.0;vehm3fnv5pkzunfg26e3.jpeg;31604-nevesta;Československo;příběh;;"Sympatická vychovatelka Zdeňka (M. Fišerová) se musí vdávat velice mladá, její manžel Petr (V. Beneš) je však neskutečně nevyzrálý. Brzy po svatbě se novomanželům narodí syn Péťa a Zdeňka se snaží vycházet s rodiči (u kterých mladí bydlí), zejména s tchánem (V. Brodský) co nejpřátelštěji. Jenže zde vládne tvrdý patriarchát, který si zcela přisvojí i mladý muž. 

Svou manželku ponižuje, zakazuje jí stýkat se s kamarády i mladými svěřenci, které Zdeňka učí hrát na kytaru, vykáže z domu i jejich společnou kamarádku ze studií Lucku (Z. Adamovská). Jen na krátký čas pomůže Zdeňce tchýně (V. Galatíková), která si uvědomuje její zoufalou situaci - zvláště, když se k ní úplně stejně chová i její manžel. 

Ve svém vztahu už nemá sílu bojovat, ale chce zachránit alespoň manželství svého syna. Bohužel tento rozmazlený mládenec svou intelektuálně i lidsky daleko převyšující partnerku jednou uhodí a potom ji dokonce i znásilní - Zdeňka se sbalí a odejde i s malým synem ke svému spolužákovi Láďovi (M. Vladyka). Počáteční chvíle jsou pro ni balzámem na bolavou duši - laskavý, hodný a tolerantní Láďa má rád ji i malého Péťu, ale po několikaměsíčním soužití Zdeňka zjistí, že i nový partner není muž, na kterého by se mohla spolehnout - když totiž otěhotní, Láďa se nového závazku zalekne a opustí ji.";;;;;;Marcel Dekanovský;Věra Galatíková, Markéta Fišerová, Vladislav Beneš, Vlastimil Brodský, Miroslav Vladyka, Zlata Adamovská, Eva Horká, Nela Boudová, Petr Loužecký;False;;;;;;True;False;/file/14134/mrtva-nevesta-tima-burtona-2005-hd-cz.html/;/nevesta-2026-cz-dabing-1080p-mkv/bd9dcfc2bd993b46;;
22662;Organ;0;;m;1964;75.0;99.0;hntbk0x972bxnhzum6wl.jpeg;22662-organ;Československo;drama / evropská tvorba;The Organ;"Dramatický príbeh z obdobia vojnovej Slovenskej republiky. Vo františkánskom kláštore jedného malého slovenského mesta sa pred fašistami ukryje mladý poľský vojnový zbeh, nadaný organista. Pre svoje nadanie sa dostáva do konliktu s miestnym regenschorim, obmedzeným vo svojich ľudských aj duchovných 
hodnotách. Stretnutie talentu a krásy s ľudskou malosťou vyústi do závisti a zloby, ktoré vyštvú Felixa z dočasného duchovného úkrytu späť do vojnového existenčného ohrozenia. 
Organ je po Slnku v sieti druhým spoločným ilmom trojice režisér Štefan Uher, scenárista Alfonz Bednár a kameraman Stanislav Szomolányi. 
Príbeh z obdobia druhej svetovej vojny o ukrývaní poľského vojnového zbeha – organistu využili tvorcovia na metaforický obraz o vzťahu systému a jednotlivca, duchovnej krásy a svetskej moci. Uher v ňom dospel k čistému ilmovému tvaru, syntetizujúcemu hru hercov s obrazom a hudbou, ktorá sa stala rovnocenným výrazovým a významovým prostriedkom filmu. 
Film získal na Medzinárodnom filmovom festivale v Locarne v roku 1965 
Osobitnú cenu poroty. 
18 AFF 2010";;22.01.1965;2. světová válka, kostel, svatba, klášter, nacisté, minové pole, obecní rozhlas, skrývání, Slovenský štát, Polák, KVIFF.TV;;;Štefan Uher;František Bubík, Alexander Brezina, Kamil Marek, Irma Bárdyová, Jozef Hodorovský, Hana Maciuchová, Tomáš Tobák, Lujza Grossová, Karol Béla, Anton Drobný, Július Hotový, Anton Vychovalý, Ctibor Filčík, Viliam Polónyi;False;;;12+;tt0133139;;False;False;/file/19951/organ-trail-2023-1080p-webrip-x264-aac5-1-yts-mx-cz-titulky.html/;/organ-1964-skdab/627c1943c4431;;
31925;O stříbrném a zlatém vajíčku;0;;m;1981;74.444444444444;43.0;jlx5xl1vuscdxgv26o2c.jpeg;31925-o-stribrnem-a-zlatem-vajicku;Československo;pohádka;O stříbrném a zlatém vajíčku;"POZOR, SPOILER

Ocitáme se v ptačí říši u ptačího krále. Ten má dvě dcery, Kačenku a Aranku. A ty dvě chtějí pozorovat knížete při lovu. Otec to nerad dovoluje. Ale co, kdyby hrozilo nebezpečí, promění se obě ve vajíčko a bude po nebezpečí. 

Kníže zde skutečně je, odpočívá, když mu na hlavu spadne zlaté vajíčko. Nechá svého lesního Štěpána hledá, zda tam odkud spadlo není ještě jedno a hle, je. Ale kropenaté. Oba muži si berou vejce s sebou. 

Když knížeti vajíčko spadne, zjeví se tu Aranka. Král ji ihned začne zpracovávat směrem ke svatbě, protože tuší peníze. Z druhého kropenatého vajíčka se stane stříbrné a vyklube se z něj Kačenka. Myslivec je rád a hned se do ní zamiluje. Kačenka mu skořápku dá a také mu řekne, že ji musí hlídat jako oko v hlavě.  

Na zámku je již Aranka jako doma a král nadává, protože nepřinesla ani vindru. A tak milá Aranka jde a lstí připraví Kačenku o skořápku. Ta okamžitě mizí. A Štěpán ji jde hledat. Setká se s loupežníkem Breburdou, se kterým se skamarádí a jde dál. 		

Na zámku je další hádka a lakomý král bere skořápku i Arance. 

Když se Štěpán vrátí domů. Hospodaří mu tu Breburda. Jemu to nevadí, nechce se zdržet a chce jít hledat hned dál. Takže si odpočine a jde zase do lesa. Zde potká pana krále a přichází sem i ptačí král. Pozemský protějšek potrestá tím, že jej promění v krkavce. Totéž po něm žádá i Štěpán pro sebe, který doufá, že v ptačí podobě najde svou Kačenku…";;;;;;Svatava Simonová;Josef Mixa, Jana Boušková, Zlata Adamovská, Vladimír Brabec, Petr Štěpánek, Stanislav Fišer;False;;;0+;;;True;False;/file/87919/o-stribrnem-a-zlatem-vajicku-pohadka-1981.html/;/o-stribrnem-a-zlatem-vajicku-cz-dabing/610afd54904fe;;
20820;Znamení kotvy;0;;m;1947;74.166666666667;99.0;ob31nk7sf0ipyfl9vjdj.jpeg;20820-znameni-kotvy;Československo;psychologický / drama / romantický;Sign of the Anchor;"POZOR SPOILER

Po nábřeží se potuluje žena. Zřejmě nemá všech pět pohromadě, protože strhne ze zdi plakát, na kterém je vyobrazena jistá miss Camilla. Na lodi Kormorán připlouvá do přístavu kapitán Troska s kormidelníkem Frantou.  Ta žena se ptá námořníků, zda přivezli její dceru Pavlínku. Jen Franta jí odpoví. Tento lodník se potká s dívkou, kterou jedna z lehkých dívek, zvaná Černá Fanka, zažene. Frantovi pak v hospodě ona bláznivá ženská vypráví o tom, že jí Pavlínka poslala fotku. A právě tuto dívku pak Troska donese na loď. Nalezl ji venku v bezvědomí a považuje ji za „lehčí zboží“. Chce po Frantovi, aby ji probral, občerstvil, a pak vyhodil. V okolí se potlouká podivný muž. Hledá nějakou dívku, první stopu nalézá v místní hospodě. Právě Fanka mu o ní poví a on jí předá navštívenku se jménem maestro Lascari a slibuje finanční odměnu za další poznatky. Fanka je proto nesmírně ráda, když onu hledanou spatří v hospodě, kde vysedává. Ihned volá Lascarimu, a bere dívku k sobě. Lascari si ji pak odvádí. Bláznivá žena pak Troskovi ukazuje svou Pavlínku na zdi, na plakátu. Troska se začne o věc zajímat. Týž plakát pak spatří i Franta a opouští ihned své známé, aby navštívil vystoupení, jež na plakátě prezentováno. Netuší, že je zde i Troska. Pochopitelně, že na jevišti vidí onu dívku, a to i s Lascarim. Ten předvádí Camillu jako telepatické médium. Franta se přihlásí jako dobrovolník a Camilla při jeho spatření omdlévá. Pak ji vyhledá v zákulisí a chce, aby odešla. Ale přichází Lascari a Camilla zůstává. Jenže Franta se vrací a vypráví o oné bláznivé ženské. A oslovuje Camillu jejím pravým jménem, totiž Pavla Marková, a ona s ním odchází, aby se setkala s onou bláznivou, kterážto je bezpochyby její matkou. Jenže její útěk zjistí hypnotizér Lascari. Ví, že Camilla má v hlavě zafixováno, že se musí k němu o půlnoci vrátit, ať se nalézá kdekoli…";;31.10.1947;ztráta paměti, Bratislava, přístav;;;František Čáp;Hana Vítová, Zdeňka Baldová, Vlasta Fabianová, Eduard Kohout, Zdeněk Štěpánek, Július Pántik, Ladislav H. Struna, Jarmila Smejkalová, Vladimír Salač, Josef Maršálek, Jan W. Speerger, Jaroslav Zrotal, Karel Effa, Ota Motyčka, František Dibarbora, Jan S. Kolár, Marta Májová, Milka Balek-Brodská, Josef Steigl, Božena Helclová, Emanuel Hříbal, Jaroslav Švec, H. Mimrová, Marie Hrdličková, Anna Tichá, Hana Šolcová, Ladislav H. Struna, Vladimír Salač, Vlasta Fabianová, Josef Oliak, Zdeněk Šavrda;False;;;;tt0170844;;True;False;/file/57055/znameni-kotvy-drama-1947-cz.html/;/znameni-kotvy-drama-1947-cz/60b4ba3ab1466;;
5780;Honza málem králem;0;;m;1977;73.47619047619;86.0;3phlsovcbod4e0zlp0zh.jpeg;5780-honza-malem-kralem;Československo;komedie / fantasy / pohádka / rodinný / evropská tvorba;Honza málem králem;"POZOR SPOILER

Ve městě řádí na trhu loupežníci. Nedaleko bydlí Honza se svou matkou a jednoho dne se vydává do světa. Nejprve potká jednorukého pocestného a s ním oberou selku o jídlo. Honza pak slyší o nemluvící princezně. Jakási babice jej varuje, ať nepokouší štěstí. Pozná také Marjánku, která slouží u lakomého sedláka. Honza se sem vetře a po uvaření sekyrkové polévky jej sedlák bere za pacholka. Honza tedy u něj slouží, přelstí jej, ale nakonec dává výpověď jako první. Ale jen proto, že chce jít na zámek za princeznou. A to se zbrojnoši. Ne jako zajatec, ale jako doprovod. I když chvilku zajatec je. Ale prchá a je svědkem toho, jak se královští „vybavují“ s loupežníky. Ty nechají být a jejich lup, ne celý, přinesou na hrad, kde je princezna s velkými nůžkami a občas někde něco ustřihne. Jenže nepřivedli Honzu, kterého vlastně přivést měli. On totiž předtím znectil bubeníka, kterému narazil jeho buben na hlavu. A proto hlídají hrad, aby Honzu polapili, jenže ouha, dopouštějí se omylu a končí v hladomorrně. I když zde ztloustnou tak, že nemohou ven, přece jen se to povede, a bubeník je i se zbrojnoši a jejich velitelem propuštěn. Král dal ovšem takové podmínky, že bubeník Honzovo dopadení zdržuje a dokonce mu pomáhá. Nebýt zlé babice, kterou Honza zostudil, mohlo vše dobře dopadnout. Tak se Honza přece jen ocitá na hradě, ale jako zajatec. Zjistí, že princezna mluví, ale ta se dále staví jako němá a Honza končí v téže hladomorně, jako předtím bubeník. Nu, a tak se na hradě chystá Honzova poprava…";;15.07.1977;princezna;;;Bořivoj Zeman;Jiří Korn, Naďa Konvalinková, Marie Glázrová, Valerie Kaplanová, Josef Kemr, Zdeněk Dítě, František Filipovský, Jorga Kotrbová, Jan Skopeček, Slávka Budínová, Petr Nárožný, Čestmír Řanda, Adolf Filip, Helena Růžičková, Vladimír Hlavatý, František Kovářík, Lubomír Kostelka, Mirko Musil, Václav Lohniský, Arnošt Faltýnek, Lubomír Lipský, Karel Effa, Bořivoj Navrátil, Vítězslav Černý, Jiří Lír, Jaroslav Vágner, Eduard Pavlíček, Oldřich Velen, Milan Kindl, Vladimír Švabík, Karel Engel, Karel Hábl, Petr Jákl, Petr Skarke, Zdeněk Srstka, Jaroslav Tomsa, Jindřich Sejk, Jiří Kosek, Ivana Motyčková, Jaroslav Klenot, Jaroslav Vlk, Michal Pavlata, Jiří Korn, Ivan Glanc, Jiří Sládek, Zdeněk Vlček, Michal Pavlata;False;;;0+;tt0074643;honza-malem-kralem;True;False;/file/84229/honza-malem-kralem-1977-cs-pohadka-1.html/;/honza-malem-kralem-cz-pohadka-1977/5f736e7c598c7;;
15636;Smrt talentovaného ševce;0;;m;1982;73.560606060606;81.0;et77brj1fwh85hbdla21.jpeg;15636-smrt-talentovaneho-sevce;Československo;detektivní / krimi;Smrt talentovaného ševce;"[b]Jiří Kodet jako kapitán Exner hledá vraha a řeší záhady, k nimž dochází na starém zámku.[/b] 
S kapitánem Exnerem, pověstným elegánem mezi českými kriminalisty, se mohou diváci setkat opět, a sice ve filmu Smrt talentovaného ševce. Přepisu detektivního románu Václava Erbena se v roce 1982 chopil režisér Jan Schmidt a roli šaramantního a inteligentního vyšetřovatele svěřil Jiřímu Kodetovi. Exner tentokrát pátrá po vrahovi obuvníka Rambouska, proslaveného (a také majetného) naivního malíře. Řeší však celou řadu záhad, k nimž dochází na starém zámku. Postupně odhaluje přediva vztahů v městečku Opolná, kde právě tráví dovolenou. Exteriéry filmu se natáčely v krásném okolí zámku Opočno. Vedle Jiřího Kodeta ve filmu uvidíte Antonína Hardta, Janu Bouškovou, Miroslava Zounara, Vladimíra Kratinu a Karla Augustu.";;31.03.1983;;;;Jan Schmidt;Jiří Kodet, Antonín Hardt, Karel Chromík, Jana Boušková, Miroslav Zounar, Karel Augusta, Bohuslav Čáp, Milena Steinmasslová, Vladimír Kratina, Zdeněk Dušek, Jana Gýrová, Václav Mareš, Luba Skořepová, Oldřich Velen, Nina Divíšková, Jana Smrčková, Otto Lackovič, Marie Tardy, Viktor Vrabec, Zdeněk Kutil, Bohumil Vávra, Jan Novotný, František Dominik Staněk, Miroslav Suchý, Miloš Preininger, Karel Habart, Miroslav Švejda, Jaromír Fišar, Josef Ježek, Petr Hochman, Richard Maška, Josef Wydra, Petra Janů, Jan Cmíral, Jan Cmíral;False;;;;tt0183792;;True;False;/file/53578/smrt-talentovaneho-sevce-1982-krimi-1080p.html/;/smrt-talentovaneho-sevce-1982-krimi-cz-dabing-spickova-kvalita-by-nexsus/68e648aead9a2;;
48749;Šéfe, jdeme na to!;0;;m;1984;73.661971830986;82.0;wx0s4352bauq4woblb66.jpeg;48749-sefe-jdeme-na-to;Československo;komedie;Šéfe, jdeme na to!;"Nepolepšitelný  podvodník, recidivista Pepan, se vrhá opět do akce - stane se ""nákupčím zboží"", s cílem pro podnik nakoupené zboží si ponechat a zpeněžit - nebyl by to ale on, aby to nedopadlo jinak, než původně zamýšlel. Po této akci přesedlá na jiné zaměstnání - stane se ""soukromým detektivem"", který pomáhá žárlivým manželkám zjistit nevěru jejich protějšků. Celou akci ale pojme způsobem sobě vlasním. Navíc  za ním ještě přijíždí Anička spolu s bratry...    Film navazuje na filmy Šéfe, to je věc! a Šéfe, vrať se!";;08.06.1985;;;;Hynek Bočan;Petr Nárožný, Karel Heřmánek, Naďa Konvalinková, Jiřina Bohdalová, Jaroslava Kretschmerová, Pavel Nový, Vladimír Hrubý, Miloš Vávra, Zdeněk Srstka, Karel Augusta, Miloslav Štibich, Jan Skopeček, Ladislav Trojan, Barbora Štěpánová, Taťána Čechovská, Antonín Molčík, Václav Kotva, Pavel Spálený, Václav Babka, Pavla Maršálková, Václav Kovařík, Ladislav Gerendáš, Mirko Musil, Gabriela Wilhelmová;False;;;;tt2224461;;True;False;/file/15601/sefe-jdeme-na-to-1984-cz-dab-1080p.html/;/sefe-jdeme-na-to-1984-czdab/62f187692b523;;
157993;Zmatek v divadle;0;;m;1982;90.0;30.0;https://prod-fdb-storage.fra1.cdn.digitaloceanspaces.com/placeholders/General.png;157993-zmatek-v-divadle;Československo;komedie / lyrický;Zmatek v divadle;;;;;;;Eduard Sedlář;Ota Jirák, Tereza Pokorná, Laďka Kozderková, Milan Neděla, Ondřej Pavelka;False;;;;;;True;False;;;;
76307;Země zamyšlená, země pracující;0;;m;1985;90.0;13.0;https://prod-fdb-storage.fra1.cdn.digitaloceanspaces.com/placeholders/General.png;76307-zeme-zamyslena-zeme-pracujici;Československo;dokument;Jižní Čechy (prac. název);"Režisér Bohumil Sobotka se pokusil svým snímkem Země zamyšlená – země pracující vytvořit filmovou báseň o jižních Čechách. Snažil se postihnout především atmosféru tohoto kraje a omezil informační sdělnost komentáře na minimum. V obrazu se prolínají záběry, jež evokují bohatou minulost, se snímky ze živé současnosti. Historii připomínají hrady a zámky (Orlík, Zvíkov, Rožmberk, Kratochvíle), památníky (Jan Žižka u Sudoměře, Jakub Kubata), jiné pamětihodnosti (most v Písku, nejstarší kamenný most v Čechách), pomníky obětem druhé světové války (padlým partyzánům, obětem ""pochodů smrti""). Přítomnost znamená aktivní a neúnavnou práci. Sledujeme vznikající předměty na výrobních linkách různých podniků (Koh-i-noor a Sfinx v Českých Budějovicích, Jitex Písek, JZD Choustník), zemědělské práce, výlov pověstných jihočeských rybníků (rybník Na blatech). Bohatost i poezii kraje podtrhují citlivé záběry přírody: slunce, ptáků, stromů, labutí, rozlehlých hladin rybníků. Kůra i tvary starých stromů a neustálý tok vody dokumentují plynutí času. Komentář, plný metafor a symboliky, je patetickou oslavou zdejšího kraje, jeho lidí a práce.

(Zdroj: -il- Filmový přehled 9/1985, str. 47)";;;;;;Bohumil Sobotka;Rudolf Hrušínský;False;;;;;;True;False;;;;
30203;Vstaň a choď;0;;m;1987;90.0;18.0;https://prod-fdb-storage.fra1.cdn.digitaloceanspaces.com/placeholders/General.png;30203-vstan-a-chod;Československo;dokument;Vstaň a choď;"Ve Špátově tvorbě je film VSTAŇ A CHOĎ logickým pokračováním linie, kterou začal v šedesátých letech filmy Zrcadlení (společně s Evaldem Schormem) a Respice finem, tedy linie, v níž si postupně modifikoval způsob hledání odpovědi na otázku po smyslu života a na otázku jak žít. Během času přešel autor od meditativního eseje k jeho apelativnější podobě, která se už zdaleka nedotýká jen věcí obecně lidských, ale zasahuje, nebo lépe – pojmenovává jevy, které se týkají konkrétních lidí a každodenního života. Špáta je citlivý pozorovatel a má zvláštní schopnost přinést v tématu to, co zrovna „lítá ve vzduchu“ nebo co dosud ve vědomí společnosti absentuje: mnohdy tak nenápadně upozorňuje na věci, o nichž nejsme běžně zvyklí přemýšlet. Tak prezentoval svými filmy různé varianty lásky a víry v první půli sedmdesátých let, později, v době jakési únavy a narůstající agresivity mezi lidmi tvoří filmy opět o lásce, o vášni – k práci i v lásce (Kreutzerova sonáta, Variace na téma Gustava Mahlera), ještě později o potřebě tolerance, pochopení a vstřícnosti.

Ve filmu Vstaň a choď nahlíží prost sentimentality do světa invalidních spoluobčanů a představuje několik členů Svazu invalidů v Domažlicích. Neřadí jejich výpovědi náhodně k sobě – vybere si tajemnici Svazu Annu Kubovcovou, a záběry s ní a její výpovědi mu pak tvoří vůdčí motiv filmu. Zdánlivá mozaika osudů dostává řád, který navede diváka až k myšlence, již chce autor sdělit – tenhle zvláštní svět fyzicky postižených bytostí nestojí o náš soucit, ale o účast a zájem. Způsob života těchto lidí, jejich úsilí nepoddat se svým tělesným nedostatkům a zůstat aktivními – to je zde Špátovo téma.

Ukazuje společenství jakoby existující samo o sobě, ale ono je se světem, mnohdy netečným a nepřátelským, spjato velmi těsně. Slyšíme to z každé výpovědi – ať už jde o názory zdravých na stavění domů pro vozíčkáře, přepadenou poloslepou stařenku nebo platy invalidních pracovníků. Špáta spojení obou světů naznačuje nenápadně v úvodní a závěrečné sekvenci s Anniným tatínkem osmdesátníkem – ač bezruká, stará se ještě o něj. Tak režisér, i když ji nijak neformuluje, přesto tímto filmem klade otázku – ne jestli tohle všechno vidíme, ale jak v konfrontaci obstojíme my.

Sleduje postižené z jednoho úhlu – z pohledu jejich sociálního postavení a zařazení a schopnosti každého jedince nalézt vlastní rytmus života – a tak si vytváří prostor pro svůj apel, pro své poselství. Přitom to není pohled jednostranný, jak by se snad někomu mohlo zdát – Špáta své aktéry bere tak, jak jsou – nesnaží se sice přiblížit psychický stav ani povahové rysy jednotlivých osob (chtít to na tak malé ploše by taky bylo dost absurdní), ale na druhé straně ani neukazuje jejich vnitřní svět jako něco radostného; a lidé o něm ani nemluví z jednoho prostého důvodu: jejich intimní trýzně a traumata jsou pro ně mnohem méně důležité (netrvají věčně) než jejich dennodenní existence ve světě zdravých. Co všechno prožívají, můžeme se jenom dohadovat – ale celkem vzato, vnitřní dramata si může prožívat každý. Oni jsou bohatší právě o to poznání nesamozřejmosti existence – odtud také trpkost jejich optimismu.

K vyjádření všech těchto aspektů si Špáta pomáhá také promyšlenou hudební dramaturgií. A pod sílou obrazu je náhle potlačena i silná emocionalita Mahlerovy hudby. Na některých místech autor použitím hudebního motivu zvýrazní určitý moment, vypointuje myšlenku (například u fotografií Anny z dětství, prožitého v Jedličkově ústavu), někde pro někoho možná až k hranici sentimentality. Ale kde je ta hranice? Tam, kde autor programově sentimentální nechce být, tam si onu hranici, onen limit určuje příjemce sám, podle svého založení a momentální psychické situace. A jestliže některé záběry vynutí slzu v oku, není to negativum, nebyly vylouděny násilím.

Dlouho jsme nepojmenovávali některé jevy, nevšímali si těch obyčejných, banálních a samozřejmých věcí, které jsou součástí našeho života, ve jménu jakýchsi vznešených cílů. Zdá se, že konečně v dílech některých dokumentaristů (Špáta, Vihanová, Fairaizl, Polesný, Sommerová, Věrčák…) začínáme tento dluh splácet.

HÁDKOVÁ, Jana. Vstaň a choď. Scéna. 1988, roč. 13, č. 15, s. 5.";;;;;;Jan Špáta;;False;;;0+;;;True;False;;;;
93152;Tele se vlka nebojí;0;;m;1972;90.0;56.0;7gb7r7horx0yf657lisg.jpeg;93152-tele-se-vlka-neboji;Československo;psychologický / drama;Tele se vlka nebojí;"Mladá zdravotní sestra Jenka (M. Vančurová) se na svém oddělení sblíží s hospitalizovanou manželkou ředitele místního hutního podniku Pšeničky (V. Menšík), obdivovaného místními ženami. Paní Pšeničková (M. Dvorská) se vyléčí, ale nadále trpí úzkostmi a utkvělou představou, že umírá. Jenka si tedy vezme na starost i domácí péči a svým prostým, lidským přístupem ji pomáhá krizi překonat. Její pacientka se k ní citově upíná a i pan Pšenička v Jence nachází blízkou bytost a snaží se ji neodbytně získat. Obětavá sestřička proniká hlouběji do jejich komplikovaného vztahu a pod stupňujícím se tlakem obou stran prožívá první skutečně trpkou životní zkušenost. 

Zdroj: Česká televize";;;;;;Jaroslav Novotný;Vladimír Menšík, Marta Vančurová, Milena Dvorská, Hana Kreihanslová, Antonie Hegerlíková, Jaroslava Brousková, Petr Růžička;False;;;;tt14389560;;True;False;;;;
73181;Stavba Žďákovského mostu;0;;m;1961;90.0;15.0;https://prod-fdb-storage.fra1.cdn.digitaloceanspaces.com/placeholders/General.png;73181-stavba-zdakovskeho-mostu;Československo;dokument;Stavba Žďákovského mostu;"Dokumentární snímek zachycuje stavbu Žďákovského mostu. Jedná se na tehdejší dobu o ojedinělou konstrukci pilířového mostu. I když samotná stavba započne v roce 1963, je třeba již teď začít přípravné práce, protože píliře budou posléze zality vodou nové přehrady.

Sloupy mostu jsou uloženy na specielních nánožkách, v kloubovém spojení, zachycujícím tlakové síly. Na montáž těchto pilířu se použily lehké jeřábky, které postupně vztyčovaly pilíře do výšky. 

Každá z věží váži cca 500 tun a budou přenášet zatížení okolo 200 tun, způsobených větrem, obě věže mají - jedna 50 a druhá 60 metrů výšky, a musely být hotové před napuštěním Orlické přehrady. Což se zdařilo a tak je údolí zaplavováno vodou. Kamera toto vše postupně sleduje a zachcuje i nový život na přehradě. 

Na stavbu se použilo okolo 600 tun materiálu, ale ty nezůstanou pod vodou. Konstrukce byla rozdělena na díly o váze cca 70 tun, a po skončení stavby mostu bude postupně vytažena ven.



Edward52 a jeho archív";;;;;;Svatopluk Čech;;False;;;;;;False;False;;;;
175410;Slyšte je pilně a neomylně;0;;m;1968;90.0;31.0;c6ksk4cuzb35y0cm022q.jpeg;175410-slyste-je-pilne-a-neomylne;Československo;hudební;Slyšte je pilně a neomylně;"V podání zpěváků Milana ChladiIa, Yvetty Simonové, Judity Čeřovské, Jiřího Štědroně a dalších uslyšíte mj. vánoční písně: Haleluja, praví nám, Bílé vánoce, Půjdem spolu do Betléma, Ave Maria (Gounodova úprava preludia J. S. Bacha), Jak jsi krásné neviňatko, Santo Natale, Štěstí, zdraví, pokoj svatý, Pár Havraních copánků a Tichá noc.

Zdroj: Česká televize";;;;;;Jiří Nesvadba;Judita Čeřovská, Yvetta Simonová, Karel Gott, Milan Chladil, Judita Čeřovská, Yvetta Simonová, Karel Gott, Milan Chladil, Jiří Štědroň, Jiří Štědroň, Kühnův dětský sbor;False;;;;;;True;False;;/slyste-je-pilne-a-neomylne-1968-czdab/63a220b5bec20;;
60821;Přátelé na sirkách;0;;m;1960;90.0;13.0;https://prod-fdb-storage.fra1.cdn.digitaloceanspaces.com/placeholders/General.png;60821-pratele-na-sirkach;Československo;dětský / kombinovaný / loutkový;;Dědeček hlídá malé miminko v kočárku a čte noviny. Náhle mu do novin uhodí kaštan a nápad, jak miminko uklidnit, je nasnadě: vyrobit mu kaštanového panáčka. Panáčka položí na kočárek a panáček záhy ožívá a vydává se do světa... Přijde k potůčku, kde na lodičce jede žaludový panáček. Pokusí se k němu přistoupit, ale lodička se s nimi potopí. Pokračují tedy po souši. Přijdou k zídce, společně ji přelezou a za ní objeví pískoviště s dětskými hračkami. Vydají se na projížďku v traktoru s vlečkou a objeví krásnou tanečnici. Samozřejmě se hned začnou předhánět v tom, jak získat její pozornost. Jeden z nich to ale přežene... Dá kaštanový panáček přednost získání pozornosti krásné tanečnice nebo pomoci kamarádovi v nouzi?;;30.11.1959;;;;Josef Kluge;Bohuš Záhorský;False;;;0+;;;False;False;;;;
115153;Procházka Barrandovem;0;;m;1984;90.0;10.0;https://prod-fdb-storage.fra1.cdn.digitaloceanspaces.com/placeholders/General.png;115153-prochazka-barrandovem;Československo;dokument;Procházka Barrandovem;"Tento film zve diváka na nevšední poutavou návštěvu do Barrandova, do studia, ve kterém vznikly stovky filmů naší Československé kinematografie. Nechte se pozvat, návštěva začíná - navštěvu začneme v archivu. Půjdeme až na úplný začátek do roku 1934, na natáčení Vraždy v Ostrovní ulici (r. Svatopluk Innemann), pak navštívíme největší ateliér číslo 6 rozlohou 2000 m2, ve kterém se natáčel např. Putování Jana Amose (1983), pak se projdeme do trikového ateliéru, ve kterém se natáčel např film Pád Berlína (1949) a film Pyšná princezna (1952), následuje ukázka z jejího natáčení. 

Poté navštívíme pracovníky studia - švadleny, parukářky, obuvníky, maskéry při jejich práci. Navštívíme sklad, ve kterém je na 15 000 párů bot, 100 000 historických i současných kostýmů, 60 000 doplňků, navštívíme dílnu modelářů, autopark historických automobilů a motocyklů, bojových vozidel, tanků a jiné techniky. Poté následuje ukázka z barrandovského natáčení Ozerovova filmu Boj o Moskvu (1985) a ukázka z československého filmu Fešák Hubert (1985). Navštívíme i zákulisí filmu - archiv zvuku...";;;;;;Jan Jelínek;;False;;;;;;True;False;;;;
72295;Pražský Odysseus;0;;m;1989;90.0;19.0;feyl4akpomypjtedw12m.jpeg;72295-prazsky-odysseus;Československo;dokument;Jan Bauch (prac. název);"Český dokument Pražský Odysseus je portrétem národního umělce Jana Baucha. Režisér František Vláčil a kameraman František Uldrich zachytili malíře v roce 1988 při oslavě devadesátých narozenin. Film se odvíjí jako koláž vzpomínek starého pána, fotografií a dokumentů, přinášejících svědectví o životě umělce a atmosféře doby, v níž žil a tvořil; jako koláž, v níž jsou také zakomponována umělcova malířská díla.

(Zdroj : Filmový přehled 8/1991, str. 39)";;;;;;František Vláčil;Václav Postránecký, Miroslav Moravec, Jan Bauch;False;;;0+;;;True;False;;;;
151908;Pražský hrad Jagellonský;0;;m;1989;90.0;27.0;https://prod-fdb-storage.fra1.cdn.digitaloceanspaces.com/placeholders/General.png;151908-prazsky-hrad-jagellonsky;Československo;dokument;Pražský hrad Jagellonský;"Památky pozdní gotiky a renesance. Vladislav Jagellonský nastoupil na trůn po Jiřím z Poděbrad roku 1471. Rozhodl nákladně přestavět královský palác. Nejprve bylo přestavěno západní křídlo. Mezi lety 1508-1510 bylo dokončeno nové jižní křídlo královského paláce určené k obytným účelům pojmenované podle následníka trůnu Ludvíkovo křídlo. Tato část paláce již byla postavena převážně v renesančním slohu, pouze klenby ještě měly gotické žebrování. Ludvíkovo křídlo bylo však ke svému účelu využito až v roce 1522, kdy král Ludvík s chotí Marií přijel na několik měsíců pobývat v Praze. S hutí Benedikta Rieda souvisí i renesanční jižní portál baziliky sv. Jiří a Královská oratoř v Katedrále sv. Víta vytvořená ve spolupráci s Hansem Spiessem (motiv osekaného větvoví) a spojená můstkem se Starým královským palácem. Vladislav Jagellonský se také pokusil dostavět Katedrálu sv. Víta (v pozdně gotickém stylu). Nechal opravit Svatováclavskou kapli, která byla nově vymalována Mistrem Litoměřického oltáře a zahájil stavbu Severní věže katedrály, která měla vyvažovat parléřovskou Jižní věž. Kvůli nedostatku peněz však byla stavba přerušena a nedokončenou práci nadobro zmařil ničivý požár roku 1541.

Zdroj: Film Europe Media Company";;;;;;Svatopluk Studený;;False;;;;;;True;False;;;;
27813;Pětikoruna;0;;m;1959;90.0;14.0;https://prod-fdb-storage.fra1.cdn.digitaloceanspaces.com/placeholders/General.png;27813-petikoruna;Československo;příběh;;Malý chlapec Pavel  pozoruje při práci elektromontéra na elektrickém sloupu. Maminka Pavla pošle pro mléko a dá mu pětikorunu. Pavel mléko koupí, ale nemůže pětikorunu najít a nemá čím zaplatit. Objeví se  montér, který Pavlovi pětikorunu půjčí. Doma Pavel  najednou bankovku objeví při mytí rukou. Cestou k místu, kde mají montéři maringotku, na Pavla číhají mnohé nástrahy a lákají jej, aby pětikorunu utratil sám. Nakonec přijde k maringotce, potkává se s montérem  a je rád, že se zachoval čestně.;;;;;;Josef Pinkava;Hugo Fráňa, Josef Langmiler, Božena Böhmová, Eva Matalová;False;;;;tt0396803;;True;False;;;;
79043;Ohnivý kříž;0;;m;1977;90.0;90.0;jzz3bdahxyzsfh4hzfts.jpeg;79043-ohnivy-kriz;Československo;drama;Ohnivý kříž;"Televizní drama natočené podle stejnojmenného románu amerického spisovatele Judsona Philipse.

Do zaostalého amerického městečka přijíždí mladá učitelka a začíná vyučovat děti zdejších puritánsky založených maloměšťáků. Záhy její moderní metody začnou narážet na odpor rodičů. Když pak dojde k tragické dopravní nehodě dětí vracejících se z karnevalu, stává se učitelka terčem všeobecné nenávisti. Vše nakonec vyvrcholí vraždou, ale je zde jeden mladý nezávislý novinář, který to nechce nechat jenom tak.";;;podle knižní předlohy;;;Karel Pokorný;Jana Hlaváčová, Václav Voska, Jiří Krampol, Josef Somr, Jan Teplý, František Němec, Jiří Holý, Josef Vinklář, Karel Urbánek, Kateřina Macháčková, Libuše Štědrá, Jiří Lír, Václav Kaňkovský, Anuše Pejskarová;False;;;;;;True;False;;;;
133289;O televizním strašidýlku;0;;m;1965;90.0;8.0;54yb7nb8hxt45tamu6ue.jpeg;133289-o-televiznim-strasidylku;Československo;kreslený;O televizním strašidýlku;"První večerníček, jemuž předcházela znělka s dnes známou postavičkou Večerníčka. Pohádka režiséra Václava Bedřicha je vyprávěna kombinací kreslené animace a fotek. Je to prehistorie animace. Na zadní projekci už natočeného filmu se v předním plánu animovaly fotografie malého kluka. Příběh strašidýlka, které zlobí a točí se okolo televizní antény, čímž na obrazovce dělá šumy. Kluk, který televizi sleduje, se jde podívat, kdo to televizi ruší, a objeví malé strašidýlko. Následuje honička po střechách i konečné usmíření u televizní obrazovky.

Zdroj: Česká televize";;;;;;Václav Bedřich;Vlastimil Brodský;False;;;0+;;;False;False;;/o-televiznim-strasidylku-ivysilani-ceska-televize/2982323b951bf6aa;;
82869;Nedohledné dálky;0;;m;1959;90.0;;https://prod-fdb-storage.fra1.cdn.digitaloceanspaces.com/placeholders/General.png;82869-nedohledne-dalky;Československo;drama;Nedohledné dálky;"NEDOHLEDNÉ DÁLKY <a href=""https://www.fdb.cz/osobnost/97272-nikolaj-virta"">Nikolaj Virta</a> byly nejúspěšnější inscenací loňské sezóny v Moskvě. Ačkoli je to silné dramatické dílo, nepovšimla si ho naše divadla. Naštěstí je nepřehlédla televize. Virta nejen klade nevšední, vzrušující a v současné dramatice zcela novou otázku, ale především – což pokládám za největší přínos – na ni otevřeně, odvážně odpovídá. Nestačí chodit do zaměstnání, plnit samozřejmé občanské a stranické povinnosti, pilně studovat, ženit se, vychovávat děti, aby člověk mohl říci „žiji!“. Žít znamená bojovat – v životě soukromém i veřejném. A hra začíná v okamžiku, kdy téměř padesátiletý agronom Chižňakov začíná žít. Místo postupu, lepších podmínek k dalšímu studiu a k zábavě pro jeho ženu (blíž městu a vůz k dispozici) – strana navrhne Chižňakovovi, aby převzal neodpovědným řízením zruinovaný kolchoz, odříznutý od světa. Chižňakov splní svou povinnost, ale v hloubi duše je roztrpčen, protože je přesvědčen, že mu tím strana zničila život. Začíná bolestný vývoj: rve se s lidmi, s kolchozním i funkcionáři na oblasti, přemáhá nepřátelství, lhostejnost, sobectví, lstivost a „osobní polívčičky“. Nové životní okolnosti zbořily jako domek z karet jeho zdánlivě dosud šťastné manželství. V zápalu boje na jedné frontě musí zahájit boj ještě na druhé: vyřešit své soukromí. Těžce se vyvíjí od první chvíle až k závěrečnému poznání, že teprve teď začal žít. Virta odpovídá na otázku a ukazuje člověka žijícího, bojujícího – a to dalo jeho dílu ryzí tvar dramatu. 

A ještě jeden přínos hry: do pojmu kladného hrdiny, tolikrát zprofanovaného v posledních letech, vdechl život. Postavil před diváka svou vlastní představu kladného hrdiny dnešních dnů – netradiční, novou, strhující i pobuřující. Chižňakov není mladý, krásný, výjimečný ani laskavý a dobrý ve smyslu konvenčního výkladu tohoto pojmu. Je panovačný, vzteklý, ano i drsný! Svět má přímočaře rozdělený: kde cítí živé srdce, poctivost a odvahu, tam je chlapisky něžný; na druhé straně zapomíná na diplomatické vyjednávání a ustálené formy. Nebo vyřešení jeho manželského problému. V lecjaké sentimentální dušičce jistě vyvolá pohoršení, jak tvrdě, bezohledně a naráz skoncuje se ženou, když neumí pochopit jeho pojetí života a stojí mu v cestě. Nevím, jaký postoj by k němu zaujal rozvodový senát – vždyť s ní přece žil dlouhá léta, ona nebyla ani do větru, ani hrubá a docela dobře se o něj starala. A přece – je to krásný, přitažlivý, současný člověk! Je živý, smělý a nebojí se zranění. Jde houževnatě za tím, co považuje za správné.

Ať mi prominou ti, kteří se na úspěchu Virtovy hry v televizi podíleli nemenší měrou: režisér <a href=""https://www.fdb.cz/osobnost/15515-jan-valasek"">Jan Valášek</a>, herci <a href=""https://www.fdb.cz/osobnost/3817-ota-sklencka"">Ota Sklenčka</a> (Chižňakov), <a href=""https://www.fdb.cz/osobnost/4057-jirina-sejbalova"">Jiřina Šejbalová</a>, <a href=""https://www.fdb.cz/osobnost/16798-libuse-peskova"">Libuše Pešková</a>, <a href=""https://www.fdb.cz/osobnost/1489-antonie-hegerlikova"">Antonie Hegerlíková</a>, <a href=""https://www.fdb.cz/osobnost/73476-j-v-svec"">J.V. Švec</a> a ti druzí. Mohu je už jen jmenovat. Zavinil to <a href=""https://www.fdb.cz/osobnost/97272-nikolaj-virta"">Nikolaj Virta</a> a neobvyklý čin televizní dramaturgie. (Jen ty nešťastné dekorace krajin – jak bila do očí kašírovanost vedle filmových dotáček!).

STRÁNSKÁ, Alena. [i]Co se děje v televizi: Nedohledné dálky.[/i] Divadelní noviny. 1958 – 1959, roč. 2, č. 15, s. 8. [upraveno]";;;;;;Jan Valášek;Ota Sklenčka, Jiřina Šejbalová, Libuše Pešková, Antonie Hegerlíková, J.V. Švec, Miloš Nedbal;False;;;;;;True;False;;;;
22757;Lúčka, na ktorej spáva vietor;0;;m;1968;90.0;;https://prod-fdb-storage.fra1.cdn.digitaloceanspaces.com/placeholders/General.png;22757-lucka-na-ktorej-spava-vietor;Československo;;;"Slovenský televizní středometrážní film.

Autor/Zdroj: Bartošková Šárka/Československé filmy";;29.05.1969;;;;Martin Ťapák;Marek Ťapák, Vojtech Kovárik, Adam Matejka, Ivan Rajniak;False;;;;tt0175873;;False;False;;;;
120197;Lidské stopy v kameni;0;;m;1986;90.0;67.0;https://prod-fdb-storage.fra1.cdn.digitaloceanspaces.com/placeholders/General.png;120197-lidske-stopy-v-kameni;Československo;dokument;Lidské stopy v kameni;"Hlasy v černovickém lomu zazněly už téměř před pěti set lety. Dnes je lze jen vytušit, protože po hlasech stopa nezbývá. Zanechávat stopy v podobě výtvorů a majestátních díl je výsadou lidských rukou. Střihový dokument o Děkanském chrámu Panny Marie v Mostě - jeho historie, přesun a následná rekonstrukce. Uvažovalo se o několika variantách, například jeho úplném rozebrání či také ponechání na svém místě na pilíři uhelné sloje. Nakonec však zvítězila nejodvážnější myšlenka, a tou byl přesun vcelku. Z kostela bylo demontováno všechno, co se dalo odmontovat, a celá stavba byla vyztužena ocelovou konstrukcí. V té době vážil kostel deset tisíc tun. Církevní výzdobu nahradil velín, jehož počítače měly řídit přesun. 

Zdroj: Doku CS";;;Most (město), stěhování kostela;;;Jindřich Fairaizl;Radovan Lukavský;False;;;0+;;;True;False;;;;
127859;Koala fandí Spartě;0;;m;1967;90.0;21.0;3r9sfr340n722makzlg8.jpeg;127859-koala-fandi-sparte;Československo;dokument / sportovní;Koala fandí Spartě;"Střihový záznam z cesty fotbalistů Sparty Praha do Austrálie a jihovýchodní Asie v roce 1967. Kromě sportovních momentů a úspěchů fotbalistů na trávníku kamera zachytila i běžné, turistické okamžiky mimo stadionu. 

Zdroj: Film Europe Media Company";;;;;;Miloslav Třešňák;Josef Bek, Jiřina Bohdalová, Andrej Kvašňák;False;;;;;;True;False;;;;
73048;Kamarád kapříků;0;;m;1984;90.0;44.0;https://prod-fdb-storage.fra1.cdn.digitaloceanspaces.com/placeholders/General.png;73048-kamarad-kapriku;Československo;animovaný / pohádka;Vodník Čepeček (prac. název);"Středometrážní pohádka zasloužilého umělce Stanislava Látala Kamarád kapříků byla vytvořena klasickou technikou kresleného filmu. Vznikla podle vyprávění Václava Čtvrtka o hodném vodníku Čepečkovi, který starostlivě pečuje o své kapříky v rybníce a pomáhá lesní víle Markytce. Pohádka má netradiční pointu: děj je přenesen do současnosti a Čepeček končí jako naháněč vlastních kaprů na udice nedělních rybářů.

(Zdroj: Filmový přehled 8/1985, str. 37)";;;;;;Stanislav Látal;Václav Postránecký, Hana Maciuchová;False;;;0+;;;True;False;;/kamarad-kapriku-csr-1984-animovany-pohadka/5d4d457048ae0;;
29369;Jeruzalémská ulice;0;;m;1978;90.0;12.0;68dcsldtccmvs3dscc9l.jpeg;29369-jeruzalemska-ulice;Československo;legenda / loutkový;Jerusalem Street;"Další z volného seriálu loutkových filmů na motivy starých pražských pověstí, v nichž je na závěr zachycena nynější tvář místa o němž vypráví. – Příběh Jeruzalémské ulice se odehrál za panování Václava IV., krále, jenž v doprovodu šaška Žita často chodil Prahou a sám na místě trestal nepravosti obchodníků a měšťanů. Jeden z četných hostů českého panovníka, bavorský kníže, předvedl Václavovi umění svých šašků, o nichž se říkalo, že je nikdo na světě nepřeková: A Žito vedle nich opravdu neobstál. Aby smazal tuto hanbu a znovu získal královu přízeň, požádal o pomoc samotného satana. A pekelník pomoc slíbil – když Žito upíše svou duši a odevzdá ji peklu v Jeruzalémě. Proč ne? Žito věřil, že ho do Jeruzaléma nikdy nikdo nedostane, a tak podepsal. S velkou slávou porazil bavorské šašky a s postupem času zapomínal na smlouvu s ďáblem. Až jednou chtěl Žito kouzlem pozlobit šenkýřku v hospodě poblíž kostela svatého Jindřicha. Nerouhej se, řekla mu žena, jsi v hospodě, jenž nese svaté jméno – V Jeruzalémě. Žito vykřikl hrůzou, ale svému osudu se mu už utéci nepodařilo. Král dal potom hospodu zbořit a zůstal jen kostel a Jeruzalémská ulice na Novém městě pražském. [Filmový přehled 18/1978] 

Autor/Zdroj: -/Filmový přehled";;;;;;Ivan Renč;Rudolf Hrušínský;False;;;0+;tt1433908;;True;False;;;;
73182;Je to jen hračka?;0;;m;1986;90.0;14.0;https://prod-fdb-storage.fra1.cdn.digitaloceanspaces.com/placeholders/General.png;73182-je-to-jen-hracka;Československo;dokument;Za svědky minulosti - Je to jen hračka?;"Dokument ostravské televize zachycuje vývoj hracích strojků od prvotního nápadu zachytit zvuk. 

V roce 1860 byl udělen první patent na takový stroj jménem Pianola, a hrál hudbu podle papírové pásky, ve které byly naděrovány skladby. Pak je zde mechanický stroj, hrající skladby přes vysunuté klapky, což nám je předvedeno na pianovém orchestrionu. Další orchestrion má standartní vybavení - bubny, klavír, kytara, hrálo se přes válec s kolíky.

Mechanická harmonika mohla zahrát 9 skladeb, a měla tři rejstříky. Expozice mechanické hudby je umístěna v Brně a založena v roce 1974. Mnoho exponátů muselo projít náročnou rekonsrukcí.

Nyní je nám předvedeno pár kousků mechanických hraček ze sbírky p. Procházky. Je zde malý parní stroj, který je plně funkční. Další jsou modely železnic třeba z roku 1928, autíčka z roku 1936 vyrobené v Norimberku firmy Schucco. Jiné hračky byly jen pro pobavení, i když mnohdy uživatelé netušili, že se zaroveň poučí o mechanismu strojků. 

Pak přišli flašinetáři se svými flašinety. Jejich vývoj sahá až do středověku. Je zde kouzelná panenka hrající na klavír z roku 1880. To vše byli předchůdci dnešních gramofonů, magentofonů, a jiných hracích strojků.



Edward52 a jeho archiv";;;;;;Jaroslav Večeřa;Stanislav Šárský;False;;;;;;True;False;;;;
77941;Irácký Kurdistán;0;;m;1962;90.0;401.0;https://prod-fdb-storage.fra1.cdn.digitaloceanspaces.com/placeholders/General.png;77941-iracky-kurdistan;Československo;dokument;Kurdistán;"Dokumentární filmy z druhé cesty Z+H realizované pro Československou televizi:
filmový štáb, který zpracovával filmový materiál z druhé cesty Ing. Miroslava Zikmunda a Ing. Jiřího Hanzelky po Asii v letech 1959-1964
RNDr. Petr Novotný";;;;;;Miroslav Zikmund, Jiří Hanzelka, Jaroslav Novotný;Václav Voska, Bohumil Křížek;False;;;;;;False;False;;;;
78416;Horečka;0;;m;1986;90.0;;https://prod-fdb-storage.fra1.cdn.digitaloceanspaces.com/placeholders/General.png;78416-horecka;Československo;drama;Horečka;"Kritika se poměrně vzácně shodla, publikum převážně krčilo rameny s trochou nedůvěry, rozpaků, despektu. Ranní „odposlechnuto“ na refýžích či nástupištích metra shrnovalo argumenty typu „zajímavý, ale takový – no, divný.“ Taková byla, zjednodušeně vzato, situace bezprostředně po uvedení dvoudílné televizní inscenace HOREČKA. Rozpačité reakce některých diváckých skupin lze snadno vysvětlit. Autor scénáře <a href=""https://www.fdb.cz/osobnost/43922-petr-zikmund"">Petr Zikmund</a>  a režisér <a href=""https://www.fdb.cz/osobnost/13908-jiri-svoboda"">Jiří Svoboda</a> (z jejich spolupráce vzešla před časem neméně zajímavá <a href=""https://www.fdb.cz/film/32487-jehla"">Jehla</a>) se totiž vydali proti obvyklým postupům, jež obrazovka zpravidla využívá jak při adaptacích literárních předloh, tak v oblasti životopisného žánru, a tedy i proti diváckému očekávání. Byl to pokus dost riskantní, zvlášť vezmeme-li v úvahu, že vyšli z románové předlohy i autora (Zapadlí vlastenci 1932 – <a href=""https://www.fdb.cz/osobnost/292531-josef-kocourek"">Josef Kocourek</a>) v podstatě neznámých, nicméně pokus natolik promyšlený a stylově zvládnutý, že ani odmítavě naladěného adresáta nemohl nechat lhostejným.

Do značné míry autobiografické vyprávění mladého učitele a literáta s takřka wolkerovským osudem se mohlo stát podkladem k tradičněji pojatému, chronologicky a epicky věrnému přepisu, doplněnému povšechnou ilustrací doby a prostředí. Takových ryze informativních, lidsky nevzrušivých biografií jsme už viděli nespočet a není divu, že jejich protagonisté nám při zpětném pohledu povětšinou splývají v jediný obecný prototyp progresívního rebela, jenž se nutně sráží s lhostejným či nechápajícím okolím. Nebezpečí této anonymity, jež obvykle stejnou měrou postihuje hlavního „kladného“ hrdinu stejně jako postavy antagonistické či epizodní, se tvůrci vyhýbali v celkové koncepci i v každém sebemenším detailu, jak v traktování jednotlivých charakterů, tak v rovině výrazové a stylotvorné.

Podívejme se blíže na portrét ústřední postavy, mladého učitele Mikuláše Koukola, který během svého „roku na vsi“ (tvůrci na rozdíl od předlohy situovali děj do období konce třicátých let, kdy byly národnostní rozpory mnohem vyhrocenější a skýtaly tedy kulisu silně dramatickou) prožívá drtivou ztrátu příslovečných iluzí. Zdaleka není jednoznačně pozitivním spasitelem: v promyšlené, mnohovrstevné spirále se jeho osudové poznání vyvíjí od hravých, radostně provokativních studentských recesí (vynikajícího partnera tu nachází ve svém spolužákovi, kterého představoval <a href=""https://www.fdb.cz/osobnost/3115-ondrej-pavelka"">Ondřej Pavelka</a>), k nimž patří i dvojlomnost prvních lásek (zralá „osudová žena“ – <a href=""https://www.fdb.cz/osobnost/4348-sona-valentova"">Soňa Valentová</a> versus romanticky čistá dívenka – <a href=""https://www.fdb.cz/osobnost/8770-adriana-tarabkova"">Adriana Tarábková</a>), přes první nevěřícné reakce na drsnou vesnickou realitu až po zoufalé, při vší bezmocnosti už vědomé gesto vzpoury, poznamenané tušením smrti, i tak trochu „nouzovým“ vztahem k oddané „holce“ z hospody (nečekaně plastický projev mladičké <a href=""https://www.fdb.cz/osobnost/444-tereza-brodska"">Tereza Brodská</a>). Při vší pozitivnosti Koukolových snů i činů v něm tušíme také „antihrdinské“ rysy: jeho někdy samoúčelnou, pouze šokující pýchu, duševní krutost zvláště v milostných vztazích, okázalé odmítání kompromisů. Nejen neřešitelné sociální podmínky, které poznamenávají život učitelových dětských svěřenců, nejen složitá národností situace, kdy Koukol odmítá německou rozpínavost takřka se stejnou vehemencí jako sokolsky sentimentální vlastenčení, nejen příznaky smrtelné choroby determinují horečnatý tok hrdinova života. Koukolova tragédie je obsažena už v jeho povaze, v jeho extremistickém naturelu: žít, milovat, nenávidět, snít, pracovat dokáže Mikuláš jen naplno, beze zbytku, v takřka extatické vypjatosti.

Sugestivní portrét vnímavého mladíka, který okolní svět nazírá extází své vnitřní horečky, v níž clonami deště, mlhy a lidské izolace vystupují obrysy postav a dějů v syrově ostrých konturách, by nebyl úplný bez nezapomenutelného projevu polského herce <a href=""https://www.fdb.cz/osobnost/3353-marek-probosz"">Marek Probosz</a> (a také <a href=""https://www.fdb.cz/osobnost/8300-vaclav-kopta"">Václav Kopta</a>, který mu zdařile propůjčil svůj hlas). Právě jeho expresívní, v krajnostech i ztišených polohách silně působivý výraz zřejmě zaskočil diváka, přivyklého známé televizní „civilitě“. Byl však v naprosté jednotě s charakterem postavy i záměry obou tvůrců, s osobitou celistvostí inscenace, jež ovšem kladla na adresáta nemalé nároky. Ten si musel sám skládat a domýšlet nit příběhu ze zdánlivě nepodstatných, vždy však významuplných útržků dialogů a reminiscencí, z prolínání promluv a obrazů v čase i prostoru, ze skrytých, detailně koncipovaných souvislostí mezi slovem, pohledem kamery (pozoruhodný vklad <a href=""https://www.fdb.cz/osobnost/13557-josef-vanis"">Josef Vaniš</a>), hudebním motivem (<a href=""https://www.fdb.cz/osobnost/243387-jozef-revallo"">Jozef Revallo</a>), nečekaným střihem. Nutno říci, že některé formální postupy či jejich opakování už trochu mířily k určité manýře – zřejmě důsledek dvoudílné koncepce: v jediném, byť co do metráže nezvyklém dramatickém celku by šly snáze eliminovat.

Nicméně to je jen malá výhrada k zajímavé inscenaci, tak sympatické mnohoznačností pohledu, objevností realizace, a v neposlední řadě i traktováním lidských charakterů. Co bylo řečeno o hlavní postavě, platí totiž – na menší ploše – i pro další aktéry příběhu a jejich vesměs přesně volené herecké představitele. „Rázovitost“ vesnického figurkaření (snad s problematickou výjimkou místního rebela a jeho role v příliš patetickém symbolu závěrečné scény) zůstala naštěstí autorům Horečky cizí; každý z Koukolových potenciálních partnerů měl své malé i větší pravdy, své představy i možnosti – a každý byl příliš jiný než Mikuláš, který žádal všechno, a tedy zůstal sám. Podobnou hořkost údělu poznal i zapomenutý <a href=""https://www.fdb.cz/osobnost/292531-josef-kocourek"">Josef Kocourek</a>, jejž nám televizní Horečka nepředstavila s důstojnou pietou, ale s mnohem smysluplnějším citem a porozuměním.

SPÁČILOVÁ, Mirka. [i]Horečka jednoho roku.[/i] Scéna. 1986 [15. prosinec], roč. 11, č. 25-26, s. 5. [upraveno]";;;;;;Jiří Svoboda;Marek Probosz, Václav Kopta, Petr Čepek, Tereza Brodská, Hana Frejková, Jiří Schmitzer, Ondřej Pavelka, Soňa Valentová, Adriana Tarábková, Jiří Kodet, Karel Hlušička, Oldřich Vlach;False;;;;;;False;False;/file/63949/stredomorska-horecka-2022-cz-dabing-hd-720p.html/;/horecka/663651705fd90;;
22902;Dny všední a dny sváteční;0;;m;1976;90.0;66.0;8j065by7i6neh6cmqc5t.jpeg;22902-dny-vsedni-a-dny-svatecni;Československo;dokument / střihový;Potomci a předkové - Dny všední a dny sváteční;Střihový dokument zachycuje nejvýznamnější události v ČSSR v období tzv. 5. pětiletky 1971 – 1975 , tedy mezi květnem 1971 až dubnem 1976,mezi XIV. a XV. sjezdem KSČ, film za doprovodu hudby a komentáře ukazuje úspěchy ekonomiky, zemědělství, stavebnictví a jiných odvětvích národního hospodářství, v náhledech ukazuje i prostý život lidí té doby. Pětiletka, nebo také pětiletý plán byla základní ekonomická koncepce národního hospodářství, jednalo se o tzv. centrální plánování ekonomiky. Podle pětiletých plánů bylo organizováno celé hospodářství země. V plánech bylo přesně uvedeno, kolik se bude vyrábět kterého zboží, a kde se bude vyrábět, za jakou cenu, jaké budou mzdy, kolik bude pracovníků v jednotlivých podnicích atd.;;;;;;Kamil Pixa, Kristián Topič;;False;;;;;;True;False;;;;
93675;Daniel;0;;m;1961;90.0;27.0;https://prod-fdb-storage.fra1.cdn.digitaloceanspaces.com/placeholders/General.png;93675-daniel;Československo;příběh / rodinný;Daniel;Desetiletému Danielovi, který je po otci poloviční Cikán, zemřela matka. Daniel zůstane u svého dědečka, vesnického kováře. Většině dětí jeho tmavá pleť nevadí, ale pro Oldu je špinavým cikánem. Daniel před svými smutky utíká na kopec na rozhlednu, kde se dívá do kraje a pozoruje pasoucí se srnku. S úkoly mu chce pomáhat Jarka, ale při pouštění draků i mezi nimi dojde Oldovou vinou k nedorozumění. Při cestě od autobusu, kterým děti jezdí do školy, se Daniel popere s větším a silnějším Oldou. Nesnese, že Olda trápí žábu. Když se děda vyptává, proč má na obličeji šrám, Daniel Oldu neprozradí. Daniel touží mít draka a děda mu udělá takového, jakého nemá žádné dítě ve vesnici. Drak přiláká na kopec i Oldu. Ten si od Daniela draka vypůjčí a při běhu s kopce ho poničí. Za to se od něho celá parta odvrátí. Děti s dědou draka opraví a přijmou mezi sebe i Oldu, který se Danielovi omluví a uzavře s ním přátelství.;;;;;;Zdenek Sirový;Ladislav H. Struna, Jarmila Rázlová, Alois Hrušecký;False;;;;;;True;False;/file/09602/hluboko-v-lesich-cz-patricio-valladares-daniel-candia-daniel-antivilo-2012-thriller-horor-drama-akcni-bdrip-1080p-cz-dabing.html/;/daniel-spellbound-s02e01-cz-1080p-nf-web-dl-ddp5-1-h-264-smurf/63d2fd5842c74;;
103473;Čierne ovce;0;;m;1973;90.0;65.0;6pq11f3o3q5jfidgzzeh.jpeg;103473-cierne-ovce;Československo;drama;Čierne ovce;"Príbeh televízneho filmu ""Cierne ovce"" hovorí o osude cloveka, ktorý sa vracia domov, do svojej dediny z väzenia. Nespravodlivé znamenie spolocensky neprijatelného cloveka a podpalaca mu strpcuje snahu hladania miesta v živote a osobné nevraživosti v blízkom okolí v nom opät prebúdzajú skepsu a nedôveru k ludom. Tým viac, ak nachádza nepriatelov v ludoch s úradnou mocou, ktorí majú možnost bezmocného cloveka znicit zmanipulovanými udalostami.

Film ""Cierne ovce"" vyvolal už pri svojom vzniku vlnu nevôle všetkých, ktorí ""bdeli"" nad optimistickým obrazom spolocnosti. Lebo sugestívna výpoved o zneužití moci, o ludskej zlobe, o bezmocnosti obycajného cloveka voci nespravodlivosti bola pravdivo kritickým obrazom doby a ludí v nej. A tak musel film na svoje oficiálne docenenie cakat dlho. Cas však nic neubral na dramatickej sile príbehu so skvelými hereckými kreáciami Gustáva Valacha a Vlada Mullera.

Archiv STV";;;;;;Vido Horňák;Gustáv Valach, Dana Medřická, Vlado Müller, Ján Bzdúch, Jiří Bartoška, Helena Kružíková, Lotár Radványi, Slávo Záhradník, František Desset, Adam Matejka, Alojz Kramár, Ján Hrabina, Michal Kožuch, Hana Slivková, Zuzana Hegerová, Oľga Vronská;False;;;12+;;;False;False;;/cierne-ovce-1973-sk-avi/0662ebd80fd18fb5;;
110911;Čertík Fidibus;0;;m;1981;90.0;13.0;88h9hkv8v8e8mxb79jpx.jpeg;110911-certik-fidibus;Československo;animovaný / pohádka / rodinný;"Little Devil, Fidibus ; Der kleine Teufel Fidibus";"Na mořském dně u pobřeží, žijí podivné bytosti - vodní čerti. A když jsou ti čerti ještě malí, musí chodit stejně jako lidské děti do školy. Jenže v téhle škole je učí starý čert! Učí je, jak škodit lidem a potápět jejich lodě. Jenže čertíkovi Fidibusovi se to vůbec nelíbí, a tak se rozhodne, že to tak nenechá a lidem pomůže...

Výtvarné pojetí filmu připomíná Zemanův fim Pohádka o Honzíkovi a Mařence.  Na filmu totiž pracovali stejní tvůrci.";;;;;;Eugen Spálený;;False;;;;tt0972788;;False;False;;;;
75524;Adieu, mládí;0;;m;1986;90.0;;https://prod-fdb-storage.fra1.cdn.digitaloceanspaces.com/placeholders/General.png;75524-adieu-mladi;Československo;drama;Adieu, mládí;"Jméno režiséra <a href=""https://www.fdb.cz/osobnost/13886-antonin-kachlik"">Antonín Kachlík</a> známe především z filmového plátna. Je podepsán pod snímky <a href=""https://www.fdb.cz/film/2698-bylo-nas-deset"">Bylo nás deset</a> (přepis vlastního románu z vojenského prostředí), <a href=""https://www.fdb.cz/film/6851-jezdec-formule-risk"">Jezdec formule risk</a> (řešící otázku kriminality mládeže), <a href=""https://www.fdb.cz/film/4639-dvacaty-devaty"">Dvacátý devátý</a> (zachycuje zápas o bolševizaci KSČ na V. sjezdu), <a href=""https://www.fdb.cz/film/10846-nas-dedek-josef"">Náš dědek Josef</a> (adaptace <a href=""https://www.fdb.cz/osobnost/14640-jaroslav-matejka"">Jaroslav Matějka</a> románu z období kolektivizace na jižní Moravě), <a href=""https://www.fdb.cz/film/13611-pozary-a-spaleniste"">Požáry a spáleniště</a> (film o morálce nastupující řídící generace) i pod řadou dalších. Nyní – po mnohaleté odmlce – navázal opět spolupráci také s Československou televizí. Prostřednictvím příběhu, nazvaného ADIEU, MLÁDÍ (scénář <a href=""https://www.fdb.cz/osobnost/86062-jaroslav-kotouc"">Jaroslav Kotouč</a> vznikl adaptováním stejnojmenné novely <a href=""https://www.fdb.cz/osobnost/17735-bohumil-nohejl"">Bohumil Nohejl</a>, jež získala 1. místo v soutěži Čs. literárního fondu k 30. výročí osvobození Československa Sovětskou armádou), se vracíme do období II. světové války, na konec léta roku 1944, kdy válečné běsnění vrcholilo dennodenními nálety… Šestnáctiletý Vilda pracuje v malé továrně v Sudetech, kam na nucené práce přijede tucet zajatkyň. Jedné z nich daruje kousek chleba, je však přistižen… 

Již nástin děje naznačuje, že v této hře nejde o nostalgické vzpomínky na dobu mladosti, jak by se mohlo zdát z titulu, nýbrž o kontrapunkt bezstarostného mládí se vším, co k němu v našich představách patří, a kruté reality, v níž nemají mladí čas na radovánky, zato však rychleji názorově dozrávají… Podstatnější než děj jsou charakterizační rysy jednajících postav. V centru pozornosti stojí Vilda, citlivý chlapec, kterému je cizí a zároveň odporná jakákoliv forma násilí. Tato vlastnost je několikrát záměrně zdůrazněna, ať už v dialogu (jedna z úvodních replik matky), nebo i dramatickou akcí (nejsilněji působí scéna, kdy na Obermeistra Kreuzera zaútočí pes a Vilda nevydrží být divákem kruté podívané, a proto zasáhne… a pomůže tak Němci, jenž je velmi nenáviděn. Ze stejných pohnutek, podpořených spontánností svých šestnácti let, zaútočí proti Brunhildě). Shodou okolností jde o nejdramatičtější sekvence; násilí integrované ve fašistické ideologii a jejích projevech však Vildu obklopuje neustále, a tak cítí, že se proti němu musí v rámci svých možností postavit. Vnitřní potřeba překonat strach a pomoci ovlivňuje jeho jednání (rozhovor o odbojové činnosti ne nepodobný těm z <a href=""https://www.fdb.cz/osobnost/13976-jan-otcenasek"">Jan Otčenášek</a> Kulhavého Orfea). 

Forma odboje je v příběhu naznačena jen velmi nenápadně. A právě tato nenápadnost, všednost, propůjčuje hře punc autentičnosti. V souvislosti s motivem odboje nelze opomenout postavu dělníka Wernera, německého antifašisty. Z mírného a přátelského vystupování bylo od začátku patrné, s kým sympatizuje, třebaže jeho funkce v odboji se v ději objeví jako překvapivá pointa. Zajímavé jsou také některé záporné postavy. Zejména Brunhilda, energická, chladná a nelítostná Němka, která se nezastaví před ničím. V omezeném působišti je diktátorkou volně manipulující s lidskou masou, diktátorkou připomínající barbarské zvyklosti otrokářského řádu, které působí o to bestiálněji, že byly prováděny relativně nedávno a v civilizované společnosti. Herecká účast <a href=""https://www.fdb.cz/osobnost/4282-sylva-turbova"">Sylva Turbová</a> (stejně jako <a href=""https://www.fdb.cz/osobnost/408-vladimir-brabec"">Vladimír Brabec</a> v roli člověka, který se vyžívá v ponižování druhých) patří k velkým kladům hry. Skrytější násilnické sklony v postavě Kreuzera dávají <a href=""https://www.fdb.cz/osobnost/408-vladimir-brabec"">Vladimír Brabec</a> co chvíli příležitost k proměně a umožňují mu dokázat tak široký herecký rejstřík: bezprostřední přátelský tón náhle změní za nepříčetnou brutalitu, vzápětí působí opět dojmem rozvážného pozorovatele, jenž se s otcovskou starostlivostí zajímá o chlapce… 

Režisér staví na niterním prožitku, na věrohodném přetlumočení myšlenek a pocitů postav hereckými představiteli. Záměrně se vyhýbá akčním konfliktům a dějovým zvratům, aby tak akcentoval vnitřní konflikt humanity a fašismu (zde prezentovaný jako individuální fašismus Brunhildy a Kreuzera). Přestože <a href=""https://www.fdb.cz/osobnost/13886-antonin-kachlik"">Antonín Kachlík</a> použil střídmých výrazových prostředků, vzniklo dílo, které ačkoliv na první pohled nepřináší tematicky nic nového, vnímavému diváku bude díky ideovému vyznění a znamenitým hereckým výkonům ještě dlouho doznívat v paměti. Realizoval hru s hlubokým humánním apelem, která není jen obžalobou fašismu, ale i bytostným přesvědčením tvůrce, že nelze pouze čekat se založenýma rukama, že je třeba se aktivně zapojit do boje proti jakémukoliv zlu, které člověka obklopuje. 

ŠMÍDMAJER, Miloslav. [i]Adieu, mládí.[/i] Scéna. 1987, roč. 12, č. 1, s. 6. [upraveno]";;;;;;Antonín Kachlík;Oldřich Slavík, Sylva Turbová, Vladimír Brabec, Libuše Geprtová, Karel Koloušek;False;;;;;;True;False;;;;
121004;50 let od katastrofy vzducholodi Italia;0;;m;1978;90.0;14.0;https://prod-fdb-storage.fra1.cdn.digitaloceanspaces.com/placeholders/General.png;121004-50-let-od-katastrofy-vzducholodi-italia;Československo;historický / dokument;50 let od katastrofy vzducholodi Italia;Film diváka seznamuje s letem vzducholodi Italia, která se r. 1928 vydala na dobrodružnou pouť k severnímu pólu a při zpáteční cestě ztroskotala. Na její palubě byl i pod vedením  Umberta Nobileho i Čech František Běhounek, oba ztroskotání přežili a ve zdraví se vrátili domů.  Potom, po mnoha letech se Nobel již 93letý setkává  znovu s Běhounkem a vzpomínají spolu na jejich společný dobrodružný let přes mrazivé ledové pláně severního pólu.;;;;;;Vladimír Kabelík;Otakar Brousek, Umberto Nobile, František Běhounek;False;;;;;;True;False;;;;
22707;Zasloužilá umělkyně Terezie Brzková;0;;m;1961;77.5;35.0;rylhk1ipvaqdooamluoo.jpeg;22707-zaslouzila-umelkyne-terezie-brzkova;Československo;dokument;Meritorious Artist Terezie Brzková;"Filmový herecký medailon herečky <a href=""https://www.fdb.cz/osobnost/1005-terezie-brzkova"">Terezie Brzková</a> (11. ledna 1875 Kolín – 19. listopadu 1966 Praha).

NFA";;;;;;Martin Frič;Terezie Brzková, Eduard Kohout, Jana Werichová, Blažena Kramešová, Petr Křiváček;False;;;0+;tt0169401;;True;False;;;;
40310;Navštívenka;0;;m;1967;77.5;15.0;kxeszdhojacbq8gwqx2y.jpeg;40310-navstivenka;Československo;komedie;Navštívenka;"Na cestě z krčmy se ocitnou jedné noci dva opilí kumpáni, soudce Petr a obchodník Alex Ivanovič. Mají před sebou pět verst cesty do soudcova domu v Tarakonovce. Po cestě si vzájemně stěžují na nástrahy života a soudce slibuje, jak je jeho žena Věruška pohostí. 

Když v dálce zahlédnou světýlko, doufají, že jsou u cíle. Soudce volá na Věrušku, aby jim připravila občerstvení. Nikdo neotevírá, proto vleze dovnitř oknem. Ovšem ne do domu, ale do kurníku. Slepice začnou vyvádět a vzbudí vesničany, kteří přijdou na vetřelce s puškou. Teprve nyní se dozví, že do Tarakonovky chybí ještě čtyři versty.";;;podle knižní předlohy;;;Ludvík Ráža;Martin Růžek, Čestmír Řanda, Vladimír Hlavatý, Marie Rosůlková, Vladimír Menšík, Vlastimil Brodský, Ladislav Pešek, Zdeněk Štěpánek;False;;;;;;True;False;;/1967-navstivenka/675db94da822e;;
35319;Muž v pralese;0;;m;1971;77.5;70.0;qhhvkchu33aew2ol7x1q.jpeg;35319-muz-v-pralese;Československo;drama;Útržek z běhu času: Muž v pralese;"Dramatická televizní inscenace, kterou natočil podle vlastní předlohy a scénáře <a href=""https://www.fdb.cz/osobnost/14614-oldrich-danek"">Oldřich Daněk</a>.

Základem děje tohoto příběhu je soudní proces, který probíhá přímo ve výcvikovém táboře speciálních jednotek jisté nejmenované rozvojové země, které vládne generál Vedeira. Souzen je jeden z vojáků za pokus o vraždu zásobovacího důstojníka (<a href=""https://www.fdb.cz/osobnost/3881-josef-somr"">Josef Somr</a>) a zdá se, že nekonečná kontroverze mezi soudcem (<a href=""https://www.fdb.cz/osobnost/4486-vaclav-voska"">Václav Voska</a>), prokurátorem (<a href=""https://www.fdb.cz/osobnost/2289-josef-langmiler"">Josef Langmiler</a>) a obhájcem (<a href=""https://www.fdb.cz/osobnost/4438-josef-vinklar"">Josef Vinklář</a>) nikam nepovede. Vše ale nakonec vyvrcholí velmi nečekaným způsobem.";;;výcvikový tábor, vojáci, soudce;;;Oldřich Daněk;Václav Voska, Josef Langmiler, Josef Vinklář, Jiří Adamíra, Jana Hlaváčová, Jan Schánilec, Vilém Besser, Josef Bek, Josef Somr, Jiří Plachý;False;;;;tt15227364;;True;False;;;;
8204;Kšeft;0;;m;1992;77.5;;https://prod-fdb-storage.fra1.cdn.digitaloceanspaces.com/placeholders/General.png;8204-kseft;Československo;;;"Gary Busey a Steven Bauer provedli akční snímek Kšeft už úspěšně kinosály a ten nyní znamená přitažlivou podívanou také pro milovníky akce na videu.
Bývalý příslušník námořních sil Plato na tom není s penězi zrovna nejlíp a tak s radostí vezme kšeft, který vypadá velice výhodně. Stačí zachránit dva kubánské uprchlíky, jenomže situace se samozřejmě pořádně zkomplikuje. V průběhu akce, kterou Plato uskuteční s přítelem Samem, je vůdce exilové kubánské skupiny zabit a Plato musí prchat nejen před kubánským zabijákem, který mu navíc unese dceru, ale i před FBI a policií.
Radana Vítková

Autor/Zdroj: /Popis


Capitol Internet Publishing

Autor/Zdroj: /Zdroj";;;;;;Antonín Kopřiva;Jiří Kodet, Pavel Zedníček, Jana Paulová;False;;;;;;False;False;/file/37203/ksefty-s-tatou-1994-1080p-cz-dab.html/;/kseft/5c013ec152ddd;;
72717;Krakonoš a fousatá Dontovka;0;;m;1978;77.5;14.0;https://prod-fdb-storage.fra1.cdn.digitaloceanspaces.com/placeholders/General.png;72717-krakonos-a-fousata-dontovka;NDR / Československo;pohádka / loutkový;"Rübezahl und die bärtigen Frauen; The Spirit of Mountains and the Bearded Dontovka; Old Nip and the Bearded Women";"U Maříkova žila chudá vdova, které všichni říkali Dontovka. Na krku měla kupu dětí, a tak dřela od rána do večera. Když jednou sekala louku, šel kolem Krakonoš a dostal chuť na jahody. Ale to si dal! Dontovka ho hnala bez respektu pryč, a to Krakonoše jaksepatří rozzlobilo. Přičaroval jí mohutné vousy a myslel si, bůhvíjak na ni nevyzrál. Jenomže kampak na Dontovku. Okamžitě dorůstající fousy stříhala a spolu s dětmi vyráběla košťata, koberce, záclony. A ženské v okolí popadla závist. Honem se hnaly za Krakonošem a prý ať jim taky dopřeje mohutné brady. Což o to, Krakonoš vyhověl, ale jejich fousy nebyly kouzelné. Byly úplně obyčejné, co se musí každý den holit. Samozřejmě že brzy přišly s prosíkem, aby je jejich okrasy zbavil. Znovu jim vyhověl, ale fousy zmizely i Dontovce. Přišlo jí to líto, jak si teď přivydělá peníze? Ale pán hor ji nenechal na holičkách – mávl holí, spustil se liják a za chvíli u dveří bušil promočený pocestný. A tak k Dontovce do chalupy přišlo štěstí – a taky s fousy.

[JH]. Krakonoš a fousatá Dontovka. Filmový přehled. 1978, č. 18, s. 20.";;;;;;Zdeněk Vinš;Bohuš Záhorský, Wolfgang Dehler;False;;;0+;tt1468339;;True;False;;/krakonos-a-fousata-dontovka-02-csr-1977-loutkovy-kratkometrazni-pohadka/5d4d4d7a7cce9;;
119670;Hloupý vlk;0;;m;1979;77.5;13.0;https://prod-fdb-storage.fra1.cdn.digitaloceanspaces.com/placeholders/General.png;119670-hloupy-vlk;Československo;animovaný;Hloupý vlk;"V lese se probudí hladový vlk. Na pastvě zahlédne koníka a těší se na oběd. Kůň se ptá, jak může být obědem, když mu vlk ani kůži nestáhne. Poradí, ať mu kůži stáhne za ocas a pak vlka nakopne zadníma nohama, až vidí tisíc hvězdiček. Vlk si nedá pokoj, a když vidí berana, oznámí mu, že bude jeho oběd. Beran souhlasí, ať se vlk postaví s rozevřenou tlamou a on mu skočí rovnou do žaludku. Dostaví se další hvězdičky a navíc je vlk bez zubů. 

Vlk potká tři prasátka a těší se, jak se nacpe. Chytrá prasátka si chtějí nejprve s vlkem zatancovat, čímž probudí pastýře, který vlka zažene. Zoufalý vlk se setká s krejčím, jenž vlka přeměřuje, zda se mu vejde do břicha. Ve vhodné chvíli krejčí vlka zlíská dřevěným metrem a uteče. Vlk přivolá tři kamarády a společně vyčenichají krejčího na stromě. Krejčí je zažene šňupacím tabákem, který rozsype okolo stromu. A tak se nakonec z bezzubého vlka stane vegetarián.";;;vlk, krejčí;;;Assen Münning;Josef Somr;False;;;0+;;;False;False;;;;
13119;Poklad Ptačího ostrova;0;;m;1952;75.71428571428599;75.0;https://prod-fdb-storage.fra1.cdn.digitaloceanspaces.com/placeholders/General.png;13119-poklad-ptaciho-ostrova;Československo;akční / animovaný / evropská tvorba;;"První celovečerní barevný loutkový film režiséra Karla Zemana přináší jednoduchý, vtipný, dětskému myšlení přizpůsobený příběh obyvatelů neznámého ostrova, kteří objeví poklad, přestanou pracovat, znepřátelí se mezi sebou, a teprve když o poklad přijdou, vrátí se opět k práci, která jim přinese spokojenost, štěstí a mír. Film velmi názorně vysvětluje myšlenku, že nikoliv bohatství, ale práce činí člověka a jeho život šťastným. Formální stránka snímku ve své době překvapila novátorskými kombinacemi animačních technik a působivým využitím stylizace perských miniatur. 
50. MFF Zlín";;27.03.1953;;;;Karel Zeman;František Hrubín, Zdeněk Kříž, H. Hustolesová, Zdeněk Kříž;False;;;;tt0045040;;True;False;/file/59842/poklad-ptaciho-ostrova-anim-1952-cz.html/;;;
141953;O Bumbrlíčkovi;0;;m;1972;75.71428571428599;31.0;yf1somwi4f8wzw96hbh0.jpeg;141953-o-bumbrlickovi;Československo;pohádka;O Bumbrlíčkovi;"POZOR SPOILER

Ve vesnici Kulihrady nad Čuprávkou  přichází k jedné ženě samotný starosta s tím, že její syn každému sežere, co zrovna vidí, a vyhrožuje hladomornou. Matka synka brání. 

Pan král má starosti. Má v království draka, který chce princeznu, a ač se mu nabízí jiné ženské, trvá na královské dceři. Takže rádce přichází do chaloupky s Bumbrlíčkem a odvádí jej do královských služeb. Bumbrlíček se setkává s drakem, z čehož je vysílán přímý přenos. Bumbrla vyhraje, draka spolkne a pak přestane mít hlad. Povolaný doktor jej nutí cvičit, a tak milý Bumbrlíček ze zámku prchá zpátky domů. Sem je povolána bába kořenářka, a ta nařizuje štípat dříví, pak orat pole. A pak přichází hlad.";;;;;;Pavel Kraus;Jan Libíček, Božena Böhmová, Josef Hlinomaz, Vladimír Menšík, Dana Hlaváčová, Miloš Kopecký, Miloš Nesvadba, Vladimír Hrubý, Hana Jirková, Felix Černý, Oskar Hák;False;;;;;;False;False;/file/48164/o-bumbrlickovi-1972-cb-ceske-pohadky-pohadky-nejen-pro-deti.html/;;;
61139;Medvěd;0;;m;1985;75.71428571428599;33.0;k5qexvfu80oba9thatcz.jpeg;61139-medved;Československo;komedie;Medvěd;;;;;;;Václav Hudeček;Miloš Kopecký, Iva Janžurová, František Filipovský;False;;;;;;False;False;/file/24039/myska-a-medved-na-cestach-2022-cz-dabing-hd.html/;;;
22748;Indiánské léto;0;;m;1968;75.71428571428599;;gc62ct1v6u968yw8mtu7.jpeg;22748-indianske-leto;Kanada / Československo;dokument;Indiánské léto aneb Kanadou pro nic za nic;"Dlouhometrážní film Indiánské léto, který vznikl u příležitosti Světové výstavy v Montrealu 1967, je pohledem Středoevropana na Kanadu - zemi, v níž se pokojně prolíná nejmodernější životní, společenská a technická racionalizace s kouzelnou romantikou nedotčených míst a přírodních krás. Rudolf Krejčík se snažil v kostce přiblížit co nejvíce - od životní úrovně, která se zdá být pohádková, přes přírodní, historické a technické pozoruhodnosti, až po mentalitu a názory krajanů žijících v Kanadě desítky let. 

Zdroj: Film Europe Media Company";;15.11.1968;;;;Rudolf Krejčík;Otakar Brousek, Luděk Munzar;False;;;;;;True;False;;;;
30337;Et Cetera;0;;m;1966;75.71428571428599;8.0;https://prod-fdb-storage.fra1.cdn.digitaloceanspaces.com/placeholders/General.png;30337-et-cetera;Československo;animovaný;;"Pro tři etudy na téma mechanického opakování v lidském myšlení zvolil Švankmajer různé animační techniky. Stylizované lidské figury bez obličejů (připomínající papírové či dřevěné panáčky, pohybující končetinami pomocí provázků) dokola vykonávají stejné činnosti, provázené písničkou Pes jitrničku sežral Své et cetera (a tak dále) vztahuje autor v závěrečné pointě i na samotný film. 
Křídla. Figura přeskakuje a přelétává z židle na židli pomocí státe větších křídel Židle si posunuje stále dále, až jsou v kruhu opět u sebe. Když figura použi ji největší křidla a obletí největší vzdálenost, vrátí se na začátek. - Bič. Figura s po mocí biče cvičí šelmu. Postupně se však vzájemné proměňují (z člověka se stáv.i šelma, z šelmy člověk); a také si stále vyměňují bič . - Dům. Figura si nakreslí tuž kou obrys domu. Nemůže se však do něj dostat. Proto obrys zruší a namaluje novy obrys okolo sebe. Tentokrát se nemůže dostat ven. Et cetera... 
Hlavni cena J. Švankmajerovi (spol. s filmem Rakviěkárna) na III.PFU v Kroměříži 1966. Hlavni cena v kategorii anim. filmu na DKF v Karlových Varech 1967, jedna ze tří Hlavních cen v kategorii trik. filmů na DKF v Oberhausenu 1967.
Filmový přehled 1994/12/40";;;;;;Jan Švankmajer;;False;;;;;;False;False;;/et-cetera-1966-bydejv/67649ddbc5d0e;;
79397;Silvestrovský trapas;0;;m;1970;75.0;16.0;8r6eo449rzcgpe2r0bld.jpeg;79397-silvestrovsky-trapas;Československo;komedie;Silvestrovský trapas;"Paní Brabcová (Alena Vránová) i na Silvestra navštíví lékaře dr. Kosa (Miloš Kopecký), který jí oznámí, že podle snímku bude muset podstoupit operaci žlučníku, a může jí doporučit skvělého chirurga. Ona souhlasí a nenápadně mu při odchodu strčí peníze do kapsy. Ten později sáhne do kapsy a vytáhne pět korun. To jej rozpálí do běla, vběhne do čekárny, paní Brabcové vmete do tváře, že není domovník, a peníze hodí na zem. Jasný skandál. Když se dr. Kos uklidní, vytáhne z kapsy dvacetinásobek. Je to ale ""hustý"". Musí se paní Brabcové omluvit, a u omluvy to neskončí, dobré jídlo, koňak, cigárko udělá své, skončí to v posteli a s tykáním.

Silvestrovská noc neskončila, dojde opět na slovní přestřelku a zde má vše na svědomí obyčejná stokoruna. A ke všemu přijíždí taxíkem manžel, pan Brabec. Na něj navléknou výmluvu, že si při žlučníkovém záchvatu paní zavolala pohotovost. Přijde množství díků a když se dr. Kos otočí při odchodu ke dveřím, z pod saka mu visí z kalhot šle (kšandy)....";;;;;;Petr Schulhoff;Miloš Kopecký, Alena Vránová, Eduard Dubský, Zdenka Balounová, Naďa Urbánková;False;;;0+;tt0175169;;True;False;;/silvestrovsky-trapas-1970-czdab/6040141acb271;;
64432;Sám proti městu;0;;m;1974;75.0;75.0;d4gf9wvnqhf1ped9lm5h.jpeg;64432-sam-proti-mestu;Československo;drama / krimi;Sám proti městu;"Dr. Salt, lékař v provinčním městě Birkdenu, odchází z města, které ovládá majitel největšího podniku Syntex, milionář Dannington. Před odchodem navštíví policii protože ho znepokojuje, že se neozývá pacientka, která musí být pod stálým lékařským dozorem, Noreen Wilksová. Policie odmítá dívku hledat a dr. Salt se s pomocí majitele zábavních podniků pokouší o její nalezení. Ukáže se, že dívka pracovala v Syntexu a vedle toho sloužila k ""obveselování"" zámožných pánů v klubu podniku...";;;;;;Jaroslav Dudek;Karel Höger, Miloš Nedbal, Jana Štěpánková, Hana Maciuchová, Josef Hlinomaz, Josef Langmiler, Josef Bek, Vladimír Stach, Vlasta Fáberová, Zdeněk Jelínek, Josef Bláha, Světla Amortová, Jaroslav Moučka, Karel Effa, Jan Faltýnek, Ladislav Frej, Václav Sloup, Oldřich Vlach, Bohuslav Čáp, Štěpán Bulejko, Roman Hemala;False;;;;;;True;False;;;;
110895;Kalifův prsten;0;;m;1970;75.0;68.0;hwllgma9cyfxzauabw0v.jpeg;110895-kalifuv-prsten;Československo;fantasy / pohádka / rodinný;Kalifův prsten;Na tržišti si povídají lazebník a holič Abú Sir a barvíř látek Abú Kir, že již třetí den nezavadili o práci. Kolemjdoucí námořník jim nabídne místo na lodi a za sedm dní přistanou ve městě, kde je práce dost. Tržiště, kde se přátelé usadili, navštíví sám velký kalif, který žádá na dvorním dodavateli látek šátek s barevnými motýlími křídly. Dodavatel nemůže vyhovět a to je příležitost pro Abú Kira, který jediný umí novou techniku barvení látek. Barvíř se stane novým kalifovým dodavatelem a rázem zbohatne. Zapomene na svého přítele holiče. Abú Sir onemocní a málem zemře, ale zachrání ho stará žebračka. Uzdravený lazebník navštíví barvíře, ale ten chudáka zapře a nechá ho vyhodit a zmlátit. Abú Sir se chce zotavit v lázních, ale dozví se, že ve městě žádné takové zařízení není. Lazebník zařídí nové lázně, které si nemůže kalif vynachválit a jmenuje Abú Sira svým přítelem. Kalif si při braní lázně nesundává prsten a velitel stráží lazebníkovi prozradí, že prsten je kouzelný. Na koho kalif ukáže, je o hlavu kratší. Barvíř se lží usmíří s lazebníkem, ale nemůže snést, že je nyní on favoritem kalifa. Nastraží na něj léčku s pěnovou koupelí, která má údajně kalifa připravit o život. Kalif uvěří a odsoudí Abú Sira k smrti utopením. Když dává vládce rukou pokyn k rozsudku, sklouzne mu prsten do moře. Pytel s odsouzeným je hozen do vody. Kalif se cítí nyní bezmocným a skrývá svou ztrátu před poddanými. Abú Sira zachrání velitel stráže, který zjistil kalifovu nemohoucnost. Do děje zasáhne opět stará žebračka, která přinese rybu, v jejímž žaludku je prsten. Abú Sir se vydá za kalifem, vrátí mu šperk a žádá pouze spravedlnost. Dokáže se barvířova zrada a kouzelný prsten vykoná svou práci. Kalif chce lazebníkovi splnit každé přání. Ten si jenom přeje vrátit se domů za milovanou Selimou.;;;;;;Ludvík Ráža;Stanislav Fišer, Josef Vinklář, Josef Chvalina, Milena Zahrynowská, Vilém Besser, František Filipovský, Ferdinand Krůta, Vlasta Jelínková, Consuela Morávková, Ladislav Potměšil;False;;;;tt7510330;kalifuv-prsten;False;False;/file/27291/kalifuv-prsten-1970-cb-ceske-pohadky-pohadky-nejen-pro-deti.html/;/kalifuv-prsten-tv-film-pohadka-ceskoslovensko-1970/5fdfc42999b7d;;
6943;Bankovní dům Daubner;0;;m;1988;75.0;68.0;54tl74tvlt9tdka7jrkv.jpeg;6943-bankovni-dum-daubner;Československo;drama / historický;Bankovní dům Daubner;"Inscenace Bankovní dům Daubner vznikla na základě skutečného příběhu z prostředí československé zpravodajské služby a zahrnuje období let 1933 až 1945. Podkladem scénáře byly paměti zpravodajského důstojníka, štábního kapitána Františka Fárka.

Mezi Abwehrem a 2. oddělením generálního štábu čs. armády probíhala v polovině 30. let intenzivní špionážní válka, v níž nezůstalo jen při získávání informací o protivníkovi, ale docházelo i k vzájemným únosům lidí a tvorbě různých nástrah a pastí. Za jednu z nich lze považovat i nápad otevřít banku v Liberci, s nímž přišel Fárek (Jaromír Hanzlík v postavě Steinera), který v té době působil v pohraničí v blízkosti německých hranic. Banka měla půjčovat peníze hlavně insolventním německým turistům - profesionálním vojákům, aby jim pak nabídla odpuštění dluhů výměnou za vojensky cenné informace. Vedení banky bylo svěřeno německému emigrantu Dobianerovi (Viktor Preiss coby Daubner), jemuž čs. zpravodajci zařídili licenci a poskytli kapitál. Pracovní vztah mezi oběma muži se pomalu a postupně měnil v upřímné přátelství. Během dvanácti let se jim podařilo získat rozsáhlou klientelu a pořídit množství strategicky důležitých informací. Jednalo se o jednu z nejúspěšnějších akcí členů naší tehdejší zpravodajské služby a tato inscenace je vyjádřením úcty a obdivu k jejich práci.";;30.11.1987;;;;Pavel Háša;Jaromír Hanzlík, Viktor Preiss, Václav Mareš, Jan Teplý, Stanislava Bartošová, Jiří Klem, Vladimír Salač, Jiří Wohanka, Vítězslav Jirsák, Petr Hermann, Luděk Nešleha, Ivan Richter, Karel Meister, Zdena Burdová, Miroslav Krejča, Zdeněk Ornest;False;;;;tt8858384;bankovni-dum-daubner;True;False;;/bankovni-dum-daubner-1988-czdab/6155d254dde6a;;
30992;Příhody Brouka Pytlíka;0;;m;1978;74.615384615385;14.0;https://prod-fdb-storage.fra1.cdn.digitaloceanspaces.com/placeholders/General.png;30992-prihody-brouka-pytlika;Československo;animovaný / dětský / pohádka / loutkový;Příhody Brouka Pytlíka;"Brouk Pytlík pyšně vykračuje v čele broučí kapely. Pošklebování brouka Potemníka jej však vyvede z míry a vznikne tak pěkná mela, na jejímž konci se Pytlík ocitne ve vodě. Ještě že kolem pluje štika a alespoň nešťastného neplavce vynese na břeh. Zmáčeného chudinku najdou dvě včely a ze soucitu jej vezmou k nim do úlu. To si ale daly! Jen se Pytlík trochu vzpamatoval, hned jim tam zbaštil veškeré medové pečivo určené včelím larvičkám. Samozřejmě že takového hosta včely vyhodí, a náhodou přímo do pavučiny. Pytlík se ovšem předvádí, chodí po laně, až se pavouk rozzlobí a shodí ho dolů na zem, do jakési díry. Všichni už Pytlíka oplakávají, ale teď zasáhnou malá pavoučata – vytáhnou ho znovu na světlo boží. A co Pytlík dál? Teď právě barví motýlům křídla veselými barvami. Je o to takový zájem, až Pytlík usne. A ve spánku ho berušky taky vymalují a na důkaz toho, jak ho mají všichni rádi, dostane ještě zelený věnec.

[??] Příhody Brouka Pytlíka. Filmový přehled. 1979, č. 16 – 17.";;;;;;Hermína Týrlová;František Filipovský;False;;;0+;tt0261925;;False;False;;/prihody-brouka-pytlika-bydejv/4fab4228f750050c;;
82468;Chytrost má děravé šaty;0;;m;1974;74.375;39.0;2gh13semoosslifnhhyg.jpeg;82468-chytrost-ma-derave-saty;Československo;pohádka;Chytrost má děravé šaty;"POZOR SPOILER

V městě Isfahám žije vladař, který se nudí. Chce se projít, ale dá na radu svého vezíra, aby nechodil se svými ochránci, ale v šatech chudého derviše. Na své toulce se dostane panovník až kováři Básimovi. Ten si dobře žije a trochu se chvástá, že si těch pět dirhamů na večeři vydělá vždy. Derviš se ptá, zda i tehdy, když vladař zakáže kovářské řemeslo, a on že ano. Druhý den je zakázáno kovat. Panovník opět přichází, ale Básim má opět plný stůl. Nosil totiž vodu. Opět se chvástá a druhý den je vyhlášen zákaz nošení vody. Panovník je opět na večeři u Básima, ale ten má opět plný stůl. Chtěl totiž prodat drahé šaty, ale na trhu jej v nich považovali za biřice. A on se jim nebránil. A tak se ocitá další den u panovníka, kde je mu sice vynadáno, ale dostává funkci, kterou předstíral, doopravdy. Básim rád přijímá, ale musí mít svých pět dirhamů. Prodá tedy meč, což pak jeho dcera Afra dervišovi vyžvaní. Takže Básim je opět u panovníka, ovšem s dřevěným mečem. Panovník mu poručí, aby setnul Afru, a Básim tvrdí, že se stal zázrak a Alláh proměnil jeho meč. Opět tedy vyhrává a panovník si bere Afru za ženu.";;;meč, kovář;;;Vlasta Janečková;Petr Štěpánek, Jana Preissová, Otakar Brousek, Václav Kotva, Milan Stehlík, Jaroslav Kepka, Václav Vydra, Vladimír Hlavatý, Jiří Bruder, Zdeněk Dítě, Otakar Brousek, Josef Větrovec, Otto Lackovič, Ladislav Trojan, Milan Neděla, Zdeněk Najman, Jiří Cimický;False;;;0+;;;True;False;/file/96273/chytrost-ma-derave-saty-1974-ceske-pohadky-pohadky-nejen-pro-deti.html/;/chytrost-ma-derave-saty-1974-ceskoslovensko/891b132de8c041f3;;
6726;Jedna z milionu;0;;m;1935;73.870967741935;116.0;https://prod-fdb-storage.fra1.cdn.digitaloceanspaces.com/placeholders/General.png;6726-jedna-z-milionu;Československo;komedie;One in a Million;"Paní Nezmarová, bývalá domácí, odchází a lidé kolem ní pláčou. Ona totiž paní domácí z důvodu dlouhé nemoci nebožtíka manžela nadělala pár dluhů. Dům byl tedy prodán v dražbě a ona končí bez majetku na ulici. 

O této paní napíše článek do novin slečna Věra Kalinová. Ta žije u svého strýce, továrníka, jehož životopis použila pro předlohu svého románu „Jedna z milionu“. S tím vyhrála soutěž a následně je jí nabídnuto místo v novinách jako sociální referentka. A jako taková rozhodne se jednoho dne vetříti se mezi chudý lid. Oblékne si tedy obnošené šaty a navštíví úřad, aby si sehnala práci. Zde ji spatří právě paní Nezmarová, splete si ji s dívkou, jíž byla za kmotru, a bere ji ihned k sobě. Oslovuje ji Aničko, protože tak si Věra nyní říká. Také Věřin bratranec chce okusit života chudého lidu a vyráží do ulic. Najde práci na stavbě, ale ta jej hodně zmáhá. Zatím Věra, pardon Anna, jest obdařena teplým kabátem, což ji rozpláče. Již říká paní Nezmarové „tetičko“ a jsou spolu velmi zadobře. Zato Věřin strýc je lstí svého právníka Miroslava vylákán na hory, kde má údajně Věra pobývat. Zde však praskne, že zde vůbec není a nebyla. Ta se ocitla i s tetičkou v kriminále za nepovolený prodej. I Věřin bratranec zde končí také, ale on tomu tak chtěl. Věra jest policií předána domů a strýc je nadšen ze shledání. Věra mu nenápadně vnutí i blízkost paní Nezmarové. Její přítomnost v domě se pak začne ihned projevovat. Totiž úpravou stravy pana továrníka a osvěžením vztahů Věry s mladým doktorem Miroslavem. Ten uvěří tetičce něco o pánovi, který se Věře dvoří. Ta použila jako onoho fiktivního mládence průmyslníka Karla Musila a totéž poradí i Věře. A strýci zase poradí kamarád, aby hrál blázna a tím od sebe paní Nezmarovou dostal. Ta to však řeší po svém, ale ještě je zde doktor Miroslav s žádostí o ruku…";;22.02.1935;;;;Vladimír Slavínský;Antonie Nedošinská, František Kreuzmann, Theodor Pištěk, Ladislav Pešek, Hana Vítová, V.A. Marek, Jiří Plachý, Karel Tobis, Ladislav Pešek, Věra Ferbasová, Blanka Waleská, Jaroslav Marvan, František Kreuzmann, František Černý, Fráňa Vajner, Božena Svobodová, František Filipovský, Jan W. Speerger, Jiří Hron, F. X. Mlejnek, Josef Novák, Marie Holanová, Robert Ford, Josef Sládek, Josef Waltner, Josef Oliak, M. Burton, Eliška Jílková, R. A. Dvorský, Jára Beneš, V.A. Marek, Alois Dvorský, Viktor Socha, Vladimír Štros, Václav Piskáček, Oldřich Papež, Vladimír Smíchovský, Emilie Nitschová, Anči Pírková, Brychtová, Růžena Pokorná, Antonín Volný, Bedřich Frank, Jan Černý, Věkoslav Satoria, Slávka Doležalová, Josef Klapuch, Eduard Šimáček, Karel Postranecký, Helena Svirtová, K.V. Marek;False;;;;tt0248116;;True;False;/file/70033/jedna-z-milionu-komedie-1935-cz.html/;/jedna-z-milionu-komedie-1935-cz/60ba98fdb3261;;
21819;Falešná kočička;0;;m;1926;73.870967741935;63.0;9twzm08o36s743r5jztz.jpeg;21819-falesna-kocicka;Československo;komedie;Když si žena umíní;"POZOR SPOILER!!!

Stomatolog dr. Verner se probírá životem a ženami které potkal, neb se hodlá oženiti. Žádná z žen, jež potkal, mu však nevyhovuje. Jen jedna jediná a tou je jeho hospodyně Amálka.

Vendelín Pleticha je opět bez peněz. 

Doktora napadne hledati sobě ženy v nižší vrstvě a vychovati si ji pak dle svého. Věc se mu ne a ne však podařiti, proto hledá sobě útěchy v Karlových Varech. Zde Amálku potká její dřívější chovanka Míla Janotová. Ta jí sdělí, že její otec nalézá se nyní v zahraničí, a aby přivedla Vernera k nim na večírek. On sice přijde, ale po chvíli znechucen odchází.

Ocitáme se opět v Praze. Zde se dává Míla dohromady s Vendelínem, který se jí ujme coby učitel a učí ji „mravům“. Pak přichází do domu Vernerova a staví se jako prodavačka tkaniček od bot. Verner ji přemluví, aby u něj zůstala. A tak se i stane. Zatímco on ji vychovává, hledá Vendelín lísteček s jejich adresou, neb tam má přijíti coby Mílin otec. Verner již na učení nestačí, a tak přijme domácího učitele. Toho však Míla lstí z domu dostane. Pleticha lístek s adresou nenalézá, obdrží však od Míly dopis, ve kterém adresa je a ihned se tam vydává. Sehrají s Mílou divadlo a Vendelín řádně napit a obdržev peníze se zdá býti spokojen. Doktor mu sdělí, že chce Mílu za ženu a Vendelín jako „otec“ si patřičně dcer ocení. Konkrétně na 50 000. Handlují spolu a doktor nabídne tisíců pět. Jsou blahosklonně přijata a doktor odchází vypsat šek, když je odvolán. Odchází tedy a Vendelín se ocitne v jeho ordinaci. Léčí jeho pacienty, je jasné, že strašně. Pacienti omdlévají a jsou odkládáni na hromadu. Pak je třeba je políti vodou ze zahradnické konve. Verner konečně vyznává Míle lásku, když k němu přichází pacientka, která zná Mílu coby dceru továrníka a ta její inkognito prozrazuje. A doktor Mílu vykazuje z domu, stejně jako po chvíli jejího falešného otce. Ale Míla se jen tak nevzdává…";;24.09.1926;;;;Svatopluk Innemann;Vlasta Burian, Karel Hašler, Zdena Kavková, Antonie Nedošinská, Svatopluk Innemann, Milka Balek-Brodská, Ladislav H. Struna, Filip Balek-Brodský, Jaroslav Marvan, Josef Šváb-Malostranský, Alois Charvát, Jan Zelenka, Jindřich Plachta, Karel Němec, Antonín Marek, Alois Peterka, Jan W. Speerger, Slávka Doležalová, Emanuel Kovařík, F. X. Mlejnek, Růžena Pokorná, Jiří Hron, Jiří Dréman, Marie Kalmarová, Jára Sedláček, Anna Buriánová, Eduard Šimáček, Josef Oliak, Ada Velický, Antonín Frič, František Jerhot, Josef Volman, Fráňa Vajner, Marie Popelková, František Haller, Nita Romanečová, Josef Kotalík, Marie Oliaková, Věra Ferbasová;False;;;0+;tt0279805;;True;False;/file/31967/1926-falesna-kocicka-aneb-kdyz-si-zena-umini-vlasta-burian-karel-hasler.html/;/falesna-kocicka-komedie-1937-cz/60b9b794a9ea6;;
20619;Psohlavci;0;;m;1955;73.529411764706;97.0;7dfrjlrfaau06iq7zxi4.jpeg;20619-psohlavci;Československo;drama / historický;Psohlavci;"POZOR SPOILER

Z nařízení císaře se ruší chodovácké varty. Jenže oni přísahali českým králům, a ne císaři. Proto se bouří. A také si dojdou pro své pergameny a majestáty. Hodlají jít k soudu. V té době zde „vládne“ Wolf Maxmilián Lamingen z Albenreuthu, zvaný Lomikar. Ten má svého hlavního drába Koše, tomu nařizuje najít pergameny a lid ještě více utiskovat. Jan Sladký Kozina ztrácí důvěru místních, co se oženil, není již pravým mužem, jak oni soudí. A proto ukryjí vzácnosti k jeho matce, ale tak, aby on nevěděl, kde jsou. Jan to však jen čirou náhodou vidí. Druhý den je svědkem kácení lípy. A to už jej chladným nenechá. Dojde k pranici, ale lípa stejně padá. Kozina a ostatní rváči končí ve vězení. Vesnice je prohledána a majestáty jsou nalezeny. Pak jsou hozeny před sedláky do krbu. Lomikar se domnívá, že vyhrál, ale netuší, že ještě dva majestáty zbyly. Ty ukryla Kozinova matka jinam. Chodováci  si pozvou rádce, který již kdysi vyhrál soud, a ten jim radí. I oni chtějí k soudu. Toto se doví Lomikar, a zavede přísné sankce. Lidu se to nelíbí a navíc se dozví, že soud ve Vídni prohráli. Proto se rozhodnou odvolat do Prahy. Ani tam však neuspějí, naopak jsou tři z nich odsouzeni na rok těžkého žaláře. Ostatní mohou jít, ale musí podepsat poslušnost. U soudu dokonce dochází k boji kvůli majestátům. A na vesnici je posláno vojsko. Lidé utíkají pryč. Ukryjí se v lese a přidávají se k nim i další muži. Ovšem každý má jen čakanu, a tak někteří jdou a vzdají se. Druzí se bránit chtějí, mají i pušky, ale je jasné, že proti dělům a cvičené armádě na koních nemají sebemenší šanci…";;25.03.1955;podle knižní předlohy;;;Martin Frič;Vladimír Ráž, Miloš Nedbal, Jana Dítětová, František Kovářík, Jarmila Kurandová, Zdeněk Štěpánek, Ladislav Pešek, Jiřina Steimarová, Jaroslav Průcha, František Smolík, Jana Štěpánková, Bohumil Švarc, Jiří Dohnal, Radovan Lukavský, Jaroslav Vojta, Marie Brožová, Marta Fričová, Miloš Kopecký, Oldřich Lukeš, Bedřich Vrbský, Jan Werich, Josef Gruss, Ladislav Boháč, Bohumil Machník, Felix le Breux, Bohuš Hradil, Josef Beyvl, Miroslav Svoboda, Jan S. Kolár, Vladimír Leraus, Lubomír Lipský, Vladimír Klemens, Ladislav Kulhánek, František Holar, Vlastimil Brodský, Josef Bartůněk, Josef Hlinomaz, Ladislav Gzela, František Miroslav Doubrava, Miloš Vavruška, Karel Pavlík, Bedřich Bozděch, Štěpán Bulejko, Erik Zámiš, Stanislav Langer, Otto Čermák, Jaroslav Orlický, Antonín Dvořák, Otto Tutter, Věra Váchová, František Suk, Miroslav Ježek, Jana Zahradníčková, Jarmil Škrdlant, Alexej Solmar, Mirko Čech, T. Jaroš, Václava Austová, Jana Dítětová;False;;;;tt0169151;;True;False;/file/05735/psohlavci-martin-fric-1954-cely-film-.html/;/psohlavci-1955-czfilm/4e27d7570c312714;;
12429;Pantáta Bezoušek;0;;m;1941;73.538461538462;89.0;we1kvjg1yeeotxo59e0q.jpeg;12429-pantata-bezousek;Československo;komedie / drama;Pantáta Bezoušek;"POZOR SPOILER

Starý sedlák Bezoušek chystá se za svým synem Josefem do Prahy. Ještě jde na hřbitov, rozloučit se, a pak, po rozdání instrukcí, jede. V Praze je mile přivítán celou rodinou. I snacha Márinka je nadšená. Pantáta poznává i Márinčinu sestru Melanku. Ta spěchá na schůzku se svým milovaným, nedostudovaným Králišem. Melenčin otec, rada Burdych, ji čeká doma a je značně nervózní. Nepřeje její známosti. Pantáta navštíví kostel a zatoulá se i k jeho opravě, kde poznává právě Králiše. Jenže jej jmenuje stavitelem Kopeckým a ten to netuší. Melanka opět utíká z domu za Králišem. On se pak svěřuje se svým trápením pantátovi, aniž vysloví jakékoli jméno. Pantáta mu chce dohoditi Melanku. Hovoří i s radou Burdychem, ale ani on neví, oč jde. Pak Bezoušek hledá svého bývalého známého z vesnice a nalézá jej, ne však v příliš velké pohodě. Jednoho dne jdou Márinka, Bezoušek, Králiš a Melenka do divadla. Tato „náhoda“ byla dlouho připravována. Po přestávce v představení „Prodaná nevěsta“ pantáta zařídí, aby Melenka seděla vedle Králiše. Její otec však dopátrá se, kde jsou, a jme se je očekávati u východu. Zde pak dojde k výměně názorů a Bezoušek seznává svůj omyl. Musí pak použít lsti a vynalézavosti, aby celou situaci nějak urovnal…";;07.11.1941;;;;Jiří Slavíček;Jaroslav Vojta, Ladislav Boháč, Zita Kabátová, Vlasta Matulová, Karel Hašler, Jan Pivec, Jindřich Plachta, Milada Smolíková, Ella Nollová, Marie Blažková, Alois Dvorský, Marie Rosůlková, Hermína Vojtová, Václav Vydra, Ferenc Futurista, Vladimír Řepa, František Filipovský, Rudolf Hrušínský, Slávka Procházková, Karel Postranecký, Josef Kemr, Ota Motyčka, Vladimír Smíchovský, Betty Kysilková, Bedřich Bozděch, Marie Nademlejnská, Emanuel Hříbal, Karel Němec, Josef Celerin, Jindřich Blažíček, Marie Budíková, Bohumil Švarc, Blažena Slavíčková, Antonín Holzinger, Radana Vojtová, Věkoslav Satoria, Fráňa Vajner, Vladimír Jedlička, Jitka Dušková, Ferry Mandaus, Luděk Mandaus, Jiří Krchňavý, Jaroslav Dražil;False;;;;tt0263835;pantata-bezousek;False;False;/file/13794/pantata-bezousek-komedie-1941-cz.html/;/pantata-bezousek-komedie-1941-cz/60b75cab2b51e;;
30313;Magnetické vlny léčí;0;;m;1965;73.68421052631601;28.0;0mj1xv0gwya73k32josb.jpeg;30313-magneticke-vlny-leci;Československo;komedie;Magnetické vlny léčí;Do malého amerického městečka přijíždí detektiv Biddle, aby varoval místního starostu Bankse před podvodným léčitelem. Domluví se spolu, jak podvodníka usvědčit. Potřebují ho pouze chytit při činu a tak starosta předstírá chorobu a léčitel je vyzván, aby mu pomohl. V režii Vojtěcha Jasného si s chutí zahráli - léčitele Jan Werich a starostu Jiří Sovák..;;;;;;Vojtěch Jasný;Jan Werich, Jiří Sovák, Jaroslav Mareš, Jaroslav Štercl, Eva Pilarová, Zdeněk Srstka, Jiří Šlitr, Naďa Urbánková, Bohumil Zoula;False;;;0+;tt2510032;;True;False;/file/83599/magneticke-vlny-leci-1965-1080p-web-h264-cz-clmb.html/;;;
275;Akce Bororo;0;;m;1972;73.349753694581;91.0;5z5v44ovjmhn6lppmlj8.jpeg;275-akce-bororo;Československo;sci-fi / evropská tvorba;;"Po zázračném indiánském všeléku, jehož tajemství v jihoamerické džungli objevil cestovatel <a href=""https://www.fdb.cz/osobnost/35416-a-v-fric"">A.V. Frič</a>, pátrá český vědec, západní špióni, ale i mimozemští návštěvníci... Civilně natočená sci-fi, volně inspirovaná románem Expedice Élauné, se prolíná s dobrodružným a romantickým příběhem.

Na druhý celovečerní snímek Otakara Fuky Akce Bororo mnozí čeští fanoušci sci-fi nedají dodnes dopustit, a to bez ohledu na to, že neobsahuje takřka žádné vizuální triky a že se nevyhnul určitým „angažovaným"" úlitbám tehdejšímu režimu. Civilně natočený film - na rozdíl od většiny tuzemských sci-fi - totiž vědecko-fantastické téma nezpracovává s komediální nebo s parodickou nadsázkou, ale přistupuje k němu seriózně se snahou o filozofické přesahy i se smyslem pro tajemno.

Mezinárodně uznávaný český vědec Junek z Výzkumného ústavu leteckého lékařství se „náhodou"" seznámí s půvabnou studentkou etnologie Zuzanou Kettnerovou, dcerou Čecha žijícího v Brazílii. Ta díky Junkovi dostane možnost nahlédnout do deníků českého cestovatele Friče, jenž před mnoha lety v Brazílii odhalil tajemství zázračného léku, vyráběného z kůry a listů stromu bororo. Zuzana se sice stane Junkovou milenkou, vědec však zároveň pojme podezření, že pracuje pro nějakou ze západních farmakologických společností, jejichž zlotřilí agenti hodlají indiánskou medicínu získat za jakoukoli cenu. Enigmatická kráska ale pochází ze zcela jiného světa...

Film Akce Bororo nečekaně kombinuje sci-fi o návštěvnících z cizí planety, kteří se snaží zachránit svoji civilizaci, s prvky dobrodružného, špionážního a také milostného příběhu. Scénář až dänikenovsky absorbuje dva odlišné inspirační zdroje. Trio scenáristů Drahoslav Makovička, Irena Drahoňovská a Otakar Fuka vycházelo z rukopisu psychologicky koncipovaného sci-fi románu Miroslava Hanuše Expedice Élauné, který vyšel knižně až v roce 1985. Makovička se znal se synem českého cestovatele, etnografa a spisovatele Alberta Vojtěcha Friče, jenž v letech 1901-1929 podnikl sedm výprav do Jižní Ameriky. A právě v jeho zápiscích našel scenárista informace o indiánském kmeni Bororo, o všeléku z brazilských pralesů a údajně také zmínky o existenci mimozemských civilizací.

Filmový štáb při natáčení neopustil území Československa, a přesto se pomocí archivních materiálů podařilo na tehdejší dobu vcelku věrohodně evokovat atmosféru Jižní Ameriky (Amazonku suplovalo slepé rameno Dunaje). Z herců vzbuzuje největší pozornost Božidara Turzonovová, která svou „měkkou"" češtinou umocnila exotičnost melancholicky zranitelné cizinky z planety Tonatiu.

Tomáš Seidl, LFŠ 2014";;01.12.1973;;;;Otakar Fuka;Vlastimil Brodský, Božidara Turzonovová, Svatopluk Matyáš, Zita Kabátová, Antonín Brtoun, Otakar Brousek, Oldřich Lukeš, Jiří Krampol, Oto Ševčík, Karel Augusta, Jiří Pleskot, František Paul, Libuše Zátková, Karel Bělohradský, Viktor Maurer, Ela Šilarová, Václav Štádler, Olga Jungová, Lorna Vančurová, J. Fürst, Dagmar Nováková, J.L. Citores, Blanka Bohdanová, Radovan Lukavský, Vladimír Fürst, Jan Kuželka, Iva Šašková, Zbyněk Vaňous, Radovan Lukavský, Blanka Bohdanová;False;;;;tt0182686;akce-bororo;True;False;/file/26498/akce-bororo-cz-dabing-1972.html/;/akce-bororo-1972-sci-fi-cz-dabing-by-noxx/687f4e368f891;;
20644;Schůzka se stíny;0;;m;1982;73.846153846154;84.0;ug82749p4bfbarjwgaka.jpeg;20644-schuzka-se-stiny;Československo;drama;;Padesátiletý Michal Sláma (Radoslav Brzobohatý) pracuje jako řidič se skupinou archeologů. Je uzavřený do sebe a společných akcí se neúčastní. Žije jen ve vzpomínkách na tragické válečné zkušenosti, na svou maminku a na léčbu po pokusu o sebevraždu. Jednoho dne se k výzkumu připojí dánský expert dr. Erett (Radovan Lukavský) s manželkou polského původu Barbarou (Jana Brejchová). Ji i Michala k sobě od první chvíle něco přitahuje. Ve skutečnosti je však nepojí náklonnost, nýbrž společně prožitá minulost. Jeden i druhý byli totiž před třiceti lety v Dachau, kde se stali oběťmi hrůzných lékařských experimentů… Komorní psychologický snímek z roku 1982 je dílem scenáristy a režiséra Jiřího Svobody. Ve své době film zaujal tématem, neobvyklým formálním zpracováním i hereckými výkony Jany Brejchové a Radoslava Brzobohatého v hlavních rolích. Dílo získalo několik cen, mj. Gran Premio na MFF v Sanremu či Gran Prix na MFF v Salernu.;;01.09.1983;;;;Jiří Svoboda;Radoslav Brzobohatý, Jana Brejchová, Radovan Lukavský, Ilja Racek, Vlastimil Fišar, Eva Jakoubková, Jan Kačer, Jan Schmid, Jana Synková, Milena Dvorská, Štefan Mišovic, Jan Pohan, Josef Šebek, Svatopluk Matyáš, Zuzana Fišárková, Pavel Nový, Ivan Vyskočil, Luděk Kopřiva, Zuzana Schmidová, Miroslav Paleček, David Prachař, Antonín Brtoun, Roman Hemala, Vladimír Pospíšil, Michaela Vítová, Michael Janík, Antonín Kramerius, Jiří Kraus, Miroslav Nohýnek, Josef Pechanec;False;;;;tt0232600;;True;False;;/schuzka-se-stiny-1982-czdabing/4f00a193991d2554;;
7547;Kolik slov stačí lásce;0;;m;1961;73.846153846154;93.0;752v9k5sizap26p0o8px.jpeg;7547-kolik-slov-staci-lasce;Československo;komedie / povídkový;"Taxi, prosím; Dálky; Zaza";"POZOR, SPOILER

Taxi, prosím	
Taxikář si dává v občerstvení kávičku, ale dopít ji nestihne. Jeho vůz chce žena, která se chce vytáhnout před jiným mužem. On totiž nemá na taxíku značení a vůz je reprezentativní. Pak veze dvojici, která má potíže s její návštěvou u jiného muže, údajně umělce. Další pasažér je vědec. Ten dostane díky taxíkáři nápad, jak vyřešit svůj problém. Po něm následuje pan Kalina v převleku Mikuláše. Nakonec chce taxíka pán s bolavým zubem.

Dálky
Pan Ferda Kalina dělá na letišti. Přitom byl sám nejdále v Jihlavě. Jednou jej letuška požádá o pomoc, když v prostoru pro cestující zůstala malá černošská holčička. Má být v naší vlasti v ústavu a pak se má vrátit do Afriky. Jenže ten, kdo ji měl na letišti převzít, odjel, a tak ji Ferda bere s sebou. Děvčátko u něj přespí a druhý den si je berou na letišti pracovníci domova. Jenže Ferda pak slyší hlášení, že děvče zmizelo a hledá se…

Zaza	
Mladík sleduje dívku na velocipedu. Ona je švadlena a po příchodu do práce dostává práci se smutečními šaty. On na ni vidí, protože je zaměstnán jako krejčí a ona zase vidí na něj. On předvádí pantomimu, což vadí jeho šéfovi, který balil onu švadlenku na moderní automobil. Časem ji dostane až na molo, ale zde při předvádění svatebních šatů dojde k menšímu problému. Děvče brečí o samotě v dílně a již je zde opět onen mladík, co ji sleduje na bicyklu...";;12.05.1962;;;;Jiří Sequens;Ladislav Fialka, Miloš Kopecký, Květa Fialová, Jiří Vala, Jana Brejchová, Zdeněk Řehoř, Karla Chadimová, Jiřina Bohdalová, Věra Tichánková, Lída Vostrčilová, Jiří Kodet, Jana Drbohlavová, Jana Werichová, František Hanus, Jaroslav Mareš, Stanislav Fišer, Miloš Vavruška, Svatopluk Skládal, Darja Hajská, Miroslav Homola, Zora Polanová, Vladimír Navrátil, Robert Vrchota, Jiřina Steimarová, Ladislav Gzela, Gabriela Bártlová-Buddeusová, Vladimír Bičík, Valerie Provazníková, Miroslav Šindler, Jaroslav Krška, Jaroslava Korejzová, Jana Lichtenbergová, Hana Niederlová, František Löring, Eliška Šindelářová, Václav Podhorský, Miloslav Šindler, Vlastimil Brodský, Jana Hlaváčová, Vladimír Menšík, Věra Laňková, Vlastimil Brodský, Jana Hlaváčová, Vladimír Menšík, Věra Laňková, Alena Kreuzmannová, Jana Pešková;False;;;;tt0055053;;True;False;/file/19330/kolik-slov-staci-lasce-komedie-1961-cz.html/;/kolik-slov-staci-lasce-1961-czdabing/8d8715b0fb978c41;;
15634;Smrt stopařek;0;;m;1979;73.319502074689;83.0;h5bic4nly58i6edh9bb6.jpeg;15634-smrt-stoparek;Československo;drama / krimi / thriller / evropská tvorba;Death of Hitch-Hikers;"POZOR, SPOILER

Řidič Charvát bere stopařku. Po delší jízdě zajede do lesa, kde ji znásilní. Žena mu přesto dá na sebe kontakt. 

Charvát bydlí v podnájmu u paní Jarošové a občas si hraje s jejím synem Michalem. Po jednom trochu nezákonném obchodě a jízdě se Charvát vrací zpět do města. V hospodě se pokusí sbalit holku, ale ta už tu má partnera. Na další cestě vezme Charvát dvě mladé holky. Nejedou směrem, kam on, ale on se jim nabídne a vůz otočí. Děvčata nasednou a netuší, že je to jejich poslední jízda v životě. Obě končí jako mrtvoly na skládce, kam je Charvát pohodí. Tyto mrtvoly najde starý lesník Hošek, kterému nedalo postavení Charvátova vozu na skládce, a tak se tam šel později podívat. 

Vyšetřovatel kapitán VB Kameník se ihned ujímá případu a začíná pátrání, které zpočátku vůbec nikam nevede. Hošek nezná ani druh auta, ani barvu a nakonec umírá. 

Ani pátrání v garážích nepřináší výsledky. Až doma u jedné ze zavražděných stopařek je nalezena stopa. Nepřímá, ale přece jen něco - přívěsek s hodinkami. 

Charvát již ví, že hodinky byly v televizi, a že má policii na krku. Krade vrátnému služební zbraň a bere malého Míšu jako rukojmí. Následně ukradne policejní vůz a ujíždí. Pro Kameníka je to výzva, ihned se dává do pronásledování…";;01.10.1979;podle skutečné události, vražda, znásilnění, vrah, policie, vyšetřování, řidič;;;Jindřich Polák;Marek Perepeczko, Zdeněk Buchvaldek, Jaroslava Obermaierová, Dagmar Patrasová, Jana Nagyová, Jana Gýrová, Lída Plachá, Zdeněk Martínek, Karel Heřmánek, Petr Procházka, Karel Vochoč, Robert Vrchota, Eva Trunečková, Alois Liškutín, Petr Pospíchal, Antonín Hardt, Libuše Geprtová, Jana Janěková, Kateřina Vlková, Mnislav Hofmann, Karel Hábl, Jiří Žák, Ladislav Lahoda, Leoš Jirsák, Jitka Asterová, Karel Koloušek, Oldřich Velen, Vilém Besser, Naďa Konvalinková, Tomáš Holý, Jaroslav Klenot, Věra Laňková, Milan Klásek, Karel Chromík, Jana Robenková, Ludvík Wolf, Ladislav Županič, Josef Janoušek, Jiří Havel, Radka Stupková, Daniela Vacková, Markéta Fišerová, Richard Maška, Rudolf Kalina, Miroslav Krejča, Ladislav Šimek, Václav Král, Miloslav Homola, Zdeněk Skalický, Antonín Stockinger, Jiří Reichert, Květoslava Houdlová, Miroslav Rataj, Petr Jákl, Miroslav Jíra, Jaroslav Tomsa, Pavel Myslík, Zdeněk Srstka, Vilém Besser, Naďa Konvalinková, Tomáš Holý;False;;;;tt0240906;smrt-stoparek;True;False;/file/09680/smrt-stoparek-1979-fullhd.html/;/smrt-stoparek-1979-czdab/68940d489bfca;;
55068;Netopýr;0;;m;1981;74.0;142.0;nd90lzpx1rmf9n82on38.jpeg;55068-netopyr;Československo;komedie / hudební;Netopýr;"POZOR, SPOILER

V rámci předehry jsme na velkém bále. Tři muži usedají je kartám. Jsou to doktor notář Falke v kostýmu netopýra, Gabriel Eisenstein, a někdo nedůležitý. Falke vyhrává velkou sumu a opije se tak, že usne. Je pak Eisensteinem a dalšími odnesen ke kočáru a odvezen na velmi frekventované místo. Zde je nakonec ponechán na lavičce. Vidí jej spousta lidí a Falke s obrovskou ostudou z místa své pohany prchá.
 	
Před honosným sídlem zpívá Alfréd své bývalé milence Rosalindě Eisensteinové. Komorná Adéla obdržela dopis od příbuzné, kde se píše o velké slávě u knížete Orlowského a kam ji příbuzná zve. Takže potřebuje volno. Začne tedy plakat a tím si to chce u své paní vynutit. Jenže ta nesouhlasí, protože její muž má jít do vězení.
 
Alfréd a Rosalinda se sejdou a on škemrá, aby mohl přijít. Ale Rosalinda hovoří o tom, že míní zůstat věrnou ženou. Tu se vrací Gabriel i s advokátem a zprávou, že dostal ještě tři dny navíc. I když se ukázalo, že je soudce Gabrielův známý. Nebo právě proto. Přichází sem také Falke a tahá Gabrielana na ples k Orlowskému. Přemlouvá jej, aby šel do kriminálu až ráno. Na ples půjde inkognito. A Gabriel se nechá přemluvit. Rosalinda chce přijmout Alfréda, ale k tomu se musí zbavit Adély. Takže jí dává kýžené volno. A ta samozřejmě okamžitě zamíří na ples u Orlowského. Mezitím přichází k Rosalindě Arnold. Mimo jiné se i převlékne do domácího oděvu a hodlá se usadit. Jenže přijde ředitel věznice. Hodlá totiž Gabrilea osobně do lochu doprovodit. Osobně jej nezná a nikdy jej neviděl. Takže je mu jako manžel spanilé Rosalindy představen Alfréd a ředitel si jej odvádí s sebou do kriminálu.  

Orlowski se na plese šíleně nudí a Falke přiznává, že má pro něj velkou zábavu. Jako první bod mu ukáže Adélu, která přišla na pozvání příbuzné. Netuší dosud, že dopis poslal právě Falke. Příbuzná Ida je z toho perplex, ale ihned Adélu představí jako svou sestru Olgu a začínající umělkyni. Ty dvě jdou hrát karty za Orlowského peníze, které ji vnutil, a to už sem přichází sám Gabriel. Ovšem pod jménem De Reanir. Toho s velkou pompou Falke představuje Olze. Oba právě seznámení se ovládají naprosto skvěle a nedají na sobě znát, že se znají. 

Do této motanice navíc přichází ředitel věznice, který již Alberta předal dozorcům a nyní se chce bavit. Oba mužové jsou seznámeni, každý pod cizím jménem a padnou si do noty. A aby byli všichni pohromadě, přichází ještě na pozvání Falkeho také Rosalinda. Gabriel se jí začne hnedle dvořit a láká její pozornost na hodinky, které mu pak ona vezme. Nu, zábava je u konce, je ráno a policejní ředitel spěchá do práce, stejně jako spěchá Gabriel. 

Frank je tedy již na svém pracovišti. Je zde také vězeňský dozorce Frosch. Přichází sem Gita i Adéla, aby Franka přemlouvaly. Má Olze, tedy Adéle pomoci na místo umělkyně. Když přichází Gabriel, nechá je obě Frank odvést pryč. On i Gabriel se přiznají k podvodu se jmény a řeknou si, kdo jsou doopravdy. Přijde sem i advokát Blind, kterého Gabriel obere o oděv. Ví totiž, že Eisenstain zde sedí a je zvědav, kdo to je. Navíc ví, za ním přichází Rosalinda. V převleku za advokáta je tedy vyslechne. Pak strhne oděv a ukáže v celé své kráse…

Na závěr přichází doktor Falke s dalšími lidmi a vysvětluje svou pomstu za lavičku ve městě.";;;;;;František Filip;Kateřina Macháčková, Magdalena Blahušiaková, Josef Abrhám, Leo Marian Vodička, Hana Maciuchová, Jana Jonášová, Josef Somr, Josef Hajna, František Němec, Josef Heriban, Ilja Racek, Lubomír Havlák, Vladimír Menšík, Jiří Zahradníček, Petr Nárožný, Jaroslav Souček, Viktor Preiss, Libuše Márová, Jiřina Bohdalová, Antonín Jedlička;False;;;;tt3613004;;True;False;/file/27582/netopyri-1999-tv-cz.html/;/netopyr-1981-czdab/61c4fcf060728;;
9293;Malá mořská víla;0;;m;1976;73.292181069959;84.0;5oc12jr7al6kr2eqj0nu.jpeg;9293-mala-morska-vila;Československo;drama / fantasy / pohádka / rodinný / romantický / evropská tvorba;"Malá morská víla (SK); Little Sea Nymph";"Daleko na širém moři hluboko pod hladinou je sídlo mořského krále, jeho dcera malá mořská víla si bezstarostně hraje na mořském dně a občas zahlédne svět nad hladinou moře, svět, ve kterém jsou lidé a jejich lodě - svět, který je pro ni záhadný a který touží poznat. Mořský král ji varuje a zakazuje jí, aby se nepřibližovala k lidem. Malá mořská víla však nedbá otcova varování a plave vstříc hladině a osudovému setkání s princem, kterého zachrání před utonutím a do kterého se zamiluje - láskou tak čistou, čirou a upřimnou, že větší lásky není...

Tak začíná příběh o lásce nevinné mořské bytosti k pozemskému princi, příběh opravdové lásky, která nedbá vlastní oběti, aby ...

Velmi dojemný příběh o nešťastné lasce malé mořské víly je určen nejenom dětem, ale i dospělým, neboť láska je věčné téma a tento příběh nám ukazuje sílu opravdové lásky.";;31.10.1976;láska, moře, podle knižní předlohy;;;Karel Kachyňa;Miroslava Šafránková, Radovan Lukavský, Petr Svojtka, Marie Rosůlková, Milena Dvorská, Libuše Šafránková, Jiří Ornest, Dagmar Patrasová, Jiřina Krejčíková, Alexej Okuněv, Jaroslava Schallerová, Milan Hein, Jana Švandová, Jan J. Vágner, Jiří Světlík, Andrea Čunderlíková, Petr Skarke, Petr Svoboda, Dana Kubálková, Venuše Samešová, Milena Steinmasslová, Jaroslav Heyduk, Vladimír Pospíšil, Jindřich Narenta, Hana Talpová, Josef Vondráček, Jan Pohan, Inka Čekanová, Karel Engel, Pavel Šmok, Miroslav Jíra, Zdeněk Srstka, Ivana Maříková, Marta Richterová, Pavel Rímský, Jiří Klenot, Šizuka Išikawa, Jiří Flíček, Miroslav Krejča, Milan Pěkný, Pavel Robin, Miloš Švarc, Pavel Jiras, Jan Gottlieb, Bert Schneider, Jaroslav Klenot, Vladimír Fürst, Lenka Holas Kořínková, Petr Skarke, Jaroslav Klenot, Luděk Munzar, Karel Anderle, Zdeněk Boubelík, Eva Boubelíková, Petr Novák, Luděk Munzar;False;;;12+;tt0074846;mala-morska-vila-1976;True;False;/file/33947/mala-morska-vila-1976-cz-dabing-hd.html/;/mala-morska-vila-1976-fhd-cz/68f1182a7b06e;;
44116;Co takhle svatba, princi?;0;;m;1986;73.278008298755;90.0;ehnf8cuwg85xim59dmo2.jpeg;44116-co-takhle-svatba-princi;Československo;fantasy / hudební / pohádka / rodinný;Co takhle svatba, princi?;"POZOR SPOILER!

Princ David šermuje se svým vychovatelem Matějem a rozbijí zrcadlo. Je z toho však obviněna nová zrcadelnice Běla. Ta mizí neznámo kde. Přicházejí sem však dvě princezny, které se chtějí vdávat. A protože se neví, která bude královna, musí mezi sebou soutěžit. Princův vychovatel uprosí Bělu, aby zasáhla. Tato se převleče a objevuje se na zámku také - jako Bořivoj. Ten jim určí i úkoly. Jenže obě princezny jsou líné a navíc ještě mají ručičky od práce. Tudíž Bořivoj plní jejich úkoly, a to více než dobře. Oloupá brambory, ušije oděv a složí písničku. Princezny se předvádějí, ale nakonec vyjde pravda najevo. Král zuří a Bořivoj, vlastně Běla se musí ukrýt. Pokud ji prince chce, musí si ji najít…";;31.05.1987;;;;Jiří Adamec;Miroslav Vladyka, Iveta Bartošová, Marcel Zmožek, Jitka Zelenková, Marcela Holanová, Heidi Janků, Ivana Andrlová, Iveta Bartošová, Karel Černoch, Karel Černoch, Petr Nárožný, Jitka Zelenková, Jiřina Bohdalová, Marcela Holanová, Ladislav Křiváček, Heidi Janků, Vlastimil Bedrna, Jaroslava Kretschmerová, Jarmila Švehlová, Josef Dvořák, Evžen Jegorov, Jiří Císler, Ludmila Roubíková, Roman Skamene;False;;;0+;tt1996216;;True;False;/file/53723/co-takhle-svatba-princi-1986-pohadka-1080p.html/;/co-takhle-svatba-princi-1986-pohadka-czdab/6612fe6692d64;;
63686;Moderní byt;0;;m;1971;74.545454545455;36.0;sladrzi2ficqnzs9ynkj.jpeg;63686-moderni-byt;Československo;komedie;Moderní byt;"POZOR, SPOILER

Mladý pár se nastěhuje do panelákového bytu. Hned první návštěva sem přijde omylem. Hledá svůj byt. 

Soused zase rád naslouchá a kvůli tomu k němu chodí jeho kamarád. 

Druhá návštěva je pan Král, ale ten zase hledá paní Brožovou, tak si jde zavolat z balkónu. Nu, a když se nastěhuje do dalšího bytu maminka, je radosti ihned více. 

Rodiny se začínají bavit mezi sebou přes tenké zdi a oba „naslouchači“ začínají natáčet kamerou. A pak ještě dá jeden z nich dohromady periskop. Toto zařízení jim uzme právě nastěhovaný mladík a začíná tím pozorovat maminku. Ta znervózní a tím se začíná plnit novomanželův plán…";;;;;;Jan Moravec;Jiří Hrzán, Regina Rázlová, Lubomír Kostelka, Jan Libíček, Vladimír Menšík, Václav Trégl, Zdeněk Svěrák, Miloň Čepelka, Josef Hlinomaz, Helena Růžičková, Jana Andresíková, Karel Hovorka, Mirko Musil, Karel Urbánek, Marta Richterová, Vlastimil Venclík, Karel Augusta, Libuše Havelková, Slávka Hamouzová;False;;;;tt8873652;;True;False;;/moderni-byt-1971-komedie/65c7f60fdc86f;;
9887;Milování zakázáno;0;;m;1938;73.666666666667;90.0;cz67ukvf3p4law6vk18e.jpeg;9887-milovani-zakazano;Československo;komedie;Lieben verboten;"POZOR, SPOILER!

Na zaoceánské lodi Aurora plují dva muži - strýc Marek a synovec Tonny. Opakují si varietní číslo s utrženou lidskou hlavou. Jeden z nich se vrací po letech z ciziny zpět do vlasti. Oba vydělali peníze a jsou bohatí.
 
Vlakem cestuje obchodnice paní Netušilová s dcerou Annou a manželem. Ten přemýšlí o vesmíru a jiných vznešenostech, takže má spor s průvodčím o jízdenku. V tomto sporu není vítěze. 

Do obrovské vily továrníka Brejchy přichází prodavačka vysavačů a jeden mu vnutí, i když vidí, že vila je vyklizena a není zde naprosto nic. 

Právě probíhá schůze věřitelů proti továrníku Brejchovi. Nahrnou se do jeho vily, ale nalézají pouze vysavač, který ihned zabaví. Ten však není splacen, není tedy Brejchův, ale de facto patří té podomní obchodnici. Zároveň panu Brejchovi přichází telegram, že manželka s dcerou zůstanou v Itálii a ona zažádá o rozvod. Také sem přijíždí Netušil s celou rodinou. Takže vila je plná, ale přitom prázdná. Do toho všeho přichází oznámení, že asi hodně bohatý strýček Marek přijede se svým synovcem. Ten si chce vzít Brejchovu dceru, jenže ta zde není. A tak dostává Netušil nápad. Propůjčí svoji dceru i ženu, a po svatbě bude peněz jako želez. Do hry vtáhne i všechny věřitele, a ti - lačni peněz pochopitelně souhlasí. Vila se tedy promění opět v zařízenou a strýček se vítá s dávným kamarádem. Hned zpočátku dochází k drobným přehmatům, ale rychle se to zase dává dohromady. Ona je kolem toho všeho vůbec legrace, ať již kvůli pazvukům z koupelen nebo předvádění lovu ryb strýcem panu Netušilovi.

S věřiteli i stěhováky je domluveno odnést nábytek a zařízení na signál - na písknutí. Ten ovšem vyšle černoch sedící v kuchyni a nastává zmatek. Ale i toto se pracně vysvětlí a zatluče. Při slavnostní společné večeři vyjde najevo, že polévka není zrovna jedna z nejchutnějších, a tak se alespoň hraje a zpívá. Ale také píská, a to je opět povel pro bandu věřitelů se stěhováky.

Synovec se jako první dozví pravdu od „služebné“ Toničky. Tedy původně podomní obchodnici s vysavači. Oba se vyznají ze svých citů a je ruka v rukávě. Netušilova dcera se objeví v ložnici pana továrníka, a i to zří pan Marek, který šel krmit rybičky svým těstem. Vůbec je zděšen z toho, jak je v noci na chodbě živo, a kdo koho navštěvuje. 

Ráno pak se vše musí postupně vysvětliti...";;04.03.1938;;;;Miroslav Cikán;Václav Trégl, Karel Lamač, Hana Vítová, Jindřich Plachta, Anna Letenská, Helena Bušová, Jaroslav Marvan, Jindra Láznička, Světla Svozilová, František Černý, Bohuš Záhorský, Vlasta Hrubá, F. X. Mlejnek, Karel Postranecký, Antonín Jirsa, Frank Ford, Maud Biedermannová, Julius Baťha, Stanislav Bláha, Wanda Vodičková, Jiří Schreinzer, Hana Vítová, Frank Ford;False;;;;tt0170248;milovani-zakazano;True;False;/file/17862/milovani-zakazano-komedie-1938-cz.html/;/milovani-zakazano-komedie-1938-cz/60b9afb4b6508;;Jan Hála
85456;Jožko Púčik a jeho kariéra;0;;m;1983;75.0;82.0;swaj8xr422k2nnqolxsl.jpeg;85456-jozko-pucik-a-jeho-kariera;Československo;komedie / satira;Jožko Púčik a jeho kariéra;"POZOR SPOILER!

Jožko Púčik je zaměstnancem dobročinné organizace Humanitas. Není zde sám, je zde i správce Ľudovít Rohatý, muž pro všechno Adam a slečna Vierka. Tomu všemu zde velí paní předsedkyně. Jednoho dne správce Rohatý požádá Jožku, aby jej kryl, protože zpronevěřil tři tisíce korun. Púčik souhlasí, i když očekává definitivu. Také počítá, že jeho sestra dostane trafiku. Tím by měl více peněz a mohl by si začít se slečnou Vierkou. Jenže Púčik míní, osud mění. Předsedkyně má v obálce čtyřicet tisíc. Obálku předá Púčikovi, který ji zamkne do šuplete. Jenže když je potřebuje, peníze nikde. Je tedy jat a obviněn i z vraždy vrátného v Humanitasu. V lapáku má různé návštěvy, dokonce i předsedkyně konkurenčního spolku Benevolence. Přichází i Rohatý a Vierka i jeho sestra. Každý chce, aby se přiznal, protože mu z toho kynou výhody.  Nakonec dochází k rekonstrukci případu a Púčik se přiznává. Jenže najevo vyjdou jisté skutečnosti…";;;;;;Peter Opálený;Milan Lasica, Július Satinský, Zora Kolínska, Martin Huba, Kamila Magálová, Božidara Turzonovová, Eva Krížiková, Igor Čillík, František Dibarbora, Stano Dančiak, Milan Kiš, Jozef Dóczy;False;;;7+;;;False;False;;;;
29976;Dva bratři;0;;m;1972;75.0;42.0;mzwa00vntqu6p2zm8g76.jpeg;29976-dva-bratri;Československo;drama;Dva bratři;"Televizní zpracování jednoho z nejvýznamnějších Lermontových dramat v režii Petra Weigla. Milostný příběh, v němž o mladou kněžnu (J. Brejchová) soupeří dva bratři – naivní zamilovaný manžel Jurij (J. Satoranský) a démonický milenec Alexandr (J. Tříska). Příběh je jednou z variací na Démona, ústřední téma autorovy tvorby. Jeho námět čerpal Lermontov z vlastního života, když se setkal se svou dívkou poté, co se provdala za někoho jiného.

Bratři Alexandr a Jurij mají společnou lásku, Věru, provdanou kněžnu Lygorskou. Jurij, její láska od dětství, se vrací na panství v okamžiku, kdy se kněžna objímá s jeho bratrem Alexandrem. Právě láska k jedné ženě dokáže naplno odhalit vlastnosti obou bratrů. Zůstává otázka, co na to všechno kněžna Věra…

Zdroj: ČT";;19.10.1974;;;;Petr Weigl;Jana Brejchová, Jaroslav Satoranský, Jan Tříska, Karel Höger, Miloš Nedbal, Richard Záhorský;False;;;;;;True;False;/file/27355/dva-bratri-jana-brejchova-jaroslav-satoransky-jan-triska-1972-drama-bdrip-1080p-cz-dabing.html/;/dva-bratri-2004/6829a31108583;;
20648;Studentská máma;0;;m;1935;73.46938775510199;98.0;qf9d7zlnjv9ezdmfi122.jpeg;20648-studentska-mama;Československo;komedie / romantický;Studentská máma;"Oddychová sentimentální komedie o malém studentském penzionu, jehož svérázná a rázná majitelka slečna Klatovská mateřsky pečuje o všechny své nájemníky, nezištně jim pomáhá s jejich problémy a prožívá s nimi všechny jejich úspěchy, studentské lásky i životní zaškobrtnutí. Ať už jsou to potíže propadajícího oktavána Emana s latinou, beznadějná láska chemika Jožky Budila k medičce Magdě Bártové, nebo podvodný prodej vzácného obrazu, do kterého se zaplete medik Mirek Toman...

Snímek natočil režisér Vladimír Slavínský, v titulní roli slečny Klatovské se představí Antonie Nedošínská, pověstná svými rolemi energických a výřečných žen.";;20.09.1935;;;;Vladimír Slavínský;Antonie Nedošinská, Theodor Pištěk, Emilie Nitschová, František Paul, Pavla Stolzová, Vladimír Borský, Hana Bělská-Pravdová, Božena Svobodová, Svatopluk Beneš, Jiří Dohnal, František Roland, Miroslav Svoboda, Marie Ptáková, Věra Ferbasová, Karel Jelínek, Blanka Waleská, Karel Dostal, Marie Grossová, Vladimír Borský, Elsa Vetešníková, Karel Hradilák, Karel Němec, Slávka Doležalová, Čeněk Šlégl, Ludmila Stambolieva, Jan Černý, Jan W. Speerger, Josef Sládek, Vladimír Štros, Jaroslav Bráška, František Malý, Alfred Baštýř, Karel Schleichert, Emanuel Hříbal, Bedřich Rádl, Marie Grossová, F. X. Mlejnek, Robert Ford, Jiří Hron, Ingriš-babies;False;;;;tt0234821;;True;False;/file/28048/studentska-mama-komedie-1935-cz.html/;/studentska-mama-komedie-1935-cz/60ba9b82ca8c8;;
52911;Mistr Kornelius;0;;m;1988;76.0;46.0;dqm2sot9jyzk4k33m69c.jpeg;52911-mistr-kornelius;Československo;drama;Mistr Kornelius;"Máte-li v oblibě příběhy plné neskrývaných vášní, utajovaných lásek a hanebných zločinů, zkrátka máte-li rádi příběhy Honoré de Balzaka, zveme vás do Francie do doby Ludvíka XI. Čeká tam na vás jeden z typických balzakovských hrabivců - Mistr Kornelius. Mistr Kornelius je bohatý finančník samotného krále. Král, jehož nelegitimní dcera bydlí ve vedlejším domě, oba často navštěvuje. Jednou v noci se u mistra ubytuje mladík pod záminkou, že chce Korneliovi sloužit. Ten ho varuje, už několik sloužících se ho snažilo okrást a byli za to popraveni. Ráno se dostaví král a mladík je zadržen, neboť Korneliovi se v noci ztratilo pár šperků... Mysteriózní příběh vypráví o skrblíkovi, který podlehl vášni shromažďování majetku, jenž sice vlastní, ale nemůže si na něj sáhnout.

Zdroj: Česká televize";;;;;;Jaroslav Dudek;Josef Kemr, Miloš Kopecký, Jiřina Bohdalová, Hana Maciuchová, Svatopluk Skopal, Zdeněk Řehoř, Vladimír Krška, Rudolf Jelínek, Břetislav Slováček, Ladislav Frej;False;;;;tt6283562;;True;False;;/mistr-kornelius-1988-czdab/61c62c2513e0a;;
60103;Krakonoš a mistr Jehlička;0;;m;1982;76.0;15.0;https://prod-fdb-storage.fra1.cdn.digitaloceanspaces.com/placeholders/General.png;60103-krakonos-a-mistr-jehlicka;NDR / Československo;pohádka / loutkový;"Rübezahl und Meister Nadel; The Spirit of Mountains and Master Jehlička; Old Nip and Master Needle";"Před mnoha a mnoha lety, v dobách, kdy lesy byly plné zvěře a ptactva a kdy horám u pramene Labe vládl Krakonoš, žil v Maršově krejčí, kterému široko daleko neřekli jinak než mistr Jehlička. Maršovský krejčí se jehlou oháněl tak šikovně, že šaty od něho ušité nosil každý, kdo si potrpěl na svůj zevnějšek a kdo si to, samosebou, mohl dovolit. Jehlička se však nevyznal jenom v tajích svého podivného řemesla, ale i v tom, jak si na úkor jiných vydělat nějaký ten peníz navíc. Jednoho dne zavítal do krejčíkova krámku na náměstí i statný dřevař Kuba. Chtěl se oženit s polesného Dorotkou, a proto tak dlouho šetřil šesták k šestáku, až si mohl dovolit oblek od vyhlášeného maršovského mistra. Kuba si přinesl řádnou míru kvalitní látky a Jehlička se dal čile do měření. Za malou chvíli se však zvonek nade dveřmi rozezněl podruhé a do dílny vplul tlustý starosta se svým nezvedeným synkem Karlíkem. Krejčí se rázem mohl ochotou a úslužností přetrhat, Kubu rychle odbyl a věnoval se starostovi. Ten si přál oblek pro svého syna. A snaživý krejčí ihned přinesl Kubovu látku, ustřihl z ní veliký kus, navěsil na starostova uličníka, vzal mu míru a s chutí se pustil do šití. Kuba nic netušil, a proto se bezstarostně vydal za svou Dorotkou. Za pár dní dokončil mistr Jehlička své dílo a starostův Karlík i Kuba si přišli vyzvednout nové obleky. Zatímco chlapec měl šaty jako ulité, nemohl se Kuba do svých ani vejít. Byly to šaty jako na trpaslíka. Když se Kuba ohradil, drzý krejčík na něho vyjel: „Co si kdo donese, z toho mu ušiju. A račte rychle zaplatit!“ A když Kuba odmítl, zavolal na něho četníky. Nešťastný mládenec dal vydřiduchovi, co požadoval, a s bezmocným lamentováním utekl do lesa. Jak tak seděl pod stromem, naříkal na nespravedlnost a vzpomínal na Krakonoše, přistoupil k němu statný děda. Kuba se mu bez okolků svěřil se svým trápením. Moudrý stařec byl samozřejmě Krakonoš, který se rozhodl Kubovi pomoci. Vyměnil s ním oblek za svou starou mošnu. Když si šaty oblékl, nemohl Kuba uvěřit svým očím – kalhoty i sako padly Krakonošovi jako ulité. Pak se vládce hor vydal ke krejčíkovi. Ten ho úslužně přivítal a byl mu k službám. Krakonoš si objednal teplý ovčácký kožich. Mistr Jehlička si podle svého zvyku pořádný kus kožešiny odstřihl pro sebe. Ale to neměl dělat. Krakonoš se rozzlobil a nepoctivého mistra potrestal – protože Jehlička okrádal celé Krkonoše, rozkázal Krakonoš, aby zmizely všechny šaty, ušité z látek, které krejčí získal nepoctivě. V Maršově nastalo boží dopuštění. Nakonec všichni okradení dostali to, co jim patřilo. Svůj oblek dostal i Kuba a svatba byla zachráněna. A mistr Jehlička? Ten onoho památného dne utekl do hor a vzal si s sebou jen košík s jehlou a nitěmi. Nyní chodí po Krkonoších a každému vyspraví, co je potřeba. Živí se poctivě a navíc se do jeho života s chudobnějším živobytím navrátila i radost. A tak předobrý Krakonoš nakonec pomohl i jemu.

[MG] Krakonoš a mistr Jehlička. Filmový přehled. 1982, č. 11, s. 39 – 40.";;;;;;Monika Anderson;Václav Voska, Wolfgang Dehler;False;;;0+;tt1485737;;True;False;;/krakonos-a-mistr-jehlicka-04-csr-1982-loutkovy-kratkometrazni-pohadka/5d4d4e3d5483b;;
30328;Jsouc na řece mlynář jeden;0;;m;1971;76.0;10.0;eo36xviir86ihh9id9n3.jpeg;30328-jsouc-na-rece-mlynar-jeden;Československo;horor / pohádka / kreslený / kombinovaný;There Was a Miller On a River;"Kramářská píseň strašlivá: o vojáku, který se po 20 letech vrací z vojny. Přijde domů na zapřenou, jeho rodiče ho nepoznají, zabíjí a okradou - a pak litují. V kombinaci herce-mima, který píseň předvádí a oživlého děje se odehrává „mordýřský příběh, plný ponaučení"".
katalog 1. Festivalu nad řekou";;;;;;Jiří Brdečka;Ivan Lukeš, Miloš Kopecký, Miloš Kopecký;False;;;;;;False;False;;;;
72772;Drahý Bedřichu;0;;m;1985;76.0;75.0;cidcd5r8quwvi6kzp7su.jpeg;72772-drahy-bedrichu;Československo;životopisný;;Hra zachycuje období, kdy mladý Bedřich Smetana přestupuje na gymnásium do Plzně a jeho školní prospěch se díky strýci, Františku Smetanovi, přece jenom zlepší. Ale zanedlouho i tady Bedřicha odvádí od studia koncertování v plzeňských domácnostech a úspěchy u plzeňských dívek. Teprve jeho opravdová láska k nadané pianistce Kateřině Kolářové, která se posléze stává jeho ženou, urychlí proměnu lehkomyslného a přelétavého mladíka v odpovědného člověka a umělce.;;;;;;Věra Jordánová;Ivan Klečka, Magda Reifová, Petr Haničinec, Věra Koktová, Petr Kostka, Dana Syslová, Jiří Novotný, Gabriela Vránová, Václav Kopta, Eva Jiroušková, Zora Jandová, Karolina Frydecká, Simona Vrbická, Dana Vávrová, Ota Sklenčka, Otakar Brousek;False;;;;;;True;False;;/drahy-bedrichu-1985-drama-historicky-by-ugare/65c926d4e2647;;
2907;Ciao, Italia!;0;;m;1991;76.0;90.0;0xwte83o1s4p273l0dwz.jpeg;2907-ciao-italia;Československo;dokument;Ciao, Italia!;"Fotbal jsem nikdy ráda neměla, považuji ho za jeden z nejodosobněnéjších sportů vůbec, kde se dvě party chlapů na křivých nohou honí za „kulatým nesmyslem"". Nemluvě ani o bandách řvounů, kteří se točí kolem fotbalu, z radosti nebo ze zklamání, jak to vyjde, demolují vagóny a rozbíjejí si navzájem hlavy. Jiný, samozřejmě mužský, ale i mužný pohled na fotbal má celovečerní dokument režiséra Tomáše Tintěry (znáte možná jeho film Hele, on letí) Ciao, Italia!, který zachycuje naše národní fotbalové mužstvo na mistrovství světa v Itálii v roce 1990. Film je koncipován ve trojím znamení devadesátky mistrovství se konalo a film natáčel v roce 90, každý fotbalový zápas trvá ideálních devadesát minut a slavilo se i devadesát let fotbalu. 
Režisér vzal naši účast v Itálii zgruntu a začal kvalifikačním zápasem s Portugalskem, posledním krůčkem do velké soutěže. Potom ukázal průběh naší účasti v zemi fotbalu, odjezdem počínaje , přes jednotlivé zápasy ve skupině až po prohru s tehdy ještě západními Němci. Přesto není jeho reportážní dokument pouhým záznamem událostí. Mezi jednotlivé časové bloky vkládá výpovědi známých herců (P. Nárožný, J. Bartoška, J. Dvořák, R. Brzobohatý), kteří s větším či menším optimismem tipují výsledek. Palce domácím však drží všichni, i pan Kocáb, usoudivší že „vyhrajou červený nebo modrý brabenci"". Nedůvěřivý a pochybující Petr Nárožný jako trest za svou skepsi celý film komentuje (komentář napsal T. Tintěra), ovšem se svou příslovečnou schopností zdravého odstupu a ironie.
Hlavním hrdinou filmu je fotbalové mužstvo jako celek. Trenéři a funkcionáři nepřipustili žádnou individualitu hráčů, protože podobný způsob by vyžadoval mnohem víc času i větší zátěž na koncentraci fotbalistů; kteří se ani před ani během mistrovství nesměli rozptylovat. Člověk, který se ve fotbalovém světě neorientuje a zná maximálně několik jmen hráčů a trenéra VengIoše, má v první třetině filmu potíže s jejich identifikací, ale ono nakonec není důležité, kdo je kdo a nepodstatné jsou i případné neshody v mužstvu, drobné šarvátky a rivality. Když jde o společnou věc, všichni se semknou pod vedením trenéra jako jeden muž.
Při natáčení stál režisér před tvrdým oříškem, jak se vypořádat s popisem několika zápasů (tady odvedli skvělou práci kameramani!) Vždyť až na barvu dresů bývají si nakonec všechny podobné, alespoň se tak zdá vnitřně nezainteresovnému divákovi. Tintěra se tohoto úskalí zhostil nápaditě: věděl, že zápasy se od sebe přee jen liší na první pohled rytmem a namíchal k obrazu pokaždé jinou muziku, umí pracovat i s tichem. Zpomaloval záběry, aby vynikly některé momenty – pády, skoky, výskoky, srážky těl a pod. a rozvinul tak celým dílem pomyslnou nit estetických momentů, v nichž pot, bolest a řev už nehrají hlavní roli zůstává jen zvláštní pocit radosti z pohybu, který jako by se přenášel z protagonistů na diváky. Škoda jen, že se přece jen nestříhal obraz přímo na hudbu - při opačném postupu totiž dochází zhusta k tomu, že rytmus pohybu se mine s hudebními akcenty... Stejně tak mohl režisér věnovat větší pozornost komentáři, který je místy dost mnohomluvný. Zvolil v něm sice správnou míru mezi sdělením obecně známých faktů, které není třeba opakovat ani laické veřejnosti, ale v sekvencích, které zachycují hráče ve volném čase, při rekreaci, s manželkami, se nezřídka uchyluje k banalitám. Nejpůsobivější je slovo v záběrech ze zápasů. Když už se budete ocitat na hranici nudy, rafinovaná poznámka, otázka, pochybovačné slůvko vás vytrhne z letargie a budete zvědavi, jak to dopadne.
Bývali jsme zvyklí na to, že podobné filmy za prohry, vinily kde koho a adorovali sportovní úspěchy části světa, do níž jsme patřili. Tintěrův film je prost falešně oslavných a politizujících úvah. Ukazuje fotbal jako hru, jako zábavu i jako součást byznysu. Nezapomene ani na kousek národní hrdosti. Nejde sice o bůhví jaký dokumentaristický zážitek, ale znalci a fandové si přippomenou pro ně významnou událost, pro ostatní je v Ciao, Italia! k vidění a procítění  krása pohybu a síla zaníceného nadšwní. To není tak málo.
jah Cinema 1991/3/43

Autor/Zdroj: jah/Cinema";;01.09.1991;;;;Tomáš Tintěra;Petr Nárožný, Petr Nárožný, Radoslav Brzobohatý;False;;;;;;True;False;;/ciao-italia-4-cast-cortina-a-zoh-1956-dokumentarny-serial/5ed6601c84152515;;
52746;Cesta Karla IV. do Francie a zpět;0;;m;1981;76.0;97.0;627mudy716nwz4c3nil7.jpeg;52746-cesta-karla-iv-do-francie-a-zpet;Československo;komedie / historický;;;;;;;;František Laurin;Ota Sklenčka, Jaroslav Drbohlav, Jiří Klem, Růžena Merunková, Věra Kubánková, Kateřina Chárová, Jaroslava Pokorná, Bohumil Pastorek, Dalimil Klapka, Jiří Chmelař, Ladislav Kazda, Pavel Spálený, Stanislav Hájek, Zdeněk Dítě;False;;;;;;True;False;;;;
22779;Sedm žen Alfonse Karáska;0;;m;1967;73.333333333333;41.0;1oau5a8sog6q5f93ufw2.jpeg;22779-sedm-zen-alfonse-karaska;Československo;komedie / hudební;7 žen Alfonse Karáska aneb když holky berou, já nevím kterou / In flagranti;"POZOR SPOILER!

Alfons Karásek vyprovodí ženu do lázní a domlouvá si rande se spoustou jiných. Dvě se potkají hned ve výtahu, který Alfons zabrzdí tyčí. Dámy stráví ve výtahu noc, ale Alfons jaksi přijde zkrátka. Druhý den narazí na slečnu, která se pohádala se svým přítelem a řekla mu, že si vezme prvního blba, kterého potká. Dají si rande večer u radnice. Jenže cestou tam srazí Alfonse autem cizinka. Stráví spolu večer ve vinárně, ale nahrnou se tam její přátelé a Alfons opět „utře“. Třetí den, tedy ve středu, je však opět plný elánu. A pozve si vdanou paničku. Jenže se jim vylije víno, do kterého si ona sedne a je třeba závadu odstranit. Takže opět k ničemu nedojde, až na drobnost menšího požáru. Čtvrtek se musí naplánovat chytře. Doma ne. Na chatě. A tam si Alfons veze další dámu. Možná by to vyšlo, kdyby nestrčil nohu do pasti. V pátek je ještě v nemocnici. Je propuštěn a večer v parku narazí na rádodajku. Ta jej obere i o šaty. A v sobotu se k němu nahrnou dámy všechny a je nutno je někam poschovávat. Co kdyby se vrátila manželka, že?";;;;;;Zdeněk Podskalský;Miloš Kopecký, Jaroslava Adamová, Jana Dítětová, Naďa Urbánková, Carmen Mayerová, Karolina Slunéčková, Pavlína Filipovská, Hana Hegerová, Milena Zahrynowská, Stella Zázvorková, Aťka Janoušková, Otto Šimánek, Zdeněk Dítě, Václav Štekl, Milan Neděla, Lubomír Kostelka, Josef Hlinomaz, Felix Černý, Vítězslav Černý, Setleři, Judita Čeřovská;False;;;;tt0174188;;True;False;;/sedm-zen-alfonse-karaska-1967-czdab/83d4cfb9946da583;;
20647;Sirius;0;;m;1974;73.888888888889;50.0;cqu9qqndmxruqf3dowyt.jpeg;20647-sirius;Československo;drama / dětský / vojenský;Poslední východisko;"Lyrický film pro děti a mládež vypráví příběh z let nacistické okupace. Dvanáctiletý venkovský kluk se nemůže smířit s představou, že jeho pes Sirius má být odevzdán německé armádě.
V polovině 70. let si režisér F. Vláčil nemohl vybírat náměty svých hraných filmů.";;01.11.1975;;;;František Vláčil;Michal Vavruša, Jana Hlaváčková, Karel Chromík, Vladimír Jedenáctík, Karel Hábl, Jaroslav Toms, Bořivoj Navrátil, Jan Hrušínský, George Pokrovskij, Petr Holcer, Pavel Jiras, Miroslav Pechar, Ivo Hepner, Milan Rabas, Milan Jonáš, Zdeněk Kryzánek, Jana Hlaváčová;False;;;;tt0176146;;True;False;/file/53414/sekce-nula-s01e06-sirius-requiem-cz-dab.html/;/sirius-1974-czdab/6475336b1f823;;
22859;Lítost;0;;m;1970;73.888888888889;64.0;69xptkkl0xc3k7q3jmwg.jpeg;22859-litost;Československo;drama;Lítost;"Nedožité 75. narozeniny (15. 12.) významného českého režiséra Evalda Schorma připomene jeho inscenace hry Jiřího Hubače z roku 1970, která patří k vzácným snímkům archivu ČT. Oblíbený lidový zpěvák Jaro Zárubecký, někdejší číšník, žije jen pro svého syna. I když se cítí úspěšným, přece jen z určitého pocitu méněcennosti se snaží vyrovnat těm ""výše"" postaveným a chce na tuto úroveň dostat i syna. Dovídá se, že Pavel je v partě chlapců, kteří si z nedostatku jiných zájmů pouštějí plyn, aby ten, kdo jej zavře, se stal ""srabem"". Zárubecký je ochoten syna ochránit i za cenu ztráty pracovní i životní partnerky...
Česká televize";;18.10.1970;;;;Evald Schorm;Rudolf Hrušínský, Jan Hrušínský, Vlasta Chramostová, Miroslav Homola, Robert Vrchota, František Holar, Jiří Lír, Karel Mareš, Jiřina Jandová, Karel Fiala, Rudolf Hrušínský, Zdeněk Dolanský, František Skřípek, Jiří Schmitzer, Miloš Vognič;False;;;;tt0174894;;False;False;/file/50489/mo-s01e03-litost-cz-dabing.html/;/litost-1970-drama/65c82d717bb0a;;
6797;Jen o rodinných záležitostech;0;;m;1990;73.404255319149;114.0;qb8dv3xuz4okon3spjto.jpeg;6797-jen-o-rodinnych-zalezitostech;Československo;drama / krimi / evropská tvorba;Jen o rodinných záležitostech;"POZOR SPOILER!!!

Pořádá se veliká slavnost u příležitosti narozenin jednoho potentáta. Slavnosti se účastní i JUDr. Jan Steiner - Kamenický se svou mladou manželkou Alenou. Vzápětí je Jan ve svém bytě v půl třetí ráno přepaden komunistickým gestapem a zajat. Alena se obrací po jedenácti dnech zoufalství na jeho nejlepšího kamaráda Jaroslava Mrázka. To je také papaláš. Je to tajemník KV KSČ.  Než však cokoli stihne udělat, je také zatčen. Teprve u výslechu se dozví, že byl ze strany vyloučen a zbaven funkce. Pak je několikrát vyslýchán a to ne zrovna v rukavičkách. Návštěvu Aleny nepřiznává, ale pak je mu přehrán její důkaz. Výslech následuje výslech, a je „zatčena“  Jarynova milenka Monika Nekludová. Ta však v kriminále nekončí. Mrázkova manželka Lída je nucena opustit zaměstnání a její muž je pomalu manipulován k falešnému doznání. Lída s dcerou je přestěhována do malého a mokrého bytu bez proudu a tekoucí vody. I zde ji najde vyšetřovatel STB /66/ se svými komplici a pokračuje v nátlaku. Lída navštíví Františka Loukotku, kterého ukrývali za války, čímž vlastně nasazovali své životy. Jeho ženou je přijata vlídně, ale on sám jí vynadá a pak ji vyhodí. Je totiž u STB. Lída se setká i s Alenou. K výslechu je před Jaroslava postaven František Loukotka, který mu do očí přeříká naučenou výpověď. Janovi je zachycen moták a je mu předložen dopis od jeho ženy, že odchází. To je zcela zlomí. Předepsanou výpověď se již učí i Jaroslav. Všichni ji musí u soudu umět nazpaměť. A soud se neúprosně blíží…";;01.04.1991;;;;Jiří Svoboda;Jiří Bartoška, Jaromír Hanzlík, Marta Vančurová, Milan Kňažko, Karel Roden, Miroslav Macháček, Rudolf Hrušínský, Ladislav Potměšil, Miroslav Donutil, Zdeněk Mucha, Magda Reifová, Ilona Svobodová, Oldřich Vlach, Barbora Leichnerová, Ivan Jiřík, Daniel Landa, Viktor Malát, Miroslav Středa, Jan Přeučil, František Husák, Milan Riehs, Vlastimil Čaněk, Svatopluk Matyáš, Miloslav Štibich, Hana Frejková, Karel Holas, Zdeňka Sajfertová, Eva Asterová, Václav Mareš, Václav Mareš;False;;;12+;tt0099876;;True;False;/file/69431/jen-o-rodinnych-zalezitostech-1990-drama-1080p.html/;/jen-o-rodinnych-zalezitostech-cz-film-1991-jad/5aa5578a752ca;;
69365;Ze života dětí;0;;m;1977;80.0;10.0;w2mb3opu7bw07suo6gdx.jpeg;69365-ze-zivota-deti;Československo;kreslený;Ze života dětí;Rodiče a malý chlapeček. Pomocí své vlastní fantazie a „kouzelné“ pastelky „kouzlí“ různé věci, které dospělým překážejí, takže ho neustále napomínají. Přijíždí k nim návštěva – manželský pár s holčičkou ve věku chlapečka. Chlapeček a holčička jsou vykázáni do jednoho pokoje, aby nerušili návštěvu. Hry s fantazií teď mohou provádět ve dvou. Ožívají tu různá zvířata, stroje apod. Zatím v obýváku hostitelka všem předvádí své nejnovější přírůstky do šatníku. Nuda v obývacím pokoji stoupá, jen občas přerušována podivnými zvuky z pokoje, kde si hrají chlapeček s holčičkou... Nakonec se jejich oživlá fantazie „prolomí“ až do obývajícího pokoje. Dospělí omdlévají, chlapečkův tatínek a auto rodičů holčičky jsou zasypáni sutinami... Chlapeček a holčička pomocí kouzelné pastelky vše napraví, ale „nový“ tatínek je opravdu jako vyměněný...;;;;;;Miloš Macourek, Jaroslav Doubrava, Adolf Born;;False;;;0+;tt0264203;;False;False;;;;
93083;Variácie slávy;0;;m;1991;80.0;88.0;34a2vavzc8g8ir6duvs2.jpeg;93083-variacie-slavy;Československo;hudební / historický / životopisný;Variácie slávy;"Povodný televízny film o jednom z najväčších hudobných géniov. Sledujeme Mozartove prvé kroky vo svete hudby až po premiéru jeho prvej opery La finta semplice, ktorú napísal ako dvanásťročný. Detstvo W.A. Mozarta bolo velmi ručné, spojené s neustálym cestovaním, plné slávy a obdivu. Otec Leopold, vynikajúcí hudobník, viedol syna cielavedome k úůohe zázračného dieťaťa. Ich cestovanie po Európe sa však nespájalo iba s úspechmi, ale aj úporným bojom o existenčné zabezpečenie rodiny a večným strachom matky o krehké zdravie detí, a tak budeme sledovať Mozartove prvé kroky vo svete hudby.
Archiv STV";;;;;;Miroslav Sobota;Jan Maxián, František Maxián, Karolína Syrovátková, Ivan Romančík, Emília Vášáryová, Vladimír Durdík, Ľubomír Gregor, Elena Kucháriková, Ivan Krivosudský, Magda Paveleková, Milada Rajzíková, Alfréd Swan, Zuzana Kocúriková, Elo Romančík, Zuzana Dančiaková, Mirko Musil, Marian Sotník, Bronislav Križan, Michal Monček, Jana Hlaváčová, František Kovár, Norina Bobrovská, Vladimír Kostovič, Adolf Lachkovič, Alena Procházková, Dana Hlaváčová, Martina Menšíková, P. Davanová, Peter Oswald, K. Zajíčková, D. Rusö, J. V. Michalko, R. Zelenka, G. Achátziová, Bambini di Praga, Antonín Navrátil, Peter Rúfus, Nora Kuželová;False;;;0+;tt6474500;;False;False;/file/87918/variacie-slavy-1991-hd-x264-goodsound.html/;/variacie-slavy-1991-skdab/60486b79e3646;;
86272;Štvrtá hlava draka;0;;m;1985;80.0;66.0;w01qifyhsrncofgxxzg9.jpeg;86272-stvrta-hlava-draka;Československo;fantasy / pohádka / rodinný;Čtvrtá hlava draka;"Rozprávka o dvoch bratoch-dvojičkách, ktorí sa tvárou na nerozoznanie podobajú, ale duše majú celkom iné: kým Pavla z otcovho dedičstva zaujíma iba mešec peňazí, Peter si vyberie starý meč - symbol cti svojho rodu. Pavlovi peniaze priniesli moc a ďalšie bohatstvo, ale zobrali mu aj posledný zbytok súcitu. Keď sa v krajine objaví drak s tromi strašnými hlavami, Pavol nie je ochotný pomôcť v biede ani vlastnej matke a bratovi a ani mu nenapadne zachraňovať princeznú, ktorú chce drak za ženu. Zachráni ju Peter - s pomocou rodového meča zotne drakovi jeho strašné hlavy: Biedu, Utrpenie i Hlad. Posledné drakove slová ale prezradia, že existuje ešte štvrtá, neviditeľná hlava, ktorú premôcť bude najťažšie. Dlho trvá, kým kráľ i všetci v krajine pochopia, že je to ľudská Zloba, ktorú využíva Pavol. Privlastnil si bratove zásluhy a žiada princeznú i pol kráľovstva. Princezná, vďaka svojej láske k Petrovi a vlastnej odvahe odhalí jeho zradu a zachráni svojmu milému život.

(Zdroj: Slovenská televízia)";;;;;;Ľubomír Vajdička;Maroš Kramár, Zuzana Vačková-Rogelová, Žofia Martišová, Ján Klimo, Ján Kramár, Olga Zöllnerová, Peter Rúfus, Štefan Bučko, Ján Venéni, Viktor Blaho, Július Vašek, Vladimír Hajdu, Igor Krempaský, Roman Luknár, Irena Pašková, Iveta Malachovská;False;;;0+;;;False;False;;;;
103367;Strýčkov sen;0;;m;1978;80.0;89.0;oa5mlenzr6sempv08q2q.jpeg;103367-stryckov-sen;Československo;komedie / drama;Strýčkov sen;"Televízna adaptácia novely F.M.Dostojevského, v ktorej chorobná túžba po majetku, spolocenskej prestíži a prospechu tvorí základ motivácie postáv a rozvíja komický pokus o neprimeraný sobáš.
Archiv STV";;;;;;Miloš Pietor;Mária Kráľovičová, Ctibor Filčík, Alžbeta Pietorová, Martin Huba, Ida Rapaičová, Zdena Studenková, Viera Hladká, Libuša Trutzová, Elena Kucháriková, Eva Krížiková, Zora Kolínska, Viera Radványiová, Naďa Kotršová, Viliam Záborský, Oľga Šalagová;False;;;12+;;;False;False;;/stryckov-sen-1978-skdab/62479c179b933;;
42887;Snídejte v trávě!;0;;m;1969;80.0;12.0;https://prod-fdb-storage.fra1.cdn.digitaloceanspaces.com/placeholders/General.png;42887-snidejte-v-trave;Československo;komedie;Dejeunez-Vous sur l'Herbe!;"Čtveřice výletníků se nadchla nápadem uspořádat piknik v přírodě ve stylu proslulého obrazu francouzského impresionisty Edouarda Maneta Snídaně v trávě (1863). Jejich snaha není zcela úspěšná a tak se chystají inscenovat další slavné výtvarné dílo... Groteska mírně okořeněná černým humorem. 

Zdroj: Československá filmová společnost";;;;;;Ivan Renč;Helena Růžičková, Jiřina Třebická, Václav Výtvar, Vladimír Bárta;False;;;;;;True;False;;;;
62170;Sněhurčino polepšení;0;;m;1990;80.0;28.0;5iqj6kmslbdkeg3wezbo.jpeg;62170-snehurcino-polepseni;Československo;pohádka;Pohádky pod lupou: Sněhurčino polepšení;"Televizní studiová pohádka z volného cyklu POHÁDKY POD LUPOU, který spojuje postava pohádkového poradce (<a href=""https://www.fdb.cz/osobnost/459-otakar-brousek"">Otakar Brousek</a>) uvádějícího na pravou míru nejrůznější legendy a mýty týkající se známých pohádkových postav. 

V této části půjde o slavnou Sněhurku.";;;;;;Miloš Bobek;Eva Hrušková, Otakar Brousek, Simona Stašová, Michal Suchánek, Václav Vydra, Ferdinand Krůta;False;;;0+;;;True;False;;;;
27834;Rodiče;0;;m;1958;80.0;;https://prod-fdb-storage.fra1.cdn.digitaloceanspaces.com/placeholders/General.png;27834-rodice;Československo;etuda;;Po bytě se mlčky z místnosti do místnosti pohybuje otec a balí si věci. Matka diktuje dceři úkol z českého jazyka a je smutná. Holčička si vybavuje nedávnou hádku rodičů. Ničemu z toho nerozumí a myslí si, že tatínek jako velký a dospělý člověk má přece dostatek rozumu. Jak matka, tak i otec holčička slibují, co všechno jí brzy koupí. Ona by ze všeho nejvíce potřebovala, aby tatínek zůstal doma. Ten už na nic nečeká, pokládá klíče v předsíni bytu a zabouchává dveře.  Holčička chápe, že tatínek odešel.;;;;;;Milan Růžička;Martin Růžek, Vlasta Chramostová, Ivana Dvořáková;False;;;;;;False;False;/file/62509/fotbalovi-rodice-s01e02-2025-cz-dabing-hd.html/;/rodice-s01e04-czdab/606dfc7045bba;;
54425;Radúz a Mahulena;0;;m;1959;80.0;;https://prod-fdb-storage.fra1.cdn.digitaloceanspaces.com/placeholders/General.png;54425-raduz-a-mahulena;Československo;drama / pohádka / poetický;Radúz a Mahulena;vysíláné z barrandovského ateliéru, odpoledne při generálce navíc natočeno na TRC - telerekordink!;;29.03.1959;;;;František Filip;Václav Voska, Jiřina Švorcová, Vlasta Fabianová, Vlasta Chramostová;False;;;;;;False;False;/file/33592/raduz-a-mahulena-cz-dabing-1970.html/;/raduz-a-mahulena-cz-dabing-1970/5a10e6ddd1ec1;;
30472;Projekt;0;;m;1981;80.0;6.0;fw5etxkfhmsk63bzxo62.jpeg;30472-projekt;Československo;animovaný;The Design;"Na pracovním stole projektantovy ruce připravují pomůcky potřebné při navrhování projektu: tužky, pravítka, gumy, nůžky, barvy, tuš a papíry, kružidla, ořezávátko... Za malý okamžik už se rameno pravítka míhá po rýsovacím prkně jen to sviští. Postupně se na papíře objevuje stavební projekt, jehož jednotlivé fáze jsou ve zvuku doprovázeny reálným hlukem, vyskytujícím se na každé stavbě – skřípěním jeřábu, hučením motorů, vrzáním koleček, boucháním dveří. Najednou se na jednom místě výkresu objeví kaňka, ale pečlivá ruka ji okamžitě vyškrábe žiletkou, a pak už obrysy projektu rostou závratnou rychlostí. Množí se čáry a linky, objevují se číselné údaje, podlaží, čísla dveří, kuchyňské linky a nakonec je tu celá kostra mnohopodlažního panelového domu. Návrhářova ruka vytahuje z obálek pestré papírové vystřihovánky, představující různé druhy nábytku a vnitřního zařízení. V jednotlivých buňkách z nich sestavuje různé modely bydlení. Projekt je záhy zaplněn nápaditě zařízenými byty, vyjadřujícími svým nábytkem a jeho uspořádáním vkus, záliby i pracovní zaměření budoucích obyvatel. Už při tomto diferencovaném „papírovém“ zařizování se však objevují potíže – například při vytváření modelu vědecké pracovny se do místnosti ne a ne vejít rozložitá starožitná knihovna. Ruce si však po chvíli váhání poradí – z třídílné skříně je jedním šmiknutím nůžek rázem skříň dvoudílná. Do takového paneláku se stěhují všelijací lidé, a tak se v projektu vyskytuje vedle supermoderní domácnosti byt hudebníka, byt sběratele starožitností, selská jizba... Může tu bydlet i pastevec nebo dudák. Projektant by mu do pokoje dal rád i jeho kozu, ale ta bohužel má rohy a nevejde se tam. A zase stačí několik umných střihnutí a z rohaté krasavice je pěkný chundelatý psík, který svými rozměry do pokoje pasuje jako ulitý. Tak postupně zabydlí návrhář celý dům nejrůznějšími typy lidí, kteří žijí ve svých buňkách sice stísněně, ale snad ještě jakž takž podle svých představ a přání. Pak ruce přikryjí celý projekt pauzákem, na který narýsují venkovní fasádu se spoustou naprosto stejných oken. Geometricky je to velmi úhledné, ale strohé. Alespoň, že uvnitř se ty byty trochu liší, řekne si divák. Poté, co ruka válečkem uhladí na pauzáku i ty nejmenší vrásky, odkryje se průřez domu a místo barevné mozaiky se objeví šeď stejně zařízených bytů. Jen na některých místech ještě probleskují zbytky původních barev; projekt je tedy nutno opět převálcovat. Když se znovu ukáže průřez domu, svítí barevně už jen jedno místo, to, na němž se na samém počátku projektování objevila kaňka. Návrhářova ruka odlepí barevný flíček – obrázek nad pohovkou, a místo něj nalepí šedivý, týž, který je i v ostatních bytech. Teprve teď je všechno v pořádku, nic už nenarušuje jednolitou šeď stovky bytových buněk panelového domu. byty jsou stejné, projekt je hotov. Nastupuje fáze papírových maket. Kamera pomalu odjíždí od jednoho modelu a v obraze se objeví mnoho takových domů s přesně stejnou fasádou, stejnými okny, stejnými byty; stejnými lidmi...? 

[zb] Projekt. Filmový přehled. 1982, č. 3, s. 41 – 42.";;;;;;Jiří Barta;;False;;;;tt2097905;;False;False;/file/40868/starik-v-utajeni-s02e07-skupinovy-projekt.html/;/projekt-power-project-power-2020-avc-cz-dabing/5fabe6a61b948;;
81712;Ples na rozloučenou;0;;m;1982;80.0;85.0;ofiywaxz6rjcg3foqnql.jpeg;81712-ples-na-rozloucenou;Československo;drama;Ples na rozloučenou;"„Ze zprávy městské rady: Věc — plesová zábava. Místo zábavy — Wundertal, sídliště středního rozsahu. Noc ze soboty na neděli. K ránu jeden mrtvý…“ Takhle kusá, byrokratická zpráva rámcuje televizní hru pražské Hlavní redakce dramatického vysílání, nazvanou Ples na rozloučenou. Vznikla podle stejnojmenné knihy současného západoněmeckého beletristy Gerda Gaisera, knihy pozoruhodné, jejíž výjimečnost nespočívá ani tak v literárních kvalitách textu, jako spíš v jeho formě a především v jeho závažnosti.

Ano, víc než o dějové motivy jde v této útlé knížce o pokus o filozofický výklad jedné epochy: spisovatel obnažuje rodící se diferenciaci uvnitř západoněmecké společnosti v období nečekaného, omamného „boomu“ v první polovině padesátých let. Hospodářský zázrak Spolkové republiky za Adenauerovy éry kastuje lidi, tmelené do té doby potřebou i nezbytností setřást se sebe následky prohrané války, do uzavřených skupin, formovaných podle příslušných daňových tříd. Peníze a charakter — to je vlastně ústřední předmět Gaiserova zkoumání. Myšlenkovým poselstvím textu je přitom věta, kterou pronáší jedna z postav knihy, Hersa Andernothová: „Člověk se nesmí minout sám se sebou“.

Sociální a především morální diferenciaci rozkrývá autor na mikrokosmu maturitní třídy v době, kdy se školáci chystají oslavit konec studia závěrečným plesem. Dosud homogenní kolektiv se zvolna rozpadá na menší skupinky, jež od sebe dělí výše bankovního konta rodičů. U těch bohatších přitom povyšuje vědomí možností, zapovězených těm druhým, výrazně vlastním já nad dosud platícím my. „Chci si koupit magneťák, drahý magneťák. Zabuduju si ho doma do skříňky, a když skříňku otevřu, ozve se mi tichá hudba,“ vysvětluje vlastně upřímně student Drautzmann kantorovi na otázku, proč nepřispěl penězi do třídní sbírky pro chudého spolužáka. Vnitřní rozklad society pak dále pokračuje, byť navenek je demonstrován jen zdánlivě malichernými spory kolem jednoho plesu…

Jak už bylo výše řečeno, má Gaiserova kniha blíž k eseji než ke čtivému románu. A jestliže autor nakládá s dějovou linkou i s postavami příkře podle svých racionálních záměrů, lze stěží očekávat, že by text obsahoval pečlivě vybudovanou dramatickou klenbu. Záměr přenést knihu do podoby dramatické literatury byl tak dvojnásob komplikovaný. Adaptátorka (a režisérka) Miroslava Valová pokus podstoupila.

Ples na rozloučenou je zvláštní hra. Ne strhující, ne rozjitřující — spíš mrazivá. Autorka programově atakuje rozum. Inscenace je rozvržena na způsob šachové partie: triumfuje v ní neúprosná logika. Přitom tajenka úspěchu hry spočívá, řekl bych, v kombinaci viděného s alespoň rámcovou obeznámeností s fakty, s poměry v NSR oněch let. Už proto nepředpokládám, že by Ples na rozloučenou náležel k divácky nejvděčnějším titulům; pro zcela nezasvěceného přihližitele mohla inscenace zůstat dokonce obtížně dešifrovatelným rébusem.

Úplnému soustředění na smysl, na metaforu, podřizuje autorka i veškeré realizační prvky. Odsud možná rezultuje dojem až divadelní statičnosti mnohých sekvencí, strohost hereckých kreací. Retrospektivy, vkomponované do příběhu, jsou natáčeny tak, aby budily spíš dojem symbolů (motiv Rosamunty, motiv Torna): do našeho jednání, do našich úvah „prosakují“ mimoděk i naše minulé osudy…

Dlužno v této souvislosti zmínit přínos tří nejbližších spolupracovníků Valové: kameramana Vladimíra Opletala, komponisty Mlhoše Kafky, i architekta Luboše Součka, jejichž práce plně respektovala režisérčin záměr; výsledkem je pozoruhodná celistvost všech významotvorných složek.

Ještě k hercům. Pomiňme teď standardní výkony zkušených Andresíkové, Fialové, Postráneckého, Cupáka a dalších. V rolích maturantů se vedle posluchačů lidové konzervatoře a již etablovaného Michala Peška ve vydařené studii psychicky narušeného Rakitsche představili i studenti lounského šestého ročníku pražské konzervatoře Ilona Svobodová, Jan Čenský, Jana Matiášková, Gustav Bubník a Martin Votava. To obsazení jako by bylo symbolické: také oni si zatančili na svém „plese na rozloučenou“ — před prázdninami se za nimi zavřely brány školy. Talent většiny z nich je už prověřen z řady televizních i filmových prací (pár Svobodová — Čenský vytvořil například nedávno ústřední dvojici v Rychmanově filmu Láska na druhý pohled); přejeme si, aby nezplaněl. Aby se neminuli sami se sebou, tak, jak se to přihodilo některým z mladých obyvatel Wundertalu, které představovali…

PETANA, Miloš. Ples na rozloučenou. Scéna. 1983, roč. 8, č. 17, s. 5.";;;;;;Miroslava Valová;Václav Postránecký, Jana Andresíková, Ilona Svobodová, Michal Pešek, Květa Fialová, Jana Matiášková, Miluše Dreiseitlová, Gustav Bubník, Zuzana Skalická, Jan Čenský, Martin Otava, Eduard Cupák, Milan Riehs, Vladimír Krška, Soňa Dvořáková, Pavel Soukup;False;;;;;;False;False;;;;
74032;Píšťalka;0;;m;1971;80.0;13.0;fjorfivvcn3nnv93u7z8.jpeg;74032-pistalka;Československo;dětský / loutkový;Skleněnka (prac. název) / Kouzelná píšťalka (prac. název);"Celým zámkem zní neodbytná panovačná královská melodie. Podle jejího rytmu vytrubují heroldi, podle jejího rytmu tančí smutný šašek, smaží kuchtík. Princezničce je všudypřítomná melodie protivná. Pláče. Král chce princezničku potěšit a nařídí dvořanovi, aby od kejklíře koupil veselý skleněný míč, který tančí podle kejklířovy píšťalky. Dvořan nabízí zlaťák, ale musí dát celý měšec, než si může míč odnést. Na píšťalku ani nevzpomene, a když ji kejklíř za ním hodí, opovržlivě prostou dřevěnou píšťalku zahodí za zeď královské zahrady. Tam ji zvedne pasáček ovcí Honza a hned zkusí zapískat ovečkám. Míč však poslouchá jen melodii píšťalky, vzepře se dvořanovi a vyskočí oknem za Honzou. Pasáček píská ovečkám a míč si s nimi hraje. Princezna odejde ze zámku za míčem a dojde až k Honzovi. Hrají si všichni. Princezně spadne korunka z hlavy. Korunku najde ovečka a dá ji Honzovi. To už přiběhne dvořan s biřici a káže zavřít Honzu do klece jako zloděje princezniny korunky. Honzu donesou v kleci na zámek. Princezna mu nemůže pomoci. Ale ovečka přinese kouzelnou píšťalku, Honza zapíská a míč se pustí do jeho věznitelů. Zporáží královskou gardu, rozbije klec a osvobodí Honzu. Lahodná melodie prosté píšťalky přemůže královský strohý rytmus, přivolá do Honzovy náruče i princeznu. Král se chce s Honzou smířit, nabízí mu i svou korunu za kouzelnou píšťalku. Honza už píšťalku nepotřebuje, dá ji tedy králi. Ten chce na píšťalku hrát dále svoji panovačnou melodii. Ale píšťalka i v královských prstech spustí své líbezné tóny. A s královskými korunkami si hrají ovečky, protože princeznička s Honzou je už nepotřebují.

[std] Píšťalka. Filmový přehled. 1971, č. 37, nestránkováno.";;;;;;Hermína Týrlová;;False;;;0+;;;False;False;;/pistalka-pro-dva/619e773e0c946;;
63925;O statečné Kačence aneb Krčma hrůzy;0;;m;1972;80.0;16.0;n10s5pf6ruf5f27jt2yp.jpeg;63925-o-statecne-kacence-aneb-krcma-hruzy;Československo;horor / loutkový;O statečné Kačence aneb krčma hrůzy;"Krátkému animovanému filmu vévodí typický komentář Jiřího Suchého, ale také animace Vlasty Pospíšilové a výtvarníka Radka Pilaře.

V krčmě žije Kačenka se svým otcem a pomáhá jim čeledín Vendelín. Jednoho dne navštíví hospodu banda lupiče Pistoliniho, která putykáře zabije. Kačenka se ubrání jen s puškou v ruce, zatímco pacholek leží ve sklepě opilý. Když Káťa zjistí, že je otec mrtvý, vydá se za lupiči na jejich hrad a několik jich zabije. Zbytek loupežnické bandy jí pronásleduje do krčmy, kde statečná dívčina likviduje jednoho loupežníka za druhým sekerou. Přemůže jí jen Pistolini a když ji chce zapíchnout, zmátoří se Vendelín a Kačenku zachrání.";;;;;;Jaroslav Boček;Jiří Suchý;False;;;;;;True;False;;;;
76716;O Džaudarovi a jeho bratoch;0;;m;1988;80.0;76.0;7597jrlhamytu2mqkcn6.jpeg;76716-o-dzaudarovi-a-jeho-bratoch;Československo;drama / pohádka;O Džaudarovi a jeho bratoch;Príbeh podľa Rozprávok tisíc a jednej noci. Rozprávka o obetavej láske syna k matke a o útrapách, ktoré Džaudarovi a matke pripravili jeho nehodní bratia. V každom príbehu krásnej a múdrej Šahrazád, ktorá si tisíc a jednu noc chránila život rozprávaním rozprávok krutému vladárovi, je láska. V príbehu o Džaudarovi je to synovská láska k matke. Po smrti otca sa majetok podľa jeho poslednej vôle rozdelil rovným dielom medzi jeho troch synov a manželku. Ale kým najmladší Džaudar ho naďalej zveľaďuje a stará sa o matku, jeho starší bratia oba svoje podiely prehrajú v koc- kách. Aby sa dostali k zvyšnému majetku, podvodne predajú Džaudara do otroctva na loď a matku vyženú žobrať. Po dlhej plavbe sa v ďalekej zemi Džaudar stretne s človekom, ktorému kedysi doma pomohol splnením neobvyklého želania. Ten sa mu teraz odmení - vykúpi ho z otroctva a po- môže mu k postaveniu i k bohatstvu. Udržať si svoje šťastie však Džaudar môže len vtedy, keď zvládne skúšku v čarovných priestoroch. Bohatstvo v nich skryté môže získať, ak udrie matku sediacu na truhlici - ale to Džaudar nechce, nemôže a nedokáže urobiť. A hoci to nebola naozajstná matka, len vidina, hĺbka jeho lásky a úcty mu pomôže obstáť a získať všetko šťastie, po ktorom túžil.;;;;;;Ján Chlebík;Judita Vargová, Zdena Grúberová, Peter Bzdúch, Jozef Holec, Jana Zvaríková, Ľubomír Paulovič, Jozef Vajda, Miro Noga, Igor Hrabinský;False;;;;;;False;False;;;;
81893;Najmocnejšia zbraň;0;;m;1984;80.0;;hdu62lzc9e9j437mwxs2.jpeg;81893-najmocnejsia-zbran;Československo;pohádka;Rozprávky pätnástich sestier: Najmocnejšia zbraň;Azerbajdžanská rozprávka o zbrani zo všetkých najmocnejšej - ľudskej láske. Zarmijar, dcéra zbojníckeho vodcu Šejdullu, je rozhodnutá vydaťsa iba za toho, kto ju premôže v boji. Porazila už všetkých členov otcovej družiny, vyhýba sa iba boju s krutým a zlým Idrisom. Keď však Idris dovedie zajatca a chce ho v boji zabiť, rozhodne sa Zarmijar zajatca zachrániť tým, že sa najprv sama stretne v súboji s Idrisom. K tomuto rozhodnutiu ju vedie práve láska k cudzincovi, ktorá ju silnea nečakane zasiahla. Boj o jeho život jej ale odhalí mnohé ďalšie tajomstvá...;;;;;;Ľuba Vančíková;Marek Ťapák, Jana Zvaríková, Július Vašek;False;;;0+;;;False;False;;;;
138290;Křižovatka;0;;m;1984;80.0;80.0;https://prod-fdb-storage.fra1.cdn.digitaloceanspaces.com/placeholders/General.png;138290-krizovatka;Československo;drama;Křižovatka;"Hlavní redakce dramatického vysílání ČST Praha uvádí v tomto týdnu premiéru hry autora <a href=""https://www.fdb.cz/osobnost/203418-jaroslav-homuta"">Jaroslav Homuta</a> a režiséra <a href=""https://www.fdb.cz/osobnost/20-jiri-adamec"">Jiří Adamec</a> KŘIŽOVATKA. Název sám o sobě dostatečně naznačuje, že půjde o příběh, který chce vyprávět o mezní situaci člověka, o chvílích, kdy se rozhoduje, jaká bude jeho další cesta. Ocitá se na křižovatce. Ten člověk je povoláním chemik: odborník, který laboratorně dokázal správnost určitého postupu, jenž by mohl prakticky znamenat mezník v boji za čistotu ovzduší, v zápasu s kysličníkem siřičitým. Teď chce začít dělat všechno pro to, aby se tahle užitečná věc dostala z laboratorních podmínek do života, zcela ve shodě s cílem: Věda, výzkum, výroba, užití. Ví, že je docela na začátku cesty. Na konkrétním místě, které znamená křižovatku, znamená zápas, zápas o věc, která je dobrá. Tedy nutný zápas. Nutný? Inženýra Libora do takového zápasu přece nikdo nenutí. Kolektiv ústavní laboratoře skončil svou práci, byl za ni dokonce vyznamenán, svůj úkol splnil… Režisér Adamec: „Když se člověk – vědec, výzkumník, na tuhle cestu vydá, nutně na ní musí zodpovídat i klást pořád nové otázky. Křižovatka o nich hovoří otevřeně: mluví tak i její hlavní hrdina. Jedná tak, protože poznal, že je to sice těžké, ale jediné správné. Ta hra fandí člověku a lidem, kteří se své práci dokážou dát celí, kteří až s buldočím úsilím prosazují každou sílu, která s tím problémem může pohnout o kus dál. I když se mohou mýlit. Protože i omyl může znamenat krok kupředu, když zahradí špatný směr. Člověk, který je v příběhu hlavním hrdinou, je zajímavá současná osobnost. Je neschematický – jako každý člověk, který se chce uskutečňovat pravdivě. Jestliže bojuje, tedy i sám se sebou. Musí to udělat ve své práci i ve svém soukromí, protože u takových lidí nic z toho neexistuje samo o sobě…“ Dramaturgyní inscenace je <a href=""https://www.fdb.cz/osobnost/14833-jana-dudkova"">Jana Dudková</a>, hlavním kameramanem <a href=""https://www.fdb.cz/osobnost/40817-alois-nozicka"">Alois Nožička</a>, výtvarníkem <a href=""https://www.fdb.cz/osobnost/137986-frantisek-skripek"">František Skřípek</a>, vedoucím výrobního štábu <a href=""https://www.fdb.cz/osobnost/18500-cestmir-kopecky"">Čestmír Kopecký</a> – v roli inženýra Libora uvidíme <a href=""https://www.fdb.cz/osobnost/1430-petr-hanicinec"">Petr Haničinec</a>, dále se setkáme s <a href=""https://www.fdb.cz/osobnost/3817-ota-sklencka"">Ota Sklenčka</a>, <a href=""https://www.fdb.cz/osobnost/3326-jana-preissova"">Jana Preissová</a>, <a href=""https://www.fdb.cz/osobnost/3299-vaclav-postranecky"">Václav Postránecký</a>, <a href=""https://www.fdb.cz/osobnost/1125-frantisek-filipovsky"">František Filipovský</a>, <a href=""https://www.fdb.cz/osobnost/4139-alois-svehlik"">Alois Švehlík</a>, <a href=""https://www.fdb.cz/osobnost/490-zdenek-buchvaldek"">Zdeněk Buchvaldek</a>, <a href=""https://www.fdb.cz/osobnost/3177-ladislav-pesek"">Ladislav Pešek</a>, <a href=""https://www.fdb.cz/osobnost/4720-miroslav-zounar"">Miroslav Zounar</a> a <a href=""https://www.fdb.cz/osobnost/4181-jan-teply"">Jan Teplý</a>.

Zdroj: Týdeník Československá televize";;;;;;Jiří Adamec;Petr Haničinec, Jana Preissová, Ota Sklenčka, František Filipovský, Václav Postránecký, Ladislav Pešek, Alois Švehlík, Zdeněk Buchvaldek, Miroslav Zounar, Jan Teplý, Ivo Niederle;False;;;;;;False;False;/file/98832/krizovatka-smrti-3-tentokrate-v-parizi-2007-cz-dabing-hd.html/;/krizovatka-1994-fhd-1080p-cz-2037/68ae426504159;;
68730;Kardinál Zabarella;0;;m;1968;80.0;;https://prod-fdb-storage.fra1.cdn.digitaloceanspaces.com/placeholders/General.png;68730-kardinal-zabarella;Československo;drama / historický;Kardinál Zabarella;"Historická inscenace podle literární předlohy <a href=""https://www.fdb.cz/osobnost/14614-oldrich-danek"">Oldřich Daněk</a> zavede diváky na koncil do Kostnice. Ve zdejším vězení čeká na ortel Husův současník a následovník, český kazatel <a href=""https://www.fdb.cz/osobnost/428841-jeronym-prazsky"">Jeroným Pražský</a>. V domě kardinála Francesca Zabarelly, považovaného za příštího papeže, se scházejí církevní hodnostáři, aby jednali o rozsudku.";;;;;;Jan Matějovský;Jiří Holý, Eduard Cupák, Jiří Adamíra, Ladislav Boháč, Vlasta Chramostová, Jana Drbohlavová, Zdeněk Hodr, Milan Mach, Jiří Zahajský;False;;;;;;False;False;;;;
27773;Kam s ním?;0;;m;1947;80.0;;https://prod-fdb-storage.fra1.cdn.digitaloceanspaces.com/placeholders/General.png;27773-kam-s-nim;Československo;reklama;;"Scénárista hledá podnět k napsání filmu o sběru odpadních surovin a vzpomene si na Jana Nerudu a jeho fejeton Kam s ním? To jej zaujme, zejména to, jak kdysi měli jiné představy o odpadních surovinách a tak je rád, že má námět a může ukázat, že je již známá důležitost sběru odpadních surovin, a proto je organizován jejich sběr hromadně.

Erkul";;;;;;Miloš Makovec;Josef Pehr, František Filipovský, Anna Melíšková;False;;;;;;False;False;;;;
28964;Jennie Gerhardtová;0;;m;1979;80.0;97.0;d86kl4gf8x21u0aoc4st.jpeg;28964-jennie-gerhardtova;Československo;drama;Jennie Gerhardtová;T. Dreser se v tomto zpracování románu Jennie Gerhardtová soustřeďuje na otázku postavení ženy a její možnosti seberealizace v podmínkách tehdejší společnosti a doby. Na osudu Jennie, prosté dcery německého přistěhovalce, spisovatel dokazuje, že možnosti nejsou skoro žádné. Žena je pro tuto společnost jen objektem ceněným podle toho, kolik je s jejím jménem spojeno majetku a společenské prestiže. A proto, ať je Jennie jakkoli krásná a citově bohatá, její osud je určen touto skutečností. Pro oba muže, kteří zasáhli do jejího života, zůstává pouze půvabným objektem jejich lásky, dodávající jim sebevědomí a pocit jistoty. Není však pro ně skutečným člověkem, o jehož poznání by se snažili a s nímž by jednali jako s rovnocenným partnerem.;;07.01.1980;;;;František Chmiel;Magda Vášáryová, Ivan Mistrík, Ivan Rajniak, Mária Kráľovičová, Július Pántik, Sylva Turbová, Mikuláš Huba, Anton Mrvečka, Katarína Orbánová, Zuzana Kronerová, Eva Mária Chalupová, Slávo Drozd, Martin Gregor, Juraj Predmerský, Sonja Korenčiová-Poloniová, Jozef Cút, Dušan Tarageľ;False;;;12+;;;False;False;;;;
21844;Irčin románek I.;0;;m;1921;80.0;;gwzf871cwss2his08rwj.jpeg;21844-ircin-romanek-i;Československo;komedie;;"Úředník Lexa se dvoří gymnazistce Irče. Jejich románek se utěšeně rozvíjí až do chvíle, kdy se Lexa na bankovním plese poprvé setká s Irčinou matkou. Matce se sice Lexa jako nápadník její dcery zamlouvá, ale strachuje se o Irčinu dobrou pověst. Další schůzky se tedy konají pod matčinou ochrannou rukou. Do této idyly zasáhne rázně Irčin otec, jakmile se o známosti své dcery dozví. Rozhodne se poslat Irču do klášterního penzionátu. Slíbí jí však, že ji bude často navštěvovat a že někdy vezme Lexu s sebou. Irča se před odjezdem se všemi láskyplně rozloučí.

Národní filmový archiv/Český hraný film I.

První film podle  dívčího románku Josefa RODENA,  který byl také znám pod názvem Irča a Lexa. Dvouepochová adaptace populárního lehkého čtení pro ženy a dívky měla v kinech slušný úspěch  a  snížila  ztráty společnosti  Weteb, které vznikly diváky odmítanými pokusy  o ""umělecké"" filmy, jejiž realizaci inspirovala herečka a scenáristka Suzanne MARWILLE. Ta měla vyšší ambice, ale s úspěchem zvládla i ""roztomilého  diblíka"" Irču. Herec Jaroslav ŠVEC přijal  jméno románové postavy Lexy JAROŠÍNA za svůj umělecký pseudonym, který používal i v jiných filmech.

Březina Václav/noticka";;29.04.1921;;;;Václav Binovec;Suzanne Marwille, Lexa Jarošín, Betty Kysilková, Jiří Nedošinský, Rudolf Myzet, Vladimír Smíchovský, František Smolík, Hugo Kraus, Václav Kubásek, Frank Rose-Růžička, Eman Fiala, Běla Horská, Evžen Georgij Jevgeněv, F. Karásková;False;;;;tt1085830;;False;False;;;;
157928;Hrobničky;0;;m;1988;80.0;32.0;a4al35rqmf03ebz7n4zl.jpeg;157928-hrobnicky;Československo;komedie;Hrobničky;"Na hřbitově truchlí mladá, krásná dáma (L. Šafránková). Stárnoucí šarmantní muž (P. Kostka) je okouzlen její krásou. Chce utěšit její vdovský smutek a pozve ji do restaurace. Tak začíná jejich milostný románek. Solange je však náročná žena a vyžaduje drahé dárky. Bernard ji miluje, a dokud mu to dovolí finance, plní její rozmařilá přání. Aby všechny finanční závazky mohl splnit, odjíždí za obchodem, hodlá prodat nějaké své pozemky. Jaké je jeho překvapení, když po návratu marně ženu hledá…

Česká televize";;;hřbitov, podle knižní předlohy;;;Pavel Háša;Petr Kostka, Libuše Šafránková, Jiří Kodet, David Prachař;False;;;;;;True;False;;/hrobnicky-cssr-1988-czdab/67154bfd98751;;
84675;Hamoun;0;;m;1977;80.0;50.0;https://prod-fdb-storage.fra1.cdn.digitaloceanspaces.com/placeholders/General.png;84675-hamoun;Československo;komedie;Hamoun;"Když stál v tichém zamyšlení u výkladní skříně na rohu Malého rynku, budil u náhodných kolemjdoucích jen malou pozornost. Koho by také zajímalo zboží jako vytržené z bazaru, nemoderní a zastaralé? Jen ti, kteří poznali zasloužilého umělce <a href=""https://www.fdb.cz/osobnost/447-vlastimil-brodsky"">Vlastimil Brodský</a>, se dovtípili, že v této pozdní hodině (na Staroměstském orloji právě odbilo deset) nebude herec jen tak pro nic za nic postávat u výkladní skříně, jako vystřižené z doby před deseti patnácti lety. Však poblíž stála filmová kamera a kolem ní hlouček televizní pracovníků v čele s režisérem <a href=""https://www.fdb.cz/osobnost/13753-stanislav-strnad"">Stanislav Strnad</a>. Že se tu natáčí nový televizní film, dosvědčilo pak i několik příslušníků VB, kteří pro chvíli „ostrého“ natáčení zastavili na ulici provoz.

Proč mu na stavbě, kam denně přicházel starý Kouba, říkali „hamoun“, vlastně nikdo nevěděl. Vrátný Josef si to vysvětlil po svém: „Ten to má spočítaný! Makal by tady jen tak pro nic za nic přes čáru? Večery po šichtě, po nedělích? Kamaráde, ve dne fachá na stavbě v úderce, že jo. A pak dělá na tom svým výmyslu. Teď za to nic nemá – ale pak!“ Co měl z toho Kouba, zvaný hamoun, pak? Čtu scénář televizní komedie Hamoun, napsaný svěže <a href=""https://www.fdb.cz/osobnost/17729-maria-rudlovcakova"">Mária Rudlovčáková</a>, a mohu krátkou scénu z noční pražské ulice zasadit do kontextu příběhu člověka z rodu pekaře Marhoula nebo brusiče Karhana a desítek dalších, těch, kteří jsou posedlí touhou udělat něco víc, než jenom hodně pro sebe. 

Příběh „hamouna“ Kouby se odvíjí ve dvou časových rovinách. První je současná a rámuje krátkou epizodu Koubova života, v níž se snaží zkonstruovat omítací stroj, aby ulehčil práci sobě a svým druhům a urychlil výstavbu bytů. Ovšem vnější prostředí stavby je autorce scénáře jen záminkou pro ukázání vzácného charakteru prostého člověka, nezištného, netoužícího po slávě, posedlého svým nápadem a jeho uskutečněním. Kouba nežil v podstatě ničím jiným, když ho posedla myšlenka zkonstruovat omítací stroj. Žena a rodina, soukromí – to všechno ustoupilo do pozadí. Šel houževnatě za tím, co si předsevzal. A kromě lidí podezíravých a nevěřících, kromě posměváčků, našel i takové, kteří mu pomáhali a hlavně byli stejně posedlí realizací dobrých nápadů jako on.

Zavírám scénář televizní komedie Hamoun a představuji si, jak bude režisér <a href=""https://www.fdb.cz/osobnost/13753-stanislav-strnad"">Stanislav Strnad</a> natáčet závěrečnou scénu. Hamoun Kouba kreslí na papír svůj nový nápad, protože „by se něco mělo udělat s podlahama, s těma je veliký zdržování“. A inženýr Hrabáček se mu dívá se zaujetím přes rameno, když předtím obrátil fotografii své ženy Jitky od sebe, aby neviděl její vyčítavý pohled, že zase přijde pozdě domů. Nevydrží to ani inženýr Doleček, přikrade se k nim, vysouká se na nejbližší bednu a zaníceně sleduje Koubovu ruku, jezdící po papíře. Oči mu planou a k tomu už není potřeba nic říkat: vedle těch dvou „hamounů“ se začíná rýsovat třetí… Další generace vynálezců a zlepšovatelů je na obzoru…

Právě o nich s humorem a porozuměním vypráví televizní komedie Hamoun, kterou režisér <a href=""https://www.fdb.cz/osobnost/13753-stanislav-strnad"">Stanislav Strnad</a> nedávno dokončil.

[zm]. [i]Hamoun.[/i] Květy. 1976, č. 25, roč. 26, s. 46 – 47. [upraveno]";;;;;;Stanislav Strnad;Vlastimil Brodský, Eva Hudečková, Josef Dvořák, Jaromír Spal, František Filipovský, Pavla Maršálková, Karel Koloušek, Miroslav Zounar, Eduard Dubský, Ladislav Trojan, Ilona Jirotková, Mirko Musil, Jan Pohan, Karel Augusta, Jan Skopeček, Karel Fořt, Pavel Rubeš;False;;;;;;True;False;;/hamouni-cz-dabing-1994/5ab7f2ff923d9;;
55496;Zikmund, řečený šelma ryšavá;0;;m;1986;73.54838709677401;59.0;ki8346djioetfkchq9rb.jpeg;55496-zikmund-receny-selma-rysava;Československo;drama / historický;Jiří Šotola: Zikmund, řečený šelma ryšavá;V prosinci roku 1437 se císař Zikmund, český a uherský král, vrací z Prahy do Uher. Pro vleklé onemocnění se zastavuje i s doprovodem na Znojemském hradě. Císařova choť Barbora, dcera Alžběta s manželem, vévodou Albrechtem Habsburským, nejvyšší kancléř Kašpar Šlik, biskup, lékaři, ale také někdejší stoupenec husitského hnutí mistr Křišťan z Prachatic, ti všichni očekávají smrt císaře. Členové rodiny a dokonce i nejvyšší kancléř uvažují o tom, jak pro sebe získat českou korunu. Císař již diktuje testament, avšak zatím ho nestvrdí pečetí. Čeká a bilancuje svou vládu. Ač se brání, neustále ho pronásledují vzpomínky na husitské revoluční hnutí, jež tak krutě potlačil, a na Husa, za jehož smrt nesl zodpovědnost. Drama posledních dnů mocného jedince, který sčítá svá vítězství a své prohry, poskytlo Rudolfu Hrušínskému příležitost uplatnit své výsostné herecké umění.[TV Česká televize];;;král, korouhev, husité;;;Jiří Bělka;Rudolf Hrušínský, Milena Dvorská, Alois Švehlík, Zuzana Bydžovská, Martin Stropnický, Ladislav Mrkvička, Eduard Cupák, Zdeněk Martínek, Josef Bláha, Miroslav Masopust, Václav Kaňkovský, Gustav Nezval, Karel Urbánek, Dagmar Patrasová, Vlastimil Jílek, Jiří Bruder, Karel Hovorka, Jaroslav Cmíral;False;;;;tt3844284;;True;False;;/zikmund-receny-selma-rysava-tv-inscenace-cssr-1986-cz/67301bf4011a1;;
1229;Balada pro banditu;0;;m;1978;73.153526970954;90.0;wui4bo20mcvfddlgeihp.jpeg;1229-balada-pro-banditu;Československo;hudební / historický / muzikál / romantický / evropská tvorba;;"Legendy a mýty Podkarpatské Rusi natolik zaujaly spisovatele Ivana Olbrachta, že podle nich v roce 1933 napsal baladu Nikola Šuhaj loupežník. O čtyřicet let později tento námět s pomocí archivních materiálů inkognito zdramatizoval Milan Uhde. Muzikál Balada pro banditu se po premiéře v dubnu roku 1975 stal erbovní inscenací brněnského Divadla na provázku, k jejímuž mimořádnému úspěchu přispěly dnes již zlidovělé písně Miloše Štědroně. Hra se dodnes objevuje na tuzemských jevištích, a to včetně Divadla Husa na provázku, kam se v roce 2005 vrátila v nové verzi.
Příběh o vojenském zběhovi Nikolu Šuhajovi, který se po návratu do rodné vesnice Koločavy stane obávaným zbojníkem, jemuž nemohou ublížit střely žandárů, ale zraní ho nevěra jeho milé Eržiky, zfilmoval v roce 1978 Vladimír Sís. Režisér, který se často věnoval divadelním látkám, zachoval „easternový"" duch hry tehdy zakázaného dramatika Milana Uhdeho (jehož svým jménem zaštítil režisér Zdeněk Pospíšil) a v řadě scén i její scénickou podobu. V kontextu tehdejší realisticky se tvářící české kinematografie vzniklo ojedinělé dílo, jež není ani zcela čistokrevným filmem, neboť opakovaně přiznává svoji zcizující divadelnost, ale ani pouhým jevištním záznamem.
Baladu o lásce, zradě, čarodějnických kouzlech a touze po svobodě režisér přenesl do plenéru - na hradní zříceninu a do amfiteátru s táborovým ohněm i diváky, kteří jsou do probíhajícího představení vtahováni. Tím se umocnilo trampské pojetí původní hry. Sís využil i mnohé její typické stylotvorné prvky - například zbojníci a četníci nestřílejí jen puškami, ale i kytarami. Převzal i skvělé původní herecké obsazení v čele s tehdy sedmadvacetiletým Miroslavem Donutilem a devatenáctiletou Ivou Bittovou. Podmanivé melodie, mísící moravský folklor s country, jsou i ve filmu funkční součástí děje.
I navzdory své stylové nevyváženosti zakonzervovala filmová verze Balady pro banditu jedno z nejpozoruhodnějších divadelních představení sedmdesátých let až nečekaně nekonvenčně.

Tomáš Seidl
Letní filmová škola Uherské Hradiště 2016";;01.06.1979;podle knižní předlohy, Oneplay;;;Vladimír Sís;Miroslav Donutil, Iva Bittová, František Derfler, Martin Havelka, Bolek Polívka, Jiří Pecha, Pavel Zatloukal, Vladimír Hauser, Pavel Nový, Gustav Opočenský, Evelyna Steimarová, Daniel Dítě, Michaela Dudová, Franta Kocourek, Břetislav Tetera, Zdeněk Mucha, Rudolf Kovanda, Jaroslav Vágner, Jan Vyčítal, Petr Maláč, Milan Pěkný, Zelenáči, Jaromír Tichý, Blanka Rudová, Alice Hášová, František Olšovský, Vysokoškolský  umělecký soubor UK Praha, Jaroslav Šanda, Zdeněk Jirásko, Jaroslav Vlk, Vladimír Zelenka, Ronald Heller, Jiří Kosek, Vít Pešina, Jiří Synek, Petr Dočkal, František Král, Jiří Fretti Pfeifer, Jan Vyskočil, Ivana Nejdlová, Uljana Studená, Jaroslav Tomsa, Marko Čermák, Mirek Hoffmann, Pavel Král, Josef Šimek, Vladimír Štýbr, Vít Tučný;False;;;0+;tt0077203;balada-pro-banditu;True;False;/file/86283/balada-pro-banditu-1978-cz-hd-1080p.html/;/balada-pro-banditu-1978-oor/69055eb103f96;;
64431;Strom vědění dobrého;0;;m;1976;74.0;74.0;39b982n8pl3rq9jjuqik.jpeg;64431-strom-vedeni-dobreho;Československo;životopisný;Strom vědění dobrého;"POZOR, SPOILER

Dva kněží se přou kvůli výzkumu třetího. Tím je bratr Gregor Mendell, který opět vysvětluje svou hypotézu o dědičných znacích jinému bratrovi. 

Následně je Gregor opět kárán bratrem Benediktem a citáty z Bible jsou jako palná zbraň. 

Ve škole Gregor učí dle svého přesvědčení, i když už dopředu ví, že to nebude dělat dobrotu. Pak mu kamarád Karel Hosecký oznamuje, že odjíždí z Brna, protože získal konkursem místo v Mnichově na přírodovědné fakultě u profesora Negeliho. Nato později odpovídá Gregor tím, že prý objevil tajemství stvoření. Když však toto vysvětluje učencům, dostává tři krát podtrženou výbornou, i když je teoreticky nepřesvědčil. Pak mu přichází dopis od Negeliho, že pokusy s hrachem nejsou dokončeny a je třeba začít znova. 

Na výstavě vyhrává se třemi plody a obdrží tři dukáty. On však o ně moc nestojí a nabízí je na příští roku tomu, kdo splní šlechtitelské úkoly. 

Gregorovi se nezdaří pokus s jestřábníky, ale nevzdává se. Jenže přichází rána „zezadu“, a to v otázce zdraví. Gregor oslepne. Co bude dál? Bude slepý navždy, nebo se uzdraví?";;;Johann Gregor Mendel;;;Jiří Bělka;Karel Höger, Zdeněk Hradilák, Jiří Dušek, Arnošt Navrátil, Rudolf Jurda, Jiří Fišer, Oldřich Slavík, Stanislava Strobachová, Oldřich Navrátil, Ladislav Lakomý, Karel Kabíček, Erik Pardus;False;;;;;;False;False;;/1976-strom-vedeni-dobreho/68bcaa29d8c24;;
9762;Metráček;0;;m;1971;73.127572016461;77.0;84thxcw7ppfb9z3ahgvr.jpeg;9762-metracek;Československo;příběh / rodinný / sportovní / evropská tvorba;Metráček;"Žákyně deváté třídy Jitka Pažoutová trpí svou nadváhou a neobratností. Největším utrpením pro ni jsou hodiny tělocviku, vedené sympatickým tělocvikářem Bohouškem. Jedinou výjimkou je vybíjená, kde sice není příliš úspěšná v chytání míče, zato její střely jsou nechytatelné dělovky. Nikdo netuší, že trénuje doma ve sklepě, kde se trefuje míčem do zdi, na níž je Bohouškovo jméno. Jitka se ve třídě sblíží s nejhorším žákem Liborem Březinou, přezdívaným Lišák, který trpí svízelnými rodinnými poměry. Díky tajnému tréninku ve sklepě se Jitka tak zlepší, že ji Bohoušek vybere do družstva pro blížící se turnaj mezi školami. Hned při prvním zápasu ji sympatický mladík z publika označí přezdívkou Metráček, což ji tak dopálí, že do hry vloží veškerý vztek a výrazně přispěje k vítězství v turnaji. Honza Koubek, který ji urazil, se jí po zápasu omluví a navrhne jí, aby zkusila v atletickém oddílu vrh koulí. Jitka to zkusí, a přestože nemá styl, hází daleko a je odhodlaná se sportu opravdu věnovat.  Začne se s Honzou scházet, ale když za ní jednoho dne přijde, spatří ji před domem s kamarádem Petrem, který jí přinesl knihu. Myslí si, že s ním Jitka chodí, a urazí se. Marně se mu to dívka snaží vysvětlit, a vinou nedorozumění dokonce oba závody pokazí. Naštěstí se nakonec vše vysvětlí, oba mohou vyrazit k dalším sportovním úspěchům a společně prožitým dnům.

Zdroj: Nova";;03.03.1972;;;;Josef Pinkava;Markéta Světlíková, Míla Myslíková, Lubomír Lipský, Jaromír Hanzlík, Helena Růžičková, Zora Rozsypalová, Ladislav Mrkvička, Vítězslav Jandák, Jiří Vala, Jan Vostrčil, Jan Schmedka, Stanislav Tříska, Marcela Chlupová, Alena Jurášová, Věra Baťková, Zdeněk Szamko, Marie Nocarová, Miluše Voborníková, Libuše Šafránková, Ivan Vyskočil, Libuše Šafránková, Ivan Vyskočil;False;;;;tt0067424;metracek;True;False;/file/72762/metracek-rodinny-1971-cz.html/;/metracek-1971-czdabing/99850906c79bc531;;
7041;Kalamita;0;;m;1980;73.141361256544;96.0;rrpwu342l3l0pkffq7o1.jpeg;7041-kalamita;Československo;komedie / evropská tvorba;Kalamita;"POZOR SPOILER!

Mladý Honza cestuje vlakem domů. V jídelním voze nedostane pivo, a tak mu je „přihraje“ mladá slečna. On chce dělat mašinfíru. Chce to zkusit jinak, protože opustil studium na vysoké škole. Jeho otec vede hospodu na nádraží. Nejprve poznává průvodčí Květu. Pak se omylem zavře v kumbále, kde vypadla klika u dveří. U lékaře má při vstupní prohlídce drobné potíže, ale zdárně to dopadne. Dívku s pivem z vlaku potkává u řezníka. Hledá ji pak v nemocnici, ale místo ní narazí na primářku. Onu dívku potkává později před nádražím. Ale rozejdou se, aniž se blíže poznali. Potkají se až později na večírku a skončí spolu sami na pokoji. Té dívce se říká Majka. Potkává i paní primářku, které pomůže s vozem a ona jej vezme sebou k jednomu pacientovi, kde spolu skončí v jedné posteli. Později Honza narazí na Majku i na lyžích, což je nezvyklé, neb ona je závodnice na sáňkách. Ta jej vezme ke svému otci do lesa. Zde ji sbalí „psycholog“ a odjíždí s ní autem. Nakonec se většina protagonistů sejde v jednom vlaku, který uvázne ve sněhu. A aby toho nebylo málo, spadne na něj další velké množství. Jak se s tím vypořádají?";;01.01.1982;KVIFF.TV;;;Věra Chytilová;Bolek Polívka, Dagmar Bláhová, Jana Synková, Marie Pavlíková, Jaroslava Kretschmerová, Zdeněk Svěrák, Václav Švorc, Bronislav Poloczek, Václav Helšus, Zdeněk Dítě, Jan Schmid, Pavel Zedníček, Dana Balounová, Jana Březinová, Eva Vidlařová, Štěpán Kučera, Kateřina Lírová, Boris Rösner, Petr Kratochvíl, Rostislav Novák, Daniel Dítě, Ladislav Gzela, Pavel Havránek, Laco Déczi, František Čužna, Jindřich Světnica, Jiří Pecha, Drahoslava Landsmanová, Jiří Koutný, Zuzana Schmidová, Miloslav Kopečný, Josef Vondráček, Karel Novák, Jan Vávra, Jiří Prýmek, Antonín Kubálek, Petr Rýdel, Lubomír Tlalka, Viktor Bejbl, Leona Bernátová, Milada Ježková, Ondřej Havelka, Miroslav Kořínek, Zdeněk Skalický, Tereza Kučerová, Milada Ježková;False;;;18+;tt0082599;kalamita;True;False;/file/52261/kalamita-1980-cz-dabing-hd.html/;/kalamita-1980-fhd-cz/68ea5943e1656;;Josef Šilhavý
4519;Dům na předměstí;0;;m;1933;73.421052631579;89.0;z6lz26o5o8o7btripa5z.jpeg;4519-dum-na-predmesti;Československo;komedie / evropská tvorba;;"""Dům na předměstí"" byl film, z kterého mohli mít diváci upřímnou radost. To nejen proto, že je pěkně udělaný, ale že dbal především pravidla, že dvěma základními rysy filmu je životnost a časovost, a hlavně, že i český film musí mít, jako film americký, ruský, německý a francouzský, určité typické prostředí a atmosféru. Atmosféra - to je to kouzelné slovo, které bylo klíčem k úspěchům filmů René Claira. Clair objevil ve filmu pařížské střechy: Clair obrazem i slovem vyjádřil ve filmu francouzský esprit. 

Takže: atmosféra - to je také jediná správná odpověď na otázku, proč například film ""Muži v offsidu"" měl tak samozřejmý úspěch. Byla v něm totiž zachycena pražská sportovní atmosféra tehdejší současnosti. Také ""Dům na předměstí"" je typický pražský film, ale jeho děj mohl být kliďánko přenesen třeba do Brna, jehož předměstí měla jistě obdobné figurky. Děj Poláčkova románu se odehrával v domě na předměstí, který si koupil pražský policajt a zavede v něm policejní pořádek. 

Charakteristika tohoto pana domácího je vyjádřena jeho oblíbeným výrokem: ""Pěstujte zeleninu, králíky a nájemníky"". A zase prvorepubliková cenzura způsobila, že pan domácí na plátně neobživl: změnil se v paní domácí, vdovu po šikovateli, která ve svém domě zavede štram pořádek, jako na vojně. Úloha jako stvořená pro Antonii Nedošínskou, jejíž náhlé změny v obličeji, zrcadlícího hrou nálad a přechody ze strojené úlisnosti v imperativní přísnost, jsou mistrovské mimické výkony. K ní se řadí Hugo Haas se svým osobitým suchým humorem, místy opravdu neodolatelným. Hugo Haas se objevuje ve filmu jako odhadce v zastavárně, pedantický typ starého mládence, jehož velkou touhou bylo mít ""kamna s plotnou a v těch kamnech dobrý tah"", jak svým typickým zpěvem sděloval divákům. 

Podle nepsaných filmových zákonů se ovšem zamiluje a nakonec se ožení, poněvadž ve filmu to musí vždycky dobře dopadnout.Pak je tu mladistvá klavírní učitelka, kterou hraje Hana Vítová, nemanželské dítě bohatého pána, jenž by byl nerad jmenován a jako herec si to ani nezasloužil. A konečně je tu hokynář, vděčná figurka. Je to živnostník, který nemá žádný pevný názor, poněvadž je toho mínění, že živnostník nemá mít vůbec žádné vlastní mínění. Hraje ho Jindřich Plachta, bezvadně, jako dal i Jaroslav Vojta svému rebelantskému ševci, co mu patří. Režie Miroslava Cikána dbala toho, aby se ve filmu stále něco dělo. Film je plný života a ruchu a je podivuhodné, jak na to s těmi figurkami vystačil bez přehánění, se zachováním realistického podání.";;20.10.1933;zpěv, pes, hra na klavír, výlet, hokynář, hra na klarinet, činžovní dům, nájemníci, domovnice, hodiny, vyvolávání duchů;;;Miroslav Cikán;Hugo Haas, Antonie Nedošinská, Hana Vítová, Jindřich Plachta, Jaroslav Vojta, Hermína Vojtová, Eman Fiala, Ludvík Veverka, František Kovářík, Emanuel Hříbal, Jaroslav Bráška, Gustav Hrdlička, Béďa Pražský, Kamila Rosenkranzová, Miroslav Sirotek, Věkoslav Satoria, Rudolf Beneš, Hugo Haas;False;;;;tt0166587;dum-na-predmesti;True;False;/file/43382/dum-na-predmesti-komedie-1933-cz.html/;/dum-na-predmesti-komedie-1933-cz/60bb85ec54d25;;
42971;Lakomec;0;;m;1978;73.60000000000001;93.0;tzhvvixjvx1lrotfsnjw.jpeg;42971-lakomec;Československo;komedie;Lakomec;"POZOR SPOILER

 Eliška je opět se svým snoubencem Valérem. Oba se ujišťují vzájemnou láskou. Ona vzpomíná, jak ji kdysi Valér vytáhl z vody a zůstal zde ve městě jen kvůli ní. A také se stal rádcem jejího otce. Proto Valér také přestal hledat své rodiče. Oba mladí vědí, že jim otec nedovolí, aby se vzali. A do toho přichází Eliščin bratr Kleant. I on se zamiloval do dívky od naproti jménem Mariana. Kleant chce po Elišce, aby to nevyzradila otci.  
Když pak přijdou domů. Otec, jménem Harpagon (F.Filipovský), zrovna přemýšlí o tom, že má doma třicet tisíc a kam je má zašít. A hned také dětem sděluje, že si bude brát Marianu od naproti a Elišce že našel ženicha. Je to starší pán a nepožaduje věno, což je pro Harpagona nesmírně důležité.  
Valér naoko přizvukuje Harpagonovi a Elišce poradí, aby simulováním nemoci svatbu oddálila. 
Čipera, Kleantův sluha, zařídil přes Šimona půjčku. Má hodně drsné podmínky, ale Kleant ty peníze chce. Když pak přijde na to, že půjčovatel je jeho otec a ten pozná toho komu měl půjčit, nastává váda.
Dohazovačka Frosina pěje na Marianu jen samé ódy. Jenže Herpagonovi. Ten se na svatbu jen třese, když to slyší, jak je šetrná a kolik má peněz. Tyto informace se naprosto rozcházejí s těmi, které má Kleant. Ten je přesvědčen, že je Mariana chudá a chce ji finančně vypomoci. Také proto chtěl onu půjčku.  
Nu, slova dalo slovo a Harpagon začne chystat hostinu. Ovšem podle svých představ.  
Mariana tedy přichází a že by byla Harpagonem nadšená, to se nedá říci. Ale ovládá se, a když pozná, že její vysněný je jeho synem, je mile překvapena. A nyní se začnou kout pikle tak, aby svatba s Harpagonem nebyla, ale byla ta, na které by se vdávala Mariana a za Kleanta. 
Harpagon na syna udělá boudu a on se mu přizná k lásce k Marianě. Vzniká spor, který má rozhodnout Jakub. Jenže ten situaci ještě zamotá. Naštěstí to ihned praskne.  
Čiperovi se podařilo vyfouknou Harpagonovu kasu. Když to starý objeví, jen na mrtvici.
Ihned je přivolán komisař a ten začíná vyšetřování. Jakuba nenapadne nic lepšího než svést podezření na Valéra. Ten se tedy přiznává, ale k lásce k Elišce.  
Mezitím přichází ten, koho si má Eliška brát. Valér tvrdí, že je synem italského šlechtice. Který zahynul při námořním neštěstí. Tu se ukáže, že Mariana je jeho sestrou. A je zde dokonce i jejich otec… 
   ";;;;;;Antonín Dvořák;František Filipovský, Viktor Preiss, Marta Hrachovinová, Marcel Vašinka, Naďa Konvalinková, Martin Růžek, Libuše Geprtová, Josef Bek, Viktor Maurer, Jiří Lábus, Martina Eliášová, Jiří Havel, Karel Hlušička, Václav Stýblo, Karel Sekera;False;;;;tt1467135;;False;False;/file/56449/lakomec-1980-cz-dabing-hd.html/;/lakomec-tv-inscenace-1978-576p-reencoded/dfb3168a8146c447;;
59344;Raněný lučištník;0;;m;1975;74.166666666667;63.0;m4zuov4bicqt7dfnwxi0.jpeg;59344-raneny-lucistnik;Československo;drama;Raněný lučištník;Šofér nákladní autodopravy Stanislav Fajt sedí v restauraci „U Modrého orla“ s kamarádem Josefem Bezákem. Rozebírají zdejší číšnici Alexandru Drozdovou a její dceru Karlu. Později je v podniku Standovi nabídnuto, aby jezdil dálkové trasy do ciziny. On to odmítá, i když je mu vyhrožováno stranickým úkolem. Přenechává to kamarádovi Josefovi. Ten jej žádá, aby Alexandře sdělil, že bude pryč a že se mu k ní moc nechce vracet. Standa tedy za ní zajde a šetrně s ní rozpráví. Oba začnou rozebírat vztahy jako takové a začínají si rozumět. Karla je zatím s kamarádem Mirkem pryč z domu. Standa nabízí Alexandře výlet do města do Albatrosu. Když se chystají k odjezdu, vrací se Karla s Mirkem, který je příslušník VB. Alexandra opět mění rozhodnutí a chce do Albatrosu jet. Jenže se začnou se Standou hádat. Ten se přizná, že má někde dceru. Pak se opět setkává s Josefem…;;;;;;Pavel Háša;Josef Vinklář, Jana Hlaváčová, Taťjana Medvecká, Jiří Lábus, Jiří Vala, Bedřich Prokoš;False;;;;;;False;False;;/raneny-lucistnik-1975-czdab/61f5f0831838b;;
64386;Konec agenta č. 312;0;;m;1974;74.166666666667;45.0;hofw775b5x2kdibua5ge.jpeg;64386-konec-agenta-c-312;Československo;komedie;Konec agenta č. 312;"POZOR SPOILER

Blíží se návštěva císaře pána, a tak se zase zatýká. Podezřelý je jako vždy i pan Hašek. Konfident Vincent Špinka jej hned udává panu policejnímu radovi Haklovi a ukazuje mu jeho notes. Obvinění o popisu psa, či císaře je však vyvráceno, a to pana radu štve. Takže rozhodne, aby jeho hlavní udavač Špinka zanesl protistátní letáky až do redakce novin, ke je pan Hašek a jeho kolegové. Konfident se tedy zamaskuje a dělá italského dělníka. Jeho inkognito nevydrží dlouho, a protože přece česky neumí, baví se chlapi v redakci o tom, jakým způsobem jej zavraždí. Což Špinka dlouho nevydrží a odmaskuje se. Pan rada tuší nějaký průšvih a rozhodne se, že na to vlítne sám. Končí v hospodě u karet. No, a k redakci vpadnou policajti…";;;;;;Václav Hudeček;Josef Kemr, Vladimír Menšík, Čestmír Řanda, František Filipovský, Soběslav Sejk, Jan Libíček, Vlastimil Hašek, Petr Štěpánek, Josef Velda, Miloš Nesvadba, Luba Skořepová, Milan Neděla, Vladimír Hrubý, Vladimír Pospíšil;False;;;;tt10227988;;False;False;/file/68809/konec-agenta-c-312-cssr-1974-1080p-jackripper.html/;/konec-agenta-c-312-1974-komedie/65c815da5eca5;;
129047;Dokonalý muž, dokonalá žena;0;;m;1986;74.166666666667;28.0;https://prod-fdb-storage.fra1.cdn.digitaloceanspaces.com/placeholders/General.png;129047-dokonaly-muz-dokonala-zena;Československo;komedie;Dokonalý muž, dokonalá žena;"POZOR SPOILER

K mladíkovi přichází slečna Ivanka. On má vše připraveno, aby skončili v poloze ležmo, ona jej však zaskočí svým chováním.

Dva mladí zamilovaní, si vysvětluji, jak se milují. 

Manželka středního věku opouští svého muže a to navždy. Vyčítá mu, že jí dával příliš volnosti. 

Těhotná žena s mužem Pepou se chystají pryč. On jí pomáhá jen ústy, zavřít kufr a jen kritizuje. 

Dva manželé, důchodci, si navzájem vyvádějí různé „legrácky“.";;;;;;Zdeněk Podskalský;Libuše Šafránková, Josef Abrhám;False;;;;tt3644306;;False;False;;/dokonaly-muz-dokonala-zena-1986-komedie/65c7e0740b8e4;;
10338;Můj brácha má prima bráchu;0;;m;1975;73.089171974522;94.0;8p74bylsbq7y1ssa2mds.jpeg;10338-muj-bracha-ma-prima-brachu;Československo;komedie / rodinný / romantický;Můj brácha má prima bráchu;"Plochodrážní jezdec Honza Pavelka suverénně vyhraje důležitý závod. Úspěšně se zbaví kamarádů, kteří to s ním chtějí oslavit, protože doufá, že stráví noc se svou dívkou Zuzanou Vránovou. Schůzka však nedopadne podle jeho představ a dvojice se pohádá. To neunikne Honzovu mladšímu bratrovi Martinovi, kterému nikdo neřekne jinak než Prcek. S pomocí kamarádky Pavlínky se rozhodne tvrdohlavého staršího bratra se sympatickou Zuzanou usmířit. Jejich první plán s lístky do kina sice nevyjde, ale dlouhé snažení nakonec přece jen dojde úspěchu. Možná až nečekaného, protože Honza krátce poté rukuje na vojnu a Prcka čekají nové starosti, když zjistí, že Honzovo a Zuzanino usmíření nezůstalo bez následků. Rozjede se za bráchou do kasáren, aby ho informoval o úspěchu jeho usmiřování. Honza se rád se Zuzanou ožení, netroufá si to však napsat rodičům, a tak je zase na Prckovi, aby vše zařídil nejen doma, ale také u Zuzaniných rodičů. Ani poté, co všechno dobře dopadne a nastane svatební den, není problémům konec, a tak má Martin opět plné ruce práce.

Zdroj: Nova";;01.08.1975;;;;Stanislav Strnad;Libuše Šafránková, Jan Hrušínský, Roman Čada, Ivana Maříková, Slávka Budínová, Josef Bláha, Blažena Holišová, Vladimír Menšík, Zdeněk Řehoř, Otakar Brousek, Bedřich Prokoš, Ladislav Trojan, Václav Fišer, Jiří Lír, Miroslav Homola, Ludmila Roubíková, Jana Švandová, Josefa Pechlátová, Zdeněk Šavrda, Vítězslav Černý, Jiří Kodet, Jarmila Orlová, Petr Skarke, Jiřina Bílá, Karel Bělohradský, Jan Kuželka, Josef Laufer, Slávka Hamouzová, Luděk Svoboda, Jan Hartl, Jiří Prager, Vladimír Navrátil, Zdeněk Deyl, Olga Navrátilová, Václav Bahník, Michael Tarant, Jarmila Beránková, Rudolf Kalina, Yvetta Kornová, Jana Matiášková, Karel Sekera, Karel Smyczek, Vladimír Hora, Ivo Moravus, Jiří Stárek, Jiří Kvasnička, Dagmar Patrasová, Miloš Schmiedberger, Vlastimila Vlková;False;;;;tt0304432;muj-bracha-ma-prima-brachu;True;False;/file/08302/muj-bracha-ma-prima-brachu-1975-komedie-1080p.html/;/muj-bracha-ma-prima-brachu-1975-cz/63f115915c67c;;
20010;Zločin v dívčí škole;0;;m;1965;73.235294117647;107.0;vjt5hbbltbkngadg18ku.jpeg;20010-zlocin-v-divci-skole;Československo;komedie / detektivní / krimi / povídkový / evropská tvorba;;"Smrt na Jehle 
Čtyři kamarádi, lezou na skálu nazvanou Jehla. Jako první je nahoře Tonda a po něm Bartoš. Ten jej zde však nalézá mrtvého, zapíchnutého nožem. Nechá za sebou ještě vylézt Jiřinu a volá na posledního kamaráda Frantu Maláta, který přivolá policii. Přijíždí tedy poručík Borůvka a je na něm, aby odhalil, co se tu vlastně stalo. Nahoru není žádný přístup, takže vlastně nemohl být Tonda ani zavražděn…

Jak se koupe žena
V jakémsi kabaretu se zkouší nové číslo, ve kterém má roli také zbraň a střelba z ní. Hlavní postavou je zde dívka jménem Ester, za kterou dochází italský zpěvák Alberto Tossi. A je to také Ester, která je nalezena Alenou Peškovou ve sprše zavražděná. Ta pak také vypoví, že Ester měla pletky s panem ředitelem. Jenže podezřelých je více…

Zločin v dívčí škole
Borůvkova dcera Zuzana vyřizuje vzkaz paní ředitelky, aby se její otec dostavil do školy. Když tak poručík učiní, je mu oznámeno, že zde došlo ke zločinu. Zmizela obálka s penězi. A pak do toho všeho ještě zmizí také Kotě…";;18.02.1966;;;;Ivo Novák, Ladislav Rychman, Jiří Menzel;Lubomír Lipský, Jan Přeučil, Petr Kostka, Jana Gýrová, Jan Faltýnek, Oldřich Velen, Jan Jílek, František Miška, Josef Beyvl, Karla Chadimová, Vilém Besser, Zdeněk Řehoř, Naďa Urbánková, Míla Myslíková, Miloš Vavruška, Milena Zahrynowská, Pavla Maršálková, Vladimír Huber, Jiřina Štěpničková, Jiří Kodet, Věra Křesadlová, Hana Horáčková, Jitka Bendová, Zuzana Princová, Taťána Fischerová, Vlasta Kahovcová, Natálie Maslovová, Ladislav Smoček, Václav Wasserman, Libuše Pešková, Otto Šimánek, Jan Maška, Lubomír Bryg, Vítězslav Černý, Ferdinand Krůta, Alois Vachek, Jarmila Bechyňová, Vladimír Hrabánek, Karel Pech, Vladimír Navrátil, Eva Hudečková, Matěj Forman, Zuzana Poláková, Dana Skálová, Marcela Baťková, Milan Frkal, Alexandra Tachezyová, Jaroslav Mařan, Vladimír Procházka, Jaroslav Svoboda, B. Nejedle, Norbert Chotaš, Josef Šulc, Ivone Williamsová, Stanislava Martínková, Marta Beránková, Věra Vaštová, Luisa Kollingerová, Petr Prachtel, Květa Hanušová, Zuzana Řepová, Zuzana Opršalová, Miroslav Kühn, Eva Pilarová, Karel Gott, Jan Pohan, Milan Neděla, Eva Svobodová, Milan Neděla, Jan Pohan, Dana Reimová, Otto Ohnesorg, Helena Koudelková, Ladislav Rychman, Petr Forman;False;;;;tt0059947;zlocin-v-divci-skole;True;False;/file/38282/zlocin-v-divci-skole-1965-cz-film.html/;/zlocin-v-divci-skole-povidkovy-krimi-komedie-1965-cz-dab/66f8737596db6;;Josef Škvorecký
19197;Všude žijí lidé;0;;m;1960;73.636363636364;92.0;https://prod-fdb-storage.fra1.cdn.digitaloceanspaces.com/placeholders/General.png;19197-vsude-ziji-lide;Československo;drama / evropská tvorba;People Are Everywhere;"POZOR SPOILER

Mladí lékaři skládají přísahu. Mezi nimi je i Miroslav Vodák. Ten je zamilován do závodní plavkyně Evy Filipové a plánují si společnou budoucnost. Jenže to pokazí umístěnka mladého muže do vesnice Lužany. A tak milý Mirek vystupuje se dvěma kufry z vlaku a vydává se na dva kilometry dlouhou pouť do vesničky zaslíbené. Naštěstí jej naloží místní doktor Mrázek, který mu má předat ordinaci. Mirek se seznámí s místními lidmi, kde o něm již všichni vědí. A pak přichází i jeho první pacient Heralt, který mu jednoznačně vysloví nedůvěru tím, že chce, aby jej vyšetřil Mrázek. U druhého pacienta, Pacáka, dává sestra Mirkovi ke zdravotní dokumentaci lístek s nápisem „simulant“. Mirek jej však uzná nemocným, což trochu rozbouří vesnický lid. Dokonce přichází účetní družstva Šimon a žádá, aby nebyl Mirek tak benevolentní. Mirek jej vyšetří a uzná také. Pak jede do Prahy, mimo jiné i za Evou, ale ta je na závodech. Mirkovi matka s Eviným souhlasem tvrdí, že telegram o jeho příjezdu přišel pozdě. Po návrat do Lužan je Mirek přítomen, jak odváží sanitka pana Šimona. Klíšťová encefalitida, jak mu ihned praví Mrázek a mírně mu vytkne opomenutí poslat krev k vyšetření. Mirek si balí kufr. Mrázek jej však přemluví a Mirek zůstává. Začíná se kolem něj motat paní Řeháková, žena místního „všefunkcionáře“. Ten na ni nemá čas, a tak si ona užije drobný flirt s Mirkem. Když pak za ním přijede Eva, poznají se. Ona je totiž Řeháková na poště a nese mu dopis. Eva se s Mirkem stejně neshodne, a tak se nerozejdou v dobrém. Na schůzi pak Mirek veřejně prohlásí Pacáka za zdravého, ale odmítajícího těžkou práci. Nato je Pacák z družstva vyloučen. Při očkování dětí má Mrázek velké zdravotní potíže a končí v nemocnici. Pak dochází k neštěstí, mladý traktorista Lojza Pošvár, zrovna čekající s jednou místní dívkou dítě, je zasažen elektrickým proudem a nebýt Mirka, zemřel by. A protože očekávaná Eva nepřijela, přijímá pozvání místních na večeři. Na Silvestra je Mirek u Evy, kde mu její otec nabízí místo. Ale on je příliš hrdý na to, aby místo přijal…";;16.12.1960;lékař, vesnice, pošta, odchod do důchodu, Silvestr;;;Štěpán Skalský, Jiří Hanibal;Zdeněk Štěpánek, Ivo Palec, Jana Hlaváčová, Jana Štěpánková, Otto Šimánek, Marie Müllerová, Jan Tříska, Jana Drbohlavová, Helena Kotoučová, Elena Hálková, Vladimír Hlavatý, Eva Svobodová, Václav Lohniský, Květoslava Houdlová, Miroslav Macháček, Luba Skořepová, Martin Růžek, Stanislav Neumann, Emil Liška, Blažena Slavíčková, Josef Svátek, Josef Kozák, Milan Friedl, Zlatomír Vacek, František Vnouček, Ota Žebrák, Vlastimil Bedrna, Antonín Zíb, Ladislav Gzela, Jan Pohan;False;;;;tt0232916;;True;False;;;;
18389;Vážení přátelé, ano;0;;m;1989;73.12056737588699;109.0;p0yhexynpnlv6d9k3aau.jpeg;18389-vazeni-pratele-ano;Československo;komedie / satira / evropská tvorba;Vážení přátelé, ano;"POZOR SPOILER

Ze sna probouzí pana Bohouše Fischera ruský budík. Je pondělní ráno a on se chystá začít nový týden, stejně jako jeho žena Anděla a obě pubertální dvojčata Hanka s Kamilou. 
V práci se loučí starý ředitel a podnik se stává státním. Vyrábějí se zde záchodové mísy a bílá keramika vůbec	.
Bohouš, zvaný všemi Bobo, zjistí, že dcery mu chodí do školy bez podprsenky a je z toho celkem perplex. 
Bobo jede k bratrovi na vesnici. Potřebuje přemýšlet, zda vzít místo náměstka. Nakonec jej přijímá. 
Následně navštíví i rodiče v domově důchodců, a vrhá se do práce. Zrovna sem přijíždí velké zvíře, totiž sám veliký Římský. Setkání s ním graduje na středisku, kde se tento velmož znečistí, a Bobo tvrdí řediteli, že se kdysi v podniku dělaly i kachle. On totiž Římský nutně potřebuje kachlová kamna, která jsou zde, a chce je pro sebe. Na téže akci málem Bobo Anděle zahne, ale na poslední chvíli couvne. 
V zaměstnání jej čeká řešení zapeklitého problému opaření dvou zaměstnanců ve sprše. Celý podnik ví, co tam dělali. Bobo zatím ne. Když pak sám onemocní, léčí jej jeho kamarád. 
Když se Bobo uzdraví, nechá si přivézt jíl a od kamaráda lékaře odnáší formy na kachle. A začne stavět kachlová kamna. 
Na maturitním večírku si zatančí s učitelkou ruštiny, která učí dvojčata, a ta jej pozve k sobě. Kdyby nedostala žlučníkový záchvat, došlo by asi k nevěře. A pak čeká Boba při dalším setkání s Římským velké překvapení…";;01.10.1989;;;;Dušan Klein;Milan Lasica, Jana Hlaváčová, Marcela Ovčáčková, Michaela Ovčáčková, František Řehák, Valerie Zawadská, Jiří Kodet, Jan Hrušínský, Rudolf Hrušínský, Alena Kreuzmannová, Pavel Zedníček, Zita Furková, Július Satinský, Věra Vlčková, Gabriela Wilhelmová, Jaroslava Obermaierová, Ota Sklenčka, Jiří Hálek, Marián Labuda, Michaela Jílková, Zdeněk Řehoř, Stanislav Zindulka, Václav Mareš, Miloslav Štibich, Robert Vrchota, Jan Hraběta, Sabina Hánová, Jan Okrouhlík, Lena Birková, Vladimír Huber, Hana Brejchová, Helena Gabrielová, Rudolf Fleischer, Bohumil Koška, Jiří Pičman, Josef Vaidiš, Gaston Šubert, Petra Koželuhová, Monika Kvasničková, Václav Luks, Jan Toušek, Josef Kotěšovský, Vladimír Merta;False;;;;tt0098580;;True;False;/file/78906/vazeni-pratele-ano-hd-1989-78pt.html/;/vazeni-pratele-ano-hd-1989-78pt/60faf186be876;;
57050;Tři spory - Spor dramaturga Stroupežnického;0;;m;1982;74.444444444444;72.0;u0cmr0lrtp1bth0bfhg9.jpeg;57050-tri-spory-spor-dramaturga-stroupeznickeho;Československo;drama / historický;;Druhá z životopisných her o velkých osobnostech Národního divadla se soustřeďuje k vykreslení lidského i uměleckého profilu Ladislava Stroupežnického, prvního dramaturga Zlaté kapličky. Zachycuje pak zejména to období, v němž Stroupežnický bojuje o neeklektický repertoár a těžce prožívá neúspěch své hry Naši furianti, první původní české realistické hry z venkovského prostředí. Jako Ladislava Stroupežnického uvidíte Jaromíra Hanzlíka, jeho rodiče hrají Josef Kemr a Libuše Havelková, divadelního ředitele Šubrta hraje Vladimír Brabec, Františka Riegra Václav Voska a řada dalších herců ztvárňuje historické postavy tehdejšího kulturního života.;;;;;;Ludvík Ráža;Jaromír Hanzlík, Libuše Havelková, Josef Kemr, Rudolf Jelínek, Jiří Štěpnička, Vladimír Brabec, Zdena Hadrbolcová, František Němec, Jiří Klem, Ladislav Pešek, Ljuba Krbová, Václav Voska, Miroslav Zounar, Roman Skamene, Petr Svojtka, Věra Budilová, Josef Větrovec, Oldřich Velen, Míla Myslíková, Jaroslav Moučka, Martin Růžek, Jarmila Krulišová, Jiří Vala, Dana Medřická, Ivan Luťanský, Mirko Musil, Veronika Jeníková;False;;;0+;;;True;False;;;;
39714;O kouzelné píšťalce;0;;m;1986;74.444444444444;35.0;6qf19z2mue82pw1yjc3e.jpeg;39714-o-kouzelne-pistalce;Československo;pohádka;Kouzelná píšťalka;"Severské náměty v televizní pohádce nebývají časté. Tentokrát jsme jednu vybrali do Pohádek pro pamětníky. Vypráví o říši elfů a štěstí, které poslal pasáčkovi Stenovi (D. Prachař) vítr. Starý ovčák (J. Kemr) se Stenem pásli ovce u lakomé hospodyně (B. Holišová). Jednou jim vítr přivanul kouzelný šátek. Měl tu moc, že prostíral různé pochoutky. Jenže Sten byl poctivý a rozhodl se šátek vrátit tomu, komu patří. Vydal se do říše elfů a potkal přitom krásnou Solveig (E. Horká). Mnoho dobrodružství prožil, než ji z moci trolla (L. Křiváček) vysvobodil a mohl si ji vzít za ženu…

Zdroj: Česká televize";;;;;;Věra Jordánová;Josef Kemr, David Prachař, Eva Horká, Jan Přeučil, Ladislav Křiváček, Blažena Holišová, Vlastimil Bedrna, Václav Kotva, Barbora Kohoutková, Klára Lidová, Ivan Anthon, Tomáš Karlík, Jana Prachařová, Pavla Sýkorová, Jaroslav Vidlař;False;;;;;;True;False;;;;
1935;Bílá vrána;0;;m;1938;73.181818181818;109.0;a8zcvlszgz4gp6ka6t20.jpeg;1935-bila-vrana;Československo;komedie / hudební / evropská tvorba;Bílá vrána;"POZOR SPOILER!!!

Mladé děvče Eva těžce vydělává korunky. Přesto posílá peníze svým sourozencům, aby měli teplou polévku. A to má vystudovanou školu. 

Na druhé straně je situace opačná. Zazobaný starý pán, velkostatkář Filomén Dubanský, vlastnící zámek, ale také hodně zadlužený potřebuje dluhy zaplatit. Má mladou dceru Janu a rád by ji bohatě provdal. A to za mladého a šíleně bohatého Andrého Bernarda, kterému dceru kdysi slíbil Bernardův otec. Dcera umí jazyky a chce se živit jimi. Starý pán se vydává do Luhačovic, aby snad pro sebe nějakou ženu našel. A skutečně se mu to podaří, aniž tuší, že je to podvodnice. Ožení se s ní a odjíždí s ní do Tater. Mezitím zbylé osazenstvo vily zařizuje z této hotel. Povolení od komise již mají a tak se tam všichni zaměstnají. Komorník Jindřich jako ředitel a vrátný, kuchař je kuchař a dvě pokojské zastane Eva, která zde nabízela inzeráty a Jana. Ty se setkají, ale Eva netuší, kdo je Jana doopravdy. Toto „tajemství“ se však dlouho neudrží a do hotelu přijíždějí první hosté. Matinka s dcerkou, kterou chce vdát, podvodník, vydávající se za boháče a muž, kterého si Jana měla vzít, totiž André. Ten však pro okolí vystupuje pod jiným jménem. A protože potřebuje společnici, dohodí mu ředitel Janu, jenže také pod jiným jménem.  Ti dva, jak jinak, v sobě naleznou zalíbení. Hotel je v plném provozu, když se vrací majitel zámku, sám Filomén, který prchl své manželce. A protože o ničem neví, vznikne menší zmatek. Jindřich jej „zamaskuje“ a ihned také zaměstná. Pořádá s večerní bál a na něm se dějí věci. Falešný boháč okrade dceru vdavekchtivé matky a André zjistí, kdo je vlastně jeho společnice. Ukradené šperky jsou nalezeny detektivem a vráceny zpět. Ovšem jsou tu ještě záležitosti srdce, které je třeba vyřešit. Zámek byl vydražen a prodán. Vypadá to velmi špatně jak s penězi, tak s láskou. Ale snad se vše v dobré obrátí. Zvláště, když se zde objeví Eva…";;09.09.1938;;;;Vladimír Slavínský;Jindřich Plachta, Adina Mandlová, František Krištof-Veselý, Stanislav Strnad, Růžena Šlemrová, Aša Vašátková, Raoul Schránil, Světla Svozilová, Eva Gerová, Hermína Vojtová, Jára Kohout, Sláva Grossmann, Ella Nollová, Jan W. Speerger, Slávka Rosenbergová, Dagmar Appelová, Věra Skalská, Jindra Láznička, Julius Baťha, Ferry Seidl, František Filipovský, Robert Ford, Jiří Hron, Jan Černý, Josef Kotalík, Alois Peterka, Bolek Prchal, Miloš Šubrt, Stanislav Bláha, Václav Mlčkovský, Josef Venclů, Richard Záhorský, Karel Postranecký, František Krištof-Veselý, Eva Gerová, Jindřich Plachta, Jan W. Speerger, Jára Kohout;False;;;;tt0247958;bila-vrana;True;False;/file/43708/bila-vrana-2018-cz-dabing-hd-1080p.html/;;;František Ketzek
36341;Uloupené dětství;0;;m;1987;73.461538461538;82.0;4cb847d4708ijhploznw.jpeg;36341-uloupene-detstvi;Československo;drama;Uloupené dětství;"Podle románu na základě skutečných událostí od spisovatele Joži Mikuly - Děti za mřížemi (1987) natočil Milan Růžička smutný film, ukazující zrůdnost nacismu a jeho ideí, protože válka není jen na bojišti, ale postihuje v dalším plánu mnohem víc lidských osudů.

S využitím častých retrospektivních předělů uvidíme příběh o drsně a syrově těžkém osudu malého kluka ze smíšeného česko-německého manželství v okupovaném pohraničí, který měl smůlu, že jeho otec byl Němec za 2. světové války. Do příchodu nacistů nikomu nevadilo, kdo si koho bere …

Malý Mirek „Hans“ Šimke (Jakub Marek, 10 let) byl po smrti své české maminky na žádost otce (tvrdili mu, že maminku opustil ještě před jeho narozením) odebrán z péče babičky Marie (tu nevědomky viní z toho, že se jej zbavila) a poslán na převýchovu (spíše na tvrdé poněmčování) do fašistického Německa do dětského převýchovného tábora v německém Kinderheimu s dohledem německých úřadů.

Fyzický a psychický teror, který uplatňovaly vychovatelky nejenom při trestech, ale i při každodenním „poněmčování“ jsou ukázky nesnesitelné hrůznosti nacistické ideologie.

Děti v tomto filmu uvidí strastiplný osud malého hrdiny a dospělí zase odstrašující příklad, kam až vede slepá poslušnost a bezmezné přijímání cizích názorů.

Snaha o zařazení „poněmčených“ dětí různých národů do výběrových rodin byla jen špičkou ledovce, kterou fašistická mašinérie dokázala rozpoutat.
Těžko si můžeme jenom představit tu obrovskou bolest v srdci a smutek na duši takového českého dítěte odloučeného od své rodiny kdesi mimo svou vlast. 

Bohužel i vztahy mezi dospělými v této době nebyly často vůbec hezké: „Zbabělče, teď teprve jsem ráda, že spolu nemáme žádné děti.“
Ale i v tak hrozné době si například cukrářský a pekařský mistr Herbert (Ilja Prachař) dokázal uchovat lidskost.

„Německý kluk je vždy čestný, nikdy nelže a český kluk zase nikdy nenapráská, krásnou holku z nadřazený rasy, co mu pomůže.“

Film byl natočen v areálech těchto institucí a za jejich obětavé spolupráce:
Městský Národní Výbor Pyšely u Prahy, Dětský domov a Domov důchodců Pyšely, Městský Národní Výbor Loket a základní školy v Praze, Pyšelích i Lokti.";;;;;;Milan Růžička;Jakub Marek, Alena Kreuzmannová, Jana Andresíková, Stanislav Zindulka, Ilja Prachař, Jana Švandová, Tereza Pokorná, Gustav Opočenský, Valentina Thielová, Hana Čížková, Ladislav Křiváček, Jiří Pleskot, Libuše Švormová, Ferdinand Krůta, Zdeňka Sajfertová, Andrej Hryc, Jiří Schmitzer, Raoul Schránil, Jana Vaňková, Libuše Jiskrová, Miluše Dreiseitlová, Monika Pošívalová, Luďa Marešová, Libuše Štědrá, Filip Železný, Z. Šesták, Michal Tříska, Viktor Král, Filip Tenkl, L. Havlíková;False;;;;tt1800402;;True;False;;/uloupene-detstvi-1987-czdab/68163c3d4bcfd;;
66624;Vilém Rozkoč;0;;m;1975;75.0;91.0;fyuwchmu31np9dak4s78.jpeg;66624-vilem-rozkoc;Československo;drama;Vilém Rozkoč;K úspěšným televizním dramatickým dílům patří zpravidla ta, která vznikala podle klasických románových předloh. To platí i o inscenaci Vilém Rozkoč podle románu K. M. Čapka-Choda. Autor čerpal z prostředí žižkovské periferie a pražské výtvarné bohémy na počátku minulého století. Jeho hrdina, sochař Vilém Rozkoč, prožívá složitý vývoj. V konfrontaci s měšťáckou rodinou se na čas odcizuje svému poslání, neztrácí však svou tvůrčí hrdost. Dílo je silné kritickým pohledem na společnost, která pokřivuje charakter umělce.;;;;;;Zdeněk Kubeček;Viktor Preiss, Karel Houska, Slávka Budínová, Jiřina Šejbalová, Jiří Pleskot, Hana Maciuchová, Josef Abrhám, Václav Švorc, Gabriela Osvaldová, Jan Přeučil, Josef Mixa, Otto Budín, Jan Cmíral, Daniela Bartáková, Pavel Pásek;False;;;;;;True;False;;;;
68039;Krabi;0;;m;1976;75.0;11.0;nzew9i42zxjyiks79urv.jpeg;68039-krabi;Československo;animovaný / sci-fi;Crabs;"Na ostrově přistane vojenský laboratorní vrtulník, vysadí obrněné vozidlo a šéfa výzkumu a odletí. Šéf po jeho odletu vytáhne zpod čepice mechanickou hračku kraba, která se ihned naklonuje (i díky tomu, že zpracovává ocelovou konstrukci). Do večera je krabů tolik, že se začnou mezi sebou požírat a klonovat na útočné typy. 

A vědec šéf jen sleduje harmonogram vývoje. Až zůstane jen jeden obrovský krab, kterému dojde žrádlo a tím i energie. Jenže v noci jej aktivuje bouřka a krab  se vydává na cestu za potravou. Vědec zatím sní o využití krabů na demolici starého železa při bourání měst apod. Zatím jej krab najde a zabije ho, pak sežere vše kovové z jejich výbavy. Vojákovi zůstane jen člun, ve kterém odpluje z ostrova. Krab začne požírat sám sebe, až z něj zůstanou jen jednotlivé díly..";;;;;;Václav Mergl;;False;;;;tt1945126;;False;False;/file/65026/spongebob-v-kalhotach-s14e03-bassepiak-krabice-pro-hlupaky-sepiaky-1080p-web-dl-cz-dab.html/;/krabi-1976-animovany-sci-fi-cz-dabing-by-noxx/687f3ee37a3c8;;
31852;Josefina;0;;m;1973;75.0;72.0;uiwlhsh7chonreu7xrew.jpeg;31852-josefina;Československo;komedie;Josefina;"Divadelní hra <a href=""https://www.fdb.cz/osobnost/4362-vladislav-vancura"">Vladislav Vančura</a> Josefína vznikla rok před jeho tragickým skonem v roce 1942 a poprvé byla hrána až v padesátých letech. Televizního zpracování se dočkala hned dvakrát, v roce <a href=""https://www.fdb.cz/film/52291-josefina"">Josefina</a> s <a href=""https://www.fdb.cz/osobnost/4664-hana-zagorova"">Hana Zagorová</a> v titulní roli, a roku 1973. V této adaptaci si Josefínu zahrála <a href=""https://www.fdb.cz/osobnost/2992-jaroslava-obermaierova"">Jaroslava Obermaierová</a>. Příběh pouliční zpěvačky, která oslní talentem profesora konzervatoře (<a href=""https://www.fdb.cz/osobnost/2326-felix-le-breux"">Felix le Breux</a>) i spolužáka Valentina (<a href=""https://www.fdb.cz/osobnost/3975-alfred-strejcek"">Alfred Strejček</a>) zpracovala pro televizi <a href=""https://www.fdb.cz/osobnost/107059-miroslava-valova"">Miroslava Valová</a>.

Jednou se pouliční zpěvačka Josefína náhodně ocitne se svými kamarády před konzervatoří. Tam se právě profesor Vydra snaží vytvořit zpěvačku z netalentované Ireny (<a href=""https://www.fdb.cz/osobnost/2791-consuela-moravkova"">Consuela Morávková</a>). Když uslyší Josefínin zpěv, rozhodne se dívce pomoci ke kariéře divadelní pěvkyně a herečky. Pygmalionský motiv poněkud zastíní milostná linka, v níž se střetne o Valentýnovo srdce studená a měšťácká Irena s upřímnou a temperamentní Josefínou…

Česká televize";;;podle divadelní hry;;;Miroslava Valová;Jaroslava Obermaierová, Alfred Strejček, Felix le Breux, Consuela Morávková, Ladislav Boháč, Jarmila Krulišová, Ladislav Pešek, Josef Větrovec, Vladimír Hlavatý, Libuše Havelková, Antonie Hegerlíková, Miroslav Masopust, Jiří Klem, Petr Svojtka, Jaroslav Vágner, Ivana Vondrovicová, Jaroslava Pokorná, Vladimír Pospíšil, Karel Knechtl, Zdeněk Kopal, Jan Řeřicha, Tomáš Sedláček, Iva Šašková, Tomáš Töpfer, Josef Čáp;False;;;;;;True;False;;/1968-josefina/675ded708938c;;
99225;Jak se Honza hádal s králem;0;;m;1968;75.0;8.0;7mnmqdoqy0cqeu6teagn.jpeg;99225-jak-se-honza-hadal-s-kralem;Československo;pohádka;Jak se Honza hádal s králem;"Krátká hraná pohádka podle předlohy Boženy Němcové z cyklu České pohádky v režii Ludvíka Ráže.


Jen co se Honza doslechne, že dal pan král vyhlásit, že kdo přehádá krále (donutí ho, aby dotyčnému řekl „Ty lžeš!“) dostane ruku jeho překrásné dcery a k tomu sto tisíc peněz, začne ho svrbět jazyk – chce to taky zkusit. Ale tolik učených pánů už strávilo s králem mnoho dní a nocí a žádnému se to zatím nepodařilo. Navíc princezně se Honza ani za mák nelíbí...";;;;;;Ludvík Ráža;Jaroslav Satoranský, Ladislav Pešek, Ivana Vondrovicová, Karel Hábl, Ladislav Kazda;False;;;0+;;;True;False;/file/83333/jak-se-honza-hadal-s-kralem-68-cz-pohadka.html/;;;
2171;Blbec z Xeenemünde;0;;m;1962;73.157894736842;43.0;r8y9ojg8e6zh8x5c8zew.jpeg;2171-blbec-z-xeenemunde;Československo;drama;Idiot from Xeenemünde;"Inženýr Hans (Rudolf Hrušínský), který pracuje na plánech výroby raket  pro válku, má hezkou ženu (Slávka Budínová), ale syna Brůna (Václav Sloup), který je prohlášen za blbce. V plánech se zjistí, že je ve výpočtech chyba, ale na to přijde dříve pachatel, který využívá raket k likvidaci lidí. Jednou je to bývalá učitelka, podruhé vyletí škola nebo svůj cíl si najde raketa ve vysokém důstojníkovi SS. 

Po smrti učitelky přichází do rodiny nový učitel (Vlastimil Hašek), který odhalí pachatele raketových útoků a tím je Brůno, jenž má matematiku v malíčku. Nastává zmatek a aby všechno bylo ututláno, učitele jako nebezpečného svědka odvezou na gestapo. Nastane situace, že Bruno je nebezpečný pro celé okolí, velitel SS (Jan Pivec) vytáhne pistoli a s ní Bruna zastřelí. Když následně odvolává poplach, spustí nepřátelé Německa letecký nálet na Sassko...";;01.02.1963;;;;Jaroslav Balík;Václav Sloup, Jan Pivec, Rudolf Hrušínský, Slávka Budínová, Vlastimil Hašek, Jana Štěpánková, Rudolf Pellar, Viktor Maurer, Zdena Hadrbolcová, Jan Pohan, Jan Teplý, Alena Bradáčová, Štěpán Bulejko, Josef Koza, Oleg Reif, Miroslav Abrahám, Lubomír Tlalka, Jiří Bělohoubek, Hlavsa, Jan Tříska;False;;;;tt0055802;;True;False;;/blbec-z-xeenemuende-1962-czdab/a2d5658b232d626b;;
39645;Čarovné prstýnky;0;;m;1978;73.191489361702;60.0;eodfsatp2uaj1dhw23cb.jpeg;39645-carovne-prstynky;Československo;fantasy / pohádka / rodinný;Čarovné prstýnky;"POZOR SPOILER

Babička navléká barevné korálky a její vnučka jich pár upustí na podlahu. Když je sbírá, najde prstýnek a babička se chopí vyprávění…
V horách žije Kuba a ten dělá prstýnky. Chodí jej pozorovat dívčí od hajného. Je to víla Rokytka.
Na jarmark přichází mladý Martin a zde poznává panskou kuchařku Haničku. Mezi oběma vzplane vášeň. 
Martin s Kubou jsou kamarádi a bydlí spolu. Kuba jednou Rokytku načapá, když jej pozoruje ve spánku a ihned se do ní zamiluje. Rokytka do něj také, a jednoho dne spolu utečou. 
Na jarmarku prodávají prstýnky, ale moc se jim to nedaří. Teprve až je Rokytčina matka očaruje, zlepší se to. Její dcera ku prodeji zatančí a hned je hej. Potkají i Martina, který je naštvaný, že jeho milou Haničku chtějí provdat. Rokytka mu dává dva prstýnky a naučí kouzelné říkání. 
Prstýnek se dostane k Hance a když ta jej použije, mizí. Ženich, takto komoří Leopold má tedy smůlu. Jenže štengruje svého pána a ten unese Rokytku. Chce, aby tančila a zpívala pro něj a bohaté pány. Jenže to se Rokytce nelíbí. A tak se Martin s Hankou rozhodnou jí pomoci. Ona totiž Rokytka má sice prstýnek, ale vypadlo mu očko. Takže nefunguje. Tudíž jí Hana doručí jiný a začnou se dít věci...";;07.05.1978;;;;Věra Jordánová;Hana Maciuchová, Svatopluk Skopal, Naďa Konvalinková, Marcel Vašinka, Martin Růžek, František Husák, Petr Haničinec, Blanka Waleská, Dana Vávrová, Věra Koktová, Oldřich Vlach, Roman Skamene;False;;;0+;tt2723280;;False;False;/file/57312/carovne-prstynky-1978-ceske-pohadky-pohadky-nejen-pro-deti.html/;/carovne-prstynky-1978/632d501cc80cf;;
40318;Neohrožený Mikeš;0;;m;1969;73.846153846154;30.0;h3jy0whuea99vdf8qk8o.jpeg;40318-neohrozeny-mikes;Československo;pohádka;Neohrožený Mikeš;Tři veselí chasníci na vandru Mikeš, Bobeš a Kuba objeví v lese jeskyni s prostřeným stolem pro tři. Kuba uvnitř hlídá a ostatní dva se starají o jídlo a dřevo na zátop. V jeskyni se objeví stará ježibaba a pošle Kubu pro maso do komína, pak mu podtrhne žebřík. Vrátí se Bobeš, kterého ježibaba nachytá stejně. Mikeše ale nepřekvapí a aby se zachránila, poví mu o třech princeznách, které vězní v podzemí zlý kouzelník. Potom ježibaba vzkřísí oba kamarády. Mikeš se spustí pod zem a osvobodí princezny, přičemž musí čaroděje porazit ve trojím zápase. Bobeš a Kuba vytáhnou dvě princezny a potom lano hodí zpět do díry. Mikeše zachrání jen rada babky, aby na lano přivázal své těžké kladivo. V podzemí Mikeš porazí třikrát mocného kouzelníka a ohyzdná baba se promění v krásnou princeznu, která mu dá své slovo.;;;;;;Ludvík Ráža;Vlastimil Hašek, Eduard Cupák, Ladislav Trojan, Martin Růžek, Klára Jerneková, Ivana Vondrovicová, Libuše Zátková;False;;;0+;;;False;False;/file/86691/neohrozeny-mikes-1969-cb-ceske-pohadky-pohadky-nejen-pro-deti.html/;/neohrozeny-mikes-1969-czdab/6681e35ac189a;;
60198;Konec draka Kusodrápa;0;;m;1971;73.846153846154;49.0;s7zc1ba2un60yllfxdsj.jpeg;60198-konec-draka-kusodrapa;Československo;pohádka;Konec draka Kusodrápa;"POZOR, SPOILER

U dračí sluje hlídají dva statní mužové. Sluj je prázdná, tedy oni si to myslí, a proto jsou překvapeni, když vykoukne drak a začne s nimi rozprávět. Klade tím požadavky na purkmistra. Chce někoho, kdo mu bude obden ve sluji topit a každý den hezkou slečinku k snědku.

Purkmistr zrovna laje své dceři Kristýnce, která se miliskuje s Honzou. Purkmistr jej do rodiny nechce, proto nadává. Když se dozví, že se drak vrátil, a vyslechne jeho požadavky, sežene nějakou bábu a drakovi ji předá. A pak mu nabídne dary.  

Jenže drak trvá na tom, že chce k obědu právě Kristýnku. Co dál? Honza již něco vymyslel a požaduje Kristýnku za ženu, pokud ji zachrání. Purkmistr souhlasí.

Honza nechá vyrobit sněhuláka, kterého oblékne do Kristýnčiných šatů a dva zbrojnoši ho šoupnou drakovi přímo do tlamy. Drak onemocní, a to už za zpěvu Neckářovy písně Dr. Dam Di Dam přichází lékař. Je to převlečený Honza. Ten bude draka „léčit»…";;01.07.2009;drak;;;Pavel Kraus;Oldřich Vízner, Vladimír Menšík, Pavel Landovský, Jan Libíček, Milena Kleinerová, Miloš Kopecký, Eva Foustková, Ivan Anthon;False;;;;;;True;False;/file/40027/konec-draka-kusodrapa-1971-cb-ceske-pohadky-pohadky-nejen-pro-deti.html/;/konec-draka-kusodrapa-pohadka-1971-cz-film/675b1790e38bf;;
11922;Odysseus a hvězdy;0;;m;1976;73.07692307692301;85.0;qqws3niysama68nn4ih9.jpeg;11922-odysseus-a-hvezdy;Československo;rodinný / sci-fi;Odysseus a hvězdy;V blízké budoucnosti, kterou byl pro tvůrce přelom tisíciletí, se odehrává mysteriózní, tajuplný příběh. Otec v něm vypráví svému synovi podivuhodné zážitky ze svého dětství - o kocouru Odysseovi, ale zejména o setkání s mimozemskou civilizací.;;01.09.1976;;;;Ludvík Ráža;Jaroslava Obermaierová, Alois Švehlík, Gustav Bubník, Gabriela Hyrmanová, Jaroslav Moučka, Richard Knotek, Vladimír Vondra, Milena Dvorská, Jana Boušková, Jaroslav Mareš, Stanislav Fišer, Josef Šebek, Miloš Vavruška, Jaroslav Cmíral, Mirko Musil, Petr Štěpánek, Martin Růžek, Vladimír Ptáček, Jana Krausová, Lydie Havláková, Jan Kraus, Jiřina Bílá, Dagmar Patrasová, Miriam Chytilová, Otakar Brousek, Bert Schneider, Jaroslav Vavřina, Karel Karas, Ilona Jirotková, Alena Karešová;False;;;;tt0448919;;True;False;;/odysseus-a-hvezdy-1976-sci-fi-cz-dabing-fhd-1080p-by-klikfiles/68f6e6a09cc0d;;
39630;Panenka z vltavské tůně;0;;m;1976;73.090909090909;55.0;0el4gz8359afopzkqv5q.jpeg;39630-panenka-z-vltavske-tune;Československo;pohádka;Panenka z vltavské tůně;"POZOR SPOILER!!!

Mladík Vítek maluje na porcelán. Matka je přísná a stále jej honí do práce, on však touží cestovat někam do dáli. Jednoho dne přijde nakoupit hezká dívka. Vítek se do ní okamžitě zamiluje. Netuší, že je to vodnická dcerka Bělička. Do této vodnické rodiny přijíždí na návštěvu Žanda Frída. Ta fíglem dostane Běličku na tancovačku. Zde je ovšem viděna otcem a ten ji vtáhne do vody. Vítek pro ni skočí a končí na dně Vltavy. Nakonec končí on i Bělička v dřevěných klecích. Jenže je odnese velká voda. Běličku ne moc daleko, jen na břeh na místo kde tančila s Vítkem. Zato Vítek končí v daleké cizině. Zde musí pracovat, než se pozná s podvodníkem, který jej pošle na loď plující kolem světa. Teprve na této lodi jej nalezne Bělička společně se Žandou. A může být svatba.";;;;;;Věra Jordánová;Jarmila Švehlová, Oldřich Vízner, Otto Šimánek, Míla Myslíková, Josef Bek, Věra Koktová, Bedřich Prokoš, Eva Hrušková, Antonín Navrátil, Roman Skamene, Václav Vydra, Eva Foustková, Marie Horáková, Miloslav Homola, Martin Hron, Milan Mach, Martin Frajt, Zdenka Balounová, Jaroslav Mikulín, Michal Lieb;False;;;0+;tt1446131;;False;False;/file/66041/panenka-z-vltavske-tune-1976-ceske-pohadky-pohadky-nejen-pro-deti.html/;/panenka-z-vltavske-tune-pohadka-ceskoslovensko-1976/5fe04fec9c905;;
13292;Poplach v oblacích;0;;m;1978;72.966101694915;75.0;8af6ri1cl0g0bd9umr93.jpeg;13292-poplach-v-oblacich;Československo;akční / komedie / dětský / fantasy / pohádka / rodinný / evropská tvorba;Poplach v oblacích;"Značný rozruch vzbudí mezi cestujícími letadla, mířícího do Prahy, elegantní muž v buřince, který se s naprostým nezájmem o přírodní zákony prochází po křídle. Někteří ho považují za halucinaci, jiní za trik a bezpečnostní inspektor Málek za zašifrovanou zprávu o únosu. Jen malá Alenka ví, že je to laskavý kouzelník Pan Tau. Po přistání samozřejmě není k nalezení, a zatímco se horlivý Málek ujímá vyšetřování, přijde Pan Tau o kouzelnou buřinku, kterou mu ukradne slůně Bimbo, čekající na převoz do Safari. Aby ji získal zpět, musí se ukrýt ve voze a čekat na vhodnou příležitost. Jenže buřinku najde zřízenec Kalous a navíc po krátké zastávce mezi poli ujede, aniž si všimne, že Bimbo opustil špatně zajištěnou klec. Pan Tau se tak ocitá bez buřinky, zato se slůnětem v patách mezi poli, kde záhy způsobí pořádný rozruch. A buřinka je v nedohlednu.

Zdroj: Nova";;01.11.1979;;;;Jindřich Polák;Otto Šimánek, Vlastimil Brodský, Petr Nárožný, Josef Dvořák, František Husák, Robert Vrchota, Michael Hofbauer, Eliška Sirová, Jan Sedláček, Zdena Hadrbolcová, Josef Bláha, Václav Postránecký, Jana Brejchová, Petr Čepek, Jiří Lábus, Stanislava Coufalová, Karel Bělohradský, Vladimír Hrubý, Zdeněk Martínek, Lenka Termerová, Vít Olmer, Jiří Kodet, Elena Strupková, Dagmar Patrasová, Viktor Maurer, Milan Riehs, Petr Pospíchal, Karel Meister, Otto Budín, Zdeněk Srstka, Vladimír Pospíšil, Petr Skarke, Žofie Veselá, Miroslav Vydlák, Marta Kaňovská, Alena Jirešová, Martina Červená, Pavel Stránský, Stanislav Vyskočil, Jan Pohan, Vladimír Pospíšil;False;;;7+;tt0078103;;True;False;/file/95347/poplach-v-oblacich-cz-dabing-1978.html/;/poplach-v-oblacich-cz-dabing-1978/60a994d2e78d7;;
33118;Všehochlup;0;;m;1978;76.666666666667;11.0;p2425t0c63hqt7iat1ys.jpeg;33118-vsehochlup;Československo;animovaný;Hairy Pot-Pourri;"Byl jednou jeden král a ten měl slabost – vošklivou chlupatou mrchu Všehochlupa. Jeho tři dcery se kvůli tomu ani nemohly vdát, každej nápadník od zámku rychle utíkal. Až jednou, když musel král odjet, si jedna dcerka vzala za muže slunce, druhá měsíc a třetí vítr. Doma zůstal jen malinký synek, a ten nedokázal Všehochlupa uhlídat. Když se král vrátil, nastal binec. Kterej čaroděj mi tu moji mrchu odloudil, zabědoval. A chřadnul a chřadnul. Synek se tedy vydal čaroděje hledat. S pomocí švagrů čaroděje našel, ale za tu dobu úplně dospěl, to víte, byla to dlouhá cesta. Čaroděj chtěl Všehochlupa vrátit, ale královský synek, jmenoval se Vašek, musel nejdřív splnit úkol: po tři noci uhlídat čarodějovu dceru. Dvakrát mu utekla, ještě že mu švagrové znovu pomohli. Před třetí nocí mu vítr poradil: Tý majolenky si musíš v noci fest hledět, určitě neuteče. A taky jo. Čaroděj mu jí pak dal za ženu a s ní a s Všehochlupem se Vašek vrátil domů. Mladí kralovali za pantátu, protože ten k stáru raději na Všehochlupovi pospával. Tak už to ve stáří chodí. Sláva ti, moudrý živote, že to jde aspoň pořád dokola. [Filmový přehled 24/1978] 

Autor/Zdroj: -/Filmový přehled";;;;;;Zdeněk Smetana;František Filipovský;False;;;0+;tt0250818;;True;False;;/vsehochlup-animovany-78-dvbt-cz-romin/5855519179fbd;;
22686;Sparta - Slavia;0;;m;1964;76.666666666667;37.0;https://prod-fdb-storage.fra1.cdn.digitaloceanspaces.com/placeholders/General.png;22686-sparta-slavia;Československo;sportovní;Sparta - Slavia;"Tento středometrážní film Jaroslava Macha byl natočen podle scénáře F. B. Kunce a byl věnovám k 70 výročí vzniku Sparty a Slávie. Ukazuje nám začátky a vývoj těchto slavných fotbalových klubů a jejich věčné soupeření. Výběr z bohatého archivního materiálu, dotáčky a komentář, to vše je podřízeno záměru natočit zábavný film s ironickým podtextem, který míří do řad fandů obou fotbalových klubů

Edward52 a jeho archív";;14.04.1964;;;;Jaroslav Mach;Jaroslav Štercl, Karel Effa, Darek Vostřel;False;;;;tt0265789;;True;False;;;;
33245;Shakespeare 2000;0;;m;1988;76.666666666667;9.0;https://prod-fdb-storage.fra1.cdn.digitaloceanspaces.com/placeholders/General.png;33245-shakespeare-2000;Československo;animovaný;Shakespeare 2000;Na závěr zpátky k renesanci. Zrodila se v Itálii a postupně se šířila do celé Evropy. V Anglii se jejím symbolem jednoznačně stal dramatik William Shakespeare. Tady bychom si ale měli připomenout, že mezi Leonardem a Shakespearem uběhlo 100 let. Hrdý Albion, jak se někdy Anglii říká, přijímal ideály renesance velmi opatrně a pomalu. Je neuvěřitelné, kolik dramat, která se dodnes hrají po celém světě, William Shakespeare napsal. Stihl toho za svůj dvaapadesátiletý bouřlivý život, který je dodnes tak trochu záhadou. Jeho hrdiny: Hamleta, Othella, Macbetha, Falstafa, Romea a Julii a mnoho dalších zná důvěrně snad každý průměrně vzdělaný člověk. A s tím také asi počítali režisérka a výtvarnice Dagmar Doubková a scenárista Edgar Dudka, když v roce 1988 točili film Shakespeare 2000. I oni byli přesvědčeni, že v roce 2000 stále ještě budou po světě pobíhat Hamletové, Othellové, Macbethové, Romeové a Julie. A nemýlili se. Uběhlo dalších několik let a Shakespearovi hrdinové jsou stále živí.;;;;;;Dagmar Doubková;;False;;;;tt31721518;;False;False;;;;
18757;Sejdeme se v Bethelu;0;;m;1979;76.666666666667;40.0;https://prod-fdb-storage.fra1.cdn.digitaloceanspaces.com/placeholders/General.png;18757-sejdeme-se-v-bethelu;Československo;komedie;Vítejte v Bethelu;"Televizní komedie s lehce satirickým podtextem vypráví příběh muže (<a href=""https://www.fdb.cz/osobnost/3869-ludek-sobota"">Luděk Sobota</a>), který se při projíždění městečkem Bethel dostane do spárů zdejších obyvatel. Ti jsou všichni nějak spřízněni a mají velmi propracovaný systém, jak náhodně projíždějícího cizince připravit úplně o všechno!!!

Mimořádná herecká příležitost pro <a href=""https://www.fdb.cz/osobnost/996-josef-dvorak"">Josef Dvořák</a>, který si zahrál všechny mužské obyvatele města Bethel.";;26.04.1980;;;;Ján Roháč;Josef Dvořák, Luděk Sobota, Anna K;False;;;;;;False;False;;;;
22922;Potomci a předkové 2 - Vzplanutí ohně;0;;m;1973;76.666666666667;68.0;https://prod-fdb-storage.fra1.cdn.digitaloceanspaces.com/placeholders/General.png;22922-potomci-a-predkove-2-vzplanuti-ohne;Československo;dokument;"Potomci a předkové II.; Vzplanutí ohně (Potomci a předkové)";"Druhý díl dokumentárního cyklu o bojích a cestách, vedoucích k vytvoření ČSSR. Zachycuje období od heydrichiády až po osvobození Rudou armádou.

Autor/Zdroj: Bartošková Šárka/Československé filmy";;01.02.1974;;;;Josef Šuran;Otakar Brousek, Jiří Němeček, Vladimír Kakljugin, Richard Křepinský;False;;;;tt0184995;;True;False;;;;
30148;Otázky pro dvě ženy;0;;m;1984;76.666666666667;22.0;https://prod-fdb-storage.fra1.cdn.digitaloceanspaces.com/placeholders/General.png;30148-otazky-pro-dve-zeny;Československo;dokument;Železniční přeprava (prac. název);"Hrdinkami dokumentárního vyprávění jsou dvě zcela rozdílné ženy: vědecká pracovnice a důchodkyně, kdysi zaměstnaná na železnici. Přesto je spojuje aktivní přístup k životu, touha být prospěšnou. Oba portréty se vzájemně prolínají.

Autor/Zdroj: /Letní filmová škola


Protagonistkami tohoto dokumentu jsou dvě diametrálně odlišné ženy, které se v životě nikdy nesetkají. Doktorka Alena Konečná je kandidátka věd a pracuje ve výzkumném ústavu v oboru makromolekulami chemie. Paní Zlatníková prodává železniční jízdenky, píše básně a vychovala tři děti a sedm vnoučat. Jedno však mají společné - posedlost životem, touhu tvořit a vzácné umění najít radost v každém životním okamžiku.

Autor/Zdroj: /Febiofest";;;;;;Drahomíra Vihanová;Drahomíra Vihanová;False;;;0+;tt0387474;;True;False;;/otazky-pro-dve-zeny-cz/68d9935261144;;
59120;O Matyldě s náhradní hlavou;0;;m;1985;76.666666666667;8.0;https://prod-fdb-storage.fra1.cdn.digitaloceanspaces.com/placeholders/General.png;59120-o-matylde-s-nahradni-hlavou;Československo;dětský / kreslený;Pracovní název: O Matyldě;"V jednom městě žila malá holčička Matylda, která si ráda hrála, ale nerada se učila – když už musela, málo si zapamatovala. Její maminku tak napadlo, že jí pořídí náhradní hlavy – jednu na matematiku, jednu na básničku atakdále. Matyldě se hlavy doma hromadily a všichni byli spokojeni. Až do dne, kdy maminka omylem vyměnila kapustu za hlavu, kde Matylda měla básničku pro babičku. Na rodinné oslavě pak byla ostuda. Tak si Matylda i maminka uvědomily, že jedna hlava bohatě stačí.
Zlín Film Fest 2015";;;;;;Miloš Macourek, Jaroslav Doubrava, Adolf Born;Iva Janžurová;False;;;;;;True;False;;;;
68012;Myslím, že vím;0;;m;1982;76.666666666667;75.0;a83sujglnhwyxgvn2h6z.jpeg;68012-myslim-ze-vim;Československo;drama;Myslím, že vím;"Televizní drama ze současnosti, které se zamýšlí nad složitou situací žen ve vysokých funkcích.

Čtyřicetiletá Zdena (Milena Dvorská) je ředitelkou velkého potravinářského podniku a také manželkou a matkou dospívající dcery. Když dostane anonymní dopis plný zášti, urážek a pomluv, ve své zásadovosti neváhá a zveřejní ho na poradě vedení svého podniku. Zatímco spolupracovníci pátrají po autorovi anonymu, Zdena a její manžel se začnou zamýšlet nad svými životy a hodnotí své priority.";;;;;;Jiří Bělka;Milena Dvorská, Ladislav Mrkvička, Petr Štěpánek, Jaroslav Moučka, Blanka Vikusová, Jorga Kotrbová, Valerie Zawadská, Věra Kubánková, Věra Bublíková, Karel Hlušička, Jiří Havel, Karel Meister;False;;;;;;True;False;;;;
115446;Miško Drotár a naozajstná princezná;0;;m;1980;76.666666666667;60.0;nf6znfdxkgda4eh46pmx.jpeg;115446-misko-drotar-a-naozajstna-princezna;Československo;pohádka;Miško Drotár a naozajstná princezná;;;;;;;Jozef Pálka;Juraj Ďurdiak, Tatjana Hrivňáková, Marta Bieliková-Černická, Samuel Adamčík, Mária Kráľovičová, Jarmila Koleničová, Vladimír Durdík, Vladimír Kostovič, Mária Breinerová, Ján Mistrík, František Desset;False;;;0+;;;False;False;/file/57969/misko-drotar-a-naozajstna-princezna-1980-sk.html/;/misko-drotar-a-naozajstna-princezna-1980-skdabing/645aaa1033a21;;
76551;Michelup a motocykl;0;;m;1972;76.666666666667;;https://prod-fdb-storage.fra1.cdn.digitaloceanspaces.com/placeholders/General.png;76551-michelup-a-motocykl;Československo;komedie;Michelup a motocykl;"<a href=""https://www.fdb.cz/osobnost/3265-karel-polacek"">Karel Poláček</a> patří dnes už plným právem ke klasikům českého humoru; a jsem přesvědčen, že televize stejně jako film se k adaptaci jeho románů i jeho povídek budou znovu a znovu vracet, aby prostředky sobě vlastními, ale samozřejmě vždy duchu Poláčkova humoru odpovídajícími, připomínaly na příbězích lidí a lidiček figury směšných maloměšťáčků. Vždyť tak mnohé z jeho literární kresby postav stále přežívá do dnešních časů, kdy už tak rádi hovoříme o maloměšťáctví jako o něčem minulém. Také příběh účetního Roberta Michelupa z Prahy Karlína, pošetilého i omezeného sobce, hledajícího ve všem maximum výhod, stejně jako jeho aférka s motocyklem, posloužil <a href=""https://www.fdb.cz/osobnost/3265-karel-polacek"">Karel Poláček</a> k propracování portrétu samolibého měšťáka, kterého i my, v pozměněných podobách, v méně vyhraněných situacích, ale základními typovými rysy znovu a znovu stejného, snad denně potkáváme s jeho směšným, mnohdy však díky naší shovívavosti a laskavosti úspěšným chytračením.

Obdivujeme na Poláčkově díle nejen způsob jeho vyjadřovacího stylu, ale i mimořádně pozoruhodnou znalost lidí a prostředí, do kterého jejich příběhy zasazoval. <a href=""https://www.fdb.cz/osobnost/731-karel-capek"">Karel Čapek</a> o něm jednou řekl, že jeho umění je jednostrunné, avšak aby nebylo omylu, okamžitě doplnil, že Poláčkova jednostrunnost spočívá v tom, že tento autor „si vybírá vždy jen jeden úsek skutečnosti, ale ten popíše pak do největší hloubky a s největší zevrubností, takže čtenář si může být jist, že se dovídá o věci všecko, co jen věděti lze.""

Duchu humoru Karla Poláčka, i duchu jeho výrazové osobitosti, kterou určuje nejen způsob jeho práce se slovem a se stavbou dialogů odpozorovaných z hovorového jazyka jeho postav, se snahou být stejně svěží a bystrý v postřehu, se pokouší být vedena i úprava Michelupa a motocyklu, kterou připravil pro Čs. televizi <a href=""https://www.fdb.cz/osobnost/14288-jaroslav-beranek"">Jaroslav Beránek</a>. Stejně tak režisér <a href=""https://www.fdb.cz/osobnost/3445-ludvik-raza"">Ludvík Ráža</a> se rozhodl nezůstat nic dlužen Poláčkově literární pověsti, která říká, že tento autor patří mezi ty nemnohé spisovatele, nad jejichž knihami se lidé vždy hlasitě smějí — i když už je čtou po několikáté. Režisérova snaha v tomto směru je vždycky ovšem závislá na hercích a jejich vztazích k hraným postavám. V případě televizní inscenace Michelupa a motocyklu, to jsou mimo jiné herci <a href=""https://www.fdb.cz/osobnost/548-cestmir-randa"">Čestmír Řanda</a>, <a href=""https://www.fdb.cz/osobnost/23-jaroslava-adamova"">Jaroslava Adamová</a>, <a href=""https://www.fdb.cz/osobnost/1746-vlasta-chramostova"">Vlasta Chramostová</a>, <a href=""https://www.fdb.cz/osobnost/3594-martin-ruzek"">Martin Růžek</a>, <a href=""https://www.fdb.cz/osobnost/6957-frantisek-kovarik"">František Kovářík</a>, <a href=""https://www.fdb.cz/osobnost/2914-gustav-nezval"">Gustav Nezval</a> a další.

[J.T.] [i]Televize: Michelup a motocykl.[/i] Květy. 1972, roč. 22, č. 33, s. 41. [upraveno]";;;podle knižní předlohy;;;Ludvík Ráža;Čestmír Řanda, Jaroslava Adamová, Vlasta Chramostová, Martin Růžek, František Kovářík, Gustav Nezval, Svatopluk Beneš, Vladimír Krška, Jaroslav Kepka, Vítězslav Černý, Josef Hlinomaz, Ladislav Potměšil, Otto Budín, Karel Pavlík, Zdenka Fišerová;False;;;0+;;;True;False;;;;
140047;Faust;0;;m;1989;76.666666666667;;6gky1ptruboli5cckp6r.jpeg;140047-faust;Československo;drama;Faust;"Příběh doktora Fausta, který upsal svou duši ďáblu a ten si ho pak odnesl do pekla, přetavil v první velké dramatické dílo alžbětinský dramatik Christopher Marlowe podle knížky lidového čtení. Z Marlowa, z lidových historek a loutkových her pak vyšel J. W. Goethe a vytvořil jedno z největších děl světové literatury. Jeho obrovské dílo, které vznikalo několik desítek let, představuje jeden z nejsložitějších divadelních úkolů nejen rozlohou. Zatímco pro první část je tématem především milostný příběh Fausta a Markétky, druhá, představující Faustovo putování světem, je epizodická a filozofická. Goethovo dílo v sobě navíc nese chápání světa, jak se vyvíjelo od středověku do konce 18. století. Inscenace Divadla na okraji měla premiéru v Junior klubu na Chmelnici v říjnu 1984. Vznikl pro ni nový, znamenitý překlad Olgy Maškové. Režiséru Zdenku Potužilovi se podařilo skloubit oba díly tragédie v jedno představení s jasným dramatickým tahem. Jeho významnou složkou se stala hudba Mikiho Jelínka a herecké výkony zejména tří hlavních představitelů: Fausta Ondřeje Pavelky, Markétky Evy Salzmannové a Mefista Petra Lepši. Pro televizní podobu byla zvolena cesta přepisu divadelní inscenace v exteriérech, hledala se nová výtvarná řešení, která by vytvořila významový ekvivalent inscenace divadelní a usnadnila a umocnila vnímání bohatého Goethova textu. Nové zpracování látky tak zprostředkovalo nejen poselství Goethova veledíla, které se i na jevištích objevuje více než zřídka, ale zároveň vytvořilo umělecky mimořádný přepis divadelního díla do televizní podoby.

Zdroj: Česká televize";;;;;;Viktor Polesný, Zdeněk Potužil;Ondřej Pavelka, Petr Lepša, Eva Salzmannová, Leoš Suchařípa, Radka Fidlerová, Josef Carda, Eva Svobodová, Ota Sklenčka, Petra Lustigová, Luboš P. Veselý, Zdeněk Dušek, Eliška Kasanová, Jana Březinová, Luba Skořepová, Marie Spurná, Alice Šnirychová, Vanda Hybnerová, Pavlína Mourková, Kateřina Pavelková, Jana Špaňůrová, Barbora Lukešová, Zdeněk David, Vladimír Kudla, Radan Rusev, Jaroslav Someš, Petr Meissel, Daniel Landa, Dalibor Gondík, Marek Tomažič, Jaroslav Sypal;False;;;;;;False;False;/file/00209/faust-smlouva-s-dablem-faust-love-of-the-damned-2000-dvdrip-czdabing.html/;/lekce-faust-la-lecon-faust-urok-fausta-faust-1994-ru/68aeabe35bf06;;
63920;Cvrček a bombardón;0;;m;1979;76.666666666667;5.0;bcuzhqb0909mxbu54gx4.jpeg;63920-cvrcek-a-bombardon;NSR / Československo;dětský / kreslený;Bombardón (pracovní název);"Cvrček, usazený v krásném letním popoledni v květu vlčího máku, hraje na své housličky. Shlíží dolů na louku, kde při jeho melodii mravenci kolébají svá miminka, ptačí máma uspává na třešni ptáčátka a myška nutí k odpočinku rozpustilé myšátko. Do lehkých tónů houslí zazní náhle rušivý zvuk. Jsou to hluboké bručivé tóny z nástroje brouka brundibára, jenž si právě vyšel na procházku se svým bombardónem. Cvrček přestane hrát, mravenci utíkají na všechny strany, myšky zalezou do díry a v ptačím hnízdě poskakují vylekaná mláďata tak divoce, až několik třešní spadne – přímo na hlavu brundibára, který se svým bombardónem sedí na větvi pod hnízdem. Jedna třešně spadne do bombardónu. A od té chvíle ať brundibár fouká jak chce, nevyloudí ani tón. Zkusí třešni vycucnout, a hle, z náustníku nástroje mu vyteče kapka sladké šťávy z rozmačkané třešně. Je to pochoutka a brundibár se mlsně olizuje. Když všechnu šťávu vypije chce opět zahrát, ale ať fouká jak fouká – nic se neozve. Co se to s tím bombardónem stalo? Pak si brundibár všimne, že z trouby nástroje čouhá dlouhá stopka. Rychle ji vytáhne. Pln naděje nafoukne tváře a začne znovu hrát. Zase nic! Bombardón je zkrátka pokažený. A osazenstvo paloučku se baví tím, jak ten nedovtipa ještě nepochopil, že mu v nástroji uvízla třešňová pecka. Cvrčkovi se nakonec kolegy muzikanta zželí a pokašlávaje pomalu k němu přistoupí a naznačí mu, aby podržel nástroj na užším konci. Pak si nasadí housle pod bradu a začne hrát. Nejprve pomalu, a když se bombardón začne pohybovat do rytmu, cvrček zrychlí tempo, hraje stále rychleji a rychleji, nástroj se rozkmitá, vibruje, a při allegru se roztřese tak, že z něj pecka vyletí jako z děla. Šťastný brundibár pak zahraje na bombardón tak silně, až všem zalehne v uších. Cvrček mu trpělivě předehraje na housličkách jednoduchou melodii. Brundibár se jí snaží zahrát po něm, ale moc mu to nejde. Cvrček tedy zahraje stupnici a brundibár ji na svém divokém nástroji opakuje. Jde to těžko, ale cvrček nepovolí a tak brzy brundibár vyloudí z bombardónu docela přijatelné zvuky. Cvrček nasadí housle, poklepe nožkou, pokývne hlavou, aby se k němu kolega přidal. Začnou hrát a nad paloučkem zní veselá melodie. K jemným tónům houslí a k tentokrát již melodickému doprovodu bručivého bombardónu, se přidají ptáčci a na louce se odehrává malý koncert. Když skončí, myšky i mravenci tleskají, a cvrček a spolu s ním i šťastný nemotora brundibár děkují obecenstvu. [Filmový přehled 3/1980] 

Autor/Zdroj: JH/Filmový přehled";;;;;;Zdeněk Miler;;False;;;0+;tt0372839;;False;False;;/cvrcek-a-bombardon/59ac690fa5e84;;
75614;Starý Burgunďan;0;;m;1966;74.0;28.0;hsp9ljmp24mp80epi1de.jpeg;75614-stary-burgundan;Československo;komedie;Starý Burgunďan;"Každý pátek se scházejí dva nerozluční kamarádi v dřevěné boudě jednoho z nich a popíjejí to, co za týden posbírali z různých nedopitých zbytků. Je to čím dál těžší, alkohol je drahý a lidé láhve dopíjejí. Tentokrát je to ale něco speciálního. V láhvi od Starého Burgunďana je zvláštní vodička. Našli ji někde na smetišti. Oba tuláci si libují, že tak dobré pití již dlouho neměli. V chatrči však hledají úkryt dva lupiči, kteří utíkají před policií. Když na stole uvidí láhev, napijou se. Co snesou dva tuláci, je na lupiče moc. V křečích prosí oba tuláky, aby zavolali doktora. Zásluhou „Starého Burgunďana“ jsou zločinci zadrženi. Tuláci odmítají odměnu, peníze věnují fondu pro postižené policisty a spokojeně opět ve své boudě popíjejí oblíbený drink.

Výtečná hříčka a skutečně skvělé sólo dvou jedinečných hereckých legend – Bohuše Záhorského a Jaroslava Marvana, od jehož úmrtí 21. května uplynulo čtyřicet let.

Zdroj: ČT";;;;;;Jiří Nesvadba;Jaroslav Marvan, Bohuš Záhorský, Josef Bláha, Pavel Spálený, Bohumil Pastorek, Vlastimil Čaněk, Josef Šulc;False;;;0+;tt0893605;;True;False;;;;
54340;Ježčí kůže;0;;m;1978;73.333333333333;38.0;yu2ev4lk2sqpmq64734q.jpeg;54340-jezci-kuze;Československo;pohádka;Ježčí kůže;"POZOR SPOILER

Mládenec Janko chce jít do světa, protože u nich je velká chudoba. A také jde. Jednoho dne narazí na bandu loupežníků, kteří se umlouvají, že přepadnou krále. Oni také kontrolují svůj lup a zahodí fajfku. Nevědí, že ta splní každému jakékoli přání. 

Janko fajfku chytí a odchází. Potká poustevníka, kterému fajfku ukáže a přijde na její kouzelnou moc. Ihned se nechá přenést do ohroženého království. Zde je jen jako pomocník, ale když použije fajfku, je z něj silák a přemůže všechny loupežníky. Když má přijít k odměňování, mizí. Nakonec se však přizná, že to byl on, kdo je všechny zachránil. Jenže důvěřivě daruje princezně Julišce svou fajfku. Ta jej s její pomocí odešle pryč a on se znovu setkává s poustevníkem. Ten mu dá hrušku a jablko. Když pak Janko dá hrušku Julišce, promění se v ježka. Shánějí se lékaři a kdo ví kdo, jenže opět to řeší Janko v převleku za doktora. Princeznu uzdraví, získá zpět fajfku a může mít i Julišku. Jenže, tady nastane malý zádrhel…";;;;;;Libuše Koutná;Vítězslav Jandák, Dagmar Havlová, Taťjana Medvecká, František Filipovský, Lubomír Kostelka, Jiří Krampol, Ladislav Trojan, Jan Kuželka, Václav Kaňkovský, Věra Tichánková, Josef Chvalina, Loutkoherecká skupina ČST;False;;;0+;tt0924452;;True;False;/file/46979/jezci-kuze-pohadka-1978.html/;/jezci-kuze-1978-pohadka-by-ugare/65c931c387c60;;
54497;Jak se ševcem šili čerti;0;;m;1975;73.013698630137;67.0;8e727qabuspk9yqcperc.jpeg;54497-jak-se-sevcem-sili-certi;Československo;pohádka;Jak se ševcem šili čerti;Švec Číč je šikovný řemeslník, ale veliký šibal a hádankář. Takový, že přehádá nejenom pana krále, ale i samotného Lucifera. Vyslouží si tím slávu a bohatství, jenže ublíží svému chudému sousedovi Karafiátkovi. Ale přece jenom v něm začne hlodat špatné svědomí. Vrátí se do pekla a v sázce je tentokráte jeho vlastní osud. Jestli s čertem prohrál nebo nad ním zvítězil, to se dovíte až z veselé pohádky, kterou podle předlohy Jiřího Mahena napsala Milena Medová.;;;;;;Svatava Simonová;Ladislav Mrkvička, Karolina Slunéčková, Josef Kemr, Josef Pehr, Jana Preissová, František Němec, Josef Bláha, Václav Postránecký, Věra Budilová, Bořivoj Navrátil, František Hanus, Vlastimil Hašek, Jan Přeučil, Milan Stehlík, Petr Skarke, Jiří Štěpnička, Zdeněk Sedláček, Karel Čížek;False;;;0+;tt2390263;;True;False;/file/99997/jak-se-sevcem-sili-certi-pohadka-1975.html/;/jak-se-sevcem-sili-certi-1975-cz-filmova-pohadka/5999f504de4e6;;
7;A pátý jezdec je Strach;0;;m;1964;73.013698630137;97.0;9to9t0dfj68gacus33hd.jpeg;7-a-paty-jezdec-je-strach;Československo;drama / vojenský;"Bez krásy, bez límce; ... a pátý jezdec je Strach";"(ČTV uvádí: 12. května 1992)
A hle, bílý kůň a na něm jezdec s lukem; byl mu dán věnec dobyvatele, aby vyjel a dobýval ... A vyjel druhý kůň, ohnivý, a jeho jezdec obdržel moc odejmout zemi mír, aby se všichni navzájem vraždili...A hle, kůň černý a jezdec měl v ruce váhy... A hle, kůň sinavý, a jméno jeho jezdce Smrt, a svět mrtvých zůstával za ním..."" V biblické Apokalypse jsou jmenováni čtyři jezdci, které Bůh seslal na lidi: jsou to Mor, Válka, Hlad a Smrt. O pátém jezdci bible nehovoří. Režisér Zdeněk Brynych si ho však nemusel vymýšlet, protože je průvodním znakem všech pohrom a zkáz lidstva. Pátý jezdec je Strach.
Film tohoto jména natočil v roce 1964 Zbyněk Brynych podle prozaické prvotiny spisovatelky Hany Bělohradské Bez krásy, bez límce. Po úspěšném Transportu z ráje se jím režisér znovu vrátil do doby nacistické okupace, která z rasových důvodů postavila milióny lidí mimo zákon:
      Jsme v přízračné, liduprázdné Praze roku 1941. Někdejší docent a nynější skladník MUDr. Armin Braun se plouží do svého bytu v podkroví žižkovského činžáku. Jako pronásledované zvíře hledá alespoň na chvíli útěchu a zapomnění v hudbě. Klidu mu však není  dopřáno, stejně jako ostatním obyvatelům domu. Braun ošetří a schová raněného muže, po kterém pátrá gestapo. Šílený strach, který všichni nájemníci prožívají, dostává s příchodem gestapa jasné obrysy - tu očekávané zbabělosti, tu nečekané odvahy. Přežít chtějí všichni, někdo však musí zemřít. Doktor Braun dokáže se strachem bojovat a jeho smrt je jeho vítězstvím.
Strach je ústředním, všeobjímajícím motivem Brynychova filmu, jenž působí jako zlý sen. Film zdůrazňuje nejen obludnost a absurditu doby, ale i hledání nitra v člověku, úzkostný křik lidské duše po sebenalezení. Přímo navazuje na tradici filmového expresionismu, a to jak tématem, tak způsobem jeho zpracování.
	Ve filmu ...a pátý jezdec je Strach, na který se televizním divákům nebude zřejmě dívat právě lehce, vytvořila pozoruhodné role řada vynikajících herců. Ilja Prachař, Josef Vinklář, Olga Scheinpflugová... především však Miroslav Macháček v ústřední roli židovského lékaře. Právě tento měsíc si připomeneme jeho nedožité sedmdesátiny. 
sdk Cinema 1992/5/56

Autor/Zdroj: sdk/Cinema";;12.02.1965;;;;Zbyněk Brynych;Miroslav Macháček, Ilja Prachař, Jiří Adamíra, Olga Scheinpflugová, Josef Vinklář, Jiří Vršťala, Čestmír Řanda, Jana Prachařová, Zdenka Procházková, Slávka Budínová, Eva Svobodová, Alexandra Myšková, Iva Janžurová, Jana Břežková, Otto Sattler, Helena Růžičková, Ivo Gübel, Lída Matoušková, Zdeněk Hodr, Ladislav Potměšil, Roman Hemala, Milan Mach, Mirko Musil, Jiří Pleskot, Tomáš Hádl, Jiří Ostermann, Růžena Preislerová, Štěpánka Cittová, František Chocholatý, Arnošt Vrána, Helena Pejšková, Eva Rohanová, Karel Nováček, Karel Šmíd, Zdeněk Jiřičný, František Sadílek, J. Koval, J. Kronus, J. Sadílek, E. Kohn, M. Žára, Anny Freyová, Sbor, Růžena Preisslerová;False;;;18+;tt0123368;a-paty-jezdec-je-strach;True;False;/file/86313/a-paty-jezdec-je-strach-drama-1964-cz.html/;/a-paty-jezdec-je-strach-1964-czdab/63ed210bde850;;
63172;Na dvoře vévodském;0;;m;1979;73.57142857142901;74.0;cofnnba7l05upb9c7ep8.jpeg;63172-na-dvore-vevodskem;Československo;historický;Na dvoře vévodském;"POZOR, SPOILER

Jsme v náchodském kostele. Učitelský pomocník Josef Kořínek sem přichází a padá. Chtěl oslovit majitele panství, knížete Zaháňského. Vlivem pádu však nelze. 

Do Náchodu přijíždí mladý učenec Antonín Hlasivec. Ten se stává vévodovým tajemníkem. Dostává úkol postarat se o slavnost, která se zde bude konat. Na zámku je také přítomen Ital Arnoldi. Toho propaguje vévodova manželka Anna Karolína. Ale také trvá na tom, aby se komtesa Johana učila francouzsky a ne tancování. 

Vévoda se chce setkat se sedláky a snad i udělat reformu, kde by jim zrušil robotu. O to však nestojí Anna. A ta také jemně kárá tajemníka za  jeho výroky. Ten něco tuší o románku mezi komtesou a Italem. Ale nyní horuje mezi sedláky kvůli návštěvě vévody.	

Josef nabádá Tondu, aby vévodovi prozradil Italův zájem o komtesu. Tonda nechce, ale nakonec tak učiní a tím si vévodu značně pohněvá. Sedláci s vévodou debatují, ale tvrdí, že jim robota nevadí. Byli totiž uplaceni. 

Na maškarním plese se Ital věnuje vévodově ženě, což naštve komtesu a vévodu za nimi přivede. Ten se zachová zcela nečekaně. Vlastně se tím ujistil, že kolem něj panuje lež a začne dělat „bugr“. Když přijde Antonín žádat o propuštění souhlasí. A slibuje výborné doporučení. Druhý den mu předává lejstro...";;;podle knižní předlohy, 18. století;;;Evžen Němec;Viktor Preiss, Zdeněk Řehoř, Naďa Konvalinková, Martin Růžek, Věra Galatíková, Julie Jurištová, Marcel Vašinka, Ladislav Potměšil, Miroslav Moravec, Josef Patočka, Jiří Vala, Ladislav Trojan, Ferdinand Krůta, Václav Lohniský, Pavel Spálený, Vlastimil Čaněk;False;;;;;;True;False;;;;
71587;Manon Lescaut;0;;m;1970;73.57142857142901;106.0;d1jif1fr459ux007i150.jpeg;71587-manon-lescaut;Československo;romantický;Manon Lescaut;"Manon Lescaut je příběh o nešťastné lásce rytíře Des Grieux k  ""svaté hříšnici"" Manon,který byl původně sepsán francouzským spisovatelem Antoinem Francoisem Prévostem někdy v letech 1728-1731 a roku 1940 přebásněn do češtiny jako divadelní hra českým spisovatelem Vítězslavem Nezvalem . Děj se odehrává v 18.století ve Francii. Je začátek prádnin a rytíř Des Grieux by měl nastoupit do kněžského semináře. Cestou však v jedné krčmě potkává Manon, překrásnou šestnáctiletou dívku, původem z Arrasu, kterou její bratranec Pierre přivezl, aby vstoupila do kláštera a stala se jeptiškou. Naivní šlechtic se do ní slepě zamiluje a oba spolu uprchnou do Paříže. Ještě předtím se však Manon, která více než cokoliv jiného miluje krásné věci a bohatství, nechá od jistého pana Duvala obdarovat přepychovým náhrdelníkem. 

V Paříži se pak oba milenci ubytují právě u Duvala, se kterým Manon Des Grieuxe i nadále podvádí. Ten je však zaslepen láskou a nedbá na rady svého přítele Tibergema, který se mu snaží otevřít oči. Pokaždé Manon všechny její prohřešky odpustí a nedokáže se s ní rozejít. Po čase se Duval dozvídá, že Des Grieux není Manonin bratr, jak mu napovídala, ale milenec a protože doufal,  že se Manon stane jeho ženou, a hrozí, že je oba nechá zavřít. Dvojice utíká. Do věci se znovu vkládá Tibergem, který seznámí Manon s Duvalovým synem a ta se opět nechává svést vidinou bohatsví. Des Grieux ho nechává zbít, ale to už přichází Duval starší s policií a nechává Manon zatknout. Ta je posléze odsouzena a má poslána ma Mississippi. Zničený des Grieux ji doprovází, Tiberge jde s výpravou tajně jako kněz a podplácí velitele, aby poskytl dvojici na cestě úlevy. Vysílená Manon vyzná des Grieuxovi naposled lásku a umírá vyčerpáním. . 


Manon je motýl. Manon je včela.
Manon je růže, hozená do kostela.
Manon je všecko, co neztratí nikdy svůj pel.
Manon je rozum, který mi uletěl!
Manon je dítě. Manon je plavovláska.
Manon je první a poslední má láska.
Manon, ach Manon, Manon z Arrasu!
Manon je moje umřít pro krásu...";;;;;;Josef Henke;Jana Preissová, Petr Štěpánek, Jan Přeučil, Vladimír Ráž, Viktor Preiss, Zdeněk Řehoř, Jiří Pick, Růžena Merunková, Jana Šulcová, Jiří Němeček, Vítězslav Jirsák, Josef Patočka, Vladimír Krška, Ladislav Potměšil, Jiří Novotný, Oldřich Vlach, Jiří Adamec;False;;;;;;True;False;;/manon-lescaut-1970-czdab/60ecb48191e85;;
139966;O princezně ve věži;0;;m;1970;74.28571428571401;48.0;4wlt82fbi2u9cwpvvxby.jpeg;139966-o-princezne-ve-vezi;Československo;pohádka;O princezně ve věži;Královský kronikář vypráví příběh o svém králi, který chtěl provdat svou dceru Blanku. Princezna dala košem už jedenácti nápadníkům a král se zlobí. Rozhodne se Blanku zavřít do věže, kam vede tajná chodba ze zámecké obrazárny. Král vyhlásí, že princeznu získá ten, kdo princeznu objeví. Ještě před uzavřením do věže navštíví Blanka svého milého Ondřeje, syna kováře, a seznámí ho se svým plánem. Do věže s ní půjde komorná Alžběta, která vyzradí Ondrovi vchod, když jí půjde pro jídlo. Král ale obě dívky zavede do věže a Alžbětě zakáže opustit věž, čímž princezně zhatí její záměry. Na zámku princové marně pátrají po princezně. Ondřej dostane nápad - převlékne se do kůže medvěda, kterého jeho otec předvede před krále. Představí ho jako medvěda Ženicha, který každému zatancuje k obveselení. Škoda, že medvěda nemůže vidět princezna Blanka, aby zažila také trochu té radosti ve svém prozatímním vězení. Král se rozhodne sám zavést Ženicha do věže k princezně. Blanka pozná v kůži medvěda Ondřeje. Mezitím dorazí na zámek princ Hynek, kterého mezi nápadníky pan král favorizuje. Dovede nenápadnými pokyny Hynka až do věže, kde už je ale čeká Blanka v objetí s Ondřejem. Královi nezbývá, než uznat prvenství Ondřeje a dostát svému slibu.;;;;;;Pavel Kraus;Jaroslava Pokorná, Václav Postránecký, Vladimír Stach, Jana Břežková, Petr Haničinec, Josef Vinklář, Marie Brožová, Václav Kotva, Miloš Nesvadba, Jiří Pleskot, J.V. Švec;False;;;;;;True;False;/file/37426/o-princezne-ve-vezi-1970-cb-ceske-pohadky-pohadky-nejen-pro-deti.html/;/o-princezne-ve-vezi-cz-dabing/61071a2f95fb7;;
22205;Lazy sa pohly;0;;m;1952;74.28571428571401;98.0;ogblhlpmu4gfzn1jjff3.jpeg;22205-lazy-sa-pohly;Československo;drama;"Lazy sa pohli; Bučina (prac. název)";"Drama o životě na chudých slovenských kopcích, kde je zemědělství na primitivním stupni. Hrdinou příběhu je Matej Rendko, který se vrací po osmnácti letech z Ameriky. Na lazech je ustaveno zemědělské družstvo, které pomocí strojů zvládne lépe zemědělské práce a většina lazníků odchází pracovat na velkou pilu v údolí.

Autor/Zdroj: Bartošková Šárka/Československé";;01.05.1952;alkohol, zpěv, pivo, vesnice, telefon, emigrace, chudoba, zemědělství, seno, rodinné vztahy;;;Paľo Bielik;Antoš Tihelka, Oľga Adamčíková, Anna Marcineková, Ján Krajčovič, Gustáv Valach, Karol Machata, Ľudovít Jakubóczy, Frída Bachletová, Ladislav Chudík, Vladimír Petruška, Ondrej Jariabek, Mária Hájková, František Dibarbora, Samuel Adamčík, Rudolf Bachlet, Jindra Láznička, Juraj Šebok, Ivan Krivosudský, Andrej Lettrich, Jozef Sodoma, Ondrej Bielik, Mária Sýkorová, Alojz Kramár, Jozef Čierny, Míla Beran, Anton Michalička, Ladislav Hritz, Jozef Šikuta, Anton Dudáš, Eugen Senaj, Štefan Figura, Jozef Holdoš, Imrich Strelka, Michal Adamec, Gizela Chmelková, Erika Markovičová, Mária Chmelková, František Hrabovský, Jozef Kováč, Štefan Adamec, Jozef Šimonovič, Ružena Struhárová, Oľga Vronská, Jozef Křepela, Andrej Vandlík, Gejza Slameň, Mikuláš Bugár, Gašpar Arbet, Eva Krížiková;False;;;;tt0244035;;False;False;;/lazy-sa-pohly-drama-ceskoslovensko-1952-52-sk-by-xvid/6875dee3b72cb;;
59903;Panenka;0;;m;1980;73.055555555556;82.0;g9lb3m7nnvkzhsav96b6.jpeg;59903-panenka;Československo;detektivní;Ed McBain: Panenka;"Detektiv Steve Carella (<a href=""https://www.fdb.cz/osobnost/9-josef-abrham"">Josef Abrhám</a>) obdrží telefonní zprávu, že atraktivní manekýnka Karin Sachsová byla nalezena bestiálně zavražděna ve svém bytě. Po ní zůstala pětiletá dcerka Anne a je jisté, že při vraždění její maminky byla ve druhém pokoji. Rozvedený otec, který je archeologem, má alibi - byl ve vzdáleném Phoenixu. Vyšetřování se rozběhlo, ale v kanceláři je super dusno, za což může zpackaná akce, které velel detektiv Mayer. Při akci byla zastřelena dívka Clear, se kterou chodil detektiv Bert Kling (<a href=""https://www.fdb.cz/osobnost/3820-svatopluk-skopal"">Svatopluk Skopal</a>). Zřízenec od výtahu v domě, pan Mesner, kterému nikdo neřekne jinak než Kyklop, je jedinný, kdo jel s vrahem ve výtahu. Carella má v ruce panenku, která má na zádíčkách magnetofon. Má stopu, jde po ní, ale osudná se mu stává návštěva jednoho bytu, kde vykopne dveře, dostává se do spárů vrahů a sám si je jistý, že mu jde o život. Kdesi ve starém lomu je objeveno Carellovo spálené auto, ve kterém toho po řidiči moc nezůstalo. 

V kanceláři to není pro Klinga moc radostné, vedoucí skupiny Peter Byrnes (<a href=""https://www.fdb.cz/osobnost/1430-petr-hanicinec"">Petr Haničinec</a>) mu dává za vinu, že opustil Carellu a předčasně odešel domů ze služby. Když Kling byl stažen z vedení případu, kterým byl pověřen Mayer (<a href=""https://www.fdb.cz/osobnost/2083-milos-kopecky"">Miloš Kopecký</a>), přijde soudní lékař, který má potěšující informace...";;;vražda, pouta, jednooký, panenka, modelka, věk 5 let;;;Jaroslav Dudek;Josef Abrhám, Svatopluk Skopal, Miloš Kopecký, Petr Haničinec, Milan Klásek, Robert Vrchota, Eduard Cupák, Jana Šulcová, Jan Kanyza, Vladimír Brabec, Stanislava Bartošová, Ota Sklenčka, Miloš Nedbal, Petr Nárožný, Dagmar Havlová, Naďa Konvalinková, Zdeněk Kutil, Oldřich Vlach, Zdeněk Jelínek, Vladimír Bičík, Pavel Zedníček, Eva Kudláčková;False;;;;;;False;False;/file/58144/panenka-2025-cz-dabing-hd.html/;/panenka-1980/5aaae51bc7fc4;;
21217;Kouř;0;;m;1990;72.820512820513;89.0;gdefiqvhbviwzffdpx70.jpeg;21217-kour;Československo;komedie / hudební / muzikál / evropská tvorba;Ing 89 Kuřáci;"POZOR SPOILER!!!

Mladý inženýr Miroslav Čáp nastupuje do nového zaměstnání. Nabídli mu zde totiž byt. Takže poznává spoustu nových lidí. Například mimo jiné svého nadřízeného Šmída. Na pracovišti pak Lidušku Běhalovou, Ondru Glosnera, laborantky Zdenu a Bětu a také stařičkého projektanta Mráze. V jídelně pak archiváře Bédu. Je zde také topič Václav, který je prý na hlavu. Arnošt Verecký je kulturní referent a stále nemá čas. S Bédou se pak setkají v místní knajpě a příšerně se naříznou. Druhý den je na poradě přikázáno vyřešit problematiku zplodin a Šmíd tím pověří právě Mirka. Toho sbalí kantýnská Helenka. Liduška Mirkovi naznačí, že to co dělá, se již kdysi řešilo. Mirek si to najde v archivu a ukáže Šmídovi, načež se poperou. Liduška se pak přizná kotelníkovi Václavovi, že to s projektem prozradila. On to totiž byl, co na něm pracoval. Když se seznámil Mirek s dívkou zvanou Kotě, netušil, že je to její otec. Běhalová je od Šmída bita. Šmíd se pokusí o Helenku, ta jej však odmítne. Pak se pořádá večírek. Po něm se Mirek vyspí s dívkou Kotě. Ráno se jde zase normálně do práce. Bude i komise, přestože generál (ředitel) umřel…";;01.02.1991;KVIFF.TV, Oneplay;;;Tomáš Vorel;Jan Slovák, Lucie Zedníčková, Jaroslav Dušek, Eva Holubová, Šimon Caban, Jiří Fero Burda, Milan Dvořák, Petr Čtvrtníček, Radomil Uhlíř, Jindřich Narenta, Jana Kušiaková, Martin Faltýn, Aleš Najbrt, Jan Foll, David Vávra, Tomáš Hanák, Petra Lustigová, Monika Šeligová, Jan Fuchs, Ladislav Myslivec, Zdeněk Vronský, Jana Tučková, Alena Tesařová, Antonín Narenta, Jiří Sova, Martin Zbrožek, Martin Zbrožek, Olga Marie Michálková, Věra Víchová, Miloš Šustr, Marie Soukupová, Olga Michálková, Jiří Patočka, Milan Kruml, Ladislav Bašta, Ivo Helikar, Lumír Tuček, Michal Caban, Karel Kulhánek, Jiří Kratochvíl, Miroslav Maruška, Jaroslav Brůha, Jiří Vorel, Karel Šťovíček, Antonín Doležal, Jiří Veselý, Marie Charvátová, Marie Tučková, Martina Schmidtová, Tereza Kučerová, Lenka Andelová, Petra Zelenková, Jana Krňanská, Emma Letovová, Dana Morávková, Ivo Kačaba, Petr Koutecký, Ondřej Cutych, Radomír Dočekal, Roman Ťalský, Luboš Veselý, Jan Boháč, Zdeněk Žampa, Pavel Auerbach, František Čásenský, Miroslav Štěpán, Lenka Vychodilová, Michal Vích, Monika Načeva, Kristýna Černá, Jakub Černý, Martin Zbrožek;False;;;;tt0102234;kour;True;False;/file/77482/kour-smoke-1990-cz-dabing-hd-1080p-tvrip.html/;/kour-1990/797dc470cf5ec0e2;;
10862;Naši furianti;0;;m;1937;73.0;98.0;l032rx7dnsluk6jp4rec.jpeg;10862-nasi-furianti;Československo;komedie;;"Kdo bude obecním ponocným v jedné vesnici vedaleko Písku? Tento problém a ještě mnoho jiných musí řešit obecní představenstvo, v němž soupeří o prvenství starosta Dubský a první radní Bušek. Jejich rivalita zasahuje do osudů jejich rodin i celé vesnice. Pečlivý přepis klasické předlohy s dobrými hereckými výkony citlivě zvolených představitelů všech rolí.

Autor/Zdroj: Březina Václav/Lexikon českého filmu


Obecní představenstvo, ve kterém soupeří starosta Dubský a první radní Bušek, řeší mimo jiné problém jmenování obecního ponocného. Jejich rivalita zasahuje do osudů jejich rodin i celé vesnice

Autor/Zdroj: /reklamní materiály videodistributora";;04.03.1938;;;;Vladislav Vančura, Václav Kubásek;Václav Vydra, Antonie Nedošinská, Zdeněk Hora, František Havel, Jaroslav Vojta, Míla Mellanová, Zlata Hajdúková, Jindřich Plachta, Jan W. Speerger, Theodor Pištěk, Václav Trégl, Hermína Vojtová, František Kovářík, Lola Skrbková, Eva Svobodová, Marie Glázrová, Karel Černý, František Kreuzmann, Eva Svobodová, Felix Kühne, Julius Baťha, Františka Horáková, Ladislav H. Struna, František Kreuzmann, Karel Jičínský, Antonín Jirsa, Jindřich Fiala, Karel Veverka, Václav Menger, Ota Motyčka, Bolek Prchal, Josef Steigl, Josef Mach, Josef Kraus;False;;;;tt0151717;;True;False;/file/87741/nasi-furianti-1983-.html/;/nasi-furianti-1937/678af276c9ec1;;
10855;Naše bláznivá rodina;0;;m;1968;72.916666666667;74.0;6zsavseyr6s2wiix63cp.jpeg;10855-nase-blazniva-rodina;Československo;komedie / rodinný / evropská tvorba;Ta naše bláznivá rodina;"POZOR SPOILER

Malá dvanáctiletá Jana Solničková je opět v nemocnici. Spadla pod jeřáb. A tak nám z nemocniční postele představí svou rodinu. Starší sestru Zuzanu, babičku i oba rodiče. Jana v nemocnici moc neposlouchá, proto jí sestry seberou kalhoty. Naštěstí pak následuje propuštění domů. Už cestou dochází k rozbrojům. Otec s matkou mluví jen prostřednictvím někoho dalšího a situace je napjatá. Maminka není nejlepší řidička, tatínek se urazí a jede tramvají. Maminka jede za ním a čekají, až tatínek dotrucuje. Po příjezdu domů je jako vždy v každé místnosti dárek. V koupelně obě sestry řeší případný rozvod rodičů, protože Jana je sice malá, ale ne slepá a hloupá. A opět se chystá rodinný výlet do kina. To je akce, která se vymyká normálnímu režimu a pro celou rodinu je to opravdu velké. Jana schová vstupenky, jako pomstu rodičům. Dá je mamince do kabelky a ta tvrdí, že je nemá. Když je v kabelce najde, strčí je manželovi do baloňáku. Ten také tvrdí, že je nemá, a když je najde v baloňáku, strčí je do krabice babičce. Ta je také stopí a dá do tašky Zuzaně, kde jsou slavnostně nalezeny právě babičkou. Takže kino se stihne včas. Po návratu Jana píská z balkónu. Což burcuje jak sousedy, tak i rodinu. A pak jako omdlí ve škole a se sestrou jdou domů. No, domů, jdou vlastně sledovat otce, zda nemá nějakou slečnu. Zdá se, že ne. Druhý den je na řadě matka. A tu načapají. Skutečně se setká s mužem, což je pro holky obrovské překvapení, protože jej velmi dobře znají…";;30.08.1968;;;;Jan Valášek, Karel Kachyňa;Vladimír Menšík, Jiřina Jirásková, Jiřina Šejbalová, Bohuš Záhorský, Ferdinand Krůta, Josef Bláha, Karel Urbánek, Zdeněk Hodr, Alena Karešová, Jana Prachařová, Stanislav Remunda, Karel Augusta, Jaromír Hanzlík, Dagmar Dvořáčková, Václav Halama, Gustav Hrdlička, Jiřina Bílá, Helena Růžičková, Michal Pospíšil, Alena Kreuzmannová, Karolina Slunéčková, Jiří Růžička, Jan Kraus, Bohumila Houdková, Jarmila Srbová, Josef Roubíček;False;;;;tt0063336;;True;False;/file/85903/nase-blazniva-rodina-1968-komedie-1080p.html/;/nase-blazniva-rodina-1968-czdabing/24f91910308d78ef;;
60203;Křesadlo;0;;m;1968;73.07692307692301;85.0;hah6z55s1wp1rnw4fiuq.jpeg;60203-kresadlo;Československo;pohádka;Křesadlo;"POZOR SPOILER

Pan král má velké starosti. Musí vyvdat svou dceru. Nabídek je spousta, jenže koho vybrat? Král povolává i čarodějnici, která sice moc čarovat neumí, ale předpoví, že si princezna vezme obyčejného vojáka. Král to prohlásí za nemožné a všechny obyčejné vojáky nechává povýšit na generály. Jenže čarodějnice jednoho schovala. Toho spustí do vrby, kde si smí nabrat peněz, co mu libo a jí má přinést jen staré křesadlo. Na velké a divoké psy má použít zástěru, ze které nikdo nesleze. Voják žádané křesadlo přinese, ale odmítá je čarodějnici vydat. Ta začne čarovat, ale on ji posadí na kouzelnou zástěru a odchází. Hned v první hospodě jej uspí kat s hospodským. Ten jej okrade a pak ještě chce zaplatit. Jenže voják nemá ani floka a tak musí přespat a druhý den odpracovat svůj dluh. V noci chce napsat dopis a použije křesadlo. V tu ránu se objeví ti zlí psi z vrby, a že mu budou sloužit. Voják chce, aby mu přinesli princeznu i s postelí. Psi to udělají, voják ji spatří a je z toho láska na první pohled. Pak se zde objevuje čarodějnice, kterou ze zástěry někdo zvedl a zase chce křesadlo. Neuspěje a mizí. Stará chůva hlídá princeznu s paličkou na maso, ale usne a princezna je opět přinesena psy k vojákovi.  Jenže služebná je najde podle klubíčka. A proto udělá na dveře kříž, aby je pak snadno našli. Jenže jiný vojákův kamarád udělá kříže i na ostatních a znamení je k ničemu. Voják už má všeho dost a jde ke králi sám. Jenže neuspěje, končí v kleci a má být popraven. Na jeho popravu je vyprodáno a zdá se, že mu není pomoci.";;;;;;Ludvík Ráža;Lubomír Lipský, Jana Šulcová, Petr Kostka, Jiřina Bohdalová, Marie Rosůlková, Miloš Kopecký, Josef Kemr, Čestmír Řanda, Zdeněk Sedláček;False;;;0+;;;False;False;/file/67268/kresadlo-1968-cb-ceske-pohadky-pohadky-nejen-pro-deti.html/;/kresadlo-1968-565/657b3a0f90f12;;
20682;Třetí skoba pro Kocoura;0;;m;1983;72.76595744680901;78.0;o42x84gb9es3pbh9s9nn.jpeg;20682-treti-skoba-pro-kocoura;Československo;akční / dobrodružný / dětský / krimi / rodinný / evropská tvorba;Třetí skoba pro Kocoura;"Dětský dobrodružný film se zajímavou kriminální zápletkou a dokonce vraždou. Děti z turistického oddílu v jihomoravském městečku trénují horolezecké umění. Když se Ivan, kterému říkají  ""Kocour"" dostane s kamarádem Jožinem na vrchol skály, objeví tu mrtvolu neznámého muže. Po příjezdu policie je však z mrtvoly najednou spící archivář Hromada, který tvrdí, že je amatérský entomolog a že  si trochu popil a proto v jeskyni usnul. Zdá se, že mu všichni věří, ale Milan - Kocour tvrdí, že to nebyl on, a chce zjistit pravdu. Takže zatím, co policie vyšetřuje krádež na místním zámku, vydá se znovu do jeskyně a brzy zjistí, že mezi mrtvým a krádeží je souvislost. Aby dokázal, že má pravdu, rozhodne nastražit na vrahy a lupiče chytrou past.";;01.11.1984;horolezci, věk 15 let, detektiv, letní tábor, loupež, starožitnosti;;;Radim Cvrček;Kamil Koula, Michaela Kuklová, Zdeněk Komínek, Ladislav Mrkvička, Jaroslav Moučka, Jaroslav Satoranský, Lubomír Kostelka, Stanislav Tříska, Karel Semerád, Ladislav Křiváček, Jana Tomečková, Zdena Herfortová, Vladimír Hrubý, Viliam Polónyi, Václav Erban, Stanislav Dvořák, Marek Mikušek, Věra Nováčková, Ilona Svobodová, Gustav Bubník, Mirko Musil, Erik Pardus, Karel Hoffmann, Vlasta Mecnarowská, Roman Mecnarowski, Luboš Vraspír, Marcela Hynčicová, Věra Nováková, František Houdek, Eva Matalová, Peter Debnár, Kamil Spáčil, Karel Hoffman, Gustav Bubník, Erik Pardus, Ilona Svobodová, Mirko Musil, Vladimír Švabík, Josef Patočka, Petr Skarke;False;;;;tt0246993;treti-skoba-pro-kocoura;True;False;/file/31332/treti-skoba-pro-kocoura-1983-cz-tvrip-1080p.html/;/treti-skoba-pro-kocoura-1983-czdab/6080c019dd04d;;
1068;Ať žije republika;0;;m;1965;72.835820895522;134.0;txofa9gfw9khlsithg7v.jpeg;1068-at-zije-republika;Československo;drama / příběh / válečný / vojenský / evropská tvorba;"Já a Julina a konec velké války; Long Live the Republic! (Me and Julina and the End of the Great War)";"POZOR SPOILER

Malý Piňďa rozpoznává letadla už podle zvuku. Pořád se měří, protože se bojí, aby nezůstal malý. On se vlastně jmenuje Olin Vařeka, ale všichni mu říkají Piňďa. Když jede pro vápno na kole, narazí na své nepřátele, kluky, kteří s ním nechtějí nic mít. Jsou to Kaderka, Šumák, Rez a Vlašák. Kluci si spolu nerozumí, oni mu nadávají, ale on jim také nezůstane nic dlužen. Nyní je však opět bit otcem, že se zatoulal, když měl přivézt vápno. On nato ukrade klukům žebřík, když po něm vylezli do kostelní věže. Pak se jde podívat na štěňata, která má Cyrilova fenka. Po sokolském cvičení je pobožná pouť a Olin s Cyrilem sledují, jak jim jiní sedláci kradou ze dvorku stroj. Pan Ruda Vitlich žádá Olinova otce o půjčku, ale on tvrdí, že peníze nemá. Ale při dražbě přihazuje na jeho koně. Rudova žena spáchá sebevraždu a jeho pak najde Olin ležet na sněhu opilého. Pak jede Olin s koňmi, ale zase narazí na kluky a dojde k honičce. Pinďa klukům ujede do hodně strmého srázu, kam si oni netroufnou. Jenže je pak přepaden prchajícími nacisty a koně mu ukradnou i s vozem. Pak jej potká Rus a spolu se ukrývají před střelami. Byl to asi partyzán. Olin pak vypustí koně z ohrady ruských partyzánů. Končí u Cyrila a pak zase u partyzánů. Dostane od jejich velitele čokoládu. Olin mu ukáže motorku se sajdkou, kterou tu nechali Němci, a ta je ihned zabavena. Jenže na ní velitel dělá psí kusy a najednou padne k zemi. Z dáli se sem blíží německá armáda. Ale i Rusové jsou zde, a to je vlastně konec války. Ještě se ukáže, kdo byl udavač a vše spěje k míru.";;05.11.1965;Oneplay;;;Karel Kachyňa;Zdeněk Lstibůrek, Vlado Müller, Doubravka Svobodová, Karel Kachyňa, Miloš Nesvadba, Josef Bárta, Ilona Kubásková, Jan Kraus, Gustáv Valach, Jurij Nazarov, Iva Janžurová, Jindra Rathová, Jaroslava Vysloužilová, Eduard Bredun, Josef Karlík, Naděžda Gajerová, Pavel Wuršer, Milan Jedlička, Štěpán Zemánek, Zdeněk Jarolímek, Vít Olmer, Oto Ševčík, Zdeněk Martínek, Ivan Renč, František Golyšev, J. Vagrčka, J. Štegr, A. Vocílka, Frank Argus, Martin Fila, Alex Jandouš, Vlado Kabeláč, Jiří Chmelař, Vlastimil Stach, Jan Handt, Vlastimil Kadeřábek, Miroslav Lerche, Jaroslav Urban, P. Bohdanecký, O. Lozan, J. Kozel, Alena Černá, K. Patek, Jindřiška Gabriela Preissová, V. Podolák, František Šolc, Josef Vorel, Vladimír Stach;False;;;;tt0058924;at-zije-republika;True;False;/file/77925/at-zije-republika-1965-cz-dabing-hd-1080p.html/;/at-zije-republika-1965-bdrip-cz-1080p/88b41ac138595aac;;
1207;Báječní muži s klikou;0;;m;1978;72.743902439024;84.0;m0uth00lyho4812qmwux.jpeg;1207-bajecni-muzi-s-klikou;Československo;komedie / drama / historický / evropská tvorba;Those Wonderful Movie Cranks;"POZOR, SPOILER

Dva muži se dohadují o filmy. Ten nabízí to, druhý ono. Nakonec se kvůli jednomu nedohodnou. Jedním z těchto mužů je pan Pasparte, který s maringotkou a svou svěřenkyní objíždí města. Předvádí kouzla - a pak kinematograf.

Po návratu do Prahy nastěhuje se k dámě, u níž bydlíval, a protože jí zemřel manžel…

Seznámí se s dalšími lidmi, hlavně s panem Kolenatým. Ten dokonce umí filmy točit sám a světe div se, má i svůj Lumiérův přístroj. A Pasparte by rád natočil něco ryze českého. Jenže Kolenatý ví, kolik co stojí, a to se zdá jako nepřekonatelná věc. Kolenatý však nechce hraný film. Považuje to za nesmysl. Už to totiž jednou zkoušel a nebyl s výsledkem spokojen.

Při dalším promítání vypukne požár, ale po chvíli je uhašen.

Paspart nastěhuje ke Kolenatému mladé děvče, prý jako služebnou a tak. Kontaktuje známého herce Šlapetu a s ním hodlá natáčet. Tomu se zpočátku nechce, ale pak souhlasí. 

Pasparte je dokonce schopen se kvůli filmování i oženit. Ale zatím jen tvrdí, že musí odcestovat parolodí. Tím urychlí práci se známou herečkou a divadelní umělkyní Emilii Kolářovou-Mladou. Jenže ona záznam zničí a tím je po filmu. Ona totiž herečka na filmovém pásu býti nechce, neb to považuje za cirkusovou produkci. Ovšem když si přečte v novinách o <a href=""https://www.fdb.cz/osobnost/304089-sarah-bernhardt"">Sarah Bernhardt</a> a jejím dalším filmu, pochopí, že tomu patří budoucnost. Sama Pasparta vyhledá a slibuje spolupráci. Chce to dokonce financovat. Pasparte je již ženatý a má na biograf koncesi.  Samozřejmě s nabídkou souhlasí. A tak se začíná točit Libušina věštba...";;01.08.1979;Oneplay;;;Jiří Menzel;Rudolf Hrušínský, Vladimír Menšík, Jiří Menzel, Vlasta Fabianová, Blažena Holišová, Hana Burešová, Jaromíra Mílová, Josef Kemr, Oldřich Vlček, Josef Somr, Vladimír Huber, Marie Rosůlková, Jiřina Steimarová, Ludvík Hradilek, Miloslav Štibich, Jana Eichlerová, Vladimír Hrabánek, Jiří Knot, Eva Svobodová, Miroslav Buberle, Pavel Vondruška, Jaroslava Kretschmerová, Stanislav Štícha, Jaroslav Vozáb, Alois Vachek, Václav Kotva, Vilém Lipský, Eva Hořánková, Jiří Forst, Miroslav Horáček, Antonín Klepáč, Martin Hradilek, Miloš Šustr, Jaromír Štemberg, Jiří Fajt, Oldřich Unger, Václav Veselý, Vladimír Cabalka, Jan Šimek, Josef Střecha, Miroslav Krejča, Rudolf Kalina, Miloslav Průša, Karel Anderle, Milan Procházka, Tomáš Svoboda, Josef Šolc, Jan Klaus, Eva Rohanová, Jindra Janoušková, Hana Pokorná, Karel Engel;False;;;;tt0077202;bajecni-muzi-s-klikou;True;False;/file/39569/bajecni-muzi-s-klikou-1978-cs-komedie-hd.html/;/bajecni-muzi-s-klikou-1978-czdab/6894110f36834;;
12136;Osada Havranů;0;;m;1977;72.746478873239;64.0;qw8hke1qgrs42x51ayef.jpeg;12136-osada-havranu;Československo;akční / dobrodružný / rodinný / evropská tvorba;"Havranpírko; Dar Veliké řeky (prac. názvy); Settlement of Crows";"Dobrodružství chlapce, kterého přinesla bouřlivá řeka. 
[b]Osada Havranů[/b] je první příběh z dobrodružné romantické trilogie o lidech z pravěku, kterou podle děl Eduarda Štorcha natočil režisér Jan Schmidt. Každý z filmů (<a href=""https://www.fdb.cz/film/10669-na-velike-rece"">Na veliké řece</a>, <a href=""https://www.fdb.cz/film/18952-volani-rodu"">Volání rodu</a>) je zcela samostatným a uzavřeným příběhem, i když všechny jsou spojeny některými postavami a samozřejmě také dobou - časem před pěti tisíci let. 
Příběh Havranpírka, mladého hrdiny z doby kamenné, je obestřen tajemstvím - přinesla jej totiž rozvodněná řeka. Z vln ho vylovil mladý lovec Sokol a za svého ho přijala osada Havranů. Osudy chlapce od jeho dětství přes touhu stát se lovcem, přes četná zklamání, která ho mezi dospělými čekají, až k založení nového rodu - to je dějová nit spojující jednotlivé díly.";;01.09.1978;;;;Jan Schmidt;Jiří Bartoška, Ludvík Hradilek, Bohumil Vávra, Vilém Besser, Ivan Luťanský, Bořivoj Navrátil, Václav Hladík, Václav Stýblo, Jan Prokeš, Lenka Machoninová, Helena Malehová-Šimková, Jaroslav Tomsa, Petr Jákl, Petr Hermann, Miroslav Jíra, Václav Wittmann, Marie Sýkorová, Jaroslav Mařan, Marie Popelková, Miroslav Mokošín, Jiří Klenot, František Jákl, Jan Míškovský, Karel Macháček, Lenka Slepičková, Ladislav Winter, Václav Tvaroh, Mirko Musil, Eduard Cupák, Lenka Hornová, Stanislav Hájek, Ladislav Lahoda, Eva Roučková, Jiří Sládek, Stanislav Tůma, Karel Vítek, Zdeněk Srstka, Karel Engel, Eduard Cupák, Mirko Musil, Roman Skamene;False;;;;tt0183614;osada-havranu;True;False;/file/22449/osada-havranu-1977-cr.html/;/osada-havranu-1977-avi/072f1b40f5b5bc01;;
70705;Zlatá panna a prekliaty brat;0;;m;1982;75.0;55.0;7s1dukurkys4y62pdt30.jpeg;70705-zlata-panna-a-prekliaty-brat;Československo;pohádka;Zlatá panna a prokletý bratr;Pôvodná televízna rozprávka o dvoch súrodencoch - sirotách Jakubovi a Zlatovláske, ktorí žijú s macochou a jej dcérou Žofou. Od svitu domrku pracujú, kým Žofa sa len parádi. Jakub sa vyberie za prácou dosveta. Putuje dlho rozprávkovou krajinou až jeho a Zlatovlásku postretne dobro, šťastie a láska.;;;;;;Zora Bachnárová;Jana Nagyová, Juraj Ďurdiak, Dušan Jamrich, Eva Krížiková, Eva Večerová, František Kovár, Karol Spišák, Jozef Dóczy, Marián Gallo;False;;;0+;;;False;False;;/zlata-panna-a-prekliaty-brat-1982-skdab/6256351ac34bc;;
30208;Země sv. Patricka;0;;m;1967;75.0;29.0;e4zr56ednoqaxoa3tu96.jpeg;30208-zeme-sv-patricka;Československo;dokument;Země sv. Patricka;"Jan Špáta dokonale zachytil atmosféru tohoto strohého a kamenitého ostrova. Soustředil se především na drsnou venkovskou krajinu • skalnaté pobřeží, kamenitá pole a pastviny, rašeliniště. Navštívil starobylé kláštery, zúčastnil se tradičních lidových slavností a neušel mu ani každoroční výstup na horu sv. Patricko, patrona Irska. Obrazovou složku filmu významné doplňuje i zvuk • tradiční irská hudba, církevní chorály o kultivovaný komentář.

Autor/Zdroj: /Febiofest";;;;;;Jan Špáta;Miroslav Macháček;False;;;;tt0344594;;False;False;/file/40729/zeme-sv-patricka-csr-1967-jana-spaty-hdtv.html/;;;
39849;Únosy bez výkupného;0;;m;1983;75.0;87.0;https://prod-fdb-storage.fra1.cdn.digitaloceanspaces.com/placeholders/General.png;39849-unosy-bez-vykupneho;Československo;;Únosy bez výkupného;"""To hlavní na nich však nebyla barva kůže, nýbrž způsob, jak se pohybovali, jak se dívali a jak se chovali k sobě navzájem""
(Z originálu - knihy Pavla Bagrjaka ""Modří lidé"")


Hlavní postavy:
David Hard - policejní komisař
Fred Chester - novinář
Taratura - detektiv, Hardův podřízený
Dorn - generál, člen Tajné rady a šéf tajné operace ""Kosmos""
William Dobbs - senátor
Schüss - elektrikář v ""Zóně""
Dina Dinstová - zástupkyně generála Dorna pro operaci ""Kosmos""

Obsah:
Jednoho dne je v Newcombu unesena dcerka senátora Dobbse. Okamžitě je zahájeno rozsáhlé vyšetřování, do akce se zapojují všechny bezpečnostní složky. Pátrání se ujímá i komisař Hard, který zjistí podivné věci, které mu nejdou na rozum. Všechny unesené děti se totiž nechaly stříhat u kadeřníka Krawiaka a slíbili jim tam rovněž udělat malou panenku s jejich vlastními vlasy. Proto si je vyfotili a poznamenali jméno a adresu...Avšak Krawiak byl napojen na síť únosců, pracovníků tajné organizace, připravující osídlení Marsu. K tomu, aby lidé mohli bez skafandru žít při podmínkách -93°C, tlaku 6 hPa a 90% obsahu oxidu uhličitého v atmosféře téměř bez kyslíku, atd., je nutno je náležitě připravit. Ne všichni lidé to dokážou. Pouze mladý organismus dětí a adolescentů, který má zvláštní genovou výbavu, je vhodný. A tak se zrodil ďábelský plán: Kadeřník bude sbírat vlasy, ze kterých se dá udělat genetická zkouška a jména a adresy případných vytipovaných adeptů. Malá Ut Dobbsová je nevhodná, byla unesena omylem, proto je nalezena, ale akce komisaře Harda je už příliš v pohybu. Hardův přítel Fred chester zcela nerozumně zapůjčí Hardovi k experimentu svého syna Mikea jako volavku na Krawiaka. Ale ouha, vyjde najevo, že právě i Mike je vhodným kandidátem na dobyvatele Marsu. A je také neprodleně, i přes všechna bezpečnostní opatření, unesen. Běží drahocenný čas. Tým komisaře Harda jde tvrdě po stopě, po Krawiakovi i jeho pomocnících. Stopa je zavádí do opuštěné oblasti, ve které je podle místních lidí (kteří o všem samozřejmě vědí) ""pěstírna žampionů"" - tajný komplex, celá zóna, a v něm vědecký experiment s unesenými dětmi. Komisař Hard celkem bez problémů komplex přepadl a domáknul se pravdy, jenomže v údivu zjišťuje, že zde je šéfem právě jeho šéf - policejní generál Dorn a je zde tým vědců i profesionální zabijáci, kteří umlčí každého, kdo by mohl podat svědectví o tomhle barbarském zvěrstvu na nevinných dětech. A dozvídá se o akci ""Kosmos"" vše. Bohužel, Mike již prošel v hale proměnou do tzv stadia C, ze kterého již není návratu. Fred Chester volá svoji manželku Lindu, že našli syna, ona přijíždí a ve skafandru jde plačící do haly ke svému opuchlému, apatickému  a modrému dítěti, oblečenému do jakési lesklé kombinézy. Ale Mike naráz vstává, udělá pár kroků k matce a přiloží jí pěst ke sklu skafandru. Sklo praská, Lindě vyráží na obličeji krev a mrtvá se po několika sekundách sesouvá k zemi v hale. Modré přízraky na ni nechápavě koukají, někteří jakoby pomalu tančí nebo cvičí, jsou mimo. Fred je zoufalý a Dorn se všem směje, protože ten, kdo by halu zničil, zabije všechny její modré obyvatele. A to Hard ví, že nemůže dopustit. Proto se nakonec Dornovi plně podrobuje. Film končí záběrem na opuštěné parkové stromořadí, kde dříve chodili na procházku Fred, Linda a Mike Chesterovi.

";;;;;;Otakar Kosek;Josef Somr, Květa Fialová, Petr Pelzer, Alexej Pyško, Eva Jakoubková, Svatopluk Matyáš, Karel Vochoč, Stanislav Malý, Václav Antoš, Václav Babka, Naděžda Letenská, Ivan Dědeček, František Řehák, Zdeněk Forejt, Pavel Skřípal, Alena Tománková, Arnošt Borovec, Otakar Prajzner, Karel Vašíček;False;;;;;;True;False;;;;
29966;Toman a lesní panna;0;;m;1977;75.0;8.0;https://prod-fdb-storage.fra1.cdn.digitaloceanspaces.com/placeholders/General.png;29966-toman-a-lesni-panna;Československo;animovaný / balada;Toman a lesní panna;"Režisér Ludvík Kadleček se pokusil vystihnout její baladický tón plný pohádkového kouzla a milostné tragiky. Ve výtvarném pojetí se proto inspiroval lidovým uměním, celý film je vystříhán jakoby z lehoučkých papírových krajek. – Toman, hnaný zlým tušením, vyjíždí na koni za svou milou. Netrpělivě vyslechne rady své sestry a už uhání k myslivně. Tušení ho nezklamalo, jeho děvčice má jiného. Vrací se jako bez ducha, zapomene na varování své sestry a dá se domů doubravou. V ústrety mu letí lesní panna na jelenu, vábí Tomana k sobě, omámený Toman se v jejím náručí vznáší k noční obloze. Vtom její objetí povolí a Toman padá k zemi. Zůstane ležet bez života, jeho kůň pádí k domovu sám. Marně vyhlíží Tomanova sestra z okna, svého bratra už nikdy neuvidí.

[??] Toman a lesní panna. Filmový přehled. 1978, č. 8.";;;;;;Ludvík Kadleček;Blanka Bohdanová;False;;;;;;True;False;;;;
95639;Převozník;0;;m;1984;75.0;65.0;https://prod-fdb-storage.fra1.cdn.digitaloceanspaces.com/placeholders/General.png;95639-prevoznik;Československo;drama;Převozník;"Ne pokaždé televizní tvorba překvapí dílem tak vnitřně opravdovým, tak zvládnutým, jako v případě PŘEVOZNÍKA. Z tematiky mnohokráte exploatované <a href=""https://www.fdb.cz/osobnost/112025-karel-major"">Karel Major</a> vykřesal příběh prostý, nenápadný, nepatetický, pro svou vroucnost hluboce lidský, věrohodný. Vrací se do dusných dob heydrichiády, zajímají jej lidé v jedné zastrčené vsi, kde relativní klid nenadále naruší zatčení jednoho z obyvatelů pro přechovávání zbraně. Zdánlivě stojatý běh života začíná doznávat povážlivých trhlin. Vzrůstá vzájemná nedůvěra, sílí neklid a původně osobní neshody začínají nabývat širších rozměrů. Hostinskému Jarouškovi (brněnský herec <a href=""https://www.fdb.cz/osobnost/2269-ladislav-lakomy"">Ladislav Lakomý</a>) se splní dávné přání, odkoupí převoznictví. Ještě netuší, jaké potíže mu příští dny přinesou: nejprve na zahrádce nalezne revolver, pak v loďce schová podezřelou zásilku – požádá jej o to mladík, který je zjevně na útěku. Razie jsou na denním pořádku a o tíživém tajemství se dovídá stále více lidí.

<a href=""https://www.fdb.cz/osobnost/112025-karel-major"">Karel Major</a> napsal pevně sevřený scénář s propracovanými a nepředstíranými dialogy, kterým beze zbytku věříme. Takto se tehdy skutečně mohlo mluvit. Každá postava je odstíněna už svou mluvou. Major má cit pro míru a umí odhadnout, kolik slov je pro kterou situaci únosných. Cenné je, že příběh není referován v dialozích, ale naplněn konkrétními akcemi. Dílčí nedostatky samozřejmě nalezneme, ale spíše ve volbě motivu než jeho zpracování. Např. vrcholný okamžik, kdy Němci objeví skrýš, v níž ještě před chvílí byly schovány nebezpečné předměty, ale naleznou v ní něco naprosto jiného, poněkud zaskřípe svým nezakrytým idealizováním.

Na úspěchu výsledného tvaru má zásadní podíl režisér <a href=""https://www.fdb.cz/osobnost/14153-petr-tucek"">Petr Tuček</a>. Jeho film vyniká tou vzácnou vlastností, že se netříští, drží pohromadě a složky vyprávění udržuje v poměrné rovnováze. Tuček se podřídil potřebám komorního dramatu a dosáhl málokdy viděné dramatické sevřenosti, kde nekolísá logika vývoje, kde až na výjimky nenastane žádný násilný a chtěný skluz. Úspěšně se vyhýbá vnější senzačnosti, dramatičnost a napětí vyvěrají zevnitř. Nesnaží se postavy stylizovat do póz nebojácných herojů, nahlíží na ně s vědomím všech jejich chyb a nedostatků. Dovedně odkrývá vztahy mezi nimi, dosti přímočarými tahy charakterizuje rozložení stanovisek, dobře zachází s naznačenou, ale nikdy nepotvrzenou domněnkou (protože možná subjektivní ze strany hlavní postavy) o udávání – nedořečenost vyznění znamená řídký a pochváleníhodný zjev v naší televizní dramatice. Představuje ostatně trvalý zdroj dramatického napětí, které nepřetržitě graduje. Pocit možného ohrožení je vyjádřen velice naléhavě.

Částečnou výhradu lze snad vznést vůči tomu, že občas se pozapomnělo, že střídmější výrazový prostředek může působit výrazněji než kaskáda efektů – mám na mysli zpodobnění významově redundantní noční přestřelky, ač by lépe vyzněla zkratka. Hostinský ostatně slyšel pouze střelbu, nebyl při ní. Tak proč ho s ní spojovat? Nepřesně je osvětlena epizoda, kdy hostinskému uplave loďka se schovaným balíčkem – nevíme přesně proč, vždyť ji šel přitáhnout ke břehu. Nelze vyslovit spokojenost s časovým průběhem výjevu, kdy se hostinský vrací s nalezenou loďkou domů, kam přichází za naprosté tmy, ač předtím plul za plného slunečního svitu. Vše se přitom odehrává v bezprostředním okolí vesnice. To jsou však drobná nedopatření, která nemohou zkalit celkový příznivý dojem.

Nesmírný podíl na sugestivním vyznění má nepochybně herecká složka. <a href=""https://www.fdb.cz/osobnost/2269-ladislav-lakomy"">Ladislav Lakomý</a> pojal svého hostinského Jarouška jako typického živnostníčka ovládaného morálkou své třídy, člověka, který se vyhýbá rozepřím (ale nevyhne se jim, převoznictví chtěli získat i jiní), dobráka vcelku neprůbojného až bázlivého, jenž dokáže pomoci odboji, ač bez halasného nadšení, ale zdá se, že s pochopením a sympatiemi. Lakomý vystižně zprostředkoval jeho narůstající obavy, bobtnající strach z prozrazení. Těkavá tvář s kulatými brýlemi, nejistý, stále jakoby defenzívnější tón mluvy, chvatná chůze modeluje obraz člověka, který doslova překonává sám sebe. Neméně velkým a příjemným zážitkem byl výkon <a href=""https://www.fdb.cz/osobnost/4141-jirina-svorcova"">Jiřina Švorcová</a> v roli Jarouškovy ženy Růženy. Podala kultivovaný náčrt povahy a jednání člověka, jehož hlavním kritériem je zachování rodiny a přežití nebezpečných časů. V hlasu i gestech, jistou domáckou rozšafností vyjadřuje nesouhlas, aby se muž zabýval jinými záležitostmi než soukromými. Nezapomenutelným diváckým zážitkem zůstane její herecky bravurní hysterický výstup poté, co hitlerovec nalezne tajnou skrýš. Oba hlavní představitelé ztvárnili nebývale životné postavy, které se dostávají do zapeklité situace dříve, než si to plně uvědomí, jakoby bez ohledu na své úsilí všemu nebezpečenství se vyhnou. Zde trošku prosakují tendence k osudovosti. Ostatní interpreti (<a href=""https://www.fdb.cz/osobnost/4453-jan-vlasak"">Jan Vlasák</a>, <a href=""https://www.fdb.cz/osobnost/1560-karel-hlusicka"">Karel Hlušička</a>, <a href=""https://www.fdb.cz/osobnost/6251-lubomir-kostelka"">Lubomír Kostelka</a> aj.) na omezenější ploše přinesli odpovídající výkon, byť spíše jednorozměrný a tvořící pozadí. Jedině <a href=""https://www.fdb.cz/osobnost/4450-miroslav-vladyka"">Miroslav Vladyka</a> kreslí svého prchajícího odbojáře příliš koženě. <a href=""https://www.fdb.cz/osobnost/14265-vladimir-opletal"">Vladimír Opletal</a> kamera odvádí očekávaný standard bez větších výkyvů, citlivě je provedena montáž. Shrnuto: Převozník patří jednoznačně k nadprůměru.

JAROŠ, Jan. [i]Příběh obyčejného člověka.[/i] Scéna. 1984 [28. květen], roč. 9, č. 10, s. 5. [upraveno]";;;;;;Petr Tuček;Ladislav Lakomý, Jiřina Švorcová, Jan Vlasák, Karel Hlušička, Lubomír Kostelka, Miroslav Vladyka, Jan Skopeček, Jan Přeučil, Václav Sloup, Oto Ševčík, Václav Kotva, Zdeněk Blažek, Vladimír Navrátil;False;;;;;;False;False;/file/17155/prevoznik-1970-western-cz-dvdrip.html/;/prevoznik-r-1970-1920x1052/690462114276a;;
53591;Poklad v pyramidě;0;;m;1973;75.0;10.0;310cccz3zbw60v182a5u.jpeg;53591-poklad-v-pyramide;Československo;animovaný / thriller / parodie;The Treasure in the Pyramid;"Na útesu přistává loďka s tlupou banditů, kteří se chtějí dostat do domu, ve kterém žije Lucius a Zea. Oba milenci sedí na mořském břehu a loví ryby. Zloduchové se k nim potají přibližují a chtějí je zajmout. Milenci však nebezpečí včas postřehnou a skryjí se ve svém přepychovém domě. Zatímco si Lucius prohlíží mapu, na níž je zakreslen poklad v pyramidě, bandité vsunou do místnosti škvírou ve zdi dlouhou hadici a naplní pokoj uspávacím plynem. Oba milenci padnou omámeni k zemi. Lupiči se zmocní mapy, Zeu s Luciem odnesou do svého člunu a odrazí od břehu. Pak připoutají Lucia lanem k bombě a svrhnou ho do hlubiny. Veliká ryba však lano překousne a vynese Lucia na svém hřbetě na mořskou hladinu. Zloduchové se mezitím nalodili na hydroplán a odstartovali i s nešťastnou Zeou na palubě. Když letadlo prolétá kolem Lucia, zmítajícího se na rybím hřbetě, zachytí se Lucius podvozku. Jeho sil však ubývá a Lucius se nakonec podvozku pustí, naštěstí právě ve chvíli, kdy letadlo přistává v místech, kde budou lupiči hledat poklad. Lucius bandity sleduje, několik z nich ve rvačce zabije a vysvobodí Zeu z jejich rukou. Oba se pak skryjí v krápníkové jeskyni; i tam však za nimi proniknou zbylí padouchové, aby se opět zmocnili Zey. Svrhnou Lucia do malého jezírka na dně hluboké propasti. Protože Lucius je dobrý plavec, šťastně přežije i toto nebezpečí. Doplave až ke skalní průrvě, která je tajným vchodem do pyramidy. Zloduchové vedou spoutanou Zeu a hledají cestu k pokladu. Konečně se jim podaří vchod najít, octnou se před kryptou, kterou otevřou důmyslným zařízením. K jejich překvapení se však před nimi místo pokladu objeví Lucius. Honička začne nanovo. Lucius uslyší výkřik spoutané Zey, ke které se plazí jedovatý had. Lucius okamžitě přispěchá na pomoc, hada probodne, zbaví Zeu pout a oba pak sešplhají po stěně pyramidy. Zločinci je pronásledují a zatímco Lucius statečně bojuje, Zea se zmocní skříňky s pokladem a skočí na kmen stromu, plující po řece. Lupiči jí však na člunu dohoní; ve chvíli, kdy se po ní sápou na kmen, zoufalá dívka odhodí skříňku do řeky. Padouši se chtějí pomstít. Již se zdá, že je Zea ztracena, když v tom přilétá letadlo s provazovým žebříkem. Zea vyšplhá po žebříku na palubu a odlétá s Luciem ke svému domovu. Zločince stihne zasloužený trest, protože kmen stromu propadne vodopádem, z jehož rozbouřených vod se již žádný z nich nevynoří. [Filmový přehled 13/1974]

[Autor/Zdroj: -gaj-/Filmový přehled]";;;;;;Václav Bedřich;;False;;;;;;False;False;;;;
76007;Otcové a děti;0;;m;1971;75.0;77.0;pwh12kjkimqd70ix3rns.jpeg;76007-otcove-a-deti;Československo;drama / adaptace;Otcové a děti;Dílo Ivana Sergejeviče Turgeněva patří ke skvostům ruské i světové literatury. Mistrná psychlogická kresba, úchvatné líčení přírody, to všechno jsou hodnoty, ke kterým se každý čtenář rád vrací. Turgeněvovy romány inspirovaly i filmaře k přepisům, ať to byly Lovcovy zápisky, nebo vynikající film režiséra Michalkova-Končalovského Šlechtické hnízdo. Jeho stěžejní dílo, román Otcové děti, napsaný začátkem šedesátých let předminulého století, vyvolal ve své době polemiku. Je to barvité, dějově dramatické a ve své době provokativní dílo, jehož hrdinové dnes už patří mezi klasické postavy ruské literatury díky mistrovskému zobrazení jejich vzájemných vztahů, reakcí, jejich osobností...;;;;;;Eva Sadková;Jan Kačer, Jaromír Hanzlík, Ilja Prachař, Miloš Willig, Marie Málková, Jaroslava Pokorná, Jana Šulcová, Vladimír Šmeral, Marie Vášová, Zdeněk Dušek, Hana Houbová, Vlasta Jelínková, Oldřich Musil, Josef Koza, Václav Kotva, Jiří Plachý, Jindřiška Gabriela Preissová;False;;;;tt16263344;;True;False;;/otcove-a-deti-1971-czdabing/63604ef713a61;;
20601;Ta chvíle, ten okamžik;0;;m;1981;72.830188679245;100.0;d2nmfsu7p0aucvradsbh.jpeg;20601-ta-chvile-ten-okamzik;Československo;psychologický / drama / válečný / vojenský;Okamžiky;"POZOR SPOILER!!

Doktor Kodet je odborník na svém místě a je velmi zásadový. Ovšem i za druhé světové války musí řešit pacienta, který si schválně udržuje zranění, ale také milostný poměr jiného lékaře se zdravotní sestrou. Doktorův život se převrátí vlastně v okamžiku, kdy se po letech setká se svým přítelem Brázdou. Ten jej žádá o pomoc. Ale také mu dává lhůtu na rozmyšlenou.  Kodet nalezne ve schránce leták a odevzdá jej na gestapu přímo šéfovi gestapa Baumannovi. A proto jej ostatní začnou podezřívat z kolaborace. I jeho sestřenice Běla, jejíž syn u Kodetů často pobývá. Jediný řidič František řečem nevěří a předává Kodetovi vzkaz od Brázdy, který jej žádá o setkání a znovu o pomoc. Později přichází František s tím, že v lese je zraněný člověk a ihned s Kodetem odjíždějí. Jsou však zastaveni nacistickými vojáky a tak musí na místo pěšky. Když dorazí, zjistí Kodet, že onen raněný je Brázda. Zranění je velmi vážné a je potřeba zvláštní péče. Velitel partyzánů, který je zde také, odmítá Kodetův návrh k převozu. Ale jinak by Brázda zemřel a tak jej přeci jen přenesou. Kodet jej nechává u sebe, kde jej objeví Běla a hodlá pomoci. Ovšem také se zde objevuje Baumann, který chce, aby doktor operoval jednoho nacistu. Kodet musí poslechnout, ovšem pacient později zemře. To Baumanna rozzuří. A navíc doktora udá osoba, od které by to vůbec nečekal. Do jeho vily vtrhne gestapo…";;01.05.1981;;;;Jiří Sequens;Daniel Rous, Nina Strnadová-Jarková, Jiří Sequens, Beatrice Pšeničková, Oto Ševčík, Arnošt Böhm, Josef Hrubý, Zbyněk Krákora, Jiří Kasík, Pavel Myslík, František Němec, Radúz Chmelík, Jiří Kalenský, Vladimír Bár, Josef Charvát, Jan Pačes, Jiří Vondrovic, Jan Hartl, Jan Hartl, Daniela Kolářová, Luděk Munzar, Ladislav Frej, Rudolf Jelínek, Jevgenij Žarikov, Vilém Besser, Petr Svojtka, Libuše Geprtová, Jiří Strnad, Miluše Šplechtová, Josef Vinklář, Dalimil Klapka, Karel Urbánek, Alena Karešová, Eva Klepáčová, Jaroslav Drbohlav, Tomáš Juřička, Robert Vrchota, Jaroslav Mareš, Bohuslav Čáp, Vladimír Salač, Václav Kotva, Bohdan Kysil, Beatrice Pšeničková, Jan J. Vágner, Jiřina Zemanová, Soňa Dvořáková, Oldřich Semerák, Michael Tarant, Antonín Hausknecht, Karel Engel, Roman Hrudka, Karel Fridrich, Zdenka Borovičková, Jitka Havlíčková, Roman Janoušek, Karolína Kubalová, Lilka Leszkowová, Jiří Kraus, Jana Robenková, Jaroslav Vlk;False;;;;tt0175225;;False;False;/file/97066/ta-chvile-ten-okamzik-drama-1981-cz-dabing.html/;/ta-chvile-ten-okamzik-1981-cesky-film-valecny/6306a9e4ecc2b;;
22600;Boxer a smrť;0;;m;1962;72.857142857143;120.0;yh8ar2rnj84gevtfalpn.jpeg;22600-boxer-a-smrt;Československo;psychologický / drama / sportovní;The Boxer and Death;"Trojica Solanových filmov verne odráža dobu

Kolekciu filmov 3x Peter Solan tvoria tituly Čert nespí, Boxer a smrť a Kým sa skončí táto noc. Snímku Čert nespí nakrútil Peter Solan v roku 1956 ako svoj celovečerný hraný debut. Zložená je z troch satirických poviedok Petra Karvaša a vtipne a výstižne odhaľuje nedostatky vo fungovaní vtedajšej spoločnosti. Je obhajobou práva na súkromný smútok, kritikou propagandistických lží uverejňovaných v novinách i kritikou alkoholizmu na pracovisku. Jednotlivé poviedky sú vo filme prepojené zábermi schvaľovacej komisie, ktorá si necháva film premietnuť, aby nakoniec jeho uvedenie povolila alebo naopak zamietla. 

Nasledujúci film na DVD nosiči Boxer a smrť pochádza z roku 1962 a je zasadený do koncentračného tábora. Veliteľ Kraft náhodne zistí, že väzeň Komínek má profesionálne boxerské skúsenosti. Urobí si z neho tréningového partnera, čím v tábore zo dňa na deň získa privilegované postavenie. Po smrti priateľa a spoluväzňa ho však zlosť a vzdor privedú k osobnej revolte. Podľa slov Petra Solana je Boxer a smrť „jeden z filmov, ktorý má aj dnes čo povedať rôznym typom divákov. Tá vonkajšia, akčná časť nie je natoľko podstatná. Sú aj iné boxerské filmy, ako je tento. Podstatná je hlbšia úroveň, ktorou je boj o život, a to boj neférový. V žiadnom prípade nemôže hrať väzeň fair play s veliteľom tábora. Možno práve táto myšlienka má presah aj za hranice koncentračného tábora a zobrazenej doby. Bojovať fair play môžu iba dvaja partneri, ktorí majú rovnaké podmienky.“ Film sa v roku svojho vzniku stal najúspešnejším slovenským titulom z hľadiska svojho úspechu v medzinárodnom kontexte. Okrem domácich filmových ocenení získal dve ceny aj na Medzinárodnom filmovom festivale v San Franciscu.

Film Kým sa skončí táto noc z roku 1965 zobrazuje niekoľko rozdielnych hrdinov, ktorí počas jednej noci v prepychovom nočnom bare odhaľujú svoje nenaplnené sny, ilúzie, ale i sklamania „priemerného“ človeka súdobej spoločnosti. Režisér Peter Solan ho nakrútil po snímkach Boxer a smrť (1962) a Tvár v okne (1963), opäť v spolupráci so scenáristom Tiborom Vichtom, ktorý podľa Solanových slov ako ideálny scenárista vychádzal pri tvorbe iba zo základnej situácie. Vďaka tomu sa film realizoval ako ojedinelý autorský filmový experiment, a nie podľa presného „železného“ scenára. Film bol vo svetovej premiére na tohtoročnom MFF Karlovy Vary uvedený v novej reštaurovanej digitalizovanej podobe v plnej kvalite obrazu a zvuku z DCP nosiča. V rovnakej podobe sa nachádza aj na DVD nosiči.

DVD obsahujú okrem filmu profily tvorcov, ohlasy z tlače a texty o filmoch, ktoré dokresľuje fotogaléria. Menu má slovenské a anglické, rovnako aj titulky. V minulosti v sérii trojíc filmov slovenských tvorcov vyšli aj tituly Paľa Bielika (Kapitán Dabač, Štyridsaťštyri a Jánošík I-II), Juraja Jakubiska (Kristove roky, Vtáčkovia, siroty a blázni, Sedím na konári), Štefana Uhra (Slnko v sieti, Organ, Tri dcéry), Dušana Hanáka (Ja milujem, ty miluješ, Ružové sny, 322) a Martina Hollého (Medená veža, Orlie pierko, Noční jazdci).
SFÚ DVD";;12.04.1963;;;;Peter Solan;Oľga Pristachová, Dobroslava Nováková, Imrich Fábry, Eduard Grečner, Štefan Kvietik, Manfred Krug, Valentina Thielová, Józef Kondrat, Edwin Marian, Gerhard Rachold, Jindřich Narenta, Jan Bobek, Ján Kováčik, Ľudovít Ozábal, Hana Slivková, Teodor Piovarči, Leopold Haverl, Dušan Lenci, Edmunt Ogrodzinski, Zdeněk Kraus, Magda Gödöle, Jozef Šikuta, Ján Géc, Viera Radványiová, Štefan Winkler;False;;;;tt0056885;;False;False;;/boxer-a-smrt-1962-1080i-sk-dusan/690058282914d;;
68058;Věra - nevěra;0;;m;1972;73.75;32.0;xjoc4u6ur32cf1e7h9to.jpeg;68058-vera-nevera;Československo;komedie;Věra - nevěra;"POZOR, SPOILER

Elevátor se zasekne - a v něm i dva muži, Karel a Franta. Ti po chvíli zjistí, že se znají z vojny. Sejdou se pak u světoběžníka Františka. Zde se spolu domluví, že se Franta bude pokoušet zapůsobit na Karlovu ženu. Nalíčí na ni boudu v zábavní podniku a zde se jako seznámí. 
 
Následuje série dalších naplánovaných setkání. Jenže jednoho dne najde Karlova manželka fotku z jejich společných let na vojně. Tím je hned vše jasné a ona přebírá režijní taktovku…";;;;;;Ján Roháč;Miroslav Horníček, Jiří Sovák, Marie Drahokoupilová, Jana Břežková, Jana Robbová;False;;;;;;True;False;;/vera-nevera-1972-1080p-web-h264-cz-clmb/656d6ff2ca8f3;;
20723;Trhani;0;;m;1936;73.75;75.0;7bsg3ebkrhyyx9ep7i05.jpeg;20723-trhani;Československo;drama;;"Trhani jsou nájemní dělníci jež staví železniční trať a jednoho z nich Prašivku, starosta této jejich prozatímní obce Zoubek, pro napadení nevinné dívky zrovna vyhnal. A ostatní nabádá ke spořádanému životu.Komárek, který opustil svou milovanou Annu potom co ji nalezl v náručí jiného, ale přesto na ni nemůže zapoměnout, jí píše dopis. Ten však Anna nedostane a Komárek svůj žal zapíjí alkoholem. Dcera kantýnského, Baruška, se líbí inženýrovi Burnovi, vedoucímu celé stavby. Tu však miluje dělník Schneider. V zimě nastoupí na místo stavebního dozorce Ševčík, v ktrém Komárek identifikuje muže, jenž objímal jeho milovanou Annu. A tak se rozhodne, že Ševčíka zastřelí. Naštěstí mu v tom Burn stačí zabránit. Ševčík má z kriminálu kumpány, s kterými ukradnou peníze připravené na mzdy pro dělníky. Z krádeže je obviněn Schneider aten se proto oběsí. Pachatelé jsou dopadeni v kavárně, kde pracuje Anna. Ta v Ševčíkovi pozná svého bratra a když se dozví, že její milý je mezi Trhany jede za ním a šťastně se s ním shledá.

Autor/Zdroj: /Popis";;18.09.1936;;;;Václav Wasserman;Ladislav H. Struna, Eman Fiala, Jan Richter, Oskar Marion, Jaroslav Marvan, Josef Rovenský, Hana Jenčíková, Hana Vítová, Jan W. Speerger, Jiří Hodr, Karel Beníško, Jarmila Bechyňová, Antonín Jirsa, Slávka Doležalová, Lída Vosyková, Dora Schulzová, Miroslav Kryštof-Kutina, Ladislav H. Struna, Jan Richter, Eman Fiala, Recitační sbor Dělnické akademie, Ferdinand Jarkovský, Josef Neuberg, Emil Dlesk, Josef Steigl, Emanuel Hříbal, L. Komínek, Josef Cikán, Jarmila Turnovská, Petr Neuberg, K. Hromada, Frank Rose-Růžička, Zurynek, Girls Švandova divadla, Jan Svoboda, Dora Martinová;False;;;;tt0197058;;True;False;/file/40341/trhani-drama-1936-cz.html/;/trhani-drama-1936-cz/60b9c74f67618;;
31847;Trávnička;0;;m;1973;73.75;31.0;gii17dcexpwcqc6lvzpo.jpeg;31847-travnicka;Československo;pohádka;Bylo, nebylo: Trávnička;Král má tři syny. Jean a Pierre jsou zdatní v lovu a bojovém umění, nejmladší Kristián neovládá meč ani luk a šípy, ale věnuje se spíše zpěvu a hře na loutnu. Král vyzve syny, aby se vydali na cestu a přivedli si nevěsty. Uspěje ta nevěsta, která upřede, utká a ušije nejlepší košili. Taková je králova vůle. Princové nemohou dlouho žádnou nevěstu nalézt. Kristiána nechají samotného na holičkách v lese. Princ začne hrát na loutnu a objeví se malé panenky z trávy, které ho odvedou za vílou Trávničkou. Panenka z trávy zná úkol zadaný králem a troufne si ho splnit. Kristián se vydá zpátky na zámek, kde už Pierre a Jean čekají se svými nevěstami. Král zadá nevěstám úkol a ty se pustí do práce. Ráno předá jenom Trávnička ušitou košili. Obě nevěsty obviní panenku, že jim očarovala kolovrátky, ale moudrý král pozná jejich lži. Trávnička se při Kristiánově vyznání lásky promění v krásnou dívku a slaví se svatba.;;;;;;Josef Vondráček;Jaroslava Schallerová, Stanislav Kinzl, Jana Prachařová, Gustav Nezval, Jana Veselá, Vítězslav Jandák, Ivan Anthon, Ladislav Potměšil, Jaroslav Holeček, Miloš Vávra, Jaroslav Vidlař, Miriam Kantorková, Kristina Kudrnovská, Štěpánka Haničincová;False;;;0+;;;True;False;/file/59186/travnicka-1973-cb-ceske-pohadky-pohadky-nejen-pro-deti.html/;/travnicka-1973-czdab/6375b2021bdff;;
27839;Skleněná oblaka;0;;m;1958;73.75;20.0;k3kpknbwv40stzloh5ja.jpeg;27839-sklenena-oblaka;Československo;balada;Clouds of Glass;"POZOR SPOILER

Děd se loučí u brány se synem a tento syn zase se svým synem Františkem. Ten malý si pak hraje s míčem a modelem ptáka, který spadne dědovi skleníku, kde rozbije sklo. Vnuk prchá. Dostane se až k letadlu a po žebříčku si vyleze dovnitř, do pilotní kabiny.  Zde všechno zkouší, když vidí rolovat jiný letoun. Ví, že je tam jeho otec, a tak za ním kousek popobíhá a pak se dívá na jeho akrobatické kousky. Počasí se pokazí a malý jde domů. Pak je v nemocnici, kde je asi jeho otec. Ten umírá a malý zůstává s dědou sám. Ovšem touha po létání zůstává.";;;KVIFF.TV;;;František Vláčil;Antonín Zíb, Adolf Vojta-Jurný;False;;;0+;tt0176150;;False;False;;/sklenena-oblaka-1958-czdab/65a5e1430ec28;;
43034;Sestřenice Běta;0;;m;1979;73.75;207.0;d0xg04pypra774wdcwp3.jpeg;43034-sestrenice-beta;Československo;drama / historický;Sesternica Beta;"3 dielná inscenácia, dramatizácia románu Honoré de Balzaca. Psychologická sonda do vnútra lˇudí, posadnutých túžbou deformujúcou ich lˇudské ja - erotomániou baróna Hulota počnúc až po zžieravú túžbu hlavnej hrdinky po pomste. Príbeh odstrkovanej vidienčanky, ktorá je iba trpenou vzdálenou príbuznou zámožnej rodiny barona Hulota, je príbehom nerealizovanej a márnej túžby po plnohodnotnom živote.
Slovenská televize";;;;;;Vido Horňák;Magda Vášáryová, Ctibor Filčík, Ladislav Chudík, Emília Vášáryová, Juraj Kukura, Martin Gregor, Anna Maľová, Martin Huba, Leopold Haverl, Ľudmila Mandžárová, Zdena Studenková, Jana Plichtová, Ivan Rajniak, Jaroslav Rozsíval, Marián Labuda, František Zvarík, Alojz Kramár, Igor Čillík, Boris Slovák, Jozef Šándor, Viliam Záborský, Štefan Kvietik, Stano Dančiak, Juraj Šebok, Ján Kramár, Dušan Blaškovič, Božena Slabejová, Vladimír Kostovič, Rudolf Velický, Vladimír Durdík, Alžbeta Pietorová;False;;;;;;False;False;;;;
101078;Rosa Luxemburgová;0;;m;1986;73.75;123.0;tgo5nkaqsig9nr86m5a8.jpeg;101078-rosa-luxemburgova;NSR / Československo;drama / historický / životopisný / vojenský / evropská tvorba;Róza Luksemburg;"Scenáristka a režisérka Margaret von Trotta zachytila Rosu nejen jako revolucionářku, ale i skromnou a hluboce mírumilovnou ženu, její práci politické novinářky a pedagožky, autorky četných teoretických prací a projevů. Zároveň se snažila o zobrazení i jejího soukromí, vztah k přátelství a lásce. Film, který je spíše portrétem než historickou analýzou, získal nejedno uznání, např. v Cannes 1986 Cenu za nejlepší herecký výkon pro Barbaru Sukowou a nominaci na Zlatou plamu pro režisérku, na XXV. MFF v Karlových Varech Cenu časopisu Otázky míru a socialismu.

Autor/Zdroj: Popis
televizní program";;10.04.1986;;;;Margarethe von Trotta;Barbara Sukowa, Daniel Olbrychski, Otto Sander, Adelheid Arndt, Jürgen Holtz, Doris Schade, Hannes Jaenicke, Jan Biczycki, Karin Baal, Winfried Glatzeder, Regina Lemnitz, Henryk Baranowski, Charles Regnier, Hans-Michael Rehberg, Hans Beerhenke, Klaus Abramowsky, Katharina Seyferth, Inge Herbrecht, Lena Birková, Eva Jakoubková, Míla Myslíková, Oldřich Vlach, Oto Ševčík, Raoul Schránil, Vladimír Kotrlík, Jiří Hladký, Felix Moeller, Zdeněk Novotný, Ludvik Pozník, Igor Smržík, Jan Milič, Vladimír Matějček, Zdeněk Podhůrský, Charles Brauer, Barbara Lass, Gisela Fojtů;False;;;;tt0091869;;False;False;;;;
4565;Důvod k rozvodu;0;;m;1937;72.716049382716;95.0;aigl5fbjtb7roy0pb1z5.jpeg;4565-duvod-k-rozvodu;Československo;komedie;;"POZOR SPOILER

Mladá paní Helena se probouzí opět sama. Její manžel Pavel, hudební skladatel, se jen fláká po barech a prohrává v kartách spousty peněz. Helena je nucena navštíviti zastavárnu, kde se seznámí s chudičkou Anny Plavcovou. Té za pomoc přislíbí peníze. Ona sama je dostane od svého právníka, doktora Wernera. Mezitím však exekutor zabavil skříň. U dveří zvoní Anny, když je Pavel sám doma. Do této situace dostavuje se doktor Werner a spolu s Janem vymyslí plán. Protože Pavel by zničil svou ženu úplně, i když ji má stále rád, musí se s ní rozvést. Ergo je třeba nalézti důvod k rozluce. A ten se najde. Je angažována Anny, aby sehrála jeho milenku, a to na horách. Jenže již cestou vlakem dochází k drobným rozmíškám. Tyto pokračují i  v hotelu, kde se však začne Anny dvořit pan Skála. Anny jej nechává v domnění, že je Pavel její manžel. Pak se spolu ocitnou na horské boudě. Za nimi přijíždí Pavel se zprávou, že sem jede jeho pravá manželka. Anny začíná věřit v jeho obrat v myšlení a svěřuje mu peníze. Pavel se lehce přiopije a zamíří do herny. Zde se objeví i Anny, povolána mužem, který je má sledovat. Anny si zahraje také, ale prohrává, proto hernu opouští, by pak zjistila, že pan Skála je vlastně kouzelník Sherridan. Pavel shání peníze. Hraje na klavír a dostane od podnapilého hosta pět set korun. Skála již ví, že Pavel není Annin manžel a urazí se. Pavel vydělanou sumu dává na plátno rulety, ale najednou nastává obrat. No, nakonec se stejně všichni zúčastnění sejdou u zemského soudu, ať už jako přímí účastníci, či svědkové…";;20.08.1937;;;;Karel Lamač;Anny Ondráková, Oldřich Nový, Adina Mandlová, Jindřich Plachta, Theodor Pištěk, Jára Kohout, Otomar Korbelář, Ferenc Futurista, Ella Šárková, Václav Trégl, Jaroslav Marvan, Václav Menger, Alois Peterka, Alois Dvorský, Jindra Láznička, Svatopluk Innemann, Jan W. Speerger, Vladimír Smíchovský, Jiří Hron, Karel Němec, František Černý, Emil Dlesk, Antonín Jirsa, Filip Balek-Brodský, Marie Holanová, Robert Ford, Alfred Baštýř, Vlasta Hrubá, Eliška Pleyová, Eduard Motyčka, Josef Oliak, Gill Sedláčková, Michel Elaguine, Lída Vosyková, Alice Nová, Anny Ondráková, Oldřich Nový, Václav Dražil, Ota Motyčka, Marie Oliaková;False;;;;tt0150427;duvod-k-rozvodu;True;False;/file/76199/duvod-k-rozvodu-komedie-1937-cz.html/;/duvod-k-rozvodu-komedie-1937-cz/60b9b73625b42;;
22679;Revue pro banjo;0;;m;1963;73.333333333333;31.0;5om0qz3wyj0fjf4a8rbc.jpeg;22679-revue-pro-banjo;Československo;hudební;Revue pro banjo;"<a href=""https://www.fdb.cz/osobnost/1616-miroslav-hornicek"">Miroslav Horníček</a> s koltem v ruce brání čest své dcery a velmi stručně uvede další písničku. 

Následně je strojvedoucím vlaku, kazatelem, anglickým gentlemanem a dalšími postavami Divokého západu.";;;;;;Zdeněk Podskalský;Věra Nerušilová, Miroslav Horníček, Eva Pilarová, Zdena Salivarová, Marie Pokšteflová, Jiřina Jirásková, Waldemar Matuška, Karel Štědrý, Miloš Kopecký, Karel Gott, Milan Chladil, Rudolf Cortés, Jaroslav Heyduk, Lubomír Kostelka, Jindra Vostrá;False;;;;;;True;False;;;;
20162;Zralé víno;0;;m;1981;72.619047619048;95.0;plxp65oncwqfc8toxpwc.jpeg;20162-zrale-vino;Československo;komedie / drama / evropská tvorba;Zralé víno;"POZOR, SPOILER

Je hon. Přijíždí sem Michal a hned nadává soudruhu předsedovi družstva Urbanovi kvůli přidružené výrobě nábytku. Michal také trvá na dostavění sušárny v měsíci září. A zástupce Dolinstavu Weber slibuje, že ji nechá postavit. 

Po sloučení družstev je Michal Janák pouze místopředseda JZD. Ocitá se v nemocnici. 

Za Šmejkalovou přijíždí plukovník v záloze Semerád a s ním i Michalův syn Karel. Je na vojně. Jeho otec prchá načerno z nemocnice, aby zastavil Urbana v zahájení výroby nábytku. Jenže je na schůzi přehlasován. Pak se do nemocnice vrací a nechává se operovat. Hned po návratu se rozčílí, protože Weber nedodal, co měl. Snižuje se k úplatku. 

Čestmír Semerád je zaměstnán jako inventarizátor, jak tomu on sám vznešeně říká. Šíří kolem sebe hrůzu a děs, hlavně svou přísností a pečlivostí. 
 
Úplatek je předán a materiál slíben do týdne. Jenže pak Michal přijde na to, že jeho úplatek není jediný a rozhodne se Webera sejmout. Proto naplánuje past, se kterou mu jeho přátelé rádi pomohou. Ale plán má drobné trhlinky. Jedna z největších je ta, že Čestmír odhalí mrtvé duše. Nepomohlo ani vykopání žlabu na kabel, který Michal s rodinou předtím udělal potají a v noci. 

Spiklenci jsou nuceni zapojit tedy i Semeráda. Michal za demižon vlašáku bere dalšího do party. A tak zatímco probíhá falešná schůze představenstva, sází se v hospodě Ovečka, bývalý nápadník Šmejkalové, že do měsíce plukovníka opije. Jenže to všecko rupne a dějí se věci. Mluví se i o kriminálce. Když se to dozví plukovník, neutíká, ale zahajuje taktický ústup. Nu a na to čeká Ovečka a zapracuje na výhře své sázky. Povede se mu to dokonale. Plukovník není jako dělo, ale jako celá dělostřelecká baterie. A vidí to všichni z vesnice.
	
Nu a konečně je zde ten slavný okamžik, a to se vším všudy, kapelou a všemi lidmi kolem. Je zde samozřejmě i Weber a jeho nadřízený. Michalův plán vrcholí...";;01.07.1981;víno, vinařství, vinohrad, Oneplay;;;Václav Vorlíček;Vladimír Menšík, Mirko Musil, Božidara Turzonovová, Stanislav Bruder, Iva Janžurová, Jiří Sovák, Jana Švandová, Miloš Kopecký, Josef Větrovec, Ludmila Roubíková, František Němec, Vladimír Tišer, Josef Somr, František Filipovský, Marie Motlová, Otto Šimánek, Miroslav Zounar, Renáta Doleželová, Václav Sloup, Jan Kraus, Vítězslav Jandák, Jiří Lábus, David Schneider, Judita Ďurdiaková, Libuše Jiskrová, Lubomír Kostelka, Ivana Andrlová, Josef A. Stehlík, Mnislav Hofmann, Jožka Stoklasa, Vladimír Hlavatý, Zdeněk Kutil, Vladimír Navrátil, Eduard Pavlíček, Zdeněk Blažek, Daniela Bartáková, Jan Cmíral, Karel Fridrich, Adolf Filip, Stanislav Bruder, Pavel Spálený, Daniela Bakerová, Gabriela Hyrmanová, Antonín Hardt, Roman Hájek, Jiřina Jelenská, Tomáš Juřička, Věra Kalendová, Jan Kuželka, Oldřich Velen, Jana Robenková, Vlastimil Bedrna, Ludmila Roubíková, Rudolf Vodrážka, Jitka Zelenohorská, František Hanus, Jiří Žák, Sabina Remundová, Theodora Remundová, Karel Huth, Antonín Lebeda, Miloslav Šindler, Soňa Vlčková, Ivo Husák, Jiří Janoušek, Karel Kos, Karel Strože, Ladislav Županič, Jana Švandová, Mirko Musil;False;;;12+;tt0138954;;True;False;/file/36347/zrale-vino-1981-cz-hd.html/;/zrale-vino-cz-film-1981-jad/5d4aa7be190b2;;
61112;Silvestr svobodného pána;0;;m;1979;72.857142857143;31.0;6g2q4el832bmbo2zco8k.jpeg;61112-silvestr-svobodneho-pana;Československo;komedie;Silvestr svobodného mládence;Petr, mladý inženýr, má rozličné pletky s dívkami, od nedospělé Milušky v domě, kde žije, až po další, i vdané paničky. Chystá se zrovna na Silvestra, když tu ho přepadne jeho přítel Oskar, který po něm chce, aby bavil jeho ženu Kláru, a on že by si mezitím užíval v jeho bytě se svou milenkou. Petrovi se však ohlásila také jeho někdejší milenka Drahuška, která je provdána za jeho šéfa a která se přihrne dokonce s kufrem. Do bytu postupně vnikají různé dívky a ženy, sousedka chce uplacírovat svou dcerku Barborku, Milušku hledá její otec Karas, a nakonec sem vtrhne i Oskar se dvěma novými přítelkyněmi, které sehnal na Silvestru, až jako poslední do tohoto bláznivého zmatku dorazí Klára, hledající svého záletného muže...;;01.01.1979;;;;Jiří Krejčík;Josef Abrhám, Alena Vránová, Libuše Šafránková, Josef Somr, Petr Nárožný, Helena Růžičková, Jana Vaňková, Lenka Holas Kořínková, Dagmar Havlová, Ljuba Krbová, Lenka Pichlíková, Jaroslava Kretschmerová;False;;;;tt0173196;silvestr-svobodneho-pana;True;False;;/silvestr-svobodneho-pana-1979/59a9dd45a791b;;
13928;Před maturitou;0;;m;1932;72.857142857143;89.0;wrbq6056ijd8cmpr68w9.jpeg;13928-pred-maturitou;Československo;drama / evropská tvorba;;"Film ""Před maturitou"" se dá shrnout do čtyř slov: Film, spisovatel, režisér a obecenstvo. Uměleckým a literárním poradcem filmu ""Před maturitou"" byl spisovatel Vladislav vančura. Před natáčením tohoto snímku si napsal několik scénických poznámek, z nichž nejzávažnější stojí za připomenutí pro obecenstvo, které film vidělo, a proto může posoudit, jak se režie, herecké výkony a technické provedení shodly se spisovatelovými náměty. 

Vladislav Vančura tehdy napsal: ""Film ""Před maturitou"" má vcelku optimistické znaky, životní radosti a klady. Ovšem, tam, kde šlo o sebevražedný úmysl jednoho ze studentů, nabývá povahy vážné, tragické. Oba tyto prvky, t.j. prvek veseloherní a prvek zoufalství jsou ve filmu spjaty hrou studentů, jejichž představivost je velmi mohutná a zhusta je vrhá z krajnosti do krajnosti. Jedině studenta Šimona, který imponuje mužně a i v nejdramatičtějších okamžicích je tragikou sotva dotčen, je nutné z této sféry vyjmout: základní barva jeho hry se může jen stmívat nebo rozjasňovat. Vcelku jde tu o výraz tehdejšího studentského života a mravů. Škola je zde pojata s vážností a na mnohých místech s humorem, který se vyhýbá karikatuře a nevylučuje opravdový vztah.  Třetí a snad nejdůležitější složkou tohoto filmu je složka poetická. Tato padala v úvahu všude tam, kde šlo o představy a počínání směřující  k věcem citovým. Láska je zde traktována  jako okouzlení mladosti a krásy. Film nepřipouštěl expresionistickou interpretaci či křečovitou, ale nutně žádal, aby mluva a sám herecký výraz byl prostý. Současně bylo nutné, aby tyto výjevy byly povýšeny k platnosti tzv. ""vyššího řádu"". Verše bylo nutné předčítat jako celky a dbát na rytmus. Interpunkci by bylo lepší tehdy vynechat. Vulgarismy, trivialita a jakékoliv improvisace by se zde nutně křížily s intencemi hry, jež předpokládala i v nejbujnějších scénách proporce a komposici. Hromadné výjevy bylo nutné zpevnit určitou obrazovou konstrukcí. Obraz ani svou akční proměnou nemohl ztratit nic na svých výtvarných hodnotách. Pokud šlo o zvuk, bylo třeba mu přát jen tolik místa, aby diváky (v tomto případě již posluchače) neohlušil a zůstal jen složkou dramatu. K tomuto konci bylo potřeba počítat s pomlčkami a tichem. Dialogy měly znít plně i tehdy, když při nich neumlká hudba, hovor však a proud řeči pohybovaly se na hranici srozumitelnosti. Snad tehdy (při značném soustředění) byla vnímatelná určitá slova, ale vlastním činitelem byl spád a kadence. Jen tam, ke byl dialog vyhrocený k dramatickému účinku, bylo tomu jinak.""";;09.09.1932;;;;Vladislav Vančura, Svatopluk Innemann;Jindřich Plachta, František Smolík, Antonín Novotný, Miroslav Svoboda, Gustav Hilmar, Eliška Pleyová, Věra Gabrielová, Bedřich Vrbský, Bohdan Lachman, Ferdinand Jarkovský, František V. Kučera, Viktor Nejedlý, Mirko Eliáš, Karel Postranecký, Bolek Prchal, Bohumil Šmída, Elmar Klos, František Čáp, Jiří Vondrovič, Ota Kučera, František Sádek, Vladimír Novotný, Vladimír Čech, František Filipovský, Helena Bušová, Anna Gabrielová, Václav Menger, J. O. Martin, Josef Steigl, František Kovářík, Miloš Makovec, Eduard Hofman, Zora Myslivečková, Jan Vyskočil, Miloš Midloch, Jarka Ženatý, Josef Picek, Anatanas Varnas, Zdeněk Zach, Irena Novožilová, Bobina Horká, Irina Vergunová, MUDr. Nedoma, Otakar Mrkvička, Václav Pecián, Josef Oliak, Gustav Schorsch, Vlastimil Borovička, Karel Šmíd, Krüger, Pilný, Emil František Burian;False;;;;tt0187416;;True;False;;;;
10002;Mladé víno;0;;m;1986;72.596685082873;94.0;lpd8ityax9ww8q7ibvev.jpeg;10002-mlade-vino;Československo;komedie / evropská tvorba;Mladé víno;"POZOR SPOILER

Tak Růženka je vdaná za plukovníka a zrovna baví společnost jeho zapomnětlivostí. Snad právě proto tvrdí, že mladík bydlící u nich je jeho synovec. Ten se jmenuje Jan Petrus a dělá zde jako brigádník číšníka. Je zde také zastupující předseda Zlámal. Karel, syn místopředsedy Michala Janáka chodí s jeho dcerou.   
Tu vysvobodí u rybníka z nahoty právě Jan. A když pro ni pak krade prádlo, je potom lapen a odveden na služebnu VB. 	
Novým „obyvatelem“ je zde také počítač. U něj dělá i Lenka, ale otec, tedy přesněji, nevlastní otec Zlámal ji přeřadí, aby nebyla nablízku vedoucímu výpočetního střediska Ing. Richardovi Bartákovi. Ten má potíže s lidmi. Nikdo o počítače nestojí. 
Účetní Kokoška pátrá na Zlámalův příkaz kdo, že je ten Petrus a plukovník mu sdělí ty nejhorší výmysly. Jenže Zlámal už ví, kdo je to doopravdy, totiž budoucí předseda družstva. Vykecal mu to muž shora totiž samotný ředitel krajské zemědělské správy.
Karel má s Lenkou potíže. Vypadá to na rozchod. 
Barták s kolegou cpou do počítače jména dívek a jejich míry.   
Zlámal se dohmátne toho, kdo napsal do novin článek o koupeném počítači, který však někde půl roku rezaví. Byla to Lenka a on ji vyhodí. A proto že nemá kam jít, ubytuje ji paní Semerádová u nich. Což naštve plukovníka a dochází k rozepři. Nakonec se stěhuje pryč jako  on, tak i jeho synovec. 
Dalším vystěhovaným je i Barták, kterému manželka přišla na jeho techtle s děvčaty. 
Vokurka na žádost Zlámala trochu vykrade sklad v hospodě. Když se pak kluci poperou na diskotéce, manko se samozřejmě objeví. A Petrus v tom jedem naplno. 
Traktorista Kuna zase magnetem zničí počítačové pásky magnetem. Netuší, že originály jsou v záloze jinde, jak později v hospodě Barták vysvětlí. 
Michal objevuje kdo udělal manko krádeží rumu v hostinském skladu. A tento pachatel mu také řekne, kdo Kunovi poradil tu věc s magnetem. 
Nu, v hospodě je tak jak tak veřejně vyhlášen nový předseda družstva, inženýr Petrus. 		
Zlámal svůj boj nevzdává, a proto je pozván k řediteli krajské zemědělské správy…";;01.09.1986;víno, vinařství, vinohrad;;;Václav Vorlíček;Vladimír Menšík, Božidara Turzonovová, Jiří Sovák, Iva Janžurová, Josef Abrhám, Pavel Nový, Josef Větrovec, František Filipovský, Bronislav Poloczek, Josef Somr, Václav Sloup, David Schneider, Ivana Andrlová, Pavel Trávníček, František Němec, Adolf Filip, Jiří Lábus, Jana Synková, Martina Bezoušková, Vítězslav Jandák, Ivan Vyskočil, Vlasta Žehrová, Otto Šimánek, Alena Procházková, Jan Kraus, Radka Stupková, Ivana Vávrová, Žofie Veselá, Jan Kuželka, Pavel Szukala, Gabriela Rittichová, Monika Hladová, Miloslav Šindler, Miloš Vávra, Dana Matějková, Filip Menzel, Vladimír Míka, Jožka Stoklasa, Zdeněk Blažek;False;;;12+;tt0138619;mlade-vino;True;False;/file/97292/mlade-vino-1986-.html/;/mlade-vino-1986-dvdrip-czfilm/5d5e1840110af;;
13047;Pohádka máje;0;;m;1940;72.64705882352901;88.0;mb3wv56naag7umxkf18e.jpeg;13047-pohadka-maje;Československo;drama / romantický / evropská tvorba;Pohádka máje;"POZOR, SPOILER

Mladí studenti v noci vyvádějí svérázné kousky v malé a úzké ulici, mají z toho pak velké pozdvižení. Ne toliko majitelé obchodů, jimž byly namazány kliky, přehozeny štíty s jejich živnostmi a pár dalších věcí.

Ráno se studentovi Richardovi těžce vstává, když jej paní domácí žene z postele.  Pak jde do hospody na snídani a povídá číšnici, že pojede ke strýci do Ostrovačic. A tak se také stane.	Zde se ocitá na tanečním bále, kde pozná dceru revírního Helenku. Ta odmítá tancovat, až po dlouhé době se ji povede přemluvit. Uprostřed tance se však Helence udělá nějak divně a jde z kola ven. 

Richard je zpět na studiích a neví, že zrovna čtou jeho rodiče dopis, ve kterém je žádá o peníze. A taky jiný, v němž na něj prasklo, že dluží za dvě stě obědů. K rodičům také přichází pan Peka s tím, že mu Ríša dluží desítku. A také řekne vše o něm. Otec se naštve a žádá o pomoc strýce. Ten vidí jediné řešení a zve Ríšu písemně k sobě. Ten to bere jako výhru a odjíždí. 

V Ostrovačicích mu nejprve jeho strýc, který jest knězem, trochu vydyndá. Richard vypadá, jako že si to bere k srdci. Pak se ocitá na hájovně u pana revírníka, kde se opět setká s Helenou. Vlastně přišel jen vyřídit pozvání, aby přišli všichni z hájovny ke strýci. Helenka nechce, ale když se fořt naštve, jde také. A jde také s Richardem do zahrady, kde se pokusí jí políbit ruku, a je zle. Helenka zazmatkuje a prchá. 		

Je jasné, že se Ríša zamiloval. Píše Helence zamilované dopisy, ale ona neodpovídá. Ríša to nevzdává a jednou ji najde u studánky v lese. Zde teprve jest mu povoleno vyjádřiti své city. Ale již se jejich vztahy prohloubily a sám Helenčin tatík je zastihl v lese spolu. 

Láska je láska, ale žízeň je žízeň, a tak Richard zajde do hospody. Na další rande přijde unavený a usne. 


Na další schůzce se omlouvá a Helenka mu dá nahlédnouti do svého deníčku. Následuje smíření. Ne na dlouho, protože jí začne vyprávět o ženách v Praze a opět následuje rozepře. 		
	
Richard se nedočká odpovědi na dopis, a ještě mu vydyndá její otec, když se náhodou setkají na cestě. I strýc mu vynadá a posílá jej pryč. Již jej zde nechce.";;25.10.1940;láska, první láska, les;;;Otakar Vávra;Nataša Gollová, Jaroslav Vojta, Leopolda Dostalová, Svatopluk Beneš, Theodor Pištěk, Marie Blažková, Jaroslav Průcha, Vlasta Fabianová, Miloš Nedbal, Božena Šustrová, Hermína Vojtová, Slávka Procházková, Stanislava Strobachová, Miloš Šubrt, František Kovářík, František Hlavatý, Filip Balek-Brodský, Stanislav Neumann, Emanuel Hříbal, Bedřich Ulrych, Martin Raus, Jindřich Fiala, Antonín Jirsa, Jiří Hron, Elsa Vetešníková, Josef Oliak, Alois Dvorský;False;;;;tt0152013;pohadka-maje;True;False;/file/13834/pohadka-maje-romanticke-1940-cz.html/;/pohadka-maje-romanticke-1940-cz/60b891929b574;;
11369;Neviděli jste Bobíka?;0;;m;1944;72.638888888889;85.0;m6mh7qr68zi59yqi09av.jpeg;11369-nevideli-jste-bobika;Československo;komedie;;"Psíka, teriéra Bobíka, měla během pobytu bohaté tetičky Hyacinty Horákové v lázních, pohlídat švagrová Ludmila se svou dcerou Marcelou, které bydlí v její vile. Ten se však krátce po jejím odjezdu záhadně ztratil a tak ženám nezbývá, než uveřejnit inzerát slibující za jeho nalezení odměnu. A protože odměna je to bohatá, účastní se hledání stále více lidí, kteří vytvářejí stále více zmatků, což vede nejen ke stále dalším nečekaným komplikacím a komickým situacím, ale také k zákonitému hromadění psů, kteří se ocitají v honosné vile tetičky Hyacinty. Dlouho však žádný není ten pravý. I když někteří se mu, třeba i díky barvičkám, značně podobají. Ne všichni však hledají pro peníze. Například reklamní kreslíř Ludvík Zoubek, do hledání pustil proto, aby si získal srdce Marcely, do které se zamiloval na první pohled, když si podával v novinách, kde je zaměstnán inzerát. A protože ve starých českých komediích to vždycky dopadlo dobře, je jisté, že přes všechny peripetie se nakonec najde nejen pravý Bobík, ale také že Ludvík nakonec srdce své vyvolené získá.
 
V době okupace bylo úsilí rozesmát diváka hlavním cílem filmařů. Proto není divu, že když se nějaká komedie opravdu vydařila, stály se na ni v kinech fronty. Platilo to i v případě této crazy komedie, která byla ve své době nadšeně přijímána i kritikou. Její ozdobou jsou především herecké výkony, a to jak slovutných hvězd onoho období, tak i mladých začínajících herců, z nichž vynikne zejména Rudolf Hrušínský v netypické, ale skvělé figurce připitomělého ""klacka"". Snímek je poslední protektorátní komedií V. Slavínského.";;15.09.1944;;;;Vladimír Slavínský;Zdeňka Baldová, Jarmila Smejkalová, Meda Valentová, Svatopluk Beneš, Miroslav Homola, Dagmar Frýbortová, František Kreuzmann, Rudolf Hrušínský, Jaroslav Marvan, František Paul, Jára Kohout, Ferenc Futurista, Vladimír Řepa, Jindra Hermanová, Antonie Langrová, Darja Hajská, Antonín Jirsa, Gabriela Třešňáková, Sláva Grossmann, Václav Pecián, Vladimír Růžička, Antonín Macháček, Rudolf Vašíček, Marie Hrdličková, Viktor Socha, Eva Bartáková, Eva Šípová, Monika Černínová, Jindřich Kubovský, Dagmar Frýbortová, Miroslav Homola, Jarmila Smejkalová, Ferenc Futurista;False;;;;tt0167307;;True;False;/file/07265/nevideli-jste-bobika-komedie-1944-cz.html/;/nevideli-jste-bobika-komedie-1944-cz/60b600f4b9b8c;;
39672;Jak se peče štěstí;0;;m;1981;72.59259259259301;58.0;7pzibktys4vj9nm6bguo.jpeg;39672-jak-se-pece-stesti;Československo;fantasy / pohádka / rodinný;S mazanečkem do pekla;"Jak se peče štěstí (1981)

Bláznivě krásná pohádka o tom, jak lakota, namyšlenost a závist prohrají svůj zápas s jedním stále usměvavým pekařem a jeho kouzelnou růžičkou!
Příběh se ihned na začátku velmi vyhrotí, když se na scéně objevuje řada človíčků majících různé povahové rysy i schopnosti.Od namyšlené a panovačné princezny Valerie (EVA JAKOUBKOVÁ alias MICHELLE PFEIFFER) , po kouzelnou čertovskou babičku (JIŘINA BOHDALOVÁ), stále usměvavého pekaře Matěje (MARCEL VAŠINKA) a mnoho dalších postaviček, které na příběhu dodávají onu skvělou dramatičnost.
Vše zlé se začne od dobrého odlišovat poté, co pekař Matěj pomůže čertovské babičce a ta mu za odměnu daruje kouzelnou růži, která dobrému nechá přivonět ke svému květu a otevře mu oči, kdežto zlému zle zatopí, ihned při prvním dotyku!
Jak celý příběh skončí??? … :@)

KOIMISTO
";;24.12.1982;;;;Libuše Koutná;Marcel Vašinka, Ondřej Havelka, Jaroslav Moučka, Eva Jakoubková, Ivan Luťanský, Iva Janžurová, Jiřina Bohdalová, Jana Paulová, Karolina Slunéčková, Jiří Císler, Jiří Lábus, Bronislav Poloczek, Ferdinand Krůta, Pavel Havránek, Jan Kuželka, Eva Hrušková, Václav Kotva, Zora Svobodová;False;;;0+;tt1777584;;False;False;/file/12113/jak-se-pece-stesti-1981-ceske-pohadky-pohadky-nejen-pro-deti.html/;/jak-se-pece-stesti-pohadka-1981/637f9b8caf86b;;
12239;Ošklivá slečna;0;;m;1959;72.641509433962;73.0;zeyct4ssb3q37bb74moq.jpeg;12239-oskliva-slecna;Československo;drama;;"POZOR, SPOILER

Slečna Hana Kalvodová je účetní revizorka. Jednoho dne je požádána o revizi v malém pohraničním městě. Má tam být nějaká menší zpronevěra. Ona přijímá.

Ihned po příjezdu na ni čeká pan Jiří Štefl, hlavní redaktor nakladatelství Záře, kde má Hana provádět revizi. Hned se jí začne dvořit, kupuje kytičku a vůbec kolem ní běhá jako kolem zlatého telete. Hana se pak ubytuje v hotelu. 		

Jiří kolem ní neustále krouží, doprovází ji a dokonce si spolu vyjedou lanovkou. Protože poslední spoj směrem dolů zmeškají, musí nahoře přespat. Tentokrát ještě každý sám. Ale hodně se nahoře sblížili. Pak spolu jedou jinam, ale to už spí spolu. 
		
Hanu vyhledá matka muže, který s penězi utekl do zahraničí, paní Čírkovská. Alespoň se to všeobecně říká. Sdělí Haně synovu dlužnou sumu a nese část zaplatit. Jenže tato suma je zcela jiná, než bylo oficiálně sděleno. Hana začíná pátrat na vlastní pěst a zjistí, že do věci je zapleten právě Jiří. Hana je hodně zklamaná, ale vše Jiřímu řekne. Ten jí vysvětlí, co a jak se stalo. Byl to on, kdo na podvod přišel, ale neudal to. Bylo to pouhých pět tisíc. Takže Jiří s Čírkem udělal dohodu a zapojil do toho i ředitele Hronka. Jenže ten pak začal krást také. Karel však stále nic neudal. Raději začal pít.
 
Hana to vyslechne - a nakonec od něj odchází. Jiří na ni volá, protože chce, aby se vrátila. Hanu čeká těžké rozhodnutí...";;12.06.1959;;;;Miroslav Hubáček, Anna Lackovičová;Dana Medřická, Karel Höger, Otakar Brousek, Světla Amortová, František Holar, Valentina Thielová, Vladimír Menšík, Václav Lohniský, Nelly Gaierová, Jaroslav Heyduk, Jan Maška, Eva Očenášová, Irena Juřičková, Jana Hrdličková, Antonín Kubový, Jiří Jirmal, Karel Krautgartner, Orchestr Karla Krautgartnera;False;;;;tt0232240;;True;False;/file/45805/oskliva-slecna-drama-1959-cz.html/;/oskliva-slecna-drama-1959-cz/60acda129f2cf;;
42986;Soví hnízdo;0;;m;1981;72.65306122449;62.0;9g5yn35g9x8mqei308wz.jpeg;42986-sovi-hnizdo;Československo;krimi;Soví hnízdo;"POZOR SPOILER

Holčina a pes kráčí lesem.
Paní hajná posílá syna Romana na nákup. Ten si bere s sebou dva náboje a jde. 
Pan Staněk se ptá v hájovně po své dceři, ale hajná tvrdí, že tu vůbec nebyla.
Nastává strašné podezření a začíná se hledat. Holčina je nalezená mrtvá a pohlavně zneužitá.  
Případ dostává kapitán Vízek a hned začne vyslýchat jednoho z trampů. Další podezřelý je občasný pytlák Strnad a pan Švarc. Tramp Hokeš tvrdí, že na místě činu v době spáchání zločinu viděl dědka s kloboukem a při konfrontaci ukáže na  Strnada. 
Pomaličku však přichází na přetřes i Roman, a Vízek se jde poptat lékaře, který jej léčil, zda by mohl vraždit. Moc se toho nedozví. 
Zato po pohřbu se dozví důležitou informaci, že zavražděná měla s Romanem tajné místo. Prý je tam palác s královnou, která má zlaté oči. A on prý kdysi prohlásil, že vládce paláce by cizího zastřelil. Bohužel otec, který toto říkal však neví kde je. Ovšem kapitána hned napadne hledat soví hnízda a najde. Zde je nalezen řetízek, který měla oběť na krku. 
Kapitán již má jasno, a proto svolá na jedno místo všechny podezřelé. Mezi nimi i Romana, který se tvářil jako nemocný. A právě zde dojde k odhalení vraha. K němu přispěje i pes se kterým šla Stáňa do lesa...";;30.11.1980;;;;Evžen Sokolovský;Luděk Munzar, Jiří Vala, Miriam Hynková, Tomáš Juřička, Jiří Zahajský, Svatava Hubeňáková, Klára Pollertová-Trojanová, Jiří Štěpnička, Luděk Čtvrtlík, Jaroslav Vlach, Ota Sklenčka, Rostislav Kuba, Zdeněk Martínek, Josef Langmiler, Oldřich Janovský, Viktor Maurer, Vítězslav Jirsák, Antonín Jedlička;False;;;;tt6067168;;False;False;;/sovi-hnizdo-1981-mpeg-h-part2hevc-h-265-hevc-fps-50-1920x1080/669302eeb0805;;
48949;O Pomněnce;0;;m;1971;72.8;43.0;kv6l03dp81isng715vox.jpeg;48949-o-pomnence;Československo;pohádka;O Pomněnce;V chaloupce se objevila náhle malinká holčička a s ní přišla radost a štěstí. Smutná byla maminka, když se objevil princ a chtěl si její dcerušku odnést na svůj zámek. Co se ale dalo dělat, musela se s Pomněnkou rozloučit, ale Pomněnka na ni nezapomněla. Když dokázala rozmazleného prince napravit a díky jeho lásce se proměnila v krásnou dívku a stala se jeho ženou, vzala si hodnou maminku na zámek.;;;;;;Vlasta Janečková;Jana Preissová, Viktor Preiss, Vlasta Jelínková, Lubomír Lipský, Dana Hlaváčová, Michaela Mišková, Ivana Vondrovicová, Antonín Navrátil;False;;;0+;;;True;False;/file/21575/o-pomnence-1971-cb-ceske-pohadky-pohadky-nejen-pro-deti.html/;/o-pomnence-1971-ceskoslovensko/3271e720acfff0b1;;
40328;Návrat pana Ryšánka;0;;m;1971;72.8;61.0;4vjzgg3linx7uc6j8ugv.jpeg;40328-navrat-pana-rysanka;Československo;drama;Návrat pana Ryšánka, který to myslel dobře;"POZOR, SPOILER

Pan Ryšánek se po 25 letech vrací do Prahy. Nejprve se ubytuje tam, kde bydlel kdysi. A pak navštíví svůj oblíbený lokál. Je zde mile přivítán a nejvíce paní hostinskou Leopoldou Nocarovou. Ta probere i Ryšánkovu lásku k Márince. Ten tvrdí, že jej milovala. Jenže si vzala pana Schlegla. Ryšánek je přesvědčen, že to byl právě on, kdo ho udal. A je to také on, co sem zrovna přichází. Přisedne si sice k Ryšánkovi, ale nemluví spolu. 

A ten přichází k Poldince, protože jej zajímají okolnosti kolem jeho tehdejšího rozchodu s Márinkou. To ho zajímá ze všech stran, navíc když se na hřbitově dozvěděl o dopise, jenž Márinka obdržela. Nakonec se k němu dostane přes její dceru. Anonymní pisatel v dopise píše jen samá negativa právě na osobu páně Ryšánkovu. Ten se dává do dalšího pátrání a výsledkem je velmi překvapen.";;;;;;Ludvík Ráža;Martin Růžek, Bohuš Záhorský, Dana Medřická, Felix le Breux, Jana Drbohlavová, Josef Abrhám, Marie Brožová, Václav Postránecký, Ferdinand Krůta, Dalimil Klapka, Vladimír Huber, Arnošt Faltýnek, Alena Kreuzmannová, Josefa Pechlátová, Milan Friedl;False;;;0+;tt4581084;;True;False;;/navrat-pana-rysanka-1971-webrip-hevc-audio-cz-by-serzent/c69ac85856e52c7d;;
81526;Perly a růže;0;;m;1985;72.857142857143;30.0;3i63o5gtuu424ouw7tla.jpeg;81526-perly-a-ruze;Československo;pohádka;Perly a růže;"V jednom království žila se svým otcem krásná princezna Kateřina. Měla vzácný dar. Když se usmála, padaly jí ze rtů růže, když ale plakala, z očí jí tekly pravé perly. Když si její otec přivedl na zámek novou královnu, chamtivou macechu s dcerou, vypadalo to s Kateřinou zle. A co teprve, když se do ní zamiloval král ze sousedního království! Ale úskoky budou spravedlivě potrestány a úsměv zvítězí nad slzami.

Zdroj: Česká televize";;;;;;Miloš Bobek;Jan Přeučil, Růžena Merunková, Veronika Freimanová, Michaela Kuklová, Petr Svoboda, Naďa Konvalinková, Rudolf Hrušínský, Bohuslav Kalva, Ivan Trojan, Bohumil Vávra;False;;;0+;;;False;False;/file/91980/perly-a-ruze-1985-ceske-pohadky-pohadky-nejen-pro-deti.html/;/perly-a-ruze-1985-czdab/61c3c6c666914;;
20552;Rozvod paní Evy;0;;m;1937;72.941176470588;81.0;https://prod-fdb-storage.fra1.cdn.digitaloceanspaces.com/placeholders/General.png;20552-rozvod-pani-evy;Československo;drama / milostný;;"POZOR SPOILER

Na rodinné sešlosti líbá doktor Richard Rybiak vdanou paní Evu Plužnou, když k nim přijde mistr Beriti, herec. Ten se domnívá, že doktor líbá svou paní, omyl pochopí až později. Richard vyčítá na tomto večírku kolegovi Mudroňovi nemírné pití, spor musí uklidnit až Beriti. Eva oznamuje Richardovi svůj odjezd. On ji neprozřetelně začne líbat na záda, když ji vyšetřuje, což vidí jeho manželka, a ztropí mu nechutný výstup. Dochází k prudké hádce, kterou slyší i Mudroň. Eva skutečně odjíždí, ale Richard toho nesnese a jede za ní. Když přijedou k Plužným, je Richard zatčen jako podezřelý z vraždy své ženy. Zastupovat jej má právě doktor Plužný. Ten odhaluje nevěru své ženy a okamžitě se míní rozvést. Rodina jej však přemluví, aby toho nečinil. On tedy uposlechne, ale Evu důrazně varuje před dalším extempore. Netuší, že má dalšího amanta. Eva Rybiaka jako fyzického milence tvrdě popře a manžel jí uvěří. Na pozadí těchto událostí se mladík Jiří Málek zamiluje do dívenky Elenky. Poznali se již v Rybiakově sanatoriu. Jiří je navíc bratranec Rybiakovy manželky. Elenka je zaměstnaná jako vychovatelka u Plužných, Jiří je bez místa. V kriminále se snaží z Rybiaka Plužný vypáčit jméno ženy, kvůli které vznikl mezi ním a nyní mrtvou manželkou spor. On nic neprozradí. U Jiřího se situace vyvrbí tak, že mu Elen získá místo šoféra u Plužných. Začíná soud, kde je Richard obviněn z vraždy. Zde se provalí vztah Plužné a Rybiaka. Ta jest soudem vyzvána, aby se dostavila jako svědkyně. A ona Richarda nádherně zkoupe. Vypadá to, že Rybiak zůstane vrahem a dostane trest nejvyšší…";;12.03.1937;;;;Jan Sviták;Bedřich Vrbský, Jiřina Šejbalová, Helena Bušová, Zvonimir Rogoz, Jaroslav Marvan, Jiří Dohnal, Theodor Pištěk, Betty Kysilková, Nancy Rubensová, Ella Nollová, Ladislav Hemmer, Václav Trégl, Karel Jičínský, Čeněk Šlégl, Frank Rose-Růžička, Jan W. Speerger, Karel Postranecký, Václav Mlčkovský, Václav Menger, Ladislav Janeček, Oldřich Kovář, Bohunka Nosková, Josef Oliak, Šimek, Helena Grünhutová, Julius Baťha, Oldřich Kovář, Jiřina Šejbalová, Marta Školudová;False;;;;tt0152239;;True;False;/file/26911/rozvod-pani-evy-drama-1937-cz.html/;/rozvod-pani-evy-drama-1937-cz/60b9be52edfb3;;
43059;Život a smrt malíře Petra Jana B.;0;;m;1986;73.07692307692301;79.0;moti045x4vi9g20jj0fj.jpeg;43059-zivot-a-smrt-malire-petra-jana-b;Československo;drama;Život a smrt malíře Petra Jana B.;Malíř (Brandl Petr Jan) prožívá šťastné chvíle mladických radovánek se svou přítelkyní Johankou. Poněkud nerovný svazek náhle řeší sňatkem s malířskou dcerkou Helenou. Individualistický charakter přivádí Brandla často do konfliktů s malířským cechem, s církví, s rodinou. Nad to se mu často po divokých pitkách s prostitutkami i žebráky nedostává peněz. Půjčí mu je lichvář Hackel. Brandl u něj chce po čase vykoupit svůj zastavený autoportrét, kterému podkládá magický význam (věří, že bude schopen znovu malovat, když ho bude mít). Hackel však soustavně zvyšuje cenu. V Brandlově životě se střídají okamžiky úspěchu a uměleckého vzepětí s nezdary. Brandl nikdy není prohlášen malířským mistrem na rozdíl od syna Maxe. Umírá v bídě, pronásledován vzpomínkami a trpkými představami, bez milovaného obrazu.;;;;;;Jiří Adamec;Boris Rösner, Tereza Pokorná, Soňa Novotná, Josef Kemr, Petr Štěpánek, Vlastimil Fišar, Milan Riehs, Rudolf Hrušínský, Rudolf Kalina;False;;;;;;True;False;;;;
21114;Výlet do mladosti;0;;m;1982;73.333333333333;81.0;opqap3wjuwkiolw3bq9i.jpeg;21114-vylet-do-mladosti;Československo;psychologický / drama / romantický;Výlet do mladosti;"Rámec filmu režiséra Pavla Haspry Výlet do mladosti tvoří návštěva starého spisovatele Tomáše Štefana na gymnáziu malého města, jež sám kdysi navštěvoval. Studenti využijí besedu se známým autorem k diskusi s profesorským sborem. Brání svého spolužáka, který byl podle jejich názoru nespravedlivě vyloučen ze školy těsně před maturitou. ~Štefan jedná s mladými bez mentorského akcentu, téméř  jako rovný s rovným. Má pochopení pro jejich požadavky, zároveň  však citlivě připomíná i jejich podíl  viny na projednávaném případu. Upřímnost a entuziasmus mládeže přivádí  zralého muže ke vzpomínkám na událost z vlastniho mládí, jež tvoří hlavní dějové jádro snímku. Je to příběh  lásky mladého Tomiho a jeho spolužačky Gity, která svou přirozenou radost ze života nedovedla a nehodlala spoutat do svěrací kazajky maloměstské morálky. Citlivý mladik se učil od své přitelkyně naplno žít a milovat, a vzpomínka na ni ho zřejmě provází celým životem.
Propojení těchto dvou dějových linií je však dosti toporné a obsahově tazovité, takže konfrontace moudrého stáří a neukázněným, avšak citově upřímným mládím zůstává pouze v rovině záměru.

Autor/Zdroj: /Filmový přehled";;01.07.1984;;;;Pavol Haspra;Maroš Kramár, Tereza Pokorná, Ladislav Chudík, Mikuláš Huba, Andrej Mojžiš, Adela Gáborová, Ivan Vojtek, Jana Nagyová, Miro Noga, Sylvia Kočanová Mrvečková, Dušan Blaškovič, Eduard Vítek, Katarína Orbánová, Teodor Piovarči, Tomáš Žilinčík, Ondrej Jariabek, Tibor Bogdan, Viera Hladká, Milan Kiš, Marián Gallo, Naďa Hejná, Ján Kroner, Boris Farkaš, Michal Gučík, Ľubomíra Hlaváčová Krkošková, Ivona Krajčovičová, Jana Strnisková, Zuzana Tlučková, Nataša Kulíšková, Petronela Kolevská, Marta Bieliková-Černická, Rudolf Kraus, Jozef Cút, Anton Korenči, Naďa Kotršová;False;;;;tt0240191;;False;False;;/vylet-do-mladosti-1982-czdabing/a8b5c9dee29c9245;;
31725;Velmi uvěřitelné příběhy podle Igora Chauna;0;;m;1991;73.333333333333;105.0;https://prod-fdb-storage.fra1.cdn.digitaloceanspaces.com/placeholders/General.png;31725-velmi-uveritelne-pribehy-podle-igora-chauna;Československo;horor / povídkový;;"šest epizod  ""Siláci"", 12 minut; ""Sousto"", 20 minut;  ""Podržel souseda"", 13 minut;  ""Dlaždice"", 16 minut;  ""Boží mlýny"", 26 minut; ""Štědrý večer paní Hůlové"", 19 minut

Autor/Zdroj: /


Chaunovy hororovité příběhy představují svého tvůrce jako cynika, jenž v kotli míchá vývar z lidských malostí, nectností i směšností a opájí se zápachem, který z vývaru stoupá. ...  Právě ze Štědrého večera paní Hůlové lze nejsnáz pochopit, kam až je Chaun ochoten jít za působivostí své výpovědi: k branám pekelným.

Jan Lacina, časopis Reflex č.17/92

Autor/Zdroj: /


Pan Chaun napsal skvělou věc: zpatetizoval blbost. Důsledně domyslel zběsilost člověka, který s antickou vášnivostí hájí své právo na poslední sousto na talíři. Metafora člověka zdaleka nejen hororová. Tak dokonale sepsaná věc chtěla stejně jemnou a přesnou interpretaci... 

herec Josef Abrhám o své roli v povídce Sousto, časopis Mladý Svět č.21/92

Autor/Zdroj: /


Chaunovi nešlo jen o zlověstnou prolhanost televize v dobách, kdy byla nejúčin-nějším nástrojem komunistického režimu. V krutě ironické zkratce zobrazil její zhoubný vliv na lidi bez ohledu na existující politický systém.

Jan Foll o Štědrém večeru paní Hůlové, Tvar, 30. 6. 1992

Autor/Zdroj: /


Šokovat diváka sebevraždou opuštěné stařenky a tuto krutou pointu vzápětí ironicky dorazit idylickým obrazem jejích spoluvrahů - televizních hlasatelů, pochutnávajících si na stařenčině večeři, může na první pohled vypadat jako exhibice samoúčelného cynismu. Ve skutečnosti je tato (opět dvoustupňová) pointa přísně logickým vykřičníkem na konci humanistického apelu.

Jan Svačina o Štědrém večeru paní Hůlové,  Scéna, l2. 3. l992

Autor/Zdroj: /


Základním nedostatkem všech Velmi uvěřitelných příběhů je jejich inscenační topornost a neschopnost přizpůsobit režii potřebám předlohy. ... Také herecké výkony lze označit za rozporuplné. Příběhy jsou důkazem faktu, že síla Chaunova talentu není zřejmě v oblasti klasického hraného filmu, kde je nutné prostřednictvím filmu hlavně dobře vyprávět. Jeho talent se nejlépe uplatňuje ve sféře naprosté stylové i žánrové volnosti, kde není potřeba ohlížet se na jakékoli mantinely a lze volně nakládat s časem, prostorem i postavami.

Andrej Halada, Tvar, 5. 3. l992

Autor/Zdroj: /


Srdečné díky Igoru Chaunovi za jeho Velmi uvěřitelné příběhy. Jsou perfektně a výstižně zpracované. Nesmírně se mi líbí. ... I když jsou to příběhy ve své podstatě smutné a kruté, jednomu z nich se musím neustále smát. Kudy chodím, nemohu jej vypudit z mysli. Je to příběh Dlaždice.

Marie Paštiková, učitelka z Turnova, v dopise Týdeníku Televize l7. 2. 1992

Autor/Zdroj: /


Ale co je to všechno proti šokové terapii Igora Chauna, který nás po své nedávné a neuvěřitelné Léčbě Klausem podrobil další intenzívní kůře svými Velmi uvěřitelnými příběhy! ... Přiznávám se, že v souboji se satirikem, který ve mně dříme, jsem tentokrát beznadějně prohrál. Nezbývá mi proto, než skončit dnes s čerstvými verši, které ze mne pod tlakem hrůzných Chaunových moralit spontánně vytryskly: 

Z filmů Igora Chauna  mám uvěřitelné trauma.

Snad jsem se měl dát do pláče,

povolily mi však svěrače...

Jaroslav Čejka, Nové slovo, Bratislava, 2. 3. 1992

Autor/Zdroj: /


Můžeme žasnout nad profesionální zdatností ... můžeme polemizovat o prvku čiré zábavnosti v rovině humoru…  Snad jediné, co nemůžeme, je vytýkat chválabohu svéprávným a samorostlým tvůrcům, že nejsou a nechtějí být někým jiným.

   Mirka Spáčilová, Lidové noviny 28.2. 1992

Autor/Zdroj: /


Za vzácné výtrysky čiré kreativity považuji kupříkladu seriál šesti Velmi uvěřitelných příběhů Igora Chauna. ...  Představují nejvýznamnější vpád surreality do popisně realistické bedny na iluze. A po Švankmajerovi přináší Chaun další důkaz o tom, že body u diváků mohou časem získat nejen pohádkově iluzivní Dallasy a chladně perfekcionalističtí Profesionálové, nýbrž i všežravá ironie, rouhačská nadsázka, permanentní nevážnost, parodie a vtip domácí provenience.

Vladimír Just, Literární noviny l3. 2. l992

Autor/Zdroj: /


Lenže Chaun je príľišný introvert na to, aby vlastným príbehom zaujal naozaj široké spektrum a zároveň extrovert, keďže na seberealizáciu či sebavyjadrenie potrebuje natoľko extenzívne výrazové prostriedky, že väčšmi ako naozaj zaujme, šokuje...

Josef Buchel, Kultúrny život, Bratislava, 13. 2. 1992

Autor/Zdroj: /


V předposledních teleřádcích jsem mladému režiséru a scénáristovi Igoru Chaunovi uspíšila promoci - pravdou je, že zatím stále studuje pátý ročník scenáristiky na pražské FAMU. Omlouvám se jemu i vám, čtenářům – nejvíce těm pozorným, kteří mne na chybu upozornili. Jemně, leč důtklivě...

-rti-, Večerník, Brno 10. 2. 1992

Autor/Zdroj: /


Nezbývá než smeknout před režijním rukopisem a především nad čistotou práce. Všimli jste si oné až pedantické důslednosti při výběru i nejposlednější rekvizity, aby získalo na důvěryhodnosti prostředí české, polské, nebo americké?

       -rti-, Večerník, Brno, 27. 1. 1992

Autor/Zdroj: /


Chaunovy horory jsou zajímavým oživením programu televize, překračující zdaleka její letité dýchavičné konvence. ... Věřte mi, že pokud Chaun zrovna neobdivuje ministra financí, točí docela pěkné filmy.        

-zl-, Svobodné slovo, l6. l. l

Autor/Zdroj: /


Co jste říkala tomu, že Igor Chaun natočil Velmi uvěřitelné příběhy?

Nemám ráda horory, nenávidím je, nesnáším.

Viděla jste Štědrý večer paní Hůlové ?

Viděla... já nevím, spíš tuším, co tím chtěl básník říct. Ta báseň Leťte holubi určitě ve štědrovečerním programu nemohla být. To bych se divila. Já nemám jenom politický... Vy jste hovořil o tom Chaunovi – tak tenhle trend já jaksi nemám ráda... To je mně odporné. Já teda nerada bliju při pohledu na umělecké dílo.

rozhovor s herečkou Jiřinou Švorcovou, bývalou členkou ÚV KSČ, časopis Koktejl č.1/1992

Autor/Zdroj: /";;;;;;Igor Chaun;Jan Hřebejk, Miroslava Součková, Josef Abrhám, Jiří Štrébl, Simona Vrbická;False;;;;tt0939820;;True;False;;;;
21125;Iná láska;0;;m;1985;73.333333333333;72.0;k02l5hjhbqlb2vf310zh.jpeg;21125-ina-laska;Československo;psychologický / drama;Iná láska;"Príbeh medika, ktorého podmienečne odsúdia a vyhodia zo školy pre nedovolenú interrupciu. Tento mladý muž sa vyberie do dediny za dievčaťom, ktorému spravil tento zásah. Chce sa zbaviť vlastného pocitu viny, že mu išlo len o peniaze, ktoré týmto skutkom zarobil. Svoj skutok odôvodňuje sám pred sebou tým, že chcel pomôcť človeku v núdzi. Zostane v dedine a postupne zisťuje, že je to skorumpované prostredie, v ktorom je dobro prepletené so zlom. Mladý muž odhaľuje rozkrádanie, výnosné kšefty, podvody, ale odmieta sa tohto všetkého zúčastňovať. Výsledkom je tragický konflikt, ktorý sa takmer skončí smrťou hlavného hrdinu...

Film Iná láska (1985) patrí medzi najlepšie diela režiséra Dušana Trančíka. Scenár napísal vynikajúci český scenárista Jiří Křižan (Český lev za scenár k filmu Vladimíra Michálka Je třeba zabít Sekala).

Zdroj: RTVS";;01.06.1986;;;;Dušan Trančík;Maroš Kramár, György Cserhalmi, Zlata Adamovská, Vilhelm Perháč, Cyril Drozda, Tomáš Žilinčík, Ján Sedal, Rudolf Hrušínský, Ivana Chýlková, Ivan Palúch, Anton Januš, Josef Hrubý, Jozef Kovács, Michal Monček, Adela Gáborová, Edita Gallová, Darina Chmúrová, Jana Plichtová, Marta Rašlová, Ladislav Vagadaj, Ján Borna, František Velecký, Milan Kotrbanec, Tibor Löffler, Karel Meister, Lenka Mesíková, L'udovít Sendrei;False;;;18+;tt0089351;;False;False;;/ina-laska-dusan-trancik-1985/f00b7d7c612cc9de;;
39739;Zmatky kolem Katky;0;;m;1990;74.0;42.0;ejlbhyaeau4nj64rxl1b.jpeg;39739-zmatky-kolem-katky;Československo;pohádka;Zmatky kolem Katky;Král Bivoj nechá oznámit svůj věštecký sen, že dítě, které se mu narodí, bude dcera Kateřina a ta přinese štěstí celému království. Jenže se narodí trojčata - tři holky! Co teď? Která je ta pravá, co díky ní bude království šťastné? Kterou pojmenovat Kateřina? Pro jistotu rozhodnou královští rodiče šalamounsky - jméno ze snu dostane každá z holčiček. Však možností, jak si je neplést, je až dost - Kateřina, Káťa, Katka! A právě Katka, nejmladší z princezen, je náramně podnikavé stvoření a rozhodně se nehodlá podvolit vůli svého otce a provdat se za vévodského nekňubu.;;;;;;Vlasta Janečková;Josef Bek, Blažena Holišová, Denisa Kubová, Markéta Hrubešová, Sabina Laurinová, František Staněk, Karel Greif, Josef Dvořák, Michael Kňažko, Lubomír Lipský, Naďa Konvalinková;False;;;0+;;;True;False;;/zmatky-kolem-katky-1990-ceskoslovensko/fb62093fb787545b;;
72715;Přehlídka ztracených peněz;0;;m;1973;74.0;;https://prod-fdb-storage.fra1.cdn.digitaloceanspaces.com/placeholders/General.png;72715-prehlidka-ztracenych-penez;Československo;komedie;Přehlídka ztracených peněz;"Režisér Petr Schulhoff, autor populárních televizních Trapasů, se zapsal do povědomí diváků jako jeden z tvůrců, kteří stále zkoušejí něco nového. Tak je tomu i u Přehlídky ztracených peněz, scénáře, který na prvních stránkách slibuje komedii a v závěru pak nutí k důkladnému zamyšlení. Na jedné z malých všedních událostí rodinného života předvádí snad všechny varianty reakce partnerů, a když už se zdá, že právě toto je ten správný postoj, ústí dialog do nepříjemného a nežádoucího mementa. Režijní pojetí Přehlídky ztracených peněz je ryze televizní. Využívá jednoho prostředí, dvou jednajících osob a jejich dialogu. Herci Jiřina Bohdalová a Vladimír Menšík jsou příslibem nenásilného podání problému a také zárukou dobré zábavy. 

[??] Přehlídka ztracených peněz. Květy. 1973, č. 34, s. 46.";;;;;;Petr Schulhoff;Jiřina Bohdalová, Vladimír Menšík;False;;;;;;False;False;;;;
43282;Melodie bílého klavíru;0;;m;1978;74.0;45.0;x4vcsb1qawxssvqt5a4l.jpeg;43282-melodie-bileho-klaviru;Československo;hudební;Melodie bílého klavíru;"Hudební televizní inscenace, která je jakýmsi průřezem světa operety. Tím diváky provází velký propagátor a znalec tohoto žánru <a href=""https://www.fdb.cz/osobnost/120302-vladimir-brazda"">Vladimír Brázda</a> (1920-2001), který představuje slavné operetní melodie <a href=""https://www.fdb.cz/osobnost/224447-imre-kalman"">Imre Kálmán</a>, <a href=""https://www.fdb.cz/osobnost/48864-johann-strauss"">Johann Strauss</a>, <a href=""https://www.fdb.cz/osobnost/55758-franz-lehar"">Franz Lehár</a>, <a href=""https://www.fdb.cz/osobnost/16886-oskar-nedbal"">Oskar Nedbal</a> a dalších operetních veličin.";;;opereta;;;Zdeněk Havlíček;Vladimír Brázda, Jiří Zahradníček, Jiří Zahradníček, Josef Ábel, Marta Vančurová, Helena Cihelníková, Vlastimil Harapes, Radmila Minářová, Alois Švehlík, Helena Riehsová, Květa Fialová, Karel Smolka, Ida Rapaičová, Čeněk Mlčák, Josef Kobr, Petr Miller, Jan Filip, Jan Vyorálek, Milan Karpíšek, Eva Jelínková, Svatopluk Matyáš, Josef Ábel, Jan Vyorálek, Jana Vaňková, Dana Ličková, Karel Bartoň, Marcela Michalíková, Václav Sloup, Mária Turňová;False;;;0+;tt8855576;;True;False;;/melodie-bileho-klaviru-1978-czdab/610ac9ccc19ef;;
117147;Hořká vůně léta;0;;m;1982;74.0;148.0;https://prod-fdb-storage.fra1.cdn.digitaloceanspaces.com/placeholders/General.png;117147-horka-vune-leta;Československo;drama / adaptace;Hořká vůně léta;"Klíč k původní dvoudílné televizní inscenaci, kterou napsala <a href=""https://www.fdb.cz/osobnost/3270-marie-polednakova"">Marie Poledňáková</a> podle předlohy <a href=""https://www.fdb.cz/osobnost/40484-irwin-shaw"">Irwin Shaw</a> Lucy Crownová, hledejme hned v prvních větách scénáře: [i]„Díváme-li se zpět do minulosti, rozeznáváme v čase chvíli, která byla rozhodující, v níž se změnila osnova našich životů, chvíli, ve které jsme se dali novým směrem. Ta chvíle – to může být pouhá vteřina, kdy se vymění pohled či vysloví věta, nebo to může být dlouhé odpoledne, týden, roční období, kdy je výsledek nerozhodný a kdy se na sebe vrší drobné příhody, kterým dovolíme, aby se staly. Pro Lucy Crownovou to bylo minulé léto.“[/i] Oliver Crown, sebejistý, pracovitý, zásadový člověk; Lucy, jeho krásná mladá žena, dobrá manželka a milující matka; Tony, třináctiletý syn s chatrným zdravím, citlivý chlapec, který vyrůstá obklopen něžnou mateřskou láskou, chránící ho na každém kroku. Tak poznáváme celou rodinu uprostřed léta na chatě u jezera. Je tu ještě rodinný přítel Sam a mladík Jeff, který na Oliverovo přání bude Tonymu učitelem, společníkem, přítelem. A pak už přijde jen ona chvíle, náhlá změna, osudný zvrat událostí, při nichž omamná vůně léta náhle zhořkne…

Scénář <a href=""https://www.fdb.cz/osobnost/3270-marie-polednakova"">Marie Poledňáková</a> slibuje ojedinělý citový zážitek, proto se jí ptáme: Proč jste sáhla právě po románu <a href=""https://www.fdb.cz/osobnost/40484-irwin-shaw"">Irwin Shaw</a>? [i]„Lucy Crownová rozhodně patří mezi ty knížky, které člověk přečte jedním dechem. Ačkoliv vypráví o krizi jedné rodiny kdesi daleko v Americe a v době dávno minulé, působí, že všechny ty konflikty jsou nejen důvěrně známé, ale že vystupují v daleko ostřejším světle, srozumitelněji než předtím. Myslím si, že tohle je velká výsada velkého umění, že dokáže, aby si člověk daleko více uvědomoval sám sebe, smysl svého života a svých činů.“[/i] HOŘKÁ VŮNĚ LÉTA vypráví o spletitostech života, o lásce manželské i mateřské, vypovídá o vztahu syna k matce, o zranitelnosti dítěte na rozhraní mezi dětstvím a dospělostí, o zranitelnosti mladého muže i muže na vrcholu svých sil. A především o ženě. [i]„V docela obyčejném životě se může přihodit spousta neuvěřitelných věcí. V každé rodině může přijít okamžik krize, tomu se nikdo nevyhne. Záleží na tom, jak ji člověk dokáže překonávat, jak dokáže napravovat škody. Oliver, Lucy i Tony se dopustí všech omylů, kterých je možné se dopustit. Kdyby štěstí mohlo být výsledkem rozumných úvah a rozhodnutí, byli by ti nejchytřejší také nejšťastnější. A že tomu tak není, známe z vlastní zkušenosti.“[/i] Román je rozestřen do dlouhého období osmnácti let. Jak jste si s touto složitou otázkou času poradila? [i]„Když se najde klíč, není to tak obtížné. Jde především o to, nezjednodušit myšlenkovou rovinu. Tma nelítostné pravdy a milosrdné lži, otázky viny a neviny, tyto problémy jsou osou románu i televizní adaptace. Věřím, že diváci stejně jako čtenáři románu mohou prožít příběh rodiny Crownových tak, že jim zážitek může být zdrojem poznání o sobě samých i o tom, jak řešit vlastní problémy.“[/i]

Dvoudílnou televizní inscenaci Hořká vůně léta natočil režisér <a href=""https://www.fdb.cz/osobnost/17215-pavel-hasa"">Pavel Háša</a>, dramaturgyní byla <a href=""https://www.fdb.cz/osobnost/14833-jana-dudkova"">Jana Dudková</a>, kameramanem <a href=""https://www.fdb.cz/osobnost/40817-alois-nozicka"">Alois Nožička</a>. V hlavních rolích uvidíme <a href=""https://www.fdb.cz/osobnost/4128-jana-sulcova"">Jana Šulcová</a> (Lucy), <a href=""https://www.fdb.cz/osobnost/475-radoslav-brzobohaty"">Radoslav Brzobohatý</a> (Oliver), <a href=""https://www.fdb.cz/osobnost/18684-radek-zak"">Radek Žák</a> (Tony), <a href=""https://www.fdb.cz/osobnost/1912-oldrich-kaiser"">Oldřich Kaiser</a> (Jeff), dále hrají <a href=""https://www.fdb.cz/osobnost/5077-pavel-pipal"">Pavel Pípal</a>, <a href=""https://www.fdb.cz/osobnost/3881-josef-somr"">Josef Somr</a>, <a href=""https://www.fdb.cz/osobnost/3325-viktor-preiss"">Viktor Preiss</a>, <a href=""https://www.fdb.cz/osobnost/3261-tereza-pokorna"">Tereza Pokorná</a>, <a href=""https://www.fdb.cz/osobnost/9921-vera-bublikova"">Věra Bublíková</a> a <a href=""https://www.fdb.cz/osobnost/34765-marcela-nohynkova"">Marcela Nohýnková</a>. Hru připravila Hlavní redakce dramatického vysílání.

KHEKOVÁ, Zuzana. [i]Hořká vůně léta.[/i] Květy. 1982, roč. 32, č. 43 [28. říjen], s. 46 – 47. [upraveno]";;;;;;Pavel Háša;Jana Šulcová, Radoslav Brzobohatý, Radek Žák, Oldřich Kaiser, Pavel Pípal, Tereza Pokorná, Marcela Nohýnková, Josef Somr, Viktor Preiss, Věra Bublíková, Václav Voska;False;;;;tt3671750;;True;False;;;;
62008;Dohazovač;0;;m;1971;74.0;26.0;https://prod-fdb-storage.fra1.cdn.digitaloceanspaces.com/placeholders/General.png;62008-dohazovac;Československo;komedie;Dohazovač;"POZOR, SPOILER

Pan Šťastný je licencovaný zprostředkovatel sňatků. Jednoho dne k němu přichází mladý muž s kyticí. Pan Šťastný jej nejprve obere o dvacet korun a pak teprve si mladíka zapisuje. Je to účetní bez místa Jiří Kalhous. Dohazovač mu tedy nabízí dámy, ale on stále nějak nadšeně nereaguje. Evidentně chce něco říci, ale dohazovač jej nepustí ke slovu. Pak už se pan Šťastný začne mírně vztekat. 	

Jiří konečně vyjádří své přání, dohazovač je z toho úplně mimo a Jiřího vyhazuje. Jenže, on se vrací zpět…";;;;;;Karel Pokorný;František Filipovský, Jiří Hrzán;False;;;;;;True;False;/file/87632/dohazovacka-the-matchmaker-2023-arabic-1080p-webrip-x264-vxt-cz-titulky.html/;/dohazovac-cz-dabing/61058bf4d14a2;;
30210;Zrcadlení;0;;m;1965;80.0;32.0;https://prod-fdb-storage.fra1.cdn.digitaloceanspaces.com/placeholders/General.png;30210-zrcadleni;Československo;dokument / etuda;;Oceňovaný dokument Evalda Schorma a Jana Špáty Zrcadlení je uměleckou výpovědí o životě a smrti, v níž syrové záběry z nemocnice a úvahy pacientů, lékařů a sester vyvolávají podněty k zamyšlení nad smyslem života a jeho hodnotami. Náladu snímku podtrhují hudba Jana Klusáka, výňatky z klasické symfonické hudby a zejména záběry podzimní přírody (v prologu a v epilogu se objevují rackové nad hladinou). Natáčelo se v nemocnici na Bulovce a v psychiatrické léčebně v Bohnicích. Název je převzat z citované stejnojmenné básně Vladimíra Holana.;;15.07.1965;;;;Evald Schorm;Jan Kačer, Vladimír Holan, Miloslav Kročil;False;;;;tt0175367;;True;False;/file/31795/zrcadleni-2015-cz-dabing.html/;/zrcadleni-2015-cz-dabing/5a6ea9dd08eb2;;
136366;Zlatovláska;0;;m;1984;80.0;55.0;https://prod-fdb-storage.fra1.cdn.digitaloceanspaces.com/placeholders/General.png;136366-zlatovlaska;Československo;pohádka;Zlatovláska;"Populární lidovou českou pohádku zpracoval básník Josef Kainar v padesátých letech jako veršovanou hru pro loutky o čtyřech obrazech. V osmdesátých letech se lyrické veršované látky chopil Josef Krofta, režisér a umělecký šéf divadla Drak. Kainarův text o cestě Jiříka za zlatovlasou pannou vyložil naprosto nově. V jeho pojetí vynikla temná baladická stránka známého příběhu o lásce a smrti. Představení mělo premiéru v roce 1981 a představovalo ve svém žánru jeden z inscenačních vrcholů českého divadla té doby vůbec. V účelném propojení účinkují na jevišti vedle sebe marionety i herci, dění komentuje voicebandový – antický chór, také použití hudebního a zvukového plánu bylo inovativní, inscenace hýřila nápady s použitím vody a ohně a jiných postupů rozvíjejících dětskou, ale i dospělou fantazii.

Zdroj: ČT";;;;;;Jiří Bělka, Josef Krofta;Jarmila Vlčková, Jiří Vyšohlíd;False;;;;;;False;False;/file/73521/zlatovlaska-1973-pohadka-hudebni-1080p-.html/;;;
70451;Ze života klavírů;0;;m;1981;80.0;10.0;4054jqxx4ccal5aj8ruy.jpeg;70451-ze-zivota-klaviru;Československo;animovaný;Klavíry (prac. název) / A Picture From the Life of Pianos;"Beethovenova skladba Pro Elišku uvádí příběh jedné rodinky klavírů. Bílý, představující maminku, pere a věší prádlo, malý klavírek si pouští veselé mýdlové bublinky. Griegův koncert a moll přivádí na scénu dalšího člena rodiny – otce, který se domů přiřítí jako velké dopravní letadlo. Malý klavírek otce vesele vítá a dostává od něj dárek, barevný míč. Hned si s ním začne hrát a neustále doráží na otce. Ten se proměnil v houpací křeslo a chce si doma po práci v klidu odpočinout. Synáček nenechá tátu na pokoji a stále ho budí z dřímoty. Když se mu to nedaří, hledá si jiné hry. Začne cvičit na kruzích a s činkami. Hraje ping-pong, fotbal. Melodie se mění v Bugatti step Jaroslava Ježka a končí stupnicí z etud Carla Czernyho – Školou zběhlosti. – Dítě vyrostlo a je z něj již pořádný kluk, kterého zajímají už i auta, přestože míč zůstává stále středem jeho zájmu. Symbolizuje hru, i jeho cestu životem. Míč spadne do zahrádky a za hudby Mozartovy sonáty A dur se proměňuje v růžičku a vějíř. Kluk je však nezbeda a začne Mozarta parodovat. Vějíř se změní znovu ve fotbalový míč, který kluka přece jen zajímá nejvíc. Vzápětí jej stihne velká rána – někdo v rodině zemře. Objevuje se velký černý klavír v podobě náhrobního kamene a zní Patetická sonáta Ludwiga van Beethovena. Míč je odkopnut. Chlapec poznává, že život není jenom hra a samá legrace, ale že se v něm musí vyrovnat i s vážnými a smutnými věcmi. Průzračné proměny míče provází mazurka a moll Frederika Chopina. Pro pianko končí dětství... Život však jde dál a je proměnlivý. Za zvuku Rašení jara od Sindinga se objevuje zasněžená krajina. Sníh taje, ze země vyrůstají květiny. Lidové ornamenty se objevují na malované truhle s jadrným hudebním doprovodem Smetanova Furianta. Je to také vzdor malého pianka, které se dává do tance a zbavuje se sklíčenosti a beznaděje. Krajinou jede vlak a z komínu se kouří noty. Nad vlakem poletuje mladé pianko, které se již vzpamatovalo ze své životní rány. Přiletí motýlek a klavírek je jím okouzlen. Dávají se spolu do hry, vesele skotačí jako rybky, proměňují se ve dva ptáčky a svými zobáčky se spojují v polibku. Jejich hra je doprovázena Lisztovým Snem lásky a Schubertovým Dostaveníčkem. Životní koloběh se opakuje: je založena nová klavírní rodinka. Bílý klavír je ukryt v podobě automatické pračky, malé elektronické pianko a černý klavír v podobě rakety. Změnila se doba, ale citová náplň, bez ohledu na rozvoj civilizace, zůstává stále stejná... Opět zní Beethovenova skladba Pro Elišku. 

[jabl] Ze života klavírů. Filmový přehled. 1982, č. 2, s. 45 – 46.";;;;;;Jan Mimra;;False;;;0+;;;False;False;;;;
116522;Záhada mezníku MK 204;0;;m;1934;80.0;110.0;4xb5gj645mwyhs1rjchy.jpeg;116522-zahada-mezniku-mk-204;Československo;reklama / kreslený;Záhada mezníku MK 204;;;;;;;Karel Dodal, Irena Dodalová;;False;;;;;;False;False;;;;
22247;Za život radostný;0;;m;1950;80.0;;https://prod-fdb-storage.fra1.cdn.digitaloceanspaces.com/placeholders/General.png;22247-za-zivot-radostny;Československo;dokument;;"Dokumentární film o průběhu II. Kongresu Mezinárodního svazu studentstva, který se konal v srpnu 1950 v Praze. Film zachycuje záběry z cesty Vlaku míru, průběh kongresu i chvíle slavnostní a veselic, kterých se účastnily naše i zahraniční studentské umělecké soubury.

Autor/Zdroj: Bartošková Šárka/Československé filmy";;06.04.1951;;;;Vojtěch Jasný, Karel Kachyňa;Antonie Hegerlíková, Felix le Breux, Jiří Škoda;False;;;;tt0171935;;False;False;;;;
66977;Vyvolení;0;;m;1961;80.0;;https://prod-fdb-storage.fra1.cdn.digitaloceanspaces.com/placeholders/General.png;66977-vyvoleni;Československo;drama;Vyvolení;"Hákové kříže na synagogách v západním Německu byly zjevně pro Angličany <a href=""https://www.fdb.cz/osobnost/291117-john-montgomery"">John Montgomery</a> a <a href=""https://www.fdb.cz/osobnost/291118-peter-elliot-hayes"">Peter Elliot Hayes</a> bezprostředním podnětem k napsání hry VYVOLENÍ, v níž se zamýšlejí nad vývojem části západoněmecké mládeže. Je to zvláštní hra. Není v ní klasický konflikt a představuje spíše jen sled scén, analyzujících názory a psychologii těch mladých západních Němců, kteří za války byli ještě příliš malí, než aby mohli načichnout hnědou propagandou, a přesto jsou dnes ochotni vzít kbelík s barvou, aby dali hákovými kříži najevo přání, že jim zase musí patřit Německo a po něm „celý svět“. Tak sledují autoři vývoj osmnáctiletého Kurta Müllera, na počátku příběhu nesmělého „slušného“ Němce, na konci zfanatizovaného, hysterického mladého „nácka“. Co ho zavedlo do nacistického podzemí, s nímž bonnská demokracie nechce mít údajně pranic společného? To, co v něm utvrzuje legální propaganda této západoněmecké demokracie, odpovídají autoři. Například přesvědčení, že Němci už zapomněli na minulou válku, ale druzí neprávem ne. Že válka byla ze strany Německa vedena čestně a poctivě, že dnes se už jen v Německu najde pravá národní hrdost a národní cíl, že povinností dobrého Němce je bojovat za obnovu „velikosti Německa“ za likvidaci NDR, proti komunismu. Právě proto, že toto vše měl Kurt v krvi, se mohl stát snadnou kořistí demagogie vůdce místní skupiny Německé nacionální mládeže. Zbytek vykonala velkohubá slova, vzpomínky na zaniklou velikost, posvátné obřady nacistického hnutí. Svým dílem pomohla i plavovlasá Eva, oddaně se oddávající svým soukmenovcům a přispívající tímto osobitým způsobem k rozvoji hnutí. V atmosféře tajných schůzí, velkoněmecké hysterie a amorálního cynismu Kurt rychle „uzrál“ a stal by se jistě platným členem hnutí, kdyby nebyl chtěl ve své snaživosti vykonat víc, než mu bylo uloženo rozkazem.

Právě pro vysledování těchto souvislostí mezi dnešním režimem a nacistickým podzemním hnutím v západním Německu je hra o Vyvolených velmi cenná. Dovede ostatně v závěru i velmi přesně říci, v čem se liší ti, kdo oddaně přísahají na staré nacistické fangle, od těch, kdo dnes mají v NSR moc. Na otázku zatčeného Kurta, zda komisař, který ho vyslýchá, nechce totéž co on, se mu dostává lapidární odpovědi: Chci. Jenže se na to musí jinak… Montgomeryho a Hayesova hra dramatizuje v sledu většinou přesně pointovaných scén fakta, obrací se především k rozumu diváka s cílem vzbudit v něm kritický postoj k tomu, co se děje v západním Německu. Tak ji také pojala spolehlivá televizní režie <a href=""https://www.fdb.cz/osobnost/16694-jan-matejovsky"">Jan Matějovský</a>, podepřená většinou dobrými hereckými výkony (<a href=""https://www.fdb.cz/osobnost/714-eduard-cupak"">Eduard Cupák</a>, <a href=""https://www.fdb.cz/osobnost/354-jirina-bohdalova"">Jiřina Bohdalová</a>, <a href=""https://www.fdb.cz/osobnost/13728-milan-mach"">Milan Mach</a>). A v tomto smyslu vykonala hra i u nás, přestože nepatří k dílům uměleckého nadprůměru, své užitečné dílo.

[mfa] [i]Stíny hákového kříže[/i]. Rudé právo. 1962, roč. 42, č. 89 [31. březen], s. 4. [upraveno]";;;;;;Jan Matějovský;Eduard Cupák, Václav Voska, Petr Čepek, Josef Langmiler, Jiřina Bohdalová, Milan Mach, Jarmila Smejkalová, Vít Olmer, František Holar, Jarmila Orlová, Jiří Vršťala, Jaroslav Cmíral, Václav Mareš, František Němec, Ladislav Křiváček, Jiří Havel, Miroslav Nohýnek, Michael Junášek;False;;;;;;False;False;;/vyvoleni-s01e04-czdab/66ebaeded6c91;;
102715;Vojak a  bratove slzy;0;;m;1980;80.0;76.0;p9bbipvagrlb36nif3qh.jpeg;102715-vojak-a-bratove-slzy;Československo;pohádka;Vojak a  bratove slzy;"Pôvodná televízna rozprávka o zlej Horane, ktorá premení dievčine Helene srdce na kameň.
	
Zdroj: RTVS";;;;;;Jozef Pálka;Bronislav Križan, Zdena Grúberová, Sylva Turbová, Juraj Ďurdiak, Judita Ďurdiaková, František Desset, Oldo Hlaváček, Anton Mrvečka, Vladimír Kostovič, Samuel Adamčík, Elena Rampáková, Eva Večerová, Jana Nagyová, Anton Korenči, František Hudek, Eliška Müllerová;False;;;0+;;;False;False;;;;
20769;Vězeň na Bezdězi;0;;m;1932;80.0;2300.0;https://prod-fdb-storage.fra1.cdn.digitaloceanspaces.com/placeholders/General.png;20769-vezen-na-bezdezi;Československo;historický;Vězeň na Bezdězi;"Prřipomeňme si pár řádky film, který upadl do úplného zapomnění. Ano, byl to ""Vězeň na Bezdězi"", který by mohl dostat žertovné motto asi v tomto znění: ""Zas v okně zadumán, zas touží v dáli, zmučený genius českého filmu?"" Oh, nedivte se mu - vždyť viděl ""Vězně na Bezdězi"", český historický film Dafafilmu, který vzešel z produkce Karla Špeliny. Za námět mu posloužil zajímavý úsek českých dějin, bohužel zpracovaný se značnou úsporou vkusu a důmyslnosti. 

Historické portréty Přemysla Otakara II., kralevice Václava, Oty Braniborského, královny Kunhuty, Dětřicha Špačka z Kostelce a mnohých jiných byly naprosto nezdařilé a nebýt ve filmu kostýmní důslednosti, působily by dokonce i nezdvořile komicky. Kralevice Václava představovala <a href=""https://www.fdb.cz/osobnost/18150-milinka-czivisova"">Milinka Czivišová</a>, která pro tuto chlapeckou roli nemohla popřít svůj dívčí zjev. 

J. W. Speerger si hrál na vyzrálého mima, zůstával však na úrovni, jejíž měřítko by se muselo horko těžko hledat kdesi ve vzdálených počátcích filmového herectví vůbec. ještě hůře to bylo s ostatními herci (V. Ch. Vladimirov, Jiří Hron, Karel Schleichert, Petr Roščin, Pavel Aleksejev, Ada Pellová- Czivišová, Nataša Javorská) všechna tato jména, která něco říkají jen skutečným filmovým nadšencům, narazila na úskali ochotnické divadelnosti, při čemž se jejich výkony vymykají z možnosti detailní klasifikace. Pokud jde o Theodora Pištěka, věnoval své neveliké úloze tolik pozornosti, že zachránil většinu scén, v nichž byl zaměstnán sice násilnou,ale úspěšnou groteskností. 

Veškere jmenované neúspěchy lze s přesvědčením hodit na triko pochybné režie V. Ch. Vladimirova, který zřejmě naprosto nerozuměl danému tématu a ani filmovému řemeslu (o umění se tu nelze zmínit ani šeptem) což rozhodně nebylo na prospěch jak ideově, tak i technické stránce tohoto filmu. O architektonické úpravě interiérů a volbe exteriérů je lépe nemluvit (arch. odborníci nejsou nikde uvedeni) A přece měl tento slabý a neumělý film jeden pěkný klad, který však nemohl vyvážit všechny ty chyby. Byla to kamera. Ano, kamera Jana Stalicha, která byla nejen dobrá po technické stránce, ale i snaživá, pokud šlo o záběry. Film byl totiž natočen němý - práce se tím značně usnadnila, ale výsledek i přes to pramalý - a teprve pak byl dodatečně hudebně synchronizován. 

Bylo použito našeho českého Nečáskova systému v Kolářově modřanské továrně. Jinak zůstával tento film němý. Hovory zde byly nahrazeny hojnými titulky, pravzláštní literární jakosti a bez jakékoliv filmovosti.Ponámka autora: Ale o tom všem se my již na vlastní oči přesvědčit nemůžeme, neboť film je považován za ztracený, což je samozřejmě škoda, protože my, co se považujeme za filmové ""fanatiky"" starší československé kinematografie, jsme lidé obzlášť, co se týká umělecké hodnoty těchto dávných filmových pozdravů, ve svém nadšení velice  smířliví a shovívaví.";;01.07.1932;;;;V. Ch. Vladimírov;Petr Dmitrijevič Roščin, Pavel Alexejev, V. Ch. Vladimírov, Milinka Czivišová, Theodor Pištěk, Ada Pellová-Czivišová, Jiří Hron, Karel Schleichert, Jan W. Speerger, Nataša Javorská, P. Gorjanskij, Marie Oliaková;False;;;;tt1934466;;True;False;;/090-vezen-na-bezdezi/689dcad0178a1;;
68507;Veselý koncert;0;;m;1935;80.0;4.0;45z5c1qfb1qrnqflob9o.jpeg;68507-vesely-koncert;Československo;reklama / kreslený;"The Merry Concert; Das lustige Konzert";;;;;;;Karel Dodal, Irena Dodalová;;False;;;0+;;;False;False;;;;
91300;Venkovan;0;;m;1984;80.0;;https://prod-fdb-storage.fra1.cdn.digitaloceanspaces.com/placeholders/General.png;91300-venkovan;Československo;drama;Venkovan;"Uplynulý týden na televizní obrazovce byl ve znamení oslav 36. výročí Vítězného února. Z pořadů k tomuto výročí si povšimněme premiéry televizní hry <a href=""https://www.fdb.cz/osobnost/877-jaroslav-dietl"">Jaroslav Dietl</a> VENKOVAN, napsané na motivy stejnojmenného románu národního umělce <a href=""https://www.fdb.cz/osobnost/3614-bohumil-riha"">Bohumil Říha</a>, kterou připravila hlavní redakce dramatického vysílání v Praze na sobotu 25. února. Říhův dvoudílný román, základ zrodu televizního díla, je příběhem zachycujícím několik desítek let lidského života. Autor prošel se svým hlavním hrdinou, dělníkem Chrpou, od předválečné buržoazní republiky přes fašistickou okupaci až po období boje o charakter republiky. Román Venkovan je dílem o prostých lidech, o komunistech a jejich boji za práva pracujících. Národní umělec <a href=""https://www.fdb.cz/osobnost/3614-bohumil-riha"">Bohumil Říha</a> ve svém díle nastavil skutečně realistické zrcadlo postupně se měnícímu venkovanu, který dostával novou tvář. Dokázal postihnout sociální podstatu, třídní a lidské zrání, skutečný přerod. Zobrazil venkov na příběhu života jedné generace, a to bez příkras, pravdivě i s jeho konflikty.

Televizní Venkovan byl ve srovnání s románem spíše jeho dějovým fragmentem, soustředěným v hlavní linii na léto roku 1947, a v retrospektivách se vracel do období předmnichovské republiky a fašistické okupace. Dějová zkratka hry neumožňovala tolik prostoru jako v románu pro postižení vývoje člověka a vytvoření podrobného obrazu prostředí. Zachycený časový úsek byl právě obdobím zrání rozhodujícího střetnutí dělnické třídy s buržoazií, snahy jednotlivých stran začínaly dostávat jasnější rysy dané blížícím se vyvrcholením třídního zápasu. Hlavní děj hry se soustředil do dvou rovin, boje dělníků o práci, proti sílícím snahám o návrat starých poměrů a roviny soukromého života hlavních hrdinů, třídního boje majícího dávné kořeny. Byl to i zápas o přesvědčení a myšlení lidí. Televizní hra Venkovan jako by dala v něčem diváku vzdáleně připomenout Dietlův seriál <a href=""https://www.fdb.cz/serial/36373-nejmladsi-z-rodu-hamru"">Nejmladší z rodu Hamrů</a>. Přes určité ukončení děje se zdálo, že bylo možné ještě sdělit víc z románové předlohy, která v ději vyhraňujících se charakterů dále pokračovala. Zůstala místa ne zcela uzavřená, rozehraná, která se dala ještě více dějově završit. Přesto je nutné ocenit vystižený třídní charakter díla. Jednotlivé postavy zastávaly třídní postoje, zřejmá stanoviska, i přes složitost doby bylo jasné, kdo a na jakých pozicích stojí. Volně zpracovat byť jeden úsek dvoudílného románu do šedesátiminutového dramatického díla není úkolem rozhodně snadným. <a href=""https://www.fdb.cz/osobnost/877-jaroslav-dietl"">Jaroslav Dietl</a> zvládl dějovou zkratku a s přijatelnou mírou autorské licence se vyrovnal s tímto rozsáhlým dílem. Obsazení hlavních rolí <a href=""https://www.fdb.cz/osobnost/293-vilem-besser"">Vilém Besser</a>, <a href=""https://www.fdb.cz/osobnost/2992-jaroslava-obermaierova"">Jaroslava Obermaierová</a>, <a href=""https://www.fdb.cz/osobnost/16149-jarmila-svehlova"">Jarmila Švehlová</a>, <a href=""https://www.fdb.cz/osobnost/2816-jaroslav-moucka"">Jaroslav Moučka</a>, ale i dalšími bylo dobré včetně odvedených hereckých výkonů. Při realizaci přece jen nevyšla snaha tvůrců o omlazení hlavních hrdinů v retrospektivách, ale to nebylo tak podstatné. Režie <a href=""https://www.fdb.cz/osobnost/3877-evzen-sokolovsky"">Evžen Sokolovský</a> si zachovala svůj standard a ze scénáře se snažila vytěžit co nejvíce. 

Televizní hra Venkovan se zařadila mezi díla dobrá. Mohla sice posílit svůj účin, ale i tak dokázala téma zpracovat v souladu s předlohou z třídních pozic. V tom je její význam a přínos, který nemůže oslabit i několik nedostatků. Redakční dramaturgie, v poslední době dost často čerpající z literárního bohatství, měla tentokrát při výběru předlohy i práci s ní šťastnou ruku.

ŠMRHA, Karel. [i]Na okraj obrazovky: Bojovali za svá práva.[/i] Rudé právo. 1984, roč. 64, č. 52 [1. březen], s. 5. [upraveno]";;25.02.1984;;;;Evžen Sokolovský;Vilém Besser, Jaroslava Obermaierová, Čestmír Řanda, Jaroslav Moučka, Josef Bláha, Ota Sklenčka, Svatopluk Beneš, Jarmila Švehlová, Marcel Vašinka;False;;;;;;False;False;;/11-venkovan/68ef10875ffd1;;
82251;Václava Kašpara den pátý;0;;m;1985;80.0;;https://prod-fdb-storage.fra1.cdn.digitaloceanspaces.com/placeholders/General.png;82251-vaclava-kaspara-den-paty;Československo;drama / historický;Václava Kašpara den pátý;"Dramatické pořady obracející se tematicky k významným událostem naší moderní historie a uváděné v rámci oslav jejich výročí jsou trvalou součástí programové skladby televizního vysílání. Velká spotřeba titulů tohoto specifického žánru jistě komplikuje každoročně situaci autorům stojícím před úkolem napsat podobnou hru. Není snadné vytvořit něco zásadně nového. Na rozdíl od dříve frekventovaných monumentalizujících portrétů osobností, které stály dějinným událostem v čele, se v současnosti stále více autorů pokouší o pohled zdola – převládá snaha dramaticky zobrazit, jak tyto události prožívali „řadoví“ lidé. Podobný přístup poskytuje autorům bezpochyby daleko více prostoru pro vlastní tvůrčí vklad. K této v principu objevnější a přínosnější linii patřila i hra scenáristy Jaroslava Homuty a režiséra Antonína Moskalyka VÁCLAVA KAŠPARA DEN PÁTÝ, kterou Československá televize uvedla u příležitosti letošního 38. výročí Vítězného února. 

Homutova a Moskalykova hra představuje v určitém směru vyhraněnou podobu zmíněného trendu. Její děj se odehrává v malé české pohorské vesničce v pěti únorových dnech roku 1948. Na komorně vymezeném půdorysu rozehrává Homuta drobné příběhy několika postav, které mají svým způsobem odrážet dobovou atmosféru zrající politické krize a nadcházejících převratných změn. Hra nabízí divákům kaleidoskopický obrázek ze života, v němž ústřední dramaticky nosný konflikt nahrazují dílčí nedorozumění a naznačená konfrontace názorů, které jsou důsledkem odlišných postojů. Patrně záměrně nedramatickému pojetí, soustředěnému na psychologickou drobnokresbu několika větších, vesměs kladných postav zachycených na pozadí dobové atmosféry, odpovídá i rozdělení partů ve hře. Na rozdíl od kladných nepřekračují záporné postavy představitelů reakčních sil (např. koňský handlíř Burda či statkář Leger) povšechně naznačenou typovou příslušnost. 

Pomyslnou dějovou osu hry tvoří peripetie kolem chystaného sňatku dvojice mladých hrdinů - horníka Tomáše a učitelky Venduly. Vedle soukromých problémů jim jejich úmysl komplikuje i vyostřující se politická situace. Paralelně s příběhem Tomáše a Venduly se odvíjí i několik vedlejších, menších zápletek, spjatých především s postavami jejich dědů – hornického důchodce Václava Kašpara a jeho kamaráda z dětství, hokynáře Ryndy. 

Jaroslav Homuta napsal scénář, v němž prokázal svou schopnost zručně fabulovat. Vybral ze života – ve vhodném společenském vzorku – univerzální typy a zasadil je do koloritu vypjaté doby. Toto zasazení nevede ovšem vždy k pocitu, že postoje oněch „lidiček“ vyrůstají právě ze specifik, určujících charakter oné doby vrcholícího politického boje. 

Některé z přece jen se vyskytujících drobnějších nedostatků předlohy se podařilo zakrýt režiséru Antonínu Moskalykovi při realizaci. Např. citlivě provedená evokace doby do jisté míry potlačila skrytou historickou indiferentnost děje. Hlavní pozornost věnoval Moskalyk práci s hercem. 

Herecky celé hře jednoznačně dominoval národní umělec Ladislav Pešek, který vytvořil postavu Vendulčina dědy, hokynáře Ryndy. Svého malého českého živnostníka, naivního i lidsky moudrého, který nechápe nutnost změn rozumem, ale citem, obohatil o potřebný „třetí“ rozměr a udělal z něj obdivuhodně životnou postavu. Ačkoliv Ladislav Pešek patří k nejstarší herecké generaci, byl jeho výkon takřka vzorovou ukázkou moderního, vnitřně dynamického herectví. 

Partnerem na úrovni byl Peškovi představitel Tomášova dědy Václava Kašpara — zasloužilý umělec Ota Sklenčka. I on si se svou, poněkud plošeji napsanou postavou, poradil skutečně obdivuhodným způsobem. (Jednostranné obsazování Oty Sklenčky do rolí moudrých spravedlivých starců by ovšem zasloužilo konečně změnu.) V konkurenci interpretačního mistrovství starších herců se neztratili ani oba představitelé mladého páru - Jan Hrušínský a Zlata Adamovská. Zvlášť potěšitelné (a překvapivé) je toto poznání v případě Adamovské. Režisér Moskalyk ji dovedl k výkonu, který naznačil, že má na víc než pouze „figurovat“ před kamerou Z ostatních herců se zmiňme ještě alespoň o nedávno zesnulém Vilému Besserovi, tradičně výrazově přesném v jedné ze svých posledních televizních postav – chlapeckém předáku Bauchovi. 

Hra Václava Kašpara den pátý představovala i přes určité výhrady solidní průměr televizní dramatické produkce, což u titulů tohoto žánru není ani zdaleka pravidlem. 

SVAČINA, Jan. Václava Kašpara den pátý. Scéna. 1986, roč. 11, č. 7, s. 5.";;;;;;Antonín Moskalyk;Ota Sklenčka, Ladislav Pešek, Jan Hrušínský, Zlata Adamovská, Vilém Besser, Eva Jiroušková, Miroslav Středa;False;;;;;;True;False;;;;
62395;Titul pro hrdinu;0;;m;1975;80.0;;b39t5j7s1gpap65k17jt.jpeg;62395-titul-pro-hrdinu;Československo;drama / životopisný;Titul pro hrdinu;"Televizní inscenace <a href=""https://www.fdb.cz/osobnost/322877-jaroslav-klima"">Jaroslav Klíma</a> TITUL PRO HRDINU patří do cyklu her o hrdinech naší doby, který Československá televize připravila k 30. výročí osvobození. Autor v této hře zpracoval některá data a události ze života obyčejného člověka, dělníka Karla Vorla. Neměl nijak lehkou práci – jeho úkolem bylo vybrat ze zdánlivě všedních dnů topenářského dělníka momenty, které charakterizují jeho poctivý vztah k práci a společnosti a zároveň mají potřebné dramatické napětí. Scénář popisuje události kolem let 1948, 1958 a 1968. Na pozadí známých společenských dějů pak dokumentuje lidský a morální profil hlavního hrdiny příběhu. Televizního příběhu ze skutečnosti… Hrdina socialistické práce Karel Vorel se v mládí vyučil zámečníkem. S tímto řemeslem poznal bídu a nezaměstnanost v dobách první republiky. Za okupace pracoval jako montér ústředního topení. Práce se mu zalíbila, a tak zůstal topenařině věrný. Mistrovsky zvládl své druhé řemeslo. Po válce se zcela samozřejmě postavil do čela dělníků, prosazoval jejich požadavky, v únoru 1948 byl předsedou závodní rady, jedním z iniciátorů znárodnění firmy, v níž pracoval. V prvních pětiletkách byl úderníkem, v dalších založil jednu z prvních brigád socialistické práce. Práce se mu stala hlavní náplní života. Dovedl zapálit celý kolektiv. Vorlova parta odevzdávala vždy kvalitní výrobky ve správném termínu. Mnozí z odchovanců „parťáka“ Vorla dnes stojí v čele nejlepších brigád montérů. Za každým vyznamenáním, které Karel Vorel obdržel, jsou léta těžké topenářské práce, léta činorodá, neoddělitelně spjatá s politickou angažovaností. Karel Vorel může být pro dnešní mladé dělníky příkladem obětavosti, nesobeckosti a slapského jednání – příkladem živým a přitažlivým. Právě tuto skutečnost se připravovaná televizní inscenace snaží dokumentovat. Hru Titul pro hrdinu natočil barevně režisér <a href=""https://www.fdb.cz/osobnost/107061-evzen-nemec"">Evžen Němec</a> s kameramanem <a href=""https://www.fdb.cz/osobnost/40683-adolf-navara"">Adolf Navara</a> a herci <a href=""https://www.fdb.cz/osobnost/4140-vaclav-svorc"">Václav Švorc</a>, <a href=""https://www.fdb.cz/osobnost/1584-blazena-holisova"">Blažena Holišová</a>, <a href=""https://www.fdb.cz/osobnost/2760-josef-mixa"">Josef Mixa</a>, <a href=""https://www.fdb.cz/osobnost/1433-frantisek-hanus"">František Hanus</a>, <a href=""https://www.fdb.cz/osobnost/1592-jiri-holy"">Jiří Holý</a>, <a href=""https://www.fdb.cz/osobnost/2867-borivoj-navratil"">Bořivoj Navrátil</a>, <a href=""https://www.fdb.cz/osobnost/3611-zdenek-rehor"">Zdeněk Řehoř</a>, <a href=""https://www.fdb.cz/osobnost/2496-hana-maciuchova"">Hana Maciuchová</a> a dalšími.

[kop]. [i]Titul pro hrdinu[/i]. Květy. 1975, č. 16, roč. 25, s. 46 – 47. [upraveno]";;30.04.1975;;;;Evžen Němec;Václav Švorc, Blažena Holišová, Josef Mixa, František Hanus, Jiří Holý, Bořivoj Navrátil, Zdeněk Řehoř, Hana Maciuchová, Jan Skopeček, Gabriela Wilhelmová;False;;;;;;False;False;;;;
119434;Ten soudruh ze skláren;0;;m;1960;80.0;9.0;fzunujppz9anrsahqfcc.jpeg;119434-ten-soudruh-ze-sklaren;Československo;dokument;;"Zdánlivě běžný den foukače Jardy Miky ze sázavských skláren má být důkazem, kolik různorodé práce pro kolektiv zvládne obětavý jedinec. Budovatelský stereotyp hrdiny z lidu neminul na počátku 60. let ani jeden z prvních dokumentárních snímků režiséra Václava Táborského.

Jarda Mika je i filmovým amatérem, na osmičku natáčí kamarády z fotbalového družstva. Filmování je však jednou z jeho mála slabin – nepodaří se mu zachytit ani jeden z gólů.
MFDF Jihlava 2013";;;;;;Václav Táborský;František Macháček, Otto Budín;False;;;;;;False;False;;;;
66255;Stromček;0;;m;1966;80.0;7.0;https://prod-fdb-storage.fra1.cdn.digitaloceanspaces.com/placeholders/General.png;66255-stromcek;Československo;parodie / kreslený;Stromček;"Na muší nožce stál vysoký hrad. Na samém jeho vršku pan král právě pojídal rybu. Pojídal ji tak důkladně, že mu z ní zůstala jen kostra. Přemýšlel, k čemu by se mohl kostrou inspirovat. Napadlo ho zasadit ji jako strom. Na místo, kde se měla konat slavnost zasazení stromu, se sešlo mnoho lidí. Hlavní osoba – muž v černém – přijel na poslední chvíli ve velkém „bouráku“, dal stromek zasadit, pak ho zalil a pronesl plamenný proslov. Davy šílely. V novinách se objevily na prvních stránkách rozsáhlé zprávy. Umění, móda a všechno bylo inspirováno stromkem. Každý chtěl mít alespoň jeho obrys. Za nějaký čas pojídal král ve vysokém hradě na muří nožce opět rybu. Tentokrát se však stala nehoda. Spolkl kost a lékař mu ji musel vytáhnout. Jaký však byl poprask, když se místo celé kostry objevila pouze jedna malá kostička. Všechno bylo ihned zničeno. Zasazený stromek i všechno, co se mu podobalo.

[??] Stromček. Filmový přehled. 1967, č. 25 – 26, nestránkováno.";;;;;;Viktor Kubal;;False;;;0+;;;False;False;/file/48797/svadba-pod-stromcek-2022-sk-dabing-hd-1080p.html/;/stromcek-zelani-2012-skdab/631518887c56d;;
74622;Soud;0;;m;1967;80.0;4.0;https://prod-fdb-storage.fra1.cdn.digitaloceanspaces.com/placeholders/General.png;74622-soud;Československo;osvětový / kreslený;Soud;"Na obloze mezi mráčky se pohybují tři andělíčci. Vedle nich je malé batole. Andělíčci se unuděně koukají, zívají. Nejstarší andělíček začíná vyprávět příběh: před rokem, tam dole na zemi to byla legrace… Místo krajek se objeví na andělíčkovi klukovské šaty a nebe se změní v prostředí domova s „fotelem“ a televizí. Rodiče se dívají na obrazovku a kouří. Hoch tajně vezme z kuřáckého stolku cigaretu a raketově zmizí. Zaleze na půdu, kde si lehne na staré „kanape“ a kouří. Otec a matka stále utkvěle pozorují televizi. Chlapec si dal příliš velkého šluka, štytnul, v kanapi prasklo pero, hoch vyletěl do výše a cigareta spadla na hromadu starých novin. Plamínek se šíří, přes celý obraz spatříme oheň. – Druhý andělíček začne vyprávět ještě větší „legraci“. Vidíme ho v indiánském úboru, jak se prohání s ostatními rozkvetlou loukou. Divoce tančí s hořícími klacky. Dospělí je pozorují se smíchem. Hoši proběhnou do nezajištěných vrat stodoly. Dospělí se zatím baví u piva. Střechou stodoly vyrazí dým. Oheň se šíří. A teď je se svým vyprávěním na řadě andělíček-holčička. Dívenka se prochází po návsi, má ruce za zády. Pak je odkryje a drží v nich velké zápalky a svíčku. Maminka se zatím baví se sousedkou. Holčičce se podařilo projít za jejími zády – a už je v kůlně. Stoupá po dřevěných schůdkách, škrtne a zapálí svíčku. Na tmavém pozadí se objeví kočka s roztomilými koťaty. Svíčka hoří, od svíčky vzplane seno. Batole nejdříve něco „zabrblá“, je to podobné slovu máma. Pak spatříme batole v postýlce. Vedle jsou rozpálená kamna. Rodiče odjíždějí novým autem. Maminka v poslední chvíli dala dítěti do ruky celuloidové chrastítko. Batole je samo; vztekle odhodí hračku na rozžhavená kamna. Chrastítko vzplane. – Ze čtyř andělíčků jsou čtyři soudcové v talárech. Jménem dětí soudí a odviňují dospělé. Andělíčků v talárech přibývá. Za pouhých pět let zavinila nedbalost rodičů smrt 178 dětí. 

[MU] Soud. Filmový přehled. 1968, č. 19, nestránkováno.";;;;;;Zdeněk Smetana;;False;;;0+;;;False;False;/file/60123/to-se-vysvetli-soudruzi-s01e07-balada-pro-kozlopira.html/;/soud-pana-havleny-1967-czdab/6094627cbf0c0;13836-1--Krkavci-soud;
92024;Solúnski bratia;0;;m;1989;80.0;142.0;b9ntwi44mhx9ll47mxvo.jpeg;92024-solunski-bratia;Československo;historický;;"1. Konštantín

Prvá časť dvojdielnej televíznej inscenácie o zakladateľoch staroslovienskeho písomníctva vo Veľkomoravskej ríši. Zachytáva neveľké, no vzrušujúce obdobie trojročného pôsobenia (867-870) Konštantína a Metoda na území Veľkej Moravy. Uplatnili tu Konštantínom vytvorenú novú abecedu, preložili do staroslovienčiny základné liturgické diela, založili školy a vyučili mnohých učeníkov. V Byzancii mali presadiť Rastislavovu myšlienku samostatnej, na Franskej ríši nezávislej cirkevnej organizácie. Ich zámer prekazí nečakaný prevrat na byzantskom tróne. Preto sa po krátkom váhaní a Rastislavovom súhlase rozhodnú ísť do Ríma, aby sa na pápežskom dvore Hadriána II. pokúsili realizovať svoje úmysly: obhájiť slovenskú abecedu, dosiahnuť schválenie kníh preložených do staroslovienčiny a presadiť Rastislavovu požiadavku samostatnej panónskoslovienskej arcidiecézy. Tu sme svedkami dramatických zápasov týchto mužov, ktorí nezištne obhajujú záujmy Veľkej Moravy, ale v širšom zábere právo každého národa, každého človeka na slobodnú existenciu a rovnoprávnosť, proti oficiálnym protestom i zákerným intrigám predstaviteľov franského kléru, ktorí sa za každú cenu usilovali ich zámery prekaziť.


2. Metod

Záverečná časť dvojdielnej televíznej inscenácie o zakladateľoch staroslovienskeho písomníctva vo Veľkomoravskej ríši. Inscenácia zachytáva neveľké, no vzrušujúce obdobie trojročného pôsobenia (867-870) prvoučiteľov Konštantína a Metoda na území VeľkejMoravy. Uplatnili tu Konštantínom vytvorenú novú abecedu, preložili do staroslovienčiny základné liturgické diela, založili školy a vyučili mnohých učeníkov. V Byzancii mali presadiť Rastislavovu myšlienku samostatnej, na Franskej ríši nezávislej cirkevnej organizácie. Ich zámer prekazí nečakaný prevrat na byzantskom tróne. Preto sa po krátkom váhaní a Rastislavovom súhlase rozhodnú ísť do Ríma, aby sa na pápežskom dvore Hadriána II. pokúsili realizovať svoje úmysly: obhájiť sloviensku abecedu, dosiahnuť schválenie kníh preložených do staroslovienčiny a presadiť Rastislavovu požiadavku samostatnej panónskoslovienskej arcidiecézy. Tu sme svedkami dramatických zápasov týchto mužov, ktorí nezištne obhajujú záujmy Veľkej Moravy, ale v širšom zábere právo každého národa, každého človeka na slobodnú existenciu a rovnoprávnosť, proti oficiálnym protestom i zákerným intrigám predstaviteľov franského kléru, ktorí sa za každú cenu usilovali ich zámery prekaziť.";;;;;;Pavol Haspra;Emil Horváth, Štefan Kvietik, Andrej Mojžiš, Jozef Vajda, Juraj Slezáček, Dušan Tarageľ, Ivan Letko, Andrej Hryc, František Kovár, Leopold Haverl, Elo Romančík, Natália Hasprová, Eva Rysová, Teodor Piovarči, Ivan Romančík, Marián Slovák, Katarína Orbánová, Peter Rúfus, Ernest Šmálik, Dušan Blaškovič, Rudolf Kraus, Vladimír Durdík, Peter Kočiš, Jozef Šimonovič, Anton Korenči, Marián Gallo, Slávo Drozd, Benjamín Michalský;False;;;;;;False;False;;;;
60747;Slóvce M;0;;m;1964;80.0;8.0;cbs1nsg2493qnk308a8q.jpeg;60747-slovce-m;Československo;animovaný;Slówce M;"Tvorbu Jiřího Brdečky lze rozdělit do dvou poloh. V první jsou snímky satirické ([i]Pozor, Špatně namalovaná slepice[/i]), druhou, snad ještě osobitější, tvoří filmy, v nichž autor pracuje s výtvarným projevem jako dominujícím prvkem, kdy děj je jen osou a dramatičnost je zvýrazněna právě výtvarným přístupem. Patří sem filmy [i]Jak se člověk naučil létat[/i], [i]Do lesíčka na čekanou[/i] a také <a href=""https://www.fdb.cz/film/60747-slovce-m"">Slóvce M</a>. 
Tento slavný film z roku 1964 svým novátorstvím vešel do dějin jak české, tak světové animace. Je to lyrická filmová báseň, inspirovaná českou pozdně gotickou milostnou písní o šťastně naplněné lásce dvou mladých milenců. Podstatnou složkou filmu je právě snově křehké výtvarné pojetí Ludmily Jiřincové.
Ocenění: Hlavní cena v kategorii – Oberhausen 1965";;;;;;Jiří Brdečka;;False;;;;;;False;False;;;;
68985;Rozdělená země;0;;m;1955;80.0;25.0;93y1p9hq5odzqoy7mlv3.jpeg;68985-rozdelena-zeme;Československo;dokument;;"Zastavilo se padání bomb a následky nepřátelských náletů je všude vidět. Leč z jeskyněk a podzemních přístřešků vychází již nový život, je třeba opravit obydlí, i když jen pomocí těch nejjednodušších nástrojů. Pracují děti i starci, vždyť i za války nosili šestiletí střelivo a zprávy, proč by tedy teď nedokázali pionýři postavit most. Čínští konstruktéři pomáhají stavět rybářské lodě, přišli i českoslovenští lékaři a sestry. V Jižní Koreji jsou ale pole opuštěna a američtí páni utlačují lid. Děti se živí žebrotou, lidé bydlí v korytech řek a ženy perou prádlo v morové vodě. O zábavu se starají filmy, které učí vraždit a loupit. (Filmový přehled, NFA)
MFDF 2012";;;;;;Vojtěch Ivan Frič;Antonín Zíb;False;;;;;;True;False;;;;
125795;Putovanie kukučky Kukulienky;0;;m;1987;80.0;29.0;6ma8bs403331hkxd9sb1.jpeg;125795-putovanie-kukucky-kukulienky;Československo;animovaný / dětský / poetický;Putovanie kukučky Kukulienky;"Poeticky ladený animovaný príbeh <a href=""https://www.fdb.cz/osobnost/14908-ivan-renc"">Ivan Renč</a> s komentárom <a href=""https://www.fdb.cz/osobnost/7686-gustav-valach"">Gustáv Valach</a> o putovaní malej kukučky Adelky, hľadajúcej svoju mamu, ktorá sa pokúša vysedieť vajíčko v cudzom hniezde. Lesná ríša zvieratiek a vtákov má svoje prísne zákony. Medzi najzákladnejšie patrí výchova a starostlivosť o mláďatá. Iba kukučka porušuje túto starú praktiku. Pokojne znesie vajíčko do cudzieho hniezda a viac sa o svoje potomstvo nestará. A tak sa milá Adelka vyliahne v hniezde starej sovy…

Zdroj: RTVS";;;;;;Ivan Renč;Gustáv Valach;False;;;0+;;;False;False;;;;
175816;Půl slunce půl stín;0;;m;1979;80.0;;https://prod-fdb-storage.fra1.cdn.digitaloceanspaces.com/placeholders/General.png;175816-pul-slunce-pul-stin;Československo;etuda;Half the Sun Half the Shadow;"V předvečer svátku sv. Rufa v srpnu 1278 přichází tajně do vojenského ležení krále Přemysla Otakara II. šlechtic Záviš z Falkenštejna, který se přidal na stranu Přemyslova odpůrce Rudolfa Habsburského. Záviš nabízí, že vpadne Rudolfovým vojskům do zad. Rád by za to získal milost pro svůj rod - Vítkovce. Uražený panovník mu ale jeho zradu neodpustil. Je ochoten ke smíru jen, když Záviš přejde do jeho tábora veřejně, a se svými muži se zařadí mezi ostatní jednotky. K dohodě proto nedojde. Na druhý den v bitvě na Moravském poli král Přemysl Otakar II. zahyne a jeho vojska prohrají...

Zdroj: NFA";;;;;;Václav Křístek;Jiří Adamíra, Lubomír Kostelka, Petr Nýdrle;False;;;;;;True;False;;;;
35289;První třída;0;;m;1968;80.0;13.0;https://prod-fdb-storage.fra1.cdn.digitaloceanspaces.com/placeholders/General.png;35289-prvni-trida;Československo;příběh;První třída;"Školní inspektor vytýká mladé učitelce spoustu nedostatků, které má její první třída, ale ostatní třídy víceméně chválí. Děti se do školy trousí z chalup rozesetých po celém údolí a je jich tak malý počet, že se všechny učí pohromadě v jedné třídě. Učitelka děti chválí i napomíná, tak jak je hodnotil inspektor. Nešťastnou první třídu představuje jediný žáček Martin. Živý a upřímný chlapec je nešťastný z výtek, takže raději přerušuje učitelku mnoha otázkami a oslovuje ji teto Šindelářová, přestože to má zakázáno. Zdá se, že mu všechno činí potíže - psaní, čtení i počítání. Jedno jarní odpoledne zajde učitelka do chalupy, kde Martin bydlí. S překvapením zjistí, že kluk si hraje na školu a dokáže přednášet básničku, počítat i číst. Učitelka pochopí, že se Martin spíš stydí před staršími spolužáky, kteří se benjamínkovi smějí, a vyzkouší ho druhý den v prázdné třídě.

Zdroj: Filmový přehled / NFA";;;;;;Radim Cvrček;Martin Masner, Jana Vaňková, Miloslav Holub;False;;;0+;;;True;False;/file/78804/xmen05x-menprvni-trida.html/;/x-men-prvni-trida-cz-dabing/5b9f1fc7d1f74;1845-X-Men--Prvni-trida;
27823;Poučení;0;;m;1957;80.0;;https://prod-fdb-storage.fra1.cdn.digitaloceanspaces.com/placeholders/General.png;27823-pouceni;Československo;příběh;;Žena se v natáčkách pohybuje v bytě a poslouchá četbu povídky Boženy Němcové v rozhlase. v pořadu, která následuje poučuje redaktorka, aby ženy o sebe více dbaly  a popisuje, jak by to mělo vypadat. Žena se pak snaží podle poučení, navoní se, učeše, uklidí byt a dokonce navoní postel. Muž přijde z práce a potřebuje se rychle vypravit na schůzi. Manželka je k němu nezvykle milá, laskavá a  snaží se na sebe upoutat pozornost. Mužovi se to moc  nezdá, vadí mu to, duchem je už na schůzi. Když se ho žena snaží udržet doma, muž se rozčílí a na odchodu jí oznámí, že má milenku,.;;;;;;Nosratallah Karimi;Josef Kemr, Růžena Lysenková, Radovan Lukavský;False;;;;tt0996645;;False;False;;/zapisnik-smrti-22-pouceni/678935a495b91;;
77914;Poštovský panáček;0;;m;1974;80.0;32.0;https://prod-fdb-storage.fra1.cdn.digitaloceanspaces.com/placeholders/General.png;77914-postovsky-panacek;Československo;dětský / příběh;Poštovský panáček;"Desetiletý Vilík je jako většina kluků jeho věku okouzlen elektrickými vláčky. Ve městě postává často u výkladní skříně a sní o dni, kdy bude mít takový vláček doma. Jsou prázdniny. Vilík se svými kamarády Mirkem, Ríšou a malým Láďou hledají v lese houby. Na zpáteční cestě se zastaví, aby si opekli na ohýnku vuřty. Vilík počítá své úspory a uvažuje, kdy si bude moci koupit vytouženou lokomotivu. Ríša mezitím prohlíží dalekohledem okolí. Všimne si starého listonoše, pana Dvořáčka, který jede na kole po silnici. Pravě když začnou kluci rozvažovat o těžkostech jeho povolání, stanou se svědky tragická nehody: osobní auto srazí poštovního doručovatele na zem. Kluci se rozběhnou k místu neštěstí. Zraněného pana Dvořáčka auto ihned odvez do nemocnice, ale na místě zůstane rozbité kolo a listonošova brašna. Mirek je přesvědčen, že by měli brašnu odnést na poštovní úřad. Vilik zase soudí, že se tím protáhne doručení zásilek a že by je tudíž měli napřed roznést. Na silnici jede kolem chlapců nákladní auto s vojáky. Mirek a Láďou se snaží máváním auto zastavit, ale vojáci považují jejich mávání za pozdrav. Vilík s Ríšou zatím táhnou brašnu hlouběji do lesa. Vilík náhle dostává z celé záležitosti strach a raději by se vrátil do města. Ríša odporuje a oba chlapci se pouštějí do rvačky o brašnu; ta se rozevře a vypadne z ní hromádka stokorun. Ríša uteče a nechá Vilíka v lese samotného. Vilík posbírá peníze a zamyšleně se loudá lesem nazpět. Pojednou vyloví z brašny jednu stokorunu a uschová ji do dutiny starého stromu. V tom okamžiku chlapce překvapí houbař, jenž jej zřejmě již delší dobu pozoroval. Muž mu brašnu sebere a dá se na útěk. Vilík se rozběhne za kamarády a rozčileně jim vypráví, co se přihodilo. O stokoruně, schované ve stromě, však pomlčí. Kluci se hned pustí za zlodějem. V lese najdou pohozenou brašnu, ale peníze v ní nejsou. Chlapci dostihnou houbaře a znepokojují jej tak dlouho, dokud houbař neodhodí obálku s penězi. Pak kluci rychle běží, aby odevzdali brašnu a peníze na poštovním úřadě a oznámili vše Bezpečnosti. Vedoucí poštovního úřadu brzy zjistí, že peníze nejsou všechny — chybí stokoruna. Je však přesvědčen, že pan Dvořáček, až se zotaví, vše vysvětlí. Všichni chválí chlapce za statečnost a poctivost. — Večer Vilík pospíchá do lesa. Stokorunu ve stromě však už nenajde. Prožije těžkou noc. Druhý den ráno přináší na poštu chybějící stokorunu — své úspory na elektrický vláček. Tvrdí, že bankovku nalezl dodatečně v lese v kapradí. Nechce ani, aby Bezpečnost hledala houbaře. Je totiž přesvědčen, že podruhé by houbař svůj čin neopakoval. Vilík totiž soudí podle sebe, že by mu to svědomí nedovolilo.

[ola]. Poštovský panáček. Filmový přehled. 1975, č. 39 – 40, nestránkováno.";;;;;;Josef Pinkava;Michal Vavruša, Karel Poláček, Václav Lohniský, Vladimír Brabec, Oldřich Velen, Drahomíra Hofmanová;False;;;0+;;;True;False;;/hybanky-17-dil-postovsky-panacek/9d620b83ab3cd758;;
27822;Postel o 5 HP aneb Probuzení na ulici;0;;m;1948;80.0;8.0;https://prod-fdb-storage.fra1.cdn.digitaloceanspaces.com/placeholders/General.png;27822-postel-o-5-hp-aneb-probuzeni-na-ulici;Československo;groteska / reklama;The Bed with 5 HP;"Automobilista se ubytuje v hotelu. Před spánkem si pro jistotu přiváže automobil zaparkovaný pod oknem pokoje k posteli. Ráno dvojice zlodějů vůz ukradne a postel i s mužem táhne za sebou… Krátkometrážní reklamní groteska na téma „úžasné nové pneumatiky Barum Superb“.
Zlín film fest 2016";;;;;;Emanuel Kaněra;Anna Melíšková, Jiří Adamíra, Ota Varský;False;;;;;;True;False;;;;
113842;O psíčkovi a mačičke;0;;m;1992;80.0;90.0;https://prod-fdb-storage.fra1.cdn.digitaloceanspaces.com/placeholders/General.png;113842-o-psickovi-a-macicke;Československo;komedie / drama;O psíčkovi a mačičke;"Televízna inscenácia O psíčkovi a mačičke je akoby parafrázou na známu Čapkovu rozprávku. Tragikomická životná bilancia dvojice starých manželov, ktorí sú zavretí do sveta malého bytu, pripútaní k sebe spoločnou minulosťou.

Zdroj: RTVS";;;;;;Ondrej Šulaj;Jozef Kroner, Magda Paveleková, Milan Lasica;False;;;7+;tt0209199;;False;False;/file/52477/o-psickovi-a-macicke-1992-sk-tvrip.html/;/o-psickovi-a-macicke-1992-skdab/614231b3ac668;;
93973;Někdo zvoní;0;;m;1972;80.0;;https://prod-fdb-storage.fra1.cdn.digitaloceanspaces.com/placeholders/General.png;93973-nekdo-zvoni;Československo;komedie;Někdo zvoní;"Televizní záznam představení divadelní hry francouzského dramatika, scénáristy a režiséra <a href=""https://www.fdb.cz/osobnost/218132-francois-campaux"">François Campaux</a> (1906-1983) v nastudování souboru Realistického divadla v Praze (dnešní Švandovo divadlo).

Komediální vyprávění o starostech, které má pan René (<a href=""https://www.fdb.cz/osobnost/887-zdenek-dite"">Zdeněk Dítě</a>) se svými dvěma dospělými dětmi (<a href=""https://www.fdb.cz/osobnost/2704-ruzena-merunkova"">Růžena Merunková</a> a <a href=""https://www.fdb.cz/osobnost/2963-jiri-novotny"">Jiří Novotný</a>).";;;;;;František Laurin;Zdeněk Dítě, Jiří Novotný, Růžena Merunková;False;;;;;;True;False;;/nekdo-zvoni-1991-czdab/60e0ec1f4e5d5;;
27794;Nejšťastnější člověk na světě;0;;m;1953;80.0;;https://prod-fdb-storage.fra1.cdn.digitaloceanspaces.com/placeholders/General.png;27794-nejstastnejsi-clovek-na-svete;Československo;příběh;;Dlouhodobě nezaměstnaný mladý muž  jménem Tom jede přes celé území USA, aby požádal svého švagra o místo. Jde o místo řidiče nákladního vozu převážející nitroglycerín a Tom jej o toto místo žádá. Švagr to odmítne, protože je to značně riskantní. Tom mu popisuje, v  jaké bídě žije švagrova sestra, tak mu tu práci dá. Posmutnělý švagr se loučí s Tomem, který odchází a považuje se za nejšťastnějšího  muž na světě.;;;;;;Vladimír Kressl;Jiří Dohnal, Jiří Sovák, Felix le Breux;False;;;;;;False;False;;;;
92136;Najkrajšia loď;0;;m;1987;85.0;54.0;k8uf5w560pd4mjjk5np1.jpeg;92136-najkrajsia-lod;Československo;animovaný;Najkrajšia loď;"Dlhometrážny animovaný film pre deti o putovaní chlapcov Ocka a Uška na sútaž o najkrajšiu loď. Dvaja odvážni chlapci sa rozhodnú, že sa zúcastnia sútaže o najkrajšiu loď. Sami si ju postavia, napriek všetkým peripetiám sa vydajú na pút do prístavu, kde sa zhromaždujú lode od výmyslu sveta. Chlapcom potom pomôže náhoda, ako to v rozprávkách býva a sútaž vyhrajú.
Archiv STV";;;;;;Milan Horvatovič;Dušan Tarageľ;False;;;;;;False;False;;;;
127719;Mezi námi Indiány;0;;m;1969;80.0;23.0;https://prod-fdb-storage.fra1.cdn.digitaloceanspaces.com/placeholders/General.png;127719-mezi-nami-indiany;Kanada / Československo;rodinný / dokument;Mezi námi Indiány;"Český barevný film o životě Indiánů v dnešní Kanadě. Snímek je spojen dokumentárními záběry z poslední cesty Rudolfa Krejčíka do Kanady (dlouhý film <a href=""https://www.fdb.cz/film/22748-indianske-leto"">Indiánské léto</a>) a s hranými dotáčkami z výstavy  pražském Náprstkově muzeu.

Zdroj: -grat- Filmový přehled č. 34 z 19.9.1969";;09.07.1969;;;;Rudolf Krejčík;Josef Hlinomaz, Vladimír Zátka, Roman Černý, Felix le Breux;False;;;;;;True;False;;;;
27782;Linka 515 - 42;0;;m;1958;80.0;;https://prod-fdb-storage.fra1.cdn.digitaloceanspaces.com/placeholders/General.png;27782-linka-515-42;Československo;etuda;;"Do mladé ženy se zamiluje student, který ji vídá v okně protějšího domu. Volá jí telefonem a recituje jí básně. Žena si myslí, že jedná s mužem a je na něj zvědavá, proto jej pozve jednoho večera. Chlapec jde k ženě a nese květiny. Když žena vidí po otevření dveří chlapce, je jí to divné, chlapec začíná být nejistý a nakonec řekne, že jej poslal za sebe kamarád, a rychle zmizí.


Erkul";;;;;;Otakar Fuka;Helena Loubalová, Jiří Štíbr, Marie Marešová, Gustav Nezval;False;;;;;;False;False;;;;
112738;Liják;0;;m;1957;80.0;;https://prod-fdb-storage.fra1.cdn.digitaloceanspaces.com/placeholders/General.png;112738-lijak;Československo;komedie;Liják;"U Stojana Mariče docela přátelsky přenocovala žena jeho přítele, ukrývající se před lijákem. To vyvolalo druhý den hromy a blesky na Stojanovu hlavu. Ale celá situace vzala naprostý obrat, když se ukázalo, že ti, kdo Stojana nejvíc očerňovali, totiž jeho žena a jeho přítel, sami využili lijáku jako záminky k tomu, aby si zahřešili. To je obsah Petrovičovy veselohry. Hlubší společenský pohled v ní nenajdeme; omezuje se na rozehrání cizoložného motivu, ale ten nazírá neustále pod jedním a týmž zorným úhlem. Tedy záležitost téměř výhradně jen zábavná, ale vkusná a svěží. Režisér <a href=""https://www.fdb.cz/osobnost/13179-jiri-krejcik"">Jiří Krejčík</a> nezapře filmaře ani v televizní inscenaci. Má samozřejmě schopnost nazírat kamerou. Televizní záběr cítí téměř filmově, a tedy jsou mu cizí zdlouhavé, informativní celkové záběry skupin. Užívá jich jen v nejnutnějším případě, rozbíjí je střihem v řadu polodetailních kompozic, často rytmicky reagujících přímo na střídání dialogů. Tak z konversační veselohry, jako je LIJÁK, vytěžil obrazově zajímavé a spádné momenty, ve kterých mohl výrazně detailem akcentovat mimické reakce. Dvě věci však mu bránily v tom, aby tento režijní přístup vyzněl naplno.

Jednou z nich je nedostatek hloubky a vnitřní gradace dramatického napětí samotné hry. Při zajímavosti a živosti dialogů Liják zůstává v podstatě anekdotou, v níž jsou dány ani ne tak charaktery postav, jako spíš jen jejich vnější temperament, navíc ještě u některých postav velmi podobný. Žert, který by naplnil jednoaktovku, nutí k opakování výrazových možností, jestliže je rozveden ve tři akty. Žádný z hereckých představitelů (i když jejich výkony byly vkusné a nikde nerušily) nemohl vyrůst ve figuru skutečně komediální. Ani u tak dobrého herce jako je <a href=""https://www.fdb.cz/osobnost/2083-milos-kopecky"">Miloš Kopecký</a>, nemohlo jít o víc než o výborně provedené řemeslo, které vnějšími prostředky zakrývalo, co nedovedl napsat autor. Blízký přístup kamery k tvářím herců tady jen zdůrazňoval, že například situace s pláčem a nářkem se vlastně opakují jen trochu pozměněny.

Druhou překážkou (ovšem zcela organickou) pro <a href=""https://www.fdb.cz/osobnost/13179-jiri-krejcik"">Jiří Krejčík</a> režijní styl je malá pohyblivost televizních kamer. I když co do pestrosti záběrů a „všudypřítomnosti“ kamery udělal, co bylo možné, nemohl se vyhnout (právě kvůli rychlému spádu střihu) častému opakování stejných záběrů, takže dojem pestrosti se tím částečně anuloval. <a href=""https://www.fdb.cz/osobnost/13179-jiri-krejcik"">Jiří Krejčík</a> režie však je v televizní inscenaci něčím podnětným, už pro pečlivou práci s hercem a pro svou snahu o svižnost, rytmus, spád, překvapivost. A krom toho i pro technickou čistotu realizace (až na zvuk, ten zde nechal čtvrtinu dialogů propadnout do ztracena).

ZELENKA, Otto. [i]Liják.[/i] Kultura. 1957, roč. 1, č. 32, s. 4. [upraveno]";;02.08.1957;;;;Jiří Krejčík;Miloš Kopecký, Nataša Gollová, Karel Pavlík, Božena Obrová, Světla Amortová, Soňa Neumannová;False;;;;;;False;False;;;;
101126;Lidoví houslaři;0;;m;1979;80.0;26.0;https://prod-fdb-storage.fra1.cdn.digitaloceanspaces.com/placeholders/General.png;101126-lidovi-houslari;Československo;dokument;Lidoví houslaři;"Housle jsou královnou zpěvu - obsahují všechny tony radosti a bolesti, mají obrovský rozsah od opojení k meditaci, od hluboké vážnosti k lehkosti. Na houslích je všechno krásné a vše co na nich je, má svůj význam.

To, že se lidé rozhodovali pro své houslařství, přispívalo i rozhodnutí k nástrojářskému činu, které vycházelo z emoce k umnému a krásnému tvaru houslí, a v neposlední řadě i to, objevit a vyvolat z nástroje ušlechtilý tón. Ovšem ne každému bylo dáno toto nadání.

Sami si vyrobit housle podomácku, se vždy na dědinách považovalo za projev nadání a umu. Každý výrobek, každé housle, jsou originálem, které i v nejmenších podrobnostech ukazují soulad hudebního instinktu a stoletých studií, desky jsou sklenuty podle přesných výpočtů, výřezy boků mají své půvaby, který se dá  přirovnat k nejspanilejší vlně od prsou ke kyčlím, a jako vrchol jsou považovány průřezy, přirovnávané k nejkrásnějším integrálům. Takový je zázrak zvučícího života, se svými 83 částmi, které jej tvoří.  
Lidoví houslaři nezřídka měnili tvar houslí, ale tón, ten zůstal vždy houslový. Tvary se vesměs odvíjely od domácích potřeb, jako housle tvaru ne podobnému chlebu, takovým se říkalo ochlebky. 

Nejdokonalejším z těchto lidových nástrojů se staly housle zvané skřipky. 
Komikem mezi nimi byl bas, a přece jen byla v tomto nástroji byla ukryta síla vnímání tvaru a hmoty, romantismus ducha, a také historická síla dovednosti člověka.

Houslaři vždy dbali na správný výběr dřeva, podle tradic a mýtu byly vhodné ty stromy, které rostly na tichém a slunečném místě. A naopak, jako nežádoucí byly stromy, do kterých uhodil blesk, stromy, které stály na místech, kterým se lidé vyhýbali, nikdy se nebere osika a lípa, což jsou podle lidového názoru stromy plané a tudíž nezvučné.

Jako zhotovující nástroj se používala sekyrka a motyčka, kterou používali korytáři, jako dokončovací nástroje sloužily  poříz, nůž  a sklo k broušení.
Kolář a lidový houslař Josef Bumbálek má housličky, které nedohotovil, uschovány v šuplíku svého ponku (pracovního stolu - pro Pražáky). Už ani neví proč, ale zřejmě pro dostatek jiné práce, a na housle mu tak nezbyl již čas. Dodnes má pečlivě uloženo a ošetřeno nářadí, se kterým housle vyráběl. 
Houslaři všeobecně jsou stavitelé, jsou architekty a k tomu jsou i dělníky.
(Ukázka houslí ze sbírek muzeí.)

Počet stavitelů lidových houslí je v naši vlasti veliký a sotva naleznete nějaký kout, kde by se nevyskytoval někdo kdo umí housle vyrobit. V minulosti se často chytali výroby houslí hlavně bednáři, mezi nimiž byl i Rudolf Škamrada. 
Nejvýraznějším představitelem lidového hudce byl Štěpán Šopík z Vyškovce u Uherského Brodu, Byl příliš chudý na to, aby si koupil housle a tak si je sám vyráběl. (Filmový pás nám zachytil jeho podobu jako houslaře a jako tanečníka.)

V roce 1960 byl požádán, aby vyrobil troje housle pro muzea ve Strážnici, Brně a Uherském Brodě, jako památky na staré muzikanty, ale tyto housle vznikly již bez jeho osobní potřeby. Protože jeho houslařství bylo pro něj potřebou, tak jako pro ptáky zpěv, nebo voda pro stromy.

Dr. Pavel Kurfirst, ředitel etnografického ústavu muzea v Brně, rozumí skřipkám, dokonce je i sám staví. A protože jsou královnou mezi houslemi, je další část dokumentu věnována jen jim. Dr. Kurfisrt vysvětluje a ukazuje výrobu skřipek. 

Housle – na nich je vše krásné, všechno má svůj význam, proto i bývalý učitel Oto Kunčer postavil jednou své první housle, a poté v dílně ve Frenštátě pod Radhoštěm našly svůj křestní list další housle jim vyrobené. Oto Kunčer se stal mistrem houslařským.";;;;;;Kuba Jureček;;False;;;;;;False;False;;;;
31853;Lásky hra osudná;0;;m;1974;80.0;;gqk6v15meh15fkfdggri.jpeg;31853-lasky-hra-osudna;Československo;;;"První a poslední společné dramatické dílo bratří Čapků.
V roce 1910 vznikla jejich první společná divadelní hra o jednom dějství Lásky hra osudná, vycházející z jednoduché základní situace commedie dell´arte. Televizní inscenace vznikla v Československé televizi v roce 1974 jako přesný přepis původní hry bří Čapků. Výprava a kostýmy byly pozoruhodným dílem Kláry Trnkové, dcery Jiřího Trnky.";;;;;;Miroslava Valová;Jan J. Vágner, Consuela Morávková, Alfred Strejček, Jiří Wimmer, Miroslav Masopust, Jana Andresíková, Jan Vala, Jiří Klem;False;;;;;;False;False;;/lasky-hra-osudna-1974-czdab/6449a42391895;;
157482;Lasica & Satinský a hostia: Soirée;0;;m;1968;80.0;95.0;https://prod-fdb-storage.fra1.cdn.digitaloceanspaces.com/placeholders/General.png;157482-lasica-and-satinsky-a-hostia-soiree;Československo;komedie;Soireé;DVD z edície Slovenská televízna klasika obsahuje televízny záznam prevzatého predstavenia z Divadla na korze z decembra 1968 - Milan Lasica a Július Satinský: Soirée, a televízny záznam programu Ktosi je za dverami z roku 1978. Bonusy ponúkajú textové informácie o predstaveniach a ich tvorcoch. Pri zapnutej komentárovej stope máte možnosť počuť spomienky Milana Lasicu.;;;;;;Peter Mikulík;Zora Kolínska, Milan Lasica, Július Satinský;False;;;;;;False;False;;/lasica-satinsky-a-hostia-soiree-zaznam-predstaveni-z-divadla-na-korze-cssr-1968-1080p/67043cf842cd8;;
68688;Kterak jsem o milého a o očičko přišla;0;;m;1983;80.0;13.0;https://prod-fdb-storage.fra1.cdn.digitaloceanspaces.com/placeholders/General.png;68688-kterak-jsem-o-mileho-a-o-ocicko-prisla;Československo;animovaný / kombinovaný;Očičko (prac. název);"Režisér Martin Hoffmeister natočil kombinovaný snímek (reálné prostředí a animace) o lásce husara a princezny, kteří jsou vyobrazeni na střeleckých terčích pro ostrostřelce.

Do vesnické kovárny přichází ostrostřelci a požadují nové terče pro cvičné střelby. Kovář začne terč malovat a před očima mu začíná ožívat příběh husara a princezny. Husar projíždí kolem růžového stromu, který se snaží vyvrátit lítý kanec. Husar neváhá a kance zabije. Strom mu přislíbí pomoc stejně jako ptáčata, když zažene od jejich hnízda lišku. Princezna se setká s husarem, ale než se stačí milenci obejmout, unese dívku pták Noh. Nabízí princezně bohatství a blahobyt, ale když odmítne, uvězní ji Noh ve stanu na vysoké skále. Husar svede velký boj s Nohem, ale podlehne. Okřídlená ryba přinese snítku z růžového stromu a husara oživí. Husar se připravuje k dalšímu boji, ale netuší, že všem třem hrozí nebezpečí z jiné strany. Přicházejí ostrostřelci připraveni střílet na nové terče.";;;;;;Martin Hoffmeister;Václav Kovařík, Petr Haničinec;False;;;0+;;;True;False;;;;
90857;Krčma Pod zeleným stromom;0;;m;1976;80.0;106.0;83wg1aokiidlun5chv9v.jpeg;90857-krcma-pod-zelenym-stromom;Československo;drama;Krčma Pod zeleným stromom;;;;;;;Pavol Haspra;Gustáv Valach, Karol Machata, Michal Dočolomanský, Soňa Valentová, Štefan Kvietik, Oldo Hlaváček, Alojz Kramár;False;;;;;;False;False;;;;
97821;Košatý strom plný pozorných očí;0;;m;1988;80.0;40.0;https://prod-fdb-storage.fra1.cdn.digitaloceanspaces.com/placeholders/General.png;97821-kosaty-strom-plny-pozornych-oci;Československo;dokument;Košatý strom plný pozorných očí;Doménou televíznej tvorby režiséra Jána Fajnora boli predovšetkým portréty. Pred kameru si pozýval najmä ľudí niečím netypických, vyhranených, s bohatým duchovným rozmerom. Fajnorovi sa darilo vnuknúť svojím snímkam nadčasovú polohu, postuláty portrétovaných platia aj dnes, spoločenské zmeny na nich nezanechali stopu. V roku 1988 sa objektom jeho dokumentu stal český spisovateľ európskeho formátu Bohumil Hrabal. Aj keď sa reč viac menej točí okolo filmu Postřižiny, ktorý je Hrabalovou autobiografiou, jeho myšlienkové reťazce prezrádzajú šírku Hrabalovho rozporuplného sveta. 28. marca 2004 by sa spisovateľ, ktorý tragicky zahynul v roku 1997, dožil deväťdesiat rokov.;;;;;;Ján Fajnor;Bohumil Hrabal, Magda Vášáryová;False;;;0+;;;False;False;;;;
121204;Karel a jeho Vary;0;;m;1964;80.0;46.0;https://prod-fdb-storage.fra1.cdn.digitaloceanspaces.com/placeholders/General.png;121204-karel-a-jeho-vary;Československo;dokument;Karel a jeho Vary;"Po skončení 13. ročníku MFFKV (Mezinárodní filmový festival Karlovy Vary) sešli se v opuštěném letním kině k poslednímu interview ředitel československého filmu Poledňák a populární festivalový reportér Horníček. Vznikla retrospektiva karlovarského mezinárodního filmového festivalu, jehož motto bylo - trvalé přátelství mezi národy. 

Zdroj: Film Europe Media Company";;;;;;Emanuel Kaněra, Jiří Papoušek;Lubomír Lipský, Miroslav Horníček;False;;;;;;True;False;;;;
111295;Kandidát strany;0;;m;1977;80.0;;https://prod-fdb-storage.fra1.cdn.digitaloceanspaces.com/placeholders/General.png;111295-kandidat-strany;Československo;drama;Kandidát strany;"Téma hry sovětského autora Alexandra Krona KANDIDÁT STRANY, kterou pro televizi upravil a v Brně nastudoval <a href=""https://www.fdb.cz/osobnost/39821-otto-haas"">Otto Haas</a>, je jistě závažné a dramaturgie je právem zvolila jako svůj příspěvek k oslavám nadcházejícího 60. výročí Velkého října. Staví do protikladu dva typy lidí – jedince, který je schopen na základě dílčího a vlastně ještě neověřeného úspěchu sobecky postavit svou třeba od počátku vratkou kariéru, a osobnost usilující o co osobně i společensky nejprospěšnější uplatnění svých sil a schopností. Tedy téma, problém, který Velký říjen nastolil jako jeden ze základních principů výstavby socialismu – formování zralé, harmonicky rozvinuté osobnosti socialistického člověka. Způsob, jakým však autoři inscenace toto téma – i předlohu – zpracovali, nepřesvědčil.

Především přepis divadelní hry do podoby televizního dramatu zapůsobil poněkud formalisticky, chtěně a násilně. Jako by ke vzniku osobitého televizního díla bylo zapotřebí divadelní text rozšířit, přerušit jeho časovou posloupnost, zestručnit a doplnit několika metry filmových dotáček. Je k tomu třeba mnohem víc – přinejmenším však odpovídajícího obrazového vyjadřování, úsporného vedení herců a důrazu na jejich vnitřní herecký projev. Tuto polohu inscenace jsme však postrádali. Všechny postavy – až snad na Nikolaje Leonťjeva (<a href=""https://www.fdb.cz/osobnost/11952-miroslav-streda"">Miroslav Středa</a>) a Věru (<a href=""https://www.fdb.cz/osobnost/1320-eva-gorcicova"">Eva Gorčicová</a>) – nezískaly na obraze obrys skutečných, živoucích osobností. Dosáhly rozměru figurek a jejich epizodní charakter navíc podtrhlo skutečně šedé, nevynalézavé vedení herců i jejich jen průměrné výkony. Nejvýrazněji se to projevilo u důležité, klíčové postavy Anatolije Vostrjakova (<a href=""https://www.fdb.cz/osobnost/73308-jaroslav-kankovsky"">Jaroslav Kaňkovský</a>), která byla poznamenána zjevnou, a v televizi tím rušivější, šarží. Postava Kasatkina (<a href=""https://www.fdb.cz/osobnost/1939-josef-karlik"">Josef Karlík</a>) jako by zase přišla z jiného dramatického žánru.

Matení žánrů byl druhý výrazný nedostatek inscenace. První scény po titulcích – vyhlášení a oslava úspěchu dvou mladých novátorů – nesly zjevné stopy stylizace, příklonu ke karikatuře, komedii. Dílo jako celek však mělo ráz vyhraněně společenského dramatu. Byli jsme svědky zrovna názorného příkladu negativního vybočení s formy. Další nedostatek vidíme v tom, že autoři inscenace dramaticky nevyužili ostrého protikladu dvou stěžejních postav hry. Černobílé postavy nemusí vždy znamenat nedostatek díla, ale musí dostat odpovídající prostor k přímému střetnutí, vypjatému konfliktu, který jejich jednoznačnost povýší do obecné významové polohy. V brněnské inscenaci se tak nestalo. Je škoda, že právě toto dílo brněnským televizním tvůrcům nevyšlo. O to větší, že je věnovali nejvýznamnějšímu jubileu tohoto roku, že bylo vlastně prvním dramatickým dílem v naší televizi k této příležitosti. Působilo nepřesvědčivě a nevzrušivě, nedokázalo svou estetickou ani výrazovou složkou zprostředkovat podnětné a závažné myšlenky divadelní hry Alexandra Krona.

HOLÝ, Josef. [i]Nezvládnuté téma.[/i] Rudé právo. 1977, roč. 57, č. 156 [5. červenec], s. 5. [upraveno]";;;;;;Otto Haas;Josef Husník, Ivana Valešová, Dagmar Pistorová, Jiří Dušek, Karel Kabíček, Jaroslav Kaňkovský, Eva Gorčicová, Josef Karlík, Sylvie Nitrová, Miroslav Středa, Ladislav Lakomý, Libuše Billová, Oldřich Vykypěl, Zdena Herfortová;False;;;;;;False;False;;;;
30308;Jiří Šlitr;0;;m;1986;80.0;10.0;https://prod-fdb-storage.fra1.cdn.digitaloceanspaces.com/placeholders/General.png;30308-jiri-slitr;Československo;dokument;Jiří Šlitr;"Portrét <a href=""https://www.fdb.cz/osobnost/4084-jiri-slitr"">Jiří Šlitr</a>. Byl český hudební skladatel, instrumentalista (virtuózní klavírista), zpěvák, herec a výtvarník. Významně ovlivnil českou populární hudbu na jeho scénickou hudební tvorbu navázala řada autorů studiových scén.

Zdroj: Film Europe Media Company";;;;;;Jiří Datel Novotný;Jiří Šlitr, Jiří Datel Novotný, Jitka Molavcová, Jiří Suchý;False;;;;;;True;False;;/recital-jiri-suchy-jiri-slitr-1965/67f93ed97839c27d;;
75497;Jen rozdělat oheň;0;;m;1970;80.0;20.0;douf723dreirgb4go75e.jpeg;75497-jen-rozdelat-ohen;Československo;;Jen rozdělat oheň;"Je více jak padesát stupňů pod nulou,  sněhem a mrazem drcenou krajinou Yukonu se sune unavený muž, odpojil se od party kamarádů, kteří šli jinou cestou, napřed na stará rýžoviště zlata, jemu dali tito muži úkol – měl obhlédnout cestu, po které se na jaře vydají k Yulkonu, úkol má již splněný a nyní se vydává za svými druhy. 

Jde se mu těžce, přetěžce, mráz mu bere sílu a energii, kousek za ním jde v jeho stopách  velký eskymácký pes, kterého si muž vzal sebou na cestu, zvíře upřeně sleduje každý pohyb svého pána, instinktivně cítí, že v tak ohromném mrazu se nemá nic živého vydávat na cestu, protože to může být cesta do chřtánu smrti. Muž pokračuje netečně jako automat krok za krokem dál, za ním jde jeho pes. Zbývá mu ještě deset mil, než se dostane do tábořiště za kamarády, jde po staré zaváté cestě podle zamrzlé říčky, muž ví, že místy se pod ledovým krunýřem skrývá past v podobě  proudící vody, dává si pozor, aby na takové místo nestoupl. 

Přes všechnu snahu se mu to nedaří a on se po kolena zabořuje do studené vody, ihned se drápe nahoru a běží ke břehu rozdělat oheň. Začíná boj o čas a boj o holý život,  nohy se začínají proměňovat v kusy ledu, podaří se muži rozdělat oheň?";;;;;;Vladimír Sís;Waldemar Matuška;False;;;;;;True;False;;;;
142049;Jen čtvrt hodinky?;0;;m;1956;80.0;15.0;https://prod-fdb-storage.fra1.cdn.digitaloceanspaces.com/placeholders/General.png;142049-jen-ctvrt-hodinky;Československo;dokument;Only 15 Minutes;V rádiu hlásí zprávy o počasí. Alenka Vosáhlová se chystá na túru. Matka by klidně šla s ní a tatínek? Hm, tatínek, ten leží na gauči a slastně pochrupkává. Filmovým trikem se však vydá po krásách naší vlasti. Navštíví trampy u řeky, galerii, hrad i skály. Zastaví se na lov ryb, vyjede si lanovkou a kouká po Praze dalekohledem. Podívá se i sám na sebe…;;;;;;Oldřich Mirad;Jiřina Steimarová, Josef Steigl, Marta Dobříčková, Lubomír Lipský;False;;;;;;False;False;;;;
114704;Jakou barvu má Písek;0;;m;1976;80.0;15.0;2s4aj2t34li5dsz1d9ml.jpeg;114704-jakou-barvu-ma-pisek;Československo;dokument / poetický;Jakou barvu má Písek;"Filmová návštěva ve starém českém městě Písek, která nás zve záběry kameramana do jeho uliček, zákoutí a k starému mostu, a také nám poodhaluje ""duši"" tohoto starodávného města, jeho genius loci. Film je poetickým zamyšlením o městě i o životě jeho obyvatel, které za doprovodu mluveného slova Rudolfa Hrušinského přináší divákovi podivuhodnou návštěvu, svědectví o městě Písku, je zároveň i zamyšlením o liském životě, o tom, jak je život prchavý a překotný a že návrat dospělého člověka na místa dětství, nebývá snadný. 

 Film je současně i příběhem chlapce, který z nerozvážnosti namaluje na stěnu domu obrázek, je za to svým dědou ostře pokárán a na truc odchází z domu do světa. Vrací se potom po létech strávených ve světě, již jako zralý muž a své rodné město mnohdy nepoznává, i jeho maminka se změnila. Čas ve svém nekonečném toku šel pořád dopředu, stejně jako vody Otavy, protékající starodávným městem Pískem.";;;;;;Milan Peer;Rudolf Hrušínský;False;;;;;;True;False;;;;
148387;Jak ten čas utíká;0;;m;1958;80.0;25.0;https://prod-fdb-storage.fra1.cdn.digitaloceanspaces.com/placeholders/General.png;148387-jak-ten-cas-utika;Československo;dokument / střihový;60 let dokumentárního filmu (prac. název);"Nikdo ze současníků se na ni již nepamatuje. Na první kameru na světě - kameru bratrů Lumiérových. Právě ona dala lidem iluzi pohybu a zavedla i obyčejného človíčka z Čech, Moravy a Slovenska do dalekých zemí ... Střihový film jako přehled o historii filmového dokumentarizmu natočený k 60. výročí vzniku čs.kinematografie.

Zdroj: Film Europe Media Company";;;;;;Václav Táborský;Josef Hlinomaz, Heda Čechová, Karel Pech;False;;;0+;;;True;False;;;;
66190;Interhelpo;0;;m;1960;80.0;;https://prod-fdb-storage.fra1.cdn.digitaloceanspaces.com/placeholders/General.png;66190-interhelpo;Československo;dokument;Interhelpo;"Interhelpo bylo průmyslové dělnické družstvo esperantistů a idistů, založené v květnu 1923 v Žilině, na pomoc budování socialismu v sovětském Kyrgyzstánu. V letech 1925 až 1932 odjelo ze železničních stanic Žilina a Brno celkem 1078 osob (407 členů družstva a 671 rodinných příslušníků) ve čtyřech transportech. Družstvo bylo v ČSR registrováno jako „Interhelpo, všeobecné výrobní a spotřebitelské družstvo v Žilině“ se statutem schváleným státními orgány. Na žilinském nádraží je k celé události pamětní deska. 

Interhelpo se také jmenoval jazyk, kterým hovořili členové družstva. Ti věřili, že řečí jejich nové vlasti bude esperanto. Ve skutečnosti se však nakonec jednalo o „spontánní esperanto“, ve kterém se stala základem slova z esperanta, z jazyků družstevníků (česká, slovenská, německá, maďarská, rusínská) a slova kyrgyzská, uzbecká, ruská, ukrajinská, ujgurská, tadžická a tatarská. 

Družstvo vybudovalo celou řadu provozů „na zelené louce“. V kyrgyzských stepích byla postavena a uvedena do provozu tato zařízení: 

1925 – elektrárna 
1927 – textilní továrna 
1928 – tavírna 
továrna na nábytek aj. 
Už roku 1925 bylo Interhelpo oficiálně vyhlášeno jako nejlepší družstvo v Sovětském svazu. V roce 1934 se podílelo v průmyslové výrobě Kyrgyzie celými 20 procenty. 

Interhelpo bylo zlikvidováno v roce 1943. Členové byli perzekvováni a popravováni jako nepřátelé Sovětského svazu. 

Zajímavým faktem je, že známý politik Pražského jara Alexander Dubček byl rovněž účastníkem Interhelpa, společně se svými rodiči. 

Prevzaté z Wikipedia: (http://cs.wikipedia.org/wiki/Interhelpo) 

Zaslal: cicis";;;;;;Ladislav Kudelka;;False;;;0+;;;False;False;;/interhelpo-historie-jedne-iluze-cr-2008-1080p/68e16c3b8885d;;
